51691
888099
421794
290918
559493
334820
248006
238767
765674
939463
878648
772037
403710
514852
86122
410565
145922
599695
686868
576158
821167
719947
620222
506195
224528
211100
748971
248607
142969
578746
618786
144242
654951
246177
63705
766874
408950
20102
724673
209085
547321
886372
797993
985666
277049
761907
492943
717840
302093
144954
408650
970670
520787
200252
356301
567946
231240
326094
944536
185493
87306
209736
535425
845451
922535
801114
461147
974032
974433
81590
161472
275446
80064
668139
427776
420444
876116
119058
565542
593904
446854
195681
410339
433236
279962
146844
377946
160990
223172
433516
215367
663034
989603
603848
186765
5867
890718
540751
535514
194990
965722
366712
918649
51839
328469
467041
804404
6453
116962
878787
401699
492680
37121
810951
999829
922419
740186
796594
363226
96756
353302
990203
548012
810481
815451
141501
980920
691444
561442
388167
369036
843991
230518
178193
638174
518651
408075
22282
766006
663602
211832
921612
838073
38589
285906
99761
454420
739055
974951
364031
273089
294576
498324
336318
226809
990941
898179
19307
894326
78029
179461
761733
917411
203055
151624
606660
370147
922319
69365
13225
582651
375223
485736
798065
713821
785394
244045
921827
722194
433452
495508
429065
687235
637685
90000
855291
21667
972900
223729
637590
455165
27992
906716
466572
713685
935706
725988
637845
393534
572190
406632
529604
9784
860264
888649
726388
685699
758668
277189
78113
371076
197582
547765
453843
123475
15591
715295
58932
480671
505833
961913
290883
822142
583034
57211
168673
919637
825788
420255
900105
662369
694669
657464
207005
415519
520490
690412
411291
878622
72750
621392
281966
756319
440
252831
843553
533350
974507
292501
437678
36640
205264
855086
935925
314928
591702
85174
716744
786648
195769
708173
506659
626176
635519
449145
96505
109158
535327
838568
745705
924195
814973
13824
587279
599190
306512
267621
521911
912047
456037
663303
523437
702170
678396
336868
844400
588997
318480
2913
563077
365968
844469
548033
767079
675856
250265
848255
36060
580032
780780
949838
915362
547270
4380
689515
401032
522461
922937
60187
665050
953763
176632
695430
233909
29569
122707
90032
13048
811186
187597
682768
966747
824690
369940
731279
411737
832965
511935
242718
821449
872162
216118
578996
870027
344250
366768
100387
149085
226024
527895
835926
819277
788662
29897
219497
658441
208329
648760
203621
229586
348843
926641
654167
942991
913011
691642
400075
103742
195283
372307
543402
493445
32766
741791
572333
132135
691188
20701
483965
42706
37547
327694
45801
340757
961499
744123
123587
347374
427494
428815
834648
412353
943331
459359
621257
831397
971782
892363
436042
594649
11309
873212
283575
679252
663881
41485
665806
521146
392679
692422
539917
883882
554202
813315
29097
120948
811975
948211
634856
624680
310157
216828
534427
834698
626063
583804
90108
192033
254879
226731
338080
553198
190920
929564
907096
730042
384312
829986
200490
666249
427848
194575
603431
455018
757546
227416
270889
568560
96750
74580
889707
534907
227313
661539
465029
812399
373602
981419
683778
804039
144690
63934
716640
168642
765080
460568
150691
429115
623614
987076
599062
565590
888075
950173
410079
78230
88654
581746
728638
557132
144004
637763
658274
682603
553030
23656
862120
988406
603410
978769
468848
992154
231475
349864
597214
812632
749008
94547
935082
914394
195599
842517
377829
319399
495460
911188
710345
209970
676282
385013
420667
498317
184252
317283
743007
706043
446144
522607
806168
15202
408656
672913
715099
604767
834903
650637
856622
959348
732389
254641
833859
655197
720223
667195
17899
393280
992902
358871
122809
74434
361762
986565
854836
864438
664650
547033
695095
159792
893395
316316
338153
318136
150035
744016
437717
705434
774992
552017
566629
295002
578698
334487
312832
192389
341346
315352
888253
604451
853286
131402
320642
561225
942330
532422
431678
418507
223204
647304
590527
646030
958963
430675
334576
805435
270285
697010
405363
46735
199700
836441
921303
987471
498741
803817
703734
449177
711117
720146
348078
670870
89207
282323
358650
481932
211190
602525
589612
377168
326332
790357
673033
158488
713685
936504
694273
77423
883955
241434
28873
126785
145558
819719
457239
145302
167895
789578
210041
805276
982802
311372
129939
450588
800046
231699
980787
672719
216011
976684
440978
215690
886470
796068
573034
773268
756203
10800
349934
680536
269752
165740
683115
642550
89546
79808
570105
502259
250279
136031
516317
127249
357671
482729
771391
645882
623359
151857
453762
390422
314155
499992
633797
471292
26680
761112
844406
650372
675435
729117
558734
311483
974609
735309
876780
525808
234020
861609
193234
709483
64727
38475
429686
209405
673023
464911
778374
361139
865118
9358
381116
652772
929996
142342
155289
737578
54212
132693
109952
669549
908744
905764
501298
33498
369394
232097
789922
212403
397337
808420
256181
336833
396060
443379
255640
687204
191438
601057
549629
92811
141822
292497
657843
806718
690721
157400
106400
461080
286750
1344
8350
540371
57782
887145
676144
442748
881743
887179
822944
206725
55771
336726
887094
710777
258857
251066
977046
99594
685896
609794
803959
925958
250515
362331
274684
8168
67998
886643
58353
608779
251132
420029
749795
513913
665450
105489
635163
526690
582427
536687
415225
748648
893024
984804
813290
101719
544884
637637
363718
750898
987745
381464
350280
875432
328659
587347
328363
60646
78007
244604
576413
170438
283792
458671
22178
986917
385110
36670
449160
661906
481546
154290
875203
292066
213595
790192
54692
525856
786542
212151
852474
623521
216078
565702
909573
753782
914864
454491
332435
485500
36385
267413
456506
335693
307470
637819
924209
354713
676336
402069
96203
532815
760018
74360
996432
183988
732928
608288
815481
798359
287630
842101
776008
893979
306434
241264
246914
249203
463007
561943
832202
598189
626255
342564
802012
120421
271275
744900
281762
625818
892906
290875
965558
706205
547365
640740
619701
991717
715075
623318
701308
135680
272006
183331
427650
728676
31600
958970
322706
144676
724499
137324
254819
267070
217396
632779
42325
765969
21723
545967
540234
350699
282874
493714
898911
381377
765624
931739
144646
645048
68888
55160
3906
238112
497675
139876
442237
166656
641870
285128
303049
550924
583937
306814
514417
129203
982150
984880
824316
875093
451602
167455
974718
279506
511699
756736
765402
90429
552254
139648
372951
710192
693620
803816
409374
110777
823376
701212
529229
151282
964688
299838
523900
378671
344669
438768
466890
37712
680696
679926
682018
516981
145219
151417
508880
817617
32042
279719
155705
410648
69292
313912
170236
929682
881162
191628
871972
12049
338698
905648
103687
230655
221864
464960
379774
308369
238810
303654
472512
31576
792126
86592
128285
421814
621603
566304
818965
340973
42033
683693
544531
627027
22326
791526
302921
508450
902285
61383
166313
787564
799533
181124
40572
439659
273483
28722
198947
97334
132461
726725
971753
406160
863949
221236
139137
209819
270310
144057
79200
629354
192094
575412
572153
505012
82063
89199
283090
953316
231283
586620
801280
586380
790572
746747
555843
236282
30318
930808
879680
671779
357258
89713
587159
855228
560215
211189
929248
291624
238015
218023
25031
741196
396579
712162
794369
366206
983020
384630
970090
436635
274735
405137
95997
544503
29628
940794
694511
266735
874692
917046
225512
268827
253476
357965
205727
295456
607954
17574
669201
606882
73123
40015
592349
555414
524790
247065
133247
921461
8449
557664
310951
517132
902198
915625
970357
948656
980753
60388
749268
570384
700801
448912
361712
748963
290416
858494
136405
566208
344113
806637
526565
197708
837509
930900
358198
140301
33290
927551
698182
341533
603329
722449
124955
352187
579130
995624
126523
752956
707294
643997
965957
162527
963481
757226
948907
958461
381986
681575
731725
557087
95400
351661
34290
104042
427226
843035
139237
403893
575699
152311
791402
568763
504417
770412
190556
496236
458353
784497
683364
608542
870232
781963
663256
540641
346432
527145
510573
327663
943085
833260
117275
112642
354859
730570
430092
963008
876694
141768
842623
538706
455686
203428
447296
349970
416597
665877
892796
928994
302669
436778
947139
246106
966451
967951
606495
84825
471594
21679
394187
937469
494022
429683
319890
652269
78766
21416
257734
610067
388205
995006
991001
649831
671893
16876
959963
92135
206288
7217
460496
866019
980484
940534
20653
404084
875810
684112
246639
865357
227980
542177
42457
952489
489377
674974
536392
476068
427430
679082
906612
286054
377618
301985
983557
824570
838774
62770
42703
406588
641159
824292
992876
184625
563657
906105
450549
44337
517338
337839
278812
377151
10841
425443
283753
260793
309361
430033
866447
491562
593605
687862
929579
813309
630906
779158
998488
320013
954075
665882
943025
861527
679597
321297
494180
148497
998353
387159
941999
211604
330575
317779
65979
132276
809221
90394
899921
840048
377515
48561
55165
626373
427649
519151
880830
992157
58648
683393
795046
126756
820218
246600
254996
684668
757432
274141
115980
813062
123406
221172
915312
82337
898740
368734
349470
663023
523972
261608
893157
584978
473602
254881
765220
825271
960973
675705
768513
802952
594081
528773
862659
781381
665159
609695
138061
863533
657114
856875
120056
147798
483701
853172
711691
140956
815294
118516
890073
513846
683210
922290
866744
795812
205548
289030
924121
635076
915549
426552
223625
541061
656393
55175
763971
489650
449844
382469
167791
875760
955911
24543
820027
937411
687291
678907
157269
676298
404897
341946
265154
480331
453643
607645
523102
971433
94810
708099
535601
890290
726182
30352
603753
561173
208515
706794
694138
982129
858806
17053
723919
882440
311284
70367
825323
203730
943059
34797
743585
340078
393424
89364
210796
451507
918524
584267
53676
354725
951619
291325
984382
953859
712346
927397
911222
536318
863813
264339
168635
131460
559106
294923
944896
806201
70549
26764
780251
700807
625777
896622
584579
476492
595904
356069
119979
433778
233231
566178
966261
560605
216473
215896
968597
575037
952110
60316
195139
842562
299840
470821
58140
949231
11594
559091
187030
650312
168670
822477
954462
152741
217929
937570
702608
30185
651620
616273
20370
694540
112890
931332
287822
374483
173265
820151
827465
335074
501847
908695
571621
974760
426667
556293
686511
795448
99588
317689
82854
22648
252226
283523
295817
244594
500943
360429
960155
258056
31858
545149
740855
636484
99504
696791
237449
51661
161375
572095
12976
742710
834376
652411
956847
473521
542136
945494
308554
287713
440675
156993
169475
867981
640566
857557
203825
290608
319416
860212
189753
52141
741979
990925
74028
177119
95717
674237
823869
983375
12214
723411
473181
270335
41141
852652
836533
981347
241691
478909
552767
717359
770652
993135
468994
666763
578541
731109
412648
590116
529334
557145
747581
33628
877910
618724
62022
22497
874317
416860
880380
118491
197323
554327
630436
687103
769170
523278
101068
391745
667978
980254
374691
936358
690465
600551
286069
998839
744668
121175
627395
140625
519295
929281
585403
127130
680725
386215
892761
282638
239901
666711
958938
948087
521041
434800
369368
234619
471124
40006
662343
865871
743927
526683
393482
849290
968935
577230
343091
835284
50871
25104
655510
326013
915718
297232
229832
618666
543757
658297
370489
595626
617223
273297
792491
663910
622845
411138
488974
714039
292013
407222
38138
720146
65750
810715
804488
859742
175779
455878
714254
548006
795762
530355
291445
641770
377407
857579
894392
177552
550514
637246
865914
560696
357121
547248
1988
363373
507907
27184
778907
801271
883475
558851
38330
50573
812125
623104
93297
921767
321352
931764
97242
712882
978688
197029
310899
748189
25054
39476
433501
584017
448759
431900
520496
65533
534526
52503
920697
461135
756502
285407
527185
306302
305657
918738
262043
162628
829630
460142
358489
611177
859402
7548
269355
663355
22
483914
120230
175066
58200
220624
945613
780463
122705
507700
930351
151485
300530
382633
663196
696272
572332
358898
70341
176977
791251
347909
918639
901371
832493
637450
952212
572968
794653
385603
528406
674053
136679
181893
515425
805285
425375
504804
120156
948593
952307
95917
920779
158524
373713
310284
795332
698868
215350
894222
389451
995956
760661
63937
74125
172663
98720
659000
278517
282920
571637
875435
736303
640149
789416
407227
678007
9921
165353
505938
429853
361112
801490
729001
898519
310013
20112
535203
281538
283007
273515
934359
748599
91307
503091
365419
705030
397307
862281
92635
262354
54508
2951
819673
380105
641453
956301
700303
731453
13171
899689
193728
452388
906474
860770
87948
392745
158981
172449
707282
967724
331894
97021
210479
281117
238394
239585
844901
661360
156300
816156
570008
623485
294585
11461
215026
686712
231187
157833
69797
436424
523263
349203
98640
906630
773738
987990
459451
493907
572312
70714
564541
923286
696796
842529
341245
618257
40804
335636
857877
986079
736300
533455
423826
722956
102483
59109
270040
820432
413259
941073
109603
126378
76841
197979
807400
628886
843164
66979
603161
546730
929274
427534
346120
769619
917046
647178
433635
629158
124590
797631
996573
78245
931617
326419
384110
796241
568830
291546
174192
101478
958679
351769
773738
200248
485812
785077
588906
2088
753284
282557
130635
322819
956079
311121
869271
867767
855751
92461
722117
39730
920348
664150
885219
245401
713710
827295
944463
726241
483197
656792
303775
274638
377789
50900
478753
273734
161190
758230
990524
423121
222759
897112
359797
832944
160314
938551
848654
525270
672915
634366
896776
679175
898866
321357
881994
583244
124504
941669
271002
621200
126998
132179
671815
864283
682560
366519
994921
51176
506689
71601
499392
223076
368840
41639
615674
717062
515872
153908
781521
513093
681566
937840
633296
736251
74483
491224
716917
826324
102625
268954
814002
95986
56971
696384
782094
579553
484580
957302
664937
241586
672970
298361
559644
560246
444139
910238
653822
143193
715045
333117
336836
118104
57644
661176
262848
446944
445668
594795
421962
362501
951695
215474
331388
162075
973920
311633
210838
707765
105134
927748
829634
711608
447044
483556
367219
413210
86357
452723
817447
447548
671117
71748
499595
538338
14658
13898
643837
439051
637897
206523
746156
381937
323302
541984
811163
566175
65691
461692
592517
656106
249889
104150
712027
133581
306101
697317
922473
899493
888201
52440
480726
669061
71771
201407
382602
813815
668579
928089
173546
991824
581862
949051
830206
124463
292968
767321
223924
475922
951742
922036
431422
932500
113921
213152
828502
583111
802719
612017
729569
759722
996619
218561
676785
308807
84885
72737
891557
551084
498324
970522
485291
370755
328575
897310
496934
679696
467163
875664
559850
294087
487503
700269
670180
856520
18643
221077
603607
853752
630855
361530
498945
651005
64928
649124
397404
147349
409469
265118
763264
183316
463767
286465
285478
175544
834391
586586
670407
565418
216002
879931
342946
754452
366543
176027
116765
62297
28122
575850
734019
401078
794289
359030
365740
89459
750602
406643
371706
58053
701015
948522
718783
605891
719346
316993
941564
665091
46451
366371
861829
211537
322529
852299
462464
597131
773
443826
824652
862300
613658
675091
468670
422099
750176
429591
562246
300063
467856
399075
738608
74537
858345
802874
989702
733070
436137
646095
595476
193784
408983
907243
947652
738648
888509
516535
801703
754497
616692
404455
520788
370404
232343
589635
56299
596772
426137
835923
671731
68501
333043
6055
198241
323286
848373
491456
214074
495560
317630
6814
642383
592106
957447
118951
883623
740307
107737
601777
765755
207755
662367
346732
666587
904070
953878
176751
592814
513917
794208
266077
819926
565738
815800
43188
769714
726753
810625
142770
450749
373638
158583
384484
702228
560431
193286
156108
358228
229079
779513
627310
737442
746555
561291
572151
599428
276628
615834
899723
68780
595698
900089
583466
62357
239986
419492
322557
446086
702428
117903
33603
981620
560475
999447
958867
825797
687001
284890
286029
669486
717111
722338
383393
235965
235750
646140
797307
176371
270565
896359
939018
784009
451799
769384
506156
480403
66944
812666
67640
292162
985244
363875
731495
199556
955356
585506
463519
938822
864638
81861
975006
639257
813319
829655
490239
585522
719776
890357
599212
112844
66314
497090
624289
576744
986880
449008
728344
571316
965544
859007
408087
53962
478645
659651
373010
349647
238044
225373
449469
808060
815280
619020
254963
947129
569564
738396
5884
384741
681341
15868
900030
758131
819354
145389
608899
223726
584896
278423
774883
59548
990206
614646
761614
374529
712634
988081
401400
774395
544111
437835
31521
859850
45956
688434
308544
142066
343433
910645
243020
224441
490576
235091
69542
598539
127398
321262
914342
752958
46701
943199
977856
642287
270359
223971
263058
259787
461313
801650
570894
77610
64810
96176
408063
4309
977998
581053
818233
786216
344611
942567
85666
16915
688367
885439
943126
681018
293060
803593
651772
541821
22746
111244
473635
803474
628359
750090
596887
765197
320221
129034
763206
275905
18976
295441
928906
664833
409570
863663
148371
792832
697853
253749
965746
377302
231213
279876
293956
248099
862151
293888
613433
648014
199066
465828
1856
274599
10081
67312
876881
448811
926817
88765
619734
868901
582181
298928
2039
656625
151444
776397
160385
347292
738604
69219
855858
132839
766493
384549
155299
325994
506500
990169
90258
958550
141890
255849
241227
204243
142969
426647
961971
979720
820643
682638
84081
897016
220622
593171
933945
878089
94200
698266
311863
505889
374275
683765
987348
15017
287508
712488
793255
73075
149710
303767
559355
669688
732007
242912
234681
719674
424995
246854
237490
611016
266741
192450
564043
401632
498607
603902
674246
80174
350561
716892
134121
828659
30998
18928
68237
250689
302567
44367
300676
917987
953786
297343
564968
552217
225051
231053
31228
99072
975669
127550
897986
742736
751468
791069
618393
840128
290778
36851
10255
481284
378213
331669
313739
886198
731450
691223
161040
597715
449256
947103
586799
588956
581403
429332
469324
449564
548723
895156
900810
852170
597824
957061
179094
865668
88732
207779
812173
550459
369830
232376
567755
231214
661398
613962
87185
87951
823554
980591
576786
566977
41004
505051
759130
965443
253637
19610
880604
143014
160515
806489
765846
25978
836058
275038
574627
529735
453337
124312
547741
7095
46116
373840
359788
982289
405706
631551
919280
900832
323906
571706
494343
187058
124231
398089
999163
206524
632397
988885
532555
515163
626014
142463
624020
91893
782422
729805
68124
791358
188279
723263
31611
675543
535594
513600
174375
113296
693523
395512
880282
650958
264911
228222
46882
471624
369677
192299
379397
767019
465606
352010
292174
916958
757722
175275
704120
999391
756745
954006
702454
685388
637258
901789
184349
174590
59531
34507
895791
707792
234438
809720
855877
323261
336509
141758
133656
364071
703250
977542
625132
657652
122501
337851
553625
963795
507146
863009
227575
516765
537990
273342
876453
77910
907750
474166
300726
102546
509020
478069
148409
87092
190775
855365
906724
722194
982558
599359
182557
999349
476714
250334
784868
658364
309917
975663
825631
469791
352002
834084
353987
222097
502945
899016
816093
641727
502687
883022
620219
524022
324912
160962
37625
97633
820091
810784
493611
597615
759113
103683
219748
214099
541416
561846
878177
677541
678690
209895
770517
843814
534805
408762
85202
493857
348655
665849
256337
147308
784584
154152
131422
186126
171484
838070
147939
567482
839971
477392
401230
968250
630991
99088
791970
635623
927266
992980
1240
162516
709161
448809
305903
656395
214808
497637
549591
504559
238531
992467
428342
425473
628407
778249
155988
460606
80243
990358
474602
837348
740614
186200
396738
122901
530246
150442
195914
921045
195818
812794
279035
590574
937733
157880
223457
53939
536736
537194
146758
181345
15858
485276
708287
96480
684862
163253
428114
466345
452873
290085
324994
107907
139831
679611
717753
655718
500098
956755
174738
477184
111189
578477
955072
43925
848075
985112
870302
958273
998399
851404
621523
751385
775567
862616
538849
36272
185266
301040
790027
401461
148787
625448
637217
312570
536778
773822
229737
310031
420885
457809
339884
494157
436024
804208
164250
348847
750542
800334
863834
48090
865930
501329
998322
770557
536111
326473
979600
27347
291432
390270
801267
23045
268293
753506
72185
806573
853394
478245
380101
241782
321494
586279
994636
779807
12581
136969
908669
266078
358946
717340
320139
74785
371541
77115
765016
671535
916773
836149
111807
212205
634290
418850
741950
434621
602129
159703
751871
32449
661989
281076
985217
640573
469014
531098
846503
136795
387121
617594
781981
827144
159324
840713
148515
411131
828084
559759
244152
795157
718853
509343
39459
731427
364837
604449
719136
439489
358381
414859
640230
99930
265941
989998
585233
803018
265899
966445
441457
860644
915632
317960
249518
172879
123215
635734
859606
967051
689659
929041
952005
973906
995940
147211
228336
582553
262997
729215
847054
267189
326829
738754
602979
825883
982903
222681
246250
981952
154281
537252
650526
747743
798390
775991
775077
54233
762000
186505
439642
854582
947261
488389
243189
147721
289685
468606
539417
278066
522326
430656
46778
800445
582307
192001
142762
41512
281120
354295
512062
302402
778722
212227
263777
904175
981399
610570
536181
253512
329522
109861
705569
805471
470480
968622
459387
884768
27628
631803
371411
142419
43579
321319
756250
691581
945638
943691
264110
39463
601890
245644
156099
838966
508973
860686
185711
999097
280998
548743
436946
831426
45641
226670
791711
534187
651527
283217
749196
65338
315454
236486
726546
473567
306010
613689
488673
495770
499911
618277
497444
255481
969746
395614
631980
825343
450075
213258
254395
671777
630073
116464
160368
163753
919018
85160
51914
173693
675189
964338
137370
987067
342239
260387
869129
729083
427398
508475
105027
242806
60572
496209
150975
959172
517700
808815
840621
508929
99906
628154
531195
63049
31074
643530
34563
254755
525417
78104
125908
271098
313135
897557
454491
469766
49313
443479
645741
191242
121938
153518
934964
927606
373817
466773
139893
408236
473163
869316
694074
621216
108534
77795
992224
984088
859575
644633
101951
552787
934296
895681
937521
307014
540362
802750
679553
61441
608346
541413
306994
656689
494035
366105
389801
922878
14065
481845
494392
750164
255165
831457
734279
9599
783114
104519
879713
562416
678410
252960
289817
428189
656333
703016
275351
193028
643288
235696
273794
662159
64926
673682
663883
56019
115486
344126
580500
23090
977048
376307
157564
67297
163053
414858
777481
466756
432978
931244
102256
688758
951408
709796
816515
506212
673820
169743
468791
38169
84590
597488
116753
216404
242304
344800
843821
516181
3973
755106
9515
632631
357507
378709
167799
652982
784046
532867
646258
8850
591075
443094
393090
392077
784061
939369
862579
858446
393880
446268
450312
115496
990496
599234
178851
921396
876052
207381
995724
32666
368605
199625
463841
265135
886021
315614
843610
332984
384726
478031
149240
547533
755472
585607
771978
950041
531078
467123
797596
49278
848085
351795
978492
777557
198594
54698
247146
405779
557935
981876
365851
35463
224058
634359
302058
121599
870578
859026
352988
148811
825143
855475
410062
10777
680173
306885
994045
993087
496284
70406
221042
426392
782184
829174
410824
473861
542568
938923
322203
973333
328932
52802
551631
401279
935280
169520
458938
463308
95391
402102
572591
922770
424166
6003
411304
628570
414927
145235
204111
376611
950358
837989
140649
299008
959524
997067
408352
749916
344613
94922
68139
817054
532424
319745
962716
72103
820115
760503
360390
678008
222560
625101
625800
413873
543671
78994
724154
994484
861641
328053
479860
465000
208199
863893
350262
425562
256477
279605
771831
962749
817743
108235
515533
781906
447342
528631
590837
21923
427766
339345
555968
944681
438407
591515
30747
610189
378686
660438
165625
63179
916272
934448
874847
151091
638595
768282
461579
807370
684136
388088
758786
200013
421048
542130
817525
646997
665130
635752
888783
346134
358831
807682
359838
304129
766187
567141
461787
259210
662607
985345
477975
440131
421655
601799
506948
39
570013
532536
266206
889844
554841
347481
983028
209903
92150
275267
611607
825611
115857
972182
409118
633700
212112
469518
496722
164646
525341
820269
382589
534667
447550
770712
484746
254465
444179
812414
826521
383337
259499
95987
588066
422524
574978
120219
278723
854792
818139
101889
147175
264536
968950
440967
297301
76466
491247
809144
985234
246202
38899
726585
998324
326900
381535
698271
850757
160487
426807
789530
446352
319004
274047
685070
47883
857478
148026
78594
212320
641083
214524
983537
306202
630432
634030
580094
217513
312164
219870
323333
379026
90531
938368
855181
792053
349546
28102
288857
220604
471386
247703
842589
602270
916389
287918
2254
285325
373814
571154
558098
559042
838189
377262
177751
553186
728200
152716
109184
910861
488221
196466
18809
212612
813507
200409
744811
765748
222609
682758
622795
444771
3390
155208
387277
175542
847272
423245
631031
642268
407856
991136
422864
263707
961154
259139
338423
712821
755442
657828
923727
22774
542914
16256
545752
33949
554240
846417
243033
781861
371852
748213
451897
282351
986679
477597
898478
796877
36040
457518
751629
238317
358488
573943
64895
562336
554973
253840
623956
644230
174467
772619
442225
79128
223670
674266
578341
863698
650109
792125
568282
707643
35392
57381
543015
125970
72298
241898
119746
159383
827113
58022
105491
56499
183698
178924
997155
71748
244450
16936
711667
357385
616608
528341
498986
829671
937182
222869
733222
404758
959453
974576
418483
12843
955792
853292
511321
686978
151097
280068
74895
765959
436848
464905
270478
937569
917570
632210
265985
425468
667510
683873
852696
862578
109739
738196
40764
125718
624093
461444
185949
613084
426566
465598
704487
751912
695713
585948
270674
284594
621513
917183
885145
467410
333633
652138
733890
486381
267789
471998
137244
910332
92285
521102
800455
625590
181513
438686
983533
263258
47256
876733
988879
116891
343387
509820
879098
966887
769878
464202
169944
546262
371263
375917
2850
885932
287999
806303
178099
501322
813461
809411
503672
231160
819546
6914
295940
592391
540511
172871
644160
696806
784434
419091
472575
349956
304448
483773
87152
23836
720724
340938
550189
613858
953149
246693
21872
662024
579854
28539
80357
734061
316159
693941
467866
210723
563249
214611
8338
983067
633103
988194
528441
480303
856592
660249
348659
631436
309464
295894
67790
337274
592126
706096
53205
440970
311273
994232
68038
586779
326675
707153
139675
754120
565872
110825
842692
101426
387495
723475
803574
40805
974463
178115
726749
849833
191445
205221
928877
443432
755401
674906
590358
60854
379513
725584
899990
530626
701349
242364
831656
8536
739890
80695
887066
562001
758410
933938
696508
381336
105248
733976
762484
582809
708113
189247
371695
82440
271654
485705
12914
105994
863606
448157
191567
67908
779945
708157
371506
633279
194135
546181
951195
739381
247502
602495
639206
307131
571250
26981
815814
161930
847935
808884
814352
571691
390571
952169
546803
111231
3814
938459
506886
297064
480067
224692
766394
963672
598448
199949
292078
114164
889313
327973
718882
621540
479500
364862
249923
368826
705421
267477
343524
14780
129513
334972
185486
325263
135343
697877
675438
769410
902906
434349
30700
257269
572372
904754
42013
485477
258101
23315
133326
633749
712489
914995
588417
77273
570447
455561
557940
411266
27709
333526
138460
959009
401537
447108
495857
910330
432963
296024
648163
888711
883078
994260
354218
937765
354509
339308
454523
771103
966362
328866
767894
948502
922641
191936
971900
965834
422972
177714
214206
834183
342440
249853
441265
384046
233516
385504
121726
658527
781321
46085
77526
961344
363885
82724
822274
963757
173778
652469
425048
47804
763140
820751
131145
220971
104575
387938
936984
776744
157622
398222
205477
746621
665456
311070
745191
100439
16973
635492
239033
735345
606503
990321
971147
721762
113684
410417
124857
795775
574599
779361
358776
803950
381718
217135
310637
737608
518998
478317
62424
711914
105378
275952
208429
820057
127675
764235
424259
842319
131273
631267
67365
412966
797696
712367
237895
742880
761310
798031
56147
353809
26320
117829
755936
766889
638580
80148
314628
750370
355833
139060
259264
71362
502883
856814
672730
599181
929899
319578
664392
930635
313027
176755
441864
43441
277879
559508
677773
468463
110319
810642
971539
937301
475089
362869
398547
879779
701507
848339
784722
307819
894222
897803
266773
495077
632222
793883
800047
241103
410854
387807
537466
224511
421856
365031
938532
408647
508722
514099
1121
743619
670572
224525
946110
280961
396206
651139
779926
633678
788455
624128
67421
948377
951288
419334
81305
639303
343287
901707
88497
777618
584719
727341
443742
495006
377028
476498
360190
64922
96660
357856
102599
814159
345209
748118
598360
749832
801355
142917
479147
882270
777411
294575
33575
611999
368411
242298
641683
545435
824465
221201
420196
224138
922697
883544
115447
890781
457746
983177
292186
933664
816833
485296
913540
307720
982137
771647
935525
539359
680909
77647
843672
430089
697980
407156
838518
897649
818971
813947
251268
508758
304976
82242
230604
178988
22330
808949
668617
375216
388782
342433
567803
370251
738205
624502
156251
167394
48209
756446
27689
400248
852054
685172
165985
717825
781109
248034
462795
924740
424667
623260
936434
156139
169049
996979
959340
785706
553541
406295
568920
353546
273405
347756
287079
126097
348299
527175
513168
116176
586148
522117
670759
80905
921867
570568
972168
764794
194323
838863
644525
122122
922241
239665
607136
605327
740112
648950
7946
865594
92430
350674
645737
493472
664483
72767
98144
527397
582897
794934
181608
975815
392279
951369
878244
647492
459984
536416
647891
110377
465913
521614
559647
588345
507952
809871
859538
120630
189400
294688
103016
667983
682744
703675
536575
128229
162755
633902
195499
292283
84274
478679
523238
163643
960654
363774
394596
586975
835274
813263
300229
659778
627340
429234
475556
379460
879628
329481
326028
948307
532821
548549
362507
372509
834153
806629
245150
107855
571522
899149
613515
950216
200882
330559
484686
363935
517163
372600
873835
206029
392923
727529
702178
365241
848368
289616
636289
433503
309305
758259
150931
360924
719532
325305
218358
790872
215492
31269
613451
134800
513091
982768
106054
932478
797333
25217
563812
540776
598037
574091
792317
878338
582952
712195
923951
426049
502983
271997
55674
873470
331675
204514
882794
5314
325121
420688
9583
657076
882925
260430
743944
358428
281514
333226
321310
781267
805823
772017
547117
92745
391278
843723
928669
685875
625366
983856
432495
873039
113592
879243
91090
332501
822870
109737
623190
688444
434615
929566
13432
829733
72264
226165
146459
741288
960861
509009
660888
866362
940692
576420
989036
218296
367770
341003
577872
712338
479559
300933
590374
442967
307749
915279
957903
402840
335310
182237
10329
499580
515635
818422
532566
468384
526201
159661
991816
167912
426941
965879
434104
31079
448760
310574
749797
586471
93566
506785
332506
279637
415777
970005
393945
99020
555058
302173
926387
394428
437351
461841
524601
206839
932312
106542
67469
958360
516516
200458
351761
907152
549169
244594
565697
526
761168
433058
824221
120202
717374
89248
565438
450991
505286
96821
774410
710371
949316
168585
106499
282676
890758
806554
563513
637216
678283
463128
897696
169409
852141
633825
447548
849747
210458
6548
729593
235491
730046
99604
294487
634006
417213
940379
126850
444372
418268
823800
105471
894223
319871
173414
751619
613043
702157
739211
838558
749228
5167
798666
330132
168527
967736
920133
786700
34022
174431
469874
3362
163099
446567
824857
992087
551551
711583
644903
546472
149048
369349
943026
692092
500549
322822
166218
215542
267760
175841
199736
639595
656335
400937
272214
839725
881014
547177
3338
86406
881404
672546
791584
883329
787688
349487
535108
316449
543033
958730
17817
31925
265039
919911
561144
14915
742969
959550
566472
42914
483676
644326
108342
839396
539196
914717
260241
877231
689386
456484
58629
241709
818186
903943
268403
434841
194816
111290
819241
311802
595255
556895
852611
37677
447565
731813
492573
537562
619487
460618
981491
516681
666860
331072
383384
216653
247080
896878
290447
53086
947808
335565
290250
276549
188868
608051
581756
188720
853718
880237
890781
384357
681390
430788
668922
81043
525351
243298
351798
687812
266794
80655
706721
437103
843861
341908
606642
133611
402567
987456
35236
570045
114250
728328
782955
405010
875870
229769
181586
270984
976414
71082
264499
114214
281681
800797
63698
30701
371088
910788
243158
303558
735247
422128
366564
390490
40521
370372
437593
532161
326220
101624
524900
901138
438430
420666
469055
362841
210827
124718
394184
696998
995404
158870
307648
452866
405718
493133
94495
773053
682236
758382
247825
481571
213761
55634
502993
184077
199358
917301
897121
571987
719276
630778
583971
232735
594511
571525
600023
45404
788480
677190
570738
931598
777877
570454
342231
433660
694574
212601
913460
900168
544799
9603
442876
243871
28213
120024
173884
352395
606247
740684
531037
397861
329819
91625
552693
800104
287825
313486
235593
801442
957680
719796
508963
646340
278635
415564
170956
169752
311952
839940
204519
513937
292973
994153
717546
574206
769631
866215
597241
215321
855672
917867
992097
418172
827916
638057
68141
406323
191897
982905
884585
516908
84176
702301
399089
193675
544004
413726
670580
397722
980590
691795
583819
862494
217178
784067
736048
402949
130482
17314
870556
40315
161765
39928
821953
27
664244
341151
163169
702850
23001
917675
581449
1792
203092
678500
977518
827304
670803
242478
841634
955847
389437
223498
90803
445681
149723
941365
50401
863990
288995
719598
572537
370804
985891
567445
880530
551686
686727
462767
588515
300634
297863
819142
598208
519841
410479
107693
401071
574047
18188
885218
311083
160866
615280
825292
871477
305615
702627
27811
876177
467352
99686
178990
570788
327945
748388
769384
262760
792642
191608
915516
223817
740991
294293
165296
206559
686675
481046
859742
518217
884596
439971
531164
356770
119407
529596
897853
272419
146044
513893
324273
632725
190956
831918
502855
679153
143935
504030
856083
993557
927378
150780
814443
358949
969973
760377
769867
911868
445403
872125
714584
155214
935786
253452
540354
482908
486963
670805
668418
676050
826107
662295
730435
597248
873656
649265
194589
455603
603287
734340
277116
210160
588538
37062
51551
547916
934143
212134
843644
384491
541435
404759
352769
184787
809863
777788
248182
837484
710576
3630
802559
328406
781010
992493
292349
192551
527423
153248
239059
947904
781080
907402
49733
24586
520254
276684
641917
685906
745251
528785
201704
764863
427642
396441
487613
995244
579981
961701
31198
795174
71916
372796
11287
293699
333443
772185
139267
68509
16197
766002
520717
30762
689157
867108
833940
971577
292515
750656
510888
985931
639267
169196
940145
665932
283161
372855
972016
971053
501632
842365
81628
898527
344875
163955
748142
950445
480979
514320
852089
268150
6734
497433
734448
141702
670241
891783
554508
653009
494060
406998
503813
302539
315012
104172
356861
196518
880798
780324
465148
726697
77606
315639
573974
350186
737199
142599
836201
130728
959749
327559
757443
122055
580447
714825
145440
706536
249073
65893
802320
804261
87133
438211
934967
584038
936329
951686
760047
969443
568076
760917
204616
351990
581697
835591
925871
961499
348542
147371
956140
317384
784095
464497
784197
227363
273851
296952
292736
479908
182393
386548
651846
204233
338875
700411
293603
155440
964791
344301
4394
712340
260391
928254
658614
410662
652183
523490
483723
619463
559708
830547
874906
869856
258723
136514
598435
285919
976231
528984
639925
379214
547708
150375
388753
40017
103881
566898
489197
966396
819475
819669
496788
477711
802547
304082
479786
564879
180522
140666
851661
759106
291147
834677
404632
406086
754262
853422
398977
445262
772261
258013
136802
946170
932800
493426
620949
500754
461387
957979
319224
447840
236447
688498
380624
808487
440501
59334
208265
305859
335230
889093
514459
772446
807121
500035
938633
794828
471676
317161
925955
884293
994683
109500
146412
236348
147655
924041
201654
858848
703621
419691
410728
104686
422623
294776
673281
19185
792304
63118
825463
375832
946393
173941
299992
455602
356401
877425
561042
624136
100889
356647
162638
65302
901805
349865
381174
303656
233366
779808
732119
329422
966204
444181
351714
749947
40153
737116
582221
563392
733033
719837
540695
328800
927229
677504
488488
908815
325935
500725
20950
796620
435568
998429
283012
263384
885181
6232
655333
112786
313584
742892
647454
319024
405939
675470
427146
573020
919759
47761
839639
804264
360674
548840
395853
684528
605359
846041
794031
441931
714704
850305
665722
797101
202246
545790
227210
49628
498353
50556
679196
79309
677531
893919
111022
67035
955246
905930
930307
783971
571910
250954
699395
518526
392353
666659
266430
835804
542067
818804
992849
547257
734999
961737
984097
407167
74527
310013
6340
666169
335884
840906
153344
37742
967193
209775
263019
159970
74930
507197
595121
575653
459650
977085
338036
385238
674218
397313
386254
483512
293965
57414
423858
648942
119432
954307
43056
124822
352575
251984
765975
518528
315218
110774
904628
804554
367151
632655
957497
824025
665345
684506
603834
178166
101959
407133
48912
946434
990847
268855
562912
308631
760768
613633
717750
148669
555367
57632
436362
547398
147817
406763
964581
749127
292488
764595
256733
267251
447649
33971
337212
221333
426850
34645
362815
812906
873368
740191
291322
748760
119142
817848
269721
721103
795602
515739
267521
117051
955897
74455
192276
943203
10915
636736
794260
157025
662897
639542
122399
839486
624755
847631
217048
426345
927702
476388
592102
608148
666810
56693
532758
956972
665378
583866
912028
329267
434117
727879
927543
346747
145665
341530
643890
368193
385071
200452
298182
617059
164241
655282
133981
703871
110248
565464
50545
20394
23139
615353
281171
414218
285425
155669
495240
566673
983223
977327
35470
518870
98717
391545
133948
534929
128515
159390
905799
356915
953554
166380
213985
812512
181357
962717
12027
322698
93061
771200
25131
235563
80011
736073
671017
260063
632193
820401
63924
88923
169258
435467
159506
105486
127264
992869
540980
729362
573764
236567
117175
674831
525135
60587
481159
114349
900871
800808
233822
121907
894094
265533
838570
782145
552597
490119
775437
996838
177581
992703
246974
899487
910526
222723
651021
292717
440400
910143
242179
100049
400647
988216
454695
259367
617516
490165
441694
61405
770661
548618
580202
671886
221767
598914
604115
323519
233154
564264
608483
230068
643259
990066
248650
92656
958647
813579
510626
638408
566066
272700
827661
810979
293968
12726
297403
575185
709483
353406
770120
667012
940427
903669
629506
328943
146227
597315
757000
405689
533528
946592
500173
824350
643693
82367
495548
319843
972313
690903
460662
712179
155466
814478
222455
282843
507235
808260
161430
256287
60241
672890
162219
679415
6971
673758
260619
922665
494424
73716
449390
197764
343386
950626
889458
762038
380296
947928
488632
812619
986345
726746
298732
473538
954332
6251
779171
523150
309573
183640
433821
613286
295586
400862
524201
799433
609787
924024
423272
100178
931128
721866
586921
170739
403148
641187
16116
156241
777103
332530
895842
325116
314538
240265
36585
112393
331051
149830
53622
429070
687417
941859
712691
427514
593953
847516
182184
851918
462158
992185
466493
421948
173400
391991
33566
619930
286259
469207
828279
872515
799816
293442
535903
744523
948257
794711
337233
224604
612925
267283
514644
26866
624579
708892
462845
192047
475796
728746
395915
201883
232569
957138
283376
696252
145723
65137
941743
962190
412498
471793
854304
82848
667317
195451
184465
686347
454224
384121
286471
580751
11988
468486
773346
782155
153448
616885
924894
476057
389053
640571
507253
902404
247167
492090
948578
810471
399399
529578
218049
556643
186989
648550
486483
781180
664795
455441
206045
626961
917117
842723
913583
484662
522485
113684
910082
879471
566314
34531
176315
932300
283489
283843
392908
989084
238756
203747
204858
990351
505310
886680
663289
267500
6729
772330
902067
714859
463806
359096
491943
151728
766891
513224
981038
757860
629923
388975
157338
376434
299728
733593
962359
264411
464771
82934
388403
375479
655212
806978
991386
137865
129189
307887
666361
870525
170792
474352
108708
375744
978529
175204
223956
740412
298079
301341
235944
59055
253412
840333
294796
105191
11675
586253
809719
419100
535529
5641
810638
542249
694300
654730
722982
178793
531200
6689
670567
44970
945488
312813
176267
760081
728970
407498
525830
537354
426651
923798
668864
116969
852410
91617
785853
252258
397201
116848
779230
705441
34389
358830
173697
343623
930614
430448
643843
5251
911538
10787
579301
398472
49541
50453
364108
384240
805755
311388
776994
757037
236965
993511
365211
749159
766762
684639
306194
169272
516981
649849
17681
204480
612940
203547
617712
542181
538113
868712
964884
780778
147649
149226
581337
626475
908681
817499
81930
422066
694713
417424
42957
623482
700865
880003
945756
957694
819255
554171
850285
574716
125963
410330
14068
40523
139602
360323
580030
362838
137470
801893
108286
389428
664879
290665
784677
933541
232162
228852
844202
549036
899271
32217
971753
330564
801329
857950
403496
778112
536999
174057
778996
757634
769687
540808
654954
360983
79786
386778
581329
4078
820787
267740
121189
959987
960385
927444
819055
262157
907731
190419
378255
169648
840875
713387
356124
601567
148411
481902
176802
590786
249788
789214
510538
205023
978782
619638
820759
439544
868378
727188
319436
4866
735715
746753
712940
690813
162362
396319
763353
45044
185825
143342
209630
57299
877351
493050
743496
171552
646882
896293
553519
800024
676475
704268
472658
427431
394659
193881
10080
742594
722020
416101
845395
601509
814226
754823
657719
913316
209824
928638
525321
183216
182222
742647
113658
508201
442688
787899
64531
130586
139819
789879
893106
426517
970088
403369
959794
979308
600939
264677
406825
151689
214797
241346
596298
972907
158916
787683
75435
103230
584053
402597
513506
900373
669920
97698
397128
456838
43130
123232
989343
379106
489432
703706
81616
100239
767303
595816
87949
259332
762168
172621
393621
763745
457240
624605
928597
926697
959486
267785
143404
868893
176958
473993
826887
51958
254875
774116
980779
974654
923737
347359
687826
42251
797359
565248
321068
450329
147611
60157
72774
54531
837456
115526
122504
781854
456971
961388
540889
539186
648515
875692
784413
18134
227455
729180
736734
696103
808257
226673
959048
377444
205728
659947
284942
192553
931379
157853
733419
346374
178601
414109
801603
249916
503286
968068
48232
951123
82664
645858
462584
621723
620120
171329
687459
667581
394747
896404
71690
151932
151768
960957
411587
585166
79828
359672
301881
237265
289705
652839
135408
118444
174709
264698
663271
445443
847471
701114
871702
117846
340468
456947
866647
788023
573439
926780
370273
717990
801528
13924
542255
254347
679331
191419
110271
672206
470393
209594
792182
744854
740884
174992
373280
563101
771011
800586
57430
607661
59710
717405
544120
366393
508467
276499
964570
282522
419006
970960
960060
633637
344888
107456
354032
677925
715494
195488
641504
153722
755539
972773
365608
517901
513848
398028
83103
509934
128727
601087
841523
112333
540455
688801
779378
246738
263465
201399
143653
344281
522521
811250
695895
907853
944448
922525
858483
359200
130342
680415
260491
913380
121573
859950
70517
457993
485593
689809
625424
75956
890356
501839
293732
468920
457326
826233
398248
30643
182169
693393
350045
913672
733522
446870
469463
348980
960083
584365
459739
635215
469094
264429
677156
932577
260852
271367
516800
775135
647932
320209
994583
513217
364639
742573
628044
788865
752535
200282
409724
156593
620232
998999
648676
390969
398639
664879
185567
666924
194039
861798
395404
382343
560234
715902
802958
693765
736645
195942
406381
989154
939172
636992
320602
809706
363036
524365
508943
484796
48807
429048
727957
605280
31098
894524
930847
639618
676083
724146
226388
265675
448174
260539
100458
838683
834551
430726
69613
221733
305881
904574
304288
661158
91349
820691
796666
268995
815087
430756
20113
229886
522658
449350
757141
45588
695411
701172
380466
106807
220258
70995
990233
820067
796413
916704
248921
492127
540944
478392
937639
446162
843511
588227
849980
15104
522260
672894
330013
941279
649755
774692
763574
664474
159818
687929
644704
911137
275766
723379
669698
737771
880193
664837
344723
189321
667048
156233
247805
652008
673145
304521
9501
234851
708385
617193
660199
387523
693987
16245
651111
468
226725
776643
831074
330149
43429
250565
173531
665563
880137
826413
749745
425650
990099
662525
441894
533074
418227
854506
154106
570058
825910
387628
201781
551979
710749
418085
672068
822083
483528
415275
851899
456309
648145
152180
454969
802034
991670
543901
616809
998358
16046
600727
436453
255073
320924
549166
996789
731472
141537
559991
495028
179543
696716
232214
38291
999614
553965
168233
792183
688533
19911
737877
225726
779861
234787
14379
498655
179349
130049
947894
552047
405669
791786
534755
689152
281291
238497
562253
960676
40472
762551
352677
380431
30885
680446
119867
518554
320751
361493
624171
789732
381069
566114
939494
372819
994826
686431
316508
593784
643363
9355
339203
154065
923678
819072
807175
520808
750212
777380
274830
141400
534846
147449
466535
132975
230984
364304
909262
270767
416404
645403
87646
593711
975677
351135
687956
156511
584102
955720
962363
731497
406319
978390
214266
28914
894099
166518
538550
732223
625057
117547
726693
767413
917205
892139
679472
661433
611731
246534
947012
18486
807871
974593
701942
899580
679483
963201
727376
794181
764094
904355
5949
853268
858574
167785
696012
912311
947674
79950
375012
663083
619318
362298
394501
835422
885811
568401
434614
900751
836826
453477
511057
880849
965893
921036
787623
147311
944731
627725
50001
478826
835878
672756
35156
26590
394131
793989
623920
490755
339909
237197
269702
865166
765270
751699
611811
48887
31915
685230
729069
413526
384946
549616
12072
248167
183099
771136
24934
678060
54640
177222
421577
135346
126130
119487
644790
38507
81554
459888
462296
603514
668329
802423
177998
759694
161749
275388
893426
638246
746832
172615
799431
639986
405806
764204
80254
131290
960499
129569
159269
909400
922958
742448
518445
445824
201142
203079
60886
57632
464224
873709
291897
469186
327514
465871
48626
733198
839239
41016
742375
444940
174903
482400
443962
825736
321763
572507
442823
831630
224706
124722
69658
172821
267274
266319
548976
336568
605190
917265
887080
361183
205968
466432
816007
874876
443756
283162
630436
152113
33153
140172
615926
181519
659829
760636
305016
918138
982179
948355
817718
503208
26492
539320
393016
504392
381559
706344
68488
86975
839286
972385
969568
450637
866039
9261
671861
389967
965747
114461
575066
364957
312791
786299
217619
406483
687836
637025
108279
885741
46981
102119
885440
937228
848052
157111
962355
679445
576810
961725
49574
834745
413338
259131
933171
297807
519464
645945
952760
477084
267587
117913
387975
655925
183899
950089
268465
962620
455041
118545
25770
875526
759451
889996
858841
533021
162688
387571
800767
585953
991990
201557
276737
317385
40581
444003
835987
979527
604855
277991
937411
209418
424175
170005
740767
120669
645028
685114
506053
457132
317176
518417
446597
244135
111737
545205
778228
648127
54131
655728
962064
489102
105775
172401
127243
10067
101645
347100
364342
508186
355961
44604
29963
819834
449869
562196
435671
9848
53955
598099
457154
943626
412565
489253
773372
74102
432307
342118
724550
749207
833568
717169
410842
503745
233066
37783
381945
852604
603716
517035
826191
985453
755010
122810
38084
921747
791279
755289
927521
543916
144142
296854
143901
809400
651116
255056
757188
949589
104478
935139
241539
621961
552797
927483
265554
990751
591482
778826
167614
52648
376639
973716
652114
919138
422628
975143
465505
980023
717931
893737
465203
679324
187737
695434
661578
217434
811153
267544
792847
217130
517582
81456
323102
185656
449660
698514
564651
775690
901684
930574
798415
928954
829523
762715
563955
895967
62261
531975
789783
2698
418003
828616
627072
731500
824950
231536
788092
884501
198487
544959
752659
571287
534742
71250
60620
333961
453138
876346
297625
611559
74027
977576
297952
183703
9682
128452
832806
482886
743049
886812
689114
515441
155452
998649
188412
596416
170812
293966
883304
381260
217108
147786
813187
92610
546122
221644
757377
27551
555316
691638
220752
561947
912691
634202
885860
476514
607633
498962
786400
902525
933427
795436
254366
626000
517754
721793
350171
828924
6524
307623
238274
670372
567514
624380
336915
643213
784062
300131
284656
413023
726644
697099
192452
177288
873441
267883
497808
714944
329828
573130
242323
937191
242375
269754
215574
600330
110561
893925
70801
188868
117388
897727
361533
362817
356671
658907
132407
616542
60167
142554
454030
30060
665383
760957
809705
977108
453320
76252
335448
195732
635678
768560
870517
156071
329626
910090
55542
816131
670021
130791
570067
658428
944256
646170
166222
983302
351957
270953
867492
626520
280633
298677
49550
143019
639392
178384
276660
208993
986813
54387
482479
44291
489493
255559
318073
854627
334207
397601
654260
228064
327674
702603
288787
861832
767083
541565
28841
633752
663089
53931
377292
67230
481639
159736
810725
742527
678453
60936
345368
626133
655699
715955
99722
923184
829532
770005
845075
284478
530442
176066
951234
439301
809364
10007
438791
505356
685665
988715
879681
567770
953575
612325
59877
62934
544869
244391
820679
57037
375289
105576
488712
378067
872671
473632
522781
522496
117382
110428
271800
628188
894736
842865
491477
539477
532007
852685
721378
736044
681527
479081
485003
228592
792715
5018
232162
288611
465799
515719
67112
250745
906304
543605
407098
821886
460403
387902
553179
900951
669865
446689
724378
780896
219941
729331
956704
647093
405446
690290
923416
938957
411584
435129
408059
132608
308209
838416
991671
729897
269411
242139
55611
664166
791837
920115
472994
642876
106278
58770
103033
608920
907735
698408
18863
811440
558747
575818
325464
734664
499463
245066
263709
969489
181072
519457
161860
216363
593773
849289
103960
248139
27722
405736
112117
724728
327077
635110
607346
830192
547145
918559
164011
982311
1381
241332
98473
779375
992649
494268
207793
92915
644796
31384
715110
922333
66492
732261
909979
676312
450067
751882
363193
633903
557458
268976
155977
883668
785197
249746
708319
961981
807730
987754
449956
996329
949672
781579
625598
264193
919232
639949
488670
208537
252154
808738
429733
721045
250519
38983
522612
10408
266166
992983
527439
465592
572366
776249
227564
771998
774791
652346
315678
796489
423797
260853
396505
610242
539442
492399
274145
701386
795862
941759
695060
117471
999829
896234
688976
309662
990582
139149
533506
781378
397868
738547
145356
874762
195539
859079
388370
350073
271432
858723
991010
172599
169893
457158
481533
122965
123672
253413
45830
848942
16159
574424
991878
720808
386466
894197
989338
148570
766700
412538
33914
516424
39367
866403
23014
280073
828276
961692
571887
792586
516100
254033
319135
314475
582550
336161
222726
248582
443821
283184
254114
773265
79341
718171
516010
707033
570675
914439
103991
247022
710158
392082
565519
230494
591773
576043
614800
864409
280837
339454
94390
785396
358799
468935
239817
896585
628317
574088
77734
941051
689095
325206
695591
802007
408727
315021
339250
757014
592156
537763
345563
179775
564271
414106
139703
733161
172160
651663
890942
86046
554075
322928
698268
655899
665277
148235
353492
480117
428877
910721
570513
135061
599865
194521
939979
963620
528494
727024
285650
420737
879667
796495
222906
927791
376931
958805
66468
977292
488645
662419
808996
965692
104970
223990
804308
947941
5410
419231
204469
709778
32891
118991
254844
170683
840727
361406
578625
590044
373256
325706
796032
374913
624139
596813
848137
284835
954175
422791
393354
707692
856000
946746
196535
374871
795748
142165
263827
699443
986449
703496
956382
881990
146809
695798
322267
519694
868660
444745
435005
209891
472249
48863
163245
672440
504056
871777
286715
186240
332950
229045
826974
86125
675397
533897
237801
518419
39487
125584
287053
746348
449696
228362
561477
855220
141342
179387
727074
908277
136230
291517
537523
670173
168211
855857
945424
470858
177869
821329
494275
989096
596668
401633
689684
263474
956584
751428
822512
614548
367663
970539
838645
696561
599457
463592
805789
266304
337020
449569
890308
94225
208127
318816
537943
581230
809005
666630
37403
818077
161376
497439
392727
609217
226310
928785
129952
379231
336893
868015
113087
121855
324999
539179
856640
511977
191658
577895
364506
539854
81767
40044
822710
556873
794516
56436
571998
473850
522968
682849
149059
269906
53891
730961
918634
805742
245256
492617
786101
311898
142679
356814
843210
614838
269915
264850
324066
629686
7565
16844
798640
301763
656627
884512
924779
423295
148665
501054
271290
279589
770794
676423
229244
695695
51275
534441
727217
257106
416020
634379
481736
151044
13004
259556
383877
435294
534976
463015
163982
789372
99743
518872
398355
520385
522549
656642
722136
209111
348674
958401
995361
457876
161015
209210
911097
334008
291404
395691
901342
621139
779776
253661
112908
773123
918574
622134
638884
697883
943881
542379
536249
367200
545140
219986
131128
84525
748161
478421
245297
795574
74307
376899
84230
93481
9297
787392
484719
552752
617306
432861
218023
582739
731424
444994
697782
622587
357395
998216
60636
784146
655755
374435
343255
899525
133920
261949
338449
76395
393065
320478
246634
835711
169808
234694
363805
928201
63247
947037
113233
892060
558281
571073
99774
820280
822983
864639
101690
145807
978381
89758
593504
190693
980441
210388
366299
178512
147191
874716
635476
30431
555780
639967
225270
782295
603709
623823
639066
108185
101826
757971
419604
262559
245037
900700
959961
443237
717001
205847
375628
364900
185457
520955
639395
669625
873927
109314
414714
955813
325197
642228
395700
338029
344483
808542
256458
893922
410845
182114
440114
218299
634880
840616
538860
8158
91866
737074
782059
381246
450043
302414
319199
718813
980308
36516
48987
435699
601002
979119
105640
734503
120630
627977
602085
187194
61468
261534
14425
830211
998662
124098
337751
934036
960925
186655
253645
477052
314724
312775
125609
178982
617264
438824
656999
462559
942216
480541
651516
83957
332757
161441
271000
718138
76997
651230
217820
66344
695939
855460
697816
774175
788555
21557
897471
254793
841388
41724
915306
653470
830814
524190
817029
840579
546941
674218
923098
817358
191842
781482
130360
541412
107548
14875
413375
815364
73872
455736
890827
384796
826730
110258
148603
143705
835967
879293
268381
609404
82177
624644
513720
650471
961374
572285
165237
981752
847029
340246
475306
227980
975733
5134
215172
310949
694100
238369
338129
801638
500969
643548
276008
690107
669864
12686
324533
215765
269175
247967
443237
92115
600881
425018
663466
230780
515958
461414
698603
613225
876268
134515
152140
338304
5847
544527
990869
102106
654545
996728
285377
52870
978982
821451
495013
805863
19662
737148
997755
470520
706823
762975
538955
603504
113871
173858
26165
901249
32763
392349
492125
133754
234487
936962
124979
139468
263195
894191
523166
983017
603942
335331
238212
854408
460185
577932
508088
827974
14578
927678
872385
880870
526852
720384
362691
187257
596463
621505
747277
806425
662082
627816
212158
117967
46633
574665
458324
705428
778516
495923
346259
722997
891751
44134
828878
412751
359447
803554
878164
361530
633064
995482
215674
274754
532416
46215
449346
75665
428390
341402
329061
326568
74973
219529
907970
150284
782359
858635
218083
231933
491544
234334
38120
139937
94248
98309
290386
926272
97716
96592
996078
132520
563202
363155
137051
126513
469199
753721
868282
643547
959496
857521
616114
409363
433313
175046
233437
453653
902036
667148
287955
146539
119993
356726
108881
416339
994302
613573
38789
195134
61444
675611
796152
970933
802391
208110
831704
198999
619591
924823
83233
456445
466407
863050
471784
122430
999522
904352
480964
760590
103733
719312
962777
391233
9036
788029
205762
60398
241277
508969
366298
937390
687067
893639
834792
5188
114424
283501
857573
836758
470267
565096
901546
259929
856473
148266
279738
521292
291315
786142
751210
750107
233100
362460
988329
423267
55910
190200
532976
999253
596408
69877
216007
709684
765197
161175
892144
293368
282043
591190
507700
593621
685567
917486
705545
546837
501042
815892
620061
574626
359786
883011
778434
857760
925040
115187
443510
388599
98649
383979
973709
964462
792899
120366
132861
854258
935278
52561
485830
214839
667828
197612
568828
805686
539814
460271
158771
549268
430469
944012
606981
568483
96154
841746
728130
69825
908274
707866
716149
882718
961722
711322
590607
198940
46899
841046
67315
599631
432657
755767
293277
200547
988790
450740
887919
688029
171782
4013
645274
873914
240230
732694
630053
953331
210902
426192
35805
188706
394536
362451
124954
465854
253213
80328
213865
201411
634139
483700
198619
802029
993420
254606
551529
321826
111893
823601
161410
991279
847153
119916
732852
496747
613482
549111
560754
251832
627124
686145
963336
17063
843238
53412
733208
863675
15125
950842
505935
726918
601103
829513
381866
258736
77041
338009
431071
185175
801638
995367
48745
763664
977724
281650
434739
466442
332708
423666
944288
344019
709766
307880
65653
13173
679935
106065
324964
177080
157944
198772
15734
210379
123620
544091
98323
596797
566933
309022
256305
103782
201148
787930
57687
58467
697659
593281
397133
836349
260649
993675
238562
780523
843681
600715
309594
897710
390279
645212
540274
39130
970329
208506
258512
191477
418221
727021
742092
348088
501389
135327
830869
705842
716267
758287
721217
263308
98371
943262
917877
501415
777612
316295
874861
153057
200410
181548
201193
633655
84115
413899
591157
617541
707403
360399
301587
900968
817279
907267
664774
534340
700651
103265
478782
721505
985992
581001
546203
891184
733030
679117
890975
616492
802529
743465
914741
845788
115395
197328
597848
70197
16822
56929
849186
597019
188772
458936
375730
946440
462317
716769
170936
987590
842628
593256
288544
304726
484838
635532
802712
58739
550776
642770
131328
886896
655933
600693
692141
294910
523121
409019
463514
730826
449988
94626
817580
72579
311606
261626
927008
323001
62987
977164
787924
147873
49196
358712
73071
886581
48026
416349
568749
360888
682319
791984
43530
636567
121139
862447
339146
727211
871864
199024
210659
847195
985682
524883
523977
808223
769686
144790
726996
229087
339630
13767
453775
47289
437495
697428
401759
177954
577655
115198
484814
883620
753342
182444
703603
68613
732888
762204
780608
923208
874347
891060
214184
118925
919924
500983
363114
504723
73048
353747
37887
403422
498794
415383
495836
869428
18296
388097
544612
736385
671698
477109
960110
678554
369433
52298
317486
819806
362303
366399
906754
942905
992736
640651
264923
137410
808124
186770
294790
432772
322641
775411
607062
234394
392337
341502
494768
113395
206533
970243
390387
67830
950334
443014
990466
892031
259635
685582
510703
838278
996604
501277
920325
810721
406698
23609
162418
986528
696896
687593
8079
460758
834642
942460
912782
841527
323961
53314
4671
914973
711601
625758
178687
292581
305103
691
427901
839606
107873
410812
609258
391649
717028
676344
378045
130340
166748
293250
861728
56393
600532
125886
440826
578732
356274
461808
657562
27481
310390
730470
60476
423315
327247
83734
402299
25970
812698
756930
378260
702372
363128
476567
202643
496468
518666
975190
119197
404007
765260
237481
694105
713891
513035
374295
265403
784298
229380
158291
545389
38628
120795
642479
90524
753020
846516
545134
941725
110657
55218
816118
17787
201388
999114
480484
599967
478081
812163
779386
208666
987406
88972
188276
625361
342864
795641
351672
762437
366581
759964
773483
790269
359677
418044
187616
198163
671610
229109
663467
755481
145462
170476
412756
86822
344883
56492
577127
215360
886413
701922
8808
283431
912508
527537
310885
620796
437302
550835
943907
595405
715633
371981
216186
294142
767814
867502
508477
266772
731569
959204
479889
900705
931189
825115
170527
835144
735324
650930
402788
297452
574876
848059
842213
978937
796950
627087
816512
596878
162295
306444
102110
522246
948161
967085
15237
334114
355492
576580
785738
852052
170502
590294
28771
756715
549474
786963
827867
513622
949260
378160
779166
39062
233298
399203
659892
209860
137727
899834
101899
315964
222713
817049
81964
975141
993290
650382
193168
173790
361787
436435
977740
995847
772188
545887
799591
833577
587553
551017
975628
833859
346215
119482
970459
96370
887764
247405
695513
563452
724123
145990
779656
63993
363167
11949
115154
126366
560047
211206
891231
216615
37808
278062
623814
474401
946712
107219
869279
332689
316182
531952
195831
719428
48464
178852
882845
455604
501636
935662
491801
998228
787792
415367
119164
173113
175693
740316
516307
822308
113941
773671
513397
214128
189861
963241
322364
157460
320542
75078
989008
390486
980774
212156
408734
247117
382571
918529
686568
160145
510791
952953
189303
753345
17343
481297
861867
261872
956966
48443
123891
356397
186207
849414
974551
885421
822080
708121
592818
416279
578385
200396
177918
74156
241907
536162
457480
363409
459101
209959
60290
548667
460034
2018
495095
883446
81167
986936
996185
210
487696
254173
529462
855466
143090
658231
500361
107858
489507
21521
510445
355036
200534
805304
16556
995079
147298
646134
933750
52614
148682
768744
178157
157480
541015
916286
870109
684072
629218
587535
874121
879443
181678
135191
353441
825170
353201
523854
113103
649811
201587
130597
626928
313176
33744
558496
669280
92508
573272
347403
790062
600349
294357
50138
835503
199307
747692
353313
232878
258891
286684
248748
320193
219624
320548
750972
276534
308823
814913
348319
603757
762085
617877
733802
794623
256575
823011
55510
769884
231197
975671
947765
644019
275981
738531
766991
480778
869784
998691
104669
627181
748563
610274
573601
16643
18371
690902
91168
405116
368813
665478
96062
673702
442170
81579
659444
694815
119492
897012
553327
3493
871168
479460
826824
385545
208520
167959
549980
189890
903363
779106
443976
758942
381299
585431
834563
880979
37082
561832
259544
137524
468874
84771
160382
660799
138952
206939
786134
753299
708316
396199
346368
584383
2360
179652
444505
992437
648770
740630
393813
710301
734912
749195
280694
111494
217759
988064
805351
916023
441184
842813
418935
331620
826080
211580
550325
238844
901314
689992
483300
825375
883131
785375
558427
881005
249529
977145
981500
99834
392241
916227
500430
283997
878020
486980
482874
184807
619533
868961
592159
725233
383433
934843
788114
326095
631012
421814
247349
930337
647068
124117
215474
170055
137556
261761
347093
420596
660279
560489
386180
876124
653703
330115
6299
638343
745473
132336
136488
640135
411951
419069
101120
245830
337482
245573
79548
877497
172233
939381
349716
494513
843082
104360
281109
357200
940060
898480
138562
106392
179687
759030
700613
554655
520761
92921
721168
821215
268205
517810
261141
856042
319546
859352
537886
598138
309077
12159
243785
434662
927044
103324
66532
579633
240321
820195
133409
751293
55302
363409
791286
749021
906171
303622
211284
239176
440826
264458
71041
556841
119931
44336
495060
906194
95841
293272
27085
87313
313888
173646
785550
812507
7497
771407
885050
283237
601843
486124
770281
124370
496136
758984
142853
392263
870441
827899
813508
528602
738047
851353
601666
994984
994975
200269
399994
46661
925785
100190
296608
353998
700254
616468
419166
752283
56331
863603
653034
493009
936662
129894
869825
780180
684564
971960
681922
338521
177444
113595
847721
284697
647292
717387
300710
595297
40846
956140
120921
43207
424406
709648
965421
710071
320323
436790
99470
815787
498175
689196
703560
201017
242909
349365
380478
127622
498078
340357
21635
132184
285856
485225
18648
251785
927140
279171
382339
692440
540218
449907
51208
8090
38923
949266
347143
623310
448003
575960
235441
133325
822425
832029
443944
951392
789564
845244
889395
608812
172123
215892
432666
13768
872593
89064
884452
303023
506284
467366
825067
392593
67801
737221
81497
109572
530733
773511
537025
256344
512594
21854
919580
165511
606924
721259
183326
843147
743975
504225
445492
331146
538879
745480
243165
528173
580139
870558
297954
87758
94471
22296
470131
568975
798493
577478
755936
823624
795440
664212
720368
383448
324516
834284
987170
89885
606029
956473
162750
215486
632274
676231
160726
53989
56766
679046
847390
603722
832547
148590
64997
272747
957675
538748
422191
639704
68412
801242
946737
960234
730055
281116
25961
198100
822382
219943
771159
848529
193935
187500
438363
273789
367602
551122
266028
559232
405195
945458
450418
589093
338027
626556
522178
151752
592394
328822
912435
575470
440041
451813
468769
780975
601767
751492
470142
498382
475682
464113
843536
304169
192520
748583
450763
979851
242041
213158
396427
663903
124762
640303
519661
473600
405497
712875
200907
365355
531480
132076
947667
493334
471192
769803
826948
440218
882116
856943
994948
312203
627062
493679
197600
991848
119850
912655
414752
915502
519069
729511
461638
198407
822689
749090
972452
450912
751488
631137
90711
87256
179914
447487
519907
741971
20798
435504
740140
968559
935569
310210
596879
449422
588317
584326
802267
44498
954025
350920
526063
246952
891601
563705
615025
757626
652626
413102
5032
764232
735476
356033
890743
222673
134932
458005
987511
344107
356621
908984
863280
514482
853379
347425
451635
912029
610572
378904
695382
681388
56058
794293
857677
826046
573257
957696
808033
221439
196194
348919
788432
731390
601930
502447
860546
7836
117866
897042
114915
512160
218043
355015
835041
808104
174541
508463
809348
165818
26421
49994
416356
419513
902417
154874
40396
392243
771577
540768
606506
80791
69828
876003
60463
149508
987252
262351
691721
301436
292223
23897
800250
37431
549947
436801
458325
686932
104869
183696
238613
499050
527885
642817
847002
717053
780386
725372
247489
297037
343510
37885
363550
147656
64173
967123
846233
494047
662376
523781
978850
113653
389704
639247
814418
236148
518721
759946
239008
490874
655869
832489
706428
530033
805641
660447
71563
19645
744032
60575
479936
394510
734738
139451
817811
521493
943377
521326
493025
301202
893080
37621
162272
925260
575289
144151
358845
350810
388673
766982
24788
904799
379849
66206
457867
834387
3932
829386
63180
140603
794624
936774
24925
421627
650339
986878
499229
357826
744227
176085
735581
893731
519610
988483
619160
727940
54853
122774
118353
279471
327727
85913
67720
768454
410366
239442
797080
368403
987706
107428
454960
494909
576373
738517
280364
159127
492924
368618
527503
475091
833305
243887
657503
388244
268481
973139
226461
789281
618081
968623
550944
989237
557184
558247
572365
752179
647952
552937
602613
299510
458135
773779
941259
732551
878389
145329
268992
434984
597521
401188
316157
279949
849508
286110
715772
980522
652769
219529
523076
753447
760384
132615
352575
225009
398054
622932
282105
65386
283891
632008
325815
280000
880359
892281
508850
807387
168305
343870
518511
424816
135830
51470
989436
949107
502715
164166
595977
897833
268111
147913
409312
335707
838231
767490
897218
287975
694167
248965
67424
547184
920218
518547
690867
160565
128799
340540
232888
314559
932128
121823
631307
474740
882623
594957
933727
962313
741456
440524
163352
407253
997309
270711
445573
967104
254426
124867
564477
207450
615494
452828
356117
593544
995066
269357
681659
918169
173617
81343
739250
681654
529396
421817
187498
443192
69761
882565
865595
506324
162263
609811
244542
745713
192417
918135
73864
451227
676796
250542
42500
466127
870951
782846
794412
793654
935046
935355
171812
769007
804883
163493
460595
955461
789154
678959
821214
245056
782223
641499
132451
33815
402502
712512
923407
138755
314478
753454
536636
152878
803187
399720
289515
536906
752366
257552
200953
173887
31220
565344
932737
463100
946936
899540
878927
115439
284765
814630
211964
496527
278236
453873
78891
242326
323919
746039
863774
871821
968984
695806
300214
617087
610800
495765
732293
103951
555216
918132
71826
118246
878581
172417
866600
567748
43156
707503
692699
597240
767770
399425
249240
35242
269662
351149
416744
437078
48870
523803
917313
868499
980755
599948
495689
236369
799018
47256
25128
62626
444991
867599
123720
576303
415232
692225
878956
161547
998235
776666
905002
441060
149773
439653
465030
417237
453512
119025
20525
470425
787265
848017
921867
739547
217363
278140
929801
897385
553043
624917
45734
589190
733041
276870
257329
849502
714375
452933
100192
451860
707201
233849
319953
970168
806890
398389
770394
576596
225743
570978
883214
745061
196049
934268
235855
436967
131853
828019
695051
610441
17376
444017
353557
636544
271001
910267
42528
632248
925055
87985
491930
188388
109243
231855
509219
741430
464932
356438
9000
396523
129829
728485
693664
859262
816845
993216
881379
993340
988595
368019
218978
249207
671876
441232
81223
434324
163499
265108
721898
729472
580187
411495
285868
131007
893692
571106
154036
927909
759983
342443
134852
770141
232896
322716
25271
636006
144231
286083
70553
571870
193979
980674
559843
44343
450356
456981
190289
833286
435931
583539
121570
865466
504272
867278
160428
281001
149048
628981
890073
555206
896065
319257
854146
663919
7699
751981
629926
441315
288532
820902
242438
314257
506456
579810
527009
350859
565540
330469
545671
366617
856989
478462
145820
365418
22994
842376
413356
166566
245923
371404
946021
137183
658060
404868
858613
416101
691217
393338
892289
853752
236552
267855
515903
982936
220606
567384
15024
751161
272775
681955
66941
475667
10598
13463
244397
797397
288852
586937
323073
891705
81265
253899
383149
616371
809156
618767
490291
554115
247217
271849
258524
8682
190454
835490
620374
335737
779617
799753
325925
653828
274706
189492
567495
452598
359080
364132
751017
519742
39499
965894
407871
141287
621910
106774
644932
736454
425311
542750
30478
650764
223652
731165
86988
522619
53651
366019
758880
360310
263670
892631
574419
489713
515641
905723
703289
194631
39385
384328
423522
254314
275883
882387
521018
629364
293062
393425
576830
784860
646927
343639
871067
477381
181343
814585
146341
863409
478483
907860
14384
659219
19311
384552
81295
338370
231343
36445
93095
995337
166892
819238
306159
401627
85672
467587
294662
921892
633398
583584
788848
185658
334856
743131
408174
385074
82903
778275
248186
882256
511849
605372
106652
792918
935810
689951
464172
20989
708649
504509
548325
245634
937685
939748
80929
578071
608501
491323
321526
120954
860505
219815
651757
495267
110912
480400
720028
244567
801982
667774
43487
406042
384394
451357
659703
158913
993314
812639
69310
787173
529435
746560
990726
753588
722056
692773
68110
731489
891782
957342
816224
21500
604835
229770
472586
699420
368105
558298
450807
999672
880202
641134
273641
795285
766825
291355
950613
443290
457987
110542
133466
853759
844536
327818
512351
777700
825658
403725
68681
609662
437393
82897
14359
162284
168456
964398
271066
494695
181751
498652
674963
263000
698734
904406
381547
176836
915067
985051
70793
92066
734489
591886
417620
184654
648373
855102
90693
260758
954461
511295
692391
225393
246472
815799
887726
734863
854204
802037
898865
354954
59488
511995
705862
558012
152286
164828
962873
191276
504564
492416
568616
740448
61656
262661
472638
959190
214342
707904
831626
875277
216551
723553
273019
641790
463903
154037
309883
903144
885043
641988
178020
585
690262
94618
983011
570600
835855
957987
126376
735183
484232
731439
53575
760023
636597
169046
762350
765147
916446
551349
612803
204110
729611
820822
752922
401321
455500
329902
439696
628157
361122
931263
284039
267110
48589
474654
34430
726880
831987
329167
629003
414323
168618
975052
281784
796554
261858
360293
614776
258274
695346
118145
574980
601822
575933
781762
958551
627895
190529
502343
424450
739856
323388
999051
795372
729447
530491
550890
805034
388071
232832
421380
501815
409947
218895
856122
104912
360318
871957
611990
998063
703086
492406
772423
497441
420158
519729
170697
492422
354474
416690
895587
98917
514150
854901
571530
987561
954447
699409
262371
256381
247683
106089
32038
417983
925196
992874
9758
31267
857975
1217
488012
477415
627331
811805
989739
152174
299829
784540
815439
16060
941961
493269
413287
840461
660482
223297
947233
113874
280162
907206
803564
652553
796726
966817
363737
551607
888009
685744
774619
101253
840505
745434
744621
643893
488550
636188
939091
993087
728262
560240
648248
116684
338069
951323
829750
838350
651114
191764
869109
192250
772453
361612
303018
215523
180549
176799
874497
662260
325334
937941
564246
309578
12807
148500
73244
207852
676313
699302
46496
209512
376244
955683
935400
81227
845716
777467
391285
198972
10016
789410
737000
33461
871835
937944
962049
15711
548851
78676
871170
637642
771831
70220
264690
956294
557478
435684
119997
949792
239138
883248
242361
245564
20676
360808
669891
188684
731401
457383
831112
883498
943465
701088
804256
390040
21448
731614
9748
101201
502982
828725
71488
458187
800817
14794
334867
446476
769306
417148
360244
499366
881669
38126
961471
749201
860666
90867
803693
524259
408504
742932
539666
416046
995657
247424
714751
444534
50673
60561
667079
960269
618176
448055
556447
809101
942535
644739
900511
116850
356775
25554
831653
390034
202884
573460
153817
241849
321625
87288
192202
279141
362470
80886
566711
555099
947908
853496
252970
222308
88920
921062
58111
189863
128486
350412
11459
794212
469949
962987
99896
347530
636048
638361
140532
360118
171877
210389
819112
381258
383526
220779
312830
892197
298069
314304
164380
670020
742877
689467
205574
409077
169667
344400
385056
46451
104892
310442
972304
428067
310231
140533
423170
896938
973723
17861
810309
609385
844651
283622
519443
10326
266342
330945
793902
520696
799628
110951
809189
531774
783193
283517
985078
707453
881014
559748
664909
72005
345157
490308
941611
902814
536346
316117
656290
940068
442186
421450
968700
138492
867547
458874
95484
151986
606938
770028
135932
574961
958604
147998
248629
357790
575228
790386
463133
983761
288243
254134
442475
216816
142406
939471
797558
378602
918921
474049
531131
264525
370914
591260
344317
142085
156280
647239
779079
371826
771145
199522
210509
131108
866971
376603
895921
852790
910794
264911
951457
921156
190336
89562
123485
553802
478019
120125
752982
32410
927401
821867
365746
718969
77670
619696
634668
484759
427014
335038
927641
21354
846582
407254
82373
989478
110652
755343
896508
856603
746823
493062
425060
561130
426464
186403
127496
424229
478784
454851
508591
983235
987708
926023
927147
917436
913884
374201
601838
616199
386697
979798
285717
430766
868772
860988
543689
94794
161459
932721
510011
987937
270134
958797
958540
351320
836568
60166
660879
142230
167553
318166
989286
155576
123784
765643
767880
516202
137094
281578
154021
183656
193670
50625
253920
982354
760728
766152
389755
569317
187332
398515
98513
607708
529372
368407
822908
499938
755563
910070
15255
745202
674377
148393
307293
855757
273872
93353
301488
328279
934057
540729
507574
149007
675648
356724
299486
518953
571222
892783
54080
493258
891892
165962
979363
65759
317437
147160
795480
385563
808797
811944
845763
721227
224798
388976
759353
417367
56089
648789
449861
624919
401737
374810
498437
890575
850683
732898
308786
763849
779361
939299
886781
592526
608774
824681
851604
267136
170141
624260
195715
757207
77618
910096
713144
782390
457794
164575
534367
75881
790502
260933
767852
562173
129897
679103
908663
391292
558331
980480
532416
493956
930559
51034
759636
928451
105151
222534
185033
168914
451839
222800
617763
473386
697007
899041
736473
713223
135353
688490
553201
167128
806971
254059
401416
441631
708879
512093
811502
124203
975557
550786
603054
240816
985970
6407
477995
527552
960161
452818
633829
982120
753512
239918
290843
194985
208854
85968
993355
552466
116297
986630
888149
365623
42204
677115
973949
547151
420733
211177
193231
697263
791900
582107
498717
842975
774399
943390
839460
595030
266994
921348
732941
853272
247004
697364
299855
806440
994478
95889
449009
111594
270772
320101
929005
115930
86093
65642
175345
332131
724728
351574
397311
842653
720324
646528
160563
329958
837546
819027
81189
86555
458934
882382
880676
218292
868063
167797
819363
503290
299256
837400
796336
146789
626303
891645
63391
522134
870099
183724
344645
182765
89731
584600
812576
263496
118274
948389
637844
788441
828662
441946
490320
478243
262831
407269
54991
668753
586357
900421
142395
673459
885562
529368
595948
351318
3566
799745
70989
77502
772209
109173
369888
499138
39204
613475
129048
177924
42521
519998
691171
141772
271848
656168
370315
247745
972771
854652
685170
457795
791713
726136
16955
281383
408631
988229
588808
746640
785605
727525
195549
237799
462060
651576
934371
868662
412253
335915
576137
720550
348813
65214
21061
682771
358404
646959
170424
618953
236693
773384
322608
2014
316392
262018
417607
13164
257203
427157
596264
566888
274887
977437
218226
449252
678983
597226
629173
590045
615283
771428
310233
172098
258018
767577
569245
716098
685582
848933
454717
115920
712265
921469
983342
121142
802510
26136
271939
120787
117106
130298
141745
189235
151098
77214
306799
373001
70342
417727
895735
289611
442538
540931
882794
948330
418013
550085
249040
823085
999690
590653
615997
667817
268420
521486
355087
691935
960215
786284
785619
445618
646777
573480
823367
688451
451360
895130
447994
662315
740781
60202
900112
822740
789125
712826
759714
384436
948417
142900
330242
850599
299835
694315
880220
719337
441673
213808
28855
39853
687366
720948
427995
526492
293963
838229
630221
208429
814717
261127
492150
485341
116480
979168
171874
267660
31050
685055
372131
376820
628242
857434
802134
522374
76838
393699
408637
794019
52572
377111
660491
261299
178081
10403
196159
534246
642605
184819
238504
539653
569175
548184
879111
953460
585732
151892
625617
335174
363131
819141
865683
271293
288404
135661
874672
94492
363727
756250
501126
579371
495170
401398
771247
734599
343722
592877
55907
225443
999009
206070
153211
128095
181104
308609
9168
360579
167100
204603
59714
772632
287581
339137
832149
608675
27020
518366
326965
796863
823290
776258
184666
497622
768381
40898
765702
725051
771813
350854
530348
206183
24557
238292
313323
126543
514510
903286
197111
975198
528749
620297
259673
118420
864244
786341
576012
600443
662269
708772
157448
351553
294379
102993
837597
249207
664019
621359
203189
15205
899288
44195
79868
313223
542293
836607
91611
975464
969010
669483
853087
349082
427801
704562
258617
32463
307715
771622
108702
494488
909932
153201
114063
146295
342565
407226
427955
874594
49544
294512
868319
80151
305413
157046
146104
141654
390043
540139
274288
960896
976739
983509
632108
407626
304646
855017
202374
42654
411535
381625
63278
121870
798491
135354
748139
550261
655085
350001
107712
207084
20062
761402
415145
33318
186354
942517
823748
820713
512837
152525
853517
399978
214436
476390
39298
540483
846328
301347
240869
769171
541276
849873
787744
431794
874320
420339
642626
917711
54599
706154
519207
40169
79643
428417
941239
404710
465761
897491
359877
452499
69142
279577
348823
672697
887032
111700
225797
310360
770289
50835
122234
48387
199982
718242
973272
625815
611727
26767
131320
152153
422647
606426
875726
38699
577410
581240
135403
722347
570646
435204
313821
151657
227346
62147
6769
495746
562916
449106
403929
391006
380983
271790
878632
567362
580745
459552
846585
214866
129434
803331
930800
991079
529344
417971
754264
233801
303768
56916
740844
991561
843287
504316
315633
362430
8766
420862
366016
526234
146092
188308
2082
927143
59405
45992
83988
979684
175280
106879
446313
904438
79223
846019
106767
400269
387239
259819
825961
104980
308703
286665
173724
461140
167462
471151
648614
325734
402653
594175
315112
527635
465427
447758
209924
705354
394679
395508
203425
917436
885992
664115
45259
657304
808297
719810
724152
721374
93168
640373
586149
500706
331165
934922
6239
287328
616264
235858
528542
176438
429619
900858
64716
258050
804575
807413
41315
812312
895738
711240
645428
968160
677685
105009
9475
133451
340980
808437
897040
183792
579807
246213
120177
597127
515926
392780
572378
870208
928705
357015
527103
739713
411653
854306
30800
979195
761554
151675
107683
973160
116121
37589
258544
711459
798171
251564
868661
536483
470621
664847
71418
947797
404280
271183
417903
440533
257868
416706
791025
284170
7893
279348
142955
604763
903125
861036
50521
916626
983601
694614
425448
442635
6040
628050
694330
557080
924062
142808
888773
993845
801639
522437
158683
995619
381054
543943
44100
815395
202949
39906
857031
733584
633543
569884
294984
152345
697577
238283
705291
955162
649920
289017
515670
576343
808380
455025
534965
675348
6273
282921
725143
88788
738262
578059
869270
775788
866358
130402
619156
761538
991044
79901
469760
167975
777820
355331
734264
23183
397381
619572
878409
958505
378754
48536
505042
503839
305864
572326
868870
278124
909897
830675
675919
344404
554222
664725
413392
22469
305124
636498
975811
965960
671822
114986
995010
406052
684568
88030
861857
572879
739051
810203
321783
585682
464124
606503
904638
383736
971904
137575
180048
508466
368250
831754
499665
761290
990900
114326
81772
680898
429452
182093
577142
222025
248037
409723
713454
419225
421055
643935
177894
604208
965089
30708
653435
731688
922419
302298
586239
793333
858152
548902
103672
582715
633176
810627
833282
52554
158443
944643
833743
458743
752305
878982
323151
795992
539023
792965
322602
640347
323925
363644
907562
184003
820650
191986
749622
719681
417704
357222
338297
249323
320325
274263
77154
90331
537638
790832
625028
736231
743320
850831
576029
98040
712729
561777
938739
926345
73488
99388
786906
333822
368605
582055
872851
253790
596747
296778
502351
895343
996898
690494
37713
313965
480729
49776
759345
644262
705513
805639
651516
957749
838973
455791
383481
723992
116294
604674
299334
99633
753450
949075
245153
670806
302108
428118
541188
874069
576263
650799
135015
391047
670947
44885
532073
315983
143531
934179
926985
976496
591909
837115
795086
653448
664672
332311
697927
848941
645308
860270
370605
557219
678307
156031
815076
767671
477270
15100
254432
549754
199458
585750
301669
161373
871281
268833
621350
787750
414012
732324
41167
64013
350558
761920
12702
993205
489220
898554
312364
67658
762369
749671
53130
578547
223678
442035
455238
331444
221454
253774
765581
385508
181344
893875
195370
868293
235918
555349
168301
288261
123410
274793
970919
667216
400920
12939
326865
262224
148526
987214
137036
891458
232727
474659
641155
897206
665920
812132
789548
915683
972106
285054
792302
871268
577478
3321
472861
939603
656382
190246
890080
622273
121264
1124
223284
866063
306006
574670
540745
793003
644128
738948
169098
593771
876484
315733
186298
57023
643179
719110
890938
816022
463116
404737
459943
203344
89046
701533
253728
477019
334151
289862
696805
961581
340634
915529
330522
975964
964381
981887
713707
434589
106656
882067
924043
488855
521353
666673
540757
253795
129413
889612
576723
896291
678041
640396
277724
595452
316375
566739
419543
853873
516139
15403
809438
166237
730837
427982
390975
10444
531121
619344
171740
137399
807538
623917
972594
25755
217965
122283
690998
182453
859409
422891
663131
119708
370485
238610
4401
863674
866186
78286
340327
227880
625263
940296
391921
753190
897636
986021
87172
556276
620246
737335
565694
75343
215512
961222
4771
315403
623027
139127
803651
853514
103252
551191
698807
174166
736868
516935
530762
550433
890933
402371
64500
96342
815319
214288
348160
352283
643659
591938
472080
129958
850575
55719
46199
785401
3288
249300
417668
22011
677726
43786
659998
898612
924497
221828
755595
57317
852585
364575
37131
551298
351067
209446
968865
929933
724711
913273
862193
5905
765326
143386
716228
463031
58593
214613
2729
844488
66293
510345
946743
753023
839539
352470
220909
943434
434956
824549
83834
919261
64329
754958
945688
404723
840192
395947
643154
718115
170850
734903
874279
759771
200946
692065
139335
752379
436496
715443
304890
178256
491572
131418
886240
715243
805494
52625
31315
306205
820617
642478
792232
832338
309320
488777
369813
313544
133160
706885
463532
142186
174222
396284
947333
744525
984378
460427
555642
937478
271840
774071
336780
874469
636887
170682
836772
320467
76267
777646
304179
894404
11341
611861
588474
236760
776234
170946
489062
345748
198936
230056
335251
725367
275949
312062
3889
999420
451754
227403
616324
328172
677781
664275
271941
530205
61860
184158
911206
737162
626197
231009
974835
910672
88987
707276
413588
444163
9394
196015
421167
301611
485459
889226
542506
479710
766788
458223
937038
237755
351879
152022
916551
775744
375858
940605
755848
169033
634718
628026
147595
744486
544953
634334
689526
142487
822967
53896
522585
718886
969125
869379
470612
243746
767390
743517
898262
628147
209622
647109
706367
485215
176980
318879
870695
194520
436668
733352
927096
757439
392970
199681
831350
48697
941723
973914
411488
257260
427877
410492
236846
482583
339143
20594
455993
693516
102331
318485
354106
823370
258920
373683
660714
980091
397141
205148
744649
790278
752951
243016
198971
676754
743211
885160
959052
483673
82687
722119
993940
1316
964906
183261
913846
965736
404572
203441
250434
104829
931696
710695
557242
343735
518975
589357
444018
109923
398734
549310
129233
861216
692583
470418
412404
343383
734981
749090
611505
641112
823720
259163
239800
953362
547081
744991
621334
211439
275112
486194
178771
808074
773697
273031
285756
884110
437469
530728
546235
544620
293828
396156
668834
952888
163855
662648
298374
817249
255516
208997
566536
254027
563804
449609
542767
829003
992070
546677
708721
846206
482606
312298
333457
944006
610032
975401
831010
356450
819590
541270
535465
824233
80762
190664
812896
167459
958773
347504
762647
525828
396661
823203
239285
689798
173533
239365
466077
45410
475046
338260
821292
170346
472819
402190
361694
187910
348355
26048
291024
154505
540992
980653
902432
306735
544884
597207
724528
663413
181595
698220
512650
910997
546451
628496
894941
196509
378928
21891
935334
615019
596396
698159
426090
244295
151483
274577
269407
529117
847613
972033
229227
493653
103309
898079
4420
955985
477750
720476
793718
891331
733382
453986
539395
838632
267322
540449
188964
546276
571288
90296
270894
201275
769628
220988
911440
32873
546570
710759
81977
971616
699042
609376
440406
214876
101106
538530
719673
6052
701893
117132
209557
536478
398137
138054
810726
349263
415343
205386
397997
628079
203163
597014
997849
921637
253051
497709
1921
676324
721060
969220
521806
512033
537335
568592
304054
278320
982323
613033
717603
531130
512164
274587
686130
648413
239674
962442
466774
138784
46068
562175
690845
986642
995899
893715
364747
443454
436235
270326
296034
368332
769228
459613
575363
267639
460287
866502
473838
459366
171092
689257
308646
761002
275480
782397
247408
510099
763595
801315
128633
380207
397903
692147
279447
565536
216957
247970
156264
696281
672146
346317
701079
230005
481671
938084
109757
332660
174846
911413
89059
446866
451352
993300
8038
949253
414435
970789
714868
210388
455409
79878
258290
889935
407364
960603
387904
559855
383269
358391
280020
40586
462164
687587
925315
339890
191961
390927
313374
751916
153529
376467
675065
627528
843652
848160
711943
888930
680139
372615
221409
857907
985648
601125
664485
20628
752789
544555
519739
571217
34358
410054
581939
438438
637715
291887
318282
858073
742981
472273
218764
673715
968178
493649
892691
141660
226396
7039
5741
13650
357971
521625
329884
145478
758411
288118
445366
382227
651976
990422
896045
127067
218934
313923
501161
498816
992917
216035
899217
175484
634897
819421
49577
267230
248559
314086
100566
304930
770404
41575
117372
629803
984576
606861
243336
490527
126919
994924
175177
936735
64352
419601
904441
149474
763815
551971
855386
270189
750301
940660
668220
190001
743743
765610
649755
655616
720180
225476
511717
588909
797791
723019
519192
799616
259413
430680
816074
944275
632360
520508
527747
790349
999906
149519
137156
820920
256334
689944
47531
195136
575664
844054
40110
124106
934228
283241
704069
711726
481411
115680
679396
680211
905107
425632
625830
740838
467542
804653
296709
807735
746226
854808
562246
326640
69137
413509
858162
334194
678254
914072
370110
393997
975056
886716
142796
502044
916116
775503
106314
418619
712674
244397
315576
295
543490
6680
689608
975408
868039
281793
100958
918365
570537
627765
511159
651548
950449
659687
190246
490212
851277
849878
279992
110569
142787
764763
238329
152187
740098
229265
569808
380092
239380
597473
765701
787516
764977
741352
791971
962035
240813
581384
349113
225306
721424
659720
779578
895782
869638
752425
149380
278050
468653
888582
189118
421415
707916
365222
975770
787131
20900
85538
385530
157636
428830
243629
103534
639847
974883
152517
32476
961410
562571
128117
753401
969858
72493
329220
315891
698209
513173
367294
431729
819263
3795
246556
258290
754396
964464
370066
250386
190768
603644
503926
487979
593895
588035
395848
980376
103484
464798
542562
715669
385329
30501
734781
917186
187240
714242
42205
291910
63010
84385
321306
15248
130897
721347
16013
739641
507291
32818
809299
476422
15790
219087
475457
21513
478906
81031
605988
512614
369296
722724
289267
382707
927509
829567
203028
402297
329954
707859
453191
121688
528636
662638
449459
30279
481707
918081
530507
322168
573753
890390
468445
335385
90056
385888
165879
861559
268240
881710
729462
472701
884341
687354
392812
324507
661953
927390
747565
306306
597955
636838
304182
240715
161475
770816
580091
542839
370848
397072
172620
444177
453001
464288
441315
68720
882452
432565
590988
636313
111230
75069
375985
100225
489472
844900
303169
227055
275850
351109
371133
26176
586654
436605
80991
903684
730508
794844
991143
410694
648838
237109
463747
674218
201439
527829
471770
729646
26660
152016
751349
23443
349335
597750
712138
52885
635524
524773
933223
141653
48003
622648
932087
466456
478217
472925
738228
546408
870186
898949
899818
633880
391791
82804
694180
607973
615183
593656
473461
332216
906318
157494
321060
776200
4463
410656
717301
42973
92887
717698
17680
809327
281920
643260
195473
630061
616086
931018
627243
649945
326194
570943
531257
457872
270768
377105
253539
219176
90991
774221
354921
606706
330788
838443
443087
959134
90267
107068
340453
162814
674252
125376
174066
408291
968086
285524
609405
6435
622810
969800
270711
365117
738487
983375
187912
160531
674397
147215
952436
824597
783504
991705
440874
684927
337723
50482
594985
200632
364334
305680
77647
895707
516150
85408
276800
720979
449944
401924
130351
825952
901098
637787
111244
573814
539917
533752
381578
755204
875658
85748
208012
888594
506312
737054
682539
261059
537191
888913
463078
998458
197693
381023
450343
266777
308267
309545
951598
109669
802715
508176
126556
726149
612760
619526
139358
30825
777673
233342
449780
992072
50059
316098
122589
121601
798506
113058
693089
715107
549884
581898
534203
329544
492763
305837
904416
613916
114237
46238
513776
395324
830386
399485
330360
702457
688057
743694
77218
589627
115710
209637
816570
563074
625396
420350
877149
254664
382219
8297
277760
809987
535950
179746
16026
312774
463901
954750
610031
113095
689282
991106
961467
257595
612017
539662
613943
954398
149408
190903
310922
639503
309057
573746
188623
637783
97369
602347
566975
624266
138494
489717
436283
736774
752497
749405
89401
757784
982741
748823
165832
21887
840268
556314
445441
792776
633517
186951
68684
630744
563619
626692
91148
848648
793701
466856
297640
733674
791245
145999
417527
564010
604952
809740
409031
217232
365241
881406
489290
734050
622618
794107
269406
350311
217200
535018
310200
207366
214009
456237
391596
306636
324821
485179
286107
282124
748350
955275
741561
884640
311398
525100
377081
443086
893676
311858
31960
150727
543546
571210
868675
542345
398589
615791
677606
544227
794306
575669
964499
669592
321450
85251
287946
974109
418762
79774
919211
342141
820833
424672
823029
13085
165814
873799
991482
642393
647246
591017
331489
605836
38535
674629
72791
92015
657492
164341
296660
530649
684438
953281
3014
747492
715539
71757
984732
764592
214037
28082
873520
952385
744609
117225
904913
182020
45779
396003
884588
46639
513107
428599
748311
905413
881078
57779
516475
425913
212659
704659
882267
95722
610367
248656
608389
103053
447176
145551
342099
603049
152907
373050
282782
760891
750739
488108
861185
665209
215119
298950
357317
637620
8910
335007
215598
605398
177305
321112
733473
840459
14189
140749
304
918973
840211
389991
655364
93047
299678
915214
624678
175851
403649
600060
671018
907087
222794
704877
12152
152033
38271
214770
592376
472651
553363
219685
317081
83427
442245
316087
348991
382281
678358
190693
48455
809395
197989
438921
611640
887558
37480
529549
740039
797594
961545
317562
196934
356448
696283
998894
89643
515680
232375
531756
526649
731482
691831
930382
848589
955790
547342
137813
158791
456344
552579
284577
473043
401587
923848
738940
173523
749918
982139
948368
686123
624347
809528
768249
163240
381076
715481
225077
817358
68889
643723
213624
878332
860932
716366
239965
394046
555134
820553
975734
893167
98074
57735
639748
693961
348063
871058
37186
698315
416099
75690
146204
112965
118674
847586
618237
630787
26126
838552
659206
455764
383024
780943
593882
678198
591789
349675
284246
853983
498133
982344
374878
374890
4148
598774
379154
675741
906203
356437
288736
306067
249977
173194
637940
380810
122722
496283
27722
428427
238514
179949
3555
864050
209163
970647
109141
151833
537081
274466
898301
439461
921463
594015
420561
878380
227275
269029
310672
559554
890572
380262
852506
843487
785476
789933
708444
765230
986864
552695
65059
6068
432420
453931
760914
690139
798987
589942
523887
458843
309772
955655
403799
200260
134793
80292
333650
980970
695041
155496
331265
621229
601621
48666
49524
33571
757160
659562
62232
871205
790047
204106
173389
912371
880584
620774
267862
528709
40278
535874
192298
848431
189130
948207
360231
920367
294894
329642
440230
484566
680188
339729
877673
290193
603419
783747
596465
389268
903241
746898
209837
899874
779220
843175
242316
566586
346178
164915
449267
658209
246928
771726
98954
704649
659351
341230
734449
613147
13131
417925
551825
509286
709406
597814
198157
298211
92226
899702
754390
378276
642571
489916
208798
320473
253298
426404
699428
7871
638582
648742
395566
196838
410716
561197
34709
328157
693080
7831
968698
900156
49476
877064
785430
526669
554381
763243
990895
634327
434221
221382
516263
449993
851090
980025
206767
845888
247966
248531
977944
684021
958792
225361
177610
66438
623967
844852
198605
451039
776367
507582
16005
858821
743676
87048
728699
950399
530539
239811
830742
466081
810432
265097
862504
568310
217922
600479
757476
747977
83259
227530
814894
988752
521564
296202
353483
597366
898557
788088
738743
612036
678529
892855
888534
949995
859992
663898
77634
993648
747230
759186
707907
932340
259744
494546
218844
835487
282687
825089
36930
90985
810094
572827
212840
1924
581654
545829
745589
621161
155800
856907
751895
977406
94258
938839
911665
832609
358395
552720
70384
338644
959944
223085
642427
386053
51121
844660
335049
40120
85166
540468
734348
722963
486874
996827
264843
880198
253146
317813
524173
138773
194455
712386
836529
505859
932518
604466
236315
611036
710153
116735
8009
40160
661391
339175
894211
24967
68374
647621
947697
747125
12529
208459
876038
217980
740580
826014
741082
966984
634764
171598
495702
960235
215132
116593
941065
526406
379586
171739
507927
198480
688936
415035
473232
953798
290966
825237
961439
906863
524148
245015
863833
377227
709869
323163
938485
59992
386864
73592
440603
618240
277328
394885
534165
534370
871883
559084
896354
143931
805096
615974
113833
498609
157241
345496
603467
718332
395648
374346
912913
967217
235502
838656
730564
828460
639239
322615
181788
261146
654753
26173
337424
165793
55306
115245
27916
37356
945609
476614
243393
57686
376829
334312
816214
703218
230243
139946
159932
295541
33203
671962
672287
355969
679657
674706
905400
87182
381857
827763
403135
770807
986715
242945
8126
661919
151583
530779
756865
396606
930170
193429
614442
305612
387686
457972
348961
957192
82119
757189
651048
678565
904786
853914
636236
227666
513224
531874
849015
250276
908960
205284
976035
802659
508739
938072
788393
663342
642545
543778
785207
860939
305729
905708
540192
774415
3973
6430
432846
8678
129804
497469
153810
961536
762561
238301
179100
948825
518768
346692
200518
282146
661225
39453
113354
952529
559421
69909
792788
960002
196389
546134
398963
636872
241154
451998
228585
733589
595072
305211
754593
455489
244755
965733
189440
224890
350499
210872
491476
176905
14852
724620
309737
953981
596830
509619
95994
652534
340012
68174
179845
147023
691872
836684
928247
71209
950947
513344
835079
102481
419001
983966
331551
296845
858499
485267
525940
814664
685598
802558
337974
421911
144361
751758
33763
164967
48101
578617
627255
30406
205237
235221
149566
788618
146500
314199
777865
285281
448517
279271
737279
257655
118294
950748
807563
48638
227006
729305
224243
241245
970389
871427
730697
446903
495491
398046
474170
896726
95840
472323
218243
654196
493307
79616
768004
392486
16118
613004
146413
453605
52110
379941
588436
507899
859193
397512
265257
843911
490728
672204
225729
184684
780460
689372
260238
151132
829941
933647
945776
516988
654133
715430
117220
420533
996706
29473
556954
910743
640411
899774
117221
566889
672610
800527
153292
723985
797512
134647
969533
482396
311718
987521
346849
21355
785159
289820
669451
743035
594723
904119
853386
232847
589190
392949
302685
106236
586640
176205
427078
182161
354133
14849
372407
257697
435748
741625
759273
119726
900389
702012
333132
399859
18972
216586
586201
359054
939530
30872
888515
43016
377650
537000
349131
409602
130425
255365
151219
449023
863782
947096
245322
737416
515338
20010
180646
561408
86201
200247
530032
991556
800374
129131
656793
815422
101933
704124
904107
871431
111321
272291
280058
945270
277254
772600
479545
653642
831921
311145
940136
858863
511755
226518
327531
127408
715676
378188
753335
452410
111620
660381
816101
903753
685277
570009
575145
504370
441149
500587
347356
362891
48408
751569
541813
460346
798146
726201
917014
950233
113553
648437
606658
272899
578785
987739
114413
196350
71217
572348
678252
86661
361130
504127
826124
603248
220352
939929
950142
912450
690865
31530
228207
230927
42923
688311
590390
629320
464586
258112
860839
859685
65087
293182
989061
444781
174668
824315
707284
230757
499115
905357
172555
368531
154831
466992
69672
27245
375426
139455
797278
542819
398765
21135
452330
257030
255926
5928
298819
338835
57604
7841
940912
703008
378974
198295
128115
122850
383345
959370
38115
634969
172912
255380
674903
936600
51286
813766
771710
458676
996935
149600
110284
292041
506580
444397
515471
598820
771485
699897
84384
491408
603025
954352
258292
191488
702737
334677
181330
982870
205235
736219
579231
482574
512739
12259
478933
630346
40611
140307
909330
709050
88690
648783
38733
902119
391627
86295
747171
757917
860356
970493
350224
756467
950359
473153
526521
209272
28862
945995
266661
449596
682487
554180
7436
528952
223335
322257
836680
604699
330139
281453
991208
743473
837545
729889
644004
263474
256501
162339
994282
781733
325904
567497
875350
545839
618938
82984
251713
327292
791688
388941
49841
952777
988577
703959
956846
197835
448738
226351
168756
990911
751905
459302
459332
424271
609423
426537
942741
284894
190519
546083
165992
728432
804899
572336
993017
988217
104093
362297
627857
699137
452755
588208
261176
359408
929748
328105
275208
996283
7479
525140
548253
361899
533786
21267
29673
958407
363208
823100
77732
130782
546612
541676
349472
111091
503394
686534
750202
807941
195877
816967
340077
139193
505731
44231
276096
938534
600116
601167
787168
321917
129993
890129
971272
136339
823274
738632
942556
430797
649464
235565
129110
25383
924561
296083
74455
506913
822065
924896
273695
686406
594294
917800
599448
837466
708156
619175
337740
51359
612134
133019
208184
829380
891006
512316
352120
74667
607604
440153
315489
8725
674179
714512
732845
555117
18737
723626
730193
14829
998389
200529
699051
331569
504370
893038
249303
132758
445346
777571
810593
694030
546126
42850
336468
574596
144121
219176
272433
746534
772061
657114
693116
748500
751117
618938
274160
243555
72185
135622
680402
172494
187344
863661
338850
709945
174912
854191
906862
660899
739353
507088
879938
511017
844367
321720
624506
300017
504222
194346
389560
606521
70984
923551
928560
975100
884602
773822
306464
951550
227917
767867
465181
910965
42599
681353
733961
503060
737218
127805
241761
626740
841029
373825
994931
13985
505998
767665
930476
464959
962897
747477
344143
492248
335066
251451
712834
460291
773614
404209
192387
870129
872079
594972
733624
648663
89055
189240
689379
595572
700060
436909
871668
549310
532554
610570
306552
689517
128366
823840
518448
867875
617078
203134
65340
894262
74998
777476
272118
493852
397261
816550
839516
240434
521510
591615
747045
972073
759386
65935
29556
402317
64755
772051
747626
901811
529420
986752
522134
573951
363668
956507
532808
177231
318129
192695
640643
386696
674241
519244
909328
884091
603323
823857
239983
509811
121396
600759
612905
226781
672894
846753
338305
612564
96491
112003
254600
2761
560175
547830
81808
455436
689315
256181
525240
276345
81318
98007
681446
58625
625310
754089
615444
753364
147356
820007
555713
855208
789213
328663
638407
407849
611053
561987
65356
903997
395623
801361
318098
605746
963863
718144
169770
641223
77248
905665
874182
327508
932089
610608
704171
8086
355186
605485
525125
230171
832980
277723
556564
789894
230407
397813
800325
895104
120909
459784
872220
492156
978059
424977
193292
289380
161448
371315
916649
966629
944270
642324
936692
970196
963662
148374
458070
804091
996128
768301
507496
648837
651783
346658
87791
751937
404115
10275
981669
422358
913280
875588
573618
165956
139260
77654
129402
127634
965062
35170
83855
623962
550386
119939
125511
689517
282377
34909
752233
625764
294669
761854
503105
416836
311834
195279
308627
481677
827943
87222
710124
55071
954220
800652
736467
191370
909086
359606
10911
996848
826646
260450
873634
945689
678159
297504
489603
998611
229774
601754
360106
722308
47772
583410
577812
487822
511087
165430
91014
740701
812647
182402
663326
205712
155060
760627
841732
86721
224852
767171
128768
359347
440762
25926
253798
974871
243722
727616
350700
627771
557825
406177
808732
648208
513650
693278
690148
985942
984939
88940
640395
525478
139638
773659
355774
722971
886523
66190
136521
429662
793347
64019
444769
971149
254103
372707
375453
826312
672455
839095
25093
141976
201030
888132
827267
401019
996915
400341
691958
952208
233266
900549
211238
720603
282873
844757
814609
665846
124135
86320
983652
470357
540238
825592
214853
746164
878225
42252
538125
31199
239017
217305
470611
16093
132482
339034
33060
556410
826626
259053
493454
242160
185129
543699
142747
410226
655315
328900
567836
438996
352283
991725
581339
678234
330202
833223
229490
28123
376269
278165
149753
639761
688404
747898
51546
73088
365847
80756
440514
567425
992323
670649
494256
996523
412146
361964
923887
269340
654505
326204
752224
194729
550522
193882
951409
225760
241738
674196
256362
306422
387501
278867
430310
209298
690541
758253
810526
27060
328746
956456
658465
544644
820123
110284
276960
361267
312243
659428
94949
5712
412574
313681
821092
145321
585706
999498
428458
438491
178115
642419
969330
666745
740311
650521
914071
33877
804824
185864
211171
258478
610975
293258
844933
455286
77870
9340
854113
617150
358414
517774
211138
103680
861719
932950
953515
625609
555534
542354
999307
436865
967592
910456
497934
423960
870317
641660
760912
4687
81976
613598
2156
276000
535067
366060
964851
646603
800223
198235
341240
271231
317864
265982
126344
684001
889655
933985
645176
967803
21578
87173
849046
489540
701662
936759
561281
104264
177877
345359
480725
417716
208562
299202
552062
828736
905472
980389
674350
559289
26451
233343
117865
427050
536166
919305
273533
861798
424995
114820
320784
741045
389954
905207
51730
591193
340553
242372
255185
125947
288817
584998
270634
510199
419625
169801
691165
319553
841715
138118
89786
281522
94637
539130
996344
567731
642730
41922
330725
377156
998143
351892
840695
286826
468890
554557
951296
941171
844172
324723
325568
214951
541991
898390
379796
107917
241410
294280
220237
770710
175705
76965
216028
907499
561169
16161
296937
232206
386714
127933
399938
436399
781166
338918
316528
37390
722998
372458
425510
489991
504907
940887
611475
649855
674393
172786
54294
190569
747488
222545
181009
574198
383956
138134
677719
56727
611237
529736
348927
588016
926937
20495
539034
407770
234004
736524
17217
744469
802554
281107
585415
190473
551147
658758
588813
208951
53229
345551
91381
345985
416040
417145
22575
474258
182090
942315
593455
975787
480138
733571
610559
864523
88714
783883
839216
982522
484374
514075
969580
392883
638666
609227
325095
833068
821840
65106
403828
914051
589189
723008
842996
527943
115005
584468
398633
589343
621533
263035
916456
506523
496423
453990
600557
100949
721875
999238
724616
353923
444824
865767
132982
89885
944266
710822
725195
716645
580957
470480
170826
443671
294791
979417
894039
153775
753796
385718
377027
797074
783091
371863
238279
734810
70430
278340
899404
951041
574743
225811
26471
378025
245245
155396
850274
639365
150174
697785
372149
223592
631926
591125
628820
408360
425814
126959
222626
636398
866656
760051
796483
674973
554479
982869
542671
669277
919123
605811
27618
639043
7673
722375
115856
170591
239018
17157
774710
477345
296042
322519
982123
844840
506560
793139
160534
328105
882262
362069
486041
92600
542454
78430
68331
771510
4724
250697
200452
855320
40107
196806
910129
554063
516895
915893
745607
653081
939074
968768
236660
972196
454482
170645
940657
76506
823135
411775
170324
373774
577962
686560
239617
165633
253417
295181
576384
916560
260776
786118
554795
149886
987337
988496
668606
413978
516140
581297
696081
181965
945833
696968
373729
504386
430202
356550
761482
766450
333430
887693
660945
326987
102392
437795
444829
893244
932190
642834
5446
894879
530029
274272
943750
915204
92242
310822
483533
649494
732356
768528
450224
578029
870469
822640
380545
812847
639494
561726
813881
848803
204330
756336
947218
402132
449251
240818
746802
657310
562297
95747
333377
126296
723177
561324
378587
405982
241258
146653
915041
390457
604491
55141
672490
559149
315447
854669
358424
251680
748379
575954
1925
495714
308510
290750
823259
188701
906447
222370
622786
891482
435165
540530
202741
708909
543103
925565
946798
961087
664180
530759
97280
541494
263652
349957
782467
867395
72422
107060
964585
862535
327579
697622
293999
206115
364151
448458
964720
972122
496480
712262
300051
157861
469614
649844
505061
18068
723155
751527
34433
3164
827988
189177
522348
8961
352821
636738
266941
54305
220787
353847
530425
644762
495083
218652
622461
246297
665496
217063
817300
658560
258106
624883
446633
14387
746961
913949
762902
184704
927688
872191
691354
359080
308783
702919
246826
598990
75105
367027
152094
574971
280069
414571
528396
288396
993775
23290
666290
543865
884454
2283
138508
692674
914881
7932
311366
833016
912362
506433
822668
965925
474948
445016
430269
741145
318249
363013
458941
485074
565196
564074
763177
605703
164862
412132
475238
653969
158540
16772
971154
64310
790085
480104
123804
448532
901337
42358
473264
892263
20700
242292
698058
658487
434794
267143
5164
163616
593765
262471
762667
379455
456666
223099
448099
974262
938882
124726
732874
67997
416548
118797
17890
862982
326551
654899
87880
129834
874150
823988
621930
387828
150604
788426
953174
920874
97822
853343
237997
69044
41160
334304
109878
725003
739759
939002
719311
977215
626294
846645
229310
463396
677021
439721
562981
430362
674371
120032
795732
208696
482828
727178
430968
619477
946653
580951
40050
474738
106756
338677
308419
259079
257461
273638
998499
139945
880431
732284
425009
760788
502014
408564
11780
819227
254169
734125
960159
516521
735531
753347
799811
341043
592687
772173
462431
357628
929716
962223
208547
878468
122752
627548
542706
51470
708177
405867
900470
948493
746238
716885
207821
588842
857533
739401
883424
412660
614205
873580
237653
732517
856627
484336
976026
304205
963571
770704
615202
640926
768180
475621
468781
82003
121270
432872
247487
372349
366335
857157
824882
251755
695360
351768
90919
641653
696663
522246
643288
952037
204590
145851
672905
343555
884672
12539
65821
378428
700988
926247
735237
335278
317314
994511
511443
119187
222858
528942
911853
492935
456996
703686
274461
313463
54234
116185
220804
799912
37617
457281
89711
907681
140047
155053
639298
577463
101174
179384
868048
430451
130286
728871
606221
672929
619521
361791
746075
515960
571744
410753
650496
570721
212579
972291
624633
904229
725614
252332
417383
312376
530543
37004
77992
789212
905411
901078
401281
255732
70648
644091
436919
146662
123117
239331
716541
487595
574614
961738
748167
868790
396508
585270
302652
96702
217313
70801
59467
346154
217953
866279
266261
579544
230452
26556
825096
136971
947952
41739
181515
456239
530923
376535
544213
197257
199774
249520
923033
462335
734500
802437
438684
688001
20450
399968
902886
983571
213442
69762
962902
228537
739799
227099
469264
271934
751013
423654
752274
394528
770168
399583
274533
14875
34354
872418
467695
66320
665571
315809
178469
524434
218832
948738
25245
796878
21334
954259
356737
978196
561960
446571
186976
693126
780917
809822
900702
15323
861157
509148
640140
142481
461121
487910
268883
895341
663538
87278
658249
67632
490401
570635
482854
867480
107902
563926
708432
126479
987997
966436
226578
460341
648762
648287
389803
357765
758429
52931
307395
57766
724184
24371
256248
468048
179182
412277
995671
77721
530638
805393
798631
771675
189628
54145
702238
473284
669073
818261
796919
451770
746457
337958
82075
918505
847194
116852
283260
424042
567924
925087
198081
274641
416164
471806
778779
408531
524258
274848
454775
315218
802155
113053
544716
36615
964505
275031
62292
391819
962349
726354
326103
72514
797359
607853
215586
230244
654956
649341
885015
808873
297695
624645
409310
868049
86826
379027
823545
948813
24963
921530
951094
729805
56364
208615
789181
966823
425690
226018
123849
906529
181367
498595
347188
468187
739267
620814
922154
717724
674838
286029
680256
525495
298880
153801
958813
306137
79633
718661
619926
125426
868084
642903
921048
439550
198902
62211
124030
409967
478181
628533
949571
555769
569747
919515
588945
381306
321530
118109
857016
654915
802489
820922
336826
637447
902396
25536
862787
956767
367291
938791
790133
135607
226649
348747
158434
24857
63852
150597
760147
414356
822044
311909
654469
974216
7460
945869
208179
809361
966646
476781
179726
739342
872507
69014
264650
363853
106232
263421
920530
510164
789836
18575
473628
36558
477462
630955
959446
444625
252851
688833
227456
773896
130917
592837
180243
623106
41743
109647
625439
941526
53020
920722
939314
178992
380736
239671
277620
208637
196950
50581
913936
30511
895593
650639
309581
547821
435470
201931
85307
274970
528878
453450
368584
16961
780898
854761
486194
340442
718839
75379
318615
651131
601809
363680
762408
358238
762987
354159
132476
469963
505084
835035
774336
829218
617397
481405
862605
411143
895847
417598
644050
45034
480770
37046
309360
417457
838969
807398
447589
230981
892993
806158
636383
769398
626039
175084
200626
889996
135521
998227
104741
93739
611084
404324
66087
967138
649813
445483
520991
271696
840068
528728
855329
248179
356883
178008
657404
515214
601804
102799
170608
990646
172752
145589
216701
431290
530996
741322
930006
894061
755461
20727
859892
841938
70700
383811
568328
578466
14445
674350
92936
182204
367945
16877
54507
966634
940548
70723
63088
142219
812353
958585
14743
407203
540745
910330
359731
235324
627818
786317
544279
628982
328508
50927
74158
1202
172671
933196
755239
856279
457056
531802
104205
628415
711898
789458
841396
302338
758201
783628
655759
925469
492218
6903
515423
426174
963599
849522
5830
508206
600255
422153
814650
801051
487529
27279
285140
340865
666792
670484
531080
278005
451026
641923
695663
693838
755163
779547
239361
257712
878359
559624
776926
877430
451805
19741
497739
393019
191687
180208
118906
383429
797205
769683
445313
357647
765617
995818
295853
513138
557005
245102
223472
525231
581673
625597
673205
713115
305200
84699
129876
455336
879746
289737
654113
397708
350861
121600
704863
246095
196180
440586
740242
370230
282194
531198
328178
794183
125559
920022
37499
284473
897553
432814
184290
741562
471494
829531
772002
31964
1854
346982
148403
954717
959325
418212
757212
296913
567598
747699
970400
467630
534299
435603
996756
350964
741336
616734
842384
10807
81888
276646
920260
241802
72408
552745
550690
837642
668047
83955
491385
353860
176935
770129
823010
195396
856653
857325
611859
911611
454691
991435
421777
18188
646207
598495
648898
585203
729997
500424
5856
780818
732176
663021
126474
715482
77765
86067
359028
683282
523688
812568
209471
62471
407056
410607
854180
200657
205557
464440
426121
627005
501970
795483
423798
480092
367525
732097
658401
560487
261588
336143
351525
605325
995370
190336
875473
791579
451326
67742
106333
928519
37940
295069
737592
843417
443037
942292
793980
325815
316602
561497
625155
425291
951390
146615
258899
667987
889841
813262
295669
817092
669648
934024
106531
794076
341138
888372
147167
540867
943014
163584
697376
580957
757144
994519
801639
987439
669042
440341
742513
234411
386879
885923
519301
521626
155179
434292
711085
932004
67654
758811
783361
266623
328423
12614
448926
350770
915565
830811
926326
689989
94113
134829
937409
793799
989559
37275
930514
705467
323827
344325
214788
549792
107881
714796
592723
313180
418973
296613
1031
575236
591560
509306
995978
935563
195772
246494
263579
149956
33951
435530
742107
189205
845267
242744
345093
926522
208566
626939
689723
157811
964293
185849
24891
603788
766107
289607
892784
161095
267992
826271
297829
800295
475165
786944
597524
71835
214579
204002
393821
983814
841035
354645
989906
607847
151008
818741
994735
750826
254968
225356
387495
717258
43978
979076
20441
958881
578234
512391
974562
740237
518336
100341
908939
253825
924582
105857
300579
839845
471088
335145
843240
638891
854677
441424
384927
491760
721260
643705
162371
961930
694690
667618
158746
822388
282919
663163
121762
962067
231593
942465
462443
836324
771321
619132
850558
779973
103433
391121
628859
247708
695382
176644
604033
137064
775075
633999
583621
999394
507739
878359
164678
802447
8280
978705
972503
286821
185153
371121
793115
523159
44749
482762
650511
325311
294695
68871
677953
641000
665962
464644
154015
793781
198667
927306
755626
908336
562966
105253
198474
16243
62609
64484
740090
606061
354045
607789
951779
780433
765818
848698
916743
604641
300682
13940
334484
854867
810542
444394
245273
430493
283756
41646
366740
861730
923762
109708
386089
997049
397844
878568
333488
96982
60274
480947
818981
806615
228405
44041
264067
831917
942264
954411
419114
256101
298179
972820
518908
355282
153714
142842
496392
35481
293428
175778
505758
24217
63215
961952
136642
396148
807041
422314
513019
271487
142370
119640
319691
448770
281637
588475
742520
356140
232861
956759
914441
425622
994076
623870
937677
768818
287895
704778
479572
193040
83173
149430
923009
971212
823334
555993
85303
316760
707520
448577
647665
809378
958597
16232
137390
131361
350961
703510
77769
866369
538063
461650
165798
864809
396410
758662
482505
608485
323009
206190
229633
710261
855012
296316
923073
281521
75963
809548
868110
36759
651254
337791
877140
750323
628863
200822
34900
968682
747132
936813
707704
694946
745520
940785
301896
745361
548417
343103
895668
120801
726740
297915
873937
696957
740372
883722
818657
557307
836050
322700
525003
331814
434247
218553
31977
974630
205044
68823
817536
49870
823786
422869
859659
186243
352038
635528
662128
336580
812500
337919
370708
376089
151860
117956
704010
494428
807706
828914
296806
663454
143311
846446
99632
870968
458197
673347
357748
425136
201224
724574
638839
720004
185824
540579
774212
610646
7699
898217
750115
8883
97880
917849
417387
930049
974021
760030
791087
67909
841690
442505
935764
780879
24406
288517
931139
129283
423111
164849
439865
483844
90848
392351
655739
620926
664194
501417
983271
116240
593181
392619
750118
749205
68080
315040
183678
994638
314540
353372
247172
193197
145270
169507
712431
15616
153548
351141
896071
493944
223487
990039
325499
983510
872350
734703
520274
357553
576883
191740
900602
139878
88423
895327
766397
387932
644928
544810
976593
598450
388107
215123
513678
525192
949781
677460
595066
305511
462803
542563
596992
691214
822625
503945
427840
275866
568999
205474
547775
440273
658200
978352
884863
19467
72596
276443
625450
533949
590510
853705
240040
641955
819143
744790
132048
427913
11417
491312
544826
915383
901776
951314
566643
472247
166994
871195
562058
581956
797216
924618
558087
16337
725204
670105
647803
549298
48138
179315
303091
155819
418331
435474
345990
720212
250373
711417
738190
366309
135910
73483
667955
778852
728743
361543
549603
587048
209526
54497
730910
751944
883563
424189
360557
164774
659596
991818
102258
769297
265260
330489
979803
707547
637166
934745
679152
160569
952743
479057
891724
314256
53089
319865
874921
363234
369404
680149
119636
50004
842160
429038
172863
921499
403053
46927
493813
111107
930531
763289
620712
148252
468638
614147
753638
96705
134793
734962
116714
762438
694867
945073
743503
887869
703278
82765
10336
864741
486964
123216
505354
758960
519076
503000
578099
512240
266123
183315
92963
5597
112766
492505
668256
968261
693635
776741
432345
746192
312656
968625
834296
464623
97451
31214
988890
978657
259120
626141
6171
992162
874545
197901
718858
242352
919992
845745
17980
645115
906791
95837
495228
490472
396673
739357
329760
135874
853889
732594
917622
687678
680552
344490
957918
34857
378068
854811
77553
79280
108300
976955
218335
531787
206104
90783
278231
890695
460749
638478
591455
446896
823271
745218
5699
59607
28174
344506
858602
776197
378427
212287
348484
592060
333044
762481
542175
268646
417395
420044
905241
560093
120741
823293
557616
49878
609678
655451
945589
316139
621961
269060
399391
671491
252461
491285
787068
978271
773260
526853
890690
122884
320021
430238
705924
635393
500377
647449
878080
177628
732139
571094
49493
769117
393056
341301
385746
794614
550069
486420
928169
581901
124944
810917
941506
796136
844063
926634
589356
577076
828765
748048
392622
740146
382259
62374
111292
850879
784891
37944
225221
170878
383903
883596
585449
468324
663008
954424
689480
800991
82931
526878
545910
690596
245829
898950
168266
916052
821408
68566
989141
236810
306789
961968
660656
138755
319737
242984
814895
349034
53693
557345
226418
872896
762037
334339
543705
609701
782986
119578
601559
744261
803818
631950
492896
844322
656845
424123
824572
48569
141907
683820
436094
2196
518217
147577
472077
11500
969547
937082
616673
958520
533187
525543
910218
672918
720655
909262
752042
62101
379841
980207
552515
832797
364864
378359
950827
94459
274955
239512
768540
817485
660574
938881
423464
566406
993389
226751
98057
26143
557773
782896
689687
284187
43506
469343
212370
107124
589651
604161
900959
997991
508330
529931
900176
580313
522903
731502
878108
567013
219428
168688
909102
95939
456675
699432
400472
400854
236468
330902
625512
786898
539171
309853
253907
185799
918446
224349
150542
939471
703396
651121
574844
812752
39976
257538
673666
650223
787925
893510
150966
241170
260412
509209
955189
316943
418184
704438
808659
92214
635203
289042
238574
673527
424433
208469
522011
124914
548954
82741
648834
75418
607205
268465
408838
252932
529184
720808
631580
899474
184733
655891
782077
787062
827382
740325
169270
971365
87472
840318
278365
439195
784253
144518
972574
398020
944411
779500
757107
514190
742939
852667
270258
108873
879612
185494
244032
560695
331126
536272
696291
723446
484114
318698
572982
793223
90358
954730
161397
642746
313855
707988
210808
756536
251335
213320
780477
602412
267334
598520
438942
353103
996052
94339
246177
218384
599692
527219
408366
278172
164172
944976
22555
920463
161690
630623
876707
831223
535585
814650
524086
294976
101977
969869
709610
422402
404100
850922
490063
461604
651092
876106
960287
415147
775018
235041
962772
827363
11961
670108
446804
518952
956809
696058
474952
890065
760856
844676
696074
681082
646682
199275
540413
547757
848801
891644
545078
182061
228889
728002
269783
974494
985002
968056
660733
237780
64768
279081
129999
933686
738215
294310
108023
546638
73679
539043
321389
514417
48815
245743
473967
459269
47558
23695
831053
172212
129277
631286
533344
47788
497641
69410
919963
162000
348396
64853
259833
16702
26235
76526
374870
785085
154234
439589
133210
787843
473283
1248
655568
111841
445893
277364
670228
907468
848905
200123
943723
803209
517776
755534
301101
569524
90201
310815
541853
469740
524094
482102
45913
564511
917950
957958
746156
256621
476950
855851
366785
505083
81288
322947
231731
753367
895101
271206
997823
649347
260230
705219
914267
479392
892798
85400
563296
250808
181132
391565
228258
208424
397893
875502
144096
526504
997486
607875
930839
508537
852958
291982
218289
551274
677250
612257
446619
618694
488635
612249
125492
59037
568994
338747
802848
210606
293803
605609
753725
721006
451111
563328
1198
2679
829283
762450
441874
497360
850222
238715
316569
895253
739256
46562
831725
267779
480598
255886
668299
682466
854755
539362
327093
515855
450688
104694
234496
889381
712251
317524
652232
118216
260941
482124
836548
375693
604414
98996
44852
205641
116195
36224
92919
638389
834375
424186
187833
915003
217320
542
908425
956319
530520
996052
630152
885197
384389
218314
816637
935483
16530
156013
913862
679418
399203
521797
903017
858655
49592
228843
520841
984712
709681
323687
904308
685517
621872
649898
913817
762885
533083
675748
514327
544882
62208
502147
558256
385674
144532
866442
626396
29795
294740
268041
110970
90362
79949
116159
855393
203295
955958
724168
510613
631617
822395
30212
58070
980114
627733
460295
993298
262998
658132
299894
564282
839309
862654
75652
209137
584315
267345
913865
607585
97617
716901
2364
546472
559033
775662
257165
923888
151939
164701
278370
323229
813991
419429
492331
29471
786422
290139
767204
183719
782434
582134
180519
602741
877606
90614
273643
573776
392467
626210
10141
873936
734137
978537
581081
161813
34414
653098
440005
25050
761598
718159
810762
767203
250479
747732
879792
227540
974575
928678
547093
366684
451996
931750
463242
947918
456944
123532
668874
511312
91656
563433
60696
667308
428367
165573
96756
346884
312331
811686
411385
119714
252868
998514
303062
900846
406476
592044
85479
672312
393328
391322
90479
122101
223353
841799
93172
182727
929119
601380
27192
612149
876491
934730
163791
542266
843719
782363
158690
583033
188485
804678
233918
174286
92745
268840
717017
214655
512435
543376
690468
63697
621293
382619
738694
588087
327917
561854
806714
891045
100839
31203
371590
684164
591059
939050
330006
205630
217174
553872
897462
184248
465872
184877
153705
787296
438721
136343
160168
85723
32088
694820
844154
532833
838490
306125
366188
740901
10091
572783
601262
224492
529725
479083
263434
545343
720722
213932
765697
294972
880495
456392
69572
838726
74783
594752
431180
968348
267744
548770
230870
245959
616751
768142
833983
432237
625451
369813
284791
411587
211304
889661
490021
296288
212563
404577
3031
635756
159165
199861
324516
935991
30854
202279
553057
601446
79911
815714
360700
131400
579035
647596
447928
391495
862379
85935
537541
743033
366293
754773
507963
108182
44760
358284
479987
144004
800095
320937
949250
674319
427079
900969
588307
114932
976335
691602
910496
497820
669211
681912
187981
76902
85541
670747
539361
453085
454593
7278
433441
135433
513930
948786
338891
156385
155566
654401
253292
297374
236756
22951
405662
814762
953509
332971
214178
600951
565438
499563
859350
734957
677040
731173
347091
384507
593714
712082
652261
7695
410788
823404
141736
966432
524672
241297
867643
194856
355231
891008
522660
300528
730726
764479
527616
813699
776139
334751
165669
781636
804039
428951
424150
687516
990938
491534
595298
180171
806518
530421
68953
703904
546697
535120
523116
512515
138602
834196
373920
407216
690591
797548
671982
741182
410569
552662
730427
665181
16813
132586
955375
15775
41887
451195
218036
556589
525389
635734
853005
797466
331109
666279
746128
442964
425572
508475
693186
786742
296636
532256
958989
141371
336161
474473
940192
430478
632305
169806
314723
280061
645182
235312
91798
350219
797497
359609
635077
188708
79228
254946
6954
395051
175155
222606
811231
90032
728040
110292
726334
296509
985131
212890
214039
781903
822810
366876
119181
991650
456722
533964
429389
599141
435826
82132
184812
884813
767049
713143
753692
116934
760028
451413
451211
919299
317013
855117
561689
875638
522826
771005
660211
130972
135401
293796
85009
428016
89854
715369
566088
17599
456993
336245
768012
267483
893375
537723
157254
370601
857219
975959
791118
663958
808480
83028
42374
539430
379005
393928
774226
810989
925438
445594
255223
374678
450796
398180
741135
955360
4288
676979
311398
251753
16657
82219
250101
775203
240279
623624
598777
37859
434715
45631
596014
979864
957053
245058
308909
362392
825505
354659
98783
891606
755832
436432
603677
367216
354086
730428
738086
785317
23573
603167
30460
403236
23318
861011
657819
577663
437999
613279
872983
108350
730565
879057
594001
11088
188647
649092
591061
267421
813172
400962
664403
282103
969579
745026
814072
870830
862413
904082
86697
587202
456369
307984
12700
690995
601764
649298
551827
780277
270842
847014
686965
570112
781238
539699
738634
756867
513169
928446
369490
373176
435178
212873
769731
674835
153419
269333
773982
920532
968084
611081
67245
655228
317767
526059
674139
381980
111983
81354
11823
737288
881453
877950
995879
87403
524512
924296
464365
751220
307632
4307
138936
140910
264760
921052
47106
309550
245262
915501
824545
745701
45040
325060
629189
218389
298828
524243
289613
378401
350123
466593
41734
182461
950716
435982
337216
787652
144761
747379
546831
734312
928888
927400
856155
273731
809104
848735
351524
519757
416678
751405
578967
276071
277523
133353
954693
425107
330611
125101
13574
668231
916237
240442
61225
953622
362010
689976
147286
987342
860404
368794
612291
320417
471644
100512
481935
990267
517288
852278
254014
521842
630791
329338
103570
170140
81714
733851
960450
842554
197106
629340
22490
668177
719560
564600
832942
987481
895420
680864
794812
540175
477125
264544
907229
665957
446289
689119
646440
839705
509235
969413
939748
698211
264551
763063
340967
173256
514
109629
708559
532620
357114
19269
913116
619204
846799
73217
508777
71818
438998
798251
662149
927945
546784
857000
880626
552375
405771
765706
310521
727715
211557
149744
899880
155876
504504
359560
830378
703793
623990
753973
108545
93519
716930
93900
836834
488997
920792
441399
340781
867947
328091
715324
41735
6401
612218
86552
379222
789212
106749
609477
99416
91
616306
842011
773408
746360
872366
521491
571951
416153
81090
638566
12075
474246
677372
401428
242686
476022
789463
877632
667726
174210
136320
981752
465684
657339
606789
179091
171803
228247
554396
485043
181463
933510
159182
565482
368288
812002
393279
786105
933514
24581
426202
215732
729633
591158
647965
103361
454598
438779
868670
373119
246177
394322
12857
623939
465089
284986
437943
867517
733656
130540
130524
249465
204748
440615
122541
436226
381627
589801
410204
971361
472398
940281
80626
98435
260024
233761
671960
86968
340940
443002
651842
776919
438969
795807
602169
690688
115299
578371
594691
547450
98398
399263
638064
667194
844169
960196
559748
161157
233733
47310
171836
654700
897809
881913
816063
970551
621700
805325
747427
525725
818277
266741
938904
242478
584682
555054
444661
35155
76300
856347
520861
115886
780675
910709
232653
4315
504547
496287
907846
888856
633939
121367
354065
562817
431909
684937
727604
978675
282455
934461
95663
786195
898405
539761
813747
950887
773577
912578
959776
976801
849
711299
430521
645949
20954
612976
597607
199872
954286
776957
23462
240735
391096
774407
67536
457602
344160
18924
134276
837853
174599
241654
707443
619390
667680
259058
628423
205542
353577
729375
459056
36110
855942
915394
503628
195531
166584
657431
711665
578123
180478
111073
907034
420991
694216
2658
151597
834963
335316
983591
567205
131416
422952
74875
352929
862083
711530
487740
997512
803535
359071
218890
643543
843645
579326
912923
974792
582844
505776
494059
990944
392611
690919
815697
981078
735834
317656
145581
19739
668889
578326
416574
816138
644872
560205
981904
189550
291782
20311
462738
86634
262086
22590
432901
229257
409299
198415
156945
471459
197748
976215
254322
56360
460202
619325
955919
795148
93398
780092
49067
824143
935671
223355
727092
801960
410257
520522
471865
127885
24362
307643
853177
460194
870767
823771
955734
24315
16819
349644
581097
23184
779991
620928
745071
195388
790468
630292
40864
30129
847509
395334
209760
524541
699730
945237
925007
122033
366296
22388
160635
566579
98068
875498
878517
935842
82414
752009
999553
617761
772866
129416
850279
575043
749577
722559
279014
259985
592470
209215
548488
863802
883773
825996
224081
439704
495950
438713
12241
552347
630911
795102
656409
917972
149223
375415
642762
89376
180775
263004
3695
454307
345497
230158
237552
602158
684905
469084
448155
891332
235604
504651
570330
657072
914530
571200
154197
691854
86906
798527
26264
4011
776284
280087
600867
659848
985656
844795
642447
384958
710633
167089
398872
173563
328913
817315
655179
660330
723665
924756
685197
71281
359589
727468
513733
798420
115227
315188
875047
858870
479470
948701
635486
984512
505859
107578
307669
813338
713407
672078
820835
550743
538115
764352
897489
374893
851973
839147
882440
537121
239052
428626
372252
283201
374408
773104
407983
26059
203595
755566
660035
763692
620328
519726
623968
468578
523751
846916
91486
20162
400353
5061
595536
537622
617470
500855
352141
485214
221257
798056
156572
922679
415853
14938
669115
622042
261263
997787
422028
658619
70343
219059
95901
244817
436028
631159
469458
707381
545818
422843
342065
920804
951411
419429
508874
558239
642607
749596
706433
59378
607537
718110
432506
566801
87113
561073
791519
456157
615695
706801
100497
948870
276386
94088
848169
996619
588157
174396
310825
168094
643506
527011
679812
705891
332231
982705
670854
644502
637994
623026
324833
96331
289041
686931
461590
617361
890674
150170
97404
526512
877148
164982
645680
921426
692465
777521
660890
722238
553664
237121
561111
268863
5507
777534
542408
299107
626354
717871
118518
645151
841090
581629
388641
137168
844221
598153
599908
572828
525823
77529
932934
779575
5450
47021
368031
710914
867079
929584
777060
390221
878426
952074
382738
82429
932064
974994
271284
889993
24648
57569
600272
921758
314827
476290
452724
213923
225161
607365
94936
205143
433601
562739
202096
388309
862381
585755
661457
756921
126200
320907
227197
598365
411293
642778
283021
815613
378589
320610
956090
780473
743580
801804
821319
412664
581017
733572
290383
96616
682377
239563
716262
998564
60878
654634
565231
604975
523801
520004
147130
15773
205081
693381
505879
721169
515166
295479
571836
257441
601103
763571
680910
228438
424836
131636
728527
493455
205825
843975
513445
260228
152016
889950
250179
624296
933626
874692
491958
736616
296865
478764
694926
610833
259005
860322
312679
131790
840305
877091
521363
584910
416393
925000
528485
990596
78227
191772
478429
303496
20631
25807
611307
280731
978100
329092
469154
447432
993816
824325
426682
403301
765915
197654
744194
401529
824377
853159
1184
174904
689130
142882
806214
555625
145760
503909
149683
247912
244316
598346
189923
607368
942126
741089
503573
369296
548103
19647
285303
906150
98364
341295
775791
49866
445337
818887
985800
539961
158752
791062
576055
697713
230685
446778
711050
574420
108071
841550
345708
40998
961973
580992
380119
318577
682522
903424
707862
786504
878046
731796
542262
152168
330747
940168
40137
675002
493809
310915
729046
11637
112966
731702
594400
429984
888350
303021
520465
277685
698290
935048
346371
375521
341168
599171
439595
558184
255215
774384
537571
590950
561869
224967
958355
465328
56424
801876
252859
199385
68213
586062
858783
272
800448
793992
353550
791399
708032
466816
258129
246382
727894
158485
715565
772158
391650
494678
568789
859346
207042
748086
751280
104335
23145
744603
642754
831332
627415
694485
529785
280076
157178
319596
732119
883888
347681
745618
695734
613354
187033
53751
157245
883941
154534
851516
658462
133728
587680
667455
106632
743249
776807
758869
846576
645542
327300
683349
246584
457126
928797
665105
441529
116791
603348
786912
763442
473208
343742
411607
66444
353486
246907
341718
833097
455549
171703
197182
733897
573228
41468
303936
836665
186251
747697
479057
772824
242832
779827
540921
334183
834972
123406
473675
596269
188093
670679
532975
79844
946764
534506
965915
509827
577463
568892
127968
252329
226905
687644
934561
870371
460933
27147
628702
783514
327586
709620
303342
870108
869744
470537
466635
291205
358633
140348
118023
880714
528514
186007
994461
119585
479248
568761
109475
146704
64328
106030
154203
502417
313439
131561
811560
656415
916048
564384
208669
274273
584636
466373
508785
96303
724523
669212
166031
354757
808368
878077
100810
526211
1003
709288
470510
464478
17513
119808
98545
458791
113702
23270
152201
710710
14514
165427
937943
196211
582832
901585
633408
686464
492411
950839
234141
996678
615012
167295
906504
892955
551575
216677
336791
349389
946780
474334
627941
66254
396985
411794
143179
120955
960180
167096
990190
796363
988917
239437
427570
43345
400330
444273
509645
977261
466949
735966
634806
92437
354368
470981
788924
675707
579521
162951
351026
105372
444984
678349
642504
223205
540325
186948
754101
90625
487702
93944
858000
19011
882638
471308
260990
248877
591170
164820
217414
186715
907389
21071
889793
913679
131427
940356
798125
362202
677970
870135
19296
342563
498788
541960
168921
499863
349329
659305
845234
277933
436658
562746
618353
615060
765216
500035
600766
3900
545851
6413
333232
885758
927622
312029
286208
418601
539056
779918
890463
561386
564717
274058
50403
690135
667779
299813
685340
266136
391649
327574
751941
923954
427305
684370
713303
910578
18383
114438
843511
363698
89625
670257
76559
630923
204614
413277
286585
573463
609867
458808
23768
141857
964792
54867
239617
65324
273978
928950
797399
728540
699001
709085
717493
592389
574049
338964
138691
489103
65983
692650
412076
148163
612161
462421
677990
749364
939936
826274
91952
449612
313689
949719
257050
951218
397846
247911
784126
444245
956012
840464
916684
679000
843838
63701
615363
451098
850622
413715
522812
770656
39827
259779
62432
760290
30743
974859
966970
712367
741751
779904
671399
350461
258622
528317
80042
915665
772395
761945
820572
585223
411390
727175
833409
153983
643858
38799
558005
36260
980708
824869
338501
776474
286833
29475
701786
409859
99902
309736
299471
224687
750833
732748
901860
357406
788445
776895
492364
130802
110491
899325
220833
701174
323411
923632
728888
294853
595930
108002
552142
790040
661237
196636
670369
76016
328444
694496
852187
575324
103642
785088
123433
549543
236081
539994
494507
683682
734554
664880
828868
587402
242762
365288
930000
600853
639696
438493
533173
634910
68667
192607
746194
760746
311128
4238
82773
664982
595928
266574
658089
387231
894096
503911
564044
549454
368667
510460
162174
250942
80602
317222
203797
19211
19420
279213
660718
360921
937240
15586
820606
136702
60887
913244
822342
462029
185391
759373
42917
992896
716073
534464
826823
864321
796420
470001
483259
250133
883923
259080
606115
73765
379777
925044
315588
171
589749
674977
129726
885109
655440
285589
886997
74265
300499
56940
46125
763766
367518
208878
993748
143714
507347
685770
858298
907637
892825
632626
140924
381873
85373
318674
612957
448653
953970
827822
772373
157
583097
970583
552644
575967
964700
495433
462847
698340
7380
707108
395275
687256
741706
543109
14696
74800
10106
448833
142212
343536
42036
347133
330129
764119
154749
96237
552752
885543
394642
123367
327180
722836
423756
475939
295428
762889
404895
844690
640896
844625
767740
39895
797029
683049
876055
166566
517731
714591
841731
947448
697323
528486
990456
378856
48766
798330
804151
72173
954529
941930
910980
678260
764653
918407
612754
320858
267714
373543
773885
399683
374300
645142
719665
332506
59134
100506
336552
929189
563978
700386
938640
624707
425394
100874
55242
806597
227081
189581
201487
893095
31987
635976
881645
437162
919483
60199
947311
904847
891075
328878
204123
65521
770902
764390
948245
605184
360282
819874
330273
952598
346465
72941
688646
297911
523550
392722
964494
404010
540468
325510
787113
740270
253994
409398
737457
714331
509883
816297
387080
414295
390922
116114
5661
684913
278259
836725
897550
475165
368829
625139
426535
400652
613547
447668
966537
766248
345906
210415
720294
953257
500292
400345
429161
362711
348875
87592
727538
365788
200881
548546
341695
665221
630620
634375
246310
678549
344631
748663
802878
676998
51755
641282
541854
328605
323886
208043
43645
680360
874546
536984
167929
101975
989693
679928
273843
680245
902552
422225
787479
329217
770081
24805
56057
627885
785596
767360
32795
295922
519782
253217
976331
278478
497449
479618
453801
25627
791148
757382
916999
801165
770594
570687
169705
505352
881187
577241
97963
436764
776023
180134
905410
626270
634062
707654
318810
211556
526957
195954
529055
473116
253764
429157
563608
13898
945083
512937
676781
919580
27561
727418
996105
135019
420167
488920
190618
191376
33849
607278
389109
776289
280204
683866
171863
601799
444542
707289
13831
345597
561462
258000
773655
653863
364436
857849
317640
861964
893219
891432
284941
393394
577195
630777
143912
523541
142179
777369
881073
564035
633924
577581
215478
163543
104697
480290
614971
338064
77875
794514
282338
706253
262744
407760
587174
413799
719323
226768
745345
290091
898663
557622
129710
294514
482677
182841
206217
782751
874685
702708
777106
211445
620680
814729
52304
933011
905828
493554
915666
142348
628913
208741
593424
223399
462681
944547
409521
949872
939037
199646
271206
645241
905482
198277
4467
323249
839754
485741
829838
205662
375894
285149
95776
351930
135561
240950
299816
895080
812112
306109
326463
693201
347262
329863
523318
880159
530236
857408
161819
758486
380446
615191
290331
727498
747920
515466
236545
950657
485295
750921
252892
901605
198068
512650
229823
437861
991179
552104
208738
472554
941826
276920
921190
390898
28828
825003
697782
678026
512326
618841
489161
891372
657761
985136
689284
91954
765246
950968
644603
993334
175016
596418
867480
466313
947162
505901
141268
691788
163601
49556
595427
861550
419772
434903
662765
817474
964241
561028
737590
862140
627577
898339
158750
818440
992427
902619
354500
435206
41430
926020
472390
37862
992760
751882
368932
619549
315340
375930
650499
55041
886240
867756
382797
886279
987908
758606
252853
819222
211743
991945
170904
410183
207643
872145
289855
286588
486464
553678
632129
808282
305823
756450
204230
5796
184100
305623
30310
526325
530063
163302
9839
68634
668924
594086
545349
649290
337182
518544
217828
247810
976010
795691
930498
232385
573167
772952
124688
367261
257316
367996
128286
783361
393242
730309
356894
150084
770545
522907
596160
798246
510630
404517
987069
330153
369513
382517
200112
39114
876620
718353
423774
421979
344152
632991
236118
635134
906362
781100
761908
499967
110619
125593
656959
61391
816013
475362
120498
708377
104416
559116
465048
916803
408597
198251
520848
784835
386922
492237
748848
667
994708
984135
180614
84339
29515
24793
159802
44753
443775
443136
431055
208183
878248
719129
913864
517145
91643
711085
943079
373305
73528
776861
746065
500321
404704
480555
598669
76284
775876
287394
682539
114002
790713
519908
422465
176862
152552
253646
609040
347726
214722
13641
147846
778519
457808
470256
330653
619762
502568
486745
545953
517750
860988
957955
251278
992851
824268
865306
157655
731368
384955
661801
789955
1218
912768
707484
378994
111474
349619
96241
247614
203658
681671
873467
459453
710388
484695
970771
687778
872494
644249
803995
431811
204389
936559
701104
296757
98605
639900
79148
77075
19227
178003
408404
577566
525376
702379
510821
773950
310274
435184
998134
644967
811160
730067
289482
86999
998113
607489
26868
744187
13474
503440
111079
594673
466587
406934
583641
570345
769156
129172
896276
389924
448233
866256
13721
289758
235807
125568
171953
678217
789922
71842
563281
716079
228236
239977
767081
592632
765300
10385
677257
403660
399201
677651
312368
918800
373546
662965
58035
95437
387115
534073
962055
455407
584230
723829
429739
846057
736243
297859
776820
275573
499301
764814
420342
808121
80187
556237
227852
558278
215296
538956
765317
734457
567296
739238
35051
295812
817767
271
694193
941383
855415
359054
822136
383192
506725
393799
852542
25826
168529
992118
949156
282985
119585
995064
50970
757483
371065
213379
459881
658146
450264
942135
552412
878439
367506
675276
476556
299952
603110
405994
25735
964474
628347
89111
905820
385858
455548
746826
216774
668076
299020
642143
446963
283591
813800
709604
896751
462760
231704
886096
582514
759282
122706
815635
499714
140536
984555
537481
541830
646969
353274
835272
840169
779210
484684
193624
362087
481233
828029
148610
925751
373485
7993
361793
17877
328691
791631
237845
944491
460820
124143
561783
463643
79386
824768
276071
960364
771473
882080
618849
430542
727490
106425
751982
40331
792859
791612
870358
137293
24810
137725
943411
297414
868680
479851
878112
575360
288914
758314
859473
590145
84243
597071
258748
249562
209150
440823
107573
621900
898134
671109
807640
677656
891312
213878
61087
367970
855824
576162
755092
69057
657457
421777
764640
82405
970849
894455
610817
52005
23432
891342
602138
948389
7369
46734
580964
134753
675520
303244
188162
793624
728940
448684
566195
545815
806182
55748
756193
894816
753295
891215
724246
672760
501449
224267
643278
345162
51099
590320
633063
671803
396472
505036
723381
88011
406425
348992
334834
858724
434887
598865
552146
58691
906869
446571
956277
805696
149257
446201
154934
212283
534715
701593
793953
395173
320854
348352
812545
933480
32732
474218
131414
932212
464711
824699
520485
33063
122729
111287
466154
410073
521653
676763
150505
156673
137494
346326
452770
64391
725885
921063
686051
872294
200888
450260
981303
142461
544702
249796
794044
598515
215303
255482
943315
939781
126424
514030
111984
689838
309148
377546
993681
522993
365102
770238
600139
779910
415604
191872
189439
867295
535525
616931
231596
173909
457834
759059
811102
177204
992866
231979
441797
932192
790208
894003
12000
873826
425167
664953
259672
735827
563286
240394
844649
282915
941527
842125
827323
567622
526833
517501
960335
249917
264997
163457
217045
70269
632053
97002
366554
871549
693672
249608
6110
922337
796523
69161
918915
483518
700754
155183
645922
270985
674748
651597
719608
73633
627347
942430
601918
562870
696946
785954
267734
775764
114402
585365
93025
486736
652541
230254
403693
862093
822452
513905
638988
710764
415532
117169
333568
647630
558274
919142
511634
398278
793712
878183
728386
698976
723975
885508
547544
383625
548828
682178
576665
827929
181184
283059
564949
726660
325031
286834
460701
897368
699113
739193
664659
34483
443879
636511
475481
836869
586310
586608
945707
246398
148183
385706
604425
166100
330839
177938
395341
693170
592657
527858
66907
1216
627810
375791
312373
804683
960405
694218
645422
734226
488428
158259
95414
386220
334336
78149
140756
351449
376832
583779
920691
692835
247957
301805
755667
872240
792038
265950
328160
162599
605559
388100
173344
264317
923948
286941
874501
867675
589676
640459
385058
275886
410273
662772
396218
374410
284379
389369
675317
846779
457812
20305
979948
758058
153614
659713
410147
773225
72921
811514
633750
987355
511729
331599
42028
575363
774147
208209
90824
543207
271504
695625
272319
13600
103530
712465
141796
188033
408732
805903
931006
85346
716839
136847
834523
569224
232230
934652
401918
471794
677587
542715
219443
961283
184738
448357
356355
496455
283531
27934
93444
859299
84389
956758
488200
938910
565358
16540
791669
424454
508775
952410
233781
558464
64476
440497
382595
413232
396354
745714
280614
934849
463608
132789
148411
235537
201264
857370
46250
999932
227239
563482
18043
608068
760464
33033
739457
726810
276815
722218
455796
956683
893216
385582
883805
817866
457816
949771
187690
588246
895108
399669
446881
32391
481326
267900
972017
406075
98749
217154
785701
502551
943420
865303
652082
796988
389491
743731
805423
742344
289393
571727
680036
32838
344684
216672
634938
258931
483903
611121
575698
181038
653969
18524
644146
90939
357526
227236
534683
482227
970031
480946
20470
993292
558893
570347
736236
995009
927987
434410
632213
30686
661433
50079
771272
611242
974061
274755
91665
868464
179444
890423
478080
126444
3149
607096
959902
981199
56535
586433
123899
151151
143657
318270
751459
290959
707551
745384
981039
315334
33269
973185
487223
967118
175563
337774
142373
862315
449672
865772
314341
136693
116059
986928
893880
807108
569117
122591
117928
573048
669330
916967
674518
276194
717519
683064
168367
624339
581429
230627
926077
776703
513307
652621
79257
923212
987786
32271
229503
840701
950689
490542
596602
999222
270873
575026
261438
386283
554723
65957
992596
822889
194542
256042
56559
338305
596420
113591
751582
662284
925460
153136
579803
752288
323530
935265
967872
691022
590298
896408
912921
905940
44445
289373
130964
648870
744402
495503
383509
99156
149765
9821
668838
646552
314764
925277
711628
111358
448366
211596
257077
382704
12063
129827
647181
895197
826599
202898
291183
308998
705952
571804
379320
797029
902430
733070
297528
155449
747433
229341
98562
408050
813797
164571
338659
391862
132051
87190
242031
731470
615728
206093
875190
456881
494011
450960
727254
635242
115476
185907
201130
613224
431040
188398
749281
873762
145865
334868
226409
824613
853442
288302
734409
534395
754793
913716
259662
776634
833317
912103
766749
967526
526894
310862
599464
956356
73611
306058
713020
988796
435959
847320
780726
386601
309725
37091
884629
626433
324291
798084
244907
880988
69059
584279
693550
854563
214643
805627
517419
262806
962086
188517
942682
918393
481036
682914
56780
575132
377204
539367
742977
168838
901426
626838
86998
553469
722204
105808
91739
803253
409262
446321
787715
406739
784525
133676
820852
737884
983209
129028
300799
928703
554747
92965
72873
9467
417006
592925
645672
109038
867994
800570
740522
893628
659883
590464
192270
488536
720864
96903
586486
289778
921072
925871
388084
637117
313287
126081
1057
183131
170157
363108
144652
777448
850440
599545
912720
736032
702520
294739
201343
515822
545952
453974
537722
462866
353220
325675
867490
18413
114766
504221
626217
187820
586923
707027
615682
446031
958738
458794
342391
929877
787109
211375
5593
608902
381808
369078
595857
836764
711246
976025
674517
748751
751466
784849
652343
146940
61475
323946
682135
308529
387657
393510
83257
450136
17669
988400
513649
155901
670101
151995
786235
786557
103924
91895
821479
713293
704791
343344
258033
181348
67348
22467
245807
138246
174302
833405
67491
212846
604715
174225
876976
89816
707702
536822
169066
943528
144928
687579
113158
184698
192754
582600
688432
113287
651773
80466
583868
291888
378466
237179
297012
22827
612526
879460
159567
481607
482653
271215
631811
361309
231808
145653
71665
352533
927352
570401
534527
2322
578658
580071
767300
919163
356749
794981
892060
841511
131174
891924
697946
19492
714741
350122
814109
127588
524160
31120
542331
844293
222925
192699
142171
767868
601413
581225
712479
634589
838452
473850
553598
763081
12525
779305
725999
876148
696267
917797
222785
230161
483154
379792
888136
883037
196339
726867
560945
524805
737710
838428
587895
454837
274194
79861
850670
953406
927840
229762
936637
489571
384782
236311
466729
185921
876775
12083
915788
188248
919823
337566
992036
191354
316325
910554
521991
292814
180993
153608
845812
911489
905756
363867
596166
245899
540687
616689
686850
454873
641140
872467
660431
451164
646185
229450
256709
758958
391731
751452
58717
893916
646014
945634
988169
705428
497090
870727
348957
306284
372034
954143
716330
964429
792110
22497
796908
652474
297065
742211
67737
678273
728421
404145
534873
177276
263785
767465
351573
405700
836084
563253
963432
904692
375548
978374
762867
518101
579407
48554
624717
706283
862619
138218
167127
889499
71753
735875
256173
990839
673603
422399
226872
486440
851030
143598
641504
221367
87731
406598
994527
591928
248528
342805
89969
391379
375980
192414
216231
763440
914031
83096
813915
675454
626223
415039
656510
877857
180303
43220
920461
545590
408642
275192
680226
681667
848621
729505
637479
721856
913195
464374
604453
570108
344170
765261
352123
363694
737330
404158
248169
901657
179078
336996
96716
808730
31715
977264
582756
766801
954853
519209
194513
721066
610121
979780
374621
26887
117197
49243
960946
464012
275380
663885
123564
921414
446054
109747
644489
603448
824051
495162
773885
197188
491960
869346
839267
722035
804698
699218
167501
189281
938800
247125
369404
548040
882493
310069
645995
292519
504858
400370
198278
761806
881842
128607
970104
686217
435239
878938
221538
823911
930579
265446
805671
799013
393577
217767
31524
97148
13433
589241
716989
313604
896274
147693
322643
640323
430017
632288
670865
260119
819896
266810
380774
712251
685579
436864
945485
275833
395859
210647
186887
182701
333237
687254
931498
41137
577405
862342
172627
159274
468324
623545
774072
686254
539632
265156
748440
473937
976378
26778
145875
268043
85515
33350
443222
269703
530016
510468
746478
940042
246029
986749
834622
20862
62078
72158
310860
312603
843672
80532
25525
656177
145981
899622
746177
534100
917487
974446
78225
697956
791500
324853
780661
295671
890551
92842
677338
659941
336664
595711
948192
663025
998329
28449
133514
922767
454609
605905
34703
533206
380190
804068
851853
368132
124971
622099
358621
300520
564849
80192
964033
767920
371162
188102
796794
909775
741536
793595
281655
777739
609940
78533
977639
484256
38843
210902
645039
34900
76627
345669
715191
394968
268275
899530
581471
988632
931664
957206
518480
91872
346524
418573
484845
512810
321928
233569
43815
978376
837802
230412
488048
178922
739387
392041
270663
247821
35767
245936
937138
221825
424935
35980
79818
13077
217211
163483
429552
52256
463184
137921
167325
325167
866386
285609
850392
639046
447931
234074
154048
534165
200762
457585
653897
186745
200814
209153
804996
842091
415633
449540
464470
448329
317298
321660
606026
473407
170970
996010
899267
815058
287761
19498
930058
253385
831545
466409
795206
135352
363095
684549
412617
19882
644466
512831
94406
658154
202004
342047
234913
286062
370989
144741
558879
31457
260503
975655
578429
691403
529013
821516
297436
116703
973108
336611
752601
371874
884275
927329
117307
65587
985087
57973
568134
265019
714807
830474
717036
700849
482063
279576
500131
953226
501103
983847
788242
536956
407547
844002
539364
298350
337454
835092
570367
711486
955743
410881
852047
538862
258022
690851
776316
327852
38360
460032
358586
66492
469997
14628
526910
246468
169795
13249
69006
445875
533179
455135
876465
160079
492929
838401
874630
740891
963498
365334
234417
64737
791158
625433
204720
911649
64692
504198
685259
219798
275397
907960
494250
827681
647928
485284
385280
861973
377493
50220
74213
254110
513078
374305
639042
201742
971534
744024
694438
342534
805645
144487
44981
167165
977628
284413
797631
891248
922371
461723
61807
584678
870571
8115
937562
88863
772925
968027
573559
31640
239272
584046
148142
999870
240066
945919
381641
963629
972102
944123
300487
807331
585276
64218
858319
232838
644534
723202
868802
522958
50806
551864
924137
698192
983149
323139
541901
632360
551262
438431
773926
775363
168481
499611
536299
14726
622020
875024
765192
353119
937932
574334
79086
456614
510489
453188
617348
964143
912423
836283
525435
167023
772721
674224
727999
154311
525616
556093
987337
642610
304192
230211
659281
992264
174116
372294
41249
469996
209248
16037
781189
841753
376516
495668
784159
456963
152137
389304
46615
798509
503124
404862
801903
559815
646423
966744
148404
171777
519383
424181
107984
728368
624328
245212
546941
853211
847252
464837
728212
709796
263226
71828
611715
617166
936659
246259
958877
428399
61297
886602
118412
493171
21600
744030
513825
497930
808014
250179
871692
285103
172167
480255
516327
97942
4120
843517
112620
853234
308373
169387
912135
979808
389495
444529
50631
153971
758045
811789
165422
847581
197043
698575
64551
855222
618672
247790
199127
690796
912185
717254
146700
907208
673571
976751
651858
145624
432982
769979
619108
847423
988237
357376
31957
803577
456654
874899
945404
246405
407384
222548
445696
644725
996123
675629
326058
194663
639172
273427
7266
27900
641012
928055
440062
32464
193753
28564
125739
188516
760873
270633
877558
722461
27003
856961
222904
95653
305730
744365
588508
859504
12774
545620
401358
981017
145600
244065
162050
49322
249010
723354
923422
387387
975009
516945
126150
730673
907601
4851
172482
210856
637915
630973
335053
326827
144397
89871
37500
111904
938270
633433
128200
580353
918924
134706
430075
543941
845140
180167
371507
974557
869006
595952
946134
671770
489058
22942
447955
418475
774571
719601
603600
220164
729574
3750
980022
355483
365718
596269
557013
432716
42808
209433
754868
303133
93342
443121
799545
833307
459179
886435
411377
440611
731562
58712
237821
280829
633291
806947
300954
360994
273338
517971
889995
319134
230685
490919
911141
888912
920235
292385
934071
902159
125796
193843
146387
775527
491440
861334
176125
299777
547736
239482
123888
192352
580251
608536
151559
877767
486830
98019
329103
573561
627924
92380
941862
953112
725845
562501
195407
21167
921822
5229
648854
205259
993972
768298
778138
715396
768342
368741
364412
329753
175663
715727
302115
259129
219893
498482
451049
114334
598305
689442
288549
479060
903883
564178
675221
224408
847329
657346
30440
860507
843012
997910
935526
561958
32191
512515
844733
254935
838628
546082
459753
455369
547461
386343
77246
669074
320780
764395
989973
114598
747448
874085
737361
966808
372404
345911
731469
629633
64085
876900
599396
262009
212208
63840
924508
50626
273238
674432
149743
689989
836526
173969
828472
923828
193133
425156
183
831694
153460
371206
625281
73665
82181
811822
818887
391657
145763
395216
575424
732982
539846
775407
425718
942765
79672
193295
889578
852037
714063
684839
607141
491441
603911
610293
984669
491837
28668
354988
330368
239378
446848
671689
8096
647764
823967
783428
109498
392874
662445
732961
746404
615389
605959
144997
969555
41625
157615
161702
374342
188306
38462
455164
128979
621760
317125
400915
425548
899530
680132
970466
18958
320833
438534
272310
575845
910211
185111
745704
887007
849472
796452
934765
971436
292313
401453
864524
625902
414372
630953
206634
260003
345804
618870
756225
804652
728086
288762
22063
683450
282046
904412
515627
579092
613439
819481
309650
69191
745906
501507
289440
234538
459086
398044
788666
398796
521870
611467
874087
29821
889776
289337
273695
294262
229529
179339
674492
302885
444246
457340
954125
950873
162493
920726
923530
388871
571186
452684
682977
635703
615493
930167
62127
565070
551417
975019
442506
242744
934432
758454
631547
763377
293793
199028
187593
561521
452380
515602
854960
663410
216484
921117
854449
405855
866219
355142
343363
561307
175163
18932
599271
909290
856160
943942
913625
694016
492516
772708
815586
515876
167026
206208
694730
853313
918300
728751
6571
348809
152120
261854
17761
213254
689061
708850
61534
77631
516459
997760
311322
246979
761409
854758
590759
323541
933864
5508
539298
587188
389044
478171
434630
689029
253802
683968
851034
703135
725253
762556
720267
600179
147027
649219
228692
487190
162621
660111
779993
994413
549411
754649
143572
340148
69541
848308
910310
884458
552319
776902
878799
238557
768908
806755
435897
955149
504939
523335
209199
266880
93503
37744
614571
54242
466384
474454
829004
723734
997967
960776
335270
707933
712566
347045
423923
330145
541454
331187
333928
464543
876938
671839
45027
354224
659985
327314
155136
904370
707033
898923
551051
657303
719279
767903
110735
650058
637907
864107
249933
299897
707071
304433
436169
747267
712
852470
779006
425408
291742
224439
373809
817895
968366
459939
910627
969952
612518
555322
818271
253991
779224
814528
30964
93849
542968
940061
657021
67103
833664
379732
937436
355956
440434
258014
892677
965780
369533
731491
813558
339139
942649
115092
382148
18551
494477
697383
355473
907618
119600
801008
787226
22368
783500
543961
69869
121530
894974
413310
159992
468181
387386
951271
161659
260858
161676
638883
178079
686531
576185
441661
686049
347614
999940
488734
65511
70785
553868
627711
557235
845098
948627
350792
455541
888530
743577
399178
825914
784046
635175
11670
853891
958176
39463
53368
903921
882113
218480
292371
675291
838915
411936
988058
877122
75527
191395
539816
471708
975354
646992
490813
942924
61548
936242
305622
633715
766767
46883
371304
532640
133224
511444
581944
807779
180341
102378
128090
210175
81851
149827
651844
636669
828362
643542
381134
729181
4911
829881
523528
191016
516759
634875
753016
314337
247067
145201
883438
198809
181420
40654
98950
191778
431068
479084
594874
968859
726535
870183
577633
589290
501020
791464
346376
377097
979020
183168
776427
564343
129357
8234
783505
193422
957387
969395
843457
470965
151276
1077
215012
102955
438398
629375
258488
584516
498816
337424
482350
98289
37834
432066
127330
812407
216921
683076
107317
213250
160443
163264
390792
57171
495315
14939
772054
429268
936330
41946
197102
621260
714514
274530
185676
227885
917016
680792
830675
441163
78726
745575
230506
406695
282610
762655
987568
757098
107110
322747
591645
472621
470924
76475
616822
251189
274230
32560
164460
836988
824136
385430
287698
291370
5251
592475
868538
82019
805742
949630
625707
674553
859235
522643
643456
565826
110515
667362
836960
848837
21239
43247
602325
961294
137524
336853
397451
248417
238122
926156
162024
343179
249529
863818
130882
858708
705520
729413
840065
827216
376500
711765
299090
157396
545546
941560
830213
903558
834881
4464
506309
318350
724671
513607
741809
403369
472742
4210
831451
189852
315042
928915
176604
655301
82066
394905
581009
779212
337168
944003
185271
697145
768287
432449
175007
47008
77232
725627
427661
975031
236305
794923
196403
88968
166387
84517
364421
790081
15190
380727
71801
810857
998931
417771
867421
79405
586757
849961
294356
439449
617877
193913
319854
647202
760289
308519
913315
235743
473033
522303
915884
768088
533013
641656
167679
127031
35014
373485
60005
798683
243256
188934
873209
640332
839344
586229
977599
614153
649096
297245
773470
22524
976244
716045
534651
977807
537968
583017
631220
734359
142792
661481
800374
415662
5123
905723
94524
258784
57389
308292
952805
55612
505472
818180
432495
585482
818286
658136
490262
4443
877710
357016
241411
129659
262048
615840
422451
738307
481343
380972
188709
795531
924706
841949
951999
927997
530958
839128
375102
64774
585244
730318
368088
502117
458466
923542
976241
29541
806913
933237
682485
783912
104459
736896
48088
415577
582862
272921
445352
391683
495298
382997
673931
872192
204171
36926
35867
366409
966570
958196
73114
658989
22534
37934
444820
87837
819731
707678
608592
118883
811229
668019
498802
48115
114995
42232
357424
463194
754098
821209
835439
5139
780333
823814
372473
381433
627126
7664
843229
814870
535436
660977
782372
578201
24544
808008
697835
534118
529862
136898
291874
857416
461173
428596
659040
831042
195002
701412
948384
123075
71616
863623
283164
636087
145332
73893
936580
335930
313240
356249
712283
15143
257574
444980
803183
556047
439518
170049
846195
7045
229614
611236
701818
226839
223294
958748
732882
179607
135829
649831
264123
157591
566955
261253
860931
564146
826187
833428
652735
133767
343460
186458
139431
799745
578158
590946
528975
956370
87476
962237
107390
794814
211841
314026
731949
663251
242347
552720
497821
798775
277815
710567
509589
866202
68775
222519
250743
496522
781031
942137
262014
862949
198352
16409
708375
966440
715414
995997
177432
509542
732501
91039
953953
960213
204595
433718
323534
559619
70001
812339
616662
525478
725587
733703
611715
917328
263274
917762
207054
390465
589435
448566
525974
731606
405390
103034
111549
205280
724372
54602
895392
191696
572085
934348
106992
350286
80054
934382
362929
59176
957060
621482
631119
209639
84703
687083
711704
710398
626214
459210
774619
896284
148347
713457
796250
463841
169746
501984
489390
467180
181787
172558
44728
537747
691018
719271
606591
744620
812863
812916
617067
521864
87
661465
824029
5760
174031
381815
323689
9895
837584
759218
937777
901086
135515
158156
715231
853959
246737
637488
829246
515858
168672
263371
378358
966515
65030
976149
635490
844468
495107
35758
572816
85478
884255
503523
979412
620659
972053
403919
352521
44175
937051
401054
763109
529549
302351
145197
600312
769998
281407
640333
780225
823188
324949
394023
462637
121396
725213
98041
288813
753322
84341
700670
216370
63366
29648
595052
298568
808261
506214
164375
549004
359931
92860
387955
71628
957995
305355
634743
861113
864697
808016
581340
945931
196982
718064
962180
473522
706779
243269
812920
809652
10897
724617
976138
76264
371437
235677
208473
861197
500409
878071
933299
340615
657773
209639
773909
218808
103741
595908
711565
67575
670348
880183
22017
625840
268542
267363
473736
239128
241899
475632
826742
574474
889647
120691
880309
363011
308062
761659
480078
177143
152021
329595
567367
165070
899820
855311
787175
756990
611399
717805
51413
116421
950156
713769
460703
1860
98158
47844
949910
557939
957608
177490
928277
642501
924550
197799
223075
470489
814237
3614
280686
897625
558747
379878
32056
179379
947449
706793
286478
271026
714445
277625
323314
597560
433467
542169
612250
322586
771212
84262
254801
926936
545175
777569
748476
22199
705435
298266
387703
639357
119343
411001
790750
518985
601552
453932
133480
988108
340250
961961
742637
579944
877394
708382
236936
611683
193055
451645
583191
500040
563161
24605
183327
447258
47994
571855
850765
18102
706354
467454
308311
433156
965270
163201
227393
147801
849336
843521
299772
99949
703250
427010
3817
79156
895003
706000
885627
885915
118844
912710
298681
220448
578780
271230
953251
623438
605335
561744
188460
360148
606414
21833
286886
409153
503576
634986
923068
487455
604823
800345
768280
567017
328037
831721
200677
546793
223020
589889
54638
824306
353813
840619
21157
434807
509336
671227
6656
438279
306290
227482
213246
184422
33205
559214
973448
503753
450873
327399
105202
787949
324848
706537
756896
319764
702295
754705
238918
541533
216905
721894
759623
856383
891758
319198
859135
396194
765904
435530
19292
706842
477518
495071
965223
123456
764969
767457
767521
227119
884539
398317
798536
886360
451208
828452
73913
619203
442157
711152
595247
133730
118453
849332
881129
269587
653579
402836
531242
625907
377801
715357
448282
738778
983086
24019
232266
469942
518895
257110
284629
56007
682212
593008
173729
923124
197667
533310
228357
786505
74858
465016
668037
456974
81205
571806
480312
659909
209072
934656
185803
262847
619975
472810
222302
861531
56217
204907
272716
613532
485578
578049
760456
570406
248759
94499
887842
534485
133061
252651
364393
500858
642451
889245
882347
494835
780238
666712
243352
611686
977250
639063
246725
505242
438221
877988
322956
153778
594064
157659
58320
1990
580416
260055
585438
821087
370681
486523
354735
171727
785969
843231
794314
858347
253930
632212
447750
557223
577089
87574
25325
348428
457700
132365
511164
402904
283233
614720
737544
588786
435353
178007
498746
277320
957523
266315
744315
473671
227181
54508
589099
543734
529133
662030
355594
31791
458421
299473
641593
220860
399893
304716
555483
129162
234811
142358
240790
192780
964485
614704
655862
838959
715511
864530
931632
197877
109768
627472
837059
150897
626775
133737
980410
55518
583547
522349
850191
724315
566775
409032
104809
344903
531468
802414
307398
615797
751401
809509
439412
985036
527422
282026
554746
6654
590190
144833
332563
408419
362147
717532
70170
551409
949627
959079
542401
468186
557024
11182
791547
125762
212469
927340
852474
452572
694380
951089
981458
567776
371572
66286
124221
541483
764944
629728
75704
179698
585347
433239
888714
225060
918567
193955
829348
734044
217309
398362
608804
424064
847711
975111
266548
760953
926322
95154
395023
384143
560311
937864
635876
827872
376479
98087
365138
855484
105022
874056
757588
586144
864761
302090
841462
751821
785626
932439
124421
825797
384642
670965
684486
356770
549374
498283
7068
324435
466866
186957
188685
217843
425585
301095
430046
347847
85807
496770
285082
922324
165326
940757
46002
319003
542356
637387
627262
299507
249790
822125
746465
666369
308013
244397
513931
619285
509055
114318
772697
341668
164537
723762
483991
429406
474528
745282
532773
374444
944871
397684
279287
147528
716674
429052
190454
660216
944665
438865
352900
463208
198872
424666
264477
523555
452131
807285
854168
611438
664487
281380
263181
816705
472460
586773
150673
352227
627206
690765
191901
675233
384587
792944
711885
43754
797151
585775
418244
327434
434442
522638
438188
789569
545963
42769
152475
810623
109735
198338
144913
59967
370362
836450
342046
837117
498349
937258
933345
908885
491368
169212
354346
506554
934495
860907
413313
663759
718696
606371
996096
450853
151725
900983
723867
553618
46717
587206
821568
161962
72317
313608
137881
781661
553403
98298
986159
100013
906531
782564
552744
643274
866058
388484
94705
6859
174056
53657
556854
576651
773411
462413
986766
923806
865094
64703
812340
321583
88272
16813
298800
223287
264745
486075
37781
213532
856303
367906
317539
231780
153903
184824
270476
376916
414832
577879
914388
462953
616873
102573
819665
260082
250578
154080
24210
901640
642263
942619
62940
492459
453289
380730
810960
120251
118319
359886
118824
746192
28699
273805
975584
774198
63319
599449
397425
911176
308893
535467
12856
387176
138854
265564
602806
68440
251514
325648
234673
386936
761702
247295
147063
141916
571980
982689
400706
772425
234772
655158
885623
471436
954176
351343
538825
349816
927134
470780
167546
190138
621590
586611
363970
16538
986467
8730
790472
453456
233375
51217
143629
283137
378166
981535
643368
361301
683837
343767
611180
918390
108827
623654
62437
183974
891621
48636
836161
493693
301000
826709
104396
476670
660127
146467
215380
655509
910693
60506
182700
891632
350788
754519
179595
50871
396556
429230
643796
448041
520063
476495
621168
240916
559945
67987
224919
281009
189069
450089
242222
697114
229722
261271
720331
185384
466876
46511
523860
375341
266607
220369
81733
515019
689967
331671
360015
414447
132394
692513
432350
911278
444759
120956
932403
530298
451552
927793
358321
465024
891771
877544
411251
503202
457687
850808
708442
467148
454129
759372
133796
73397
271365
56371
871991
932468
6306
22467
377790
56572
729686
713259
691050
41462
51401
423060
605530
235193
923238
167796
345621
795369
339124
274415
929716
494377
842435
425385
983517
679422
528577
158764
538794
954433
162412
37107
237351
852352
99746
935569
418938
494067
783636
488065
778654
262486
185369
247755
819272
18920
459486
781903
29290
26686
426876
467441
989205
299012
203746
839201
248441
510033
349233
792197
386440
790118
644903
872646
84601
764932
111858
773172
446313
392743
204390
54999
20187
367906
552586
712403
788960
481240
569485
746358
137554
845204
119830
662370
494394
260998
637497
530834
860561
888667
722245
139722
468068
600503
173946
838943
457040
426194
911640
725920
632685
997868
932818
353696
618312
768622
656098
289697
812040
525855
205366
310943
849713
391871
564424
849974
511431
906500
36107
631536
739850
780718
580097
352751
418976
662793
460649
278516
605201
564863
566550
116361
390700
69207
766491
308177
411974
944782
286051
548970
640226
573264
758813
533564
225964
683347
739220
896929
863968
524561
171868
396081
27976
605344
901480
658792
648930
7471
460153
666358
662175
292767
124273
179940
290568
898939
4998
168542
2172
523606
919377
16097
658516
582848
894214
473026
145447
287140
548671
677848
487849
897729
954161
567175
887278
19523
993535
919210
754189
12797
419949
884828
894303
91206
741357
78179
868967
383213
885333
689850
45131
594138
705586
188154
194625
527874
927478
657892
174213
345542
225868
212301
384390
244649
184140
160550
501601
424428
616650
696295
127108
715592
24649
351192
687285
762312
57165
82108
194859
660224
673102
667994
461658
935341
682377
732073
798796
974059
975984
278935
137643
500877
662209
490166
946779
312668
712244
699972
667972
805103
340813
793493
759853
671332
84690
550367
395076
825592
783895
955170
261114
736520
994741
534770
395659
193701
289945
609122
39579
143758
752312
10511
812092
587788
242272
236550
721548
747823
347882
193043
237307
710688
973452
304935
663915
883363
772427
387621
538672
297708
705421
22729
263863
777946
603532
538869
376258
457812
16999
161370
819025
789375
129106
268095
968157
677785
409390
332337
673981
451317
204660
334919
917036
215123
506250
138129
803874
994011
467576
397405
514846
113654
794100
990117
125893
290698
608665
469720
458020
651664
763702
476803
171154
395795
216899
898524
631281
956230
285487
305131
921299
827843
994005
289302
118968
436636
231564
144071
424949
413984
502877
804860
393137
284012
801808
316458
940490
65130
719839
771023
499349
423019
16204
651027
161602
963101
794830
920858
432349
951593
603366
279593
322608
536747
41745
82866
620038
488655
992278
138749
214922
197317
297087
378037
771854
209952
387172
984205
626601
460624
20322
975117
837240
366842
58219
523837
172420
634673
868792
699948
953604
564436
627865
645341
634745
553284
769452
354959
719223
54911
823276
499368
859844
985438
126561
296317
983961
767015
782453
242688
504453
387792
173799
814471
132913
129361
190424
181557
320766
101796
353539
7111
66443
965020
356746
700605
975826
798111
578603
557218
723698
395970
471633
750074
113991
565951
382279
613320
518581
95701
578375
263737
664260
795261
741425
784816
195557
977988
790679
385199
811795
592010
78453
291487
584661
839701
775870
882620
436448
44179
3281
926687
480217
12650
243019
624297
1975
500542
949110
317769
988615
513662
754270
738603
673609
206635
834564
770942
911544
251879
414764
378847
327335
281141
335505
125927
203911
826067
394105
588238
965893
391857
331107
137786
719376
610061
595996
698344
247672
531116
135920
119670
764914
749174
669566
452362
45240
794735
910437
189539
635405
82126
483226
591162
995934
321788
652764
412628
625796
74858
734398
548583
242470
537807
558115
531558
830652
332989
291465
952555
188142
858847
695227
540096
123867
845265
653418
832330
690677
55068
517910
292819
169929
254221
616295
749811
686108
164656
404440
828697
386417
804398
268115
179451
145896
644800
713751
56472
646528
850959
610133
903718
528829
717802
197467
987934
708709
737955
908519
277728
938020
983878
506334
727555
855183
209335
816533
209149
626245
78119
803083
384300
967666
949107
658362
263743
435821
390809
585218
433668
42945
2071
223238
214094
34697
534050
919954
74818
726260
86912
372793
143230
215465
855426
733566
516519
534084
122466
332264
436110
635133
993333
375481
449663
580266
513100
995639
864357
65115
782573
230185
837533
516131
515433
33182
773589
546294
183130
181670
335265
784430
747515
19172
536474
717224
987492
916923
197235
790411
282912
623462
127578
777256
449452
435172
182086
327677
305295
858832
569123
928212
468561
52367
349784
124809
194265
765538
873009
448104
767591
905307
766766
687157
626154
793132
89575
153413
138814
688986
768666
514313
420806
786385
322451
726827
962531
358802
970870
361872
961358
917575
613356
433534
463576
952888
92392
474199
595835
530965
334101
945476
205467
43379
226014
517293
431647
119124
675417
194916
894759
508895
56849
609441
401385
335406
374126
327656
429099
440838
896707
485383
379871
745506
818100
190843
340054
208040
388738
450931
884642
7677
50805
375596
789773
780660
677797
193275
522479
685025
65252
256937
135856
229452
143179
321912
316251
156161
819552
508932
469786
519429
594529
392389
896276
174883
726128
522673
216544
906468
767130
516094
986212
273692
265285
163525
879055
117025
816374
699266
617455
89815
531069
690104
43631
454311
277053
965617
7793
234126
174108
880483
356676
762385
614467
127151
387394
58318
717138
992579
409097
465582
959844
330974
946836
128823
640698
8499
755189
612158
23174
436263
471345
318330
905622
212149
189303
649075
498331
785713
925183
391000
877782
716650
266236
609840
800734
828648
146429
826601
386128
888276
683621
387277
195475
908215
208389
615506
905222
551771
63187
190544
115209
83149
28426
752205
70885
99972
643421
944372
515225
800220
413529
123557
526914
586939
246806
909734
70501
176213
557721
68086
606620
623498
367369
511106
552220
513900
958284
62065
521759
823775
320126
363034
560626
193177
24654
269525
871453
498378
619316
307311
873770
845205
981778
705015
61012
244475
446247
308085
759758
88665
221866
936890
700460
578376
381513
55827
539058
644130
459901
226711
379832
820004
202314
319392
386870
784047
133136
364310
5426
645801
784657
823143
62595
401856
742144
421587
104320
906511
505090
701283
336458
91737
815172
33593
96243
473009
649208
511235
835978
883324
458157
29385
447749
45519
705353
692134
170441
663410
362022
256596
340248
765766
910599
312608
131287
241602
24502
653308
105851
661913
307963
41267
131600
488056
334074
114743
577958
565099
137322
481878
647640
608095
81902
449739
414266
482498
631505
674993
555742
198919
159203
87763
689667
620613
352554
608542
374875
369471
678663
540984
372536
688958
867815
620969
150162
809883
655650
209463
153079
446169
44723
930129
248783
220014
174293
365793
937675
911971
80758
590660
986346
340049
769434
590102
499303
920267
803151
266278
80963
269146
839048
464713
933546
763619
84761
712650
154693
780069
868622
761087
896411
145503
656936
76791
208484
256654
865269
173199
786284
560468
589323
551523
932641
182580
232865
325282
509689
556794
811401
769787
793922
962616
155214
173940
879495
545450
23270
300953
410524
817403
633044
12369
511495
316321
412765
479052
773451
802595
924836
312472
4562
846139
853604
86035
299190
654038
152330
913403
844268
694007
737581
720673
543629
207996
804907
212732
951043
23161
678433
587098
736332
501120
565190
866673
704238
729667
153637
249620
381111
589392
260341
60481
715952
188154
683350
472535
877534
258136
69354
863653
558516
133799
310798
71965
754776
806283
940276
963879
184144
319539
776927
71442
765385
416281
331001
738021
986692
399593
68564
256980
331742
715641
5243
197198
722426
46391
344052
522355
880588
5601
223382
813795
581317
53868
204033
279346
88022
850056
112829
20919
706595
786875
1650
374468
348614
736298
699329
66415
645885
950647
174655
663055
172145
56003
941196
551171
257060
606164
808403
488620
235062
953042
370656
953018
215571
22188
695512
595300
830908
48408
968026
597233
205681
200119
800113
250612
782841
924694
754674
50965
659149
133009
238521
860233
271079
806674
577018
354851
213218
431607
331590
489732
177486
215634
339165
304558
416594
964617
380266
149879
867774
608286
918623
942937
965357
953097
2029
856870
246227
304834
651488
48280
356265
645339
69718
229447
877298
268873
240858
380531
363240
25731
837537
509505
804488
784066
323104
224387
146103
696681
418952
272496
134031
708415
669408
635315
541835
319767
184189
952607
379019
781585
495263
959743
413635
523513
771435
330315
49222
252428
149377
82359
537387
842779
890617
977382
344921
298953
913407
210621
667509
121070
836872
83986
649444
398814
237040
393410
172223
555012
811826
648481
202323
783783
765187
996621
693393
320719
912267
945052
648985
651969
490113
871795
439453
429285
667618
376248
967989
949641
736973
510751
106112
440254
360254
264289
584817
641952
657765
380619
108989
773044
931042
53875
665823
489449
830880
466757
349126
951553
171595
972667
979165
708617
644399
399147
324532
860804
744110
430330
698768
624806
446430
425134
793996
420348
368125
188514
358633
393961
870097
351570
301946
567242
899360
211798
500837
788155
108809
742892
358294
294771
840638
725998
647430
927946
227231
583010
797091
111132
266611
869744
902429
925829
220485
22766
134541
349963
348761
140503
668993
696667
736330
483227
71464
374892
634625
775696
185943
911680
181972
867014
641397
394633
215352
79032
557514
199784
333092
613085
987550
749904
906437
193374
490321
13706
745623
4259
800695
886801
889959
25607
366189
260637
140898
919466
965693
197821
156760
744804
316073
867229
657363
369046
353112
937255
655694
17053
513626
508870
213204
504672
914586
670790
428279
106505
47583
933208
126633
911696
649086
213681
271994
546483
900832
287953
842030
548930
256172
420769
844090
490454
986065
538933
954011
139810
629361
940018
209684
520737
598381
945481
995202
920879
611465
951841
197085
342324
198972
607059
696717
165563
59095
500559
110758
812705
292495
589788
916610
914600
35689
83772
596986
971755
61313
591917
312448
132780
408246
585164
485596
336713
98741
208789
448705
899341
52577
459013
593996
288995
961628
372768
469016
219622
929269
225038
956416
158675
739310
943713
311154
487456
954536
252274
487148
464230
593709
528297
767447
956601
452186
299162
252476
663832
238183
24652
662503
264896
811285
385622
174359
386139
917811
705827
775134
190038
837068
798868
622107
682768
68208
360260
633170
588206
108061
292199
314213
804875
961163
29387
309489
910861
182289
8961
92552
144147
293367
441685
447494
659338
903513
214840
865618
843231
112948
969215
159539
118798
921360
52932
402764
60185
956938
40170
532278
895125
497213
242751
360568
404894
315916
97018
525861
396267
426511
94947
880083
253244
811352
9042
36787
60912
526177
552719
874578
774579
486227
381977
460971
129620
928245
995522
893158
593396
447664
724535
707249
959706
254843
675934
922682
876964
625639
219416
946822
284440
365577
102565
763057
609753
498751
94119
478850
18997
399585
286143
536426
910939
961094
432340
84314
218154
463280
880050
441342
503588
748693
637518
568217
112193
281482
588392
458878
979232
539662
499721
355048
113048
392689
52524
4023
586093
662367
303993
425928
862175
521037
709420
520303
891228
617343
575317
557587
967381
988787
291320
37799
976045
327790
116308
622913
374926
777696
714561
193496
10326
946102
874482
283807
240559
203709
58714
389176
805693
99758
563116
550103
105136
522394
8506
878516
679929
941363
923903
664940
479065
864052
697848
290933
962900
777262
990252
936316
347333
636848
35661
657629
168267
739667
98551
994750
375393
317471
61077
816712
72268
730590
523683
452739
861677
922491
681165
517710
368374
707029
544887
413815
66873
326822
251670
34493
739804
3338
327099
699871
617
218095
611888
849760
360386
378456
499835
160794
31985
310221
833471
100604
636510
325091
370626
488994
907482
983524
700298
931920
232535
418394
428128
643530
747322
837821
537846
857810
187273
638262
510180
553983
58559
77903
28686
751222
428095
520634
951394
479560
426661
931131
655550
469992
764023
555058
639150
281927
298042
44041
776723
906638
240097
866678
544095
886263
557792
530093
924284
333384
793248
776678
421068
438318
673547
401926
846092
879794
724550
580908
515282
57306
136895
997339
612469
153183
320540
945727
361483
635333
120018
292382
299725
1117
134167
347164
476759
902163
541551
890538
90188
618228
994787
65549
182103
260801
754129
493511
564044
910696
852444
850532
369132
207077
847555
104674
787527
755381
109327
248317
611708
521714
215974
147543
860700
550736
64382
826881
144749
401458
625259
546281
409546
301610
724632
438496
455336
447244
620500
609734
41715
623149
9412
471699
18966
435581
344183
765061
951834
721022
611415
811554
157798
599776
755130
596841
3621
251387
376408
903001
745029
538792
196183
963101
193115
142909
100675
236370
235939
956835
180697
76087
79973
496084
624386
426416
114868
458742
593245
647031
81489
524431
190581
661279
733740
192613
548562
493830
976842
943795
301675
744727
170370
627273
55545
503417
752737
506817
581926
586712
202029
629209
598244
395854
777991
243890
117915
92333
134633
340580
454970
406443
502607
559548
472239
807979
66035
860819
824881
492900
293488
947148
870906
80624
583944
395817
973459
76211
676993
205002
136583
169446
206122
481028
833337
219903
183803
256026
338962
133183
703002
660763
130322
38552
831162
627159
834248
582520
487582
436287
201309
813302
260476
76312
695178
431064
147580
727836
299881
532030
190815
518765
360233
463471
643133
334135
806300
598591
202662
689249
772843
923481
131690
903599
175145
820271
475253
121207
555268
716155
305938
134589
213336
705264
799760
208366
68893
386114
292674
877813
980929
231695
46560
660862
187921
739240
476362
393221
369168
806656
733933
881946
778474
53105
889342
679475
248450
388261
997604
41517
9640
194023
275314
644385
908966
229190
754578
983647
874873
899619
144765
456650
794717
876440
433638
901968
458241
917765
852598
769539
834138
803064
98482
872025
178516
39096
932538
814909
976931
243695
40491
378575
101559
427761
692131
262719
34253
155181
4260
637889
229602
792239
458065
221933
443522
831887
132182
136311
653055
463034
564517
692486
440958
329242
243675
916786
944236
346277
712001
824095
906446
458239
12781
70001
713077
528653
372297
40043
446927
888215
547691
419815
545050
787033
867172
989812
250996
942375
554453
177351
972879
984250
847482
412512
315776
642267
206154
338363
37046
98730
7159
569198
798663
388491
51984
714597
293286
899886
23111
905720
343345
284730
878988
721574
814311
204950
485207
671921
428279
257363
546629
296405
489779
126201
376474
759206
336228
853741
770469
632773
57334
420220
788737
400254
851156
428102
486775
309058
624847
700425
496897
966780
877047
109321
880874
631121
797452
160154
302801
277305
748942
182794
529292
687541
832177
718509
179176
710828
69741
485381
65359
741030
951857
759822
622275
65572
713591
899172
738054
3865
248051
791506
570076
74569
656037
899192
395816
779197
914830
997016
580659
843168
890943
577213
529100
724474
299980
343816
749193
847942
36320
466776
643307
165617
946666
552149
452512
454578
623605
530394
720481
5760
767894
38396
505852
695477
468158
370619
511084
739069
40623
194245
10276
748858
703756
370977
967403
333048
446217
452286
10016
204040
560897
29721
661279
732667
218470
993605
994108
176573
240658
296474
649836
761035
662077
127484
724100
82258
950600
847623
841689
557350
3829
928916
704709
703963
593466
450347
725579
933700
317930
25861
995474
902149
564627
462972
995662
617751
693415
800401
954172
37336
17810
171354
769099
252685
357546
607814
156760
585909
585605
618190
592658
804874
571236
754810
88317
374359
316684
228173
745298
532209
516405
821519
479043
450067
265884
730869
392987
697242
35251
722862
344772
188121
336889
595532
611170
480282
160804
578765
226781
915314
476793
992582
135549
922176
523390
358891
165614
296834
441480
446781
192930
86099
334894
98896
188821
625349
401950
17784
718380
450711
309965
917584
790775
819667
796042
308134
631254
668167
718380
85830
127031
21085
33450
27554
331581
986905
761609
366683
140028
13423
733488
503918
642529
797311
395543
861502
4079
469870
425822
620090
43556
385122
421562
330602
215098
979545
548106
23899
375881
9191
585800
31717
75593
894474
951770
697942
885366
775851
991624
872957
346380
814452
627273
756180
953778
98760
331126
713099
868275
586723
576544
214893
897959
362896
126205
520177
617392
967233
889469
795040
505248
816654
457531
24477
969144
892365
587726
86998
477963
281610
921920
439558
533250
315747
720982
763748
135800
985411
286094
227691
938373
383161
88167
508999
973912
968116
268442
72345
779198
270749
546918
446951
352191
630033
570825
28387
947303
722618
110538
540438
381474
458441
718579
269481
622593
128209
258141
349072
324185
202755
175011
803860
195914
132226
690489
846395
380445
907426
210261
227157
931719
81026
404299
18918
883530
630787
57974
17259
936827
759268
564114
519115
336606
4540
164135
978907
655725
361555
665440
793102
292920
583580
727610
581752
614502
562195
150296
32445
834777
318255
998579
842970
480880
544069
188782
795023
99942
691833
668679
561320
975959
985377
192746
572007
9891
889848
720096
447376
765611
671355
692132
812753
112249
372963
611350
975243
370812
166592
366025
247425
984240
111727
562039
22364
629596
329208
15188
470872
452661
606278
826367
187599
133088
11011
707477
269472
550357
240400
6048
716860
302815
205662
409197
610509
341439
701548
569531
586882
193777
591069
208591
627707
567750
804661
809765
396238
540976
33264
824512
746996
633308
498879
152739
353748
754618
940896
751320
740457
438424
713496
273645
132498
602220
611280
424575
770678
269360
497993
55150
803409
12008
289918
79152
387232
871231
386261
694017
233061
947791
547969
262264
156183
413248
416759
228149
97258
110920
448010
919607
71862
238032
582245
558794
950471
288951
841509
990877
129664
788079
549713
265841
388524
517381
128630
729390
286499
310015
994019
174800
271701
819230
1662
967358
350198
790659
102850
336571
363526
18670
729558
364725
860923
771809
794570
894139
573070
708707
88944
747404
591007
830624
584533
354443
43654
346990
903259
733326
896567
436010
853236
632021
666833
859457
278717
686359
456899
219851
915893
60856
460251
312209
570776
955992
629741
617711
323356
905413
414428
60821
487047
321936
914440
310951
337131
7933
580436
213956
158655
705300
825042
137252
476700
245012
788750
161563
276753
412743
543924
246394
482211
699057
739743
356692
905572
154722
909182
28702
974702
762411
909797
394096
551229
763053
900654
791592
767206
489421
610249
787438
54328
267587
384231
516945
513518
237842
168447
693328
479949
351506
701820
93686
977696
112809
858499
312156
386894
346328
119524
337426
970965
866673
959260
50649
257893
636006
550085
522695
844187
342845
296411
776205
529176
666081
443307
226518
439870
157394
748058
422021
917319
261627
4815
655329
592513
913124
715646
537485
453930
338558
185874
522288
893796
442844
678518
939827
797588
916417
617409
274152
222045
429908
558012
473992
801268
102896
820752
412757
382560
468184
211153
754654
371665
787399
319969
20705
756826
45542
164866
614474
23499
382167
950332
905690
147247
317678
67751
547555
227743
841856
238166
120879
160513
47955
918176
926657
977185
429621
573388
439091
784489
179944
167448
100926
522560
618554
895846
406360
320317
229044
208964
126264
63815
423144
802582
562741
35595
570029
438498
488332
86936
717864
754872
243200
885466
59968
320316
528412
800177
328563
531346
449876
784685
406407
580900
300682
889064
188312
734162
38828
270720
761616
516983
604922
792432
262902
558165
764005
426635
113757
824028
276307
908756
329020
327836
974720
515836
941982
7044
370686
507897
436400
344086
610716
309439
760632
241513
657701
542941
487653
937178
959616
209911
244993
973008
4469
821980
499074
653291
128719
160515
791872
533257
57244
311655
435266
130996
348945
109564
940721
432491
823818
894348
472174
288716
708144
845299
328703
709467
321652
268787
646436
641841
912439
918069
126984
514819
55628
962781
374291
489230
393813
396872
632540
753564
559562
955685
62588
750710
50008
661613
599614
688231
34917
30464
791346
622056
908978
184798
414561
786605
276378
429246
179802
478731
472759
708110
581227
520580
662372
809736
823787
674993
311644
740206
132660
427978
555329
493474
689647
431189
352697
704676
395016
28009
593139
25384
976896
662302
329992
43347
444960
264020
225404
309842
674379
199516
292259
802775
466157
419974
951264
149617
143568
870535
228937
787207
56141
952327
89382
937137
65247
228549
139544
541812
322579
873384
45719
60823
791067
734563
447124
328742
31107
974979
534717
652547
917755
280152
232799
149155
843410
951486
558821
54508
177540
495559
212670
583146
841514
728518
603933
117544
372687
207738
874522
336497
979363
303702
810358
15203
680521
238441
53371
314540
706763
993135
523714
119908
984109
110835
517198
26951
157215
95071
604374
344717
576139
718690
955296
336680
556943
152252
380361
879642
253893
966313
13537
449072
628797
321320
160371
164638
223884
768806
285154
237112
986558
70668
427886
562379
599590
292514
155030
741334
71319
650974
672024
803240
770155
17933
677844
43735
915520
326045
360143
468250
435139
684741
430034
728708
343140
274129
671602
218974
34601
358605
648299
541855
355486
738061
160614
150794
463850
487448
65114
207652
836094
977583
256078
14417
401574
250429
230588
533323
354306
206684
832018
649917
310670
634369
55378
371906
30684
216838
487385
271157
638884
971091
916284
971316
258482
840039
713998
762998
531197
278216
956670
842758
443992
375429
535709
764828
404225
260773
387838
840662
173655
576110
498294
90648
611561
499347
468931
867325
540458
462267
685513
114360
325312
499626
806071
269772
439419
504206
907849
268324
149795
227944
710950
60751
668010
244693
64041
904860
737664
900537
660413
871439
191238
348615
309281
306173
130586
319726
604811
441737
233425
456931
208553
956091
453186
951495
395394
278778
280191
578550
228667
131622
546015
301804
299510
591700
986615
692627
48085
190759
574631
200813
400348
40519
587152
766874
807668
449857
917859
215815
120908
43259
565781
944755
830746
630866
216175
237407
317632
518354
587329
632466
49481
947857
363062
136902
39442
208552
424387
45298
797829
332623
690809
857845
325185
783572
132923
417948
110230
254904
983433
217360
721068
505574
138746
389663
106499
13649
897416
177701
665428
388073
215173
812182
456023
1913
930284
575339
352542
505952
599251
809255
831582
277609
889916
937093
981646
232458
95242
40000
497577
167030
634192
357630
106829
118623
825861
751706
518981
29963
612628
467085
188260
722962
300112
259704
453768
602354
554053
12944
959550
923726
914345
955750
666820
829897
565682
857682
498089
90555
203457
345211
673937
311311
252284
388678
947733
831225
301369
940313
930439
932182
413845
986891
394963
838497
684197
451562
166848
374991
735556
174696
578326
404041
858380
752994
267290
22212
880928
660686
341749
57406
644645
535297
438771
387862
609744
728795
128358
441928
613402
686480
912491
525317
528337
43155
74116
741099
531592
101089
548645
134182
115823
542311
991690
260514
352509
888272
241029
660588
821897
459695
364758
838820
573368
702406
290034
146977
271825
645617
235942
487201
740013
575730
698261
789803
860042
886810
13725
533380
199806
882384
149656
877449
576584
241217
102846
681007
369218
523620
531112
365973
745778
175208
273199
804419
779841
635197
759411
760386
922051
56956
488248
405271
706356
983668
178026
839325
175236
257810
589697
664766
623881
266860
651775
874190
519316
128746
974935
507780
532318
837585
988136
658261
574560
98477
64806
328751
356417
412187
195546
92111
874090
567280
418368
175295
586614
688650
869518
406448
99781
211377
422804
795119
151599
795945
107006
295943
169302
374422
243703
4148
407189
918796
951784
889983
933013
575667
144414
132667
457086
883923
861002
61658
439945
670978
901665
486892
99764
354343
546212
81526
604367
804650
584314
503723
244468
270138
589753
940746
319508
77946
612419
545683
419307
563849
66957
516775
645589
586860
636987
791931
571643
975131
411815
808696
968613
191269
521409
966771
155508
787520
323920
46724
13927
745329
190231
193029
113370
505044
742866
113513
805136
542793
589087
814262
881253
492411
272506
603040
497574
961742
763937
376900
860156
875684
239830
466429
290115
402252
211139
99239
412280
418569
307255
112366
505041
900730
191375
223313
448935
3754
417136
436985
97871
587510
953072
655024
615302
532055
475476
468160
453258
457420
351604
677673
681989
51557
615867
801853
313636
223085
850187
393116
334471
138997
825213
281096
865873
121657
486662
340196
890334
98098
753589
949518
147156
349111
365912
795925
782611
638545
783486
378585
523910
989274
82904
109374
472539
46480
761081
366604
96463
905979
488765
955111
778082
943417
644869
98022
587498
57507
264928
234961
974340
620702
744773
584380
726693
287680
195196
33978
693518
369500
135197
216960
772638
207596
266673
39384
814529
332506
751861
481982
870790
501995
107964
309595
461135
248648
806900
946907
988833
188075
571841
12205
149852
464162
271557
837783
60676
584963
129793
702323
406205
258925
809045
615369
805526
743606
350179
572682
85948
722358
738450
414439
253903
918767
525678
592140
93329
599063
857453
197757
222010
977412
268877
659467
560106
220084
135256
596402
504310
391349
844617
349266
855523
96055
362761
327240
916017
350316
949330
595625
557262
412441
95221
287131
318124
403197
772022
858639
390444
179866
930773
816798
409465
629924
537512
587711
824946
188869
597987
826595
536767
270603
522170
952877
573957
170479
65629
285393
846388
65603
138402
147016
712445
653047
401025
600173
393185
838087
159736
480760
133541
454981
933839
827860
981602
1214
938998
42974
852408
953036
303882
102972
193955
42040
874550
27416
622630
774409
114358
545912
620707
917294
290167
825596
404812
434755
220379
36019
630260
659971
856792
558873
661951
325451
228928
203441
826040
111175
437595
39803
356033
353979
839344
547731
813733
983984
669411
199910
565386
900153
956152
918161
413122
650464
626485
394008
818432
900146
329190
37055
880167
590884
539514
872264
992830
379745
32651
574474
22976
328177
913979
394795
114064
483207
125114
347706
417162
238439
76515
96811
136565
998514
748230
415216
585748
833231
319297
353776
329756
706296
224967
890342
882303
442270
129666
944921
792743
17402
985877
951539
973886
671858
321978
569345
868970
142436
447371
558278
140566
126097
616348
315260
533612
965097
637125
906792
794591
180975
883837
814873
978596
79880
81569
264445
120576
118374
677461
66847
8508
377164
832577
264769
985526
172541
139261
677905
387090
285445
706183
707020
950797
277027
929329
188076
658097
802001
10904
207055
134245
611890
958734
754534
453788
19287
955737
802454
571822
920686
132309
12718
251971
458568
975220
300741
861739
29125
141222
821808
740364
928799
564628
716894
960371
24527
565317
600656
308619
376607
571171
201399
997803
619086
25496
217835
302665
960409
405459
872774
186636
953772
972071
585243
974848
211557
237202
588886
15971
725505
272602
813596
978917
102675
243665
345931
131019
273598
601595
642235
437511
25164
440821
361076
406709
482176
194941
426286
622145
7282
801249
164575
668627
589231
535737
913845
656021
116286
103111
846304
847330
38526
327849
935686
658828
371755
234744
62810
907914
535167
548865
38727
662141
885044
389726
847430
630045
623720
603632
412943
962756
638298
417658
961771
834455
51921
662237
227752
551117
499804
945644
409190
86237
829748
207019
670991
302216
584893
967657
999396
53056
889835
115127
880562
994228
83522
10500
184227
612217
9206
948502
222832
734166
689776
730727
125620
902700
170930
284826
355740
94528
67089
395160
643131
748199
414497
912908
381818
616333
109424
760887
542061
333089
342120
795888
153920
78368
82200
615996
956240
615805
153996
889222
612886
81706
627224
884795
959998
250438
425204
94724
182102
720547
637313
289953
505505
482034
299114
649503
434700
90190
677029
131637
30840
146914
980185
760449
449078
886327
828954
411610
717969
74717
772303
812497
429124
258165
318581
761353
304972
110362
193340
602608
536664
829994
590095
422553
143006
708276
91761
912312
563335
577280
232835
240441
592970
319605
451554
656637
814551
924075
724397
436082
468329
848270
181156
502413
606462
63147
421420
862247
761507
151194
229103
124209
674600
651656
329632
236694
458868
941152
94684
428204
973425
187094
165356
200917
514343
810128
390247
889144
43303
277745
371956
191895
484253
919170
320173
428942
683209
618751
858400
321383
128775
679292
155503
848796
320842
551922
821591
986666
713703
7146
88845
388110
571469
867525
659140
709087
276243
584102
315148
302599
681898
593148
918804
543583
353138
277231
481808
298342
892200
66790
900789
230814
606588
719603
555745
961284
177536
475932
108121
199018
941373
738439
412522
328882
968160
132545
846512
472425
228114
14827
930741
207421
667941
377857
631345
403741
109481
567112
559280
411052
733919
569620
954705
448161
792197
619699
631786
749117
479760
353273
444681
662058
692792
817641
395797
987885
540333
709693
631060
991176
540071
933011
448134
522991
526939
949428
126958
236004
406857
954497
586736
994033
740722
167100
275541
45442
474920
467760
910700
860892
948861
569791
931340
168638
169629
809990
409140
545106
300216
202030
310227
753872
595223
524882
341155
100080
746512
993608
225839
763977
826773
305358
698998
340619
173990
969875
450536
395862
192423
33631
67725
582452
343116
502047
216837
852154
980272
765073
751530
968822
888645
88136
836945
621589
276198
656988
475568
742356
259081
252338
524505
464417
255568
67300
63396
826702
396030
725132
391276
549168
35782
138290
346159
35802
987775
19792
213465
145009
285685
6014
316186
265132
244761
932798
462131
175467
658776
885862
287825
374448
36488
567014
622096
880830
332799
13045
34976
250764
658558
235037
545285
761318
830667
62751
963128
755233
189852
83780
884715
879353
338607
455489
514090
831049
14135
321285
918109
802021
83376
312611
918698
941783
342164
306263
519287
623221
614822
71543
832845
148380
180395
598583
35800
280011
952824
123737
661259
859230
410279
860655
76448
690148
706979
730958
876989
129696
567971
455249
15602
741721
248116
384007
683871
907934
513454
148986
702707
220954
580936
21213
119759
848783
478216
338833
602376
349939
585106
66772
860683
279460
59170
900486
420827
749832
145429
227673
114423
18117
309793
603029
330711
228186
516198
276870
81172
967384
48668
513539
336551
210817
550955
499739
775817
956859
568281
320861
986042
794033
59741
593348
309790
552839
211987
282301
669313
517879
765449
421847
203067
978957
527798
662534
756399
303227
277578
359764
330989
552026
544417
47845
721464
496446
379921
614373
353377
224372
486626
620496
566226
43354
223901
960221
336295
88923
916093
887688
261942
854663
435394
325115
897391
873931
83749
996760
143967
624401
655782
787046
126287
709687
584833
896469
344265
975652
31551
868783
660666
166733
33064
569309
507635
95811
374166
588884
276937
680246
836452
126042
711197
437642
766598
962937
468854
666580
163891
898238
325386
399345
138172
908590
79324
70723
448384
28615
96831
922761
961528
501102
895800
297946
448110
397562
28097
956222
567115
452827
729514
742697
171597
820584
254875
705365
976471
586053
153844
85050
833698
555053
709269
378029
100434
720674
25145
604883
668451
343086
282045
253312
863170
262420
589375
365808
281016
504344
758113
521568
145985
540392
761517
60490
196155
415206
421651
103804
854074
422227
477325
966740
621944
318745
257699
971802
705450
838197
211082
368122
509613
317823
109032
863900
288351
770007
966643
336098
674379
162158
352183
463933
676156
742574
810294
515884
688114
956551
636713
278739
537266
710103
219813
830388
424952
604597
102105
881292
278152
991707
55604
137804
330403
887341
975459
436146
16340
366378
183672
409732
872553
593966
962918
9577
514943
554785
892649
519716
15351
495040
936322
152237
392325
142534
194656
646382
603687
773686
409179
400151
538418
209288
760473
37854
763655
479214
435347
348503
396005
971329
15794
658091
113944
870221
515987
199352
757520
497909
833002
844933
525132
483141
722434
428832
705141
206482
348514
481686
106695
771216
49355
776719
695466
974192
943199
535939
783327
213043
725020
535837
370518
407120
256517
371178
779804
662014
527713
176062
366193
124383
55709
62820
592888
821513
979084
338623
56647
350641
508623
212161
982110
557302
351824
571655
563829
34632
704552
914256
719726
193075
621729
907801
991786
814732
281301
827734
345143
846902
527285
273294
192167
808977
944998
127508
588412
869697
176005
588061
411711
565974
2315
109507
915504
261341
211148
204309
475415
156610
101913
79640
997689
126816
278662
296735
682790
961511
223686
425346
716975
454505
570674
327422
213366
706369
834472
334249
886878
457504
503184
351440
408608
924789
956026
110063
58687
448953
476643
593164
115028
77972
606743
912688
953987
390127
908976
898947
440590
123543
250876
683459
792904
948426
424573
45792
533921
395298
498826
491384
764576
606235
923474
437354
427376
787459
466560
311065
982481
276029
817275
239743
348207
405489
549637
21611
763216
418324
995267
696472
172774
539279
66139
540972
407044
429710
743929
343370
246894
722216
242413
47828
502985
21670
556142
659392
793329
712946
837378
279573
822313
206302
679989
86467
325357
262221
451398
773469
24676
739970
348066
568436
203505
176259
445256
690257
12649
594857
17611
121102
927839
298823
653558
336145
246746
362293
682249
767334
759464
357112
399714
7097
678604
616015
625463
334317
29138
747100
825344
57179
6788
42350
42609
703018
749493
716263
999781
558599
719354
99023
958614
914625
606072
813556
275849
771140
586329
410107
277191
164336
656729
140232
169797
644182
562812
413061
240933
805519
359778
210195
29141
127672
872626
592203
917206
666317
565556
886255
39767
842401
197947
255539
629695
279031
817727
382497
494218
778497
410953
853165
616011
988402
855879
516757
221711
527874
663679
674036
914082
560382
369313
438309
293547
665481
177461
139086
851762
484403
207283
458704
597890
721523
678129
558857
46250
651524
71095
165188
436125
31770
518894
552446
954937
241472
733687
269014
961765
341968
257241
164944
700371
444686
648210
9093
611365
531937
445518
173995
993452
218734
783413
499581
36683
691794
624479
674631
63674
309884
73635
216080
891302
1190
465357
355043
89462
184686
196013
50300
405929
635541
773516
396172
149531
309459
959034
555497
188838
707092
822531
88853
507813
5715
874368
965609
849876
946834
309193
573343
160211
579891
109640
953721
508234
327158
585961
940752
733926
650448
525357
50044
38656
474276
56030
691933
512927
677664
858973
362244
77396
341495
356567
789378
564420
818550
71318
967434
79554
959813
513971
196485
53338
687613
473898
381939
780267
440160
486726
280376
646828
333241
785275
744843
93007
417361
327058
48694
655362
763147
634815
741834
662162
539741
67214
241507
462442
947947
1532
316628
927418
614530
390306
364398
211635
507821
827084
928754
890222
554424
931688
480273
544940
833727
229146
255195
510264
176241
862060
786060
667881
223911
808547
193520
232708
872347
799661
307695
990782
819590
39670
869433
334686
438298
670937
151246
134785
146585
639859
586346
377335
391632
360532
369420
926667
263348
36879
918946
640993
533527
271729
823123
185015
333063
791886
21672
730702
906820
96055
163928
764578
46811
603463
23534
501396
580387
170525
436249
78121
263379
722212
152400
629995
278399
869261
858272
455277
85869
121374
437715
305452
9176
525924
714559
82897
465856
242244
24552
259668
597868
368112
6611
541562
270974
422773
109672
145406
728753
88432
954754
643406
31153
677984
707095
684460
457430
591959
170943
447605
3071
910091
174626
13695
786823
199689
926659
718299
906279
567625
355043
386105
213160
890780
725715
900331
786114
621954
387226
831618
255958
731544
623678
683349
835909
961006
773235
882080
321515
741815
202013
340872
77372
581913
57732
995964
289273
781285
840403
32184
486094
2145
804621
359331
569163
293376
449549
349400
853181
677491
967352
557250
950569
842968
785025
974241
712356
405457
162968
381545
828498
471472
877488
264969
964025
664654
634731
39945
694017
816763
445413
808652
543434
477647
742938
867957
769834
322719
23093
830886
962049
90827
340086
276516
363259
481589
658366
13015
871906
874188
573050
849773
322718
908998
574954
76509
765770
767724
798797
491145
352627
600207
793643
732988
295599
536
95102
264147
320792
521981
972414
204025
103268
99984
698184
295819
738402
474801
358570
320794
679315
766820
735885
171342
570147
594941
64256
531047
95170
191800
18525
609183
830052
184165
660314
154156
916945
857408
425518
611937
262697
246943
722781
123316
118392
491908
93858
124698
658482
356690
508024
968975
9099
358365
933574
369266
650933
349722
474661
400716
726711
961077
337103
603569
945895
903042
899173
31935
612740
711435
59420
334147
582002
630663
335558
765692
60050
584428
745081
550135
659517
591964
446814
579097
148702
252346
100440
380795
647401
320096
782542
795439
391164
928745
6423
90786
108560
347497
652161
170266
816348
691068
761918
134302
739014
852860
211372
115828
434374
629068
658431
846469
592026
958289
102798
94301
146848
762561
674102
659023
607699
906899
521775
815093
290532
337750
530665
583701
880308
171934
540834
249696
447788
336792
520135
164308
891578
743231
534084
551425
263848
965223
532330
143272
18394
25079
328828
991870
996068
89204
35030
564113
370310
610232
105851
437954
140805
160449
155513
402288
867879
451109
875707
368053
328330
376675
301099
787274
850529
434774
295490
437574
836300
275075
780589
765315
257683
78097
514333
201953
38400
63896
276396
194788
115158
115665
248807
321849
33393
704238
283196
845590
680507
902531
331009
609151
41992
72545
592606
4324
83599
154820
577177
504743
692550
681058
548924
573884
499545
722275
598629
663594
9030
950704
595114
878638
775576
618021
867046
710782
242621
479712
71525
588779
860678
76219
539240
570655
51196
264150
723605
868998
65561
66061
478526
366666
78186
820169
720972
469494
147327
512114
907656
325308
819467
332418
915077
102674
725919
288053
47278
934134
819198
524124
605928
792403
816860
992017
249251
370940
226616
532997
516610
173205
160467
925173
138340
174672
437771
179068
368207
994069
164889
64065
327033
11899
109476
856592
582514
331635
297343
271047
528049
815109
776902
379815
386297
116594
696272
580746
887783
615095
598481
613235
785051
702515
752015
78849
951681
542752
791423
693438
385595
708989
521788
392724
396653
121356
375011
263071
973412
390455
20173
501278
665635
253518
967146
299010
190604
833003
325046
383593
619112
421687
103835
242340
97235
24645
520483
891892
43847
478236
899096
869780
407619
992722
903803
81840
159831
606227
446685
624115
558607
545153
308893
728254
142457
783222
514046
70900
318741
841700
55715
728306
357209
343262
489834
971420
483358
454831
967779
996371
194282
164968
660076
622402
426395
679736
391018
777240
868588
530355
60582
964112
364583
17077
841025
424235
414567
205792
486421
853056
213129
334848
198442
261737
374127
282192
696658
833567
729264
332374
540002
456480
181151
752105
267469
436620
722871
217107
754078
481872
705120
230225
746898
59193
440992
711927
698767
674602
483425
780592
679365
232681
459546
365347
810528
671763
115613
980146
945511
390064
744061
408668
416372
754465
59482
929986
212368
927030
565515
564295
12330
140060
548710
502608
294580
100083
207535
898475
466139
629374
439450
360268
567329
70196
197438
513202
684120
954867
358233
339368
822589
249108
579898
964647
608238
757657
278223
642456
944905
820099
574923
545208
930275
605633
406003
43989
148258
567554
840262
553013
23480
937579
297159
762517
817724
56293
394088
424143
528678
3917
442901
899349
2727
962383
845722
105113
528227
375757
279921
939087
901324
553848
470380
74250
775900
284802
468475
850883
152239
971114
955483
235257
650298
644662
151132
440114
557804
371455
495564
93151
482463
807014
366277
112605
1723
263332
871312
364248
967592
330048
488373
512906
737005
432665
933281
867361
17322
777379
669745
904639
423022
734895
882145
564571
890870
105442
558156
485316
267459
287879
876127
889414
335126
901121
530334
808549
84683
330457
814354
840838
543696
514742
713486
443438
958208
497322
852509
830817
863072
94632
935499
202668
601588
979476
297228
260351
924415
458227
272908
834418
712726
193986
442387
907944
883104
887714
153556
358353
170348
359600
903315
128329
457583
535667
460466
43486
563545
335663
784790
549487
224338
940886
965946
237679
5270
581726
835152
233673
920042
434606
628047
421150
701433
594033
192542
931817
225040
334029
601947
191428
375091
30446
172424
36227
885210
808380
139858
943934
313099
641195
568064
550957
906389
604464
194549
208875
871974
901649
576545
824861
478026
893909
496778
432108
363200
177499
610227
368238
608251
121863
218150
431138
683698
510935
430563
262938
580644
349971
698277
314995
909164
679651
895117
989248
803708
265211
730222
681157
405881
918065
609140
543263
219379
627950
670897
60097
22655
700035
13445
795225
633459
665619
521322
784017
579966
676014
558746
539825
47521
130303
215389
227361
255566
19803
942130
202508
389723
74873
573913
107105
464547
547649
402619
403891
232826
341373
788599
843136
440394
450540
705419
802255
141391
708725
552282
195378
385835
897017
74207
824811
569638
116929
823471
764267
243078
721302
892068
690294
595783
555952
204204
633442
14776
856454
190188
864381
768178
516740
4818
17742
450933
111579
80502
670452
908576
923890
73068
725740
109389
78074
153896
738286
195335
814047
560526
208054
482601
270426
611094
964832
50132
838819
502681
802988
229900
389380
294906
358818
852527
840777
335219
974223
935700
624148
499323
666861
959612
509965
748241
677280
386935
812214
342824
113949
646423
109596
709487
977637
244297
391081
219836
272815
673429
119191
81044
155556
839474
424831
880985
301060
571078
129807
422609
628134
807482
511194
766159
276380
786743
207114
860480
842997
581119
170032
140052
504540
697258
100028
456518
189533
599227
185480
203210
191176
601566
51982
366227
626222
702144
929083
649854
815752
205387
652827
493342
24568
199101
172787
113892
80487
604132
759533
942507
169421
809592
673454
851294
508174
863892
27012
519047
420738
963155
666427
29556
675149
112195
881870
119944
809837
500105
337723
477531
840723
716113
600943
187087
793192
827055
640033
536496
926448
58519
312827
910599
509324
227829
385714
868220
180377
661482
35191
158309
29750
359204
488453
308335
980324
747737
830363
748967
637382
303904
36804
29478
604231
501420
503505
92951
319770
493989
300649
563686
874141
523621
677175
663495
689879
307916
735489
632608
332128
655424
747545
579860
908384
853764
299500
875373
906159
409396
997559
17125
304092
193434
285530
251345
342793
401777
496261
609899
284788
635316
534223
252282
400656
236449
721381
150176
187153
691599
875487
27200
266439
597097
276270
365770
79138
456518
62514
965732
462548
262118
775144
580726
674836
69388
158785
869906
361150
111219
412301
611647
500311
684526
515350
332321
833455
17375
403786
517510
763231
621075
291535
967759
48114
320633
600315
131257
174304
95613
546652
830471
537717
61510
323121
311246
6673
946056
545660
351644
979976
736902
463407
337734
917737
417256
148483
373645
688476
28340
64872
432428
62501
591212
44247
36289
597573
175236
214915
762069
538623
24255
951917
891978
694840
258981
270359
88608
919736
42147
782288
158948
276685
412287
776878
187189
162702
564982
301466
238068
7869
853171
873093
327368
686918
834222
130361
602890
350564
382048
409418
974420
17443
884190
56235
924961
682560
594265
668189
414433
430572
902001
13633
143836
99503
895089
235343
123904
561002
505579
268895
519305
249845
746865
401573
689419
779494
672941
574778
570527
774643
763038
6421
292136
819375
618864
430552
677889
41520
433462
331334
750597
168402
641862
275
239290
940052
284273
361364
566362
306143
158109
886998
170368
694503
788737
37898
109228
54058
673853
27806
739251
516950
878100
474470
993542
162568
592519
856249
36444
810350
45391
13657
357631
523021
285046
523338
739056
726366
754514
184899
405432
52500
921759
427394
380365
369081
524664
361274
667933
882294
119666
740264
146169
663473
795797
953028
377441
544529
42616
712466
790952
942109
688888
709591
440196
139138
483796
201705
293300
794547
344296
155552
924750
650091
400772
142377
762660
972814
127657
967224
338578
245293
961503
945693
24871
858536
912566
938416
547886
181102
738199
565735
618776
336545
154757
84742
79815
760596
846390
70901
623545
780854
343240
4973
849167
435784
140834
138124
603129
739466
498472
161545
405441
775092
861722
104065
806000
535776
150858
241776
1696
134405
4280
213179
514080
1053
53259
352297
121853
2792
454702
345330
437107
757834
118597
621360
426608
404496
667787
735922
838017
495696
433610
265328
250652
726126
265397
199768
286345
329467
656677
862727
702061
28151
886767
26131
752692
311095
72606
794949
300698
795106
699602
556644
479063
356309
155444
423148
572581
198439
923348
939294
444719
558982
216994
76657
191447
938560
693254
155814
126500
760862
261596
167737
602055
615467
232463
616499
755272
497426
532049
830748
319186
947749
175988
940878
365463
484218
503336
777509
433633
845552
199378
127507
307447
249615
762693
41488
848232
280589
30559
531246
262327
104877
189442
984202
425314
803266
909614
836255
649105
716434
873272
44596
715288
806869
477417
136310
5033
580381
854902
787232
78873
766927
338327
953110
332301
824015
632262
646610
301633
82618
357589
236661
30516
851917
233132
580991
511092
947363
394462
779546
630081
249179
897320
25297
35873
1368
435909
64670
802112
595937
678065
736864
257601
729641
915896
531243
4517
87530
701241
972730
943894
50410
455932
983871
142545
546272
823341
531995
14574
414831
596469
758185
23310
865297
5236
422965
510304
827023
392156
188491
29839
765420
849389
907241
637836
356002
271625
669462
325939
265028
216627
404236
151965
170114
372712
368144
568961
736011
665434
818979
524423
57357
951429
123152
594859
348312
184240
361062
383946
238688
878210
49920
337421
818081
406463
16576
78255
709021
488989
650970
678316
198145
856327
48140
491399
26854
13485
135532
10424
37811
588358
111769
68273
697119
236899
895955
241996
538644
481265
748647
816915
930735
199755
505795
42091
913444
285050
964520
479133
852543
739786
247676
419650
251269
245002
375103
356427
278713
374815
17366
991659
607610
27205
477059
568161
425545
819044
278710
771045
250601
222026
234684
377326
960159
143435
309590
104222
435353
142578
333605
84939
36651
512611
450176
602603
478772
602703
955176
722587
864415
870930
815251
58508
111749
783148
428068
200267
849200
909210
941372
537387
543547
652048
578922
583440
203221
452950
455038
625499
157412
813564
611899
980397
374086
721979
42026
262426
599090
170026
481035
106604
915453
718297
118631
819921
38521
835278
500929
139170
377464
931802
220394
303888
350702
970390
377396
752877
609460
881151
801214
873621
652457
73387
656687
940087
109235
316008
596606
408707
197347
315120
918637
351410
49079
348874
109333
387373
91960
880767
361245
722779
195716
803767
94532
896074
625638
170865
942878
639097
289249
690780
459292
633855
73420
328340
10179
987868
378135
633916
612607
168411
218475
31668
363601
971232
136816
44791
129507
110164
958760
639508
764412
67177
894776
743623
104782
977612
748295
759604
670765
989415
627647
84031
977114
54415
792689
483210
227326
309841
11989
811148
424946
887444
139823
438859
508667
452651
551948
987254
754771
995578
26603
174497
882594
69441
883961
802781
502412
884170
834229
378227
592611
373931
551923
48061
834493
949497
314748
604322
800929
909833
478866
901612
156187
128804
597777
770440
980399
17606
506992
108633
245226
235603
573735
9400
452756
311319
747819
17613
243009
283256
48661
787011
251590
452347
759969
325547
605513
498031
465553
21743
935346
102074
770801
112944
705022
47486
497654
882111
123442
858727
190272
744309
403564
705939
459007
425392
422164
834527
945
61802
470258
474186
143881
171895
510874
60745
847659
637659
595074
432807
116820
96133
433844
713685
363671
758892
579038
596565
708418
248005
203079
869311
574239
153118
261980
55215
603286
809882
316841
947724
400944
3081
649507
259317
485110
262435
487713
89097
619128
966690
462571
658003
958121
875705
532651
157073
187880
161204
829953
175456
240666
377389
571698
329285
539250
902952
307008
962714
651218
380748
591124
839699
946891
847679
674712
579308
495937
551580
936801
793201
8554
836372
516042
808041
803893
966878
234204
212128
286279
497564
767721
658384
845920
334924
704504
602155
603676
477799
16794
306440
391638
864346
314651
675175
17703
516190
755988
399522
879628
64758
890141
380979
635813
4676
862625
751196
111770
778697
717898
227383
803032
500920
875226
734234
328121
648437
329947
206182
583938
913455
321839
48749
711174
581718
709633
980477
777767
312827
633372
491277
809084
747140
99034
549571
326478
539848
196788
34528
970429
595405
570169
900169
208768
72155
469146
659315
178314
771196
233186
27369
697351
523859
959938
32317
470021
488599
640010
126281
108016
440554
218356
718945
507126
80090
830683
715031
494601
54195
608393
208169
618883
375614
706541
24779
954787
227803
979627
517709
823413
480758
317774
292202
274768
656105
303641
75436
910905
623598
820091
551166
386021
107711
528928
836368
180956
603212
950564
807265
777273
157592
348642
803500
729614
830577
178411
950449
200036
91914
139667
600222
328992
865014
274981
813018
334273
699587
467446
814127
892101
477489
622231
49553
726123
967950
372516
821839
863316
796399
228601
175829
760899
585101
779396
445403
26947
7033
24630
876526
614312
543101
629779
421721
748845
663057
962282
796912
601148
443959
436574
974392
137293
287028
989538
767734
68582
380587
584067
689683
156864
834775
709087
28265
246666
576996
116851
683820
701959
338475
556882
308407
672466
101960
730482
438834
765058
193242
69345
574430
715944
240279
508181
874941
989365
315273
463968
911457
375929
357097
364866
807695
303494
703638
10072
626446
640435
449266
973043
606546
744380
848154
271620
997824
541191
826496
881011
824286
72961
766886
231566
924505
725287
60024
786846
261937
501153
991047
482966
481733
965768
262622
143781
723894
738632
186307
333675
368315
45345
416523
659015
975105
456583
918618
581327
945789
38570
931575
278553
359823
572944
525640
594614
704724
629981
808238
312639
54088
62837
969471
464455
853014
16184
948892
702768
48191
937772
179247
954905
693026
315321
507268
769461
207277
949965
467712
721399
955297
473632
63554
867369
32955
790801
895316
375580
110532
895727
50893
923322
223543
948053
666119
938359
314186
338413
478649
661286
712539
780693
978224
806952
904184
843998
796975
627135
948107
274353
821919
541760
181280
787596
684468
852071
235925
588586
299871
260676
239773
988417
512745
749140
717936
814885
261299
917419
968275
674954
699719
257676
900479
109798
244570
61339
202033
379957
864352
779817
454861
209686
610636
343279
197616
993363
144099
698903
537681
71294
204412
283187
867922
839350
956694
794576
969193
674633
498070
732773
144037
297651
574107
620262
322464
387909
556928
837238
731840
479265
820141
585977
537769
847330
710618
147975
708547
851288
796194
948604
188899
431216
287551
119724
430552
851379
833640
250804
443477
782757
499460
108844
551798
163917
873097
590136
676912
66517
94070
520126
357594
49735
722601
303921
249298
677047
113246
595788
679053
457664
966084
778907
134591
242854
877373
415795
700131
834971
379251
960514
843303
481245
26578
833793
565624
372924
431141
778950
875301
504441
968592
947957
870130
81546
532839
720599
325436
783739
169002
209731
625988
422318
315295
182392
308825
408067
712970
882509
800870
419795
899466
966271
703638
61269
592403
538474
667999
81827
896579
80275
67442
113303
109923
886562
920573
822415
424125
702125
244699
33489
427733
254894
230042
155143
57541
475735
887974
35435
355128
971644
270742
10686
986563
309359
770963
446449
114587
70954
602593
885479
590199
317860
398091
537042
249155
372550
35375
204538
212797
480183
973731
532892
19632
449492
788355
61871
186187
940667
375129
289986
857182
354566
76007
670081
87472
879446
776339
961814
358527
77637
75056
590763
278869
60029
981989
574606
165763
796391
160444
363246
979645
762043
10505
332418
181073
433270
438900
430537
454981
181866
93990
373356
666765
44911
542092
512127
322790
31095
893323
988774
886738
114559
325440
356308
573360
858402
191986
202095
839927
402056
384983
662160
74511
543739
983295
664678
59532
440794
545633
259897
370248
296422
997569
925260
336795
677945
916858
572317
141689
251095
655277
25926
962025
965277
85126
808581
175838
783574
649256
207257
899444
363309
743477
457219
467976
295932
514555
230508
55796
666691
633406
647717
1766
662132
468126
457288
852891
982762
719397
639742
972797
43578
622959
832091
342487
5282
438070
72419
947761
319711
75642
439792
70349
54554
66569
367211
813308
754818
287728
52663
601885
581045
803774
833582
739699
439255
915569
822467
868130
509253
139456
597575
965702
480420
315268
360711
448561
256659
230084
777938
631231
654207
200923
353880
791318
702100
8200
185069
208319
798289
346258
57197
607068
191476
216918
539962
968325
403669
301679
168097
972483
417103
33088
726171
761128
805912
86497
809199
69065
972914
120803
785653
423450
711802
179394
970293
413540
680926
605286
975533
53029
763628
882966
411761
404996
386181
87162
713069
5935
362672
462794
473414
934995
101323
674585
547103
966199
837532
234040
943288
439286
12165
863560
116912
335447
67414
28640
679787
80714
453501
530006
68302
901570
785048
555950
853223
819881
223659
260957
398442
157765
804077
456440
472406
431589
781693
104638
531703
109319
388274
921790
569028
694538
609679
744295
537128
691338
734229
995882
466078
645469
376115
292878
466485
115561
736281
614992
706803
602976
688938
792116
598102
420634
938640
641004
710517
261965
608617
463716
932294
718379
968735
497512
247097
375641
520533
601203
795265
124423
314173
110037
551858
716848
245382
203839
536069
675248
193011
136238
214649
184317
560007
583154
713364
300611
648732
263002
568264
117536
85716
339902
445232
943993
543462
978729
638393
728119
12570
101537
32478
132066
343760
432403
882635
875032
777657
800480
77987
243049
320489
518334
399325
794770
642629
23884
485577
380501
477527
293751
771569
707633
492480
356674
996634
404163
985293
579765
706410
53305
262178
148196
879715
512943
165842
172954
909
468072
795921
1571
779314
384874
460865
54131
942403
609014
82664
696118
587928
836834
557123
773621
516181
534869
721779
585826
458024
861407
133014
309184
387374
336818
665777
896305
273525
42945
545801
54301
339932
477748
800529
244092
14359
592901
31229
411009
179727
683962
661237
624676
68006
386559
511781
438410
398936
512415
84721
618578
321149
801183
677830
124734
182571
510711
841548
997692
764600
451694
650103
246929
391453
98257
698365
829217
992182
400719
219490
539613
209893
623796
101998
45449
604951
568768
300096
853288
675678
165028
497661
847367
302718
744664
875169
158692
800195
411227
324853
553465
708047
605000
802017
362792
743986
834962
144793
219076
221298
267228
441907
491193
472234
556792
263129
203418
519246
456121
64986
698053
678860
351862
669275
536629
137230
11870
314218
533412
621276
370227
724979
32859
11807
53349
730507
471127
544128
283276
331434
91546
967983
200064
49398
794187
52480
34968
86714
216778
80751
734014
922613
239828
561796
344108
153423
555216
587154
702789
996454
730932
215129
567634
706375
612759
570571
753623
14521
943699
861100
493009
837683
443926
868242
533327
377261
641286
359820
532970
687571
971022
667487
758499
726422
408010
817067
489815
885725
832395
641197
128865
242970
3719
744286
468492
914871
418080
872312
156851
922350
551183
794456
496504
222392
709357
115134
895773
10973
603038
146098
484226
813930
981018
608194
883835
835521
409497
23462
913421
167690
606299
609796
429766
237831
888529
386254
537398
597574
215531
773961
469197
126255
839935
263017
775059
901309
602002
799769
529534
879050
766407
347350
850931
963906
962914
490107
317852
694650
207799
850711
24482
520089
363251
663418
738631
236724
310470
579343
488483
913016
975532
933347
762618
197696
759895
791684
183478
379143
974971
278596
570373
561975
269045
136669
813073
324768
210521
52398
730584
680132
313494
358180
290025
532943
438728
947956
918138
313508
175706
416132
878184
255122
789398
24745
356875
494181
474763
110283
583989
701977
792538
308837
325640
526314
905693
544681
409521
368006
197875
544832
423429
44836
503980
584047
685302
617454
407310
593877
361394
968282
619778
279249
749912
718359
367262
832704
887703
343074
70480
266660
938277
362423
794979
13984
997401
895013
966769
127839
330854
299898
633446
351957
735221
161822
985388
781278
924510
270908
716024
818818
10818
658907
777265
592090
72455
256587
276792
940172
228081
617018
347864
871921
756058
392422
532428
330008
854222
273709
796263
720676
213317
167872
60644
271824
492477
997814
771210
558547
468020
596349
41275
342174
696575
677675
592602
393603
648522
950386
180887
647727
193773
122674
546265
121560
870951
810665
352967
667186
364473
113221
450994
235866
953697
789658
40802
321878
696561
205487
633915
700660
629708
15091
725643
991246
405565
49549
799411
28015
13236
771857
979696
454416
938462
315662
151366
785211
154656
904836
47176
987217
745583
29939
693638
162727
205199
854606
784339
584906
804069
60047
756913
795811
624315
103204
167196
586678
255505
710151
842864
560516
221018
654123
369847
384145
165850
894226
601299
455936
9369
286715
61380
324890
121988
276857
570775
433645
730721
847775
880748
647569
695085
498264
443170
25990
165845
751635
288673
470393
464973
672603
970563
856933
426191
541956
726240
677462
645811
719105
207732
382602
798503
298451
916399
979760
451852
623452
710234
538002
518894
146194
574881
464526
652893
452751
40513
411391
522348
803140
246606
410940
963142
55886
815521
938422
228072
681697
80926
623237
965758
546720
713630
463676
539294
609935
998781
766840
997083
353504
850625
200248
241159
970601
560293
429606
293193
386807
858178
636212
474582
594620
867481
536866
479119
36643
147647
516508
515447
408644
293733
10431
4304
153971
360323
791420
664529
847219
204705
937301
307397
220808
959362
11141
987970
443946
286189
839868
243141
993686
430873
230344
443623
41662
389236
294671
434494
662496
51920
639609
624595
173748
352683
752490
287291
792702
911385
553709
366292
346628
538128
125484
100510
6490
713680
753947
829683
21721
330477
984949
802596
194542
192314
946911
973298
915918
315348
754920
151974
686919
307784
683442
643853
616818
866146
746282
549780
421317
185811
806386
557883
260037
849021
514977
558265
34200
504735
265568
140205
610808
351832
825525
67772
817156
914521
561116
185355
409968
25196
557393
867226
134813
260635
936555
802811
297284
201150
838242
49583
880523
678821
603249
548572
465722
107614
481943
166060
286919
255651
410871
778052
929357
428003
584479
742751
409819
687403
668709
400135
731497
660529
237101
154928
922342
796413
431624
269681
536877
780724
25079
217567
878933
561155
94669
689352
444839
465892
6578
905
965291
860752
493827
30157
169627
685697
508951
158690
964921
180451
69277
17401
83068
670103
574881
125306
821926
840994
469997
771650
370801
60088
147212
994106
210215
798689
885738
247893
636433
593478
463703
948325
196615
340635
494442
347675
320102
120488
61442
333721
646880
313909
83752
79030
605806
630417
910608
453133
285280
28095
810239
819650
708948
661886
594758
534995
525381
199604
493868
287190
987003
546038
246890
335189
603616
683830
95311
426306
339635
388170
798148
207832
397077
310165
907690
157265
192321
790036
964639
791678
291481
244807
680736
723398
442075
124857
760968
87165
238514
110
418743
838816
978601
260905
418894
654891
605626
437015
533974
78615
474501
138971
192704
180083
157596
121911
545927
892126
878011
210131
72818
986399
471317
25518
776437
498273
856137
426014
540919
233870
373172
443141
893487
465414
237024
68882
417639
94012
579545
432753
892067
385453
943840
355921
499995
493758
841145
207823
684899
403442
938079
890244
544171
575493
707608
209000
726819
922215
89699
534497
773879
858712
287501
928300
248184
601436
200290
964070
853914
667676
106049
651320
432282
672089
735305
915933
179832
571021
566959
266770
48226
253920
726450
843097
301361
737348
626277
378473
998924
771885
670571
189877
887530
348336
143810
507607
405558
962999
883573
824473
142603
156383
304501
416288
150110
247086
252739
795318
458811
744564
512068
319538
918888
868605
605942
121926
258278
8495
981634
826469
238933
594375
775399
908367
780215
644778
289558
632378
54413
88811
639005
808863
382237
651544
122299
724190
307989
547649
688530
825038
772170
389702
577594
101925
464793
956316
169393
829569
365934
284956
448753
8337
597859
919815
535770
17250
388672
987418
964559
115082
889825
401162
979229
318891
649845
967901
131156
679012
504354
433253
633530
508634
343814
388057
703125
968862
296345
903825
519335
112763
944558
724894
375479
135007
463064
944131
485513
917220
748521
53652
337839
342329
112854
561514
559352
104753
773046
566529
23111
289704
986729
402094
862592
742734
842582
122495
963419
528145
827404
786481
387674
719979
331146
32776
294359
352517
690266
456463
636279
569158
1879
174700
903419
866365
898896
731679
124533
419751
641349
344727
835479
274397
754446
602993
586598
214685
45851
672846
796814
817907
802838
57231
313936
799171
486181
899568
8663
897270
757707
883902
694312
979903
283246
48246
656694
567817
190963
162300
517845
802047
321733
518260
39047
227639
134325
90241
134835
833596
964924
608280
532339
213686
825691
662784
499980
455288
210147
987944
987385
452518
839057
228068
840096
592321
3473
460806
760550
229649
977955
203285
268254
938030
66267
886829
420636
376106
15170
873906
685608
576862
690331
562226
597582
846544
272960
707351
533971
547710
770154
622597
654466
382473
929294
308310
263652
27201
175525
637743
861261
747785
316101
543423
853331
669223
58603
28372
83610
50154
940762
376601
590731
500920
633500
724080
894435
783475
890855
27176
561895
116616
907419
345691
666870
814804
340264
125671
615542
343922
523853
923143
926832
171173
384443
68173
247736
531743
797784
523774
955333
841964
705055
103946
421215
232894
873892
211558
51830
686165
262325
312648
779278
180107
614620
791870
472408
953593
118402
984428
278941
587530
537454
669088
251475
509338
316202
266772
342674
955658
893894
110399
896224
544931
995190
623384
352104
462948
549654
392552
650122
297449
921358
173898
632076
127546
516113
428418
405485
789742
995647
570872
171866
821882
535467
36560
466170
754907
547830
322918
683812
29595
729946
767915
668592
616130
85763
854807
268523
630109
321047
571274
904228
791652
339543
819395
559779
418250
83421
614971
578937
590886
262533
149407
141555
161785
545641
842217
780776
608219
878532
238426
465714
892551
19256
314710
154233
969087
711722
734939
80043
347165
746571
525791
900168
116152
559410
449094
578521
909103
551717
12029
764736
690645
76343
839798
85227
447801
162635
480320
134114
162192
596534
189506
361088
141890
647299
903891
915455
936782
410768
30009
854380
764314
411733
57021
126841
603
732741
587623
20849
101981
24396
276316
554438
704559
240505
658896
81222
665327
284598
210665
608300
511277
864882
883314
671955
515711
376351
62584
874054
885089
44375
620293
577650
573766
937818
807350
175677
669951
240242
321339
304815
823879
474871
621291
639310
365481
386351
774338
730185
6350
313229
234232
783754
551
624922
565374
831982
460595
30833
49048
46289
545517
206564
965650
315714
822294
96125
574368
768214
28890
814302
638934
703128
408610
674826
213568
723038
432821
175164
810143
572023
544651
781173
938625
842112
915248
144852
739835
583574
6417
316509
883910
199589
63783
40220
428468
2079
142717
482082
894221
788041
615519
661358
741322
363631
958369
215912
467181
103160
639497
451654
978747
614804
619098
312081
578391
609809
581502
831234
762621
604237
977487
251206
568407
696070
702274
712225
392063
594189
564400
680366
734546
255129
673602
587333
775213
9720
328889
974261
977543
917793
229080
254192
715883
586596
863086
106118
543376
284162
201860
71114
409047
905817
190623
229393
74848
159672
709298
877912
687432
274513
840803
538949
842563
886284
281464
639046
601363
892088
423390
472214
65827
28380
79702
358238
207298
619372
425724
274488
29247
263639
454837
173582
667165
486781
826037
83809
425971
879166
38443
869734
782755
667182
806985
966858
202740
401764
181235
846807
568271
675122
112003
395439
864915
51374
352759
290996
901973
753967
290104
666698
943223
497108
731143
119924
472867
371838
687046
9883
644645
616541
5793
195373
346659
66728
770519
710050
182329
581542
632041
286746
771509
967082
427293
392803
983084
575004
728367
199382
819063
491569
299669
997792
48462
453628
395566
700638
317886
420958
959622
676514
792458
471385
862664
54419
508828
551555
546817
814513
786470
969622
127053
407861
253082
974244
999712
64342
389122
557672
231027
287336
939452
904631
863432
17375
925398
225685
940252
108210
152386
943971
115497
944923
231478
314166
535125
321082
108835
305732
298938
936665
601167
844344
421907
129739
784529
380581
671039
199277
580841
198870
92981
590094
423737
925123
303877
527659
688100
187553
294471
367699
258562
699025
798754
773865
171133
628344
337530
290760
962443
211054
152631
955457
329480
451215
492399
106879
491950
449520
896815
751180
236660
769708
691435
285100
816705
355740
785599
894247
968524
754404
960353
92261
386130
16746
470438
471281
307442
84898
212589
343584
763304
614725
746668
882699
113700
305504
901653
508983
679238
187721
294052
579542
85177
301484
105224
437990
594601
796803
82859
856888
623074
663844
854176
789067
858823
20852
69352
459351
296427
460281
396385
757349
485775
949070
780428
944283
189113
371823
449401
706198
427821
894452
461585
797680
61578
135771
614528
154401
247940
845182
862461
349313
386938
70755
457271
359339
877364
327282
718302
706110
803514
639617
930059
117309
808659
461451
693004
188566
134425
378880
812496
535744
394613
674870
11115
50557
41789
979709
950855
715903
223463
888784
191080
749863
21800
870246
672474
697832
440621
421544
642745
670474
936181
708606
759965
711819
719945
443395
790496
134816
839321
847703
500237
120665
321077
306194
387238
333538
569124
757397
875602
187173
336229
9533
623329
10381
993087
481073
990206
970086
365127
416475
200304
979232
638126
999860
135436
622962
462596
340983
439419
465180
421517
869495
219172
655492
903998
198604
250997
675650
707733
966505
156051
941879
8146
998281
128732
150488
771413
20680
261973
956425
373717
586318
795637
101092
81146
711590
627725
770328
792152
946221
904530
305774
89865
596965
101769
645927
795622
127273
783245
978242
568418
380027
739136
143450
140163
543609
468620
342699
950973
548271
77845
139125
897004
797573
167805
719993
18541
29785
832083
166112
542682
665896
958425
904123
793441
354469
344560
828005
834689
993708
584226
620037
215968
155152
773580
177264
131019
918096
928294
264811
672010
542889
358896
823630
394911
68997
112059
556419
521755
306385
854546
574318
922782
93420
880835
575591
947497
723259
128397
410466
635745
972697
813095
799344
896035
803628
575083
70430
595070
2003
15454
879611
696721
384123
331612
453880
874690
191889
377892
116903
260312
224593
867390
479398
250742
272637
647941
980757
330933
467562
111701
480258
794909
655860
603537
93606
643519
216402
178257
830281
324785
673604
546599
710784
403687
322537
651853
92503
445354
348717
583276
564489
714040
536543
449291
844524
838009
780960
962322
639082
576985
566583
591354
313001
937542
64450
653908
239756
145096
935303
995122
672339
305143
85993
117942
546142
501150
361526
329013
480655
68587
922845
821511
779020
863183
337149
641325
728356
828152
504472
571040
773513
933544
87334
236594
297531
349682
175110
609827
197318
532305
413584
478595
363233
489061
310533
62398
924472
946251
785512
897865
230020
829719
724838
800616
956629
196337
295856
42393
273201
151433
748713
777184
424087
485880
679739
457840
765404
582197
733124
6835
366903
363376
72558
859830
322264
206478
317725
758388
213234
713922
214017
874238
274330
437892
377163
642628
751879
490609
522684
267650
355449
16639
459672
919433
957879
714395
363514
28392
467185
56929
258497
201720
640515
182775
477928
86785
837914
367175
455540
875660
469873
288087
432902
392966
773173
213574
697232
215438
737095
647973
843108
544476
319967
2159
780456
979661
168078
580199
420966
628495
888284
129229
176000
282149
541839
73276
697728
91351
624781
650083
68942
5626
828569
518877
973499
678743
275321
854320
206137
91835
757176
369247
707245
926171
762312
37164
365341
27745
900223
782190
163332
191319
760642
636106
621701
317807
263743
400209
165500
872172
397332
486326
264047
228721
703309
104042
246883
280996
563274
589782
119371
139199
987135
15092
605980
355763
878550
694603
447740
957944
783919
705477
221272
367542
479367
31598
569684
302409
344822
613643
921310
455093
333138
257685
846172
582630
65458
952721
778883
945442
979341
729421
979593
187341
81344
559353
925170
765784
444654
276191
51079
62472
909953
443200
807014
981150
518991
360589
955378
920872
563289
46526
874346
538468
552941
92563
755351
500236
890475
755173
451167
864131
531044
501352
771384
745242
927390
441984
986678
930047
814452
627452
568068
249474
161946
509683
369841
251013
950911
336186
668130
327488
600715
966975
181734
146927
6535
328325
741159
533976
359004
918524
555643
176636
608884
898364
194394
410394
40701
481630
978410
63962
514444
457335
64631
745373
977054
208754
804990
101790
411385
386377
540392
880069
955825
528416
910548
904584
859142
251006
534989
115326
96299
643048
626011
620802
221793
233308
836725
810688
14722
73319
489428
562399
889882
642595
788706
408907
277552
595281
88593
175198
72610
608014
689801
434154
530030
424821
267001
800357
250893
886930
392463
633394
231417
397182
664386
565448
73872
603548
121164
657153
579153
511214
32182
387969
445827
167573
920075
947777
347828
706339
367918
734391
711519
402654
955976
946020
528423
607316
494361
121785
589504
137110
355312
32295
11117
533074
726838
225346
642467
810065
635300
943697
844557
178249
653460
760372
526889
663200
655861
296050
816847
705726
26713
79391
650834
339853
75753
315622
450751
58704
403448
848249
183362
832733
628660
211282
102697
817208
289529
610980
901312
538446
103679
643235
540570
762699
499764
463469
371825
287064
438949
992275
586021
494324
271253
175752
379616
767726
953136
309413
561371
145724
604569
729047
22265
813308
579680
361894
647761
101572
490127
856802
208521
961831
391011
132588
473181
308935
987736
322590
990463
882578
38430
587544
477017
652059
109735
310632
529710
200021
216738
952021
769310
643694
437442
788168
767752
311430
302583
853144
841418
393546
731582
120753
872356
638449
631060
113760
975610
393235
412678
44861
219256
126369
256612
570612
275920
747589
786963
27506
15326
385047
904642
350634
52717
175352
857269
546625
407443
327503
484861
243036
876855
33630
128456
960387
267379
863808
772116
682226
578260
133761
678463
419068
893502
627738
971707
355677
333805
659463
259549
957466
12182
667463
887700
86359
358828
969264
698678
220533
668030
507308
94582
517989
317245
337300
701170
698510
210140
866535
895337
989719
188624
227494
530954
140177
67383
728912
937895
303556
825301
715957
675465
641749
648825
548281
871197
423824
982910
385256
26635
505944
575917
715184
48807
524008
898432
344703
576320
847173
303489
811706
851542
21314
973905
337686
232938
927983
703493
224663
273901
321888
432747
166499
50714
538261
570218
537730
749407
185867
873671
922933
21814
921182
776516
855344
154003
429529
758947
936373
836790
972124
605832
196877
154528
385257
753596
155430
455138
106891
122766
266372
708944
367907
590228
217061
859157
117456
533647
140918
440416
413754
548460
899115
181884
801339
517543
323391
962174
510827
551754
154888
410647
131975
752659
219125
840010
380605
94772
680936
961591
741463
891188
701802
615317
177409
349427
815375
623230
109497
73098
750823
106532
176146
836817
59294
155361
686756
809210
575153
29805
452755
499674
441613
126185
274171
952072
756806
933912
946805
884638
146224
543789
36873
852445
17566
798334
379952
223597
902005
319704
906180
163265
641387
887661
228998
233817
537890
80681
978123
346529
71003
59810
906629
430647
366808
256686
140266
850826
67603
402638
374723
220253
706580
330951
393235
211819
364467
942097
193058
104293
58410
47977
114149
788503
220758
20289
144331
179880
7242
237720
18278
124864
75856
733732
726964
625860
987389
780394
677066
758013
970480
261744
579484
644694
355175
218251
659435
667908
571069
427090
182539
156224
940996
317171
66640
256688
613563
854947
584277
786852
887980
335345
826152
654075
547237
753972
752789
582310
599952
97507
538830
837380
194866
133891
905844
216749
508348
769275
106244
693706
272849
803587
85473
432033
373781
112123
297209
738159
888878
906456
298711
137710
199067
882489
806469
29430
264557
863704
333212
398912
186853
946011
931818
108229
959020
546954
658878
541509
330409
171036
49874
316451
996867
22442
52118
236269
998131
643589
226709
614970
551812
769955
817222
483500
822058
227956
693361
117462
530108
142227
593788
299063
643088
323608
66258
447651
421298
34250
36399
20034
212736
212273
678474
46834
492837
1546
532254
405512
130160
360980
877655
22516
295248
938888
446422
981186
568558
847269
789857
886013
209383
794345
669162
776750
761637
673883
663226
270530
491417
73029
917498
576265
992407
830656
143518
306971
856205
269799
678574
304981
240609
616622
416307
266881
466151
685003
379834
877780
694588
102034
153863
110864
794050
149790
258266
526282
130424
849643
872727
890758
580020
308737
52820
119358
972288
134219
723332
491393
930319
626630
780026
545080
576986
108885
558621
918213
857436
258545
694887
202692
54630
926205
432857
612083
738847
738423
309311
995566
493404
20363
181275
494803
93784
650242
431089
515972
968080
958999
800558
75850
115070
166442
179510
225111
22639
9550
385673
648996
50883
568701
880721
906361
735297
337707
612362
703435
402900
961015
282062
526783
801254
389502
959612
665677
450584
585418
178180
781631
189531
449960
362706
842777
807470
998487
319637
151635
901876
804636
539307
944578
249137
249651
704043
507093
492193
393312
642062
563962
297653
548387
187066
800480
529963
725129
869101
748184
742088
335007
730563
200277
344821
792578
512867
638226
346804
331666
789196
682130
185533
335813
245496
976835
76985
304983
834730
765948
986522
99679
165017
913829
292053
354493
751225
899766
368893
798512
359202
666456
14525
939396
377759
277351
350194
706088
209174
663705
624419
25822
850511
608696
544478
202443
299682
768331
904432
974190
613249
706323
890304
120493
386144
324913
771528
585035
196797
448997
562289
537910
187151
935601
229579
372989
79183
104731
844518
316319
727005
12050
485519
802303
581969
438120
934378
69875
879839
650430
171753
242939
512422
792381
340390
505166
912981
384704
721507
909072
728506
85135
38491
188449
799785
321863
163588
369487
264453
428373
341796
724779
800878
58337
540877
757497
83207
39047
413943
50945
288802
430144
105528
124482
518987
968543
130274
697286
703022
298744
182969
809937
634085
3611
905167
187187
933794
729598
634046
594877
842678
840376
704962
342864
874619
611178
221489
568337
550180
907512
429015
575480
458911
883637
600178
519432
915172
177949
381511
113689
663198
542587
697951
564433
191026
640619
634145
429809
45424
991482
664397
596747
195221
993897
675858
602194
809210
49873
563277
33481
92765
864992
526368
522334
516747
507521
843306
846672
692646
970906
403880
421514
577944
272431
676136
297812
506901
658852
514149
866975
376838
81759
427076
166718
893783
524236
693802
331956
339166
993018
980024
175656
454950
54690
918884
133749
77464
400584
721013
285342
268357
494203
35162
902239
983763
948790
169640
634334
714945
938857
858543
8640
400984
749073
608503
282968
401968
992771
482908
61435
764572
181897
602819
875887
830387
657763
964088
577794
468412
664943
483366
304310
800053
955939
169650
95450
143424
202486
52532
136180
234027
841118
160850
110874
870426
892469
617723
727519
953107
988021
215421
858731
777190
862626
640452
454436
162295
907783
10416
711368
427625
290456
26321
770013
418153
667446
733570
464191
97492
201106
673951
592664
253062
669993
710948
885103
826432
69549
184291
54679
927925
864004
992865
741831
522225
637801
404430
267274
87783
472305
705888
687501
953621
42216
48267
792726
893782
528026
431007
790996
299140
552109
948669
228625
763463
179435
289847
406211
146623
616990
250756
881410
55626
923156
1308
142229
343218
660290
707766
347365
784758
583621
158172
83347
342643
413059
372071
798373
968431
857840
354973
209947
228163
575597
274083
279456
430498
895050
906912
510364
569226
903212
352497
463462
369541
14538
337282
777367
180828
67601
993807
897978
946905
954856
942584
454239
279096
997390
76346
142543
825450
484319
368976
904025
235461
950197
564517
903563
947275
961578
484852
326269
739540
807868
194046
593415
666075
831306
605927
222802
752867
823803
322478
510668
759364
510654
608647
892085
113430
544491
726807
597206
419384
562248
907
889426
752254
572008
948438
10517
711285
773999
652549
910633
183955
620912
327232
300839
136448
237943
706143
795082
839163
383778
217382
137183
937067
419562
550943
558873
291331
302335
580370
928705
463504
210
362148
595978
278818
74092
713802
426626
467220
264891
452968
951653
18746
430126
894986
907084
501735
362165
773501
781506
282264
85163
141387
269687
763777
875600
182290
126414
806833
557231
209472
86801
628004
784222
775214
436420
221605
460900
850901
976215
370462
262837
224305
60341
808446
764696
542384
816761
451525
36713
408279
817088
256495
526139
447538
456665
677434
730581
667446
191193
388502
594781
746293
262988
494505
489491
393916
688133
91644
632180
777932
416663
951429
670591
330804
711644
806161
661843
458759
631154
807886
136631
610303
92038
572978
540084
89262
994440
470668
391965
893725
791678
324005
274927
998147
396341
172178
944083
401251
847377
355097
472768
860291
674694
918846
681597
550468
158943
408873
734788
423523
710908
319989
266434
835403
935385
351127
352315
511572
339912
357737
55115
2140
671809
788818
381127
117376
679440
284628
178818
846968
845036
357682
151980
916365
616296
60092
750868
894199
63747
798456
434830
146583
282650
955119
761007
340429
549244
307857
104757
563191
862430
754758
135684
606407
712357
460498
361611
240512
864673
3939
692613
546509
734874
803130
119708
98814
19778
333300
185959
49119
680521
928500
412884
514359
158416
853039
650849
715290
53813
151636
177156
975211
316877
24470
585451
605170
173872
186135
713950
67478
152365
906418
742400
103287
177886
756453
959284
311402
533399
507482
910555
155218
593208
762256
9724
679447
999010
423915
359293
638150
362886
372244
392590
377029
459673
221710
22757
296561
493028
771863
81827
606294
911991
588087
144726
345162
431869
332072
675416
837798
966955
190625
11668
886050
39571
692865
492840
23180
92053
913365
298662
333989
271988
4550
986805
878808
614918
450594
33813
889752
570437
440005
354880
145237
854404
356579
3819
113178
686139
775925
871596
702150
437123
791358
681461
248293
918045
280121
774846
478186
288428
725537
910977
641867
377027
238940
945503
191225
736281
156997
386720
966011
448345
859221
251800
972262
233366
846317
951332
431803
836060
846914
624212
143517
461217
737765
204323
652653
317019
783982
878497
240196
871659
696964
411377
563532
270967
201996
621806
828091
789
130860
998121
722285
930722
391355
873806
870942
301875
710087
410661
802497
119075
10561
951796
789375
290252
440457
273153
801743
79441
785682
14068
774446
134743
612082
8795
126396
956563
354889
303432
297203
898366
280267
198101
262404
887590
394923
355848
298255
412254
37669
725777
656767
706902
899304
562736
557441
772165
218463
703731
300255
118786
801819
272541
309437
373554
185887
960163
342318
635228
127431
347472
439476
206105
762517
813128
154450
658343
228953
455465
855248
371036
177917
961805
318091
675575
715818
812588
576694
454354
616539
674527
598449
672244
920636
512895
559876
555011
739198
454700
95224
646550
300666
526505
723602
654504
403327
932773
3053
819177
280762
755733
955891
888559
444481
922940
508855
866251
870268
776332
549298
700022
168944
233766
592537
207145
914921
799806
420631
950859
922820
815386
928300
882053
10646
229753
656289
929394
211389
174352
771495
598578
726785
707759
272460
767006
486629
456579
144153
123861
397072
210100
484554
945717
5587
430063
689194
460838
860759
100862
955275
413520
585252
726738
341791
735148
435344
490019
246135
300408
540802
533230
118741
460676
382754
450781
411823
281258
445599
974789
925315
590043
769116
431625
390097
652563
519096
128539
363450
453934
331000
436067
290227
166613
689299
583544
572134
41681
266266
898379
968613
68800
119939
665635
166155
565604
221521
340994
302833
232792
677921
647527
736650
694047
40530
155565
433244
816917
194386
966865
795163
800519
480130
934033
385252
204830
888581
382255
783571
138422
797802
664788
817409
739917
760883
920658
468445
685142
914818
708930
330982
163693
493215
944012
521794
197926
707048
411077
412414
625662
179030
29491
64291
311859
703847
242347
95089
626735
120238
896859
159355
912159
670451
279012
471326
15011
66120
157599
61471
158878
140777
103553
282272
792748
746383
231385
799743
521459
993041
668982
280460
670931
852599
661797
679460
995191
837213
811927
205550
191373
406593
717538
667058
803218
944361
703006
834961
827846
37811
377904
877797
756607
948091
954211
419894
128026
509666
885042
209557
154060
856129
698338
527129
472982
333035
937036
894259
960471
280343
633656
244400
873211
123954
155557
527244
446737
277696
614566
858477
978619
44075
109734
526531
515839
755114
301068
402809
219770
180879
260025
178392
764659
451181
599918
64377
849933
302115
361291
807781
976919
179018
750899
684939
411966
996727
978251
807196
817442
722733
862304
731143
583749
393506
705256
891852
67296
503724
106912
853503
720592
540680
272213
618204
849517
730119
52735
356353
693755
284310
682183
122060
584698
565544
838762
571537
991576
107714
42933
365176
783239
921122
808368
223154
221096
848461
743383
292054
902822
931764
441219
734940
471520
827778
873256
876596
241534
50181
770167
764804
625829
440950
804772
396349
889093
136295
977474
341656
12175
601032
244554
403379
940292
786069
431546
48386
374697
393760
377946
457267
131287
418486
343705
409378
862639
828593
618966
454710
543018
401626
103740
975638
960654
556152
654597
311116
779004
276921
943455
298740
311334
303100
394987
822368
209759
452857
318114
277324
542219
231566
471186
838776
693237
144807
11079
22760
964863
755912
516997
691828
903604
160250
954608
739020
679930
152528
788174
428876
475107
436820
825317
634424
60066
683411
867007
602452
650586
43330
929420
287267
805458
162508
443750
416890
30853
81273
179631
505535
560215
854588
98774
700675
819745
975705
250937
174266
67629
380401
81445
30163
436925
653163
575800
552568
624454
700673
104487
633700
164794
855332
757212
377179
252867
611213
459064
840395
733003
938018
380086
964477
753912
796224
836143
589560
148533
151915
765690
257458
518956
422352
812843
413620
501456
424178
437692
589769
618390
923321
642570
56546
869763
562324
206646
207241
675808
619846
938668
31872
184651
524180
355584
690934
903208
637386
4276
196837
306612
130597
16662
102795
330426
154912
562694
303938
576926
248350
691222
4990
307478
84464
699722
985635
846649
805252
432446
582913
953327
453355
281127
59181
60552
291333
286513
912893
546282
181259
183624
432351
552610
532281
441523
230422
794651
456406
154394
142162
404588
996513
406248
751212
302155
362138
443275
195195
621215
729194
870040
965589
677940
656368
526348
87270
19528
515304
243886
425126
196930
935546
44624
131194
421954
816797
720500
242473
210835
641126
960970
549241
457405
466225
32279
647014
667384
741162
375922
867518
922682
526713
268905
876828
666161
689096
609024
530750
46797
211058
31321
283269
139316
892041
320495
677962
925081
403140
406780
903832
814439
605059
638971
188297
357719
318081
280712
64768
125345
904085
232163
139456
174990
827877
741011
94567
481132
662055
655591
286795
545948
907989
575704
310576
670277
386093
62794
881698
283563
990562
90097
729205
459034
614306
776784
767447
13564
579845
622877
302415
321866
752783
544769
228372
945951
129698
89467
481292
454440
453571
804900
234208
791544
903559
739149
930232
178168
392217
52356
882968
847868
339051
900726
909526
217328
739639
970286
408631
724913
81585
400444
53606
734904
622667
368368
552336
416241
555876
988741
931231
269098
991502
39708
100240
255271
860986
424925
581427
767378
383235
107458
664447
683855
669267
644783
162895
996014
933750
296569
222397
877754
556729
551623
979673
901486
447678
509526
586375
355335
688671
830614
818674
845493
113981
705394
469681
70699
172708
261293
493684
301141
912988
318439
109994
406313
619983
214528
153779
259095
885458
280403
248701
386074
477906
629603
412669
581040
134236
397588
458252
182694
247432
265104
401820
566477
234627
392330
318293
855241
478584
775519
626704
761095
24219
408472
216303
903246
792274
564556
640535
863151
353087
677027
472843
525463
787630
175157
676582
73667
951384
141904
829364
52242
773842
14681
538414
576502
364757
21833
819345
23556
204586
145817
935770
705004
347314
955385
722208
19778
334863
61113
707533
615546
823859
231307
919994
965555
134851
544991
23271
925738
129895
582638
802580
923983
196529
161427
611646
1652
874663
812115
190841
39906
354351
312637
253606
622982
795286
674221
635858
230921
116220
364586
791020
813757
299616
867695
694048
939379
686212
610631
121172
986665
412157
11601
696958
658912
886041
158435
349600
309132
513772
447819
299489
743717
321209
864113
563209
581211
211258
593560
466969
946918
421453
652419
338629
23995
597883
274804
545999
866266
377765
331280
256833
656772
360077
984798
947527
264587
170942
634286
404007
424129
333401
194966
305373
483282
404030
117336
854423
25774
63123
808927
356937
618142
334068
440616
131822
939064
73591
920766
484765
660718
675994
713565
638276
100800
162828
739576
806531
451410
213460
634326
691751
666008
704866
637719
997953
806317
990705
522837
404194
324931
959893
679014
77558
792693
479014
229309
725627
828345
241673
979568
466588
207409
910104
194324
731310
103456
588141
252548
71622
954041
411664
622337
208244
827411
403706
844211
852641
703930
183814
781262
58817
922463
731571
984528
764084
522607
130456
616102
263871
165121
787621
688174
996065
162408
15505
893912
246741
890600
917093
320358
811748
228934
742949
271826
341923
654456
593046
219598
549776
84412
839217
315942
5253
745797
43298
595266
131351
820879
33661
429703
731854
329684
544318
130974
740352
698519
881275
161740
840396
141533
735016
862976
923760
204411
437831
697580
856840
822667
36586
271819
861348
480312
948710
359552
577156
225209
376790
616159
842482
721819
140681
782277
68156
489782
791433
873249
382029
544129
559753
737622
267816
901506
542378
249849
784832
86750
307626
411445
343670
477518
727081
515534
967407
985330
402905
978434
968209
84159
546050
492491
844315
170197
125552
43970
295647
73196
102842
218205
674460
319020
210927
558169
800828
201691
123678
266803
833702
251504
755266
103888
724353
270727
31880
354172
656583
875438
196287
194639
561921
257052
129435
659500
535268
382913
715174
801571
577032
803193
451204
18678
801217
778138
294497
629945
615132
161132
481593
654866
535160
27320
505411
829664
872318
248569
999227
649208
890878
525232
848971
529291
554279
963667
501397
569379
187363
490405
832415
190284
577037
522337
311516
341327
519760
868688
980371
129434
956125
148986
365614
322555
887816
597689
468641
470219
704576
464872
50805
38632
836329
394043
15920
643674
290968
590889
682467
295383
749738
199619
103952
889505
428993
382952
218037
201869
60124
629777
872250
118816
275730
43208
882290
646418
315115
926006
906705
18420
389403
413337
835051
171565
708892
405396
567589
917984
962855
600288
239866
160489
971726
834849
631276
746439
975353
505811
607621
923860
324219
421731
498696
357742
533008
33178
765369
732474
615989
249524
699142
172735
607652
570063
532113
692077
537131
363519
923419
644161
270760
275710
235278
616128
907427
720257
61030
678176
63560
358309
214526
346502
291071
579720
470131
796330
178346
937013
178487
609304
298746
949431
296500
335503
282479
820814
286874
426572
452714
279552
536647
58273
161072
529414
477970
374398
158077
554727
598388
783377
632194
182627
267988
394378
820798
200837
436014
196855
654260
709979
628703
669455
360142
186050
454799
338890
460814
31195
28219
549293
119725
185754
886686
666852
46994
450109
923195
404807
110384
644761
188938
536191
336124
110671
110460
208770
17354
584414
904173
371257
547075
304083
27046
460739
94853
779355
74827
574931
761367
436153
547175
820597
789895
473874
237266
249262
453475
589413
408637
857472
749136
998873
578202
320588
125450
296303
396586
91858
120824
707671
631396
678164
902379
333214
310847
471130
833779
436356
306333
885966
163678
270508
346836
352391
143822
74348
418521
121315
696822
793988
470731
112461
112945
959916
768602
145054
36414
897862
869458
848991
442140
740147
392520
357741
544190
605826
114975
583669
549228
223810
273399
342815
723446
571640
300211
962696
110933
676012
793062
369255
537055
874206
564442
141137
840614
84438
157820
468759
230447
299993
430183
721805
245578
338743
967947
936742
623315
299649
717434
590395
134211
707929
32015
332394
432691
837666
596219
991963
893679
15574
376813
985246
381299
367541
781149
993648
648069
527259
9206
757149
179758
963755
850142
941439
255446
236263
895203
856932
234811
167458
837635
827213
868750
182796
730584
402259
457130
374124
428190
257573
715761
364205
45731
620396
329093
7695
584458
212879
157536
287550
963323
861586
937553
352512
482218
585177
77844
290439
471619
75595
133836
901222
741743
449554
592991
271457
969926
61758
230958
881693
68625
953737
578352
280118
315514
402805
448618
870191
429651
694674
559181
894724
489087
932188
783723
518812
392705
438720
246615
761050
37407
987519
586009
363795
847858
279916
198155
648410
784461
274703
216276
314166
137416
754988
773054
107317
468840
13405
247669
256410
433772
121692
526878
439473
23222
638365
340689
283396
943124
678232
217077
949414
411755
868132
348855
560748
958399
714431
79015
298300
953697
875946
585327
461117
641846
701553
17328
125870
510303
670217
891898
188690
478410
229073
548200
626377
147413
537019
515670
558843
178266
139780
402177
778541
772827
507295
206009
94197
25035
913904
100421
765194
320439
777587
149139
898933
438991
935485
150426
932004
50645
723227
297678
643869
846753
258199
573951
40848
773902
166681
494863
298053
696837
245033
189134
55796
625380
913298
730612
225971
220682
341282
9018
3466
472002
975
627221
404898
339081
284084
197072
535132
51389
92280
677892
430591
744293
242255
983799
986697
565015
322010
596751
38310
459146
161514
129329
192574
81464
854690
987003
873705
766063
165370
293594
604798
558965
531040
680008
968585
16790
916089
697317
782810
949708
930053
158577
805050
321097
250976
904164
701561
648547
119652
562858
651939
946588
70060
428798
253649
392269
145268
108770
347099
743215
592732
457912
757611
764358
963723
733313
298989
890539
590448
182127
240994
676404
128036
364840
697812
290306
761515
842202
881316
181542
564570
256693
529023
258160
699538
161034
783663
309398
93930
684286
500749
663550
869611
873002
66261
492136
106548
663635
667346
449979
912446
784321
598456
54123
433146
946814
260816
819267
955799
639340
229518
308052
71264
349187
162942
624186
321601
329447
61405
50119
83241
502242
561732
408399
408267
460163
4543
787856
757824
275474
23676
231355
182407
929838
75551
539619
21804
722053
894642
533249
816966
839024
832186
769058
452761
863273
69861
824366
241628
103082
647583
641109
731094
268195
857411
571287
1570
371670
810735
864176
340881
992339
350896
790111
186350
811531
128220
928018
651932
78100
661375
438960
93788
792248
943149
520834
315435
737658
594679
539391
102536
483750
229560
513330
762835
66644
348815
41866
129297
731129
533287
989374
462220
503273
678193
190555
193688
877869
868915
335723
756080
671356
243130
927939
802558
111898
725547
456426
954297
635274
83640
57825
652073
15601
439470
762836
917446
245065
417066
56987
418110
658942
452652
800813
226582
557673
462787
74530
315112
71462
684648
145314
596106
320724
704423
503535
596943
544744
822136
684621
654119
483502
459756
981962
970146
475166
871171
244461
178641
657943
37146
493439
611469
390138
686465
112240
279697
166566
180011
247144
67522
566155
55615
810860
875344
99437
283851
816680
838836
577783
430808
428383
491033
579193
583128
739884
545175
218304
37884
462259
909210
816401
721058
660522
307681
259073
719916
662398
935011
50292
118252
227043
364556
933808
185403
494395
26788
301533
604073
359842
857297
429531
176206
382676
507251
425472
112191
161915
843181
344109
594076
514841
859332
717964
201159
203471
658847
809192
472303
226632
799150
459944
513034
509957
99688
31657
700961
144581
729836
992055
263941
437072
6601
357416
421151
208096
484377
813206
149861
732461
693192
97463
498025
99092
110834
876251
628171
153891
223466
573441
935951
833347
546776
179797
271497
182338
867514
31946
229557
471933
233867
915536
430691
275878
396032
801074
54031
647416
959023
470735
808847
37044
714443
604915
405925
987030
764618
350930
829492
25625
976167
626912
867664
179940
775939
485264
134126
182864
466919
74023
12794
202710
492132
569979
814280
931546
902427
423501
68834
614414
869721
409216
561856
401092
592602
234742
490325
979285
276591
461254
598534
541287
823930
359195
372661
833437
783893
765484
492284
593889
804050
640467
397622
327495
971677
573709
641783
464094
854462
308237
137499
356568
576955
32445
92732
44051
783322
519250
71869
913475
405956
565258
593411
469630
312133
371781
737284
950756
201392
36029
381367
351849
995424
941220
978859
177473
208153
197721
13940
678759
548748
250630
7615
269897
834617
360536
448839
588755
130223
923292
60896
600150
779311
522547
201265
511829
484271
726001
56063
881772
932986
181656
391396
732894
321780
603500
455198
331897
847356
289011
229059
753576
888618
590667
892435
173205
232695
887271
47206
602488
942908
338536
794116
395393
132499
673684
691795
363998
153498
668853
525803
841065
824982
638224
171462
610290
931123
369729
685779
549476
71913
712240
972713
495894
822011
205298
718936
816240
75034
231166
112732
846136
956710
5705
230187
151928
619220
535873
74797
279566
7722
905571
279308
782608
351975
673850
269857
938009
908865
35829
525645
432821
678214
731427
572905
871525
967460
976909
721045
683727
211972
289392
453805
136773
719760
868245
311450
257840
444566
113359
861380
840600
126532
186577
689893
572051
449299
174633
149817
653257
64449
979293
280018
535071
120246
40800
571975
228232
555528
937649
87116
680484
824410
348945
604573
16467
861791
197343
11605
602843
336380
629777
692699
712626
331660
473873
215547
165736
265917
578674
90003
739763
986967
894925
519204
879449
40157
55804
265864
275508
976588
988018
854467
145125
679104
20790
820977
354648
921078
386746
804255
664879
988716
234972
578038
157453
400229
519928
295634
734466
710409
732904
646130
193678
78888
603993
897863
306516
380191
885963
239983
242332
676755
95076
825467
64965
819035
680306
90604
854789
889594
182460
850109
491550
859465
904835
163930
947744
529780
862490
721838
179541
851995
930911
30042
601164
662552
38357
982081
685317
883232
182367
708928
823926
209218
744795
763387
815736
659597
345177
251027
11025
349007
500471
252211
703774
292919
348315
161674
523229
411356
395403
676115
142613
598294
873580
566287
233058
32074
912469
982677
115745
789188
568911
499967
757428
117373
357675
191558
422642
134331
863360
285480
354606
939352
130304
833605
139554
160026
238262
191434
744889
841793
289951
79364
956854
326240
843426
647894
234884
192483
472236
914566
347610
854575
431788
225905
768330
358887
794984
341471
509735
181066
767419
727025
862865
738681
771883
113847
258335
274518
220523
301086
178215
493129
877738
221574
510188
560796
736341
606130
235813
511558
480816
891289
289062
51589
390860
552665
47726
692388
475430
220555
221580
826652
726364
109233
978158
171607
114829
807948
799943
294031
475787
32459
941724
286613
596671
669981
566188
868462
888794
661223
602042
509848
699508
714770
633592
106730
514819
885179
165713
637785
131512
476046
153363
997655
761977
237933
272952
181653
930935
909705
785872
364394
896173
482452
862540
825740
284020
909645
62441
733178
664324
885178
174518
694204
703691
534836
158148
300674
283619
468124
31978
235690
529140
182316
96690
60445
611686
796904
855716
899801
274496
944626
578924
863369
429026
911549
968298
48335
950811
392858
252119
418084
835496
983918
585679
816919
710218
836677
623487
460529
360131
872255
678059
543994
859628
38760
48540
21844
757814
872742
906597
805764
630395
192779
514129
789457
937344
608842
769771
806853
66826
190151
953834
685776
437721
902215
995126
858252
576325
177927
280219
762396
912820
26408
250313
770029
193078
491143
3205
8222
152445
813675
306736
156540
588284
113944
842738
282854
809178
559168
526979
798544
294227
115545
579286
275490
156908
568074
567842
950912
6225
24767
107918
857125
460236
86043
210104
819752
506020
714445
687266
790689
608656
556604
11833
489445
980886
324444
960067
824172
18245
817698
724261
809364
600971
871636
687439
624319
221684
427193
305925
766295
347456
370352
45450
126513
103007
782045
228331
868047
319499
35518
528485
203200
887362
706332
133812
392418
228255
129116
364665
499912
966228
399221
496134
373174
920966
348796
480010
188745
509317
796762
8404
686068
496807
583072
470725
844452
924800
704177
934359
346053
846015
733597
887876
639454
385128
17615
472404
832472
531689
703068
352262
978396
841692
293115
327514
261017
743064
747988
209017
232229
25396
780401
682690
755643
75865
455377
220722
984867
649987
515739
163055
15023
361364
280624
754609
730145
681109
341977
500110
784106
110090
861280
22816
36109
113520
411258
704724
287586
148693
923105
107410
278519
80852
133248
665860
906641
650732
966088
860934
836496
19325
586528
187048
908144
19934
926713
187746
393324
521437
781119
731669
932221
514900
347179
407866
376256
606372
276085
459113
594933
360081
161383
584584
96419
875450
302669
66766
477594
574195
243273
364275
427984
487745
106051
996150
842541
280433
307197
475530
287138
179093
919556
997854
125940
503836
807170
139912
866903
292429
27121
159565
671605
122656
470762
624847
284878
811321
673819
950676
101753
133697
789655
719279
178056
509347
65992
300365
831945
553056
231295
303133
831913
865680
231148
652829
808820
731574
316841
496830
685815
599742
265776
648563
234567
696149
468846
901723
938586
631205
539887
844745
795026
641900
875896
947756
741530
791672
239283
423456
651305
195457
204933
121616
601892
453283
499452
685829
977952
744502
945956
504656
819461
822412
734969
594448
75470
745286
746102
415329
783084
384851
506124
469665
829258
316678
680046
306464
276652
973651
577481
691172
40433
795559
488017
329109
122807
666465
26423
217355
890525
308784
554998
160691
403299
341706
157133
801688
187950
126597
314311
623572
652009
220118
905974
472018
67269
267237
111230
643518
777440
403657
506637
226380
386627
966693
885864
816738
300742
198814
789537
965091
782926
264504
499685
936985
645175
105612
685041
406526
663052
221992
463845
965607
172211
806019
618289
539406
887014
73435
928556
422458
409116
341229
223235
886029
366470
167952
173198
843114
544245
783279
870910
577985
49880
7457
599731
534968
877411
599207
765738
863351
192716
233857
320660
297360
372783
358445
576513
777930
18450
634749
995195
737545
326786
128084
372272
957851
517532
716732
670535
142753
583144
637991
383891
358296
723551
915265
48293
469507
192013
171566
166331
430903
177873
797989
295767
882818
600066
134312
31787
988793
100332
547039
245936
160221
562616
946320
176342
515241
383721
793790
2198
428475
595075
898587
122595
15324
510790
237610
585662
191534
851736
140918
125481
285681
797440
819688
169011
166578
742094
528393
57074
978320
182425
134485
437071
511404
847201
447800
44987
80940
623250
607784
908608
742188
799786
426014
290674
643587
614001
225138
580932
818093
218855
870802
856055
200602
943548
464158
32620
651218
275385
736675
805211
963331
267772
721907
93404
464937
48480
421661
987875
497944
526715
585039
887369
3433
41025
84484
338565
798079
77445
493547
828857
204724
845344
559062
337001
399909
52266
337371
999878
72279
686565
375243
589736
9925
931194
980492
74075
76871
512155
45590
155408
912992
595911
137030
790517
988068
352556
394914
945375
343044
15270
626346
869154
690680
760614
645015
38147
430280
153390
501107
773573
678070
134584
345556
523423
985867
559606
932150
597135
596861
535989
429940
666824
196217
81819
583907
250567
86483
315535
207563
141956
816072
234167
692675
504643
735532
338908
282280
188937
691828
913835
514938
266988
807074
4117
975379
626756
964617
890581
92676
621310
885244
712913
811021
918543
407959
1562
590329
644484
328425
79886
652052
29560
631101
835869
840266
711008
581444
815208
397086
209024
501664
481861
410499
313600
472079
314015
20570
43161
437298
885307
724489
333674
883321
440725
233460
827175
54573
630889
757339
271984
383578
693389
721040
574272
247703
181563
868883
425276
970356
962541
557516
584683
882750
226785
78244
847557
856369
820732
942528
527972
649275
481547
424410
994519
820137
333284
103742
36438
522224
959275
144799
137167
632538
931248
33172
644191
146572
287094
846194
595100
305072
385103
617542
423439
754499
697762
233647
172863
365692
140303
464726
240360
424536
452073
43020
822731
472447
216546
330942
509663
848724
235013
146071
977189
827998
531484
327794
89689
902094
194545
253179
623108
348908
940082
851873
487214
463138
739693
214137
186993
945125
499899
19378
678185
663740
724858
553521
336456
63086
542451
436745
602566
607948
825754
97048
279797
826328
996211
40833
935602
995729
160145
622913
170168
467356
357049
898288
740174
648401
566566
257367
176865
468063
926182
793320
981228
552092
357794
833950
87123
376044
969403
670898
5264
583245
685391
884599
162372
876670
184282
96082
230959
144714
367609
225242
739259
277493
953354
27272
153075
31745
540976
388187
150993
4573
259443
892939
410036
316971
7876
333479
12272
830061
295197
63245
262656
69771
267207
674886
756182
496771
502517
973884
526995
436973
6862
277528
683666
388458
416264
866300
793375
893737
107312
492634
711302
129173
22790
10223
95045
466463
440452
586656
18211
416099
7487
30255
538
580281
428903
124762
288623
324571
437353
766288
430947
46766
263731
619536
930370
615087
910039
418721
753624
87419
685833
164136
395715
9850
920899
44329
477668
479530
598344
677149
828655
11588
833860
434475
860898
81740
234834
491015
317843
752762
103320
640420
337185
142080
740429
528855
193164
733560
118939
471881
398305
773548
818528
187673
593102
118273
488142
34956
152468
820480
645617
98481
30489
74882
745936
616726
626589
569976
946349
797536
665349
859220
746408
190219
299539
954520
852416
902335
966391
644793
549752
365259
383550
593711
341272
279808
27113
204892
751818
305964
237785
143446
734757
498866
738341
683795
61192
462979
440718
338672
745820
678331
370186
120414
100731
778138
852028
491882
557935
127133
263109
694311
966482
631480
544372
598009
193301
564787
616153
927937
946653
502558
180151
755744
101320
790322
717911
85162
482446
476678
862585
4649
132418
245739
20966
67851
863606
863332
265121
962281
998526
285061
395516
818100
437390
480999
972998
61566
802045
659333
131170
649186
891562
420470
734323
49234
816573
207303
382835
974011
686023
754932
469283
162071
149699
569091
495004
113038
474878
476414
103237
259210
217490
595595
401694
394006
932430
741417
128248
251825
654322
75273
549703
47157
352277
16135
664528
477983
645609
245955
348412
669306
462039
2848
293839
407405
801284
760345
526258
315485
883829
73147
119660
223552
76751
675843
449199
919104
311031
444244
972495
823047
344792
263572
273165
700845
549891
437797
235794
569340
301808
454779
956983
313628
821602
131615
227265
960608
167529
506623
843882
868267
849281
822127
197978
548288
284376
424704
499445
294502
114989
611579
205069
841460
359828
394427
40376
654398
687958
139492
975549
481308
839477
204036
680296
289556
41676
116740
838909
42595
292053
471370
557833
977581
63749
787759
402004
682174
685906
436568
367154
615996
333460
43059
39609
339500
887689
844176
220684
854237
109171
466905
578134
44276
573660
273840
75283
110933
971194
119907
742472
528811
834669
397134
500627
525269
843492
96270
653981
735854
633632
941085
73323
892278
522129
786383
528788
82466
815068
869224
319693
599804
986942
424216
694048
963512
589066
421012
198587
112597
980494
387345
216805
842732
330644
658719
496011
59929
642628
447969
619385
608963
136039
141669
593252
367113
763654
189860
14755
315210
200880
52183
733758
932177
130203
331059
894815
891548
678050
215555
927334
196743
851885
248289
405080
380186
863535
648785
2039
54636
714888
194298
56492
734129
954378
825346
414433
801767
113112
605829
996139
172186
518186
353265
880613
840079
290414
209537
326360
210387
965833
921299
771350
148832
248123
53480
866854
435240
762593
868536
713753
140417
435923
146672
470651
558318
257389
658761
391397
714246
852012
192454
284272
681988
824302
450250
996996
665386
163547
577683
250574
199954
899363
162519
238799
239058
605661
697401
192145
656907
295503
47080
991222
926478
936779
48213
200617
92012
477878
337294
573941
742297
678244
300988
961524
369852
280799
330869
894175
646166
345223
358527
242693
334604
86931
52962
529751
295250
187573
917033
288544
327542
254876
933173
181777
345223
332499
195517
809594
712096
276487
518437
717845
414164
253669
575866
112509
487351
470882
395784
667900
691911
464468
359128
113345
96694
239805
659914
815856
512277
397737
403275
959252
270174
638189
984818
996528
165790
196495
821436
973747
548925
256388
412066
768969
428652
171284
444053
939150
192873
615706
526550
144221
812658
336039
767091
198983
852804
611783
963361
847968
830990
483611
41715
121459
126583
770533
411125
617557
450633
728163
529767
60951
94392
301522
802137
611605
22803
796371
578848
648619
104582
202539
696882
116231
329353
676901
217059
729818
116201
704274
601149
215273
988273
820401
998773
570368
166197
291881
497552
826693
762362
649906
523666
272426
877829
633044
692574
659388
234431
945480
105775
659737
706049
831995
836337
767614
640002
939376
391037
598846
682650
44164
43824
932367
169330
132877
937191
226943
531147
430556
799768
414020
117415
732002
467728
990960
559127
423919
835525
357635
284962
53845
717527
549531
444495
91563
851752
116038
348816
224814
221396
306488
825419
619649
235343
30680
847430
814933
109594
767796
12141
363235
719010
640661
984323
628630
12981
626606
729955
262535
949217
946478
308082
696992
145451
998133
943332
615521
64617
349026
853031
183105
562301
175499
10799
290732
532654
575942
644127
670443
32356
124324
711441
893858
749824
530366
799874
825394
471894
799783
393821
559999
752776
586369
362210
888204
540096
761259
841907
171137
479177
924952
972603
672591
496522
741499
319995
661482
594785
304478
409651
817269
553880
592914
818409
382588
789191
19137
78937
767194
836166
858335
154233
355515
272396
391551
76199
475452
659241
804546
69681
447599
695388
919338
357697
758650
659730
544588
31779
253982
701628
5668
970932
849046
52235
683587
174058
346518
52619
97187
140282
359218
650201
764699
983594
647200
899074
695085
127923
216086
932282
334653
492882
838541
168950
685341
455403
505384
585702
998467
754906
849709
309650
555932
838168
356337
896400
96057
464519
375827
18912
325287
295259
870302
972644
964190
216548
924754
234046
738191
552315
950973
913864
606688
381129
443650
403627
824948
901423
687739
683484
627939
525077
747067
782585
829705
775251
607468
749436
401530
817973
139927
47321
696275
717870
921987
644538
976236
124061
874740
718485
689257
587956
390996
613862
46640
697483
547504
752270
310837
791104
682265
719112
998384
33416
833515
228228
549360
779671
39658
906338
433673
416040
807175
957964
34473
294057
781827
965680
999433
810054
287723
436441
439999
65681
133825
634857
150127
306571
899259
470261
533410
538962
860068
798461
431855
335846
763169
895750
208341
860889
40655
88278
836267
24979
587271
382731
93102
152383
160643
488281
723194
557974
588954
414622
862100
819398
711271
702308
859684
973438
404168
926706
531200
3097
609346
18191
898787
79524
694274
973460
384188
358990
377150
336941
803683
57707
458298
432300
320422
526757
542951
891785
251330
16255
570918
866490
808301
926343
383274
649387
874960
215064
1467
133467
630098
649033
925526
552403
278096
791926
99441
201795
510312
414633
593565
201722
559797
555620
794437
715393
291157
78541
825107
236629
617765
415478
233074
31296
926798
780232
446126
532883
833913
524365
699383
268418
102430
174679
532868
407388
178426
752399
4947
403109
168479
593757
959503
157841
382565
701233
563851
255904
159486
321773
519339
201041
897831
108079
437923
88260
998075
313982
836374
432687
197986
28624
116640
712764
947430
76597
639087
644798
291302
828260
949964
506575
258275
598176
805816
768263
981495
283335
296433
147803
38950
56823
814548
565967
558861
41629
27100
404057
372471
989916
216264
833300
426511
709718
730139
500829
626159
997529
737789
625742
625559
377001
276735
810005
785401
647270
89212
560176
937136
627546
399707
591559
174993
488929
752048
977381
308250
169141
851906
18965
962888
135765
289447
41749
182148
385810
178188
218489
336061
825910
945809
984927
855441
211153
722449
802187
461540
461921
731007
259743
911700
930333
532011
250104
142531
257054
610916
146023
664467
243883
682104
982666
370928
466399
212695
383751
14854
156729
590038
895844
887124
962176
100943
880454
164440
14801
309349
189445
341290
403207
217125
996136
987109
320069
807496
953602
417919
729378
924629
37096
541882
969458
610915
830605
117235
820525
237884
821821
175000
996351
265310
283122
470519
140843
100251
137174
941169
953564
438432
64470
917837
762378
423186
609119
708777
510853
738260
207416
230667
111010
419877
948348
558549
279679
338279
491762
907159
762996
835514
417035
486783
972183
667143
735287
610603
197356
194969
567588
167199
89064
928549
697620
706642
558432
766250
860505
773155
797843
910195
630640
51177
432784
874106
963640
939559
195717
786791
820621
549663
853030
81205
147334
703613
997494
248886
898119
460340
292597
525997
702659
205990
150375
259097
503185
255165
166844
130705
167402
68183
776161
781514
550653
743774
286882
927926
942063
12533
394810
406599
44210
911566
196281
654545
53121
570968
243344
758030
937589
894550
500412
1531
765575
538507
979149
594591
628131
640593
906834
891883
304741
95882
172387
411197
626354
839405
894475
332607
849846
298690
68815
518636
284277
8681
760927
453747
870224
789459
599513
177460
185175
299412
950900
578791
957317
612497
299023
627292
166748
426324
328982
8156
596894
427710
530446
212015
660133
989980
567359
701495
111455
908626
618235
412218
609002
681331
977614
822653
408392
136307
344388
307467
810111
741556
787665
724373
599632
638460
387617
783475
128593
655496
657597
14537
693033
25722
42774
117124
824040
575085
821746
729220
205377
239337
414064
193556
545381
308658
488953
40724
835388
134203
700229
985080
874882
800696
746247
827753
975357
819409
811191
600585
385174
107058
318970
117460
635355
531071
170479
836642
172816
973989
565912
685896
926254
172172
911459
577950
735609
205416
797332
778204
321089
264111
760914
264286
384949
814565
932043
858823
58846
239890
192708
468033
951680
334166
591680
805538
125512
516435
925132
913322
538417
375560
292837
640745
375354
572030
53255
596414
988732
24858
62292
297913
554474
209107
272349
848034
303466
303742
350223
945875
41866
25285
558909
153344
698400
350647
957253
332567
182019
542265
874146
64450
227744
31449
863054
346250
68345
91267
835986
278677
894528
360460
730795
851152
169676
772972
170906
62888
494838
161609
504329
164913
618771
742126
589973
691946
946253
1690
474748
494488
734240
856821
938596
93902
36462
269214
488710
851726
222336
20127
2229
701578
479834
739266
800719
493187
946810
699005
654399
20051
665965
285832
844972
733061
550797
68687
677121
382434
491994
727875
437466
566023
836276
867339
849224
704881
131442
530457
497153
842843
192931
343767
928167
464766
394399
493951
498995
321783
889160
647242
912958
220935
269026
229696
803564
511412
702220
222958
137525
792652
968475
268150
504529
629385
817426
91456
878527
13648
314687
267023
491955
63380
286772
296750
153818
113560
590113
928392
142027
586257
304075
268119
327051
930857
238443
393077
512637
846560
126693
562766
851620
420301
183651
854263
532822
997251
790926
526935
231040
636878
443305
764099
293456
593757
913418
156840
559427
440057
464373
361953
665483
186867
531286
721961
939868
611741
983707
815018
340115
172526
690860
8692
155843
749897
729224
925897
563678
609559
459005
599765
709693
258000
394499
788667
727692
211801
210806
52618
798997
698696
209391
950926
114343
593795
256702
327619
396835
894022
922053
309733
946658
16771
780852
220899
412486
964259
633436
173745
411804
524587
14578
752572
138475
734458
735651
295673
678492
61230
206286
559447
667397
379943
462115
454099
638804
25635
473622
820457
512340
738376
365119
884072
189663
799297
578769
467935
63905
117760
348916
234099
827204
703969
953730
840338
381309
520431
808603
377794
471602
886015
705958
211155
469895
636794
127396
259123
999492
243705
29426
26912
16164
751113
625307
465720
615741
486797
807575
765804
782087
480451
555749
195027
488266
702687
952128
68315
280744
826707
35393
207514
685508
605168
301328
767362
743502
432934
665288
738547
611245
507751
819687
279211
312647
878698
665454
265688
701744
523532
660443
807118
37164
729488
12161
655956
789859
842311
135873
737241
94752
965195
670887
902660
581701
453413
620643
625449
784527
376399
871714
546519
965378
49363
84104
246670
288753
1234
164428
680462
233324
68192
649457
62410
859398
409549
704093
180604
658817
485439
481688
628882
853336
946938
842274
155334
59753
11330
246576
759243
854974
595032
286789
630691
819447
419359
284458
859981
461909
454114
126026
148572
13797
220079
573356
155171
503751
240539
846157
819661
615386
309737
513433
551689
311366
395590
420998
45922
748197
186923
780493
285996
482574
460965
965702
733850
503872
673009
666144
881005
366056
187009
354746
644935
30671
805979
84512
605278
242531
145249
959461
994124
312992
937899
775129
108546
239451
1808
214247
358877
554795
119364
573070
305361
956020
356891
426298
545345
708625
43692
401726
918385
891934
47248
925808
96915
599647
770826
146018
551805
609680
640641
153656
964732
422089
377896
920427
108290
794702
391230
570649
247098
450737
648625
215942
137725
11940
676894
540979
407644
805023
839923
254553
572317
996394
667830
620162
856388
417224
710814
800581
40454
838528
465439
904092
80291
345161
171971
644003
264716
262225
180532
658351
398079
648810
576470
601609
899956
586257
934481
925446
672687
33117
896236
602372
606902
620673
963477
353731
289757
558077
715965
182365
290365
554983
87712
680355
742915
922962
257826
843862
892196
909208
701781
804479
450542
982794
558743
260716
996858
888112
137881
918919
547966
969470
894586
784788
702591
75798
780369
924486
744099
962804
747594
873343
911076
860411
350631
37219
603105
390169
283816
527448
535951
660697
496646
408860
10956
262597
207256
300290
982740
956405
723481
28490
690508
664312
879873
745308
817980
284126
506767
949985
729370
321377
579944
600702
196993
153582
645401
556974
889985
354963
923769
366907
17167
371590
609706
951833
789725
732495
470142
70303
240581
989843
240181
932259
159774
124479
456677
775216
935473
324493
484467
540966
411334
865206
793085
598895
339287
178804
575194
639706
102182
544371
162169
128981
412778
985747
939046
576331
49829
119580
90987
463896
613073
839487
690003
462949
798328
433029
663753
355813
128867
251735
348448
550955
836906
234792
395372
959909
231658
976643
309773
275769
252117
991788
291532
237690
31844
291318
582173
764039
527975
268961
346436
945920
851260
627629
456085
699366
807902
345471
300819
4366
433045
30511
651002
241794
51979
641516
948121
131829
611775
511757
267606
247968
470931
506612
585813
178941
228479
432353
141108
651231
602792
238353
542445
247852
465995
496464
83167
907513
269587
326434
162022
963712
486539
932810
414054
41536
820846
555957
836199
340209
443737
686982
554074
505251
199521
749567
365882
521586
244097
180168
957390
726120
582700
561183
11019
143855
429697
130269
514646
753073
473885
128353
656294
764750
590666
147867
933256
423929
852564
821175
589884
674096
538108
583587
825277
744086
772934
393919
257374
264046
369837
411937
437072
427510
724471
550849
545472
573086
248227
309256
116701
265443
613118
941424
752631
116237
410708
502935
124739
207297
530820
227110
803579
127555
896621
956952
162658
128652
976388
441450
677093
960900
203720
767262
272925
510493
724300
224427
917938
359500
464819
204228
936985
73124
832763
438403
926717
216528
642736
651186
960124
909612
216128
477238
40392
822209
327151
89241
667566
120603
27361
657010
224371
946121
711636
159155
207578
764401
168497
136719
24707
499917
952375
350086
423341
423366
965271
939726
850716
359915
904223
566687
25942
326734
600590
132700
980743
636219
816070
962905
386756
963990
241887
190541
104748
885328
284951
783125
177515
79557
744104
964578
924504
343926
637810
680257
56958
956830
884440
473477
182520
30323
524903
408403
302134
395770
438768
563146
909660
981575
170870
562253
441481
796112
283523
252270
105781
169965
634645
595128
612467
284527
507254
66969
406486
276634
531113
370794
445552
299200
476864
890269
450997
642427
946955
174914
254271
634438
560042
162486
578923
118648
289348
110312
585632
27999
260048
909961
572464
313461
394640
902096
566614
430273
460510
664487
836703
678797
284575
679989
265574
793344
5012
3785
655160
450007
737999
826272
955542
996356
126274
734867
858840
4579
895283
564576
967470
638229
49995
651922
803970
803771
750990
126992
841657
295761
573478
961920
181465
4260
860504
597654
697157
728305
898072
786237
442979
970908
631671
647520
875294
204234
719994
661909
183111
195291
737159
335462
222294
383559
215289
941246
678927
572372
845650
882669
236032
824113
177808
504728
276454
69363
408984
104384
708080
127081
770895
360557
971419
160989
50184
464886
148284
949930
128855
527600
365084
830389
318788
361777
768701
955593
274523
404992
989435
756115
16801
769306
40718
780214
289121
511267
756396
976012
672356
495208
830475
416763
838014
760077
895172
39279
367045
816216
641299
703225
509661
269720
239803
89924
191087
441587
632007
858031
46008
759883
134442
689996
872253
800781
275656
404277
401437
824470
132366
377542
50687
542145
335611
788282
719273
517649
938498
62117
520946
875960
435080
871115
248656
756226
644744
381212
579531
338337
725974
909837
933203
307541
489153
643732
911980
201784
205457
672384
946887
290211
242223
567538
324781
721152
254244
987580
960660
342382
177530
628372
369812
719946
103615
500404
135987
175584
128231
284946
187228
240494
792529
468983
632751
486353
584738
756543
81842
768463
432206
134764
38628
467712
168821
205798
425714
532697
409513
665555
44867
272982
454734
6607
461422
24580
343323
749064
367243
564648
643709
427577
300967
381967
316122
667649
784913
705460
62194
813855
680209
148871
463778
910093
199161
603104
564035
285493
443667
181056
360815
675796
117049
336959
889379
105898
995140
524056
79488
162523
179292
601421
422636
531238
687343
630520
932565
949759
759165
202672
338390
91402
842959
588820
277490
643062
371847
451383
571389
672052
552467
183720
713049
29203
102204
719132
69214
734010
749275
902010
726355
489793
960362
51715
800537
808172
144696
138845
74152
70916
669622
53690
78960
688404
766895
212009
261153
101629
81365
426937
474630
948662
402358
339526
885900
214628
701262
468705
821793
986642
585077
441184
22584
337229
961721
866239
705320
728927
779718
29041
945716
982438
107394
819719
448806
797328
544245
667452
312980
417397
550310
537050
10308
735376
683201
208653
313900
143707
713395
584835
699730
803911
47192
623868
536722
492949
450892
546035
713214
455188
717854
590697
122527
79671
70051
313674
38618
528146
833702
441982
286190
802161
324477
643983
439002
511061
770359
369586
492059
141580
589873
869684
594643
592492
508040
941314
231686
958059
950120
642005
603453
228126
342147
94136
257101
367116
58974
553847
667122
701871
77125
376550
945300
907590
239839
91787
313260
196377
639132
286057
583104
300171
510346
931050
385162
949589
826887
301096
117495
648549
981777
522775
644107
905042
416825
51859
277025
569594
635447
254402
408400
584122
421974
429350
430634
340937
152912
596290
389726
403121
600244
787429
288509
40875
690691
566935
877145
67031
200027
414495
544777
902101
349963
211247
278538
451523
902853
997038
560896
62099
301233
52384
815066
202439
418334
257203
234515
529548
372563
467112
270676
281073
49156
838939
183030
621570
49760
299697
261606
139077
845767
429022
619234
590160
961753
554896
510303
581893
560106
971836
834189
713004
452369
755203
497330
54571
774496
716736
522163
486692
724398
158257
836914
194731
454671
343615
640080
107746
689445
710379
283091
613876
527696
122711
675107
485866
184640
13807
819503
387885
241516
852914
912429
127705
370011
259233
414270
916857
436192
92610
160495
893477
669411
634385
181148
932149
361369
717700
828143
967841
799061
118842
23878
186999
396408
565567
967731
884407
161861
102590
614044
50190
973839
288644
98883
903725
441107
234156
971937
494534
175330
500269
477163
951267
735095
549308
430838
678243
565927
948703
10614
583633
340342
769744
816866
318498
55045
120778
745204
799371
278377
646259
375884
54589
312152
735141
658484
508286
645053
635034
350014
753893
84139
466676
211146
648306
968109
756519
235044
101959
889020
106820
465738
901191
574986
625954
774282
557450
590459
814955
702666
575034
2995
591872
793122
40013
382858
424138
200995
363551
721116
692702
537211
547307
62462
881804
808048
280486
666699
599237
813706
724280
637468
208166
30094
29591
405525
569701
59556
193794
213724
982743
332058
460184
495589
634139
907201
151186
684073
913319
303925
619747
569141
764589
791419
887403
79647
480937
776131
935378
585619
81546
899852
818311
80203
15034
392998
333013
722269
80332
644179
299423
382638
345857
556359
146936
877892
978551
507599
441441
705338
764719
946574
939744
847372
983993
710497
95865
109458
795838
1508
648652
551626
335402
825998
139274
647182
187956
498104
634133
301924
130507
324091
678324
180724
882846
259318
271088
981972
238600
476207
329166
206592
60311
249233
553256
836261
933304
564307
19626
257820
54976
25977
7398
937012
805209
143732
186581
723880
989255
663205
329131
843119
297366
835520
75157
982003
649634
132363
812050
696857
666755
732036
620779
800127
143763
474466
355216
433988
533916
113460
219793
79936
36259
349414
7606
60052
473547
230883
295803
5213
240296
290900
679403
651714
92129
615877
423703
404973
710913
966057
134195
178391
937754
772788
103694
224507
264790
849894
306477
450668
992795
813224
613507
508482
483290
113038
391246
25264
673653
366461
779088
575857
764811
879206
400424
750433
184545
631408
739277
199528
251246
676980
182504
402513
716611
751330
640395
437817
900629
234817
780561
583330
900328
184019
637586
167399
892378
970774
590339
908810
361290
662375
248297
517289
831203
557634
41784
801808
231305
13412
567372
259559
280670
360913
999491
287436
909745
214450
832501
919228
463747
412118
212753
107818
31992
599769
414165
518770
895767
694306
248745
900071
104190
528325
280921
757576
786597
406858
631661
873682
566604
630405
239783
150255
291076
983332
363737
388172
53655
278407
800416
240840
137622
936585
826049
316872
686845
144734
889054
624231
433860
966229
834580
272011
563589
26172
556148
866131
337028
885602
14365
83436
594784
436151
359923
212035
219669
645264
102526
578196
935788
597575
402145
815137
745920
510400
528628
60671
148077
404550
423041
739466
138134
455955
863064
405817
562515
306542
751951
640268
568438
943023
164890
503010
947000
433502
422659
277287
879557
35514
820422
205354
451041
573653
633099
10828
618933
365980
920896
713428
392954
391157
486738
810656
470337
665473
144585
480823
162524
771393
657598
767545
515693
787348
483961
524407
405385
217886
532523
832927
17543
843781
7620
496528
526955
586901
948722
411596
9770
241411
23096
177035
794010
401935
710246
516588
457912
894338
159547
833159
908949
900567
949075
534621
988765
405430
651854
453297
558533
718363
674688
344816
486225
7318
244110
174923
415359
304427
219051
410534
605907
944985
530735
114536
102336
849208
970961
598259
930992
7227
40193
45101
568240
451478
532773
742717
495995
91385
495405
981330
257186
583737
215125
642461
526932
304016
685495
875167
536336
43195
769610
398428
492388
283393
372347
547695
324000
220180
65126
315895
93980
516944
32049
474223
1123
61152
780997
251356
391803
824256
413802
50079
317586
151773
437182
720298
101575
779032
710034
901839
41489
824553
374369
451252
694032
324320
729646
520867
558446
974535
704953
644414
729522
659300
209501
225808
11489
352219
721289
48830
121489
654767
235801
979228
894219
612521
660176
377243
884380
583249
330996
687713
125752
254553
851399
29745
234700
859162
909085
449097
599199
990709
132191
530891
253412
463324
540186
983315
363806
506665
568516
565415
657776
941099
701133
502732
263744
722050
623326
560245
302535
612576
221170
628119
509433
357423
257741
14680
808267
781905
675804
957669
561957
433475
155371
53986
820134
427803
850685
282109
259918
245424
792523
546012
616205
528344
340636
618292
180197
357452
804541
644219
204030
624488
117150
516917
87046
554959
39817
48555
352194
635436
373567
46139
725942
817363
738097
514568
926509
415173
493848
157585
500710
308434
44913
67424
45915
842393
45977
246681
706799
393323
455488
415986
156147
475534
188621
5761
262741
82717
815758
49456
265509
524941
539802
292878
369925
393290
527366
944640
837037
315264
499200
236565
656216
758773
588683
115063
735759
927507
38103
286140
37264
550340
251388
896476
723995
966902
852819
632254
66968
748350
178673
449579
660200
362264
888385
580324
985030
665612
351165
96526
187226
959085
941321
654027
757082
16188
972524
369701
941085
332905
329067
476644
859134
147065
526276
95871
543209
909059
652100
707887
312581
446868
582789
802142
577150
281138
656712
697215
802349
846846
786923
301303
375911
155314
660487
445816
190687
936714
920552
102703
76793
590208
811498
626515
706604
78575
122988
829022
790930
598233
413172
69209
630287
18052
701471
14863
300892
30527
385923
977891
279087
959170
633827
389246
135561
205747
462925
897504
504155
785221
884948
150488
569430
827323
841446
197967
789966
443595
894025
594622
385545
610077
534838
910784
510826
24306
449874
402753
704309
408034
130821
785878
383166
742782
972345
832359
858867
314516
862641
74887
862978
770384
166851
30180
35304
103999
285364
124186
912664
300335
268078
96418
264580
939763
655520
95847
710154
158083
963122
916537
594046
802239
939428
165338
836368
792788
611266
563382
37914
25335
950022
88624
645449
792719
412746
167192
937765
949231
609512
148856
283198
521793
983792
181006
162421
106430
704005
163219
726756
184217
690068
223098
667627
226044
893042
304116
188632
19305
540177
565936
139506
683331
965535
442401
882018
49382
613692
813047
472383
456816
564309
815471
447348
845155
889186
483078
211472
473251
624312
517577
994794
93593
507979
928840
373167
877178
866884
968424
850890
787042
998395
912216
11310
310426
640466
468060
575747
74041
349229
9733
225643
164518
263953
495425
598895
537019
875608
3598
330571
531845
320270
126666
861970
595496
920108
171431
511615
353247
916655
494394
311898
959842
385811
382514
109700
54368
53425
171301
769567
215275
279410
695238
767196
556788
926383
65907
43362
703659
975463
395435
83992
951368
241500
787421
86991
435752
241482
805403
643471
714063
803909
202222
509820
493900
175726
819715
356517
469562
90385
902722
978282
164514
652574
921023
597383
187582
492162
44809
491201
184409
430946
567456
196907
75602
738164
768197
736213
635327
449337
956137
205330
845677
598299
170951
387813
34054
414879
516557
464712
953292
485894
406709
916440
340737
643014
759731
224544
590249
903712
571655
602112
704551
122782
708658
672249
250116
671595
183429
599896
325775
440014
298516
594429
89950
614853
213834
375432
575090
676410
599510
598559
13753
16868
957316
525533
259308
286141
743078
819610
258457
779803
682032
260691
62267
839150
983588
47670
466629
630165
744418
876813
217726
466845
56801
315844
208517
264598
599867
799320
511670
920148
216482
149918
693477
532287
643056
395182
790279
112727
22685
549546
316081
717705
395338
5102
444280
871910
98746
541334
902839
368326
144416
91046
600814
598968
729170
581338
95943
207524
361437
121611
884085
452992
270195
430843
210101
495211
804096
385533
564342
478761
995675
716996
905301
539644
775895
30470
4481
67483
703800
697548
779454
47122
852546
113625
427589
648565
147949
134388
310920
131458
511670
42196
463570
796626
988111
351400
432397
131772
651063
709056
522974
12615
784036
866203
165547
585161
192924
18254
440444
655968
565666
175949
661759
116108
91086
965401
477925
766184
231798
363334
971115
153411
266120
108584
451699
655327
70714
595610
991888
92485
487192
664490
714337
339587
113340
178788
479700
111300
4828
573049
283852
51274
577405
7820
529309
898634
221574
175706
574708
569892
459119
706115
720788
781437
206872
542457
699195
692987
94582
684484
98915
785948
661160
411951
331492
342003
947112
933907
245750
993409
507740
714301
803285
364076
23628
192191
224765
334878
183471
85776
945429
680893
131550
310432
323688
760578
967338
541117
826254
24696
10185
602587
772265
257555
574187
236675
349195
794795
716779
290971
530165
213651
890145
779214
104570
951194
778836
628247
801667
173534
988812
544431
85995
54600
391366
599953
746954
250407
244993
926438
509456
484844
476214
926163
577031
158848
450532
82843
17466
954878
143753
522289
664948
650128
771885
864222
261729
161449
631447
322123
669586
961500
269411
483116
221404
685464
447212
932425
255839
952065
981987
203306
702884
577067
190529
802207
226976
745525
162265
896169
306582
9664
173446
84617
693720
588299
363716
259426
129133
634284
638875
158925
121870
194797
265590
693881
334027
911041
586450
712893
97547
181346
840978
481916
345968
717064
57647
461812
891353
96903
333772
236579
405057
610182
181287
755094
859588
533015
276652
970639
896834
213112
59236
720210
791580
332901
416522
676044
337820
769688
428542
278689
744945
146015
234387
776849
136343
157271
967299
813381
751765
749578
853378
895868
489184
99811
545391
475277
876637
742858
206567
103576
647236
574944
830452
281165
293792
679960
490211
816600
722035
957488
899635
879784
663990
365387
296041
170011
305789
269805
344129
308488
230777
68882
442687
7464
676376
409387
72995
324961
210503
646838
13882
401073
73175
278521
626001
304179
410557
456474
667909
606609
373555
224350
448182
757959
91965
294140
824474
932111
912134
864093
661293
469359
535977
34547
436806
906459
701003
229683
408005
171400
240677
885296
678505
642446
877215
659542
941694
661176
11288
574335
200883
256748
352386
500149
596234
255921
404843
990277
684968
926242
68822
26300
19532
238062
843079
862273
40540
801865
675934
104974
677851
30067
948251
265869
871864
712227
365056
660747
791807
319632
901332
118683
701490
799771
362115
845578
633651
829020
560867
20026
699608
937287
370321
895325
944865
438267
310842
392336
89797
813607
321846
98321
121448
970009
256462
376351
247594
14692
974878
345581
403545
757358
955030
500418
679558
494036
271642
682096
615285
315834
453385
439598
479726
348850
124379
411540
317168
607751
251364
830451
994629
272680
20597
730767
440113
796140
158306
498171
185796
41414
713373
59279
553551
840966
726017
380935
458355
942857
168363
911995
599189
496895
19779
497527
229997
876823
714713
198326
680894
845385
583145
451904
383712
869695
467201
361437
293113
857889
915194
889332
125130
735548
945953
659077
320997
465806
727546
300224
852221
835056
946266
670400
122390
461344
645171
381159
527643
290730
966765
703766
875982
676019
955887
363593
832345
164706
113148
652238
836292
438572
460922
688096
675520
656314
642703
359140
646240
659576
804516
430015
27559
401340
654411
98194
884988
261713
871293
232787
73274
35104
996732
573257
247140
249978
190743
425572
742838
781892
790092
244534
888982
16384
458439
153426
540713
391156
462153
193664
626178
800249
593764
193817
289014
106337
733154
197829
835339
729478
916486
209935
384143
256875
96362
314978
755076
240338
392327
263203
20985
96346
510419
553130
823860
877201
594629
271453
319563
88222
643636
611051
229650
526596
657821
364835
467246
474708
912644
226414
783688
873074
435441
266223
491741
20225
617371
98166
986227
976686
278051
209883
159654
605718
931831
288573
437921
729813
429783
920727
633512
498156
31796
235323
716817
664910
157876
645231
330003
669255
613523
622625
449590
691402
639139
976391
65450
254485
407988
909655
613492
727619
859086
569312
216579
663150
678683
162180
579105
222014
517794
501586
551045
489043
680750
78724
413189
782923
651149
239634
980328
170416
75316
954544
135897
602497
138176
663659
56888
660571
667351
908636
820875
834180
142445
775622
330066
58580
647458
737618
270392
197505
146441
287844
985509
37957
106756
85081
834800
308974
492875
746464
310770
789506
405259
113906
254774
869452
211691
22191
188556
964935
966505
943446
81021
475686
282787
709537
867288
379582
169010
981563
622251
213393
217585
980959
259086
408248
251355
575310
37209
827436
362706
657964
993781
234289
805756
236920
931216
641503
119816
976486
610346
517582
621839
430107
994765
704733
853461
592261
274009
704223
867502
960916
144445
569571
427325
568280
189186
476383
445848
990968
381057
906681
428423
276172
462709
459249
754988
2328
138475
410605
103356
133990
334934
852066
686059
458303
967231
630941
338342
486341
105945
622508
598138
271792
427954
565995
938898
580003
824646
989806
700701
638058
488750
37896
503246
41363
43445
149942
431549
237798
747467
632235
681707
990978
259283
73209
938786
964757
847831
4697
422779
792503
630747
524439
696058
131428
677199
500765
388243
355860
220702
523418
447248
81721
650403
688206
971274
374548
364091
475701
608596
256372
624437
278029
801528
568141
546790
75974
331161
428401
21274
237062
472631
484269
677029
798421
467537
554691
677783
667180
898661
841343
380109
523669
22547
188344
355492
464638
157472
965157
627849
460064
628502
599385
708012
938183
669192
962972
111891
337341
528178
534824
913419
532247
747007
756797
537657
779931
698021
873377
614542
607948
944492
524472
683992
960085
286412
171387
855542
843342
916723
925592
131236
37805
428773
960358
69108
117324
48446
299139
948958
794066
872339
813453
915438
292737
831799
380793
603739
28764
565977
823763
677944
597299
191178
124114
554244
802764
399837
448151
852508
9648
314600
168962
416592
442255
779302
64433
81042
785808
660094
43607
14602
424249
26783
793076
853639
702392
355970
568758
150993
905612
89937
297068
167962
634963
217062
164131
991186
172720
88428
885791
603738
812440
880034
842999
546000
566650
440062
179726
892617
738953
530542
786154
437917
398439
843513
613746
165019
131247
928644
29960
758685
542623
948657
305345
386295
700769
695202
168253
989961
932660
779803
341928
283444
345723
466054
667020
231529
753890
464719
551504
44125
309801
540463
804880
996697
869135
107335
673370
331053
103835
711778
923267
331908
80585
318109
224741
960659
651920
907875
289846
799468
172620
709648
208965
211695
30029
264183
292371
603231
43964
71871
115467
98898
759012
856936
159519
594562
9700
923115
697985
919106
703664
377152
580475
887242
169279
48889
959852
990131
766421
335564
562400
380158
495789
189166
154890
758158
902786
877850
49568
996982
333434
596784
486675
90733
534640
532987
505322
265694
430044
495115
428474
267612
992161
215297
741956
909043
897972
991273
581675
589850
994596
480513
519504
482372
904841
619160
384140
309589
924877
33106
718921
281970
90706
494408
743934
215793
241727
539660
565573
566000
521578
586
600154
589569
282019
399818
301170
887363
472731
497169
886645
289484
824048
732071
566362
210946
102934
985652
643998
781257
979811
348356
720545
142614
787127
4650
587933
373090
547205
481856
193859
975547
178947
920844
636916
876404
104874
697982
306777
40957
193066
716885
363871
380109
303662
146466
557266
824827
976967
102117
718357
61293
372727
355859
295163
416487
563741
738105
713094
138757
180152
197626
611322
301892
352921
15668
121884
932730
386218
140481
375500
91110
371604
941978
148860
467682
713746
104853
288140
990261
782928
464079
568900
809669
505663
353316
555245
131945
548472
505819
36812
981341
834634
590303
815420
898446
45474
526248
949927
662422
896406
235577
748129
835010
389582
291970
254625
622094
75087
402149
64220
203570
775141
235861
192575
961173
52653
703451
206793
209312
892604
585843
691460
198318
847791
762323
65566
145375
136016
315787
805736
420172
810786
44295
534250
253588
211722
94322
469152
700117
9818
763189
280918
831031
792314
882397
446619
132066
409205
963675
363493
639759
974046
168420
906497
60924
649693
512697
605684
967545
649817
9729
291060
261536
127683
865426
338492
869858
684093
281230
399440
682171
22950
789674
465357
573063
934660
416842
557164
247087
59852
751176
842195
778684
352592
336084
71575
811020
21126
5365
947283
327585
308528
204462
377502
578583
777261
363323
140907
641710
578780
323067
214594
764741
331945
785383
461911
356200
230517
293248
824324
70144
605606
248775
289128
469609
342920
91558
689755
284513
574110
866604
389453
657883
104650
191990
992122
699443
359316
625641
206027
621565
68698
949723
633613
917558
404373
77585
12998
871388
197827
529507
716537
20761
487478
668220
885560
511515
274169
18686
93473
870463
622106
936962
33974
300395
59993
73213
961309
36987
219115
311038
49840
248594
981931
474003
416002
810899
76318
667660
967536
605480
624033
311831
357599
697983
140978
1418
498647
309525
112535
958464
468859
678506
723886
484954
200868
852692
622546
583399
120154
939760
217575
79646
468142
727923
289987
550088
195191
527774
509689
345210
884647
715280
626371
796800
952009
886261
395723
761814
182809
836317
992470
350800
708223
525607
133454
558937
691882
5468
632874
208152
681990
706520
192316
342446
819033
624162
571799
207004
429247
744349
17690
294914
814080
649496
348830
172930
308683
719744
887800
366531
838866
940405
209003
558673
54529
967609
956333
218978
938075
417093
27028
593332
355188
884790
178461
64465
137861
607332
129881
95156
563567
244307
409077
421574
988239
678659
168420
174529
662714
812194
102763
90422
609237
801634
249480
276265
508628
379045
564736
554074
609805
432467
527236
114655
720120
569486
353023
985004
506309
864061
82239
7861
761818
286981
684221
847786
527400
722006
341898
855073
366569
963553
529497
758994
881848
315303
57507
115707
577548
528685
915322
481252
110802
355276
618158
839357
222567
181797
157270
440739
482863
563057
106428
870657
979669
923894
602791
646163
769119
115029
194501
394630
879340
512000
862965
849724
193613
107146
499823
114283
334590
556183
544081
330021
403840
146290
543622
647538
623508
51901
208085
958681
74837
633027
192068
783614
25011
554602
250406
64293
996360
608580
847240
264917
338008
582788
899572
815895
644522
960589
549024
485662
787773
58918
431094
241408
785897
126026
974465
163810
32660
547357
420017
131891
771789
78520
496459
400591
26376
12709
960560
147779
306166
243238
322695
715824
648769
597040
899658
113160
211297
456629
571114
807926
461982
96287
58784
868698
576674
587096
278609
12146
653114
103430
785501
650580
316713
510100
241349
747031
338793
407532
686454
823314
877055
553345
385590
168636
807545
160968
740714
572530
506247
829766
910657
841176
903924
271492
340033
343703
658495
959968
494956
652100
436762
733694
980238
132320
793342
728795
745510
218108
341481
881474
211759
830773
860597
228055
114698
94237
805974
666000
923273
123258
115568
298180
613466
461800
433491
247131
321550
61081
929556
339366
876805
218109
287305
311752
626744
107645
647456
139345
400355
139296
222044
737515
393037
664401
253486
389485
242229
634488
570348
785677
883867
542020
219312
930098
865128
579146
203472
756520
142650
760903
641269
80429
524624
391105
174042
562152
801295
804748
893475
185017
363119
670825
587095
482411
142981
330313
262972
458694
224557
257647
165902
232514
324179
257651
823515
984406
567070
717922
505662
663277
736571
847491
198006
755514
784577
789557
342306
240674
748102
671348
771419
931352
644030
339962
190190
625543
576138
145794
750900
122408
145829
156967
485008
862579
167398
280299
404805
401906
726578
648404
548850
516656
16130
653681
742826
697105
121933
294715
336564
827579
869586
564822
236316
867698
976452
851767
806324
7938
764625
322207
622058
436629
320209
650629
69895
40036
981704
415057
938242
705418
369880
551557
770623
991604
540294
745142
754663
868661
760230
477048
767332
253622
374822
228569
669049
374027
564661
462275
838205
337888
172686
622405
872882
416530
563493
939307
680902
898458
325292
207561
984805
985124
367298
362775
784569
20798
279545
333622
398783
386988
860738
54993
308999
910104
171383
502047
583176
758374
483781
179204
101789
289446
799348
252695
2720
795939
457685
217919
737634
247640
747847
919350
711172
907202
683365
3375
795893
713297
443920
730260
503176
307128
369556
225960
408752
175331
578873
169868
4124
24968
669929
139549
245481
742103
934521
862010
987336
371211
605077
210403
152814
606114
295309
300605
871025
775017
571702
437874
554310
481521
697278
678901
608340
509726
986768
709539
808180
937693
56928
257157
328008
729333
948051
618482
864949
648759
106830
841041
392958
416592
326234
91389
71742
552125
867313
614657
620546
31837
809320
586306
4289
987554
146808
56508
773816
14433
286890
597540
194214
340810
402079
284077
918241
629489
519161
345959
284308
528522
612202
48705
856342
233012
510999
249135
291879
945580
783592
754215
589769
430562
712175
480581
825401
683304
104306
741006
974472
748615
895958
916241
179099
754220
926378
966633
534587
195200
328654
905568
614682
104149
397695
34798
672675
702972
815296
598879
333308
501171
366565
929490
42843
95931
706495
824925
88258
849864
655391
395278
573656
323858
950729
544525
540518
933449
621239
40157
663531
724005
116038
473793
799260
949851
329857
108219
847611
527915
461897
475823
123922
487190
249246
964391
810508
737390
328524
349424
996785
550853
967796
934945
615036
202375
54
713403
561819
758436
786680
849196
648387
602725
313046
125166
517485
447264
400102
835980
257136
988039
517798
274757
171964
455386
633924
295433
474992
754429
649226
985888
647961
215780
989349
879594
609544
452970
188368
541313
312271
841217
129442
707258
138967
143044
368432
928779
624801
719081
929056
518598
271575
900946
161099
218372
98574
129218
825230
866141
163611
41644
643758
869523
812495
104679
303269
936846
10192
831487
495821
536322
962005
613861
842856
859436
857341
340550
208586
676092
967885
223673
413603
998157
356613
488273
522605
126927
526877
675986
615854
436742
143841
620865
469546
228331
831078
337364
856809
469872
345512
901769
129696
134113
36993
285651
606527
378406
781256
331758
255639
916453
571908
7252
699941
442756
785612
539272
935167
545548
232956
784527
44761
174889
27094
38398
303604
451150
15218
902063
978021
99637
73571
677325
521534
751940
708712
862287
698587
114251
61900
552578
966922
42154
334107
2558
119448
45392
361665
515066
725044
774750
882304
479612
589827
79913
355725
523945
473983
174238
196360
614202
102348
772353
349335
107279
24601
329294
540190
903518
413295
897792
842972
529348
997338
746607
638437
632252
434224
150164
54712
302701
574530
807657
930044
840029
987679
466091
635228
980036
666815
30145
132411
701755
885459
576119
257878
632083
635303
933603
750389
924546
140272
673832
395854
756857
948472
15704
345718
680849
876259
743861
811908
622435
328477
588688
975812
551478
618786
952403
364117
151379
460201
317018
677024
209909
542254
212091
444597
616221
931290
336294
418628
568577
167314
44520
541620
405156
60761
975946
770275
765697
865443
472982
799419
372257
757623
695289
962285
585164
683263
223876
541709
206492
868271
461005
355338
614061
990352
509170
982344
883376
164328
621181
305436
357727
242952
357091
36323
400779
139570
275751
32063
462032
886628
411676
137584
174699
412997
20999
795659
907426
163947
234018
42777
982881
859271
817341
120718
186725
736110
495104
413539
514129
824580
279563
966291
247774
378951
267134
595952
500272
424309
872596
846239
928963
496475
485930
780086
573444
535228
70878
678960
380476
645594
662483
535499
95463
236644
231824
517951
605475
695931
445704
865690
876932
523171
370356
547196
179524
798083
715420
950061
705432
142424
804278
851734
869405
652860
583269
272035
137905
727887
3554
514482
981599
117567
846520
364408
257586
10490
104489
543793
863850
80237
588590
407297
307149
444279
134236
905836
113876
187247
92834
84143
89094
424654
333295
631993
376483
363387
736944
619337
348406
496434
187511
502693
860622
952784
418615
845812
399878
197437
533804
881273
808831
245430
203288
444460
601135
337525
705511
381878
416339
161280
40884
445258
28032
134091
722532
921883
597527
918091
610096
684157
422039
420377
53057
228508
715853
321086
581428
979155
616166
594529
512125
929450
628453
739338
441255
325167
642031
759762
212601
958255
659843
384938
120181
303697
846408
827588
155130
55824
866303
473953
87113
495443
370072
641976
360420
493099
910176
975104
278226
283432
841815
916122
267072
174232
802464
249246
25921
147805
291537
373505
525302
908074
38634
3680
147209
659674
415395
180011
998227
954925
136478
929265
34142
732703
479676
635331
861636
149415
36428
823368
745910
369673
326429
35613
621465
191128
133940
128934
672650
32076
446105
494774
874306
963323
487884
765335
719189
822392
999829
769782
112789
937093
817913
927790
232211
157557
608968
161199
411269
166883
575764
875915
996227
220233
806268
426653
917420
701630
211238
893718
290597
790350
391819
534053
215617
1911
898027
352450
119805
886974
224546
934808
507298
582508
463251
538317
995853
989609
808256
18543
758347
667123
136124
558908
483358
138747
667255
807310
573469
745180
852793
974369
100727
479673
323690
850178
721944
158385
198349
470934
216804
47298
738701
251333
37536
938423
824624
580353
898928
459023
303656
79927
565115
737900
750984
885392
797802
472308
611476
532772
205840
708552
178481
210108
888548
837855
549179
497346
796969
936638
888117
600327
387630
773974
967067
599537
450225
648506
375124
690623
316767
787067
355972
25531
427127
185378
660093
929659
128396
4297
379669
576531
735593
699734
467602
84122
656654
181973
503298
319639
85785
426161
986024
598473
371520
664719
592016
721232
603579
101384
553220
872187
428351
147136
834775
361007
669220
613671
346718
674096
70760
537676
977215
260111
256140
648409
257889
443440
575516
60143
382531
938679
393740
807711
525288
320655
633278
421505
606128
946071
221024
307509
471939
915177
616563
282676
282214
683015
142822
926353
311599
225060
851040
247058
407061
185741
239453
267301
714785
732402
137840
12865
524929
605141
412134
27930
238139
740302
267979
336576
95487
344440
181574
540501
481813
332860
844831
7465
790133
228600
831842
540788
299637
368523
412443
188527
69661
884863
51712
321871
143638
259540
225646
22239
605249
492453
508940
345145
498533
986041
188428
388896
175360
81577
81744
477885
682238
522153
784681
846453
105287
639540
845434
155235
230579
462040
237179
545527
473625
87835
389401
597354
1093
43465
380923
521693
347335
239899
588000
462349
872488
913030
598820
914869
460344
329181
915874
688065
606723
53923
181298
42602
195042
526897
899219
261490
967981
150144
711076
32510
162446
709460
795917
370379
271409
659462
923579
642638
149655
617772
817032
80428
926666
590630
653048
438547
366763
632968
675167
714803
20071
704095
708385
802397
171976
217826
19858
112182
890280
514167
158203
616407
599104
102878
425662
447109
21854
697790
305681
505288
809845
213002
554918
940458
160910
291664
817451
428942
949533
452190
770797
828074
405806
81
740888
809250
868286
335291
319833
884546
816486
12784
418148
814104
37810
382126
110673
222316
806672
59174
862049
811805
998884
400363
147807
449754
649977
45174
549026
831289
407761
253203
604655
986871
434717
122476
35259
40973
63432
141808
511949
978731
701293
242528
93314
791380
810
562102
256491
337685
635660
90930
764433
418211
514153
850498
826392
633488
390989
912781
612673
9066
288332
160540
866057
501104
221751
740325
745839
822450
230761
36214
395923
898116
619393
619835
338874
168670
258666
283564
138670
328339
987541
462165
306626
175916
85896
160003
570099
735457
778320
606536
230250
878195
292818
162028
590559
258281
629440
750704
643095
600612
388327
396223
731853
682401
133668
366708
839087
948427
284791
322818
414079
417659
708079
297860
425882
333773
577029
698210
425302
209824
365957
666844
835972
131881
298727
322358
264853
296436
130748
984577
824600
667193
83140
188481
922273
635287
403548
836160
744518
280112
376980
235502
65539
783968
952991
182835
686077
144346
318116
445203
84771
812961
175537
530941
729009
912353
984079
295984
791886
425512
365616
686155
725974
440260
897861
760879
695538
474105
644524
304786
475490
314079
606023
203299
44892
877398
728168
391893
817294
96103
672168
144651
594112
988153
873623
194142
750677
802157
600909
586830
600176
64150
420447
572994
820788
177176
123629
402365
114147
192284
876889
327136
290216
827693
529426
80150
931184
888498
245774
891743
782578
800776
250966
415165
966608
448508
363835
696245
440597
615202
450214
623682
835358
772116
474253
702300
940566
828106
955330
248543
453594
539987
509285
851548
849979
620206
666810
674105
156449
103495
910357
216261
433804
473937
41074
78364
506806
634492
411745
233395
668373
56404
473118
294977
55677
932726
298559
270795
185633
804591
369350
856650
20601
570418
178774
316026
967232
901878
805827
130562
344725
993066
833410
15419
145665
685206
952447
608990
297240
722511
651918
546063
711544
730134
27129
619392
231727
130895
287480
351619
201337
372313
491070
28208
874598
353358
974768
276655
867098
713496
37040
583843
251374
253166
618200
477556
587829
87210
374851
736310
720921
573513
915141
645051
456227
402814
745914
810418
799193
230259
628988
499386
430657
958941
95790
464583
776004
787066
435829
892143
246254
209322
586631
8274
135762
834088
91
523428
958858
963235
254976
585817
885340
134525
781194
970219
331449
679711
682279
189323
212063
47799
39055
292258
215838
569807
213850
88450
848439
512011
348587
195630
132639
454079
959818
174082
930468
732266
109968
742784
776551
786323
501499
103033
147655
492799
706529
116181
980639
1292
501954
943039
738149
309294
284150
356655
294643
700419
385541
230869
689762
922964
352213
673567
255122
697834
267646
384551
778439
90443
76794
651772
744494
498960
8952
403148
155837
768420
410191
474347
764920
472027
764367
50562
467663
718636
554036
100055
890917
709645
791284
902516
844203
831977
443128
893495
534123
517761
446247
383414
784929
544220
802333
241932
207747
902316
525882
17220
311138
463295
965463
376545
290984
943326
646676
152392
564097
209862
270093
122635
487191
336896
809579
28627
239669
327839
572694
209961
213005
568598
208520
978081
268181
975091
525949
366371
488523
217020
76423
998807
360986
557413
953533
769453
934293
92459
911379
784710
146400
378447
776645
853378
707950
98226
803054
800807
855332
959370
374069
552042
110428
585534
273830
251358
643143
444452
208735
704950
458154
786196
775201
829048
929545
701737
486406
645313
321441
657492
415314
745903
380750
160732
755233
603374
15757
342774
332288
796322
968860
958588
883928
419822
833598
610253
813765
619807
352986
50434
962438
860985
54467
433672
712013
443804
629651
838239
259125
781457
775152
184558
509395
507703
334448
529088
783524
686980
838169
704479
179494
926842
117569
689611
811588
798953
890452
403991
339433
447898
819188
514785
977590
357087
322875
899052
164430
797621
530652
883868
373134
654355
365607
898445
201754
209618
490347
82384
453651
247608
736437
697794
669156
56546
155575
941195
901116
349582
50180
18352
190358
508802
119288
594454
980083
278877
566389
509716
429226
131512
436552
292595
770710
498937
211817
150917
473261
214324
408929
70431
602480
151357
776070
192308
445694
416974
894050
288399
422596
578769
86322
200300
432207
902860
552394
223220
121538
948647
52054
511444
949027
392026
291131
263161
22287
771383
3803
959657
225614
279057
214455
830081
846593
781512
971888
547719
933624
305714
517350
519915
43808
738216
546177
373151
937881
953514
965070
641552
430822
468912
630081
890687
123198
706958
975129
726785
495935
110018
905633
608591
381826
157150
163346
720715
418505
541132
680214
242192
320149
483715
484135
199924
445525
574661
92118
484445
844728
77266
997672
609340
215716
622957
589274
51691
832191
528712
328518
144095
559594
314126
868574
371530
684685
462733
487572
373264
438413
648959
771228
866723
736602
340083
171657
426429
898982
34525
901908
331705
678768
467574
476604
90511
509374
449041
908807
501610
646121
448764
335910
336744
263570
690063
554038
231789
516787
932884
418403
504036
134352
930835
297511
390868
315147
886328
135856
11546
423447
755811
386208
304137
371397
367244
955950
85915
434234
655249
582762
194258
877634
98014
315037
324463
663357
931640
215694
372302
647479
371174
387041
911260
687190
355388
171675
278134
640556
387269
983808
54496
520428
834380
768861
282079
459450
671111
627042
3508
741531
871521
569959
594421
671820
620131
588495
680457
564206
80382
446090
465471
772446
603127
471028
814412
834723
761455
78555
643807
11841
337742
378334
354787
938922
90060
918960
690768
661396
117212
89980
496942
522982
513397
718435
786344
973132
943357
93152
794121
644394
176660
45965
864341
12908
498619
501183
147334
420732
617184
945547
975010
845
657735
302124
636341
17300
25366
241917
260913
604183
710141
394976
455902
359709
260928
184385
335487
45701
461794
734453
684803
65651
285040
823484
593508
887333
587943
897957
194144
670436
683459
261969
409554
918805
167909
192399
258989
121647
833119
691495
139796
991623
281951
945650
530264
28871
887671
87398
227150
936061
129605
449456
821004
44047
79684
385338
143233
562893
293869
684684
760686
90783
512779
407502
380805
612573
767194
596715
159132
78973
998555
389906
963918
858023
866999
737558
126126
549413
286605
431222
427561
907510
317530
80182
392503
162753
705860
857772
226813
644839
528451
746583
721475
966321
917868
796968
984845
554345
439836
52133
761432
190532
466685
852515
929331
845116
665272
844209
615543
14460
493303
326228
201700
751477
213141
988396
71577
488654
495845
664885
112239
696568
683804
717609
971379
479903
857500
968771
197311
842812
480862
969183
185076
338119
51322
304253
307158
982474
237910
401829
370948
533905
709801
124580
955474
750398
434347
931636
259845
201913
666587
236858
629674
395716
340460
145768
367251
912620
226637
169539
263471
981467
936532
386367
904709
637771
278534
116998
825997
974869
356613
678103
595051
610791
391126
111819
285577
935828
219342
229747
373263
545734
486233
742750
204162
322831
402407
286263
74294
115740
547444
267978
421617
19274
910386
500519
124190
121043
373652
371359
244779
640289
634297
737771
524480
562499
848884
758317
717211
867261
764404
159950
96396
354489
422421
269574
949706
418780
916994
173114
287921
414708
80964
99519
381465
632013
502508
329340
219476
29091
977049
506734
563587
207729
744231
126790
781717
924776
982900
76205
420574
935099
654480
642407
544016
836631
341184
509589
886680
172848
805167
867668
458455
268791
323314
820036
586811
337064
581686
953571
828922
617983
225481
95767
39403
765642
420417
735114
231617
318810
882765
856303
876836
86227
572438
670692
588205
66787
7761
893872
253310
250639
407396
273003
407676
9961
471602
75901
716843
197918
772549
440382
496356
544107
627607
641661
323445
217328
595517
96285
437141
366557
106481
624985
777602
426569
323130
549095
961977
569121
736122
750458
358738
597949
358164
968610
850101
173902
274359
85007
4412
923764
242892
444531
26983
342572
534008
147077
370742
707111
254606
963745
103335
585461
959828
579148
4684
475168
430448
776726
77448
642582
922160
425112
46502
820926
661683
865693
387861
524715
204534
795741
792964
648110
738687
778149
879702
871237
976224
640466
536706
651570
459176
225851
636875
298727
289324
44911
425110
262557
918381
869267
104173
940932
45734
393966
248655
107605
259701
850048
943025
155395
278627
244364
845014
102480
772114
919927
690502
978555
460034
859529
347822
274262
119679
64912
693843
943222
308587
979811
504820
400773
632356
827524
762044
49393
236241
306079
84897
942087
284174
958127
16348
700250
485809
506688
503749
247133
769849
780367
446730
555281
546003
637389
557451
131031
389256
618434
875798
589159
552774
580495
515578
612121
260936
347404
407050
479585
659877
148688
634096
811032
220275
377166
30635
688501
412245
495324
540774
133338
243560
504527
727030
260939
737094
151555
843056
204217
838709
302647
381349
693885
153840
835797
397052
876768
446863
872910
249834
628374
568533
178852
603664
251852
786966
560257
918768
558871
24451
671365
791565
542795
953364
79901
108511
215917
317072
71822
755824
569216
670908
540114
773334
67451
472798
767065
728461
744732
598444
939632
514288
638678
621334
75903
383892
827814
760621
67372
861762
749956
98798
216094
640590
185652
544431
301916
639576
433723
914213
120019
795359
466415
847248
280438
701501
719464
954692
64832
453507
946579
208532
615957
532721
224165
416860
827590
869330
993899
450795
586740
206066
869824
326411
535371
130621
28505
274671
708080
930934
55354
81209
816118
867600
10891
737189
408713
904301
270533
242453
830957
100400
233927
455609
365601
911873
879557
199898
386077
50653
922271
733508
231227
498198
137616
129614
354866
19822
17469
699207
386108
926732
905581
502271
799706
736985
405592
999983
397998
420922
277720
644294
396997
304234
289724
828817
171383
217266
603900
876997
508583
151560
636742
122220
433318
894850
740855
539306
49844
913973
774629
798763
136230
195759
367705
281836
272419
378188
145114
669346
300488
729593
673636
376330
698988
308099
97272
420622
785981
950427
9421
206545
302473
889000
139556
429016
631449
428681
562873
751188
951352
895526
944277
744720
958417
968177
547520
409523
48438
871167
853780
19379
662589
612477
570478
93335
48581
282896
280893
759782
374742
306061
361596
715889
151206
631250
428924
463482
620344
329471
244186
488192
181279
195092
28881
42664
671777
45161
788456
692233
242295
679428
918092
404500
131504
266970
694072
612959
173172
691301
807248
540876
932646
156702
70222
858394
632163
457304
796307
354504
45544
651897
195743
329185
751248
843413
940252
312617
80890
715688
443221
411554
466633
922544
15108
76859
469381
954277
731912
607958
586974
274198
887221
116149
315345
235554
628038
381184
946148
499663
792429
426101
725451
893258
397067
327532
157677
882107
40444
415046
339712
317316
512969
997362
281744
613655
788033
395995
389791
116401
664033
910129
198375
310199
74928
949331
724219
579499
934952
416470
789707
541259
244110
49013
84870
81350
80867
210389
920538
71260
348787
246259
476887
836817
26634
328620
89649
342157
319622
532328
670948
612179
687752
200484
830002
850460
18244
929883
289160
268432
618872
299921
771839
124704
70650
726204
219838
656066
431465
318799
454780
672138
787717
395940
471459
834658
869531
664837
312656
921382
530777
111958
640311
3486
576192
474659
778852
259289
119031
551106
589020
326626
291195
661669
240802
817570
634676
88702
950037
402898
875363
644879
983542
628634
111096
925005
620808
631371
155904
655664
500112
965110
598972
224474
517692
829671
467149
247393
67104
311809
648651
46779
688027
371383
184436
113541
589912
473636
761729
92656
626417
761928
65492
126152
267693
471008
224142
103714
844522
79393
763326
850338
203286
10832
883636
986534
966231
546625
798323
597651
536779
401194
289540
260858
240681
103587
208167
339750
686022
650172
6885
675780
606260
639674
973953
873456
762693
487536
349389
622936
796845
916919
861976
63247
327493
990090
67589
984816
599980
905024
672887
501869
635080
80934
328296
90163
112618
349304
583321
751099
548048
504828
942948
549616
581572
432892
31277
950328
788001
683870
649655
863778
529525
256289
474962
494058
186946
696502
994738
176619
248415
476857
142492
393378
756156
971402
13177
78362
390082
106829
731277
477242
762649
463034
728385
231
280579
784161
570396
857047
58405
493950
853648
640372
348774
203444
197041
802088
618608
829802
887360
153483
14036
653823
116838
75367
430154
583211
177596
681060
585238
981235
257671
955157
633605
783240
729537
341085
833239
33085
604562
82495
998967
278628
214686
968322
255333
611908
362616
935229
184308
226872
292340
124100
283119
761319
190681
409071
330327
53915
642485
551363
197384
238848
707339
437440
551994
794555
873512
374343
313634
719397
40788
7845
814328
124899
308515
822656
62292
353379
372139
913116
529970
414069
857935
867787
431444
644291
64698
224687
643782
768815
655720
78317
888253
347336
413982
31408
100057
679400
55354
438935
528138
879788
808997
714556
596366
851089
131556
437794
579672
820968
435086
332154
382157
215733
774104
185234
417767
466794
752972
105627
515004
411451
757592
527573
176729
292318
186371
559897
924936
444897
890362
499779
464114
462055
714121
275002
120797
312640
587301
531613
123925
498084
151206
341131
989161
716684
174161
803471
170381
819886
580563
460902
598301
800083
166987
689647
2369
255702
474814
632751
280683
759419
324462
340093
918973
16617
785668
300240
976456
495621
789482
620579
414320
80109
763061
953154
395627
895374
101888
516469
861416
174051
385940
241926
584908
284682
142659
392047
520919
390660
923220
958245
856485
690441
720536
311227
469649
890886
481051
101237
89204
878133
269750
840746
277899
374294
861314
17492
129015
865743
439975
205112
457885
58205
29842
660012
806317
864502
701701
904522
735936
376573
950472
832496
822235
144033
384573
185584
909841
282771
222865
590875
643908
546722
838606
663589
453899
137972
826702
887477
137840
436899
51082
249420
62352
132273
43601
515599
877669
898858
411220
142770
715233
848597
135646
385155
62192
787414
789792
952592
642144
280675
855338
217655
48221
97057
612470
797576
43221
629594
77599
584792
690810
379613
134959
918245
693862
19059
649301
946401
384664
505785
151669
412445
839644
312863
665242
68499
240457
705852
502215
397648
21604
860747
434731
221948
712675
256902
981426
370119
541003
745245
701432
110770
76794
847123
994392
732983
276737
382518
468451
787287
159593
37561
240813
337150
538519
34415
133313
837396
989130
895462
255156
976930
170496
707102
873495
374879
258104
907813
873926
360663
579667
802576
760861
803127
716628
535447
402762
677943
553286
961550
406270
996260
470077
793148
176510
810377
508468
541594
821846
56313
895574
170217
594348
540604
711832
22000
81906
72468
637507
731025
314997
379562
771407
393863
81939
872410
493995
514367
27593
515544
720730
170319
486122
12285
960439
323863
191084
327666
601
390579
399453
613560
194129
323098
319155
417297
457744
838870
316288
396046
816038
703008
477636
436470
712101
886487
233373
532944
661668
379677
743129
333710
475679
817614
663340
728278
407676
845150
875453
597421
623720
193550
34906
377026
256928
119691
396300
667093
565644
63651
992006
527938
587461
378724
896887
832494
84663
992531
307903
84557
934114
461638
162430
263501
880955
778271
170951
43106
713711
954149
229299
113711
601543
939712
961682
177294
174694
193105
767805
859324
165616
666156
382919
133412
628613
377395
660754
9158
472875
600272
123709
850436
959242
321998
542139
428937
960080
783637
877503
799830
810357
257152
748307
73130
94937
351005
71816
197646
718409
738624
500616
953466
357472
148804
654791
130599
206666
172319
829208
808562
692900
445857
613468
934954
205439
19785
808661
1654
826692
745860
980568
466470
251505
851907
322977
220948
978177
243255
215489
989558
423658
462508
444914
737540
777152
485503
236107
328576
58999
214014
346382
919271
449733
177690
84383
837618
227750
920395
571472
618569
861753
652161
523031
588549
103560
366978
239905
41312
778341
954724
693439
698876
55855
75817
717759
787852
16436
50482
202710
584227
893168
226594
599096
667991
380532
940880
313034
468754
153122
404264
643375
773557
458389
476575
532479
114984
752029
110672
125462
811330
421544
583864
520520
113682
34620
846155
597298
600712
997536
370096
836332
245507
124891
804768
17626
898872
37332
445590
380386
890491
675608
151540
195064
88494
945338
661682
499732
913987
810133
973251
861125
548271
625965
876230
685855
341101
951604
694437
373136
180075
913576
831886
262353
629845
785177
347596
839160
813053
674889
849793
407018
41252
786988
195522
318509
172776
430862
650511
545883
613257
492628
340589
892146
886041
265242
567778
831305
273088
498428
29453
574557
731753
444080
929183
261450
305293
501968
162042
880789
379482
526966
707684
963110
250943
50049
101160
675603
198679
890676
988425
863063
761007
738813
826532
56929
263030
829586
664737
861129
197504
324535
480277
24093
42486
85405
234040
127770
341406
781732
419646
475190
222339
404097
856404
993114
608833
411067
526776
653741
712367
627279
24245
941836
213161
55476
918586
940566
39224
210105
245270
519011
263585
17738
882835
432468
154887
821585
3820
799109
10045
332856
348395
448543
432556
165325
728163
317067
122141
751167
296391
123009
578980
587781
952422
908798
841386
207134
56772
585556
957397
711667
746774
347227
478230
465624
164313
851589
439822
812017
65167
386447
743326
721713
663255
261140
503114
642238
953512
130236
407177
460529
855274
569489
130667
922297
232433
879730
16359
757023
560406
726688
17216
905316
807668
678582
171156
692486
481724
407285
448321
452257
233526
557245
254068
5107
879060
543064
253839
920632
873652
693873
974966
620660
752435
477346
579511
949903
251112
194027
928212
357274
471684
513918
693421
160175
496708
396022
474510
207927
356432
184424
62803
517062
493684
834450
815284
728096
731256
603249
683761
492703
376605
958894
565787
340332
22711
472568
502588
397867
780450
762797
584100
693619
828962
628593
115985
498554
547739
823138
624186
412752
448361
228258
9592
611138
912093
232915
604050
349151
577109
522913
878371
315927
675127
282552
758058
183230
112138
813591
657326
466672
809136
363644
741068
571727
242372
985791
496222
679592
178188
415035
471818
320308
777115
214503
670756
636730
81286
811522
884289
161490
290304
869549
458905
291524
375765
790610
462616
134798
637504
61826
803585
299140
555113
951005
450623
396434
480894
731882
63946
57053
298540
900231
753074
400520
779002
333754
708172
281491
361474
497317
737590
510941
234126
544344
472071
518794
907915
668993
142296
758911
754604
550014
986858
144522
917278
429523
571314
243551
878115
926327
832328
698366
756494
451849
435816
837488
647450
681120
470562
777903
301414
923455
920356
575397
309777
53928
789090
132557
407534
100935
80415
24566
877028
808463
246427
508454
108197
992035
409369
37147
684041
904234
193932
310509
37510
662661
569821
328015
509326
474653
310876
330164
594821
55509
14272
924430
272606
628127
625052
785649
830033
748074
858209
995350
872827
462073
170186
932476
693265
855183
294632
737641
235586
3014
507978
296335
65449
582144
52872
777353
531820
844404
653932
812612
928628
668074
121342
91451
417801
180290
371371
296282
99592
262574
201297
385156
226180
634303
103338
824816
876279
625053
317266
988206
622179
773585
969718
297608
263370
524668
832987
568579
668998
705003
876296
4805
817734
224194
270482
24144
533989
597268
97602
391404
454952
441301
714980
623843
742356
599911
72943
404390
577002
60432
901644
484558
202753
137421
921989
737660
910654
554176
255947
212833
535153
944132
67236
294361
233487
252257
466799
482034
481032
322907
980821
98572
249861
312933
439502
462104
505088
133939
333645
630658
304191
786221
188169
188587
487022
609919
481577
916175
694872
641869
652748
638598
754306
661828
536498
269286
349476
315020
968778
345029
748293
402009
757208
848284
113521
899809
261442
282503
57114
691240
727352
861160
951433
247862
154175
749036
966271
757035
673176
521830
978220
984041
72337
247383
985547
980399
621415
327119
81048
606918
593686
320044
120751
268755
199296
28609
500291
461773
177781
531475
800439
380361
115045
396797
224924
321586
608159
896819
824776
12564
263685
278819
938575
541975
483215
157495
457249
297608
502456
140855
29568
339731
832648
591308
678427
348429
66367
995551
984908
898414
416091
595872
5291
702556
40775
303843
445005
198370
857696
367524
986269
950719
620452
593003
679828
225627
309625
795979
726168
299797
540120
207108
482031
945847
542996
868744
99870
181579
47819
306779
110498
567879
407399
29395
718666
52451
180369
123711
724911
669003
217972
445732
720913
566512
917033
70306
962128
913849
116484
547830
847300
516376
685690
734681
233657
233399
286766
929093
168138
616208
310487
541911
883992
813148
33422
158160
699816
500195
342457
826741
843415
355826
357520
905687
423802
11435
683017
198253
286934
824054
628900
818781
154168
183318
576853
33625
884083
908054
926345
940646
580852
620513
908118
829816
889731
421233
373636
454394
673560
400672
221490
137386
396568
509082
321063
188256
503019
271540
766774
546926
20218
12757
867725
704419
325962
582610
478234
342826
54640
366808
768153
313424
93552
229058
311167
380707
501430
306187
661308
387381
192304
218781
382961
750592
970374
299016
454958
974243
471927
366222
674982
871435
550353
127451
70642
909357
738061
723410
553982
609007
464773
538306
447124
496486
287250
462327
380483
437818
679622
994221
673963
75238
364931
665440
869800
239708
814582
58111
526105
895877
118324
940350
259660
250150
836975
740298
794696
985310
648468
982808
985270
253324
125765
380695
908268
555405
251054
928772
395927
906851
998278
496155
398213
766769
579940
598699
106381
855587
570107
600835
227099
226410
943220
893448
880092
386085
92646
965864
837058
721115
765749
121001
805364
307621
197380
40475
710806
311337
954392
563756
45232
182976
93386
432922
645373
222265
709928
268291
841939
729783
595690
944472
809449
126133
545676
402224
297802
715114
790092
209721
690069
688136
103810
641609
194094
87326
27223
505362
684101
842013
952547
305716
402369
41143
955175
450285
941448
440739
212196
161771
457005
740029
315478
623810
684791
997323
375376
529209
595466
677339
802229
102975
527093
781000
701840
271675
973527
750363
369361
565313
586030
348109
265445
7328
29694
240298
158640
533784
753434
253394
710698
939369
792914
877914
133139
890566
219577
297487
980308
610281
894289
893402
900468
633088
10069
684799
180147
525189
948579
843648
818375
718507
243973
94110
171504
382004
389723
256319
290554
31135
120806
230827
121295
774207
860659
729776
399606
572071
334242
428838
942316
359106
480849
471245
902173
42367
275050
755858
579391
935337
161415
350065
389964
771028
822141
583732
592986
21875
478796
499929
929240
91207
656033
5521
62119
781234
72837
106981
881938
716586
295846
249587
987628
136009
797824
701463
660037
177472
157672
639653
101128
50156
794549
494098
735220
675841
865867
777138
945461
98275
319429
990363
886238
745043
270398
940777
421702
47750
773181
593179
900284
479634
544123
916187
719848
31873
327825
399451
118847
319176
629314
491611
164450
933393
536803
276871
115924
254773
988579
189884
127830
970182
961979
252395
804513
534279
883315
600470
244927
556415
387277
273656
900551
796962
482067
609026
462515
18352
373816
603455
861344
495834
571309
549528
233121
977822
212419
253492
13503
741556
74104
451895
263889
122336
606624
799916
214772
716200
955057
663357
96872
226208
903595
610591
597063
135009
881698
941898
854947
527576
699946
468454
74298
564538
981853
923330
605976
642005
193163
327229
884554
371394
932351
133703
395130
494967
103850
391938
366572
499833
741359
605506
457044
460334
328522
657011
296209
838672
770718
673178
943178
483710
3545
999604
650852
390445
331654
540218
879709
630331
753454
465862
197192
111716
757740
777999
696165
528717
26188
97168
870364
342334
600351
827272
526102
746669
53470
129242
44793
745909
319864
329684
605950
829414
411067
399756
98608
924597
705115
470694
374914
963796
12257
16627
32205
988509
73714
34932
641382
215655
732922
7100
990425
825467
537718
548403
932164
248801
261404
850743
573841
79507
440103
452380
894033
53203
190722
936404
583986
634648
541200
246442
848989
428644
530582
165352
383278
586545
578118
970009
439505
865481
973353
12393
839925
592373
542568
180392
529456
933261
598262
341869
99823
605679
184285
820183
770008
499146
456356
291887
429502
997594
807002
206249
41472
464814
815875
223114
734591
79780
925596
573859
92345
779703
384907
776827
423111
799023
906792
885195
63855
752759
563682
42658
339559
873611
374991
779241
761383
4496
186132
851265
2025
312701
607469
350152
55296
399543
580122
540731
657618
17403
829095
444597
401332
673717
660630
839958
710432
240429
302442
709311
767253
332897
3091
34361
382540
532525
134961
33973
981458
58022
683398
251438
766535
543751
358653
476331
86833
735235
904849
119968
267069
91001
712860
606644
81876
654022
578813
302878
201046
893428
744484
289768
15030
198543
351805
779542
358706
500760
610998
125344
30829
318995
385071
57242
698154
965115
364413
153269
926439
37206
94427
950686
630612
173731
135470
502148
858223
230767
152948
257143
361661
101511
893320
298988
912358
52743
627668
687965
447278
761425
986003
305485
332044
787674
14081
862313
245225
484318
858530
778442
422262
170035
501676
495639
619498
340603
731667
733320
51671
467188
643823
731397
389224
307050
209995
814380
681977
13515
430412
374002
66579
75483
847996
517792
443010
271038
693810
98687
199701
88563
613792
955919
132786
453920
525433
515696
163923
611719
505981
330212
763745
262488
273698
930220
333611
392865
451168
910478
824195
452257
918489
452408
19381
223290
814564
936895
992869
918276
890229
493184
184004
446
918378
124007
877231
136927
64052
911886
949284
742026
579744
802109
970977
91745
704513
408912
707675
924017
533116
888374
882136
371787
178160
411157
302889
712626
834432
65035
374600
633264
217918
559568
77898
572099
86517
305591
703616
983477
108179
391507
549872
734025
322609
845174
763691
42769
832641
573205
228363
711517
702803
498759
11915
222477
53700
506284
906947
564232
6083
257515
543742
622213
688257
24915
865593
790406
401845
272035
525755
466149
920265
314597
970764
847943
355684
153845
45459
695533
733205
696671
692367
629097
176088
867686
158066
807085
918921
962721
629717
498431
491746
33473
344924
138440
788786
259053
521000
520652
627741
182606
694258
204533
706186
717286
594443
334856
619053
470235
696685
847609
404592
681298
433788
268249
886784
932279
33887
238125
360755
288344
12406
682907
752209
619505
271543
493118
939334
867139
476712
877592
852258
768285
916347
425639
906314
999164
666433
281744
114687
286350
911436
114872
342408
335763
949030
977138
899071
677276
256103
918546
418614
319158
807799
979680
654980
311328
524321
295849
910127
154487
902223
851311
932727
958387
429800
220416
527741
467402
22147
15972
811855
718898
867590
763759
750097
913220
652767
508855
414409
201660
702687
960480
121350
83357
986094
138771
772462
199089
437615
797709
2211
74670
663985
576851
340369
920756
107470
370884
161367
348659
934500
654407
260624
520554
86573
582306
95357
650442
572222
766124
729233
618809
90393
274459
63640
494642
307246
7415
488068
579913
47989
660336
157141
860556
578337
825930
506468
806406
848641
875254
294861
755869
751800
375485
269751
780187
708183
368277
819586
115529
466836
89942
565131
466615
226410
64006
861726
478873
946956
300432
972217
250444
703495
663956
508857
524150
829939
109720
666660
613386
737429
43675
55762
122795
525588
672394
358072
341288
873238
939724
7570
40614
206391
513848
218989
787611
545126
441638
132238
668342
656475
771683
319106
552029
847928
939582
734019
875854
748476
552767
625028
467686
167902
390072
185050
979008
592268
780147
270278
294902
988607
344394
981283
381379
607226
791062
987497
686345
220896
515647
834011
274669
976048
12083
69715
714144
74718
107442
328168
706873
718159
861637
532665
990654
219888
512846
826393
937922
464819
796347
749847
256168
165479
42517
566504
443333
108658
223733
640563
138532
147694
500181
132985
398499
563934
517892
928287
983162
610508
939571
680346
713052
896448
646445
102390
436278
387038
771684
709379
279956
325469
295974
827292
166307
89056
870191
701781
816657
743986
781399
5568
826512
527459
975980
81052
132282
480953
581786
414108
631119
715541
444999
237071
261721
98276
157244
386992
594864
104638
51325
566668
297818
730334
156217
12748
943626
996094
263580
105758
665225
82511
603330
600516
128370
161810
945479
916089
903639
590614
839738
608635
69954
899278
446384
719482
416342
554894
471412
895515
884819
662370
190620
461481
916792
529483
555191
356697
143618
985751
8994
548472
922323
982492
208314
443443
166062
999633
685739
659587
258975
12872
124327
354291
9271
634572
611955
109711
542517
674707
259419
854827
243521
14944
14918
767245
848209
900856
402724
931384
369966
118142
155651
468437
971345
217005
121025
394368
7207
937074
395740
721005
469428
79012
555621
163062
203220
887073
462548
625026
498844
391302
674548
711123
140894
166986
164543
737451
116043
17848
141252
794844
858163
297159
872580
710059
69673
427095
205853
189856
925890
128138
59742
446893
831804
372861
807673
896888
593722
143202
317590
395783
311021
866299
500868
907527
424783
750133
912138
47801
116681
92383
913372
728442
679221
359237
148073
672237
257533
562285
450001
395655
333474
776621
686772
578614
471705
403943
841510
288687
690000
671587
281598
843731
718222
263047
39630
836221
870776
625333
710701
993962
84527
371777
615855
38790
181399
495438
720694
126351
591795
1220
323234
731816
219372
954992
766180
687548
841649
138039
3056
235149
860791
348472
71504
18840
529761
5950
992278
484903
433020
513822
792435
25377
412979
836673
165875
52029
395828
16366
314629
381102
708719
783122
668728
843587
159332
968496
35252
106918
806849
816475
283015
732054
814709
982608
701900
174156
12530
310816
454010
781247
398596
689414
759046
604675
572233
96727
257462
2893
727180
833367
266948
131473
138370
209767
493739
873804
571104
225884
894736
357214
58711
658796
116048
595471
935086
629954
596450
476722
411130
397617
955689
538790
209275
859972
819481
921785
92246
589044
615107
304616
849323
837171
979774
42306
106130
535077
583284
806954
669431
476142
329414
91579
872079
933734
104669
857030
367222
311977
672014
858486
296743
854348
797993
159637
924631
280106
832031
369959
921134
640924
106445
781108
733987
450374
166377
827300
409458
301518
629256
769922
255869
818984
818697
594531
326397
323021
274530
110880
269283
764043
596677
600126
358031
547637
416238
317167
958508
944378
209676
316914
161574
706259
416393
587605
834889
134230
450936
405914
901111
882728
201690
186488
542277
819535
439373
134520
553972
340710
468562
155136
182663
887081
353657
559917
673285
707504
209707
153945
897997
615673
903444
289340
284433
531742
780971
612270
996785
385381
715679
501514
439284
764406
102175
823407
618469
642343
991750
406432
680072
226612
444322
600267
20792
447882
881824
956711
828510
375234
507285
108598
106768
364139
652395
625194
423555
467712
625446
177764
832110
156921
277458
659095
612542
241789
151691
153675
433903
77876
936296
927230
911310
462843
99397
517541
716552
270833
31020
639632
622701
916718
936544
152811
517127
385876
78533
531808
853265
371133
521583
104730
300118
125459
635589
587941
857448
922687
736466
98929
642809
72506
438568
642934
997785
47743
534001
130993
41228
852257
475923
390092
258759
787128
356351
605403
32519
392247
597399
193538
775950
71449
212729
885941
975612
251706
761709
472920
96262
548994
755559
572677
577813
347196
257337
906987
941629
621829
986904
582163
16664
15263
362952
677822
925375
910117
62119
840171
438884
795289
689940
154421
96143
141145
376250
575192
232755
768817
928188
578004
923948
9289
489983
533482
988888
101439
577486
833475
628367
253008
445038
156592
597056
372719
464767
63692
544425
373752
201740
505406
410098
300222
375599
815771
537383
32960
486500
721448
118481
366139
365992
302077
27824
447897
611917
708164
361750
576967
882333
407265
57506
459364
61033
197548
813144
961557
714989
958425
843930
610165
13217
767993
702149
941226
112094
855961
261931
103571
415147
213960
461096
866141
624612
174135
640163
270709
311686
308601
746851
288471
574489
387241
659467
54725
924282
350698
186036
266964
21572
511753
47461
539105
625819
454720
245169
557024
994517
503508
931374
36628
66628
943709
381069
711195
343204
555494
125339
410977
532126
298
291731
761269
316023
679039
564573
682744
58200
143183
283303
58161
42170
922880
889119
998974
199278
734517
5962
997158
766662
346798
106564
54153
365411
572043
938900
649208
527580
961262
730731
975521
222600
831869
611002
805155
535401
919111
89197
108352
738293
311870
897543
457456
918018
397730
859419
887058
790029
312383
813796
513342
582630
160653
186562
625397
114876
501173
87057
974394
885569
605171
857704
118202
347577
481686
245227
197094
39269
364773
43150
295842
3718
884252
334502
304533
93712
429396
678637
456417
359277
33408
858578
267053
227818
426131
654203
931357
953282
951871
471576
999587
86469
400153
45413
810159
784037
818264
826620
612674
568989
740861
319636
662560
653183
688396
454490
8740
971608
790776
1066
191149
573505
965788
119594
956790
475717
194214
344323
310404
436074
341134
406909
822072
111582
313092
958327
804612
587904
359592
627967
835578
233095
745203
953620
151936
819859
1075
692533
892832
939534
366771
895781
616316
844926
90169
597438
725087
2219
479208
149423
426862
829735
636230
184084
517181
45183
658968
151984
112894
502141
595242
556746
281236
851798
510699
103009
514821
448887
624948
962636
541070
233127
665961
9267
522705
856
788088
960164
505322
304912
446975
2707
518815
548335
106826
101169
690805
891164
749177
777063
446111
30096
658368
565167
249426
406334
373385
825295
344756
517406
136628
893620
507954
400405
204542
20903
544497
807491
485823
312750
295452
310696
361805
43841
270748
719859
504447
827047
779814
444585
897484
61678
978733
586991
860497
636227
909305
785908
368177
195251
870608
124477
80150
79871
580368
175822
955286
329365
380702
573554
162738
93361
838841
922984
33784
414928
379880
42410
189064
487500
711378
574426
910963
182937
332524
216652
510783
152986
791372
992298
194119
119969
503133
676360
782271
598274
498475
414405
381334
966482
689630
157402
400564
60225
617540
191810
221027
788241
100167
541254
584906
502834
22781
593956
840467
596604
366046
33563
245230
196680
233873
870998
390959
109420
589855
137907
629523
540048
615561
657390
338784
709297
659828
21294
329898
241778
416194
168812
499697
7834
512701
844668
681512
278639
692973
591354
765137
592492
962505
615698
91331
907937
852490
169195
887117
646248
989274
764849
450741
841471
49324
725245
113177
550407
319461
591012
248439
108248
583927
25369
56200
979263
486351
295231
864007
648085
303781
298895
287375
824317
845168
639011
395490
162361
677052
185693
922502
92841
820691
385846
943113
580450
288472
269223
939238
268391
489460
858861
489280
804615
448615
600893
914443
189522
554112
900036
174154
938425
207208
922393
159986
97985
940184
946370
165742
374628
180715
198624
179196
197636
484301
845304
138292
153740
192659
925150
490985
389222
893349
710272
960936
859730
331030
796044
216094
926058
610516
410687
64150
599727
342523
58252
9311
683406
414148
407205
728203
100597
878042
419688
868756
7885
471373
701609
846618
272851
160287
687384
953224
182358
492604
879311
2836
669391
809479
36347
805092
158680
622864
78692
934030
745227
510370
472666
706872
335672
95544
178878
766111
702530
913679
987818
27379
610582
346582
282366
304926
520457
42498
885000
30693
178638
76798
307663
396199
324753
67968
456828
865155
87858
516343
475238
776279
835681
911136
66552
451491
708946
636344
242433
221643
975837
867084
645976
734971
599990
36780
60458
638949
594692
643262
730978
54950
75679
850350
485363
239430
763755
880387
444485
475998
454028
138381
666233
505940
308036
689402
735323
852738
741360
90185
438179
965877
93660
220822
169960
123857
340606
906387
158178
627410
212054
129175
120794
28909
263200
404880
325808
815381
366002
325397
967177
157145
833400
429590
804563
946986
217290
30069
218166
339323
818151
648941
612120
495041
258257
339248
29389
147866
152964
426639
819354
764362
567380
541715
389540
285472
768546
753577
891706
486647
576314
588281
776700
748696
923725
575831
626662
85949
986182
907730
489341
987056
291338
344939
393044
329490
55761
463584
539067
820920
164060
245925
74949
139568
66898
990260
932917
952993
174971
103995
786116
66384
331480
977140
816530
410495
653020
432275
366311
269232
37259
485848
720740
220807
359406
460612
531402
340877
452336
701032
987814
634257
15193
468440
213144
2665
101988
176511
204991
231062
90942
790989
263620
602693
352158
26059
634559
441906
212859
993998
638153
380263
598191
391178
655647
386979
434342
838398
352495
396501
140866
677453
708611
926791
430671
137709
508295
792536
546974
83320
547128
924066
526784
431712
555627
769338
139872
779904
353335
605525
176254
458701
607617
411271
422148
866923
972002
781735
672454
349020
997263
914587
987859
544452
950464
964050
477479
819781
334114
846675
315043
8147
621544
371412
175354
79344
604626
969972
296919
808815
402316
311160
15827
712323
818676
99679
768448
736738
697
574307
841762
429397
487519
973007
957629
320927
888734
670648
984650
351623
336874
762585
249475
446596
365262
710991
305757
533829
340274
622381
169430
83098
268923
609405
162404
186242
632849
285652
306893
882321
162620
781137
834900
821694
487463
156658
652497
230855
602759
990290
83354
831041
322389
806915
357661
75200
799543
862148
291600
624990
127485
944799
811391
271084
275462
847714
163524
553587
540803
99447
864277
29093
618067
325922
942839
346021
315662
695895
682897
127536
265310
490934
212827
364134
624647
753508
818933
803769
357382
567239
836628
128625
336663
800861
443927
222873
712785
44026
203064
23561
821357
374812
262174
976977
466660
277164
788686
179007
634102
888532
289794
311822
336838
920631
476434
194155
368482
385681
656655
606053
511585
584045
730287
66032
754342
850749
487970
389269
212929
929561
64579
305786
867700
148375
847146
157449
944850
157443
6366
372160
599747
742459
675816
260501
233061
473194
306242
587844
717005
288223
332718
103286
414507
855753
763812
701327
288331
69585
465571
224789
209976
119956
953385
777528
849851
932412
480702
558658
818497
787386
277226
124060
624154
96161
683270
783098
530910
493026
41584
206116
770090
843616
895448
655330
184584
42671
61175
134980
700909
261806
693856
661067
966811
80126
495982
169719
160743
160862
731549
127150
515157
453477
488885
937926
417567
89755
652065
603631
284245
328243
6814
570112
477150
919593
939087
250268
97820
183284
246573
300801
268461
731561
487643
621421
458638
559276
880663
88429
322331
615827
70477
871683
744818
50328
314118
504499
314037
310139
206269
403498
361581
655666
764690
429836
684620
564686
665752
319832
942411
717036
641225
526458
920114
916372
671065
220270
789686
466801
430183
473356
904252
896493
751184
632948
991164
415977
108190
182870
560897
704918
122462
871070
958988
470451
607311
391675
968792
493219
308022
451403
631161
669162
943887
399333
949982
307652
81502
291138
466677
636578
577251
924488
189933
835841
726443
235253
876823
641641
997315
43108
954662
490560
159432
16191
971477
416776
222682
899458
963111
676412
621295
411367
624202
66434
162691
810356
528533
752716
382509
312093
270896
515793
755725
31190
887955
57892
635746
787770
882791
287086
449080
957777
696008
574605
100478
171265
833900
495751
311414
310868
176477
493996
285829
614114
674914
162120
161514
335899
467452
945538
836363
561651
339852
905685
465707
20394
270738
417320
475449
851383
72656
341515
1282
484176
852813
972112
979077
224537
893301
467204
215527
458215
920477
188169
764093
451439
608165
310097
588487
601423
169142
946169
549117
90361
43755
881536
548672
890872
64141
128674
242291
238752
556534
639125
890979
566550
878742
990879
295137
925497
963348
46930
948337
435372
727628
779941
100507
969474
199735
680881
673758
244804
764328
437957
929988
668129
908083
928102
440273
899315
575080
712550
259413
647274
443453
569247
456417
610775
805322
607117
734742
520599
410221
124869
432665
123802
362189
804182
856354
536847
989948
626811
89268
148846
146870
235449
786791
769249
363654
770651
665889
499792
373832
180424
541155
88776
180617
273854
890111
477127
5898
675309
11304
42854
191652
935346
943906
75555
871045
121518
758168
213194
100376
856451
579660
855232
582211
340779
602984
663980
189962
806964
411956
184066
665297
36444
