82547
923181
184894
525188
215746
132953
502269
583252
595738
219162
270813
862700
408592
135356
129047
803650
997631
657960
180975
741789
204266
829423
114932
87213
934413
162294
524385
784004
660174
709886
927526
968821
570898
336079
24704
672520
714349
903297
72133
904791
600753
678695
754428
780744
293351
837912
457128
291751
924828
354011
196774
565470
866578
161710
131692
831188
504024
169843
826289
624608
142772
295544
141099
939945
158076
387554
828724
818076
476164
865077
219334
595848
652273
295362
373029
445849
414764
675117
349340
111919
262194
240729
410399
286362
938441
446259
886799
829620
867213
674072
210781
433435
631721
136996
638598
933386
133345
504920
663228
349524
467211
708391
428581
926524
686046
184157
848956
940211
339618
40364
625494
314671
195463
629205
171455
696100
73618
383728
888835
18529
873266
928087
802760
685642
630769
505717
741144
517870
42438
63078
332477
446916
754247
904907
446469
603655
542075
544174
90149
136043
189709
559116
725434
955130
985309
690435
967146
224784
279601
529177
380713
107759
115657
515622
624152
627520
950480
489248
15048
133543
424942
827009
500572
880769
597242
728919
716171
211197
255309
508328
591813
340756
487986
645631
527021
297254
103161
611159
279749
555891
80683
927075
360680
511602
694807
809976
141680
761745
620683
959640
668343
326026
247455
579996
654587
653791
831083
618173
871131
677554
111448
290687
278334
250499
23700
831482
625875
156870
207839
806342
541810
439392
971971
793474
304289
177278
453344
987009
642163
610002
267685
635538
632844
473835
604443
130347
683519
64560
114779
936433
382424
191545
660640
504039
200245
215499
209847
967408
818703
903341
195411
348354
94423
765035
964669
634345
787067
569447
589224
726453
784711
592918
214434
888514
367848
496286
905383
856674
520525
98506
437200
10409
748774
14504
234665
709652
409806
428224
812447
98838
982981
18289
187992
969153
210518
866537
840541
763918
677336
716096
708658
918217
235151
121970
594503
159387
734898
800055
649735
762485
982727
724481
908557
568407
905643
322770
520118
555514
789742
645367
466449
247456
611162
443748
883187
246454
957716
53229
628456
971746
615260
377759
707844
344431
640879
841401
738071
438931
626892
911882
884414
585689
739731
485928
422870
486063
111560
44426
700492
244878
158711
28867
818192
382785
257586
938332
104104
846549
387830
405324
757409
975324
807340
278102
643552
177181
237003
565759
22678
718299
766362
997099
118290
286592
381587
63059
155248
450151
20835
981157
458031
76931
780879
4409
68960
685358
705328
190123
579195
951122
369695
829337
849868
21422
878187
392442
432522
190342
211143
367449
995976
144106
578241
515246
951877
205280
746285
547863
733918
929456
364320
636920
838819
285069
472344
689900
46982
228827
13049
486630
308207
322465
748658
246313
224301
272973
652222
363040
23368
917918
117767
908954
963250
339442
395301
794214
262172
564780
699523
788231
894244
932929
234786
266325
199659
947296
406007
341424
778629
757436
249072
76065
903242
970935
312917
203726
168841
893740
992649
488666
913628
591897
763759
892375
912343
429543
607273
290537
390106
643608
690363
863160
807494
238412
365902
80785
149004
259632
833425
885530
686177
366084
138170
249200
803342
944454
890282
522079
211555
885824
988591
226493
172043
314027
463651
171875
288891
553535
273457
88329
79365
745048
955383
143421
309833
441350
244743
223424
86026
267185
988744
18045
441374
471975
330170
850919
595008
785668
866263
365165
743616
43197
846676
948125
642457
686985
347847
81555
108963
407852
548194
280603
385119
966625
720733
65067
355120
728803
119794
901750
151977
56344
524098
807470
256257
8987
712085
708569
173539
111140
865279
410447
769890
854294
483613
560781
881866
581349
524159
7993
667282
399650
700640
7475
686957
635493
732560
841236
884287
186006
777075
838150
910509
953688
545314
864896
797069
462674
793007
6364
944893
309146
238725
344982
881615
840768
888622
415331
181986
976437
710575
465644
739468
93527
849294
376742
900659
511322
268980
501263
402171
795540
695404
198278
276761
957092
211787
116615
371910
193408
452650
896707
417424
810459
265231
559576
291082
427055
186858
112178
194148
871532
433915
482301
27029
268221
774481
492294
565236
884019
349612
835373
970919
452688
682372
549833
240818
369778
387619
77848
905009
469339
573357
188385
415905
641241
674112
135784
702872
213398
956342
110349
415701
107454
987143
683650
227186
521352
60044
495719
325046
177316
622878
633988
878151
607999
693213
684770
454396
699254
922316
631046
53905
950997
839514
337099
554612
967178
913724
933019
828860
779690
311285
136330
534457
618271
501623
426255
665574
745774
214883
617631
705403
94369
352749
930728
270751
507797
581339
471911
964731
112034
499116
534246
727722
238562
871381
349334
365388
337952
193959
164740
994490
441823
591756
10555
700051
266308
843440
727735
37429
604897
189116
693121
152456
752862
501501
925548
463412
61894
777059
187434
295346
218667
949350
270475
232000
387127
238915
570324
717486
472017
208228
427576
552342
506152
466910
724598
751465
721759
657364
343502
358819
232469
771961
883169
111840
813072
42738
911588
147401
243845
185369
646848
321191
381830
847006
594506
232856
164488
613768
418074
408734
905232
276761
735882
968725
992826
611856
903309
240637
56422
555016
444457
542709
545791
482366
114898
273481
144489
821360
12965
339490
700167
77344
43773
876188
452838
987576
518774
864053
531657
383047
419708
48480
369105
103977
525582
939577
759113
732677
550357
994004
87692
548784
153819
890734
881491
341360
374954
240709
387295
676507
828162
263812
793983
684253
524789
736918
998527
532631
29347
267867
480365
917605
259278
915640
294537
891768
179801
957385
189704
197794
211426
470130
731013
793457
488696
20499
499461
39026
754427
947289
281317
529687
368015
326705
923042
334323
372988
691544
309381
783969
142950
697102
158697
720325
611555
468265
979754
132266
621886
809286
385132
599243
388104
40794
4485
246573
807957
224934
572872
81321
216090
145929
660911
735880
932001
188015
337572
808582
992998
632040
577900
845497
144978
952787
706545
359755
503633
566585
236586
821923
619538
460790
688233
756771
336730
748049
878400
930826
599430
423789
111761
298808
694939
899417
184625
112402
246411
859970
101689
108540
602823
731656
792809
627267
364795
62893
993656
636573
880747
896618
929852
224263
967016
903388
839538
299022
183342
886619
522219
468010
257053
874220
176468
818884
470098
757708
541472
936409
671650
353452
70996
508342
79987
514877
287150
639139
484854
747681
518451
117148
798020
623616
347924
53946
313044
2236
438012
654833
809111
996860
814713
698674
779120
924453
90052
916273
222867
453991
613998
234625
991545
933619
111849
665947
30845
110731
583985
159293
870743
478897
209429
481711
816434
762433
499110
889377
768683
660571
612474
523504
248104
330232
120733
187783
325651
879390
587734
359714
947890
770350
601617
139822
337189
341147
787758
273484
177723
914933
732453
676021
49520
554531
936403
527031
410247
294063
271910
326750
677248
500540
416610
885998
724727
110866
11021
652556
827673
556442
867197
55164
164931
955109
296956
957764
790905
269990
705685
413808
223935
919040
588606
671663
176279
603898
375265
147227
709464
417360
939337
362646
262312
958883
336550
462415
138070
818704
699580
505252
422934
822493
412398
701538
787546
629903
257059
202791
444873
581850
460306
972585
167454
866672
521200
745231
485472
657339
517171
936381
704697
645029
108865
197933
921398
317268
783674
644984
284058
301428
809631
56501
329055
17324
947165
906488
325066
575474
480442
56444
270698
489722
205467
109403
674221
142153
127663
77177
443038
646249
727484
801985
205310
936693
49156
524935
717886
696532
987411
844621
73559
293506
537000
29793
190279
645578
645950
569443
937705
712848
626165
147557
959983
896394
209122
497003
736574
551631
309616
200145
366949
984072
252913
69388
939835
807043
749829
915785
747541
887462
938661
574641
422881
345792
43981
671118
345315
504251
376260
339143
112393
545006
287817
173639
961388
636623
682652
939644
973094
738501
293157
46460
585034
61276
860165
695169
311556
307538
168696
210389
637838
276302
733220
137353
558476
260336
152512
71647
954310
791299
649188
854791
159039
990159
96937
654406
554102
488716
44604
341363
729913
491313
204932
432412
192032
821289
955501
69637
132845
597671
499473
260304
340158
574097
933123
178616
92140
674135
529463
830839
177732
806375
765137
127112
105504
766713
561224
715911
150497
508037
426103
53364
274378
751381
913088
721174
311228
217716
770397
699324
341706
422470
626949
482911
571128
993585
942455
361635
575829
377017
393253
670972
632626
377962
602240
474093
151358
562286
215836
588588
53439
228030
643392
505890
855599
996533
38477
53326
471665
817920
28105
642121
500846
499698
217094
607972
194001
975220
204851
876013
663451
262106
908799
522897
384419
849936
50917
792859
69422
139955
476761
783067
57255
470588
862989
866402
726523
259159
616288
43433
457235
320594
741732
789713
729903
42225
929226
685444
85660
680862
644396
98747
883089
330557
522039
563226
379628
663710
156531
451638
780548
548684
192817
750966
888874
834626
315728
302359
712769
585789
509675
175049
336759
990765
9570
386295
67359
993861
230404
965540
943661
585649
764694
25073
950797
557799
950083
722747
701536
114263
293727
707169
712660
499900
612313
386979
525342
16020
703421
368421
644887
130988
55588
759891
351472
303125
713017
910943
134803
47539
429992
876518
742424
870259
958628
465713
629409
650524
176341
48152
332179
734463
728733
585600
496561
266505
466566
15940
384214
969271
523594
514609
755599
176424
717309
366508
48915
404686
571483
130863
910752
311550
185642
423792
933235
329576
188876
366818
357859
181536
68579
149460
351770
304218
631584
92600
380593
264373
337259
606719
873959
318766
184937
653471
653054
751541
198124
492982
855987
105884
354621
165448
61528
176364
811198
235813
907855
212562
199231
994406
712933
262519
100064
49813
480904
906157
345502
370604
851239
509125
885947
503798
366308
644477
106254
429970
546488
728470
496292
127383
767588
952644
418834
41361
996176
509375
154137
416808
722306
931383
580340
208801
641532
463844
432000
924734
674674
155195
302408
348801
685158
17020
138477
143
848738
82664
475310
452271
178706
34897
355738
552241
474427
212425
662735
389227
158300
952124
496941
693471
953439
348890
529757
701688
688892
174188
393399
374579
543211
121800
679253
725787
625411
917600
729650
362348
744180
604788
56573
807001
978269
243048
272512
102186
253579
359472
996200
147709
198544
512743
289648
786732
979195
288191
819246
643279
350137
952467
707770
586456
242375
781977
987895
895901
907347
961395
235519
82611
763695
324004
109807
502709
336752
407456
733452
100196
651049
670268
908240
212968
129279
744516
840917
77493
293545
685995
940061
357513
483207
188765
535484
996625
772635
579185
151074
306348
23144
935610
433225
713799
410021
898108
488375
648743
301918
148028
174128
296069
992488
121969
64828
324435
810879
899542
258512
948381
245118
33441
168028
505483
296057
241229
877424
391427
748090
709204
446540
725291
819671
245945
132098
964044
128557
960065
201226
693138
167035
596353
619938
385391
136861
499155
358368
281504
354786
439586
864662
33928
359565
878949
61344
715128
460645
365609
277964
443280
24633
935174
806439
940734
704180
569907
415968
727269
494744
579574
670939
330522
606938
521908
13781
128840
123674
803558
699695
461939
407230
652844
507993
146777
20202
618556
910876
268213
768478
186163
340163
685213
314603
60172
148391
886731
379539
643566
38486
504056
147004
850335
553568
821860
742929
321495
226877
584691
546806
355759
516446
56753
382437
660600
154126
399734
346858
413672
852101
553701
396599
508272
23946
502222
693285
28073
29121
651315
105544
538028
131544
209384
592557
541056
221834
213139
74546
221294
756175
294483
272834
683505
190177
704894
543789
817226
987306
814530
785824
749167
151567
356396
231493
508899
370963
463047
124602
198305
715305
460829
358950
651122
132123
338009
987710
675934
712016
933196
634515
309439
686653
229070
435028
167409
134443
877117
936360
310757
307040
381153
996128
864149
769453
232112
803421
334162
430676
250541
682430
52665
707795
480554
248515
705156
538577
65775
176579
891452
915940
61555
683526
846604
242109
106055
739136
375153
229873
979794
879979
895182
772260
702007
414207
110492
645716
234451
311377
205567
547711
383394
20038
304947
199410
206209
197938
910821
270896
708558
606161
140894
785723
269739
340768
792666
84482
434914
626585
185783
96422
436834
633802
470473
153066
152040
598545
700426
164215
826233
160374
286191
981258
536459
18789
409941
789883
573636
351110
588122
991211
51738
147003
626121
652808
269081
754293
676781
332479
97027
102323
184262
10048
844369
170457
761626
364583
911128
350825
61730
922188
462663
203808
473765
402088
685132
939695
762659
846946
724759
892436
567911
479221
168119
241173
175168
206912
448352
527257
265289
230635
457165
67235
748003
787376
136258
670763
230980
910285
290411
453531
836713
644997
71712
465443
797095
976333
299274
564921
74911
575514
360927
376881
17744
935173
491913
472180
716295
942103
599652
396576
893169
472247
108006
184380
920017
249389
822362
62614
351180
672850
734661
798523
168674
857174
42729
984723
346935
104878
910247
162262
827663
151256
948735
171311
950233
370444
315764
429483
877730
360897
154251
69342
691434
368984
695153
380627
555796
202153
270332
345837
817078
179881
667658
132062
566737
313205
694022
239811
522778
200445
727497
439579
318967
594959
415132
840163
802885
474751
805468
478607
3990
161841
219254
795302
125240
510851
211666
333050
126000
512921
511117
412163
798150
602694
529950
674456
90874
53779
215962
210313
330452
956784
46482
485723
918489
776693
564186
576993
118681
956499
659749
374899
912358
87003
509772
129806
584543
305515
52973
459912
341930
539761
153392
69422
646208
811741
626917
290748
500833
836263
93065
370551
832105
270010
353320
439787
303163
128060
277468
162109
265433
425146
934899
782892
33238
302005
81903
432808
63458
557059
959526
158031
534917
434532
690890
789760
931047
648738
750979
568734
405131
608867
583352
486051
843228
684751
540909
826718
30240
418840
174470
900682
353993
295786
30826
606605
774314
534065
510275
9290
859463
858689
654433
799459
760389
86823
565822
498574
225728
190026
32348
62482
243131
908092
480459
758815
167602
8803
985287
686664
477004
307134
187453
701406
613485
104918
711150
258154
784935
30020
284653
83846
746832
573913
532354
621720
590446
392173
141553
538412
56271
841095
80277
861421
750838
783526
129253
808512
562927
289066
184408
109054
666948
986594
14565
4812
481736
495603
382820
155544
927952
435873
749200
318577
751682
631677
912557
795587
310981
488299
653382
837102
19224
356943
320144
677763
939647
96852
724203
969755
858839
54104
577286
822035
462603
509047
585505
368487
185439
548403
442478
805930
184489
529021
195409
779615
852192
909987
859591
968184
192845
923157
944674
87336
776222
111829
235506
488423
329881
511739
148672
425282
674798
532450
318004
55836
612133
720563
372758
516421
35510
683595
300593
954548
266167
708492
497683
734372
894896
335357
84466
885513
102154
987231
17577
293998
20198
974733
224223
629869
828107
596302
293193
687946
806711
490363
353989
461484
227990
520071
617255
430776
114065
138096
21393
966283
94845
435969
484347
126356
788980
701569
929811
555725
380865
559420
721918
685780
998453
852459
326844
833002
375574
329026
431017
402246
860599
528983
73631
368855
53923
51562
530425
424149
356467
784725
91507
691139
22527
951185
236845
331651
465713
720610
17294
557205
386613
920928
971269
59950
843852
773028
601771
423537
593280
717259
909125
11020
424178
131754
905317
34674
713103
284238
861615
803312
828769
591598
353465
529646
49602
421744
640716
978501
697643
629396
684680
109431
884586
180865
548131
7759
11954
153066
438097
200790
878028
655645
478272
708975
903724
73128
289595
778896
162846
526248
441902
480733
531039
103727
584265
80291
37960
334609
446525
113965
552101
675851
961251
713799
98660
153489
854524
23949
140713
736307
417107
161838
462399
995243
69311
228675
127784
577541
151812
561990
228565
842731
576921
177584
396081
270412
140677
888755
53271
838377
615267
466385
835301
95356
103940
713815
65512
461637
898867
111354
303542
617970
144147
453132
794907
917994
463269
44187
936299
388726
395046
483303
860663
923788
932437
574525
232282
491066
896787
393652
832947
327211
428450
603971
523565
482905
155472
523390
197049
862864
32045
40683
364829
325787
727287
971269
465830
907405
87575
825420
569273
556589
148228
720327
339848
275007
268934
53976
378208
941419
84757
843258
88926
557325
627936
960281
799618
204696
743081
839885
178523
481639
501517
334325
728802
732194
513761
772972
551331
89993
673336
212011
138966
199840
714434
421755
754444
923319
668943
390164
883077
634517
558641
474135
165086
841601
320446
566501
625063
74604
252084
459866
460499
231550
434488
356266
994633
859643
604023
265046
823383
656594
907949
34122
770822
822658
274372
910614
524232
929065
97044
579719
882638
311147
412361
726178
13110
874875
682914
388988
205346
200905
723670
628665
119204
529096
377489
995231
717461
549787
238044
40022
959749
621723
210394
205630
893324
770631
610158
972013
130879
446089
1658
5571
304702
934241
988035
588716
392171
702768
661424
504434
154421
548835
225649
894524
990610
426426
330429
101096
526603
509428
213939
8128
750577
244569
756578
613275
196589
757092
813220
967315
313141
555338
184101
839518
580763
594475
820225
15755
485183
157652
405580
363931
584613
673391
947435
143738
394913
323080
435167
481816
218863
769404
858722
273065
527071
689920
692778
227253
739885
783435
398026
451164
566767
97441
258488
294442
40103
85246
388777
86739
738872
52635
180120
927371
281718
684319
88102
976836
298262
129381
642204
71877
405252
487526
998668
722340
782996
932483
729941
76960
146128
973234
883588
582237
174576
344194
829847
500732
179175
790732
323934
621974
571354
359032
979259
788630
837996
315945
763016
396592
581236
139654
901079
759362
485648
164454
834644
877765
50963
868439
246215
611696
141529
538700
813494
618601
312316
250784
328488
814120
809695
210635
936387
59947
852583
560096
618263
720144
419466
778240
441908
837074
613759
226271
426997
868194
791317
203632
562336
976865
324384
604976
319397
795704
985998
726348
276420
755861
397271
318000
46220
780418
565651
445166
814078
789283
801381
537287
658576
273676
942037
810840
52685
340989
132988
292579
40217
717243
924568
916857
799315
281740
250559
604226
882067
104526
281393
542185
283411
402740
512646
715046
730729
466270
125510
185897
965938
291668
942743
600096
712075
669664
398289
805733
34937
307013
682350
46663
967208
965407
815325
775795
593489
651544
65653
423424
643124
902852
834054
227156
161989
381210
813068
528693
28963
897744
505917
215920
744963
674002
194306
597472
480747
906270
76738
812763
124571
705535
549785
1279
329030
386403
589287
272660
983677
375131
588229
244062
262829
11120
149907
93890
937855
596764
881965
142226
906909
28460
907068
448567
383637
76912
496744
172794
822678
993499
997163
64751
55446
413438
267137
860030
444310
76700
505852
379663
10749
652841
954675
29969
712481
235364
114650
760872
602597
567822
324782
806129
434748
717445
662279
377331
14348
923458
475215
518691
553453
505132
140305
738259
959440
148118
445227
580665
499325
27740
256670
650328
280884
952917
609412
154253
887605
183925
920993
551672
270875
941634
765009
854917
515684
687473
386401
195158
596492
11485
677434
857167
692118
223011
442681
44669
847020
775260
784538
824612
901854
33208
817618
534051
44806
468019
808059
909894
471180
949303
919338
324328
34310
869326
854044
664771
78263
525826
483151
677782
714104
544276
359150
903217
926197
131861
102116
811616
459214
895715
421586
83634
969437
640452
694107
587237
763735
446360
538908
521903
17675
495102
395385
112939
926856
465542
454931
93791
565212
796366
498454
867238
731126
972155
878958
504703
168429
441046
132057
394736
559834
806144
999959
258136
530335
855187
785215
708368
256715
139287
924652
755709
770774
620702
271188
519542
135943
931005
774520
277516
500213
965095
381751
3066
915305
706983
542398
880170
201763
505914
226586
694242
402868
156998
946222
298121
564552
308603
477632
524378
171142
558085
427949
281828
185552
16555
151357
467259
488613
374151
996561
972479
351206
84194
495225
122886
272566
713003
702562
385769
416058
841492
357869
985448
607423
467914
954138
844859
953787
341263
874787
866358
296300
494389
635365
734871
217053
282744
841785
318191
438151
910137
19810
156907
406228
871315
14622
557823
95295
937884
179167
461870
182103
355898
749716
305080
887713
471263
419040
549663
722397
934946
484716
494680
36577
735355
426904
561547
346018
267099
180812
705415
70994
197286
344237
597702
945763
769358
110700
64599
992169
620109
417784
657838
800989
323263
903699
618820
994365
215001
367938
164460
321873
12234
330526
298996
694985
960684
44040
530292
821955
686695
408314
278774
934248
930787
160376
354433
976694
146791
136740
787076
697304
51027
680113
705692
156209
60022
295728
126402
641591
444621
339782
989332
988092
296601
519615
747646
981769
63323
674171
964485
94307
167023
298182
230192
399855
290178
357830
733267
295473
413042
433165
919865
910000
500673
163727
802733
293942
791668
412589
380645
580275
875214
343215
59148
691137
827684
268177
393707
366019
504861
351796
800819
591782
15496
312373
118313
12873
729626
449499
981678
531129
790786
138218
717738
332053
696363
414484
295893
320529
222862
360847
864161
173270
226289
182722
654471
961669
586111
515289
114093
136028
29189
408824
691377
624370
961671
34699
538069
147484
820093
735100
145671
517490
356141
779262
109003
415531
79526
86662
771271
195429
396118
691802
543531
149314
983177
25794
518843
473388
387966
828762
307194
655480
123431
856073
61684
51752
533694
175244
89577
810635
819839
60268
53329
645247
481030
190286
720080
46487
837
315881
414584
874071
606689
955410
913845
793756
84714
174963
498457
18393
241653
384218
405317
73659
124568
535917
630704
172526
15938
789116
708311
687993
493044
200495
526273
223109
830880
340830
85806
37243
111836
315839
227740
764427
187779
986618
791797
383304
853865
531801
790104
591472
523448
432155
894722
584330
171436
984104
886809
445224
493799
98526
294613
853900
460529
357001
233803
40807
411664
942066
591064
750844
342016
228110
647142
82532
417360
731351
311710
541226
174745
978360
193258
30806
164507
576610
552357
105927
867829
480956
156514
750265
930625
496503
573654
723623
314954
761087
95075
39306
74154
349837
212609
788799
72389
391961
952715
136198
615452
928813
702820
254822
625166
868821
421380
120431
107506
770739
673827
641240
78409
648239
465664
581830
462627
186635
901902
669614
497041
939476
552892
379089
67523
990132
24927
294630
796413
801829
78655
729686
42874
46016
491515
976865
724765
791412
901017
863582
807440
25874
165230
411231
664636
529732
58790
297010
78755
520798
369457
847364
92893
120844
813771
288609
730029
917995
375461
98711
493759
984821
731253
758200
859648
552276
295511
225789
171354
604055
728222
936651
772098
11772
799169
288097
439487
161865
778530
616660
423859
652659
234319
653951
623468
377859
507037
902013
317110
954696
184564
589532
163981
424802
341583
15681
315116
912173
335263
676504
707588
400199
288335
715765
546760
28480
36195
572108
457317
50397
671098
45513
549071
195273
362034
839949
129335
633241
88938
737606
910809
502906
94562
528234
579953
177402
598783
70288
532365
384303
316972
854763
592702
998599
892122
867107
334504
765678
50023
363410
208313
713750
933213
228440
971382
303462
745041
568155
259505
772801
508908
238750
19415
313649
755206
416829
941798
902832
477870
9410
171195
72659
94790
97639
559049
984532
736651
292137
104422
885882
800371
417542
93375
373863
577071
808275
258604
954877
552016
600060
552286
95598
906118
991704
176181
988384
627331
380647
356334
233401
743165
540716
943354
156876
146515
632033
289834
798047
936711
822300
580485
342616
646697
151612
581756
567492
240277
671055
335221
456132
875539
372740
906179
310677
79772
273031
938615
53242
792252
472063
804880
104264
116051
190176
721933
979598
353461
14381
82211
396383
505777
595790
307211
612413
137263
304393
692978
180963
298482
500128
436628
945199
342270
111047
196707
709034
944595
390785
578529
532597
362839
193878
712973
768723
376657
138163
723257
917133
741265
162078
835066
884102
309166
253012
785082
16155
412264
598400
769704
950326
973356
809882
823310
160432
289013
955546
488834
690848
933455
747992
163702
711813
379574
124546
649259
124043
233694
242553
417730
289534
592076
598600
921523
532936
253473
947265
966614
806184
126391
472822
760095
364978
883364
331729
454631
152636
279196
887633
939621
324396
310963
821217
936507
725980
31551
256215
921133
402855
671515
219590
722156
953811
251721
72384
557201
671515
225199
403051
371237
211927
756546
203966
823837
265610
557184
618073
37027
67528
636183
768511
198351
227522
885155
148849
986036
723376
264341
754727
397655
175065
999919
593517
19131
100098
922731
323993
667672
88689
912827
822309
462697
767644
592492
580205
643876
100339
69796
63942
64517
67463
415114
77240
111364
382677
695556
463386
897061
600179
294555
595977
810990
780758
479292
353028
908850
345406
119640
841511
800716
52030
410794
27586
227048
147755
145368
62550
218427
5985
961331
310123
102802
774509
842521
860753
342600
307226
517562
186289
78034
113691
511287
42446
539828
459154
1318
762014
271638
350459
77426
313279
505073
421688
994336
296536
947748
251577
526572
819853
653027
998471
794962
285982
131087
754670
96360
801181
782496
837189
892264
517770
582270
115867
767884
963404
198383
621120
959506
942542
95595
766829
953055
388980
721292
568721
388800
335225
763105
795640
473419
60327
818402
472026
95652
830001
774653
170622
782747
495152
519759
553673
38003
118072
673582
165351
60606
609751
994787
556117
724324
161194
98613
805256
816642
752539
57312
585021
177134
746554
388133
188126
763417
394295
426619
421966
862542
982714
784483
344785
556887
366751
921625
306395
640190
703825
205222
841588
564913
650754
862355
864452
111935
724100
533752
3457
984767
568775
821426
879473
571023
964528
69682
329118
242618
173138
201970
329110
462195
661131
603843
589020
440702
857853
793347
59759
620974
170472
37610
822964
640393
632737
40131
3842
588359
287921
985207
745930
725177
561997
776452
902177
934663
938349
705997
758380
726226
924874
208524
316839
128184
652729
763683
879250
931829
703071
326031
737912
852582
793296
491389
183389
127913
765065
746423
881411
16289
616005
249527
917849
689174
115519
36828
287617
188537
798726
264954
794364
644101
504310
952268
35189
292480
507288
168772
862119
711201
416664
992899
843307
621579
470879
937381
551009
615415
128077
432435
494587
588273
299540
11196
212833
362553
970420
464893
674948
867722
986574
948477
340867
394999
666856
541814
301235
523184
133820
343469
124815
141988
413117
652131
172348
298433
883623
487268
903606
512278
724673
579836
813661
204442
989298
930505
803734
498950
396157
13868
947231
641949
585947
844953
815731
543820
644340
689102
302998
908523
426169
986465
796926
367139
437793
728945
755486
594474
243773
788478
644368
608682
823034
13013
164189
134721
945203
427684
438380
833377
476785
570028
598726
490198
766528
138516
779906
211240
693550
252313
788562
883670
979235
34211
95336
198275
467736
571571
345350
540525
574966
821689
26913
959895
822859
886083
203889
674633
743659
134031
545496
196398
483489
872385
553836
755291
979409
257264
74083
306351
614059
553370
204250
634645
317518
582392
906818
152230
537015
435501
743783
216428
34212
900631
213534
124738
314633
602824
13835
471127
819054
882703
765580
712273
199203
317103
663174
434765
98913
865777
172042
886277
336895
401173
301667
330571
959565
668900
575294
246258
966801
478113
578806
391563
599900
707230
649980
408845
564295
895018
398624
391054
901391
719336
295742
757486
813194
839419
971399
319059
481221
541853
172395
973262
933437
111439
308256
482076
667702
562027
628690
391817
519994
545109
469543
177903
580209
914576
720621
396701
517978
350060
555555
125075
98788
386909
953825
225257
513003
294760
374757
915022
870930
715766
843514
982382
113401
42955
337798
258861
213531
844752
63281
645137
91399
967308
641070
44988
258617
943345
72999
390358
839701
227795
567241
687049
810687
928563
343913
648550
933785
237498
501329
118629
224410
712001
404972
926857
273864
483277
626057
188130
361426
4248
861967
958252
609868
953034
861822
782037
425223
724295
804509
267740
665356
948642
844998
746965
606069
215599
290186
80009
239593
362421
850178
705722
995570
184322
845811
11971
939261
920025
908253
492062
138861
784775
357472
819520
123163
252500
445388
338335
659630
692308
318468
182227
520468
583517
297549
441114
579546
109778
953912
895798
840046
794782
800362
702769
625838
38845
397573
777665
334188
988660
7221
708038
168129
692961
894873
9071
62091
770605
960395
94397
368836
721117
525966
779936
594496
596808
966867
270525
672451
67171
120680
872721
510012
461304
813438
863087
758178
332213
740373
760549
281770
478817
210566
78717
55970
70249
306348
531167
170989
451737
619248
625876
543963
740518
651696
62053
989604
264104
840268
221922
20866
376293
170765
25726
144680
440583
505841
670231
942754
690480
102103
188244
202122
147940
276739
545000
811876
350437
717967
792307
650199
629340
244143
767431
402825
425075
967327
379335
293269
604607
293163
911532
39724
288731
252442
13025
113861
779984
431096
897806
615682
506864
803263
127731
116257
240642
877282
123306
487835
146007
234101
472590
899484
680187
977340
718395
751328
499911
194254
653419
929127
471956
544549
787903
762772
784074
752901
974559
539112
906390
764615
212792
667541
856442
145858
698724
521154
488318
890004
402088
232283
610756
724946
126486
55185
659769
666826
964755
1781
536231
670385
632179
544236
545256
743150
135552
918608
292726
743170
617946
235492
339933
600210
335288
703217
673361
133458
741068
368385
141532
873616
357253
114551
409199
302362
862382
546569
627930
800013
177524
237084
527447
251708
888260
560123
92993
713465
392339
582707
602082
786051
770487
674253
681449
214604
143667
342441
579579
666149
161616
44723
770080
360584
319526
330821
929566
186242
882362
27673
537379
759995
992833
670185
275163
43299
753539
309285
55394
234363
914843
179984
491667
463357
47835
995704
353855
460009
48716
342480
427066
533934
473490
645611
677583
135217
228014
696919
456403
291900
198878
811988
394199
80774
801119
829296
268343
250651
225682
270080
383311
428520
541116
128765
264206
906405
119528
526648
937378
157407
666023
212475
106003
852321
792824
577662
600108
107966
101122
555331
848403
273406
335550
584527
785018
508707
836273
523909
659758
507606
130775
468832
342733
233459
470620
188108
972948
725678
509443
446114
69398
487072
659242
970046
582793
329074
864356
806847
921211
11428
728262
354587
848802
673467
630014
747548
323344
579269
273884
503867
833733
193802
258036
980311
395935
565201
137756
61010
963180
525516
476753
406601
192864
896161
626870
749294
40546
5845
511804
337603
367232
692567
644317
322740
162628
758183
291969
945554
946206
549089
178500
611816
136576
196010
397775
13692
662729
465397
239075
151907
691737
621747
980852
336321
451075
716117
545458
740381
380192
151103
346018
50205
473728
292042
710443
682402
133820
131318
546925
580903
261547
943628
367070
34787
887914
704267
645920
409295
908373
401234
63699
278942
475159
275858
98847
463747
100913
641855
594975
340424
405922
119932
572833
662974
921651
624789
927161
476623
778716
698661
406530
694767
400342
613464
239091
115825
324862
961867
107865
600758
689763
839120
798134
920320
295212
974605
915510
700388
126057
501764
712330
396510
401204
472109
708132
674367
876035
457791
803085
384833
892238
81165
86054
731387
676631
631949
705209
836783
689755
274165
332347
128513
942355
269183
146656
514371
392295
258571
161563
284011
371952
25570
860401
310630
78696
866136
181881
926021
728049
601036
188082
564502
378558
576458
50433
331726
920482
440847
96069
311841
117427
172716
407768
323316
184474
845635
399077
117418
602106
655406
892385
744987
635323
71424
324776
461091
196018
336867
560628
327382
991087
289760
774460
30033
474530
472830
994983
572524
589546
185025
708971
684107
24892
952595
391751
888404
610028
672001
981081
98171
589403
962396
227100
983224
477822
109120
261826
339418
371974
465201
589546
572085
632369
989857
100287
118071
883885
856270
911340
505945
665700
103240
192575
568945
499945
107408
448601
52964
231229
499036
736591
701112
125757
508600
978593
435207
98924
848646
194133
826319
799513
94310
953967
234663
218605
391216
867598
519500
373331
375006
750310
487578
583364
58823
199509
696150
195630
23814
412196
80232
459200
998009
459101
727846
279380
824549
173636
998411
980602
526711
644723
602822
564381
888869
141013
478319
879893
814643
223871
12884
217032
569938
427494
550962
767805
755875
826689
943743
184959
95641
705404
577700
890090
187644
937045
659976
95317
617929
721303
291400
241820
135223
913585
340291
180488
119380
757619
50193
356957
577934
166820
444947
420609
963726
462594
988709
532164
128063
774487
734128
321488
679277
554100
96541
110830
272904
156941
416292
122290
960583
585968
991426
895621
242345
476643
574665
116493
609622
752410
305937
513787
971748
559634
699916
146352
879287
797965
463800
937293
445632
326314
240109
690966
599462
688544
82198
710401
415425
79063
35132
77089
10434
624931
573118
783338
951729
592413
843229
153568
203535
290208
103540
253729
482074
171421
497668
245003
918831
734492
327469
912203
980553
112464
887865
405315
783783
790293
48787
696279
334028
283464
958357
192085
879328
218051
255487
960446
610932
531123
440195
54517
649955
948632
726460
450051
786004
295385
697087
243461
590555
210242
950922
49907
938943
628955
349658
134861
62038
361062
235481
279908
124301
770292
789555
249346
872260
823652
637449
112375
985046
880697
81983
292993
104886
534615
94256
410775
510453
588442
846465
504466
341152
516563
812691
983992
500677
442529
219026
884775
159702
984295
355882
1947
202599
401519
686554
330588
101458
679259
156128
552775
597754
155075
962388
995958
567980
837488
67921
710799
502561
808692
820878
874918
441632
971428
632522
22352
642624
863220
110310
993413
627339
877869
378444
677488
789247
144141
97357
286423
955502
461307
782729
251746
341381
315877
946375
815434
387497
805752
42725
558303
255485
257979
255657
957109
991552
997513
646453
394348
905556
139561
571481
54747
709401
872203
367171
681049
97912
503842
228497
339687
681660
638744
861319
832061
65050
243570
539292
726064
764881
405698
668463
659260
35180
220419
386967
450356
743845
543060
412056
107971
140900
186772
872241
735646
83557
744918
902417
215048
31479
80257
405866
375361
633952
105735
897759
209804
686558
23872
27415
653852
746056
707490
275443
1754
293395
138719
302940
984725
949937
652764
500149
616647
103060
837577
56368
844288
924945
882785
594684
205490
2335
25280
4444
44440
987262
286236
393427
719363
896820
183649
844860
514370
245042
718509
395190
138413
748950
172005
667323
155982
574538
250610
938706
965229
988873
560604
967451
162615
422722
881985
564040
246538
971733
943089
950379
390880
600826
354153
563689
752021
322625
840171
628174
631190
619699
25910
150395
454056
271576
491431
722874
954514
563410
941932
124978
778345
437095
348577
506165
980854
686940
893897
77943
270405
450044
242282
177498
325197
962232
310917
199268
911607
896424
636336
144466
465677
665328
506578
190534
415104
983102
55419
349019
460885
62575
707293
587929
727918
344209
394219
730116
945137
525955
7309
703759
618967
134329
576893
139822
621139
84572
472961
412361
396316
553614
269125
612876
341465
742155
493460
784155
706088
481323
122675
333859
451724
912515
99226
120780
843057
303788
550416
865098
574492
65115
310754
972499
971507
284783
477887
442027
340774
196682
587699
460251
119609
169558
189566
193920
29360
804329
525649
783871
995094
26499
114020
798550
108713
871796
781750
312910
848165
116891
29026
126220
705387
915849
958555
753479
125134
509571
302468
813332
200891
321126
875758
970014
573634
954917
379567
675953
32581
13742
907675
519093
37244
170668
793762
221559
383202
17573
23686
837411
212607
671298
982071
319630
442131
440751
531468
42096
49564
288537
759392
781103
335108
481748
348871
338838
209707
861791
914732
362212
608524
353471
983369
626881
858062
931335
865281
197068
816745
293753
149213
850575
908467
826375
158049
450324
132935
798002
786570
294993
376336
134228
235751
818686
95415
27897
374161
339207
783335
95335
505929
834845
229241
276990
153516
875944
758529
891642
788053
793239
500916
915926
876815
434455
199988
986891
22389
914337
917242
950967
283497
538094
744159
164760
765165
447686
667655
39159
677601
579574
314411
185249
310489
141536
360193
742544
124442
765228
563529
779497
492530
62877
558454
309471
131825
282174
239224
460469
534791
827835
69794
457120
850876
727691
415165
59274
346502
10699
824552
199603
463050
686247
11946
515570
820274
538993
808534
995866
482151
311891
946713
587640
447275
801121
730980
806328
714646
909960
758768
824103
743531
456932
595826
869330
380055
466157
296349
359822
740485
398480
812815
883345
970464
562780
264921
447038
503014
109971
546286
607230
850214
999393
194983
139977
525846
226601
37104
103877
958931
13818
407187
139717
651125
620896
688415
138482
655246
552471
813684
90439
682240
702299
606702
225974
829560
730331
695788
93992
906059
453515
979132
740514
922283
914969
533028
617091
644165
138551
438991
835305
827195
516439
795987
113396
798841
875957
757083
890082
282038
240205
609654
820762
186185
147758
648507
309188
623717
581991
763734
399509
546099
216029
559284
291048
660107
47230
723975
626120
426574
964688
677430
353034
865570
111587
640229
201751
737035
123429
383964
120456
234083
944788
609814
465066
652406
790286
406440
429408
347452
70916
783436
963176
457523
695565
131402
608310
784409
871255
909954
164412
929795
605176
533592
336203
628701
531426
676092
80211
599871
933045
367572
701510
79911
141871
912777
107611
549017
426687
648363
414191
688592
606775
173442
363334
330527
901407
465970
701870
431273
479333
696074
676612
42745
814514
841065
382288
545535
442137
90317
607500
631272
806953
726841
854146
213465
133218
81923
948947
445063
948228
787639
538963
458741
738818
570987
3026
693387
974294
394913
483126
683152
482862
343506
489156
813445
412228
924573
37245
706205
382603
726604
152037
364316
257029
276414
979295
830154
167217
711479
376627
135764
262626
559297
975218
979264
432811
561980
966769
44235
225463
454793
490289
134561
590709
336783
789151
484473
449712
141800
809782
57098
364092
418348
800066
71981
724748
547736
359488
873936
779745
976090
673250
601940
141213
251963
904430
230021
363510
924585
15494
798067
19974
877536
198210
946865
860606
641973
562425
651753
238587
466367
42399
666
160177
483874
154632
583920
314372
477625
283467
278975
907893
774879
234434
545435
347577
270106
614381
306454
637478
487973
494198
52439
697094
474265
680655
905043
594318
44727
43255
321195
237097
821076
897372
534242
94125
380706
336411
276473
950447
246423
524963
600554
583793
55227
5879
209661
429754
801107
712146
574025
564159
406565
992228
979083
465789
448424
537275
381788
585704
957194
606909
219474
994237
641629
134097
662774
549236
5983
542686
363293
734161
47140
244523
489637
557914
214690
463078
390605
924707
681817
450304
876274
439045
984029
269109
387042
657389
454849
74921
950751
750928
690338
108462
617138
853820
354125
968674
834216
558410
672270
971702
490030
338480
487830
794569
589380
986099
2760
711986
700257
259065
17120
6301
178596
244284
723456
31116
813618
84187
202585
655551
325360
307787
711474
409711
791390
101802
148440
692148
328718
51252
311267
756102
80576
504014
179680
267616
242588
922176
246048
165056
406028
931328
416220
554891
396467
459497
83907
907982
433997
336971
787298
592800
397732
304475
850863
58019
484844
69771
599986
534505
957884
147701
705745
130931
889257
639088
318070
209364
588417
481861
811679
436340
718817
70204
948226
613872
241140
757327
143002
378463
982344
410496
18386
855408
701262
115718
9869
735023
971246
34531
489232
672870
332293
690961
465741
741536
468092
520538
802189
427785
470022
393991
623032
197489
460853
78192
878980
797359
569914
809203
933176
830626
328055
13184
639196
548243
940611
870096
883583
20790
829753
688309
84068
420047
955453
245197
712842
153330
774605
33296
700439
901666
345919
968329
848288
220123
312989
298466
381912
391404
819289
459479
651282
538299
325102
139341
247604
200173
396310
812027
505146
797021
97250
306950
201700
688073
787897
946987
312510
566860
112943
592470
417930
915973
397825
123663
526859
58967
409067
734292
226352
108234
491750
75201
639964
837648
669377
325612
854990
182369
945819
111309
451698
867591
645563
5082
988099
115766
186764
690737
330843
54867
280952
22447
758808
780309
93151
995998
15789
725129
444340
726346
439874
440815
758132
166132
111561
154498
898308
588192
80159
64277
991911
90953
904730
898009
649305
787381
222261
373179
897290
233251
202901
651818
665018
216608
10807
708790
656557
639737
808633
614612
810828
780682
751873
32510
433752
213109
709198
846263
725515
142383
432601
583660
909389
386228
273959
23158
49679
39642
141806
711805
838024
632259
929249
514486
344650
155949
571802
315724
283584
243556
657956
426973
501447
772823
207394
130715
266341
897479
261342
247443
739754
835611
845170
521610
915490
71057
159245
741251
625267
946767
924195
175326
388890
604119
598515
222427
177532
773721
16822
272699
296043
922915
103009
241095
655544
818868
496791
702762
499632
793582
537071
660537
20660
199273
132573
642580
654841
682916
941439
443364
255000
736086
721990
507075
538386
215459
905471
862076
57828
178986
256125
548775
235715
543611
850085
679223
4021
555430
488342
988623
716044
109486
998579
452430
184191
893917
797390
637484
430118
182385
227634
778236
75538
429364
157517
397905
82694
461289
478776
668989
540502
144418
101029
426549
605467
703727
878180
228112
726928
635632
411281
748590
85837
21580
587102
96181
214045
158778
310969
648183
696318
458364
408985
685359
896244
452844
51434
652778
102154
693423
786003
388291
24422
83846
437152
3207
744904
132163
109905
99383
341471
954072
725438
13163
280904
730379
153253
965459
369956
171014
611026
598809
462356
506314
458474
230627
155732
43396
578003
828596
489649
484408
684803
324082
14056
130522
321764
885698
320733
794619
225953
730639
35188
735008
772112
462506
827728
855471
757244
394507
332902
474691
172238
402806
145597
897438
37463
77561
808964
839742
72508
986962
821775
309064
263934
8941
874544
417697
106788
50762
886254
899804
946696
407549
349669
382221
497084
340815
608633
35324
646231
39810
812728
770422
809887
231538
948172
371837
195028
244759
82969
524511
363479
42087
732857
112484
650549
78744
534545
296416
133076
833667
186384
645801
137209
944932
54724
577635
20276
451198
834904
768119
166953
89052
556206
258402
442043
724018
751637
526378
892438
113377
515943
200427
757081
968921
599042
761039
140063
832985
362337
657500
835881
16402
884630
866662
764969
554217
693222
657958
695789
750875
200897
522851
871847
157308
203036
825741
650197
389016
402605
920873
283921
655418
348610
850021
415479
155466
823359
281741
906734
385937
891570
99542
872533
626329
551956
386456
680972
220848
349087
305497
534940
543243
379207
58756
364228
677702
640406
885305
812897
752073
647527
11897
330311
264382
562195
1828
353696
365443
729890
455063
601446
720281
226901
857550
285245
208415
240834
769877
300764
667715
516994
766836
623088
311294
47711
114933
299423
140080
477099
292563
793001
909400
511789
36481
333099
900015
776887
751955
3582
355874
550739
102861
618556
808619
55323
472775
301603
544907
220520
439929
77777
34150
788515
82089
214895
839162
388599
821806
329259
928637
570215
875168
644637
99155
1595
414046
961867
319529
747542
198203
155720
504241
151203
270533
546295
917114
580270
603188
731373
148651
151503
514604
121780
454619
160128
79471
217132
583440
341008
289698
860365
736467
496496
295802
98439
14252
26539
479235
787722
644160
766963
934413
603553
559107
612758
802035
847417
927323
674896
625737
345600
441491
111609
882273
26089
693944
25695
428410
272332
162516
834542
886022
231977
67332
781004
853591
207821
543032
510850
139557
42125
710983
767572
902270
745007
561709
999921
575691
956713
303010
543173
978554
468481
687319
351084
96653
11027
83600
638914
587263
790321
174424
532054
462
176356
610214
522429
694250
927249
521675
983298
475320
192311
887572
913979
300547
588309
184258
260855
179392
424745
531811
724691
399548
74962
163276
535084
669860
841239
69302
515310
531760
986560
68851
715659
80238
492898
240907
39496
731047
267321
495031
310257
550255
864877
817209
53613
630158
68983
345622
272620
744838
394269
92977
138236
608897
569561
334662
820987
479769
158296
945599
46823
261251
684318
200118
344913
87769
213254
231304
328945
684354
838439
515602
134482
331264
793939
32715
94254
67797
412921
362558
576660
75091
53034
372898
455045
46463
628472
324439
806687
706465
127035
748224
881521
864171
1133
253943
872365
730115
875381
113841
560571
243247
106689
911792
23082
564124
280972
788255
723265
237003
359679
443725
579060
251289
1011
786569
667442
504041
173845
739286
666523
882992
980835
529675
679439
524828
733715
535050
329378
430946
255890
139162
965611
894755
5609
479844
804860
627514
130172
308807
86444
275108
497261
202904
88207
16332
44957
134265
699719
877939
542163
470100
641844
671417
847925
79989
470023
925898
274290
883266
685684
74280
309442
388951
311238
809744
645701
357634
35084
244876
481032
904792
455729
617749
744551
31346
251817
833954
391052
876743
214407
398161
268437
718247
431788
458865
25684
645202
32859
592234
61872
581299
897447
170633
951976
63740
702989
461868
961592
93215
231390
985286
730900
275430
529493
759120
755921
423919
831367
495821
715811
449416
813624
363448
548161
930851
775177
391435
601381
90998
265551
244846
728495
440050
712704
631419
985577
425885
940615
237738
489637
558734
204407
778782
420163
840772
499675
697099
662799
197092
875884
18498
282247
44110
599324
771162
667898
190747
867215
260797
841035
482292
640297
514444
682261
777490
263426
900336
645160
368461
849014
878270
17778
510051
675866
351494
560250
713416
718793
805048
966341
693412
733148
637492
385243
142382
997816
681965
375267
802915
647168
599736
506475
722466
163947
148791
901700
91431
382257
987356
57866
90274
31776
845852
398530
893619
991435
773363
440604
182533
453921
388493
668951
426884
9307
960344
645955
640316
557647
381220
570402
950031
888162
826611
554984
26771
361371
226787
617890
109510
705874
565365
807923
462190
83463
457273
234233
478930
539278
343896
976589
870286
920424
250237
524201
2263
316846
831265
929765
535564
946342
660723
355034
995444
929016
533344
636327
939034
762298
88388
371410
696578
888552
34797
995974
114055
322607
40583
692730
623762
910504
525098
987315
884217
337250
391293
656416
704178
970968
773061
498786
75058
920514
27982
631983
338918
567943
855028
972364
829709
476879
16526
277175
394032
798583
814456
18343
467647
467102
890428
195307
848650
183580
794205
981679
158360
327379
589439
586078
294759
441629
173302
689825
432257
494821
35817
382405
17912
336657
434018
132154
740990
274717
569462
696823
947363
177731
920460
579131
170091
732182
632843
849519
125899
885231
59940
357992
208576
209022
858873
402888
833933
368450
596840
892291
524943
633363
441401
460735
247166
485404
981984
26133
778690
170855
665134
249781
14703
898001
320410
618470
375199
968924
904872
107114
945131
238819
965876
791679
658374
664680
173021
83010
2549
749513
260817
633327
100911
41810
616432
779971
736525
930156
952799
992002
498349
580658
250540
35669
216425
34276
59353
408203
523375
225332
58119
683200
511613
958398
175553
774939
277052
980821
486689
52081
153846
111288
185058
930183
160436
612772
172292
334772
528824
845315
780694
485221
576467
948930
239459
424315
496549
116032
775419
563727
453103
798882
628061
347669
335574
813891
708222
958942
526711
920137
603128
539575
31265
81363
439570
586287
97587
873806
836328
614902
485203
734951
327351
828513
221256
980635
682375
828170
792501
842089
856437
739605
331123
195305
147420
781645
954313
389111
707296
295148
817803
778887
889494
400953
665548
713372
714579
950796
596545
539604
739344
954605
839539
116827
247095
696795
221344
829504
8524
140456
951279
131044
986235
724993
175823
160590
503290
887948
430827
963740
546842
201194
757195
109525
255472
927388
970890
763801
824154
621825
926640
812089
143536
206909
982060
234019
110089
497590
701295
371894
565543
221112
52071
929076
430016
706489
68502
70165
991146
781046
83343
653560
246882
205755
39373
530293
947576
90562
520368
114139
416947
796181
974019
326909
419274
697616
895684
58082
617687
744009
987585
329354
466718
909872
288030
611321
512542
925150
842242
396256
518447
475017
641935
481449
650692
846500
330924
770148
226001
373265
250685
803657
516294
186756
894004
810025
219705
698549
763649
570998
48929
941953
360421
813547
428222
985566
102756
75225
927191
505145
339161
870096
158747
634542
251299
313702
708649
957027
34493
442151
216875
859650
516076
165529
225757
295377
857745
706538
269612
95855
317214
798776
749433
978797
785893
50877
578044
26054
733196
514198
952645
45885
678429
186990
44766
504210
975098
334475
72397
297760
788078
962421
501878
704278
86430
803774
461852
908047
212574
63219
943496
615889
263776
102173
63810
590815
113031
3188
510524
78139
187609
311009
402831
3516
548115
508334
798877
69831
447831
233549
959637
171757
324033
627074
714388
107745
491287
541101
405737
881172
919966
611192
140785
369839
627657
511641
362465
75052
62413
978052
906210
683410
288656
242417
86039
419595
948287
781765
255994
463395
408255
905184
273188
60511
586555
539010
662059
814136
387420
567002
231717
505331
823255
670189
611915
270622
866527
493279
994617
144552
727548
761250
896786
544990
851572
52728
998401
106430
518565
262374
912538
936890
404468
19063
43934
905738
510624
704169
741470
5102
59760
163129
168438
75007
954123
914950
580091
2545
888038
600164
271087
395752
452375
533952
644785
375283
296137
155435
688242
229417
579144
283333
894817
456030
753788
478343
61865
227074
949875
717996
373072
729495
547159
656573
601856
857038
907135
778296
942691
736509
453792
979804
629991
573886
408484
891284
422049
52070
852499
851901
500429
708064
19566
501398
927028
230566
80987
55683
306214
490459
822265
522302
838503
159432
847381
499483
380070
552434
383862
265397
23080
267156
287315
701562
799492
385151
999397
580177
706759
635466
717143
129059
507959
210231
253785
359117
851381
700963
111315
752864
531004
312425
306551
686931
72774
832853
394095
962118
290765
934912
805046
790259
196398
477325
20290
874803
692522
303102
997279
502123
106247
660532
671895
392401
839892
834241
408525
603678
631497
592491
623658
789330
584268
144000
740206
343583
956944
853329
933224
148467
289560
851980
896129
554213
771418
257146
522674
299579
265854
209233
88470
755350
487685
676279
751194
908795
729223
318804
872272
636926
875221
876626
109411
59597
111613
626996
764389
29974
16619
912848
253060
978134
704748
788266
53404
946623
8014
586927
907558
260869
143844
642251
438861
7302
999974
223847
954145
504724
957109
38914
364964
660384
840699
316203
591490
539716
731825
815448
875999
349676
522810
337254
313736
941730
840109
536686
167179
291382
743536
303616
501666
339014
206527
848831
897034
37359
499724
446617
775922
137872
951617
78625
433743
298616
543649
401546
632716
97196
662220
782018
455711
411478
678497
52776
746807
18764
37757
751980
127441
909948
638434
351170
974250
912754
426036
959427
570063
380934
639516
688544
947472
789541
766479
991683
887635
599354
798825
870340
53380
446200
561331
605892
686762
600775
625796
895338
721493
238216
106371
193848
786547
784903
677962
779913
398915
162108
118310
481897
69793
307326
974715
691729
59967
419717
877893
89981
272756
799386
231865
102124
805486
408093
879817
451316
269828
712242
989767
971775
148326
336202
758497
270693
702518
638153
580554
229800
22895
796569
573946
338438
262595
382603
667147
265855
168644
504613
730500
67043
802808
696140
3315
645590
523471
702799
272115
871012
708528
800077
308238
331131
380271
736197
831483
338377
273947
224120
207560
679027
518325
250429
973523
802094
427963
751777
240050
654974
993953
87800
552370
600265
650209
105157
306813
620503
878762
790785
450901
487657
358324
3980
449213
687859
538675
11885
550198
364982
171881
743239
585318
192894
777430
603419
714774
525621
600459
685876
544338
827107
553053
897459
566323
739139
888756
988663
514041
187011
381891
565992
36882
965655
13330
510945
561464
873338
49270
123512
155126
154370
163299
248427
255626
290846
255128
484840
605990
757359
869560
652088
514513
363073
192377
460874
855787
755877
698805
251800
806413
889580
602910
99384
818702
942722
707471
976449
202019
535524
221245
300376
990494
648319
166156
557398
976919
477287
535422
186647
889512
362032
182982
295970
881169
431661
410299
768688
176060
880131
773032
497371
388124
682792
486528
364260
138990
22846
151662
179553
840226
854342
487307
49665
892371
140290
826857
190654
851952
423276
183564
210974
582399
512204
271416
946725
575032
716858
819238
1818
903757
463408
370256
742580
506057
282699
823915
365025
625110
507038
901685
71988
342489
119667
719524
360489
200312
116831
263870
233557
420667
632129
403783
190127
810704
504791
494996
420084
22185
13180
865150
226364
964352
445826
217010
865367
763642
36520
400998
829475
431593
989240
965862
61166
833580
357760
755212
550594
3569
592362
784718
354897
368859
337658
113585
77502
813758
960804
294812
376966
777991
838472
915399
249289
348857
317963
540818
980025
725202
830483
499634
337246
605260
271775
372358
203523
702143
656768
482248
275584
880036
875383
318175
651429
45428
500781
176464
260032
491118
535689
598869
626892
954104
551281
456838
343990
608605
450465
304052
836748
167093
32353
264597
364613
634978
629606
627225
566375
204790
704199
3611
762585
65970
24282
819827
616197
948266
358891
600232
457897
652228
496536
898499
274619
984159
551116
629566
685687
520912
787926
733019
339782
717447
210469
652370
412620
869392
361442
1250
147278
476021
23466
73929
75583
85761
152807
941903
161766
436960
622666
861052
513069
710627
424359
664745
942343
215263
565036
419956
689407
118389
459583
465869
187610
175404
632756
180333
51561
53881
304104
289319
863789
71329
291581
968087
154278
648949
908785
29302
407482
544956
872797
225808
63231
728047
168776
435212
867813
354526
468070
222058
476035
954544
819696
28428
762556
669895
542241
676011
401613
571970
986570
13034
518967
268956
421330
170887
982723
621746
318862
27054
299639
985825
375225
781928
941011
321293
960464
404400
365448
159615
59149
25574
790006
765734
822973
896157
462560
530622
16320
957519
177007
133006
263645
415984
799
68363
822719
466079
433354
363930
806480
648569
479311
193587
259825
785672
556703
337249
808723
971929
457700
533414
116149
488555
561422
303995
346042
433091
798715
900468
249702
415965
133633
869954
785525
902269
908315
430995
265368
428195
175407
9428
641293
971676
303224
138902
117593
815989
71701
70542
475045
408715
124141
928119
726579
538558
887101
533522
876667
867844
65791
641869
453798
627161
531128
465218
168998
45652
797151
86934
985584
215637
971301
79554
914647
811803
759461
662958
732358
828594
940970
602169
378970
513737
884311
604373
413722
54754
172407
128848
632660
630242
262178
82733
81685
250824
547464
333745
684420
616827
48029
812793
943451
799291
841185
621704
44611
457530
19851
521823
107084
852100
213521
680773
949126
290648
932887
585382
120190
914971
626609
754904
983128
339490
353879
860088
702214
24493
675300
572531
95266
508340
158474
13857
840942
557785
131799
229771
356133
765052
854492
46605
363069
682477
365439
921111
357500
680380
510495
113229
437876
607341
115231
67023
462941
538504
49554
152339
716045
44940
70849
712685
464406
612227
304603
424624
577468
177457
617018
975535
608977
33254
199310
932316
450095
186867
825512
799890
960530
280889
539429
832878
178960
919453
104309
689048
926005
79767
403271
689120
688127
78890
982611
623427
309170
915438
260739
728076
244441
533449
306495
738135
568091
819452
553043
191601
762166
671129
869887
517851
345434
671955
364188
798509
193316
897774
92454
780568
808117
839125
183018
404484
554799
324746
936397
120536
879756
842296
523702
966295
459162
842788
416793
509927
103511
986690
109025
204462
695013
758628
987321
371797
181482
661709
240568
821998
76038
597156
749287
65906
175794
532036
844911
449443
996402
7408
647396
472016
80758
69476
540200
647799
590547
314950
985213
584068
332697
724411
167339
449208
880272
365463
900874
182181
192852
138220
413229
709142
121354
616963
280043
484939
721150
341417
691403
978657
37339
38560
237579
444688
450629
137079
295501
129871
553111
459956
162463
202130
226996
735277
183653
911155
8588
285046
609254
910511
969133
6324
621679
707207
68547
198352
692775
371078
124526
647944
504369
132962
909758
477343
983927
698940
169806
695732
717786
501378
878330
573809
148019
985332
325950
977114
294660
943619
329388
640197
731776
881365
348361
435177
998515
872934
159685
820750
259023
636616
297750
153700
525717
828747
693744
540144
51868
855223
806627
353569
509185
936822
288848
267009
804332
571087
850313
505607
316666
551949
641477
238921
578636
63422
604988
936334
396076
684567
54757
326785
844375
583349
93258
493826
847467
292222
123012
25239
177774
843302
379353
675584
563576
485454
713582
170408
495487
255174
504682
904823
351613
31731
574762
601477
302784
438732
275802
719848
752525
574334
960502
997358
948850
138800
312093
306918
149351
433248
716175
541273
336672
472300
319491
979094
941874
815277
191208
749547
859423
551806
97078
367536
219072
997338
231983
825725
678990
110883
725367
201019
337292
737663
133005
155160
35413
750429
726821
826132
878589
800534
40804
412217
875367
701742
783927
19943
15843
392121
214544
230925
615297
144858
880831
748916
593783
313703
866857
901749
415466
337896
996583
981387
421468
732031
659389
685635
764531
319905
370613
281872
679074
507202
819415
804411
147126
100687
155784
638327
38591
646293
996029
669458
140889
240639
746138
786376
34582
385724
78827
603122
92682
336703
204541
496732
892978
967008
998810
282611
836993
17376
808544
21405
426249
319498
233661
399267
611778
269492
573961
779017
334523
541605
657728
611519
503386
508048
584859
456304
973585
867263
273161
441911
249183
77771
797263
394033
427520
500295
417017
349741
291827
397437
322236
825600
831526
970576
455978
451574
855615
155329
618704
889443
661257
131980
473263
931863
489145
60530
570389
817071
407453
793170
670360
200328
512864
236849
908783
869775
891708
143193
180205
724724
445180
362397
913179
877181
750509
350010
444848
295351
691169
363032
509487
306631
445727
69488
707230
233438
890602
385161
996318
537995
836332
91
384684
460714
330175
816724
30067
573690
432793
872056
962571
190156
735249
747363
735762
155032
158866
852970
483877
817066
627739
588640
458940
440249
774000
34548
833567
904728
890272
666360
95561
914566
421236
970300
731864
777568
871601
664473
288621
408438
284234
163658
725734
94586
273574
916148
963445
734740
570377
539718
402717
376403
905441
302971
990025
460863
287984
666620
769673
772682
603792
958627
41
602341
519912
709595
991472
880622
855210
436707
13234
156358
741510
538417
262802
374657
753326
11699
502872
129655
351559
585584
639915
530871
383657
172365
507371
267931
319507
351660
842285
478583
367214
401071
550036
902507
793980
721178
12936
938200
259037
780439
907414
707823
821054
478482
148900
203813
63966
21125
624783
54531
896702
894094
438563
887833
574757
696763
315510
61139
963981
608168
448993
769635
117934
797312
825820
988126
825380
209823
112693
786211
820735
961944
122413
345589
89447
717202
389039
9386
262890
175117
24622
164285
215844
647747
432922
694974
499530
617641
760446
60648
711571
264596
869753
677011
872707
557305
430871
525440
140564
349325
11211
930002
393348
391115
775435
918172
339254
223572
439752
83541
769797
161968
636425
313448
834092
374770
687971
590888
106123
510586
465303
379745
312279
235348
257672
544202
593633
619006
144535
555990
907521
198471
413981
930089
153759
364883
949188
265448
722525
754299
993474
595305
950756
996113
105331
143562
169290
84353
391570
545053
59741
598675
689301
562753
969615
571788
328866
974540
922302
895476
744497
224740
458782
327475
116031
364525
216325
287893
136619
467868
763666
388269
685746
778218
859579
381141
398914
322085
188338
852435
868732
990624
226676
946711
649995
308043
833582
726305
715228
79965
301900
825727
133305
448877
454559
478452
462982
953121
66473
694004
650646
217085
960776
759436
336234
355549
336189
210975
429960
592894
541849
410571
699445
81206
300163
130987
66959
274564
371304
927861
983561
132610
680063
261698
249155
785463
519032
969070
41285
127497
203264
195989
28120
755471
684595
272126
825153
722885
942175
434708
596059
896537
977457
381583
224016
238562
767743
388018
734131
589808
971569
868717
350333
164798
854412
909922
764387
788804
804189
130245
437584
730281
928958
170652
300676
257174
633224
432998
19848
884646
573461
223128
167117
334777
747824
354754
668321
340648
536796
853264
117389
55762
459710
986285
579149
291989
980583
429442
502828
533977
190338
937948
161852
774598
184023
437548
325231
778069
68089
296232
140566
664324
910162
917134
73331
335715
813641
58760
623868
4364
254413
533547
660655
343728
330049
539801
24780
565900
304708
313351
161204
179130
897819
809881
606940
718243
947390
607721
530414
745362
252860
894567
307196
668644
223435
179738
639201
950620
426864
537669
147766
770259
481671
147429
535470
599692
405040
347542
925327
34213
542038
779412
331149
177578
637277
14495
237317
347204
845672
105913
108179
467023
59140
816265
590608
361929
790580
191586
619883
933093
672473
424669
701155
702080
849662
470370
582750
424107
179262
220742
742825
363174
767442
58766
178125
528686
203835
663122
265162
173870
713160
666557
654067
180881
742405
833329
597797
90615
314304
821127
281701
597125
292345
506292
256597
920983
815205
162311
345171
745873
688223
58062
333743
699475
762732
530201
100806
162186
740649
961622
39295
444579
909843
470555
350754
574491
466483
126595
659728
734322
15652
321967
170531
712191
467650
96942
727587
587292
202097
132727
30113
717889
414855
767571
684276
415150
195991
866968
916557
361282
799195
947023
503225
145513
106557
533815
985780
459123
449218
562083
971236
143551
920403
750142
506105
308054
981482
605807
17950
333268
342038
740951
275804
245184
786218
751159
377420
255293
257736
127279
511031
868250
617989
549089
300620
199684
279097
958580
94332
816411
889382
531509
948086
269345
662531
679639
296890
582031
660132
463131
975132
659778
164615
664779
298967
796242
322365
667424
239308
434180
710834
595715
111958
963413
132636
104176
400842
15094
685820
18295
805392
999128
482068
909469
954328
177693
350310
670559
917372
552430
292708
238870
348913
136810
756153
604342
296616
265147
662834
855088
586503
905285
299147
764536
543423
226616
367826
612256
535433
773061
537850
203363
943746
435438
297087
91135
697761
76021
433136
617273
151185
945270
992926
989892
850223
666001
383967
72508
294754
469759
343423
518541
816081
194182
217092
497
424453
853831
397149
642454
991133
198517
750887
453277
868072
741984
565979
532159
224611
387951
565590
816522
951374
729068
712198
544841
953773
161466
505838
569602
702168
445985
548695
541209
982207
536138
676308
449682
511614
590854
717552
850932
795609
456008
291510
898696
885012
118451
28252
467201
738930
807438
635724
882805
764616
13717
907472
272265
29692
645481
277594
844652
311135
149159
302
544698
682789
380373
892973
947968
502269
705785
871487
49183
743377
945924
56027
920713
79196
987435
120822
65257
250146
303063
176134
416415
252433
499314
360369
917225
571826
729762
431447
24605
35916
147731
788345
673874
30741
231724
361540
783967
334678
127651
123966
113595
265370
422636
474636
7492
104786
883084
595869
894427
627080
167117
422903
518764
216638
740042
52956
470219
336803
158762
848664
862778
581809
625961
436650
431495
451686
989778
130892
500306
79580
107465
714337
347308
785863
849348
615419
26204
392971
199514
276230
659963
702136
531188
404500
994943
183395
56096
809285
908372
579746
124100
790418
822566
302947
280815
878391
500412
402729
461899
79483
900222
746852
496367
64861
36183
726829
672977
915548
874101
859
638936
912163
284461
945476
475600
482320
534396
126100
809719
346400
165160
102659
706420
921080
280390
670518
240423
149266
935444
630260
988187
800450
288710
265411
644312
498596
718686
97759
286678
59493
381364
614678
35916
855530
392149
254787
958182
535648
480712
879588
198484
770977
456044
46618
506623
604160
47549
668094
262294
991025
826485
185306
723975
296408
304527
829131
883146
463148
970022
347377
912407
869960
240252
808848
332280
351694
971800
184198
435000
114616
30471
627753
863611
838268
120066
333116
535335
761755
658480
928206
920384
688903
11138
494256
452498
800559
437692
899665
499399
231016
932884
539192
736536
862201
571571
557468
444512
550723
58200
354211
300429
106763
701084
533430
309871
689382
595344
529085
710003
588416
199938
926844
588265
819400
546015
867017
636864
564092
203250
542569
4052
236620
395146
501511
334686
876462
582842
838160
863562
234429
494138
235374
19174
567822
613227
121566
297142
965330
779704
746608
479396
959329
619160
657563
25620
715625
292975
798906
969494
162354
98644
100199
244853
693709
614190
752242
480428
824729
896503
135487
499960
131889
841763
243769
44937
451637
427801
706550
239762
686836
943456
417257
866432
111155
605653
494334
113671
842972
911192
357142
226263
603782
53831
968991
397357
431197
171810
816398
210502
515630
838990
840508
392175
114322
210933
595803
398329
438900
326410
474707
577544
190784
256234
748285
409482
886377
755742
148475
226628
408727
316989
877425
3655
408556
665006
844325
700418
107506
477644
932847
175793
77282
563362
778844
111219
396691
851413
474789
678586
795838
515553
774471
507420
316074
120700
471679
521990
897464
441558
101732
301135
914701
967746
196064
793322
39063
600942
553420
652150
28862
81166
88360
412336
7337
518360
20404
479432
69610
694760
538605
603729
266311
290691
996327
915665
998950
218424
758723
848696
287252
446434
715214
541742
329330
809803
159479
70469
300092
113067
290410
983054
829751
821518
989965
299975
820983
750995
268566
149042
670666
529232
673735
984512
510213
624019
144071
441836
830313
460740
911070
458405
794672
853798
945293
275299
300922
985020
767368
7067
705295
750856
119313
442445
339088
916718
750130
842939
744383
686392
112791
233268
700519
706163
606725
743182
91626
312118
963131
841393
309925
520962
348132
680528
965762
88005
990069
925043
990361
684985
11497
846064
35395
828137
617559
41913
759486
472468
124716
399694
71478
544938
344331
509779
982198
446643
278398
464124
915178
712719
341975
94500
709776
271576
723815
32893
153659
241380
771738
297122
461316
149414
864494
900425
91597
833076
918222
497620
64947
799523
980111
54854
631632
367502
168070
643987
128681
294134
42755
374864
375675
910531
786927
584585
150685
868201
855933
989553
212946
167654
186000
208820
526381
41127
996969
115049
157089
817994
539979
96931
195300
150654
182318
891303
724416
161607
346651
919287
755574
454814
145002
858957
857807
537589
6550
670243
124544
738520
915770
807151
433913
181743
736427
141805
346954
318048
579249
835284
457522
183825
354146
927402
920006
913355
329693
35187
361467
688378
887904
470789
834768
480081
24263
980983
851034
571722
765666
359607
909677
185291
783153
609531
654820
689444
583038
753424
5390
965429
909527
105614
525813
280877
437543
850221
80460
574957
423985
52080
426420
206923
599144
673151
825899
255026
928109
412626
676178
789542
718117
730889
268313
410661
210742
596314
712201
325353
197855
765858
52909
323210
93937
723996
951454
665857
709614
934127
985322
143496
737853
599649
43808
572060
184774
384746
367035
230948
802736
83427
598249
34028
574581
553501
200694
89162
153822
542414
454682
537057
114528
746023
840475
208196
389523
211905
66848
978994
193739
117429
118932
504511
267861
464202
447795
675028
210768
829577
324916
225485
978597
520045
616403
365568
249124
753463
948602
943774
458364
388829
643915
710257
317655
910498
210957
631365
893456
670849
534512
59171
742674
330499
35454
37368
318542
304688
125281
172117
677848
15394
888075
754192
229791
975605
640134
864071
759047
301402
891992
903364
649189
444491
935378
674748
111702
141337
392501
277298
182588
521889
387650
646457
388182
846365
664221
265622
220987
845974
328029
334276
298035
109687
470451
864336
530802
829309
957044
347237
168882
173771
825860
197794
592748
71834
197217
333095
662322
59598
900361
774959
782892
517155
357129
289943
89389
59078
153636
734205
600753
714176
891868
792196
576117
417293
174239
761779
186995
161675
374289
870717
385785
285710
711986
968987
227301
689104
7084
670165
566335
538694
541820
403553
367219
314253
815354
555554
72617
39235
675334
469713
362051
270323
457617
631289
980018
348584
677701
292892
276918
149090
266066
431859
286512
235495
196439
885075
298533
223664
839849
754539
545041
333956
913218
818666
357797
191843
908425
595773
151712
968216
799609
118454
155845
537010
580849
996616
432446
891148
453272
605103
304845
183047
327467
69805
342955
700505
20197
401326
31743
78271
47754
735245
198908
60814
130895
278895
551383
393511
756137
215565
156196
964041
863792
700304
596940
672449
14448
753365
891437
686524
123213
375056
295950
710589
718032
201868
62909
677481
908114
311568
744072
966592
15107
379422
336532
609318
858007
82069
698205
63775
69199
914678
209098
557018
748384
523971
997676
570212
108929
853507
735827
94077
563798
149987
585357
897544
878964
290871
831292
276187
703825
560861
171283
745335
72713
474498
397677
907281
245135
828990
325577
296015
990894
197211
308838
302286
326011
136307
301559
359200
771098
241655
370436
212755
630697
642252
435357
914860
125580
748751
279163
873715
15702
283257
472948
50216
103184
836702
548698
185171
101354
249616
678834
968761
650299
922976
564556
976746
801783
145604
500803
160120
507756
368980
923603
151618
116536
267887
993682
596782
207755
785595
275213
371253
625109
198921
501248
59351
389644
151382
643121
942448
430043
274989
37737
366883
292778
24234
317264
716658
46598
882714
868260
742192
740334
377151
778902
996621
395065
56560
981825
303889
482087
782364
673991
295140
340290
687279
362634
995081
188016
1421
985412
193643
711512
384187
404932
820048
154735
166109
463494
33962
534430
968858
575149
370956
844818
308571
748255
124282
330207
420019
789821
478105
372177
256217
588478
418629
808785
88720
628647
785921
510001
694759
574377
572489
164820
33500
667990
158788
431997
288732
83009
126102
658098
852070
123186
589009
305996
502989
464771
858763
708190
644764
752027
49738
734976
931284
903044
875100
964791
976656
839594
885188
662338
632842
502578
493774
625604
876982
198900
475268
476105
674828
367127
515513
230774
505059
776968
187842
917138
987705
515094
730565
32683
341327
313006
987433
417126
656753
892526
693869
663975
429203
788199
766101
996761
707095
253620
526078
370394
585580
345393
897875
600582
284560
720282
597080
267871
869685
614530
596260
93974
152258
726061
209451
908408
617776
505226
732857
651960
110293
950864
762043
469589
205822
481651
253432
834472
654580
868035
338589
785868
588449
876066
23349
533353
583117
743968
384439
438303
848385
774389
492601
881292
834956
190874
71683
206011
46307
636996
131134
711913
381475
40318
921548
946165
217907
818209
302705
215779
794501
457971
473262
690252
151227
350042
526254
642662
864486
426619
844122
476012
845993
222644
284487
361258
177532
64049
659727
815399
681101
873967
991293
787118
177024
250251
845026
202619
159063
105734
132292
758847
985517
910616
494838
179536
572701
407725
360579
645617
355392
601408
297732
97337
734610
200211
394129
336098
924342
932360
743572
696688
574928
63583
495289
348347
455120
494733
465153
73755
462031
196661
31990
376304
251345
136646
646073
125835
234794
986096
942455
188349
848126
708099
379258
878650
74529
739175
829404
59688
555101
987250
438038
486922
412433
936745
138934
572612
361398
352407
346351
805898
62461
13955
262858
584617
176212
991056
717307
135154
574728
4150
284750
876095
662597
855513
642176
803363
372664
859267
76842
563634
764053
904067
656280
51561
772980
36065
266680
187708
881431
143292
577198
995387
260422
660802
215301
573216
615771
575500
101119
157303
106714
358420
334797
691242
620920
57235
270746
474856
113405
768059
796737
515890
805379
424654
906720
395522
379358
439578
491140
59288
311254
951633
572548
645666
101327
372233
240169
611654
399882
441932
995914
587920
849476
3101
362103
795891
900284
317000
310284
325822
728850
839396
356517
353756
635979
581353
436848
2631
459697
890920
157405
582411
575191
16491
847282
248307
240122
181289
705404
20306
128836
497894
147424
88047
639786
856613
581904
304142
251188
436363
517977
297303
439581
13778
133528
302246
55312
755174
622349
861678
709714
110495
273864
815626
263615
133788
732479
178850
324909
779960
627585
962742
830637
845804
419013
215946
498992
178305
697884
471598
773829
704752
379846
997801
551168
976984
688800
666817
577207
309978
572282
44778
302758
996757
520519
517641
550706
746233
710382
985763
929227
225482
561725
383399
646314
487411
383549
423636
918266
320644
909664
658376
412691
664650
584727
528295
523105
891466
677504
76900
684259
577177
110397
70447
951119
590235
691104
312059
766739
175510
462850
92331
422007
259634
745843
315992
474398
184271
162315
382017
549676
951555
577823
454608
107393
857263
246160
525701
493474
193404
597693
3777
977721
351031
972504
47921
178675
313223
598230
271061
981191
509639
636736
358956
451607
473412
274855
755454
192495
895956
285492
507206
397738
717649
33565
964985
178099
676017
999540
552119
223209
106051
922905
712909
644572
381640
798224
279141
415860
586668
59501
176203
142258
599904
871788
443932
818445
633749
594653
351565
223550
341590
930492
44373
482200
828546
496863
674040
170958
618789
494344
637105
848921
702387
876826
908860
852785
215008
920553
289149
469496
206367
895722
198160
227190
811060
963722
253550
576191
855608
574554
247864
679217
8297
567399
607524
837786
533035
73832
84929
716086
164320
179856
198440
604373
69599
238980
945473
365659
128915
884391
412271
298594
998259
232080
737241
981754
233945
838877
510806
292624
838018
899937
774964
946028
995553
916856
472997
599636
999968
509756
971655
198414
145460
322448
599567
383235
670043
727065
146897
149759
415861
828301
675886
615957
298428
105763
133786
154144
233122
180394
446152
735268
527237
494198
223733
266898
626578
994933
296206
40170
254515
374175
823039
375675
99446
192460
52825
172358
156860
926687
210207
300033
180057
78880
207278
279415
293967
311144
88390
867084
973282
800565
672249
265758
425624
228189
923822
314504
444687
888672
385874
331904
453754
583382
351069
489120
664058
155591
708412
908098
582293
797721
816993
795012
95957
510244
552547
90602
57727
355170
984722
353571
313390
181058
599003
364644
647757
822491
49236
727281
558446
520510
761254
654138
988681
773220
805460
608802
565267
966598
23724
301274
864442
179020
581256
601900
582715
763293
2241
867028
443937
911957
856754
994313
548763
824724
98020
675609
720376
840947
114779
120946
724609
339602
407100
796669
285299
140109
836249
700516
487255
712781
449243
823540
195776
484218
918859
709854
5601
648334
730941
274520
808520
256773
807641
686113
102651
709873
641927
532961
129581
975146
715894
644398
427037
805794
24202
172779
203212
583318
64480
280139
82969
214496
263998
309555
324538
846825
285980
931390
260633
440189
558025
194586
8521
199223
523964
832079
131171
588827
758520
41248
579137
485570
992090
396682
111638
447664
944962
361961
165993
184641
299036
691514
965164
559106
276618
884091
163453
809245
142896
664687
902520
291244
940635
139581
677174
479470
757966
859000
914215
323543
992491
121786
94152
737473
784699
486441
417280
647809
962778
414747
987165
669204
494274
815126
190822
837241
643250
661552
271324
690008
417594
358613
590418
118751
169574
235495
843494
761774
970565
356544
323227
712680
985749
562259
188692
605994
99980
919728
79087
936792
940933
465254
297148
105555
706629
40578
340505
816263
583786
32054
727339
913184
178351
520405
724155
93724
215646
899707
311147
25659
327891
161866
944147
192212
261544
713103
911484
328834
201154
64898
827703
210555
237175
327852
247579
168640
857435
833379
509338
266992
313062
687217
296511
917880
289795
426067
783815
571365
746231
824733
414553
972634
956716
635
440738
576541
643546
958034
151761
293579
5777
109380
993644
227564
489573
983315
751181
994913
625526
630941
925629
907514
641434
519941
569580
644388
310634
308018
310730
106752
21222
951281
534276
26766
37061
236982
376862
738568
215198
962176
496169
337995
79340
380954
558562
709296
603585
663549
580775
763834
466186
71251
546518
451175
470203
107286
943108
84073
793111
794519
755351
944751
148509
34715
793409
154588
539218
147168
860889
297561
463080
243389
574744
305094
97736
308071
362540
589643
780289
727695
520188
773389
276236
943209
666809
657213
374651
322056
312413
405898
405886
760933
835716
209654
415058
749887
356643
344262
477831
171356
263529
213267
607724
324973
441584
692926
709720
244687
438176
449409
65944
587758
210785
758368
832624
142596
53882
34622
696400
11135
866315
15883
491349
79937
762787
274715
977528
487489
681407
551250
228631
303567
528864
838780
471262
924148
862856
722681
450002
868727
788112
583381
40826
556412
213417
218998
229994
898760
612141
679470
527149
547808
562017
422129
831886
136398
623562
642080
981315
8901
888040
557955
264119
459740
304083
75862
16178
591094
639473
756218
85032
477763
420178
703436
480347
129887
700584
992339
673517
752216
573542
118291
881606
640141
603699
385598
334237
241201
467531
322762
235367
505135
147443
397982
148122
918568
466199
276454
68061
449176
484289
713670
427662
276566
858680
372330
704495
225722
880371
350396
721646
443225
184952
768559
696399
693227
633942
360120
119032
456910
34555
759709
635545
834403
606003
308838
785781
322198
49214
828399
480530
385724
705036
971295
715321
758101
717079
491763
899562
921008
50589
242868
367776
296558
987001
52423
436412
525598
477917
832611
913937
642504
382318
832669
823627
712837
975164
85727
997820
200651
117341
36407
229445
213191
637989
30475
744477
912867
492099
4779
62785
596455
351995
713791
669944
484539
975291
513055
239682
279755
502301
338049
204829
589827
958968
242637
398643
665594
462051
61901
866595
990699
907847
621824
883882
993437
789280
863182
346606
15333
222992
234197
468327
515522
700768
364705
121322
237222
934868
616955
891731
595668
657769
407384
919503
699236
157101
174322
461956
349348
528251
908341
406429
258329
83474
33999
810165
201571
694226
897770
358815
402238
19410
402678
756176
874788
387360
508063
117802
381776
689750
493470
567397
265822
70805
288299
803996
328719
345633
141968
361842
151528
924249
190809
391263
219449
90961
896808
981594
52923
229582
812069
66789
115411
839965
272466
542384
354803
370960
883516
650027
959840
976662
974733
820331
604174
770038
886335
749688
747623
284904
309419
961137
644586
2960
99072
670108
111344
243607
168655
4878
218634
669608
835970
724147
732679
237508
450413
135867
494994
240323
97148
608865
108663
201128
89164
307289
976518
510943
224151
394774
633040
601429
313671
300597
866063
374324
515243
607113
313314
877242
182919
72388
188021
169269
377669
282494
416127
256989
329034
260197
732581
837518
9124
733570
438460
850464
626463
276452
881260
735077
957623
94763
817967
613182
177127
334386
420985
904410
254304
362266
187250
197516
623893
843696
437790
344072
290227
975866
246558
816378
725550
947363
102032
580740
942391
820544
386129
821842
901450
339582
322402
725786
377379
847210
934952
279925
206992
381405
410061
859349
94690
9282
412677
782371
481277
154822
895211
15414
298255
985050
226249
920049
156957
436519
180278
999097
388857
25744
319898
374545
556688
459165
85774
120469
728800
356553
893278
856912
434310
328617
663856
590010
595509
330614
943614
161361
103683
42298
175422
477714
195741
956308
567908
60884
747675
81191
757885
319298
856750
231461
267516
997299
433142
219379
438290
429992
690416
667642
735286
771745
105549
935754
868164
747036
540318
482346
812738
631915
903658
889280
465533
669424
40482
83609
684626
651064
322284
941334
592456
395122
862619
350132
846299
899787
28672
828406
214100
234791
817946
488433
358931
302717
615720
859316
446319
69327
749279
983377
688180
636101
972408
624845
313675
316773
315873
110688
367927
576177
130835
900200
567867
205150
580867
979953
365786
902892
639026
920921
160246
937190
179423
917859
70426
735032
108509
6875
234579
735592
583295
829216
408441
890675
698863
78035
613899
759365
540254
896603
863032
327060
693845
786194
804922
46105
23466
899407
615901
18540
439503
59217
996254
706747
988677
608132
486766
547430
517934
767283
176086
707578
685695
609931
524660
561289
749396
32264
365219
421474
163741
770302
452345
738610
927030
699398
210537
941623
942613
207939
729609
362845
863580
550864
889839
400055
233679
103304
366452
494939
146207
832817
29914
250842
30373
720005
337354
91866
182698
303647
142838
710483
592483
161279
452509
208226
771258
244986
560108
197581
714503
625665
378242
242516
824093
932299
293708
353456
466753
677666
691983
591211
232182
897224
778565
800027
174772
957891
718494
274364
892599
552396
957991
946537
16755
306640
334152
684727
69540
454945
854888
107438
593220
341116
426859
189029
231382
350711
812955
921273
655072
932167
713252
248617
703157
200427
985145
197905
237552
930041
166421
875586
55229
634499
797276
203002
268369
881446
640736
489733
563706
747503
827007
934959
782224
730601
20393
518884
517515
30087
688255
17767
480430
341610
759063
154411
237409
727120
783580
50001
146525
681114
613394
373567
584001
170105
870712
276249
30977
156404
95494
523999
556350
895000
817622
432483
908656
43836
31711
390693
261247
635567
571292
953677
797426
945409
460491
271940
59134
604843
498385
616495
193024
612315
694906
61704
7174
135840
219167
435419
14280
13423
958432
240795
692468
192976
508369
152927
864295
895784
5874
35516
884471
336419
621653
662015
639021
734397
807780
126983
109520
672302
668539
336061
274780
240368
124465
451762
320530
222894
128628
465043
128297
201099
153170
487883
988130
506891
287572
428149
532985
273826
982661
222396
514807
54743
706640
734802
798757
984981
135431
800905
852123
828942
929856
207121
798070
728268
530138
142735
811687
669974
609501
840470
458024
604667
29375
731012
913418
101822
437059
944828
917419
900190
717181
577019
305219
190784
242672
947161
862237
256635
810008
110815
3426
423936
654275
997247
79056
125860
912921
635764
892234
443788
329917
228855
787210
599284
444108
982490
140658
382492
306563
52101
988863
527951
393213
619212
985182
788689
74201
461545
946073
82020
427898
496539
446762
491831
414952
211866
208176
29356
566867
935029
770687
247236
744888
155658
569682
221546
544157
725730
26780
736408
923190
313895
197883
657706
636522
104514
966990
211581
223151
101077
435165
542467
781201
94610
6007
543975
404498
374774
381017
917975
170092
160102
747722
489586
999602
62116
220868
907984
834581
995822
179212
483560
621185
531379
995427
638754
119015
568242
971029
2362
512342
368434
747566
215949
268163
617176
337228
755652
933735
682408
306704
844122
788487
395227
384942
600715
61263
364696
405924
280731
333784
972434
174152
929216
8649
271743
80313
641901
881113
271729
787960
443131
510386
272210
712143
428662
39025
803456
876335
29122
563466
773699
17368
349737
501257
164519
197809
692866
141427
3643
844279
624062
629259
310500
972818
294354
987248
187230
755203
212988
761315
769297
723386
882101
30439
742220
457477
911794
102785
676128
741154
615894
767711
102619
336885
252535
37269
45984
189397
213643
895938
993504
914560
284207
601617
754295
457391
978131
174300
873189
296389
534534
642090
328359
434145
955354
819609
106993
429906
761908
718423
17419
689514
647602
131850
262789
587179
625721
516880
427800
555486
266649
399008
979099
775939
563807
787663
234591
632227
181624
763375
130855
144641
719037
123090
166471
61551
314464
769516
741976
922812
257456
230678
937556
195275
513548
827503
947477
117311
614882
106461
436133
648722
152291
764081
793473
420677
474245
157033
151087
977458
765492
918095
56569
979069
973910
76094
345285
338025
896121
30084
328978
636934
593372
673955
826449
351432
794007
811634
927069
488372
95527
876513
488857
81395
379994
735066
341413
79561
662483
11522
72509
500575
436219
957278
764654
161084
732677
307155
514164
310802
115867
382854
122805
882741
791914
788066
783252
538343
654663
465911
47476
964814
487932
121535
955401
669062
416947
342589
328348
722067
646718
552703
269147
776879
329793
204098
838618
610434
559677
871540
892458
653488
734649
99284
90772
781132
727823
318453
559987
402666
567888
574754
893163
308753
478037
203612
573321
381967
588131
981567
504121
360359
128442
350211
532254
433190
342202
561181
285202
887828
151859
495877
68730
111045
35015
222099
830468
73487
198910
342723
401280
85078
527846
998359
856664
102722
444709
504924
421934
817170
483933
586500
399312
833546
646010
412914
374938
5960
791963
749717
962025
389493
146778
365675
5943
467222
604730
135399
876760
380994
660012
234478
332752
791406
305022
331579
356366
669732
727649
871266
521865
580371
166229
228081
609142
944831
951795
29938
36259
628185
411222
339917
377267
199273
798759
340170
379959
645415
658948
41461
950565
236842
486029
653466
992695
481720
965642
225072
591586
841915
699772
615442
704241
90325
849343
905640
890046
791498
501912
894436
317773
221532
152545
281960
897541
438196
206542
532549
123980
430076
257243
987935
15102
371466
381972
787500
297929
66358
495936
725019
347815
875532
363
626129
974969
456477
314063
81038
549117
153456
833054
284654
805036
582678
324271
940876
974963
435099
343682
415617
306315
190744
706354
958346
626743
966886
936566
38920
202010
138157
273043
726048
790194
247258
219874
389443
632309
328239
894649
990152
417286
172724
19193
273012
372500
294987
992500
50140
684304
845665
960568
711073
763144
775680
694269
709211
805925
484226
610279
995537
320317
727969
58999
991779
954326
982377
778196
181387
977656
974094
682546
277560
278894
156890
466333
378010
975257
148863
293412
972988
279344
461706
616228
869642
966487
538936
740848
252212
169947
525731
30426
297067
33032
178133
259617
190473
610855
60478
91063
238413
714200
724800
172269
310723
368647
157158
303485
113346
436750
387445
979507
274895
124711
165083
320122
818464
228940
759044
896127
821370
422318
884428
753412
851451
553102
261262
935363
596404
892794
189531
544380
549806
938791
515591
836573
301006
161448
604957
660750
725139
876169
362866
327126
276731
646922
990103
369133
684870
110907
903720
624350
197842
751153
915713
654168
430309
21154
293073
429971
871753
714850
173830
305754
497362
370747
628968
496632
169595
425826
239490
510915
179183
164508
181370
343296
500835
13741
232450
343601
434592
131896
802535
66498
487006
133176
776455
429900
516172
885529
261600
685635
801645
20916
199363
264067
862172
559398
249062
105138
703920
504844
191961
881809
787258
438556
111825
817509
744939
479907
862816
782204
35411
749719
534790
972190
155076
317848
920609
214674
208725
956424
401407
823113
724162
823555
745748
486123
31537
459389
634823
971581
942607
827895
164519
664876
247001
872478
48507
640121
303735
461184
823542
466816
757250
676459
258057
330214
616103
11428
880595
242910
768355
196097
78516
826648
11630
71652
833855
703240
23924
952020
104781
720590
883646
133625
27502
696391
222704
245684
737275
547440
981803
758425
728071
451634
259346
782474
817332
930062
529450
479537
952353
689125
218715
248601
211521
526501
116051
761001
899975
380300
393930
668927
156989
855962
872032
538213
766132
147479
823330
415475
572374
969918
770539
411841
345303
153221
330215
17030
811210
556682
229427
964114
133456
7515
586592
91108
846827
137250
149463
422121
587440
200299
759062
827218
851483
926932
794264
700304
459965
474192
170515
102319
58512
535959
734683
254348
68523
701166
604004
400628
275152
370958
185509
649691
834083
447796
200791
424758
139254
159109
642908
367349
132095
294875
820989
334240
393323
849200
566796
347661
160843
741797
765672
900027
974381
482608
46495
742287
685574
898721
289390
386792
468939
315855
790947
149729
4574
201699
275491
899682
872293
285952
258568
184355
599799
759502
975906
452863
429104
377250
849567
482225
705508
607243
143301
409261
652400
303612
843995
805341
35500
313233
260392
942710
313916
381248
632915
254839
421382
529501
774633
785214
612670
192713
196862
217863
783196
398328
968426
121921
576751
182366
537140
332431
943051
963254
159885
752536
378142
337071
106035
6539
580897
623731
963510
515698
254570
57940
443864
201074
971358
66262
240653
670493
790083
845843
556705
617908
434163
982607
69177
484348
152428
532889
991281
16635
413381
502234
19941
474191
553147
975997
965899
721452
284970
549243
981118
71344
449751
166721
214294
101989
61738
238913
2354
544850
313145
660434
939799
343614
671871
411717
746866
488706
614379
645573
18425
568266
22293
745578
166576
174696
912011
498330
459976
274644
371594
452508
731297
115588
322824
745787
437680
449828
995758
248595
536444
424947
757668
213115
877251
446074
210180
551310
576633
698409
302000
737304
784816
57615
36735
509146
229331
111669
921106
774586
714956
899096
553605
655243
372998
853890
892417
411316
460
296836
539375
163839
986192
361682
123847
252544
147400
626875
760646
555808
381235
690691
211966
2629
149498
977246
593031
514016
287473
18891
813331
889298
184572
652875
496928
330683
363982
105406
527494
776417
171469
440280
388208
611706
735634
895748
453223
847447
399628
624789
738506
802605
222980
630565
684058
422464
680251
469324
139762
688109
419503
761215
902611
378453
677692
871362
236573
656738
675040
681291
999387
859575
785495
902069
309237
63416
108197
638237
178056
766835
473138
845405
144275
114409
792015
16291
189448
145789
54679
202093
295491
227576
371888
952739
305494
478839
468657
380496
508354
30066
206046
740030
827331
904297
977230
313966
378947
717932
735341
521905
395886
481415
348766
367974
846437
953033
318328
501713
897868
440880
13426
506516
575742
447155
30361
731020
589664
640556
780733
278282
770835
540767
374636
155948
84483
384491
691094
81048
601884
45452
369744
824660
614877
946250
534132
293317
392580
123329
76325
471874
379945
833998
345712
743829
796455
161363
592205
76302
345909
724392
802758
542723
888274
57054
808623
93671
948383
871985
708755
614277
305542
798025
499311
896410
718680
37293
81815
658253
287029
30341
994871
630092
121124
915722
361589
416900
503299
599948
541105
155964
105240
756703
46190
109903
889349
923363
243722
236036
613786
926255
387113
79692
432005
294554
405744
10967
754916
671077
818861
18131
313275
61064
630996
338306
203457
138519
429221
94262
306389
141585
773929
893868
277582
787398
268058
942019
772400
431970
721250
995927
597114
591577
946684
929278
991452
591153
474871
601183
328709
127335
398617
497770
806555
257791
445280
66999
184516
961835
900772
430783
240865
745367
915608
499505
304795
723663
250671
918386
713493
875342
664091
799796
305153
236516
52208
981170
994190
991299
500583
939269
146879
571110
662015
830630
3927
410397
793727
16641
758641
857594
750486
550066
902060
135122
80290
123934
417027
332208
81807
618288
993978
273884
448856
257007
479028
582595
812841
987193
544546
924995
658789
847519
323798
745109
402947
160732
762741
760344
868499
815986
66251
728630
470559
654307
188281
583413
591660
639049
152457
700892
389792
802898
912610
298879
372669
113436
33239
558954
689035
527721
413273
684070
507669
821503
550477
443306
861321
636575
938360
90914
257027
457311
752791
220244
293667
250598
269132
193653
149530
929156
382258
934279
13636
945644
580689
354477
50736
829263
639149
313485
786299
426581
641017
912032
272409
85562
927209
507609
652917
800515
548517
141743
449969
243100
741145
830217
607878
317264
324969
520261
86415
789540
131650
726821
111713
461648
956492
207703
659474
653595
703547
148064
441179
682578
365573
597220
992728
675236
208494
671188
361516
770141
244095
213364
257
133181
237333
559112
632813
53941
766613
334106
972272
984509
422525
653611
254554
279957
24342
490100
741257
774230
222469
963095
423056
215411
967617
787815
20276
386578
195168
539345
182288
313217
370314
579685
81944
907094
933326
228229
484410
924520
873363
209640
341920
748899
428518
920523
923474
853196
467699
649270
272953
833426
382927
240615
199230
579149
571058
195677
895185
334166
22466
286210
645702
100162
981514
286709
379993
275963
861385
854196
272018
931005
911271
224611
737924
965418
553539
250171
58735
510027
584999
772050
296069
198692
654365
471298
430282
777523
247387
234617
56148
761540
660697
972637
425394
784692
413636
46618
85545
875008
158090
305673
682202
696585
637014
997822
490623
498022
986262
358062
366356
924902
797623
308539
359762
501473
497202
734494
45078
857465
189120
718576
478689
9394
664681
194389
677496
39979
744890
197957
385644
140153
800021
983992
242036
616095
249314
806766
101046
390443
47268
884696
354341
316143
269798
733158
427331
447195
142868
42286
480648
440948
38181
125046
16155
834291
332022
737054
12989
612284
428595
630381
640197
196089
765486
73334
291141
495571
307730
657766
40844
867917
528496
15981
996741
695933
636984
688327
693693
925927
605381
451046
116162
969655
601615
518398
767014
172571
946628
77612
550563
977275
167024
259140
438936
399510
782360
109174
313074
677434
549927
239771
155110
785823
890752
141346
676186
979425
878898
352594
866339
328985
535497
486075
675561
469719
885761
489405
177575
934653
12822
572596
438991
79227
120951
111295
796555
540962
822104
501803
975453
589351
127271
543233
351399
267063
388118
487593
786951
113073
850071
454906
291866
166149
888166
653855
955106
643751
936000
820071
138306
244527
123761
714920
623526
25744
745739
347217
358655
734578
827058
763659
398636
425903
902421
231820
473396
302695
50423
19384
485680
480321
791531
964275
29638
19646
563358
947272
584975
254011
962254
550191
750170
513411
140569
208126
49098
381710
479472
926511
713178
384667
700266
404298
845697
704869
936309
646511
9841
90373
174375
602882
331577
908259
696242
909235
418186
667930
729398
889384
984982
963688
721009
383690
600916
220238
169298
691049
525792
614986
606699
176525
65472
905583
914116
849306
895682
309150
717003
758750
889985
721571
90985
664955
361670
435310
622961
938092
392522
29868
86962
504757
870682
18369
412012
463979
325843
395492
815903
632733
547469
396056
425150
70686
764116
904003
865155
92272
234385
115884
545244
494351
147016
286486
925315
402967
88251
712563
118571
459922
457707
925895
880982
378402
568062
673051
635268
940040
129468
230105
206341
8590
419827
114827
620784
344023
575931
696235
527596
468801
379348
13094
531051
686324
217067
713266
730615
588234
62204
551688
915876
460955
831569
947008
434981
642275
715112
302729
280955
999634
911794
551233
350088
983281
178104
898551
396738
318508
680920
418746
205827
483712
891566
954462
8636
882114
524430
443147
516682
18185
744045
688257
609057
999801
210975
369644
818853
82093
902778
898783
806679
595136
617114
841328
72556
22008
330559
134321
876026
663696
612624
663046
101963
309345
717634
48808
784404
714348
800468
68853
234368
751494
973554
757041
22821
894432
805369
531229
973656
73586
121050
928818
120604
152836
89304
91386
101621
557593
489707
139852
741787
769080
852999
481762
982410
984216
920502
524184
385014
125991
590626
129027
556188
384375
230767
351916
690036
22598
928453
251624
133378
286248
209835
196757
466380
72979
567886
295603
10470
307975
182178
306140
569513
51736
823648
304609
757570
119257
24301
759363
851110
708071
44187
865931
711203
880911
979208
879495
441298
781277
889828
264289
703721
536642
565905
772061
44781
566113
821411
198446
281860
443830
775238
322998
527656
908387
629695
192857
513400
369817
264139
353468
171369
957215
859427
720928
50585
411842
382241
464661
168388
774041
379388
242396
241615
540020
854639
148125
408194
861921
758073
683137
908563
308506
320317
974573
188445
635470
101897
618140
521520
866186
999027
34072
40193
449540
609632
309589
216514
878212
552606
133482
568845
559344
249777
703853
538938
811506
75947
404393
755343
787080
386228
961598
500759
373607
94954
919638
223435
444557
558689
932607
799277
958946
415307
250602
223028
65162
126387
520127
492706
410762
626020
629787
260657
659412
209830
609383
872363
367472
406056
564950
417113
650185
121337
889467
380563
459474
257968
656324
692919
380371
95404
526935
870389
471892
73078
57159
500038
678116
263747
673203
823676
972422
917013
927355
714549
179129
948800
290464
710249
740003
655114
575287
308003
12057
377388
49866
797965
995085
457781
373515
736419
497685
815438
967094
467978
655316
95960
164290
577145
766087
719665
288707
401173
1966
447894
892127
621787
587413
687907
586666
618359
13565
886197
795681
470577
279468
184624
478592
133895
157326
70300
470336
438805
875399
719402
596977
594801
679574
138453
345583
346515
100007
852772
430276
17457
226165
461835
672730
112297
173977
613617
410971
204376
534516
101069
727207
749064
151542
960938
739825
544838
16968
553481
642167
384912
275036
117989
407196
173037
410766
258257
431459
114391
738999
909246
140426
51156
865935
341785
659265
277475
668604
803665
779205
679505
413883
636406
287070
908779
922282
309565
479729
339853
47663
849696
889474
102361
250889
506594
337034
633028
112241
337264
723185
309194
203308
277731
904361
474690
43696
62562
817575
706827
503088
2085
980029
7910
604870
659476
702104
819294
668476
552205
428692
635618
223416
773957
740343
611123
969985
94470
71505
346296
526322
989270
928686
26159
952570
317880
335221
755902
264588
983372
460960
296615
268394
337937
725400
124186
617034
825227
566060
377765
228322
255744
914158
776583
315541
227932
879466
861282
803833
795636
108036
226446
332804
532711
583981
183050
493012
889888
208129
166797
869976
238905
397377
425147
814494
958458
794408
255027
27193
581887
416939
234373
549070
396279
789394
98561
392572
138185
990830
244842
728101
841617
252854
174346
405917
835655
996418
832543
724591
235648
911907
953779
146566
405455
644893
47241
996351
638596
141250
407027
627016
539860
92588
806977
858101
163929
356502
392019
134111
285616
425111
28432
10425
339584
583229
494959
676977
422042
124482
732851
564222
560892
86061
980403
473228
798320
875464
671703
611650
206866
241850
246111
563564
70894
926464
130589
817482
404935
123596
192451
569652
22645
244282
474519
738856
517734
741291
256579
50226
352068
946688
558664
808950
223671
224501
682579
476253
527874
459671
643496
501018
496648
192035
855675
469336
552305
434237
545117
305730
475624
785162
286803
794862
685372
443754
589187
507623
785254
595605
785224
538837
233002
897873
821284
595339
885462
562637
528981
418541
219623
337886
374336
774588
564747
44371
304586
68928
96194
258806
668870
248465
544350
807650
661448
178241
409833
519036
852760
492585
192101
397839
323459
3151
716718
180104
945419
229617
137788
316746
342974
433713
976581
394287
361636
201052
115263
961949
995794
840600
152643
958976
628571
658026
109069
336361
953638
898082
806752
471555
962523
814820
507142
209069
20599
494611
545909
722745
87872
163099
575117
174017
482578
26843
489278
173664
737623
370222
961799
159892
537365
638101
16153
285486
673249
656578
479258
740275
508017
551555
876869
348307
525583
130377
212462
402947
538282
234645
54307
402681
14791
691198
990447
749316
496404
34593
904440
584709
926941
821861
760392
49358
230615
916457
689704
686229
110042
224525
87912
896404
969324
610458
784764
900545
829240
89935
795905
824037
372958
297353
248285
44507
367972
961229
304579
776296
186698
204789
324950
495153
481594
13430
911589
234653
531614
270858
684757
298824
493068
350654
88028
693856
702173
850970
520425
710880
463387
926504
763554
88423
539032
796323
793413
582772
924315
540286
265264
683456
952118
719053
101179
378808
89779
868564
537027
712854
391405
710315
146178
205083
101498
38410
491738
146603
590406
760887
255793
955781
183931
592905
499509
572189
739996
775255
680512
69591
113521
390018
880023
486306
217501
531100
204557
592815
984075
968244
788677
861133
791623
760768
396756
107427
383273
197541
914053
438537
49067
339109
203510
669187
981084
896485
943711
960410
481966
831642
214899
844313
757865
983248
520735
966369
143362
549975
974255
968425
752454
453514
167184
241046
256945
172157
904752
881651
942747
744706
891969
864653
703378
323544
137949
576110
905027
150897
986244
582132
740625
84511
717824
417741
972104
82202
376362
813456
291563
959088
331653
515643
581353
603593
591111
641477
661038
618454
605624
937184
173846
752982
938996
835341
123709
491141
836682
976411
161842
472289
196039
724093
407050
136857
67469
714631
220048
854805
930268
473029
603418
609116
949683
277880
770743
994726
122447
840430
329476
321791
65042
970045
339038
293973
11519
227739
547697
673758
765986
198557
483183
945384
429581
730442
966813
316734
304956
932636
563975
619892
14618
375058
464788
63056
439005
365876
99508
399829
893964
768997
83317
284013
192288
137758
810165
198002
292360
251149
43890
9689
268551
554505
668094
983035
61433
630256
376206
363970
890611
243167
168817
479532
144071
449741
18205
2559
776486
239748
757156
301578
111073
812413
514246
24083
566024
12504
853217
121378
386163
855733
956868
361961
799007
413618
914913
170126
127471
551041
139040
10007
214548
625060
835664
384049
557384
671880
431160
482653
12148
621243
896908
597240
870002
415180
716731
210341
473964
956222
346021
80792
766563
393640
532266
325122
792460
261356
423454
39316
286165
660050
162329
323506
339269
23808
953578
764023
87361
597784
993195
933278
571242
523310
238767
982355
468708
84900
251736
413079
597618
790309
817862
614922
282365
921530
921386
660440
97204
909708
172792
76419
979980
277111
198075
563528
741865
258054
898946
562289
993429
610705
365368
41910
318444
106096
6545
911697
566811
954907
502049
817373
665661
985376
225799
576682
751972
919039
431110
705119
425977
659685
616499
657612
447547
195139
194762
412940
830371
55435
787740
316563
531368
642439
364196
481114
380702
35798
653239
820836
387322
745603
906329
958123
530352
465731
85612
3628
165885
419723
506243
562764
985857
1100
808212
438310
66756
557708
653196
974130
368537
999202
838845
125715
93215
87118
479730
320956
437860
186290
116580
990400
636581
62577
970309
898998
630833
97443
953913
37253
526508
590642
604324
529490
61294
526036
706270
484547
319691
944293
924739
726702
27566
506080
894056
183011
731486
707514
607976
933522
66275
876315
764828
474715
564097
282745
640361
531697
199587
693011
134066
567593
779667
920647
672046
588709
292134
216081
745173
241559
382837
110689
964853
927348
199109
780312
745377
709367
384392
151774
255816
549583
935741
384034
872739
836647
806002
842671
552328
286415
117418
732328
733276
861324
899801
144736
128614
239673
970188
394200
651518
212183
110181
322646
61732
742777
745924
798942
488172
871813
223746
593488
574743
823719
26711
95261
885886
979544
172187
794791
577320
864518
897129
600245
557946
333409
419680
260752
417998
460098
383619
632124
43100
472439
674304
861014
85652
373871
752142
175175
714318
781823
932783
916770
514265
953487
217173
347296
84336
105508
896929
569589
726411
996874
766662
56782
811153
400349
310028
60138
486378
289972
278001
838738
141683
478699
182122
185526
131659
43724
276615
667430
247562
733593
557620
959274
26130
937849
889819
906430
100093
836157
251431
103789
901366
224397
462692
158536
497571
509683
787330
456707
410240
778372
946937
238573
981511
613926
915910
237387
166603
846083
203987
533775
653477
751113
641460
431034
68101
356954
974286
239179
833898
623255
619858
592738
487916
155204
574631
478134
375798
571224
758950
362160
466002
387940
243134
629410
84317
58205
548984
884135
69529
941320
968022
15703
520545
760705
63252
309479
142199
225767
427920
253660
709433
674663
486341
190570
762355
194916
631795
323949
872846
342528
425371
588547
317605
860490
800806
399172
113720
496452
888549
19679
807225
743631
470771
118226
90692
490613
224503
877573
50732
369043
700678
965508
359600
555681
754661
818199
238797
884384
708268
61632
193197
438111
519750
552209
129277
89321
342036
403687
577884
986894
789425
290247
905007
357644
808592
133779
569745
708635
260674
368936
317608
978
540437
633943
650195
567353
240534
951807
182591
161516
770934
213892
455449
940072
442954
586414
247198
191029
932844
603744
544270
732144
915071
24562
470910
973556
194000
429742
656525
55973
215193
157988
696622
179032
978655
756970
521188
669346
202235
871988
613453
550652
610613
367756
245525
665168
362955
604525
486219
911074
421330
563010
722768
560094
800308
175478
162284
158842
749783
398007
588346
670087
270751
975309
926788
527834
460233
536721
296233
598033
658296
507851
638267
668484
450957
539948
459109
353418
562543
822820
305609
65317
472682
639841
240808
758347
663219
112998
607675
944977
498954
668163
150430
18230
812408
864246
509228
902666
702776
720286
842470
659962
907058
323544
528332
297784
140450
964217
44302
291147
653271
801126
138908
217200
557336
621714
721434
134828
35105
846997
836527
876143
579787
678950
554557
454566
129737
580981
861931
610462
347214
492455
35037
236880
506252
668911
257093
326733
22168
493382
869971
561223
201258
92166
710920
652537
117760
53545
86056
948276
205025
584985
164174
434696
820223
284403
830681
987979
499830
121373
816196
799305
625265
613120
719060
286280
232427
623524
265962
34038
452051
135911
592440
440305
153801
790490
828944
910067
302854
394168
45720
450456
416984
817668
470170
748750
988298
300030
571448
355224
843938
371137
556349
823678
400003
188348
878222
233365
402291
952011
174271
879911
929527
854385
196930
357886
226907
10228
259258
27858
750158
62933
931501
10828
463465
59691
62744
356406
369232
632731
673309
624898
215921
268342
581016
261876
288682
653423
333519
342188
592135
552759
782727
839060
843945
171447
471923
904226
446466
811498
175944
123466
419324
118228
729772
173060
868089
281698
420236
637621
600309
252639
495949
302973
995144
121937
780634
876444
125960
389550
746716
314689
431756
370750
406536
755889
447819
233870
125585
79952
781154
702798
564159
944655
120564
891528
874840
810355
111788
513917
969594
884478
668894
846814
469258
420092
780363
475300
765447
292203
411267
585228
474104
114184
534821
901875
567428
627250
864130
200457
449568
496445
994400
461237
97634
786582
414490
351493
795509
343438
964452
461200
676453
424645
397165
798507
20506
956916
53469
544068
826082
617302
194686
214942
823079
755124
183607
645033
15360
5516
836786
957245
10402
268829
359135
496051
264951
59410
821394
292768
604551
959240
729288
453103
417555
481342
893767
233818
727041
480152
158691
715333
464753
265488
979676
197111
740781
546233
633829
211125
174527
780145
449728
803709
920989
957859
271492
628060
773824
960758
401921
836588
320083
343190
690746
823662
903110
602845
524880
41088
527553
18525
724608
300987
206198
139661
966211
800171
192975
267213
108436
765355
239175
595927
752718
400861
721429
655364
243635
379716
622402
511160
581769
174334
419163
993964
442462
691617
930563
246742
15725
892272
642528
600375
245017
574457
913845
631105
408854
646159
654864
20834
895143
642784
824538
617009
774017
624946
709132
602228
632015
615678
226561
112588
896847
688297
570470
535485
935130
653979
900877
450078
358912
720702
363937
63897
4497
676053
483828
529056
635385
413366
292148
411053
263747
428006
849341
509363
759870
781135
460040
498982
424637
341152
919872
404580
15159
380801
248245
644095
888015
781938
888234
686952
951343
782591
710728
659833
933901
448866
397046
484318
442000
750965
90496
716641
872715
44562
744500
703633
611559
690121
282764
832591
149280
687229
673093
290613
64678
667
878158
907555
404067
144568
70364
361063
54300
44102
600730
697864
719345
881651
714494
193904
985534
794591
871479
776371
446500
373879
573250
360064
902114
651059
831132
379491
840732
668456
735378
131252
787006
92490
511604
750176
497722
85826
326760
354897
482093
217576
888346
83581
514079
678494
512401
943496
986857
992008
609757
98647
203761
982059
928429
162866
508817
244705
264125
659413
743446
29302
782444
656596
127844
259619
450155
518696
342647
94756
517649
795610
515780
221432
435020
29962
485630
886389
113459
936348
176564
980677
734838
2816
712919
114561
708471
267613
956186
980200
400689
761690
426034
510012
699030
561865
973373
349945
398456
856303
817727
330867
94365
844852
143559
609355
12789
463204
547568
518797
855975
496351
306563
677289
701383
632099
662138
125772
252325
659828
309343
912859
971007
442470
245651
554188
770198
305927
388843
724576
567261
917291
322037
259073
743310
836116
75288
553972
691544
668478
861145
498746
142771
443077
469370
33673
929619
318324
154749
947554
771322
601195
326918
425743
993448
594412
642462
435771
506926
519444
645549
403041
804430
18878
37922
426729
174383
371101
734407
706553
695437
554270
401680
511641
118979
81405
586424
275934
465447
820996
509013
590908
454262
615282
178455
600818
118113
816694
23965
913251
122478
960666
99251
620549
330637
636221
919276
555186
328568
654841
261977
97116
421893
79523
968803
501918
679755
108592
993034
677357
784879
324404
907834
885549
725578
493254
572551
541344
67896
817536
738630
355001
793536
889059
771591
894671
585115
859735
852210
844269
37219
130895
189629
54406
926297
567499
681799
509893
396627
857847
394452
260803
402432
364337
173094
59986
774745
538024
867828
63542
232038
302048
209033
902771
406250
982609
589692
502402
274733
765871
810952
982877
378084
349381
765191
393274
485694
524859
362768
473044
90957
239798
894953
822436
29648
654942
623019
140015
487193
194363
11441
639353
438303
902137
221180
760151
431970
232330
637351
911522
255415
651306
614465
436679
410671
356478
980940
249596
398824
658518
319185
26765
449967
884817
188574
771796
810512
589600
650718
875015
965693
483299
372627
423979
875671
261551
754034
133479
855579
59825
898650
933875
34988
164076
51827
997743
2809
298782
285216
934288
467402
109952
775712
555317
736429
246637
982726
151704
847031
143386
39443
268256
636537
552067
837421
70355
108673
550119
304318
735912
446217
777001
826284
407098
949697
282008
982896
51097
132084
772552
655765
496507
688089
168479
654799
584464
666873
271852
953910
933619
883831
362929
352989
433404
87041
94593
325331
411122
42514
197060
947382
249374
485665
802712
574510
212026
566889
912978
810189
71113
18454
398050
318785
508928
766153
558164
578740
166434
781896
795379
951553
905129
606213
94280
855634
748000
605129
613248
502490
233614
162557
134251
6764
839052
408789
286945
220343
949368
55706
989631
827934
802114
215378
171471
182520
915043
741709
7494
416737
573870
435919
599910
446523
956799
744405
396292
376389
398543
999302
714660
145685
216682
240951
291264
8885
207543
418011
524648
133016
599222
653126
218627
942328
217865
466716
558323
112781
229353
921306
556183
406251
18809
344448
332138
966137
418999
111386
963080
670089
222543
186090
115985
506649
313354
703156
534950
828197
636131
9830
678992
298983
578234
65313
226241
465197
67170
103912
397106
857620
250517
438436
628395
368422
164295
685393
337697
453710
536471
28681
977273
533492
491234
57899
717931
941689
197234
592424
860802
52048
631124
991722
425087
729783
394056
62432
391197
984529
296465
627178
93488
297570
611051
668446
744999
14118
46556
757877
32752
581902
476515
751126
390586
123864
342093
536572
355542
992522
932711
612422
512503
503306
491918
894747
706904
956253
762850
394295
557501
955578
640281
343319
428561
828682
938095
305085
583982
860415
18747
293216
677948
892494
187485
697844
20720
999882
799188
972753
681142
765151
930924
284163
935017
48103
33172
327469
643583
540204
676942
997594
16258
434235
794367
802018
272057
103841
687206
62517
647205
623237
490794
192583
41831
537121
45643
165848
271807
175710
926971
665566
208687
243596
227654
697426
139518
77691
228716
340052
901784
639737
99023
523964
302098
981928
534663
576190
73164
390522
652627
816953
791664
834892
559979
949532
211926
262684
515825
882549
991306
603049
441093
309848
424869
319910
628727
343784
320087
660954
944151
180613
701063
141079
959337
28818
709521
65620
869877
520673
961966
803177
281402
308350
850738
486823
633859
113685
66350
965010
986001
106305
597621
731773
616183
596401
159740
987968
111941
125881
431323
469143
722012
414579
416112
844058
426593
595472
721954
374612
976397
858623
792003
152067
533152
20087
701711
701036
394869
759397
23889
552600
746481
951405
246053
596654
36181
543583
442328
959214
31091
833848
50411
371272
459390
730642
713911
697751
801978
701801
95338
468925
879378
615434
342511
634011
478280
560218
776108
41197
175495
642752
938277
378625
528532
293808
232766
433618
223395
145429
164829
671109
125574
379738
134702
769023
817984
848086
771392
57057
334072
293266
919821
377185
301705
527543
265559
655942
539958
893657
16301
434176
256891
330842
140109
433953
187646
515772
149667
789372
593764
816519
199088
103064
979265
950035
129158
569617
493927
725171
609775
538508
656863
761982
754221
75157
226422
684283
905437
16727
89006
625000
536565
633143
61718
372199
917292
141133
626100
635014
15673
160575
160030
408105
387059
501436
23336
948886
452951
512658
638263
417949
444008
413357
501492
632162
254961
815661
241501
742729
764838
738146
453621
263100
468777
774759
270428
184796
816104
425752
82169
403585
256995
126385
273683
249904
852747
493764
119167
892120
270534
487767
169908
527561
148879
83544
227322
53490
943163
469949
565377
842901
359638
705084
863758
405449
479852
994276
766352
854379
544291
774295
338513
791267
245573
75940
16712
181390
802588
464901
266955
961165
223606
304306
788321
625001
838345
996831
946869
131681
433519
106009
174951
30547
138706
922169
908477
486083
251811
134722
635063
101322
727491
798301
297216
856925
621125
945582
566720
27001
712715
420498
730895
703976
898508
484599
329603
970035
365304
259289
633578
936165
284978
643733
425043
478391
923132
743147
280775
894237
371953
677525
345365
223212
685931
588798
859531
102502
589572
322081
760897
708004
259386
628735
904527
199646
803564
829372
855006
305690
647169
203287
659932
410351
764136
714308
541385
149557
861433
36840
166191
107468
734715
472881
599022
238661
613503
60687
368501
665904
684969
849938
731469
281923
316174
684001
76303
468131
49145
751956
566518
110418
813768
103791
449231
475382
328564
80124
186829
292162
420526
907588
853497
842691
804
306025
362118
941449
646306
250915
127362
963824
827926
357525
92841
938762
243372
381515
869908
441770
504984
188499
905807
115152
115634
752053
525000
520108
990138
389711
384738
343377
761853
352274
923753
705335
953553
426771
917984
221292
111546
24847
578935
206169
945647
287294
749273
571949
596982
530258
133857
887592
725612
342348
611052
990598
269089
890171
125001
568198
398304
264275
482893
730069
349516
922790
824964
562076
814437
751425
297986
647779
920618
220070
142551
942176
437529
877537
319648
920544
678994
544137
54906
734801
803993
102549
277266
783082
529018
855896
278296
315127
737927
399130
56338
497156
878141
939541
377933
836837
135685
995273
603054
549857
691606
100284
130214
830969
38839
582802
51972
24536
605346
455108
622628
640472
25989
649344
554373
487918
714786
604637
316089
424052
412501
480377
301685
348882
301942
63218
700424
301448
168404
91901
735785
194969
565026
24614
287592
476503
660782
925732
2119
865864
51660
802648
350498
509490
453009
184738
234313
371336
833019
458080
623598
77105
607342
534724
403065
615921
863385
32081
160634
240502
546167
477682
55990
431041
232626
649015
963298
101423
112290
809581
636910
936996
614770
330712
929912
285395
723747
628047
975905
364523
333419
746357
531389
400033
23669
127247
258724
955542
641292
208455
101797
758054
705746
146748
414106
657037
724842
957572
935703
703541
314550
7423
119676
348064
368378
593753
9898
597358
947615
723931
49554
853388
379668
660463
996777
593209
943631
25006
342776
690166
131249
741671
726927
876746
590600
218287
624410
929327
215086
374944
286283
985820
233742
46640
150967
312496
485447
435630
975165
357944
170089
566362
974432
442333
237020
514594
169974
805165
146079
708597
927610
199108
763694
187398
623868
295126
444349
561759
767032
207324
778914
610591
512259
867097
568143
73874
426337
432840
54716
279467
366196
537124
929763
214944
920783
597395
191333
186018
423273
6832
120586
800504
761581
14132
519718
579895
581294
421056
501463
999840
995192
22345
588266
616854
587650
282656
473565
991354
165631
136157
480319
388517
330387
501544
34484
112705
939299
812451
617493
932164
977541
379383
903284
406795
787223
517242
517244
26063
946923
128698
767927
183750
171232
351145
60586
278808
878092
467428
75867
246652
292053
844193
140915
807151
551711
431925
331070
563537
824799
138432
62926
581468
959054
219126
988928
761153
798394
760522
662230
366881
342070
144441
699139
431844
458802
10800
57478
348794
389605
594458
54510
24620
68262
103818
501115
920030
374939
887490
112357
658275
937800
268318
866038
290749
373769
421408
315730
396720
458075
953625
204823
99009
885716
836272
386015
306000
260211
62034
776610
334735
34642
379638
464121
125470
480376
223307
482429
109637
924747
481217
615950
645965
144034
436081
18672
421627
838969
965226
613839
652970
382
7897
425955
109060
742216
50324
220078
569500
593575
381059
889378
829355
519510
41707
241569
81510
595341
319832
31772
515640
190451
505895
225692
204705
679153
838702
883615
434411
519778
9544
571866
63236
195110
329920
261598
86269
309334
801817
550421
915422
913233
723511
469931
793187
863541
777582
722121
738008
600810
519974
655164
474380
432664
965351
634036
353909
713145
453895
705193
802912
241288
408557
785304
659026
414744
89921
24748
682433
984642
45874
819639
658280
755511
924195
908319
762123
121396
945779
135446
360135
367443
604135
698049
962068
843005
327543
256186
553563
676413
897266
458545
528494
1776
355022
973933
638632
513049
321360
966960
415651
866577
400852
175289
98063
827739
39866
713123
943349
573589
961389
914475
138633
661003
124113
336079
299877
976678
715528
572433
510312
867330
577057
73755
707754
112477
24287
46524
534298
936938
397281
650192
354039
386694
337075
593022
880231
504386
274992
912668
719479
734622
768337
951405
483184
844183
29975
985482
797330
634328
434769
336734
268656
952268
437386
384202
601320
673043
313683
885482
129212
970066
435944
445615
961490
778469
801730
926187
511748
733744
236089
796652
720933
665811
55891
346431
67345
326331
384557
103766
657584
902293
291140
131716
976263
583582
999072
998820
305338
640855
968159
11482
905762
693332
501466
940849
756103
608114
858230
950756
938490
351720
936329
609208
626642
949111
568806
456454
563073
953851
489159
410007
468178
125796
892438
659112
738177
910078
538008
480332
989494
432235
932086
968049
243616
338739
799146
539578
679722
207346
827138
16588
664221
224431
226836
680485
49362
122253
612671
534630
773970
148507
547801
979121
241100
589574
609786
638253
890418
303534
430308
251174
90544
437653
120014
586130
698121
98548
116747
806062
665680
4648
859804
432391
29057
445066
461903
640469
280122
807580
234641
22722
974489
888286
873495
657608
136435
615105
104293
858231
846125
395955
249466
550678
719547
519769
766424
419554
28531
360475
809523
132850
597517
791192
980854
587834
513145
777786
41836
940526
986461
563813
17617
597822
33386
116041
18614
967744
768026
332567
448203
609196
132168
398289
95692
374656
893803
170745
259851
93188
626672
12651
31190
120680
753332
532423
145156
358409
167131
606854
706081
842706
253456
718958
615219
322815
743129
957984
512681
398653
127317
418447
425759
77998
776277
213515
931984
146120
629653
423483
621401
403741
538838
592874
828774
765237
771929
401720
698235
214743
551481
747248
736673
429351
258406
860730
351147
2153
64378
657383
40612
440547
638265
507882
330454
992161
172074
700390
832249
852050
761868
36578
402231
202448
495671
540314
294104
356093
588241
974191
916559
200
868009
178750
362912
531407
92083
20685
75692
157727
543712
579746
97563
718422
830425
572654
360228
679146
974489
960487
268860
264130
74853
400499
676376
30402
796904
291520
448353
666148
406895
224304
951284
27394
632957
674226
109074
62576
246348
417772
602987
693701
450209
867796
731394
803515
594058
843102
737980
472044
825911
677775
763211
272700
258547
168433
99698
248342
753149
929823
470644
951374
96007
3776
204701
424742
829706
835024
376044
402988
411844
281114
856347
861313
314191
37122
278093
673268
569759
408254
815571
948812
145432
350693
961243
304677
208842
739168
449718
624753
655498
228093
470405
626592
586414
905058
822719
573018
348324
536926
835168
606953
713135
461147
659761
585588
701184
836080
988593
685542
636461
778131
288669
66990
363280
740268
170081
272927
538239
333828
682523
549239
661923
695836
22024
267900
370999
186842
521933
439106
773919
750494
252260
725642
901090
956467
786529
870021
126406
562722
361120
913910
599367
993440
558605
131957
538483
727079
450448
576911
463717
957346
150419
318667
15260
150465
530673
840199
264183
921645
434620
548801
43599
321045
960299
855731
982705
745383
392415
432341
466102
580571
783184
899078
878145
926377
172376
111621
519829
737115
941276
863705
970256
19196
205843
885073
661640
129392
203828
702310
392321
819869
896
693308
870472
606663
762281
884743
710063
82234
516638
450955
894948
356832
780980
630587
846000
932594
344242
850051
71818
158219
838201
545953
220757
289817
933326
192686
880381
375340
625030
451643
58729
792305
166221
954646
3549
494072
195346
511404
55792
33008
352915
91528
836644
601333
291008
788026
299815
308736
588174
594835
864037
390845
120603
727372
921480
483578
914873
558470
150797
776955
416986
833900
61636
123690
305942
333940
418212
952427
447067
831877
129416
606542
973873
464371
22346
26014
375592
820069
613883
584790
464609
423384
490940
758579
932535
466940
319420
210149
476232
92732
965070
637343
637731
688539
599333
384718
324368
665914
211759
317798
280182
233718
465740
961495
54445
107246
817002
172446
993313
511970
312127
7545
921695
950262
2209
634739
679487
770774
89797
101469
548334
163253
139666
175901
717079
344814
111905
438752
513582
365195
429524
599211
576793
437475
270480
307023
787003
800861
464216
310843
696989
939923
3783
571435
201787
998867
234602
912382
295401
988095
568056
176294
9632
932180
392942
227257
93418
151687
612043
801444
684901
229899
177829
97150
472759
264240
103335
362874
508046
811685
402792
21559
1042
652254
737576
593330
924202
70480
268841
239451
258216
65689
159400
60229
29138
354685
355894
591734
907150
360204
501496
29662
863849
593375
85751
109029
948036
132608
969253
964125
967579
500137
50861
200919
61939
15461
39477
802001
151456
130516
237043
466509
677552
526602
609193
796156
86584
864854
45310
713753
394488
172447
909307
881555
421293
696746
602782
267234
621684
634425
879838
839803
695574
552334
694397
396702
446260
172622
630595
585997
697168
388352
640732
957719
745397
307316
712528
26514
411525
425216
90202
462694
370589
692006
32040
87686
768102
246098
128943
996858
35515
3454
241191
438040
658290
864632
777898
986194
506185
584892
148773
723496
384751
230843
633848
663486
709868
31741
41264
380424
936045
296226
67806
307105
863984
942916
315924
442364
838792
739512
431739
802225
11598
630132
293652
892409
913572
568074
881225
102133
548263
832530
66671
688808
547760
698470
685531
892806
728327
914759
273758
101860
411686
751134
11102
944206
356709
888220
418962
891575
818566
560514
510041
476875
112863
789373
410680
165601
588704
803753
451438
113804
707712
417270
646262
538961
997385
245992
822361
10802
661820
717048
58413
915369
941858
830936
960494
355440
175728
484308
851446
490173
44886
161492
646684
658700
595812
192446
835175
719828
406297
572664
966062
692507
197770
373259
638861
860581
715244
849507
734021
286920
363326
747698
447217
198235
129429
691893
334177
546253
555461
702159
814677
904721
152425
242449
973400
341239
564432
72027
823990
913622
434628
820124
138779
464870
650104
781236
439817
264170
562381
979771
360309
86538
841921
532571
379455
808446
737909
993112
309965
417575
720793
617072
397955
687480
974326
823518
642720
860945
67159
673080
778936
990764
484117
209144
589257
766896
862974
189399
21437
422307
582753
438293
21436
795005
986169
981398
153642
251799
804276
745894
894980
452354
190238
948957
973778
226868
621423
345502
577610
578974
329645
629753
753281
83033
662847
964848
137166
985854
222224
937495
287869
687956
970076
543317
317101
601444
581658
122503
80455
570217
977990
399363
104923
501092
230410
187449
722393
305548
801416
344054
344424
718817
963271
460674
395686
550369
512823
989610
494909
2900
882850
773144
757278
805762
80114
211294
732381
949573
338713
16145
58473
405689
213536
191634
962022
447823
334416
683944
67113
465793
897783
890249
989135
382112
440279
368504
818682
204041
566897
114631
649962
190838
205161
83966
698676
138032
557270
806484
430625
397346
959528
588314
298213
916233
107382
835383
308217
458760
916964
746702
788056
982488
739565
284668
709459
687581
897491
27069
453650
383571
675744
7790
547816
610727
82327
643949
981585
951010
604732
467804
269515
627264
404797
708549
34382
383839
235644
501655
149608
431507
647866
800975
235961
512598
97
485170
228617
88157
206638
868982
183169
949382
886329
250625
497229
83756
679138
204553
962123
248541
205402
171098
618608
349155
945035
671862
837368
609023
488997
589014
816135
353972
871430
35855
551457
934015
613637
173712
168515
778532
922332
230024
656092
547427
188527
71588
974187
658186
389181
18294
565558
280484
231650
268657
105700
902671
796934
441041
912952
964651
55462
274583
521706
118574
115197
18034
919011
991701
526606
269433
189973
928053
13009
608469
716470
436720
617016
895612
50071
369794
621468
174360
888933
951355
760585
796870
491706
621447
479010
776697
66657
334505
851379
817727
870373
762502
397138
923100
113748
936990
15792
368210
387093
742421
502209
650370
498851
908975
901190
222892
669477
299291
191027
448467
516524
871014
892610
613948
827208
642256
464852
127700
590919
162044
920383
325489
148491
261376
909624
668337
311879
425117
955614
242943
193942
161416
729313
798836
866360
434663
823181
651033
683049
119447
120695
866635
420768
469098
840898
567416
639393
730542
810382
892997
816895
351208
640319
107154
693746
265312
665381
146709
161296
216598
586957
819363
898220
156498
167779
185613
318920
819417
222018
579239
664567
775676
112282
364964
379796
686090
844285
328157
629592
132709
242246
509232
105436
826482
571110
941509
468396
708522
389388
944108
984964
391566
202353
16354
732650
180791
830141
768435
178855
988747
705881
474105
999395
270795
781778
581570
725724
597322
30950
607056
754051
575609
252911
360697
535411
494045
274089
580399
676687
524833
372770
994266
375286
335239
849085
741665
606054
898810
230498
547144
959210
561088
461446
79092
659073
452427
211090
358985
929677
875246
7411
946996
749876
514797
911613
449668
482135
182317
739580
164979
168237
236746
768857
945859
888571
399880
79462
268484
281330
323297
450118
574642
911333
303868
222268
374907
443493
519039
133006
796957
582971
439355
430997
505006
240449
307974
910948
568949
893149
179814
753235
747446
336539
68649
105959
787404
163174
756114
908319
603886
291235
460718
146078
661076
657066
377924
14128
163442
262050
561322
498106
15715
764088
977076
274947
24225
638844
22728
362009
522225
3160
654285
936033
307228
803437
966274
824063
700695
457868
888043
661085
819908
301069
200357
342876
225681
163728
628443
379541
918974
366030
109649
773003
436925
671002
397598
109679
992242
630714
587702
112590
493786
713628
152805
624923
356295
631415
591256
126357
302857
326463
375830
381908
507305
725508
228428
36278
939983
770984
82501
444640
197507
750779
945784
875251
422288
802805
313275
76685
662213
102351
741590
461113
949717
862462
597618
590644
555294
805517
901809
305629
469766
229014
740311
517880
930306
726940
316581
129182
936881
429704
460422
46981
280676
861950
887971
68520
815361
726812
166545
394963
5629
419279
678378
877261
590342
805521
199417
367265
951491
726723
995919
221963
64435
533986
542386
875900
500274
467945
988277
696074
392858
607172
861027
476791
926854
118700
160405
363613
775602
74851
417123
461939
495166
829902
621239
569278
964945
208362
964477
615126
129434
974956
89718
935187
893938
685945
642540
724821
434014
843391
141312
30445
643376
887918
591519
573484
422220
61079
415955
10565
679176
543263
596726
585057
139309
186975
478209
123392
555995
731548
635586
62791
16136
599902
889196
70378
924137
182447
682440
235638
149225
335858
466442
537147
122326
789981
138558
239381
640923
510612
343265
816727
181160
540323
783820
340563
92334
728728
942859
473543
558342
991611
194125
835239
180721
197803
449907
76482
206586
232791
243019
936148
910008
448789
952982
407721
449136
178658
120453
308713
888855
224247
796291
170372
409908
451844
266028
464826
385252
210508
323931
361479
578871
284764
795936
557290
755896
999721
462737
348817
161355
676933
610167
183523
144110
746622
92393
206057
725473
346643
576759
997338
370978
77844
89981
439361
871890
554197
40791
372877
199411
645134
107379
774325
580179
233426
202945
261510
206722
164010
609416
859146
88382
168014
831378
618647
75632
439935
168840
655281
12303
953284
206296
995165
827811
292094
916498
395459
808804
996458
150866
791230
842817
844723
829144
708996
777404
515634
295732
456877
982834
276483
213276
453410
871225
549637
929056
925795
62178
577581
280436
302260
565597
368583
328108
786469
344508
638923
682311
693565
912336
946328
825378
985218
752751
538512
294797
561256
197335
197135
16443
747220
756333
858568
57875
755147
556510
496766
757603
868411
149351
332893
963828
30502
186991
458099
372600
547495
394513
755726
145696
827555
523896
739762
488394
551565
717476
873911
430040
259861
707017
48253
261852
414190
222998
664909
500847
736570
642131
449486
82593
950357
780643
798753
484042
319867
882153
288921
644671
271959
892295
792922
56865
108329
93890
808845
344143
903570
993409
944509
576187
508991
253684
914385
919322
99056
972818
538022
690229
378980
143034
130504
303709
418659
986299
523918
309435
838311
85039
309263
518917
604648
127810
881924
804173
20355
609617
613372
156788
707078
804909
184950
416507
873882
541502
751134
787514
449038
276676
888871
108713
549884
365753
35393
497883
375386
498643
460088
186507
976671
771621
867369
423183
673999
160997
805601
873641
894757
380808
736211
959677
558109
223177
825462
798492
327579
468681
516857
476478
895163
622225
447076
736719
322294
9587
408460
393632
165613
280974
68466
399806
453845
41391
269434
352288
698176
581653
423747
569273
666564
728397
15079
344686
193034
780604
278672
285090
320757
870587
344309
421420
943724
67804
55280
543402
223302
590987
191358
829103
70737
793616
98706
697111
544895
137393
660502
71996
335406
762037
980927
259265
46610
579971
419851
393611
293250
595048
873498
438352
116443
121335
53350
810439
403029
378250
569633
47423
728608
900263
71786
657676
499898
379199
233003
850652
797776
450384
378962
336807
997134
925801
554857
235845
359365
903053
417236
91545
920504
778609
266599
511915
811331
106784
393697
495124
770921
462399
582409
271058
817145
43114
243300
490107
715675
32252
566096
883599
405692
412462
264833
347046
938132
775063
354453
551944
697296
528721
597333
284187
997665
709180
70090
745079
40225
925212
145082
945942
106653
625182
87230
247719
288003
449080
75905
15041
476137
222637
466775
448949
68087
923888
859895
768828
603763
868384
289239
282191
741159
492914
689442
764310
1905
102829
124121
131128
367079
992078
45571
706833
998116
474251
933714
341057
424884
366709
334228
57953
178456
619638
628114
808273
23606
153018
45257
411565
878112
622315
257602
851934
929535
55508
937872
418508
605212
79783
181926
787249
424586
421529
446482
345545
398964
935531
355546
280998
168127
940100
273778
349280
467931
451642
695446
610025
506283
869424
570762
951998
785487
965721
739116
535865
392394
237083
965107
339587
10965
965838
429062
765992
125887
812003
828155
288707
724607
178018
673514
364184
85208
739467
899246
481920
799527
119326
984952
136895
373708
601079
119951
897521
92787
264849
720168
475619
455934
295083
733341
646399
434065
505607
676749
951967
239289
726799
591377
414274
850809
163859
653718
371356
750707
356717
486428
930759
79280
58886
649162
320024
838284
455537
685099
563341
332545
286708
243785
383330
238478
939688
189604
654850
15491
425654
323983
981850
969708
160513
644264
816138
174936
722146
975346
812661
408388
422350
880657
392376
61993
309717
194721
451191
625183
85315
896051
805267
759532
433193
390884
764152
105070
38134
492892
887186
527584
827710
928352
700575
386764
118685
395605
875168
161549
182581
869970
242729
722624
818194
928032
317592
25031
815791
799889
883874
815161
931730
822649
119177
113578
46226
369358
177577
762194
705913
826776
883378
513756
480836
61972
575408
506765
346823
831083
84166
597839
49197
452170
870970
197466
147933
330334
502569
583934
529593
951597
563099
761230
678336
698260
241393
414060
16339
616345
795707
276590
239253
924844
719974
669866
976363
357887
260691
959716
492771
610430
532098
686224
684912
58157
856109
652357
501587
18270
970865
333185
602582
464011
93223
461267
786611
18773
533970
175081
429585
328474
287728
603382
16238
50797
559987
725439
167320
227125
87754
539139
934805
345571
756696
265029
585186
922897
895942
332791
928728
464756
561204
79749
959979
234878
20042
618939
437453
628115
641965
874323
1520
619749
1358
201823
108392
273134
197660
952079
536046
380681
672793
787872
722945
285230
289034
62562
695206
316168
886856
790179
754705
581941
60916
418109
576540
514201
748936
742329
875060
146527
779016
6111
549523
689166
117655
29532
89831
227203
314149
786190
911698
956753
417222
819502
957067
631473
435678
46554
734433
468072
493049
200446
121952
492852
692279
545246
809612
296242
611940
701955
836490
967119
154086
518976
219486
387048
4687
140704
877007
41025
629971
595247
534183
354783
256787
404705
409047
328131
269143
127138
597367
84291
203739
935482
243498
435846
144512
122780
309280
707483
570851
104461
285493
529782
862987
994028
979766
536393
28220
760930
766020
879292
670248
362150
918930
452744
139653
646061
581705
62901
535802
667757
827082
454574
365491
704141
45075
929214
925972
58923
756859
616041
167369
929481
199319
163369
666364
567572
960703
489412
77600
867859
114987
102086
204715
258409
715254
753248
400416
401414
462725
126877
59530
702448
1473
347197
637124
397034
904959
264816
294709
919358
696833
171632
462106
982188
241558
688891
101628
332911
421148
504492
581376
248488
125862
976373
522525
488234
751096
11004
764968
910177
199023
487759
128203
59167
872126
365828
485140
533573
847827
131057
411113
127114
844311
632388
318746
256171
938901
140033
481359
617199
946098
809303
238112
644054
820378
133021
512643
603229
136764
821806
734944
102769
564203
785885
506753
189486
350501
641431
101733
700242
770929
15828
134324
758658
806049
475065
677068
497529
743927
244686
840121
253833
624164
98775
171524
240719
82731
511185
95394
473528
456933
692874
799245
531241
281053
511261
655089
806224
214043
502922
265212
918149
222398
869614
138840
259804
342402
922915
73013
679305
667234
958390
55167
599088
717783
588417
866223
927753
412734
499173
877822
311277
636119
525670
214451
179263
71722
587043
350557
776505
659588
450160
237469
289234
146463
999506
544091
627017
591903
822358
794777
226193
664761
791502
595428
707801
149742
535209
527782
737975
778421
111726
258329
481392
892407
612757
841238
180710
693748
199426
384460
855455
93059
138399
505740
637166
631734
190676
864192
123008
771356
708390
736892
84165
725279
802729
411692
606136
966094
379235
157997
121101
113718
945535
173369
4919
750185
498091
516986
64787
638368
935886
146751
191668
348220
566953
208588
910539
757224
542409
19723
457715
903963
898662
726817
154839
680378
157468
906012
337857
131738
287491
636232
883007
915555
942253
777057
693044
657488
449467
902626
909752
847378
718876
382908
575213
494549
959204
242658
31711
310618
662405
702401
790999
957571
259948
811149
993021
100141
516026
591351
558631
982263
867485
934203
23298
133218
191371
893653
391963
858577
728987
898387
376011
961455
80575
675462
588221
172271
199650
119058
638749
186030
863066
220005
11423
527286
905162
883524
738153
591196
986647
765057
903838
263177
184901
434953
173384
928213
442477
788506
694881
125839
893917
115537
262271
783257
200396
326625
818137
176
445944
500512
723962
137674
461342
694203
673216
960920
177237
206730
635985
82347
810312
937982
355356
374451
81870
836215
834759
857186
461160
195507
477434
361390
640854
818912
490119
141174
250838
703954
686133
928828
977850
553551
2024
180305
400677
869448
627566
479758
498146
407331
48872
512574
741152
761075
512659
300569
217550
543497
995762
507115
486735
277476
285786
90708
935002
925443
546266
552
604210
183323
723716
862774
57660
399717
403612
410982
976514
660303
991965
807548
537475
782738
539938
990265
511476
191267
764792
229536
442007
392835
835965
324630
722935
744945
548148
662434
715453
55232
771433
557333
249586
522243
366395
515587
994834
767332
233227
412207
14729
760788
748480
696709
180749
629852
93044
969280
90519
671186
301246
791980
343359
183400
743644
93829
995827
424223
671677
601855
49107
540505
237737
350239
5229
732363
940814
115654
901968
69329
838056
43662
571855
573915
65611
93581
399060
337093
792144
183671
511454
548165
219930
21920
226328
23421
649796
59166
510103
16561
479145
957965
213424
585234
923663
133356
719220
480441
972720
410212
491466
420015
620903
495209
55527
301353
928948
586425
951148
530705
250924
311810
41179
958015
859584
388576
616887
133126
28071
631428
223544
757547
14635
869616
260520
317233
993869
603742
520285
988496
270166
422017
628947
110596
367932
48611
899429
640705
913645
557869
274216
468099
338298
333765
787557
46212
647523
647953
878192
297479
694907
836891
417961
365714
590904
92557
26447
958200
860249
405787
540476
364308
262132
569663
509121
56338
600347
551456
756574
741031
683946
587404
952478
1825
785008
552676
714829
72088
269944
765463
189079
423108
439091
251462
175743
244200
369283
327303
589112
984365
282406
23302
884260
529225
661437
409733
875814
251550
659128
894147
50854
864095
798049
492923
792673
274221
569729
342083
161897
334080
906611
494805
215616
646912
189891
776107
700045
69748
632193
507907
753145
888721
412904
497410
905961
92660
448486
36917
544344
130796
264648
421106
145039
591278
658244
851229
895556
466347
604514
557255
670669
108799
689991
675056
694271
548864
210847
831853
122343
183799
522790
244389
336228
803051
718420
835957
249952
176728
15779
778931
418985
454271
423806
894096
448816
965143
668295
412311
432476
892065
330565
803282
931724
280345
294185
216715
511912
981896
832123
396080
990114
207415
444518
389584
645903
401406
911068
477634
813660
351098
280423
647524
845486
648476
230286
971521
594202
980446
248672
57996
385214
950161
449824
105545
876538
983443
650188
191499
475406
424220
110412
458392
274578
105463
640372
145192
725132
565261
337398
414924
858865
485276
408359
796844
327867
474823
528684
723497
871139
656968
895489
268833
23612
552449
763109
149520
501484
551279
889062
611091
381831
46847
543748
383177
91273
892859
203141
906706
108464
748381
181333
626489
529460
612996
990231
927214
743780
480580
439052
113836
24799
363672
97310
971833
699307
958963
947850
857548
871093
346356
960489
407752
810981
270839
811993
659047
38813
371847
847116
65778
543183
364978
288301
11756
131960
263094
312618
343439
375101
581527
359778
550510
600480
790098
942829
961849
122527
376555
573186
985887
754985
961443
250313
103886
218494
392582
474110
456854
570594
413216
692542
2411
770109
132303
803314
438729
273426
416948
597269
991218
855322
296131
732771
337619
231996
652730
873824
318276
307820
742575
21953
640494
960413
368962
135099
36296
816676
411377
174759
672698
468331
301257
648015
747170
40462
985594
299416
294004
180373
768900
433803
566332
513935
889422
221569
843007
59399
434133
874283
199167
872038
559361
617340
296734
363877
276947
921203
883866
239596
408699
905800
328567
159244
204423
452786
22522
790486
529205
850899
211409
456854
678633
16898
667344
88559
70266
364338
469270
312212
118694
543171
728782
328288
979238
721829
672401
605651
47901
655461
298985
414122
900842
228054
392561
291674
95260
251613
699480
182952
445637
80536
753796
56232
975591
158699
537426
932176
951179
959913
242300
349047
215857
799580
295252
19568
5730
426354
653741
934333
824225
483908
678873
731570
521216
547971
858636
219752
312398
313153
600671
675610
120622
537114
306161
110367
324547
138429
202536
522692
757767
445082
432149
699205
361723
922474
843573
466600
298105
375254
623828
328759
700197
653189
753229
523416
512514
289157
409452
975434
153568
280917
104244
907454
997171
145100
954620
5200
574016
745450
362228
853152
702576
586682
111557
593362
691783
641056
742230
551582
772014
534277
196780
639124
35116
321627
566505
804912
64883
733263
306037
371605
45271
149515
643258
259114
276506
50021
929545
313742
665826
741287
644122
287801
641292
132219
812208
914480
373785
174195
965275
567076
156294
676147
550551
5480
427450
333116
472722
741005
111129
690325
762443
174301
259830
740759
104022
632944
962405
888790
747132
8173
396717
966055
545599
331489
344284
193555
602299
735925
879029
738711
364391
35407
411269
743764
518395
8008
797460
833369
524908
412869
189942
871179
128979
569524
176385
774255
472747
423589
925401
4820
718905
980290
355558
831136
771846
668717
132263
236277
810888
345205
799328
104831
936287
876852
619567
545436
246203
865735
516349
914409
164506
339435
478735
56614
593135
470256
638332
84997
479262
708253
572025
669844
290468
324705
228944
554371
261140
730481
61872
253076
75452
109634
467805
456992
532902
930085
673032
229632
353786
367034
807417
3294
534337
881298
927208
968600
74628
699813
887404
435469
489043
692844
599307
603336
715489
479453
151600
232455
188237
628865
959034
346599
617979
121971
256176
948973
534241
854135
530259
26355
400414
44788
579276
893549
26116
170703
396997
421911
736246
564454
947028
892989
745133
730662
27281
145830
460821
162058
6920
590430
7828
906864
133066
339679
327914
975385
61406
15323
578483
219069
139413
513321
854282
403465
629179
873673
386120
87415
934761
792277
172458
269639
196792
866951
603664
244127
611088
180769
692130
130300
386782
666493
541517
786772
709604
566129
73643
351114
821674
893470
156609
109005
546130
887126
660577
939918
663945
178215
88112
342428
665818
150472
148418
241885
494300
162271
955745
186347
982028
612141
163629
574920
821621
690263
170269
266496
389579
205266
788131
866266
548760
320361
846062
397498
633998
857326
986441
765142
756410
856059
395233
862291
788506
163876
114852
745211
710149
209083
159300
791261
971976
721470
933594
631362
153426
732833
423208
649031
212549
378740
299447
603484
160812
570610
859871
51607
501068
676325
146277
954358
684883
92088
427518
961136
25581
827483
691570
886838
39222
824973
124572
543499
928394
564233
934926
876285
375223
681103
868113
854463
131604
693005
484489
384420
282475
603754
718455
977530
567057
14192
900185
14401
511895
913364
630956
813318
405273
380642
992274
564641
692403
153481
589454
789639
598228
180225
789739
328653
482666
82004
718396
328634
854269
191248
618559
372231
107032
938568
851355
542069
218465
198209
187465
595787
274890
283264
703119
582955
852192
987822
852582
673040
782849
135141
835901
667303
969707
327001
60758
180870
275759
533030
807183
603533
782404
71089
15419
287064
29687
414462
576367
152030
217088
264654
782297
322089
785392
678259
822217
533938
173319
186866
415700
701592
141731
154770
628877
93885
650322
158087
197684
838269
205384
171574
826923
519756
250796
426213
412259
950571
761101
418305
302934
796871
646450
277194
548013
413038
507406
470879
561665
116974
853842
166690
719422
755532
844893
606855
276260
138526
882575
326142
436711
754054
202683
677883
387063
617035
28282
721054
710554
508821
957340
96452
465780
459973
203386
522921
417321
261423
707815
344376
813721
167925
633605
67186
477258
387265
636275
866102
682340
937374
965092
30898
460437
572596
520523
795047
304532
506974
823218
838482
331011
16938
199274
548540
584686
747884
380381
458656
552881
450879
457087
546292
562165
566809
56931
919254
991706
817098
62250
528916
169457
443025
213398
492056
880096
100891
976061
878958
745001
740889
313112
729716
924420
54972
390267
490141
283432
420880
58463
600289
717481
760178
130907
75589
213115
877296
286706
378114
163540
448571
84485
543701
260528
782667
554985
883298
543598
588368
950675
998022
727768
849168
113200
284408
376448
770913
248593
413530
271365
755973
572612
31586
406325
444893
631294
192351
193100
643084
211956
678507
247707
936553
207496
193836
647940
966752
500512
756678
764001
704038
980307
160929
670725
555606
171069
770258
455770
667501
472882
151912
316841
262174
540559
986838
574457
603667
75948
89976
105294
599362
499565
899523
90771
837351
346360
838670
705106
591907
363777
830007
144863
952817
783040
865267
626005
614209
681988
878326
854264
391027
133090
7163
183290
195505
229509
471217
642649
887273
370601
660994
120293
377638
972195
418624
631327
909706
496536
703406
766141
508842
177934
231913
587659
338246
909791
937714
875819
755555
946633
985048
935933
74631
701795
830086
106201
360849
268011
987687
163833
161458
987962
392689
506804
321868
734104
224341
561829
95909
758316
296194
268330
935432
507660
757072
183496
300856
734131
695056
186284
902802
233168
470893
714381
748990
343739
984318
134637
909777
313986
268908
735293
577987
956706
585275
945952
347016
688593
320054
409992
408524
97976
841403
728125
534800
55679
480992
901372
484700
548864
298689
134012
850080
450909
673960
186187
431403
329325
909911
660823
261703
453457
181108
571401
115823
828133
52690
272908
130925
515922
600920
625004
242516
12609
954576
128985
971287
838186
384974
644362
361285
99850
528058
312702
759586
122675
514685
794717
191075
91901
635972
683454
570053
817050
51188
740354
465098
820168
113258
682013
93905
781215
207405
887093
494865
415306
268147
142754
882354
932626
856973
36950
518151
710230
231215
841430
735532
390743
271840
315238
663865
637936
147706
742723
795424
730979
263903
741322
962985
651597
161080
810166
129862
502844
515499
421895
495125
874967
233433
697469
844723
761659
202640
260163
902967
743783
612564
622121
987858
870541
382469
837770
575937
437449
964141
203533
872812
634861
184168
131142
355999
873787
945520
800060
125154
145132
407301
701702
488758
239981
520565
927758
305519
367721
614029
839863
248617
756801
263132
931419
236328
217817
458528
203949
782288
150988
406736
694078
936765
83071
349445
426011
999744
474387
980486
208979
261687
711796
309103
922581
284232
871246
561980
438968
409530
223776
886839
711765
421103
440041
126140
278095
253442
347326
425574
508915
699705
451325
529624
827194
124263
382108
667114
216235
48609
429467
661805
381085
525978
976280
477149
548251
871134
422593
530338
470240
889575
34659
438723
657857
432096
830945
459816
594858
935155
914049
296393
508160
934481
616289
551417
11686
49982
991367
554889
941531
533845
76693
514394
763393
67872
780123
534531
48057
332876
230535
139867
404009
853004
721783
396259
19551
374285
636079
931731
695695
190289
994982
517631
703864
624683
183611
72550
258981
212117
461829
929623
330320
333489
371528
49409
38049
281563
370115
288469
701716
795815
702374
849434
625400
435068
718560
401229
782227
86796
52759
710386
518563
357743
33457
49467
303487
526235
442319
990420
432604
619650
589082
459273
728492
161480
62581
947413
329121
187232
999698
766024
147216
927682
313632
339987
244400
159114
481890
132723
420161
128944
537371
557496
182665
795232
885926
436529
759737
362614
469794
683702
9327
415576
202378
597842
346901
834159
200930
204363
192998
567682
823885
530191
930065
217713
87484
910076
167926
516492
896129
97611
210957
614862
105601
15642
831078
643001
229384
193622
829963
467407
456311
861762
250433
688874
102616
530662
463725
203129
986834
538198
101524
340183
771000
730781
377467
675273
297979
629383
67373
573396
344064
391560
114139
840121
612044
112972
837021
209999
587612
600924
569751
461563
673362
748650
466423
184333
669065
386297
643674
234682
81225
536235
806862
330482
642518
501096
859378
277470
524451
508457
597946
124472
604964
924638
831823
56646
78081
97858
599251
985972
103590
363065
976770
485133
598647
252322
691828
331926
647713
809727
330303
239239
189196
736126
682745
151206
993516
409508
956250
547842
413367
295637
160640
193482
66801
650178
335437
301256
450083
657903
446379
374141
512490
710368
19760
365593
299307
762783
839004
141335
993892
187693
938815
894515
108254
192899
398392
900681
150015
936707
562712
589708
954875
322880
785188
80735
151083
545638
476409
339795
373174
332424
515850
984382
893547
233156
703302
758900
422769
673813
876501
866981
510997
529653
871040
320595
564931
816045
117872
293165
647184
393402
250766
446797
335988
560542
621066
757579
535509
825664
324535
501372
9790
762112
676436
614283
40750
772700
295718
841585
929485
599032
453696
603604
994426
255629
998181
883322
999807
290801
32132
766120
418918
478142
183393
369499
792101
655650
549461
840354
720052
776323
295980
758998
292032
681228
105260
372471
128760
594265
782069
910181
531396
475067
66372
554232
687957
672360
582097
180412
689943
285826
802009
149708
473667
661122
287670
441097
649618
630081
337897
976824
292748
337891
205178
700342
218814
681568
712118
6168
63050
936944
160152
80739
643353
581075
537730
392228
212651
454458
664362
755886
237966
597909
562834
895086
190829
757178
880175
11500
719744
660335
46635
648544
957153
374228
73670
646767
619519
333424
800087
174785
92587
9110
445233
862975
334608
157939
785633
615854
873599
232119
377491
800995
431272
262942
160148
217762
815974
808410
133682
556375
530545
484511
814207
32880
972087
592586
215669
793301
962436
111023
638835
673029
975901
295229
968741
801806
146093
394768
225411
62313
857431
765588
305712
328751
984234
473104
914306
865148
314994
672342
28833
441887
844779
374534
574600
666491
738577
182714
374889
398781
564307
413329
725165
567353
154981
242907
451097
607972
776949
982366
909836
61480
807669
546307
88037
269544
199575
591136
812417
380944
74263
985123
81697
369559
434226
702871
957355
266580
151924
237206
294727
62330
459119
650956
374506
20274
835399
457507
204975
708883
414827
34000
17249
487489
487070
246458
201685
844127
414643
323650
32948
862898
992407
666739
523607
955667
303304
172616
766475
320912
944356
662228
601332
500961
537180
879378
97741
355074
41543
48073
407053
353969
255571
540444
429669
97158
974422
366252
569574
152042
366850
540586
61184
701045
319991
415740
354982
925352
71091
543947
642253
286532
982117
295
21906
864453
474271
367448
825339
677566
159849
128002
238549
238354
183025
388531
659069
315340
242657
311373
151931
873884
442121
835467
941129
521903
923515
778673
269681
859497
737206
56660
138388
139010
134906
259779
399559
780282
832954
392081
302359
640122
908080
401600
643309
484809
154570
136012
863629
659943
173314
315345
460088
639946
293451
633689
281778
400562
846375
110918
2398
654443
769622
930840
210949
464991
746920
140124
43381
125141
470324
353778
494278
442634
374369
938105
601848
307562
746785
480729
277560
777387
370558
465004
87105
192583
277068
107018
432543
795092
261438
661295
579279
985409
994581
883723
959107
937967
484019
682023
424130
206377
666958
118319
483819
393986
351488
547936
277657
968970
504955
551502
730914
503276
26009
832530
611514
567783
389521
54352
184117
363303
687878
64417
344426
515455
259385
888225
326771
337350
364255
960470
237840
702731
45966
711995
993067
128694
806288
215593
490166
868988
256474
795233
1200
984446
66775
226936
517895
70463
891549
686815
351064
469120
115969
891406
53138
108154
962694
882253
88696
918071
164528
588319
586117
884174
147831
243019
912937
514873
226135
396424
765618
574676
293508
718404
254982
538805
288891
339537
6924
367074
530996
313709
363499
473203
428852
222828
159274
171333
808638
203332
248439
839832
76009
713653
335043
689158
344397
725523
327114
184673
420631
624753
845424
818983
199420
224812
419399
896676
806666
188753
822254
822885
387098
932780
126035
262228
699554
698222
718424
717109
10215
72121
171731
495932
121231
540236
943600
48264
506772
998918
739570
141568
880213
469528
805142
537673
831879
774988
94616
696289
69192
409836
999567
407515
797460
303120
402163
725943
334032
38792
870719
389469
167428
637730
844273
352694
787238
661912
405295
65256
783441
647961
149380
186348
8277
95666
81863
842829
982440
207257
363484
909822
512889
294870
18004
361496
102629
307919
145776
662192
24067
628462
70275
208146
12954
653680
119669
688476
132978
952781
757411
411832
328519
534528
263716
321847
812058
943986
112231
34503
807267
380487
174840
523601
428385
226756
971873
45553
146321
832538
645549
374995
29821
600788
410632
410854
512427
813786
189890
843264
465590
787680
703474
161550
107515
715630
819767
878262
212330
369676
846170
97995
254460
380361
656719
116140
979779
928872
210138
936442
338525
997864
681871
184243
886722
402479
533298
881008
152381
104210
78588
818807
392824
334787
221567
804734
587823
620312
815905
748029
582919
308148
34756
108462
975095
96404
872390
690340
307428
945208
316324
805509
408843
843563
45689
883174
860248
895473
246757
222849
164563
750029
840584
69205
156922
178540
383982
120795
990377
514673
400837
341280
490806
572382
99465
768324
583705
493340
669824
985293
397576
550631
654305
527464
690018
399320
488144
499902
275969
386576
244932
389359
36018
308798
235146
962158
279233
465614
97314
329657
40493
258479
770119
101811
215098
792126
102605
819295
886118
507924
424930
911419
937395
440681
319926
719031
157091
689635
195639
196049
244674
293759
503413
55694
726621
907674
105445
947030
322768
930269
602945
100589
763517
833539
524428
227274
368473
468233
586548
521814
71200
803633
263760
563330
551337
655282
11336
844293
931348
93887
917715
534833
131935
707314
742427
447281
884952
431317
428030
491681
194413
893709
316206
258378
616159
680036
780472
982584
395605
668849
481442
492730
837261
699878
891053
774262
990189
445494
435961
666278
539895
189025
398344
468019
422747
5917
116634
913452
608103
984163
192376
111651
434266
757267
7693
961380
793430
804612
63790
766611
592307
906156
627003
773921
867888
246505
668829
829995
537924
439594
54447
845103
705427
980220
812857
692331
945084
432949
4375
53844
363343
787127
761144
298928
110044
822433
839618
413392
453030
696408
470547
641262
583415
975085
617507
611999
373261
218092
432133
273396
665586
6912
393932
555315
375273
548742
24650
626605
423108
309484
860212
943164
839251
832325
60513
412251
633207
670125
97137
759970
951828
465812
709322
711964
223268
201512
358974
952582
980905
57315
103881
606823
706746
600878
247350
576839
149823
538737
363872
758413
840248
527672
395862
523192
958711
488579
989592
532410
147438
415850
487294
838700
581539
405611
379192
519602
20352
521618
982256
776493
528390
352579
399692
928534
230946
848871
762191
790653
179160
224753
225887
807647
131932
778892
660897
93149
403135
832227
437888
795423
35078
876940
420365
146628
251095
676754
29697
120324
17229
454365
853853
19685
467115
715648
429938
721687
118572
875999
676925
500908
811896
771003
224426
481590
368051
160412
968185
869183
167728
994138
841982
141663
832387
877319
538690
341502
766324
867452
6151
791271
63824
421503
589801
916868
455449
226254
359072
159100
751965
153674
250658
325286
614116
620419
99110
210472
519811
287900
333570
740336
307853
650267
448373
59214
197353
653648
678849
149485
56319
873118
207665
973229
709516
575147
36473
896158
112022
793056
543930
626010
326201
902237
373156
944511
434847
108157
177654
23559
847118
466304
629473
577287
36571
77467
148234
775873
449852
78873
885103
551973
349947
969772
466977
192043
906823
325716
836207
897414
507429
434411
49443
562373
406915
116490
498918
321995
129069
655836
174206
274921
386713
366589
285432
672149
627740
869198
789409
445386
647999
503512
215918
280763
946221
306394
843003
798708
752131
893809
992560
790672
816074
671714
774144
817489
26049
79879
49035
749919
294546
190228
993316
993376
479079
146374
218924
280112
121238
634727
903709
651517
106040
348928
307427
141378
902103
943579
182372
237278
685189
660531
340513
87440
157385
809850
534836
546194
24629
501575
767929
947215
764307
208091
804617
729281
945150
625486
894882
873899
350092
489051
649826
618928
62889
318340
860786
95695
281471
23715
979200
33340
725649
476367
245220
915612
48103
166695
15780
748188
31588
240318
580563
16685
145651
967331
253972
509152
818144
938123
419260
820187
286083
362782
236949
643766
759510
327131
886463
107317
805160
422056
471154
859361
4843
703098
558558
672773
207463
320541
905971
865282
42449
971296
339133
839568
533046
422433
363558
607249
725202
272625
957535
866963
641854
266275
629402
616611
634245
214390
708911
7880
643927
849436
131870
320611
916374
861414
320564
8545
908046
404687
835526
956378
732162
636002
37530
910985
267553
253512
568422
523112
726040
957042
56432
601896
889601
275615
633876
928650
25080
526602
538852
831773
96142
664820
850601
817940
209111
462537
300424
936259
548702
674674
852992
995766
367801
769718
980688
580142
902839
992461
925622
455929
448565
246787
388689
656237
987216
989190
398504
986561
375412
533516
577027
204487
793939
106787
573623
647498
986418
798358
184256
790016
903965
769849
447046
716460
357307
997522
938050
731411
250428
53412
590650
690520
583406
909017
786600
396086
939247
222475
647353
398042
495805
930607
201905
977371
892202
38622
436651
144599
680491
595457
151486
860139
111887
312985
995086
77964
989673
186516
935563
533428
631360
270231
643673
191752
58151
345751
810136
679779
624355
908524
478634
361943
871847
172496
105324
818709
857625
104298
999120
161861
627647
581672
292248
272950
73414
975621
461681
628335
683631
21162
911082
717604
439702
524145
338447
921156
206368
170372
15590
371887
629761
961316
912837
354117
878376
111366
901710
458074
303559
986071
778569
947910
28866
698976
181084
820120
919155
431237
552937
23466
383704
286248
102788
918223
577562
174251
891664
969257
147003
737938
280693
218328
752091
793350
23935
196429
822758
290165
536214
315068
398621
110359
589974
324528
211776
281676
509707
434552
594197
757217
659530
280831
996504
243186
407022
918841
39807
849961
174638
988154
471145
552548
312600
499489
728290
525164
788465
272789
211715
328151
307968
384655
5773
753227
83143
519404
276623
701687
863258
572192
936957
527592
302387
856612
458796
694012
896679
905914
255376
709118
703994
982559
90528
61859
24462
487373
772566
585248
573174
812778
109074
995302
345064
693776
560606
842171
909265
737210
609548
502326
667971
669895
312252
976279
425354
622638
710394
378689
161820
687871
89220
449045
58990
811218
910889
628715
162211
69710
584972
538799
477087
306136
692104
920214
112954
498005
602222
122684
648017
148894
351273
570972
359606
482304
427651
934891
56519
665388
649536
723281
586652
775169
71976
699397
3226
163508
763682
365891
580196
722586
827452
911085
419442
520978
778311
535548
262457
194194
807391
907553
155786
772748
465289
304252
176503
897660
870133
410551
426223
140881
129762
351873
147243
718709
305697
953571
776193
98107
26737
534144
785110
11941
942537
440493
230129
409614
654837
243243
544682
598778
332568
308349
414401
109048
42064
435818
404875
983218
584310
128273
203846
6417
776644
333220
89550
931919
577490
318787
903529
258650
591225
88885
985532
692130
895064
127941
234657
38464
906485
321911
57296
463362
840507
322341
845881
780567
114721
285243
637364
950868
666604
716043
971344
754208
803595
639054
691208
779842
577440
409080
199828
83013
526558
52279
822107
493766
920973
669511
215237
720922
909482
47924
375535
249182
763180
381806
406072
906140
346978
397890
443000
460822
634936
980539
74641
538995
906457
7124
197213
183555
60206
375384
421255
132913
324932
81816
772469
604164
302411
334281
71587
447825
373050
673912
309771
255105
379280
303786
264384
47227
400566
768532
975259
619630
661057
760563
78348
539580
403859
277833
802130
965382
339297
723318
924229
285648
310735
591663
70864
229393
9078
356189
341501
808282
866824
588244
64169
390048
128011
87790
425942
403880
240321
423236
89631
636366
892841
903816
304006
747057
201629
135618
871593
774846
339484
13349
522964
111576
113250
456013
688048
332577
620596
803800
453848
822568
108664
979102
858380
913391
835584
630286
710910
420183
889831
134054
654026
820330
92052
239630
102467
954245
741340
742162
144937
788128
949188
152443
353078
466556
885987
428744
858583
290279
49702
316942
226872
814447
623854
65065
211960
852513
596244
901598
905148
802620
804620
557391
244767
171511
911143
773145
726151
688172
387378
905166
660755
988256
898300
84426
901360
499055
105653
112372
282891
823257
389874
386643
713377
32035
164686
412042
528306
192107
115050
810674
202643
915212
728596
792594
708387
861609
969157
777341
902741
278362
732740
8137
827117
120689
419625
719015
41606
741416
503292
996132
647759
976104
236732
534651
356630
987960
534139
202260
308604
936832
639782
826589
655753
456761
520867
593156
207128
758772
697491
688270
557811
31683
441463
90199
469433
327752
435759
194150
236604
517656
156828
239596
501479
142347
264679
519898
715164
449954
169947
138652
894236
396694
420014
58997
178848
227449
563933
932728
261060
777483
337589
349088
75363
895836
977069
105165
186494
942104
693104
246171
778901
213428
232122
976353
414744
720180
793688
444547
276279
118038
132753
464821
479446
731294
689891
160716
912604
14015
625894
576578
528619
468387
159438
89990
968938
680344
769548
297918
167805
410007
192403
978714
714070
568177
303672
199702
463461
944472
513202
821580
805739
50247
756545
809715
463148
913039
276204
754680
592643
113343
238626
236791
812687
786096
60930
640598
410763
995114
399158
407230
286396
439030
599098
935671
155587
992962
389243
397343
997330
185898
327002
123719
589947
225897
899407
860459
456548
818395
632043
552203
376919
523694
693493
602090
739702
580581
126390
329186
138764
517576
669713
404130
652926
275564
662794
860294
511136
394138
113191
153617
279396
426335
289779
326602
861485
857392
693023
892592
564481
221751
12100
191834
710173
676222
356804
467760
566179
331959
311246
761536
352431
108197
665983
958590
928903
108651
903974
692955
904304
473647
871136
500736
313245
364907
148322
802471
731587
290512
925205
448598
518792
950039
204380
56954
32665
415909
700913
191132
174619
190617
889645
74050
953849
221878
733286
572580
199324
152680
826162
329
605817
116917
934026
270270
639300
536769
458059
338931
528002
267709
535638
37362
307452
554414
658262
846653
42319
973717
720481
377986
909408
966401
609976
346365
744878
585965
506601
474155
473600
19926
493460
479718
176509
642910
775562
579170
867802
62550
918672
893762
836013
198124
999364
851096
851937
946480
332503
870648
382915
737220
900856
796407
340472
266528
613330
522821
871377
337664
149291
14372
294967
477611
51757
927492
489025
690847
502530
61309
886564
57694
637912
56552
912138
790607
85124
150362
213051
166035
37699
803134
885688
496101
735131
521550
965031
451757
576223
977070
485224
297249
419346
439717
527237
691032
713443
282681
173832
583533
992151
37349
230567
574348
228933
697337
768283
209820
436026
535759
165135
113353
237053
193381
106163
904365
146156
373276
418863
94106
99909
134604
391733
766086
748993
167361
217327
851220
38618
134679
715032
131131
485166
397421
799271
170453
737723
936521
177637
111686
812490
436744
945888
831239
505129
696896
479800
580942
71696
970228
429462
449052
709478
91251
562045
911394
217243
886861
569720
674193
745205
338803
650355
9661
631209
36586
350246
527725
502175
138284
703852
169217
935513
36187
276466
431488
993964
736290
936394
263486
438188
240299
507615
912934
877542
67574
598211
675818
84870
230108
94820
899204
979097
30561
355550
678055
761005
35823
405930
794951
292181
225269
397235
26754
926793
797596
688009
825833
844586
562593
838959
182319
748578
384019
733711
429421
879722
113963
965133
888208
542437
169603
320184
560480
269802
296821
351197
124653
290719
297681
256822
333016
832320
278394
867072
679163
218367
42525
503978
232118
383878
229903
93929
3927
58776
359747
798824
266725
289173
167972
920477
702985
766044
599445
741047
905114
789515
245699
841075
381188
738657
894755
90382
799700
187333
98189
471893
828514
640864
581621
96216
99419
586980
937794
553149
445545
117232
887180
205936
38210
851980
74935
433464
920586
55311
62887
686565
920934
552416
700638
191206
284446
325081
970937
569207
119854
46535
312900
951287
149353
563022
846773
960343
579467
775978
287052
5422
8345
893136
390916
144170
381175
354418
182838
448802
54726
246370
662603
39814
510519
531854
325916
640440
972721
413289
388200
116660
213595
772907
833649
241065
982406
562670
207731
966764
64186
780345
903170
525250
283612
685978
945983
555867
329977
67308
580342
139486
248049
756153
731992
389855
471426
299512
376336
951726
178992
304887
762627
37321
158926
867476
823657
599153
100396
730725
691715
332890
236830
686520
587640
378427
508324
238196
745168
909382
608955
18718
425419
439346
549055
450744
492959
972147
991739
837187
329293
843979
193487
909030
860447
475706
661437
329191
727104
12945
706064
55701
273016
901797
607465
565576
91714
415646
177383
331073
535627
132015
809010
876459
688201
662560
841188
14211
638262
557382
337365
583123
206440
299221
721090
962073
932367
726156
409370
782919
1354
433742
567716
761380
408998
756561
274639
855440
581492
244975
741720
932772
479173
765018
229266
789751
795140
304813
911189
755966
867633
161373
734533
618251
261366
133966
859070
826870
244391
701122
735769
19289
72347
96428
452382
953908
302689
781283
458822
139442
307233
637618
10219
862339
694417
246028
955214
611752
7504
964124
907973
467661
250339
703355
960383
472528
775113
93051
453301
555040
226812
848736
165999
368064
124167
960559
631088
574891
91646
884830
811072
128466
316831
196202
735636
907713
993668
897224
601947
277471
701185
476019
71591
456980
188704
354532
899830
201989
864886
44192
542109
463482
205217
392299
755984
483361
333793
40474
198096
696620
665297
589510
558897
72149
373505
125532
642695
525121
981552
688082
490093
13506
929899
619316
369073
408951
109948
31260
39455
569550
335185
244032
276713
973866
716971
241062
930288
896992
587199
307762
978609
123290
473965
151647
394639
275550
466714
782220
803704
541545
701228
991278
192503
88693
340641
585316
269526
875098
308045
545768
411310
849361
894958
737633
863885
482707
573229
321045
914690
532703
255092
777083
217735
818011
580838
210606
168332
110290
559999
973950
939996
307740
773130
760353
677166
592795
954297
468551
138699
426593
932132
705291
793878
480175
711521
796741
985213
363609
859260
773372
315771
955845
155667
320953
341575
701202
345873
387958
388508
614805
382981
939510
103590
468798
15902
667822
918982
76249
782149
69985
27522
631473
706711
264969
42828
113359
101565
7857
303981
810784
713002
278304
745934
132980
871345
315055
597667
209378
228737
996860
462069
654474
492990
13047
670218
152563
461756
599641
878834
799698
144026
656373
792689
532332
347449
829159
580804
640722
591640
431785
834194
487691
590990
312196
111792
345169
638051
77922
185809
258033
125578
988994
742088
540053
831807
99910
777980
710175
181049
240935
49639
942699
567628
130184
513098
595255
512543
992039
115121
100639
730181
798512
429918
631424
247097
759084
464341
225663
941307
526679
235524
932194
144961
273358
412812
820443
68380
738599
691824
37989
43433
887259
467801
644231
742320
541214
172931
61110
162268
975696
416392
982232
105495
388043
783943
60322
715009
226268
930737
853154
979214
725263
921071
613785
81146
207204
535411
468352
436649
7006
868378
222699
131614
412537
709883
329419
570456
590523
287759
768078
905028
572899
808701
55009
311523
462910
350528
22869
101626
714521
822327
485791
86960
34257
710537
320314
875591
229894
578098
240295
424762
563822
659183
447700
509935
946181
289282
122779
338584
443362
215522
474657
71724
5606
367875
465759
890622
223117
326525
949821
187959
606758
660763
448858
126324
283999
915971
447657
677694
28666
492541
43957
443042
919772
648865
739012
514733
772292
554466
162138
822662
567129
926897
39445
489192
571803
667791
426293
903994
992636
171058
113022
37196
462280
92947
950646
934832
902143
377618
854986
795635
102019
307335
800013
179831
491180
17254
743520
661166
774521
732494
515436
258421
845602
878766
134092
981962
273481
816532
586696
413740
379278
20052
187452
795790
613121
658641
313624
445559
711667
351083
706624
475385
855013
849541
893076
615947
236194
281713
608394
744774
266537
81659
416438
49529
136450
510607
329387
893225
265649
556935
162940
108904
600712
253781
105500
985360
565975
701642
453923
677276
650623
77633
172401
955364
804773
787050
698861
210676
687810
350838
794727
853831
302742
451036
168732
955365
333948
713159
263575
497622
672025
591580
135540
810434
816558
959275
945280
151143
304333
42417
292476
297141
966121
41095
950337
283849
539910
60652
569661
680964
504143
958378
410587
380232
890950
916455
786881
853070
678742
469066
85683
884199
287172
4871
71764
87437
175684
931273
562125
255973
683624
499963
28934
890196
689779
489651
131474
575547
953676
924348
445095
984848
382798
121087
609098
6554
652604
241613
469385
691785
605522
465804
497442
633071
161654
458619
378626
915871
287822
182499
770471
627041
406443
240540
183718
612111
293090
546105
919753
801999
263739
924433
986576
898092
688707
264235
956888
822483
417660
513733
161625
955752
870453
331521
651978
707523
8244
419309
819679
285003
24847
476141
719858
582764
574426
557383
117312
770744
689658
66699
530506
282776
174872
133981
206235
762349
668082
887392
318506
606727
750667
957185
917909
672448
183811
490333
618381
878198
40193
609808
658833
879012
648268
818587
370387
612445
754809
862833
834039
372708
515455
702878
172921
514282
926374
580821
750381
375588
539358
28692
260258
16265
411500
117878
33376
609445
736831
378901
604945
460829
212321
623577
518908
739072
717321
556130
96876
203333
656333
758606
164975
762279
690548
162535
531258
764762
900650
578092
30250
570408
653900
203962
970021
908397
296355
127511
327839
950891
70254
60444
846393
200523
181592
763324
801795
484209
3145
268405
39650
736826
319833
605905
300749
898261
677086
543385
944497
39611
730982
280983
203509
320140
50048
46215
696472
406600
666229
240474
264885
646374
386133
552870
766120
240660
834027
362285
535947
545356
20050
494727
936858
613839
401825
337199
670773
50242
182273
611112
19331
263841
421408
113354
872242
663652
495166
67181
736989
746349
84581
646832
641159
272106
783093
37991
769732
434573
80157
460767
974775
925477
177318
609998
187062
802137
5481
316892
205066
485633
492193
18824
941586
351201
834971
773369
82630
608899
535498
86498
781465
315696
446263
910800
725368
531787
869461
399315
280880
676425
471538
30726
334956
907472
933642
984445
105947
292715
571894
731083
975216
477992
603458
307757
835459
490447
423004
305239
171925
306111
386855
168472
33713
508518
748335
201644
934765
818844
267128
961054
924752
25821
347439
457496
801997
935329
153858
972809
635310
298266
835083
673393
570764
18698
247335
176332
43194
834622
675621
749976
335362
297834
447578
390021
590663
223458
632018
280889
830538
836595
75041
751933
502920
884316
704471
504135
512191
861292
468305
540196
376977
877049
353644
308930
18242
686394
31829
850583
845020
858434
813244
666034
105778
456857
717735
985372
984705
659193
372195
85738
879602
796130
158037
388450
50427
63770
47342
180104
448998
817221
285437
266436
209834
560476
524382
54449
402933
350605
508944
690244
288843
249456
297445
425175
938696
484641
128018
936401
696385
369854
834278
715956
371785
868350
427992
384835
233295
226732
478904
92558
315813
33727
872456
470748
970139
562712
336100
516531
451530
836888
425308
928902
976557
205787
484706
312828
840937
744788
905695
841625
215789
969605
911328
467915
103412
370332
433965
278675
311911
349477
869434
505742
126944
283504
474743
780319
394826
575744
892802
864187
850212
655085
316220
231569
770788
78231
99513
887316
522936
977159
366609
714470
976167
228195
248659
206691
830742
951118
977370
503366
863079
40730
134391
595580
552956
207019
666829
688387
611738
408105
389628
894079
621736
41953
250357
288217
33110
706361
915757
594516
627290
445134
776941
707374
65173
233900
95877
432495
391700
511849
454369
658001
296883
752222
205875
830603
820701
295107
644048
654332
729326
882022
727383
693681
74425
583240
81420
257427
527973
680852
773827
772208
964658
963517
477495
183396
677530
947442
413690
70691
48402
412737
837767
73126
870575
590213
14451
31728
335014
753933
680322
775036
300332
188683
514390
866245
940988
764598
268674
246001
890807
332413
158845
360795
793189
777831
143154
66492
247193
372364
108148
472501
694195
192361
353423
126779
562687
855332
164666
107423
985915
575901
657448
736633
590583
567341
935869
419120
540180
356670
557278
638697
114670
967111
310817
938314
719766
455074
501092
800938
517176
567307
454265
688343
634332
926647
116287
52611
673096
117967
784460
918667
628418
427527
244166
599141
721778
860768
814417
115750
95590
23350
972770
12974
666480
89926
732402
945457
513962
11392
438863
942242
707098
823813
712461
853757
198448
34750
787993
334769
407212
701848
839341
786601
182428
743263
48607
279734
364675
976310
119765
621851
691734
600689
511827
223988
170847
227535
294005
398403
641925
632983
603960
324504
552995
136973
516146
495133
475732
371793
481506
111228
480464
56021
267618
293485
388911
636281
2297
221727
659085
608837
120589
598914
674695
566274
696245
852591
141729
190261
801901
693557
614857
52153
7715
957377
26614
390648
223214
784489
12715
703110
170974
778325
59736
149466
64046
13770
415071
113321
201174
56532
69812
451041
18301
912016
984413
761023
372236
660051
347097
64077
516510
736571
639197
98364
538899
950416
926969
253785
751236
361237
921178
432623
414032
989297
306856
205050
570069
185653
305103
459331
945467
673354
149276
149277
804650
562936
153533
817786
725788
791317
639659
543658
813580
523016
597731
355378
63438
199737
602319
889413
827512
37591
14084
778145
612030
403077
742693
841673
425052
312738
992548
507930
818348
863603
719720
295821
372375
57711
852363
260616
223208
730279
551418
544545
599292
749009
717952
477040
753942
487600
60764
858383
108367
456481
449742
135409
33642
892483
82481
301020
560581
477252
125506
598020
832620
52933
282238
3141
562248
983145
714858
794493
153269
421823
739820
156357
515441
422537
669463
707274
685232
991465
760324
254027
844108
378407
822235
954417
860057
306465
637041
369926
823063
524880
773579
834451
296064
830002
623361
710811
495874
632218
965438
461933
159943
498704
165028
809706
865839
635558
348620
378836
626975
173272
173163
613326
896883
273631
211024
255478
509903
338898
989001
452763
319251
535993
242022
198365
64940
177328
419541
25376
66887
740341
39404
793836
794977
838734
864070
882277
300091
689626
26820
361569
36905
496434
676469
477227
755144
994235
774928
141204
567503
16843
718558
404848
710207
332021
87733
183604
65204
629683
620958
596650
979550
852271
906072
761806
93769
259502
580022
485897
702231
447705
251427
260487
283856
588457
119366
890999
417360
300591
337984
562654
794655
615486
665874
417753
842653
333622
726108
60781
332700
421997
865920
386700
396680
767163
901861
19047
269185
830818
798744
111018
418505
72216
110348
145113
71385
747635
232834
357509
788686
565808
323460
434282
458305
839712
915979
214696
328756
872240
305152
602012
641191
146579
92831
680923
36875
999822
749752
746507
297870
520928
542544
66653
140949
923851
118436
643114
640264
313603
748365
377705
365126
785522
326911
35723
643641
366950
451115
265139
299781
886168
170437
720725
747482
497946
797216
8170
979178
549020
121396
656781
624500
427738
989634
745013
613757
362982
180110
336272
589792
512781
777867
796856
143229
536745
102805
409556
334029
623939
656408
440270
304406
488226
564622
415532
191673
396148
904549
31886
851625
2136
901950
446659
405686
729350
14034
583495
511815
260892
559343
716957
961639
4166
416
901509
555638
118152
59371
816987
123520
957483
296756
975116
897258
565122
950527
883893
230856
681367
222739
637721
309004
979575
932153
629439
741018
383127
838692
80294
142006
831842
311402
414246
589663
30816
593905
256805
795701
926852
650661
353010
499989
653586
412453
453313
626821
150315
536061
907140
360651
350518
706638
24866
280024
529965
2186
397654
378338
929601
805276
213031
316687
724011
532644
366079
614157
788049
424480
712747
135230
467537
407654
619502
957073
670700
718733
778370
909804
344914
389996
699628
388421
750662
622330
59259
601808
668909
257365
414620
635090
44921
708126
623581
49941
947628
712321
326460
163956
717451
464530
281643
565910
761634
768467
910627
29559
737710
440402
873250
370274
463018
890415
218563
127035
249017
105212
597816
907448
482988
502781
538278
114032
263537
630414
689564
491404
61977
647716
933169
399194
181124
599275
570042
81024
258028
580303
70629
222989
845898
3223
46326
869035
823208
149547
36059
673009
990596
617846
525485
802773
442718
272614
604678
667711
482143
475280
198521
3000
134182
944945
946994
74753
578095
982032
729003
84608
725538
884159
929352
899413
393078
938367
569297
546827
764480
803971
802697
821547
616092
736205
861423
459690
698998
798389
529296
190018
921270
999176
137671
153118
956870
854157
535123
562478
193793
908899
278995
637147
97913
371270
795680
959252
852517
865648
888775
237639
693861
748508
528034
484204
936564
966502
61650
916987
490409
389070
984346
591102
613418
893019
955547
337345
717486
17436
471336
812325
622508
209417
67589
181524
333285
220425
946945
544718
61323
755213
49837
117858
940237
268185
681528
243449
764608
210531
227304
183245
730219
62932
459319
246519
316143
529067
873800
636773
181201
838529
118724
837673
922918
156647
69078
621871
128026
378091
437887
572039
484572
431546
269590
921760
607145
179295
495968
73366
538804
908777
254663
792482
122479
140331
832123
949872
722745
722909
801698
564494
939940
347040
329213
74176
183073
344159
833240
13488
324939
931985
225709
219842
680652
676058
690007
392838
297200
754065
574958
484679
170052
832029
243587
482048
876074
604600
356153
954158
843197
63062
333502
886145
240411
102686
903589
811820
14675
631511
292386
991196
45036
411102
614689
762693
676944
153747
862531
170647
802772
138068
801014
934032
713893
419937
331375
290539
78672
423839
674311
967542
166317
419192
635951
779585
231081
659423
706705
984178
424111
122033
635781
776054
30003
532023
16877
360786
95771
873032
313838
495255
53834
747468
900555
206644
650249
866203
399519
974181
86868
59075
667191
721481
312319
305384
131210
264850
369923
102342
343190
579926
965609
12883
124120
502274
740946
969792
130470
194797
157984
51421
392429
347210
711941
446428
989379
965112
185382
816109
591400
196084
125291
547785
909982
140462
179174
585547
4514
809721
800157
111736
168198
313435
434678
157279
938668
606148
602430
156828
885217
105948
887765
514358
712723
437813
988666
253416
160560
304288
481391
98109
284637
517595
803785
806484
996240
306088
899478
99267
376459
754617
821354
1816
244214
433990
294600
531707
3159
535169
133610
459247
707376
548513
842222
369079
814581
53147
463005
958485
954728
21360
424280
780333
776275
195231
39777
312457
339553
833466
421955
335478
77978
913110
295839
450123
83834
957596
610517
702729
291308
453756
93835
897566
649832
982146
460445
858820
2086
781120
737697
73223
683453
859307
901333
679395
586141
910530
153448
586315
874789
813033
387105
320902
344674
991764
699504
136180
436709
775774
683856
296879
74368
367290
31701
859277
390813
92992
322903
492033
332346
157673
127227
338849
307973
400150
133403
677762
309519
76554
15249
733567
433456
230073
980325
974553
630200
185592
140624
489080
862477
415891
357869
150032
301478
759101
430331
741343
999651
134498
710161
221138
332614
581529
635679
985223
301842
62389
902044
9774
87998
175419
464337
107144
757014
80493
308098
29841
567919
658245
474036
958779
733381
547645
827296
165519
338291
933195
674354
199032
571149
384427
6526
478043
318365
213524
449920
613406
199737
650124
413326
839882
342206
319639
935964
447179
733355
153611
104492
651668
240924
517951
866960
879967
637344
108386
733597
564306
223930
131559
711214
128446
176049
237918
886674
291904
21460
693534
722643
796426
835854
6367
507428
358588
861089
582884
235878
370668
951106
387285
993431
457605
312913
841706
525591
310603
243444
854468
797016
745788
900687
259094
370658
484306
163746
580288
314497
681894
172094
711164
936140
754542
562789
767089
603026
137895
283901
685349
876514
174862
313585
661136
48567
299463
918373
744267
775230
430305
855251
916967
537990
507953
92871
768667
993027
733338
846515
115989
390335
263023
554352
8497
974174
814127
480146
735815
340300
488111
455078
63007
462085
572309
454218
129407
941632
448960
380905
201061
948345
560581
171858
201681
247962
558037
864053
382714
813829
495738
339769
42720
75840
447104
917436
687553
807294
490096
676328
777189
89542
557815
590063
62548
766274
255974
342435
704488
2855
511059
690867
791997
979003
614108
605958
375236
533192
186316
52397
295095
362779
632917
12745
714407
21945
987581
393209
982513
435295
155734
61821
363791
609333
16933
928492
134666
793422
683429
109262
302093
124574
774116
843863
486613
354297
165834
358657
826309
977156
812153
802628
209495
397114
327120
480757
165676
987037
119498
802104
787587
312311
564996
84835
674632
504907
933916
34801
185732
114077
18165
997984
498739
707739
254998
938536
219315
321191
567602
502296
500376
375938
660482
394318
505244
333014
992847
691538
559796
907296
912524
785488
682366
192568
380447
652912
346902
450558
236032
266068
927815
569571
610106
181677
820062
582417
246415
586170
931099
384952
553785
819999
709569
321142
343242
912094
592525
433314
474484
618548
916355
811958
898981
669778
680099
393366
422859
904182
263035
663169
847413
756454
288982
349075
535130
124041
892370
676852
977458
661346
976207
644769
439490
751337
77699
94165
153013
434184
460395
787667
879526
15663
507676
70611
816827
313620
538872
347910
122667
119178
860219
656136
861151
150653
887349
337570
419062
774408
323154
954872
809059
298995
158805
290133
391537
512972
682403
38801
549031
710048
414204
532637
730695
229783
855108
969067
111280
333993
763007
836988
111331
580417
802268
113607
101730
788524
630824
901699
157172
887806
444835
454674
91718
683457
232688
32522
128492
809051
397861
212512
2564
872699
456771
635315
237307
656575
910399
584563
100457
897126
585599
248876
498200
507117
330528
274035
976226
122376
184372
44651
918136
146494
271113
465140
427327
763809
285732
730546
307924
683881
81805
483317
100081
25645
473412
145802
918247
286845
869649
538589
350603
692126
321145
165257
738221
421347
657037
786878
297603
298020
824604
737294
592549
308446
636680
646932
273138
597671
914422
786881
342736
676940
734175
552516
809552
995337
897220
431445
925935
216163
655998
918239
297080
665638
535795
557128
381384
236471
36709
78622
11242
641429
998372
847263
9568
353520
909284
545829
335363
104933
472425
483948
839297
858518
212638
161410
684422
860131
276293
298186
525686
408647
67593
689644
493206
292049
620400
12380
667722
64444
718252
257350
180985
472686
170576
178899
147149
558474
139872
985435
272214
162546
756417
378791
46414
265820
788943
1825
99895
193807
419342
289883
439585
907643
528888
312632
588487
702835
246580
351355
167577
843528
901160
944874
74645
407299
186661
78430
528654
406142
719681
81066
768335
847583
347714
636710
860697
350514
745782
163479
975943
118306
214304
194876
280339
202452
605325
298423
32817
253345
192900
241366
685657
750254
695323
229182
894562
919401
662694
182707
96714
234145
737035
34886
435026
152194
162225
202076
359110
565100
461655
219734
147098
456560
156161
795938
816944
656423
506892
354078
993719
595886
21347
519332
275757
850049
348362
511734
607620
777843
922840
216839
920611
554247
612162
937764
983747
363183
336081
999102
920634
673310
405429
497364
506389
792652
580468
343809
944797
25670
453179
182559
385084
59438
156629
644183
970234
564822
344761
442375
34784
325941
611581
968078
701053
529476
980777
999543
258118
364408
352295
296831
776984
133916
586198
501060
443226
148426
540669
692365
422206
555526
929180
706032
207078
19318
364830
922788
587427
797442
870828
330852
909272
764932
624411
726843
239293
736364
986501
786034
637312
185587
339573
973268
832325
692218
559996
809371
506382
436607
940192
837241
696886
651258
449780
10180
513880
253338
922307
734846
450061
520343
53350
31488
743313
633908
458549
2115
187271
634003
207578
753611
167123
794036
128513
394673
715813
561292
859116
805259
360918
693886
242914
952570
695082
675576
535111
260815
594486
542637
994631
629402
821851
406570
564076
369873
630832
744407
718608
671258
147646
154701
894316
437686
611492
779982
225230
292105
717595
294565
782057
394442
2900
508763
503814
282115
635262
287699
776345
694341
912163
455235
574958
256812
614834
957647
226818
591754
473175
409604
42287
371507
669318
648621
37055
324325
264407
866581
731681
253137
473996
248155
351352
394826
202670
163947
912593
757449
222676
360158
275885
260379
642501
825200
403517
884904
135029
222938
48876
772192
526316
193548
344534
842243
625540
884617
712150
441165
165905
568222
314236
629053
438043
767232
82974
659009
336710
653377
722885
307008
417555
502575
818249
658371
519167
800073
871671
717889
582473
917727
196590
763269
338385
307845
736457
541630
840348
855987
644022
696867
463988
837052
217061
573569
648236
511209
276445
573538
735490
217586
210792
859483
165917
195864
709679
189875
278261
296482
96416
537835
720401
165490
166283
651119
655852
110146
475276
664983
195697
805953
561571
678234
442278
890500
160224
78800
348069
790379
763705
487457
99780
368145
855486
685264
89558
951663
799395
906718
926731
278734
495804
541340
135282
769702
382984
653392
105567
668312
458212
953859
568680
312773
417825
555622
431945
863497
798959
77342
805671
753944
145976
66675
432946
397747
294409
268688
655011
82182
587819
58488
576677
609121
280080
753478
280464
880913
641705
140510
910864
73562
296468
488630
504164
372564
789491
668027
971138
805216
714840
25249
984217
40453
940316
865034
394542
895722
820687
198226
367080
593394
73
999413
103719
302960
665759
571550
77966
356869
845682
581004
285409
237533
998561
75555
430090
312834
74334
347277
430454
500507
837278
67467
59612
763270
795946
501084
784350
298253
204179
874888
375944
525127
893634
132937
338549
28302
587181
147735
787536
1560
619878
447119
475576
340212
553870
297215
608189
834531
548326
905552
336839
406929
913286
298640
560023
376686
38502
986140
447717
731438
571097
918439
723303
127065
100442
511913
762419
370127
712767
770726
466555
915548
254154
789785
964216
958004
321759
673789
12898
819403
57103
763897
98139
678099
407570
893798
548907
524243
349460
141694
794982
183393
574566
875490
773162
318140
235861
927431
506885
626632
376984
406399
180851
306982
5346
126688
159428
711855
739160
807827
945692
265870
665309
456634
942421
753591
32648
948863
364479
734984
708087
200822
193159
289338
689149
912814
510581
981827
74807
653273
406543
402700
882428
15445
773659
381194
212658
450646
22722
595516
735613
221618
675728
637375
358483
547849
454168
387985
611179
707407
820917
454752
984916
466232
520747
413006
181858
139583
926955
675652
145667
678994
519541
898992
135855
997341
934552
207324
771966
780017
985941
372908
630291
792529
848610
44916
317302
38233
514570
926324
51968
529932
96817
88945
928559
766776
627509
20912
403354
169544
240561
529426
924094
500518
472155
638471
687030
665994
859213
598128
456137
84132
807585
622933
252829
331874
208885
103680
178954
683998
2190
371572
338058
118568
503640
347597
91468
258027
342923
705781
493991
926590
367146
172160
211884
595593
951013
764645
683284
597010
45663
613978
77912
299811
816010
435147
800864
532826
221485
558454
772755
838861
479495
829286
334157
582423
974094
85577
247151
668484
553104
502832
89935
108501
964155
265956
697488
358640
953976
679135
547021
457575
877553
400174
433391
853731
59315
138401
633950
905260
686767
34091
6420
560920
476251
129821
384141
274703
914166
863354
328091
406199
211944
404278
960470
475840
372167
101264
119856
105997
639606
472969
248806
642557
245800
746559
251602
661398
776706
131307
836893
883406
378399
522035
226579
889781
824173
893165
113423
856002
291444
682738
691605
45624
838967
715738
965502
282676
260787
831833
64846
736790
517060
638709
237985
909578
957287
13155
728452
181042
325594
523646
39585
920433
452832
90019
566418
355863
104801
287659
439638
776548
538029
279686
37217
707579
213025
963696
722253
467045
426466
672915
44847
366078
136455
249273
419845
369344
763667
229036
713931
395049
528287
68909
620716
886668
365270
876877
832982
594546
181338
133226
468070
370154
787845
141129
619266
754036
807434
324749
297798
81350
392889
386322
47446
548217
766817
515689
372051
442259
431951
975472
934633
879025
212789
587660
168004
225809
328295
81606
61474
356026
229246
862015
948228
432520
346783
660625
45630
990488
35414
958724
774318
868044
261403
597930
916361
668731
960055
942360
993169
170296
827648
605825
255075
282045
467520
616624
322284
709109
604020
401057
831228
874723
916208
660029
131506
894898
980896
370865
469783
601369
236969
379946
389255
206058
651437
434735
266826
213816
69806
50586
586690
11491
745354
700660
752316
443586
926628
548588
812712
653227
659043
494580
444902
765217
211668
498873
320822
465755
535531
929469
303570
109421
345255
346834
901016
137110
119891
543412
102430
306469
819816
542980
664554
924296
719184
245149
600442
405298
285573
30741
424893
932264
22104
315538
254885
408553
567758
446598
625108
884152
274405
632584
356019
68103
556020
691536
78626
664642
572400
395727
580873
152948
180043
323561
32666
358646
172496
219295
961347
363655
304766
676462
453472
331574
535182
401980
668846
409666
319608
569294
592060
615025
714472
460157
810651
931252
667897
998698
328866
539112
975443
415759
690459
259577
507805
589360
64654
919073
80609
978352
718055
880463
936188
941951
263622
373090
669886
832113
100260
546452
64612
327402
632861
518644
142191
558582
383134
71307
788512
917301
439979
638560
235731
492723
661517
219864
837429
497430
240919
495605
314788
1328
175764
393727
740194
670645
766223
208896
529652
365574
98751
760488
481629
811116
354316
374673
712626
277024
534146
303005
147418
851014
554769
324284
421732
23482
405886
975818
503365
395779
616618
935381
740012
9573
287293
689468
325636
668179
569391
75314
239174
436736
27827
382754
258807
930518
886784
408813
128261
374912
953917
903503
682810
412770
225864
270495
261723
12328
628259
564405
955232
500988
324155
307878
330191
331601
554967
144234
770103
987485
830105
724767
96518
722787
256372
14054
831943
612206
942251
716459
342588
880154
504641
709315
572564
193355
347203
589550
958026
711489
236334
235707
537242
970884
622142
773323
545119
918713
87892
343405
298702
752663
843587
921449
520713
828467
621431
232088
424993
669431
355906
270768
564139
355633
216580
957342
438973
12167
419319
721164
981126
872585
220053
662402
176007
870239
41446
813032
426290
108513
230505
638890
290141
206662
579998
94132
320611
572403
352110
575261
111512
233397
432184
425184
752166
980746
759033
412932
169928
164570
829079
55326
761635
19651
281098
518893
894780
666641
821096
439587
964058
747341
85963
191811
188409
626476
949921
560869
52648
714985
451151
799767
893568
585645
582402
168606
483521
862761
775189
664538
680138
538502
532888
325063
185461
583668
758275
564383
314189
285791
728695
801629
830828
93312
741613
209309
127286
43920
631613
780000
216236
255127
537613
478827
416045
198754
250516
162446
245775
901586
11978
901634
223382
211345
819758
216556
921423
346080
335859
611966
561164
925900
883272
703101
771133
274495
225795
313501
140326
768499
914473
434696
570754
783041
565468
71421
149364
498264
130466
530325
36134
629641
993678
146658
30337
948734
961485
167344
35719
456395
178639
517997
66256
915165
478991
582501
808671
749710
232129
973733
600032
199515
751447
314881
126656
303789
519665
555186
658537
865619
122591
44119
66457
474321
908755
35612
210014
732690
360936
479992
602352
758776
784521
57488
899946
197524
864127
824825
757414
971633
705947
750875
529909
989323
376700
614448
552504
600477
602558
594220
955103
460440
196096
480887
28795
544623
975055
667158
813249
60879
169204
74791
404189
431084
714774
303435
899248
926903
520910
115294
935208
601580
969286
990433
760187
463111
485068
58553
929088
231766
267001
499984
288234
218410
376120
892506
114209
356711
181749
418610
192511
791547
949924
74274
695396
292651
107243
441218
816950
755145
80493
576695
697784
246722
838836
229597
152646
938900
591226
929855
664746
323740
805204
916419
214942
603085
636860
111587
173855
952829
829753
666902
654571
472153
681645
510413
668951
228281
67195
988824
875598
163023
140691
464873
789738
461560
766107
863793
793000
205941
368891
343079
692364
708659
267909
428967
945936
147782
82816
39287
437130
671732
96080
803492
664217
468398
872771
896331
789323
182874
710330
615667
213327
452235
955314
196888
770641
75602
486894
683779
514040
34158
202435
549332
631352
792670
455679
512290
421524
718680
290807
234809
921140
665298
847596
408962
537054
93309
14553
855296
928340
501201
312348
621942
832522
362243
220606
773799
552451
465172
209313
835765
869959
743875
849349
390635
107395
155939
175095
172950
957501
535303
619990
835854
109809
583001
929667
270610
683341
249290
179364
712337
915270
256547
979861
278213
858581
282682
53421
215994
783122
504257
180328
684781
277931
322937
988086
849615
259201
594308
632479
127017
777695
912215
682641
264409
513623
35278
187848
174202
177403
841305
924312
528674
890101
793684
362458
662020
883268
123317
550129
393142
955987
524894
438008
552014
839800
636819
720137
200357
952070
664453
125228
25469
763663
758093
619419
681727
146169
192052
611631
342493
525243
801135
758376
229590
874805
456936
500573
871064
585450
812279
635390
154111
332635
538352
393219
289979
167488
637077
343028
770768
178469
866796
805267
861688
254560
926828
215273
261347
946731
225553
145836
811422
241378
366415
78410
527953
893082
369058
132756
380579
403739
837380
491658
80440
558844
720568
80703
346138
404890
760900
881321
306101
747188
782843
223751
812284
704422
64376
721711
342122
21568
339239
460531
904035
525763
487101
603247
39289
242679
526024
302258
482954
486508
546528
598663
507078
257547
420029
272287
664334
802519
198179
731932
943992
610438
137720
947900
292719
651254
20214
552416
654007
347598
59259
617528
93007
946162
3069
629518
257903
152674
393564
194091
165873
791920
425808
98921
519500
20508
364481
194071
394811
5005
382390
354882
856060
930478
693221
606246
929908
59875
238184
234289
652783
327463
759185
113648
542662
475332
400084
563545
979290
854957
721507
853171
941884
334523
103959
158758
799855
122306
742921
236571
670981
825936
479809
561999
788453
816898
804422
842490
815022
813058
613844
551958
345782
741600
447276
722446
6892
148108
787845
529668
877915
877166
572448
231039
83791
647266
981689
557232
580306
600339
199001
588959
96655
735539
455369
432823
79640
319764
323169
181418
640579
190886
847550
209346
161135
133453
139857
425286
308452
236830
652628
901829
302361
200759
339289
48257
942287
939128
358459
15867
281882
409954
503477
964376
783679
417482
136849
795757
348217
642489
263224
417900
986902
432995
329448
972138
857087
558979
78981
911948
886740
686927
668486
878862
873013
287709
624272
952687
473182
337362
347616
494652
227818
625474
785249
896504
583672
489450
437469
401829
207019
996101
746896
434290
303563
354446
69272
876353
540233
252947
536201
268692
247071
365171
184926
335891
264406
5044
74186
944380
494049
923459
289004
392359
205927
134601
925088
283829
419230
743782
93169
532885
679955
705932
713325
377394
164102
528123
961810
532285
142065
692244
558756
333970
994793
51741
132896
530121
659294
607312
44362
776220
215869
370080
917219
680432
7348
345993
860791
734082
325589
617298
394770
400495
161492
25122
457299
361951
510058
488060
711640
880080
971740
994201
138329
594427
869014
48737
280209
788388
583601
460293
800598
6723
758804
306300
445578
392138
330678
422935
767594
770835
42689
213891
147395
979304
497106
716891
897029
664494
37469
499304
191664
491630
890670
326390
838571
748545
812106
146963
388915
663576
831348
208167
902704
479526
106507
767467
503844
627050
146129
79239
502844
513244
834054
909132
10313
16627
155443
631051
123400
665745
23618
865040
813725
3980
850762
618750
492383
974106
6121
856328
532812
138200
254090
100170
773149
69495
142663
504194
24373
812676
392360
835822
958643
479570
339720
638466
965926
672709
135896
343622
259936
479614
525181
865674
849379
935518
701653
672711
194425
667065
428631
700180
87968
166041
574936
858817
898273
208364
897130
696084
883905
30475
329567
323165
195089
765735
655979
316472
430816
722770
222632
627167
571537
298023
689586
588009
344519
666392
361586
768867
461500
982354
506297
485834
785265
359055
263298
158562
632832
389559
5146
655413
42829
180788
414555
658923
546907
347665
30931
776195
783355
291597
621188
918828
400286
905986
633989
549890
918732
481581
610118
540840
204525
911514
607985
155390
730309
430573
721643
711423
800637
289038
859769
968250
923740
564978
544640
191531
347157
307715
172389
872246
82425
829804
6931
298943
800973
428866
51930
535080
674870
418450
957044
798632
737553
966019
799140
351108
772767
881896
147448
315885
251357
316261
10093
429303
771122
371898
856241
515185
206082
86769
236995
718437
719072
589920
341623
885613
3680
184476
60565
387120
993353
987642
485985
847096
212842
593667
853942
437169
843076
445171
772556
192641
311524
10094
670936
94078
348436
130624
663378
720016
5159
274895
915346
572837
259251
696992
585492
190794
706908
832770
553563
529773
920330
633050
741489
426860
576636
102540
430603
941657
736694
573444
999755
701837
126294
603230
994656
59365
34565
453048
728841
913630
864520
845905
165622
693833
735862
915230
275535
375979
517892
630377
729166
668467
22332
450662
787015
961048
918285
383444
766088
69391
382075
915916
309211
798118
830007
176810
585256
426432
643209
389909
446327
75949
694761
995884
624980
7141
99182
361998
482955
149282
805214
15430
993107
578071
703972
744594
110215
260944
438175
525454
305039
184039
909014
807682
735069
448928
385482
787333
611091
378082
935972
945868
486083
603667
951054
876562
604046
227470
149278
983270
22381
882243
796716
133708
232910
875436
57540
874705
280854
955688
612791
295343
880837
197558
782476
97496
242744
241551
441428
216482
708935
471135
596763
757072
867854
155298
357178
383609
791881
660312
561418
9112
720089
917092
828083
374959
336227
845575
724706
810584
423320
675251
625753
91881
961679
125135
834912
153539
290829
469767
956697
824056
970279
140876
965297
960470
366527
800303
315507
454228
445930
654613
426166
588888
770482
61016
131063
817827
113271
416123
224705
42522
507184
146759
545032
633202
768911
932998
684182
625462
999363
958299
457117
925688
849815
322812
362731
192914
959543
952462
868667
452375
972307
572060
529639
922844
184284
885363
92475
103196
495980
21916
810982
329676
419650
207606
118986
668092
107562
519024
148082
351718
764348
236065
862947
691927
508987
802756
431115
232951
574301
411091
699990
285303
892970
21694
370464
122453
972157
662792
569221
281551
43175
232319
245267
576290
241587
666518
867617
2109
520069
117024
560825
121287
445916
545323
694192
251978
49014
684215
842967
903226
877331
964498
365514
451110
588753
513041
596773
599866
772854
945837
804887
56046
369613
170551
714574
159567
50727
114105
374418
835048
119490
219371
569774
64333
839240
265039
68552
737027
375214
616809
795730
484751
330749
970462
917593
654106
690926
407273
179899
55293
184109
561396
206134
65007
299264
244825
116571
451016
732225
195828
291681
642161
262279
439652
801429
250091
366243
6623
273455
430136
238214
592943
974465
940841
388608
884493
890888
285765
503331
901336
942693
542547
119814
50418
335141
945669
877093
769592
422460
625921
283686
507419
30033
784973
384183
508128
524019
658966
50066
189296
581673
568284
553634
570908
364838
201982
346048
510386
65499
604317
171158
81205
406311
197936
451684
523515
761834
535460
752225
186024
924599
829805
356473
796098
743207
84078
806517
978290
146634
132929
161273
869590
124665
472995
382310
117189
854471
645887
812000
67744
76118
230869
494761
687953
828101
80007
997356
674339
648519
887232
288790
303422
176079
534913
95263
169789
931623
768714
992999
811502
329440
798241
114107
985061
9508
143810
25462
842493
880807
769315
547268
916397
961852
344162
228482
436610
754180
960077
342017
398206
612545
742158
113578
237965
749641
802737
697531
481312
857557
224788
875055
541929
865017
564586
67196
786737
493550
984107
525686
438745
769227
956956
697233
646827
947603
642806
704388
15132
214055
903478
169992
764704
354076
947392
424063
627114
74087
187504
983858
433151
62773
315903
274867
254134
556311
900303
356065
300238
468059
924372
635722
444395
535926
474782
389931
441967
100701
620615
6418
570737
299122
317941
200933
144605
143643
945868
118779
704872
220847
513011
910183
177326
246794
790274
102550
886249
29248
782149
564686
910224
803374
939439
676694
192458
577260
109535
441333
190541
866270
994951
273234
425432
514026
178239
734074
461833
427652
916517
302529
201755
317092
35694
319807
283008
763994
391438
363644
567831
25592
953856
814374
457162
297389
217906
445886
872391
693041
450897
778836
806361
863388
997228
682279
376994
511890
816071
313454
312311
973529
215551
548532
942104
229131
637652
506526
584779
350502
603928
424392
930452
983297
359219
371598
588242
289306
307280
981287
356472
479946
270760
390187
495399
658073
783721
46197
163749
537006
271746
550243
658813
969311
984526
568122
331507
35879
20378
50215
431329
18997
422869
472864
452978
809697
753171
440425
457082
327673
493054
408371
140017
673338
323161
637790
65291
698971
839346
508703
383989
251394
341924
967933
294573
662874
346886
153718
156030
158140
157364
12606
396567
895882
372984
335975
197831
778651
199956
659420
161240
183568
22702
996487
398917
695685
397912
98451
666265
229859
305532
499979
226341
850579
156449
939233
530077
151821
418460
914891
75343
859726
969429
307400
744001
415656
584244
557761
196391
136883
36713
881290
273790
303585
596310
493703
4424
800560
958425
637676
287076
561080
399161
693404
654793
14180
353132
358387
66847
65853
520898
934879
107514
371682
258930
12329
451635
555796
116928
604626
676325
448750
822279
173336
851073
91634
316584
573144
295503
423230
131343
140237
486146
507101
304671
672758
371958
596665
879738
823446
479944
301678
947438
187477
193234
904699
579263
339204
990145
75986
179789
11710
839957
519375
849506
518889
116277
794053
774682
41436
390189
414259
469679
409883
328645
895573
91808
731581
236991
701975
393918
423151
665452
846628
578771
808977
235371
219229
748783
545918
628863
634342
277520
205289
615372
154330
446573
772258
717294
435550
562719
256760
450742
774035
943853
725305
787714
726181
73842
833941
879992
531009
224941
648225
216799
589411
600293
130487
897818
665549
234615
924666
527745
457043
185918
37367
507613
432275
972637
929127
13248
38339
601963
178193
807935
623139
510012
114316
220814
302865
256840
609250
967286
96635
515131
456336
217013
637806
455000
663403
101682
781517
213579
862940
291739
401310
372681
774284
160989
781439
86118
872475
967999
22902
766899
141001
555484
59174
808145
186167
695739
663004
778455
155656
950604
129801
890395
847010
57922
237963
963169
263505
509703
229475
117470
980746
376544
539083
762279
52236
799455
699873
125563
211938
719487
48572
292265
426757
3615
543776
150047
329247
104350
783756
757905
812075
597967
918576
696002
688312
158937
651579
612274
764556
158958
519763
240997
144357
440422
650398
815627
384923
796343
730493
377617
82337
43475
297369
123139
879530
184543
881749
22620
852456
576907
216163
815340
706095
41170
887347
957668
955385
261840
118341
693569
274178
467323
877151
801363
268884
547391
819227
182761
285277
958650
949080
973915
741308
107601
132241
884468
349594
184365
410250
430074
975605
520598
110886
420634
786872
376042
527190
358837
737094
461625
259884
830913
488278
519040
926605
707677
964664
832833
226437
925046
677686
751355
354229
478863
969494
668875
682215
891760
248635
428767
198338
137005
828907
605843
861017
427921
248363
589994
99101
779752
334406
9578
667123
552486
700461
207700
103713
134839
325304
438718
757793
539300
22410
425615
253912
753502
655379
881623
318304
264875
416112
860552
972929
430250
850541
958549
849087
439556
241322
878822
172045
565297
832539
205237
281951
287460
601065
43848
335389
905365
239414
525707
292723
871593
861310
766857
488581
92031
19160
777799
990912
82969
64412
718141
669580
618085
578847
38514
392926
290407
73754
192691
482921
740166
993769
93295
642164
692976
581871
950834
445255
93930
745878
940412
611903
898359
428596
746749
232641
470884
831945
128816
588811
126190
937061
911569
415334
113617
842598
952700
534072
8751
798239
851236
565941
403737
558613
412908
273590
635004
699619
725285
312930
988907
461885
606693
181832
495300
166545
696960
50703
103170
528713
208678
577861
142175
840045
228377
979795
386340
960358
389257
221265
832078
58782
904205
220278
817566
220482
573952
912744
368702
948969
354998
274354
342027
989070
474010
9172
811971
437049
484902
564915
171084
800253
291453
628593
248351
608218
555240
978391
654479
239810
921003
336495
568698
69817
364995
296175
312843
819413
16511
105615
889001
619429
99576
792380
327871
941486
575343
372069
993897
556369
564097
926130
863672
340488
501001
523540
859042
26575
445842
478455
321609
35231
27767
436245
661414
691221
287834
253924
152082
463986
211773
408047
29745
601980
461184
335683
405947
435329
420151
72191
183336
993019
288167
314383
527159
327503
525854
700594
682972
702960
220844
553718
506884
104928
422785
564230
113350
119127
815972
139418
210791
872316
366286
511308
667658
845072
368993
593355
794482
233194
784328
596456
31094
437917
354156
275918
120640
576309
235407
461647
310977
444704
315977
110809
123317
945066
647005
681223
566798
385313
942712
136339
900800
772055
382085
100074
256616
891142
704687
799704
493977
317390
900596
799458
3333
70361
58531
154931
333381
556127
415986
202798
325061
488581
809406
696866
925775
5217
836639
584603
178802
694425
341543
280213
626127
3113
938424
955724
884991
497090
74367
427439
308004
117776
45905
561011
617675
630868
296992
198339
523835
530352
88089
55124
30365
234690
582750
964695
361735
396647
503899
59464
198823
765985
261959
585572
447816
32211
345721
341111
663300
302569
52324
572819
864711
652308
980209
349916
23355
206195
795192
435137
287573
979277
8922
350789
773884
997179
275837
380667
908113
965987
294757
519440
957599
465183
625196
367682
117792
300987
135582
794159
733034
33181
474995
611080
315445
871168
913065
795556
994313
304856
50558
196081
781512
694554
527175
114181
206229
29972
678896
393939
243552
247159
243537
780984
878224
307637
767400
526453
550603
502277
775865
974008
507685
431364
755839
576531
903266
364533
674445
747470
749994
742953
21382
728087
775176
705466
335669
862040
744606
249201
114698
299361
423145
974919
135346
425476
963821
30921
572050
443136
49725
108180
703583
14101
84009
558656
381212
812919
208580
855706
446065
211933
254480
206025
625125
677880
458249
360593
478136
781441
76939
648886
774496
241579
404960
345848
332638
262072
921898
262077
544123
937320
389993
375373
868388
476875
852778
858359
296351
348472
781005
443408
827753
390998
794289
137563
853166
88599
393406
208580
253860
962053
154638
380615
265925
331060
29944
324590
127847
829336
536379
899063
757177
254959
818116
53139
822812
684574
796124
138635
439644
57562
513777
662142
784457
49469
485440
852613
792886
200249
807195
936183
860109
875432
840988
108232
441741
835905
837286
312012
625570
63015
839828
588186
964192
149403
843906
634059
610523
298834
500724
316002
297829
514338
306278
873477
993701
467990
157296
978026
651728
344864
477142
367053
579591
810478
662634
477469
277005
583701
914910
211447
118115
518954
82410
784649
908354
477104
884182
758361
234037
243691
824869
497502
93136
665683
501790
409996
655440
273124
132984
52397
819409
129170
440545
321579
476774
301210
955051
442346
27097
406452
36371
85778
88703
213093
304816
621674
183158
951728
279157
709984
567613
262892
797730
855973
827825
163441
678797
17461
538848
271788
353865
485364
415756
162898
881264
988404
770046
281777
725587
510291
983235
730146
283834
885569
544520
434843
387802
715552
194317
249441
194194
517252
137033
886042
721569
491161
124187
65025
152105
82340
687719
293490
400600
774690
164117
140005
805497
869580
778146
782839
106710
40252
443425
821860
604615
546026
75538
406482
607580
262927
252765
534214
730530
145258
508076
159865
891670
822304
954658
611525
278436
772030
199291
389754
407322
337435
593793
498254
764718
41177
346216
551408
748840
426826
928071
632445
624877
24174
792243
203340
184170
172122
318522
621732
568537
874613
476473
592077
584627
613725
971162
955971
569970
698791
694382
590407
356034
409602
371811
719121
112899
118332
525986
917728
868797
722911
382088
747697
174881
770292
341950
101774
401016
937639
326583
14269
303595
124746
382917
925786
762477
113652
371737
936383
96009
241666
959061
147871
264131
847293
349264
500402
631022
437660
702885
749130
852298
279200
785208
484165
326103
590493
483911
187931
135802
515993
98280
868503
765451
78029
680484
159203
816249
178888
399088
831675
143515
294003
695876
625732
621332
479983
31323
856566
653153
976795
846469
650931
413954
756785
781484
158844
754370
361808
546785
910649
446181
461076
965474
539957
579246
232097
692523
912237
737930
29055
729269
580605
714844
636255
930255
638843
981350
77884
16536
189919
788752
556701
854935
221599
376728
672951
69815
790938
196631
949103
608418
378794
181164
191676
882104
191196
160967
269355
655660
5692
750100
568444
590395
499913
218945
348842
526474
306887
639470
126152
957916
256820
401265
166663
55661
587666
394434
287380
362733
239139
972106
549342
8924
20979
65667
289589
248574
493007
438219
756558
757052
838291
298571
788387
353239
596321
97854
654071
940553
457582
432161
827639
75066
71990
748342
219196
54555
411152
875444
570605
720675
640156
375054
532034
520676
636888
778014
544355
288905
291218
103534
259694
751086
558072
666211
220888
139292
730571
32199
59755
17312
92402
687985
977901
926470
838699
41875
215073
3063
758492
914848
996519
840044
184648
33816
157950
433358
261917
82353
126698
657068
980969
43939
772593
308696
933485
269905
538175
31519
957066
696463
702953
573410
405720
784212
421582
510805
104470
391677
534490
148564
441979
813371
966180
651357
939691
76059
695927
812270
358021
921329
279662
432572
264857
754016
528120
560589
698743
193159
72700
818931
101090
60555
60822
893733
713636
403773
479166
563003
171579
897896
605642
704326
673649
637434
859466
100105
779721
293004
516049
540888
817877
80016
400083
992396
200293
957910
123114
471200
919002
918203
679283
860204
158808
626670
959701
144571
452569
332512
922401
983115
53215
561672
552277
551904
191682
365968
495995
41477
494823
207967
64559
118432
942417
744708
925181
337585
983569
763900
124008
112231
895193
130208
354184
833951
902127
343278
336843
732858
54845
473138
985500
237913
782532
730064
480288
328503
797361
594737
544029
317796
974792
13064
233397
888858
551805
665664
191249
583614
703010
446148
822681
642996
572345
433578
679967
255199
691883
938044
849435
935028
279570
850405
761489
313530
201969
71797
432591
830432
201027
376465
854994
113338
472432
442938
709576
214170
200604
280120
130161
3527
247066
340770
22047
412381
520255
9549
190812
878528
659408
444239
719914
570046
584029
996527
830565
928257
719911
341995
179269
670701
893052
454948
844096
295644
204260
582058
235532
824435
944628
373856
388930
849313
567039
787340
200798
800308
417644
734909
14563
703895
932899
15257
428571
393004
434017
131586
659132
558018
449516
972069
741415
416243
356512
314847
633033
714077
736103
543627
202148
530363
662919
703020
352488
46175
840021
184692
766395
860686
75975
176623
239000
98040
362983
63439
642451
630994
40228
338644
714491
172946
733123
637912
70360
364806
206770
560052
918675
354066
287869
598418
348981
79876
676698
154513
909640
795861
790238
288398
595993
507647
966738
662038
300127
355061
809441
687012
540598
625092
615336
533848
964676
204868
794096
849463
460604
932282
189112
591385
989377
383182
503082
175219
600930
508067
145456
932033
867524
954776
492384
811856
985757
85019
353811
159589
512924
405285
214547
323214
793831
163670
573490
333123
446780
225901
61688
518583
347065
548899
619636
547457
467255
863589
425011
311202
142928
918573
309071
149874
43841
386556
784286
432556
306347
995446
798476
136978
42356
61401
15555
303998
973578
889115
152390
361031
351240
923360
172381
868428
574385
165845
782315
224736
263512
578348
519323
973906
147426
438196
252345
99543
811364
573075
194269
683734
328422
614627
400321
942416
696713
216679
631220
539819
164292
461289
657640
325402
109194
818481
742373
131818
665032
885220
56736
97258
194314
975030
837927
414904
158141
537549
672179
342372
79
683572
543264
604036
959987
461432
927160
516180
448640
776675
418283
655047
390457
794386
933467
599534
479463
117941
169364
264068
657571
651363
714585
380948
842416
517528
392857
682503
126596
524940
847041
925902
317031
304
898091
821608
333621
940551
935539
625232
876606
993951
669290
284167
377996
919724
37476
119225
638596
989055
819948
124686
682085
104
315992
746640
661102
893541
56887
846004
104924
406277
674470
589767
992977
57053
846658
428918
240144
406438
140023
493562
432165
372786
982263
754206
130274
569097
207175
107502
852291
869668
664563
157182
883763
902085
840034
848788
578600
244721
576068
895347
238633
918219
747368
899141
881327
912143
58921
742948
461225
930599
27784
439237
464154
722157
351574
411585
609566
802302
383368
794049
600842
685367
847085
21382
887408
213071
349691
928019
622786
736145
305221
737847
252110
443700
80073
47546
947431
519832
686117
372452
448420
161248
721962
325412
650434
164262
950793
982372
527461
969695
221546
995047
220539
715853
218332
756571
773633
701979
456358
287873
915552
632088
924540
935733
201391
584339
873230
940060
726492
203535
562106
236010
286692
631587
253857
632526
186559
742257
800278
897082
626266
555392
431219
942418
580860
754169
771526
282672
916106
685883
802473
41618
622054
743835
9967
475361
883185
98875
477498
978590
975601
711045
210282
239979
102478
931525
436720
828084
349303
532577
479552
197944
938530
355509
799461
169720
761264
398735
525294
530362
461294
628292
794630
380410
465848
252973
388449
408046
445752
80257
265235
774709
908876
986064
619899
70747
788934
975194
213788
743179
366156
421898
822540
541522
831904
798674
960645
163787
763770
801764
308632
458285
185617
991562
969282
300845
486330
717410
445079
940817
557927
367930
315483
368339
208464
489028
926064
32430
659374
648246
542505
410120
594276
257856
657596
103931
221433
339947
784982
458561
192448
870603
542473
568380
282521
85280
445409
501024
492880
576783
378644
300670
878114
231480
974231
406701
487840
70708
342797
31575
287085
354732
367450
775965
70817
278873
366870
130472
730704
964307
644062
43726
1381
507224
955908
406428
853991
972572
656934
899526
728606
69511
565660
244968
630479
453008
195275
476280
80034
140404
385302
705419
887781
205394
31349
909888
340009
335974
301150
518669
569482
25184
746143
280932
693196
784288
135501
11649
135777
19537
106710
544915
198088
616543
683507
763588
382991
517334
305402
231527
278137
190680
927056
435517
953850
458363
291132
668196
651615
910077
236054
882205
680330
479972
766686
487672
135131
192055
656425
835166
845291
18962
916597
246267
270130
34986
778526
845446
383624
651870
33834
258350
417097
747509
95166
282915
333137
601274
321140
238717
436134
535729
265476
164621
765237
526005
195807
675903
276597
272815
530330
705640
426728
342709
817351
725042
395456
865597
125920
502177
294622
105148
449629
701633
891445
644255
484197
775982
10445
202149
288672
208256
151396
340439
834475
315665
999471
117157
850149
892908
386174
326175
169638
649299
935229
250124
581776
324461
615766
882986
583677
405258
321396
275011
196056
660244
465251
106601
528392
907221
431699
918030
883974
25759
438588
539522
529551
33756
207195
397257
167093
167858
968090
116312
701265
822546
171085
257836
864979
821982
155033
268744
156538
780277
739503
977353
567518
797020
648822
390247
937642
113546
530823
305098
422568
374096
616978
693702
688245
472995
77149
530485
147027
707783
903789
453872
313117
266266
34749
18410
291669
184827
867563
967272
603034
718421
430706
662625
432501
748940
204114
451566
742802
596354
266572
688429
65547
552006
939017
726008
635296
499930
970907
415869
561603
535711
436507
394298
15440
321759
131888
456600
761242
657527
186545
802656
285281
39455
235362
674782
64479
817687
364059
916305
208513
461552
829383
931339
834227
346421
249543
315884
352596
45684
222134
798773
908169
927276
831880
376203
205997
286612
631947
283659
287334
596294
27472
98372
996435
342982
313891
523413
171681
780531
115189
466788
100669
650313
390875
166264
488036
104273
503471
503540
128534
426086
61140
750129
983016
387620
881560
329014
911737
797614
278642
252887
22461
119068
642986
705191
998197
225664
840920
714651
416575
694163
612420
527164
206921
336961
556077
523336
549601
138062
942309
671526
771944
306211
965017
157125
266214
812281
664623
335120
219831
969953
719368
440399
111458
665901
367204
950173
683146
686719
192165
78914
715965
622636
820652
367148
728169
601228
841952
853199
709423
134688
292685
867350
772752
502112
698472
967172
408901
221089
955761
163180
319787
681696
51953
38217
821210
825966
893219
961147
832662
601271
529391
559327
318238
5424
674065
503817
374050
502237
309592
734945
508562
447100
172747
758039
412754
74129
231206
894276
662985
676047
603842
454046
414809
679968
526802
917848
760809
395025
472777
75796
499677
996445
779994
660486
857447
949589
527639
136358
911159
877800
739067
158161
237390
905557
357059
56573
84720
675626
862326
525847
217080
804919
426438
294203
48005
348756
113551
59023
927058
928460
34684
44477
552420
813541
47369
808843
151836
998541
60962
133592
415276
676259
506987
6453
661415
929950
347481
711069
816368
291422
319421
310162
507540
443405
623777
212886
879604
683954
674059
748932
611483
459346
774430
637769
777582
603779
997664
693569
332033
537486
957911
832434
845510
13632
6732
600607
28576
874318
318897
336906
486294
100834
803038
460618
599266
915718
741367
893764
460777
60844
450858
195657
263494
613975
309717
793036
611775
997546
62852
846078
393561
479243
718488
643848
35016
599796
705987
141348
805502
378070
887279
477017
506404
279465
849214
256977
861734
499157
537580
81368
811305
208822
710993
428467
247768
23248
980164
165723
628636
754383
685593
938389
46314
717560
17610
149615
774710
537138
746931
629976
244293
629291
89079
752285
483744
958312
359425
165308
845604
945325
530725
300199
91958
331397
254372
546902
525077
517039
523598
474377
425288
586469
282306
385561
890230
893514
294161
424826
993428
971887
765505
270352
260024
183810
862829
192938
832461
121619
546698
485727
807392
152644
385668
219523
80726
596941
979398
740358
194624
777962
765721
962986
329863
530145
476964
248736
920642
282227
952401
367549
482023
19807
220625
250654
975261
16461
709365
394645
528687
112990
663613
818830
565533
960909
430894
863555
645645
643906
829468
336343
959839
65523
137288
689747
90141
90935
824162
827772
974289
574441
662831
737869
66737
224437
909765
137302
124342
775298
788852
51825
135691
563900
901183
896412
488160
678909
178632
983672
152285
103959
862153
357597
4724
14144
400894
736920
866895
420251
319265
619906
341481
327455
857165
236798
137209
93478
961796
517838
739144
718932
778188
250259
586404
610338
265844
394399
681453
537862
779188
145208
802444
525121
699250
787756
793668
83332
910945
377932
528480
781952
561348
710
966092
180105
322769
261859
813056
265830
630640
805017
629207
856823
550754
522446
752574
753859
627327
110058
538631
525085
609175
721559
874781
280115
968698
862232
216402
434547
828500
165571
511765
599642
572400
172956
680895
351579
507549
669840
112268
789480
500782
355275
496166
289055
198298
760374
640477
690644
581124
408848
326004
561719
728534
922984
478421
521890
774534
355060
721828
460226
803899
428369
369840
179359
302024
354136
579782
453321
277142
412441
307232
480993
977249
650295
104187
134593
940569
407392
504070
301321
161704
911655
580598
126087
20499
667327
626742
509890
126010
185302
215228
386659
999801
269835
238903
111105
755697
395406
556132
872200
611489
368403
86336
363140
703789
342003
404824
887952
213569
958431
35644
510677
755855
575553
708370
770177
684020
198001
889542
16198
780281
306832
107871
430924
294580
361413
802605
378485
357583
893906
200095
597578
622880
244754
681201
216839
265528
844305
717890
717183
776376
255688
957571
308141
899484
694835
812235
852825
827355
413073
816328
102436
240487
401335
417425
515312
146255
820050
913943
983662
969604
416375
607289
717765
447993
739944
21494
309340
336163
853670
997564
92164
931168
158062
240608
801669
856308
360977
204327
394948
126702
457971
519745
492877
552937
116320
667925
19459
636782
814086
812727
443937
497911
634387
481015
229548
657615
30828
84307
73207
76949
703878
23692
99474
278174
809829
625174
203472
883770
130287
180776
86068
291663
512940
382964
736568
161570
295645
873265
220793
856757
868213
595
672834
802762
54520
47772
451699
827781
783151
591244
477901
45615
460293
743732
891357
132887
512002
900009
496323
477075
895777
964371
412895
857380
393167
25317
96471
757751
885891
58599
641862
306952
831349
711598
896324
712162
790972
880750
947790
275777
322375
998182
548370
742616
717495
23545
403034
380077
578456
451101
482642
751394
286843
877036
357431
136336
827313
973656
162207
670988
933350
708668
53279
672971
929111
556685
339100
626338
736881
536623
922161
957541
811656
381796
347322
732721
456560
32479
687739
539142
827452
920823
546865
220428
789521
778295
864306
562230
966949
395730
124419
509700
544282
623219
128822
616738
675441
665651
880574
454894
974316
34916
125201
850071
302725
422538
169912
18401
801924
553642
520118
364357
508865
333562
316947
745844
558070
635447
263172
644476
254272
186454
870840
120900
99314
535826
912769
941105
803414
133796
128093
79403
386753
117969
846241
724154
532306
29661
816577
792330
903303
928477
133694
427533
383163
266154
326572
497535
267264
392433
976671
282053
840853
567144
776690
250863
398404
852379
233715
869405
440731
933348
394478
632317
673732
516985
219540
303986
689539
415520
398408
441680
553676
959229
677639
948164
366911
386700
485297
437585
623297
519465
281592
433269
913720
70348
669604
812138
510882
571219
218048
534600
951571
547832
158181
235911
18953
835170
748704
784418
27053
295575
351491
676824
415977
863950
840325
540557
584736
685346
189654
815053
693391
697827
675716
268784
154238
423175
37955
113176
105122
388350
880732
648791
474066
169315
715189
655662
127844
502350
242297
251440
279524
86726
918371
682886
182064
254804
741228
626699
151347
557106
340303
380695
566972
447075
494070
876761
555258
12444
544515
661598
483286
820768
815740
480430
91437
36841
542483
380949
434921
346690
706257
525695
56699
813106
420255
944765
595127
201618
407857
962340
909067
896768
98255
318164
31773
207532
451009
98454
789313
601167
619991
668447
30292
645692
865682
881073
280503
919503
369587
136545
131563
237890
327389
360179
11206
363038
349161
127713
116944
155214
70087
50811
248253
758414
932683
640424
548806
816131
111579
137930
33190
594149
427316
453120
982318
423319
956500
587141
830341
224344
216392
272373
527104
347473
479058
995568
366362
486158
897974
82327
876816
152202
490465
898996
399580
477986
989559
753590
144139
568364
125176
400345
376253
718433
971214
418468
962361
171957
878645
734732
750890
150792
302599
616758
583162
964212
589027
716890
898634
723462
277753
35907
618187
846858
144629
111986
972732
262336
170118
773411
246720
673579
937546
235175
37979
154759
415000
312112
482505
643034
396841
133099
520891
600739
537891
757000
264943
442991
676676
604309
698346
12107
858471
744712
770325
144596
19446
715419
319794
823082
111917
336210
377593
747331
428615
228120
267347
534812
157127
803207
664178
912009
495652
5895
776715
553390
654802
652621
614833
159750
268713
932421
319631
223136
744180
348939
157954
858730
65049
996370
112337
476966
297952
482599
719754
115321
734305
947024
116858
422178
696718
83790
310664
954696
666202
785410
569454
712108
20421
323116
224725
763389
984262
730958
290380
406666
106196
352111
548518
936146
460816
424763
390381
290999
166482
970248
670214
285201
641358
883635
800291
306271
62627
14505
877470
925017
877760
760130
252217
681441
90803
253895
848879
688471
400336
314132
593206
453643
467066
623321
255636
91790
953489
626042
210587
661409
250808
855638
174595
746319
780609
71397
859682
334679
96888
131387
696842
196161
910601
677161
164607
834385
125966
425794
317395
612057
619385
749371
761120
432361
742554
105644
645602
659234
427470
48819
766318
421033
352453
341368
494867
290167
295150
677066
46860
238348
916161
713384
616478
325187
537256
910557
398356
677121
900427
128194
753749
269447
248055
163879
624095
890600
652650
514701
151010
817364
227133
971210
237755
962258
842414
408783
472203
789580
627081
588486
79604
413444
678515
390805
376048
493605
901523
388288
262029
518452
707038
264875
92937
919717
914493
892476
735750
283466
21404
292447
605674
869606
96849
365667
434005
823008
315943
846978
543104
916883
557127
492542
367087
196034
364674
585574
914258
740585
360317
666872
990398
604014
3514
476192
223810
431799
196863
143135
738345
497685
929445
34759
348300
128221
291262
618850
747025
804632
473508
419955
217924
353488
846491
145492
740752
842507
60834
41470
962777
155796
105051
346407
505721
457076
156052
852102
660950
471296
802993
438386
55069
272652
591800
592488
804061
236669
15865
462827
446594
585532
904344
495558
992556
520199
837240
773741
768939
702817
223238
800642
439898
61098
533279
920691
521813
814921
407391
912448
644504
209733
932295
476314
4277
397811
833674
777127
63857
580682
939700
408482
254396
768594
998072
296224
558988
184507
498324
994029
946133
34058
862563
204693
229159
857518
497983
614911
118243
739121
491024
596339
867675
199946
372470
898235
175621
290447
128015
125480
490524
751879
423909
259436
644692
38814
340663
95140
998072
523185
750242
282297
367841
39561
742764
825692
339477
122726
856173
789230
690041
190576
888091
67842
697588
322962
523760
959610
326242
735331
681978
399758
61106
387513
920511
775339
620317
689314
173066
132343
885635
290797
751703
282099
25380
581027
597846
389050
737655
726612
862431
2918
432939
7371
279475
112530
827575
770211
994475
493177
989792
201011
281408
466813
932295
324388
185142
317572
84460
290276
334181
829053
635523
796339
46693
374272
939121
534427
683221
691732
725923
197373
861768
840586
655051
183877
156942
768582
168121
678975
509594
906142
56466
56323
602453
592666
258287
899980
529214
611611
720468
726247
331899
336409
984907
404039
993665
602501
362588
949749
508509
512333
926444
269220
794717
13438
75056
36323
531357
516035
423948
417643
103217
953227
131276
592472
150380
985353
650045
182197
369675
106261
983785
310960
382146
284336
134766
103916
316768
114852
21242
240053
290465
967434
810853
935311
485392
960997
430443
284071
414423
282348
589637
262571
591397
962021
863330
912629
279994
851181
854279
928098
399954
351444
52864
335937
510571
962917
999937
344871
710261
157443
193183
723424
169110
441582
902180
813120
872599
858661
268498
501015
815726
489766
582327
888258
681640
866897
504297
947230
425011
601194
204639
725976
25797
38269
473964
696608
654957
703900
630681
2940
663092
133124
439005
645177
111279
316382
456379
80444
376740
674785
367481
868214
644119
369940
727544
347254
977264
276977
503285
16664
761866
152806
194523
62619
938650
57653
183170
984913
928378
563899
776520
226543
853009
48781
689930
102020
544673
920382
816256
625735
275181
568189
758770
362057
411845
353051
996571
601737
167471
221867
781849
552358
82484
381634
338445
606639
921220
574046
254997
12246
170502
822179
137955
351492
695425
576704
468730
511878
744736
729009
244997
220004
729765
851549
189908
858130
490157
724191
482483
708352
432411
545890
529065
652684
781348
537701
155018
253463
757879
830302
544569
929717
855879
263802
629630
111230
527222
569987
468928
822145
886623
785307
464799
33881
306432
262501
377904
958039
716739
386947
693142
652830
746535
914681
258489
960782
338960
8048
438502
935449
57127
902231
89091
295089
741295
826404
978541
982242
912614
708345
168688
845372
915411
338017
191458
176232
48882
800633
350620
862747
325690
279787
115542
608937
266120
953942
770718
926257
501353
945610
750069
291767
433609
86191
206662
671631
321075
868805
850052
922804
551235
401733
482847
915128
499632
667751
824994
414422
724208
519357
127468
517923
556359
579516
499016
912611
549680
615003
508652
225272
537766
179092
452363
70709
733007
818120
681431
140945
537798
934079
112727
567031
922755
569677
351520
22139
933865
359440
103539
46950
557165
171093
808307
609586
774046
910362
958849
623953
640532
992686
236598
597223
547193
603573
741756
228249
649199
225608
900809
445821
268253
683513
794489
877681
919258
580276
785095
401415
928436
435840
462312
990430
5596
872741
648837
60684
916722
307432
315091
673591
655209
17138
563024
3331
424855
303055
60379
504293
286172
727761
529969
498007
228332
677845
726656
868708
148730
450461
558377
468835
544386
649885
486679
888128
220723
787985
544183
763509
584440
931083
800851
498777
364834
81611
434318
5583
910260
637382
538558
564383
726666
169993
949089
483297
456934
394807
166718
139413
553368
434862
615834
306832
433802
121736
292307
80017
450469
535549
433564
231282
62308
274022
358613
492794
445875
962460
341382
565711
229763
126527
333368
70024
382061
653779
449904
913313
284224
159364
854281
994696
273833
163338
838572
532244
159998
520231
162927
430869
62247
359566
629512
649094
927657
668382
887788
747871
462224
224139
529929
580871
304377
652062
513948
928935
28857
770514
711343
209178
911597
663072
300467
991360
573600
814293
424310
66098
437522
203486
213312
150672
639595
960486
584528
294965
394556
416342
694766
193164
549357
916411
989037
224892
166537
684934
261183
892159
11939
112108
681652
715536
443299
76014
739409
907011
591024
771251
530953
932718
902972
387536
564571
505797
730983
539050
65927
811204
562640
122611
148910
91653
91455
821968
861637
157041
294952
634203
679541
494611
199837
636612
157843
795528
78804
649746
215095
749459
857167
798856
762107
829965
289262
208738
191826
326265
894477
984446
800834
329526
795739
134104
737279
317645
322617
832750
633254
987306
321930
254786
21395
982760
525021
794238
738911
388805
142388
298353
166777
254133
870257
734840
203616
408658
647068
879608
865978
83632
688915
373639
496660
28239
226831
246890
776247
993193
502798
324451
125548
946210
757919
261867
429122
341590
188286
25452
552395
953336
932143
58539
193068
919560
668710
981898
126913
453371
254772
604327
215918
895532
582183
331730
477779
909152
938572
521832
486878
534196
405077
428816
305402
414502
464277
347794
350244
400700
218471
193039
46367
853460
605935
598625
335422
384138
250872
693455
395422
283519
843197
215277
957750
38924
624451
854094
32775
675395
966051
322471
287853
152350
526950
723842
73816
175815
545353
633691
635412
28931
357279
262939
287875
107964
838230
101038
219565
313705
324945
454275
846702
435804
426741
31776
64718
367400
203456
285087
816238
126700
939667
399433
562397
655809
189264
539917
471690
908284
471006
57244
371284
22496
121289
295653
62589
159843
457543
698536
93054
968027
239574
853113
862580
988741
59584
58963
912120
903730
441024
296471
364748
329743
164607
22496
847344
916175
873271
836803
131093
562167
930809
50856
813737
195333
381193
314495
408273
979646
5159
821794
17013
736531
65193
459269
709300
327215
59523
892316
455225
86112
850281
741386
931173
94559
203979
182465
229804
737406
80447
542010
563580
481005
461565
578258
222935
192104
432195
21184
288449
932289
599641
275247
269205
369285
424879
266940
832755
264846
27298
566350
760148
512229
455773
662668
833918
993169
447516
535039
180114
430080
107212
23686
381443
120721
163087
456240
976417
889660
599323
888634
536339
673823
488578
62756
460580
169957
713804
661362
22964
471701
341440
43004
683663
175413
639554
902130
496410
475288
532758
998128
452841
55051
177282
80122
193710
428632
956626
317780
865549
645173
374197
947649
974411
114317
480325
613718
786980
532840
481828
837881
960699
498233
550338
794107
254444
836612
716666
568976
533117
790250
320924
169575
157364
561938
477254
612842
467778
754998
95083
409364
349853
1927
184821
499881
385963
476094
128391
20631
92442
311040
171995
291879
829580
169965
886987
539872
137840
404806
138475
912952
74860
260728
561747
627255
798390
80649
549818
947115
582146
424478
601405
898882
863894
856231
664128
524679
629625
640103
665003
29948
34953
692259
505814
696208
212204
160167
131903
336189
318431
485935
7160
638400
624298
624313
309214
304310
453364
42341
139267
672528
713970
774725
926061
599475
114747
631047
100600
430447
605880
914684
334486
560729
194615
840324
773495
816774
502686
220696
566019
46887
964220
293108
668996
204796
536251
210527
313697
295798
632370
486104
812869
647342
113943
567455
696223
269371
530130
747229
420354
696115
333804
994352
959468
525634
55334
946199
287331
495520
283110
688951
820795
681138
796044
470600
69749
437375
126308
924063
844866
322253
46004
162392
681701
170071
568820
154079
618614
164142
500893
166876
606018
79146
428890
628409
776080
532554
543387
175568
125567
409903
52873
267446
301962
435954
769428
82911
352366
189661
18727
390508
974626
108301
670205
371224
184773
151330
734925
13818
794198
746720
486753
299703
39516
942565
240133
322952
632806
633863
537626
542244
621165
645065
987338
432330
445077
669242
843413
484909
602322
348779
410058
228411
610984
836427
268114
113484
619786
518305
855527
726244
448164
264292
301922
916133
954613
115834
224689
523796
876563
760076
289383
998277
690130
878978
16685
147238
708224
257824
931030
585958
769863
278204
637457
192
737206
581211
496311
427944
769881
652200
120260
185488
940932
803088
165859
939735
944175
194876
628962
349135
216891
717484
330373
195177
290259
863917
483126
206079
683949
624375
936730
315262
805296
766821
211774
289391
205680
335057
213360
492320
629844
476555
539242
765235
710809
275446
711914
795458
609903
604864
407261
417582
695617
66428
355705
232899
301202
298910
52906
462921
111875
247442
557220
481194
651057
317305
704407
522171
867899
948993
790977
8168
875489
160287
393821
176321
497672
401132
15801
990043
652314
520410
799717
127844
536522
203793
111239
727111
567669
122410
821132
592696
977828
971206
620217
897244
119790
809996
935391
366104
710074
730367
13037
382517
785314
922552
267423
405933
465588
620932
647381
895381
750354
966748
794942
550118
780345
653181
157939
831529
684062
326756
507872
706303
415540
536680
670237
385610
309067
349491
629723
840508
259474
373854
108025
513466
68861
968681
103990
251308
704577
520852
774977
247716
750460
360092
735597
769128
767091
493909
673280
513118
589427
389088
461546
176403
374744
657930
641363
47399
934828
676033
858573
69465
127207
163828
885673
536043
49236
11590
297445
451377
16853
606830
776643
300732
227005
778030
226933
387933
272859
801453
711412
945880
34646
995123
786287
121383
895604
254337
744352
861415
136053
857739
465083
164643
239964
960979
908929
172028
203277
989667
37681
412914
663953
720871
936669
178129
286775
505572
253658
934330
141142
488345
885905
928589
16557
928433
113074
649072
280363
580705
473417
647679
714506
96676
242345
430672
208213
845841
253764
876513
252107
755669
327836
50977
365660
644179
583636
912791
810256
958421
116128
395315
954183
993005
93019
100975
829595
768940
174712
405794
322273
193278
761936
777761
231247
750369
30553
405970
866999
259136
500535
235598
314993
511152
68780
740210
227096
472518
797356
783555
936938
430930
993100
268603
329619
369021
141208
569396
117059
305978
442819
721648
464443
715500
257849
733507
348904
48916
762577
971422
84006
635509
567902
709880
875237
826375
684069
798682
499369
727635
688168
109640
405675
926961
421921
127751
642717
353180
839370
494479
794635
178799
503257
512079
983261
537791
944202
27032
187321
347668
716116
778151
60357
83140
909117
465554
776650
242222
230345
664333
202996
462928
663374
22553
171766
175174
790819
737035
373898
703136
154871
375669
751510
813406
173437
520947
69034
735306
552325
870995
55782
820786
328742
63266
931385
589441
583576
616719
770436
973946
342558
120319
584860
915856
651552
695660
9902
498276
879447
712634
979965
546523
634081
428568
776584
488731
161844
574607
62023
305251
65455
693803
362131
75908
252236
980930
540005
690880
559922
104357
485110
327742
272167
82147
503366
572838
575651
936757
164921
899423
378815
733577
808859
32418
605260
659182
713220
797243
567553
791960
905815
949212
465932
986833
571428
595230
838985
706941
797486
283349
992528
437448
652486
571982
472745
597230
999958
650088
555035
852774
184634
166092
779617
717228
87176
961546
931390
449193
35312
202193
987368
321858
403263
364363
991071
963898
570430
777555
933089
607685
282231
831252
278582
587114
338455
135743
925734
824467
544111
568680
389003
295732
702356
445822
17921
642646
853095
751525
192505
452607
422959
407538
783085
454720
140706
694146
214382
36379
630659
708663
707993
149902
491365
651728
957736
775616
527949
196580
170212
677191
719413
394619
449144
413524
368813
453897
391137
854844
92892
348168
934338
905315
406629
438961
603541
392327
665701
36886
635451
584230
32024
630751
96244
423886
715867
244767
876009
320255
583884
562898
301734
576958
197581
789493
656934
14649
380904
701954
35143
304338
273805
471815
601181
311434
494582
21218
550434
646539
431147
499419
29771
91729
513953
460318
880246
891126
699326
83987
937535
404826
92984
527324
158833
223532
186267
246250
353817
488727
479977
325820
966007
110987
47771
809718
927502
444454
303366
150234
533531
939583
378457
955813
339938
30031
288963
168648
440547
163645
854833
969666
858924
553157
585589
531030
896840
90180
1282
999086
969109
24610
194132
385228
68403
252444
835180
576169
203096
405036
753337
347052
818689
471640
836178
187592
908547
686229
334688
178034
583360
622229
651033
907838
544180
866676
289511
668245
363823
386106
890599
767509
384157
482382
451917
279109
550529
224056
677604
567731
62401
281041
652787
819117
281626
239050
704827
859864
56243
157461
928222
522480
443856
517299
301594
486236
142109
447707
947186
67117
700330
293252
237485
978291
643382
464847
21815
181820
960164
888788
421478
389994
794507
27720
510616
623536
723689
785224
662840
329897
263095
742468
713631
704020
115863
425035
460311
325360
77097
201262
928506
725232
388414
55764
531769
436060
426980
526554
741368
78596
118176
553316
105367
826592
915706
401093
606796
868489
154994
485831
338604
258894
433488
661719
240712
117300
357337
153424
154228
895566
213342
273506
923299
57972
975406
376543
400110
504483
256043
229474
539379
756529
194938
44828
227226
961515
73428
13372
324083
334861
394298
750330
118075
121629
960581
593217
873406
784228
375067
487223
951318
605514
123262
836010
151505
417869
763326
862680
306289
670686
106511
689051
476684
492888
606069
301423
280660
247453
983771
121441
737521
619663
185284
176023
591434
937512
808856
471478
234851
205943
848672
964595
169953
223928
456653
88442
414632
973966
591283
549044
146981
202015
108371
483257
834728
149900
51093
446866
105768
458251
667732
439273
14251
797796
727700
814671
962365
513988
265423
167594
54813
328641
353964
492665
388344
827435
864977
992582
148557
915019
681615
921703
811887
538875
719100
666480
255401
417826
920479
575160
476283
5642
15363
585286
522051
507487
143150
195417
900151
813254
3756
981521
971983
287236
863933
995775
859705
59084
806530
121378
45401
579032
830180
443122
878022
498702
982900
575860
46252
361941
888663
50353
270892
805228
782574
715486
103124
421143
558375
419805
380352
38195
368288
353116
928012
443627
177011
43804
233012
905731
866594
361548
704843
571730
121568
175315
557333
358989
799162
583789
256385
649725
964256
41261
137222
280722
514196
312544
199064
685330
360878
721362
829191
605354
156297
903530
27573
612773
256334
106544
246770
690234
71259
149295
629942
721855
228879
189430
500218
414460
752884
983992
945331
278555
20234
284499
86187
567227
431340
150766
862590
521763
412641
508155
971695
936275
352386
457948
405029
606519
910787
539041
293765
868853
227295
107504
655853
992421
30308
600126
559625
176608
473304
350841
783958
295153
794887
508424
691057
646121
412778
497386
616091
176399
832630
813307
488524
471859
20734
431893
148720
911459
93189
162963
867010
569079
32548
68465
163524
369095
146388
238607
339928
611453
181273
677588
590398
387141
844044
935856
314411
849505
66499
359097
22978
232856
700254
756151
693874
419982
232177
616955
720043
35183
513161
284970
805245
932485
920861
941975
112400
529386
508051
269006
918394
795223
845035
75054
400896
274906
966668
703726
464364
101094
676969
278528
279047
577668
913808
355922
907252
272232
538319
956721
769705
444639
118147
305928
773642
401699
60030
261191
753252
186577
813524
216607
691715
47730
535491
903657
979824
213685
631164
999206
805962
390398
398354
261153
773119
591063
710526
759025
370280
178692
130508
182939
584191
583733
93222
564692
113981
686421
211900
442403
312020
366592
837900
215141
991302
180241
49811
120234
576097
413080
464336
111997
831191
25771
991473
90818
104062
978068
139165
490871
770464
282344
876445
693981
682240
97527
114599
772720
864618
222623
229129
591761
419189
326907
533423
796741
758233
639289
701841
123606
20647
50441
708347
137687
118761
957234
806714
677573
648854
694334
416224
637641
826354
395158
107061
417434
172352
70248
89210
683264
117221
408900
995867
960499
608283
473799
113264
384610
666830
895790
700975
684111
488534
685324
871154
629975
252498
492630
696225
23056
521629
741212
881852
667083
28720
117458
411848
562168
194900
51661
925971
867753
608706
107081
292516
626991
945433
921638
278852
262944
177082
533876
926755
502715
765635
235107
181417
420322
976679
83549
851930
571013
181863
506479
290341
401248
828655
880738
955529
583450
92559
999144
949733
308494
617236
697970
398746
631079
695363
985119
45150
282277
584753
264910
742880
723260
663618
417108
785940
288347
846460
890121
925658
142666
400839
843517
700303
438956
596163
302920
868591
677796
763462
524479
510436
386004
93425
721475
391664
47809
249261
411635
676788
525714
516679
575809
494363
721464
357734
202786
366054
446823
213349
62751
140500
355329
746449
826953
313901
599380
960256
630601
839019
170746
193612
638102
267654
878879
95595
39167
763994
317216
56364
481192
673080
292366
874704
302545
789382
748945
356547
803858
431123
230249
607670
286371
200635
593168
557082
214039
170483
651836
886842
781161
581682
950720
106613
216303
637629
809234
492951
744747
770125
578919
686612
362817
929310
459899
708448
805250
496983
304941
492590
56038
867473
245190
586882
910809
610629
428506
982901
748
18199
910087
785285
184428
959865
214042
858070
998608
333949
718930
874697
564235
477691
393596
995128
789442
430555
98877
667531
101208
235136
10222
995898
400100
393362
626081
366431
925444
858597
111618
385398
330763
974603
334873
672885
675158
246067
903212
29058
275388
685180
438530
890582
775139
775962
691266
515884
571056
56355
146105
735461
697558
352631
110586
588475
842320
720330
720095
916448
618089
590608
609198
353394
433784
783491
115416
466141
988842
355092
711067
100750
138359
497068
639878
601168
942391
246365
917149
793669
942669
532394
231634
575681
636609
786863
482547
177990
348716
522479
975588
553560
881932
936376
966017
77309
818616
958837
210085
362643
569965
601936
7113
860813
454022
175361
946820
423051
460682
316856
208112
977942
587039
460323
499373
257397
953437
415452
850367
539694
349502
177522
259603
638812
853873
440659
25951
856234
659085
41299
915111
735273
918179
242651
715291
538132
367276
942257
378589
567453
429921
114911
250337
420403
655722
363779
712174
946387
797038
832819
341761
564872
611913
799434
248144
548673
168220
760403
214572
28685
820285
578321
392447
698805
599759
827433
212021
989430
913517
731694
704184
942937
49664
604358
814739
567153
497585
492413
252408
622769
931063
555174
934813
144679
739601
624617
376320
686745
960016
771374
811916
807226
626700
413029
643924
188809
444151
271279
12155
228679
357134
309100
841974
133267
470571
2594
908202
625635
189432
60358
923375
600225
447166
748587
694518
489696
7707
75204
893959
219513
196306
571351
319522
798406
787004
598593
59015
229306
373085
482144
56978
975708
89426
422816
523134
388446
942821
350821
471754
304158
839491
275410
744312
719352
210757
189237
253362
52165
922602
175887
735816
852789
462694
311043
670484
328453
962643
137753
827135
65564
414790
477744
953628
482184
89405
245374
934898
690896
454260
44549
407127
228085
438294
671829
415415
309770
264657
8375
794100
80173
568258
713277
791591
397601
725008
986980
213637
839817
656596
315107
439902
714563
318070
674323
489534
991263
172947
911866
823862
154939
436570
804533
52149
297788
606326
462786
260111
244587
768933
22312
178464
512873
62824
297859
892426
376785
709779
513071
377241
322409
549700
919953
123336
766147
900528
213117
876253
409206
674009
733703
448303
763060
91996
771497
435464
468552
601638
32910
549925
312687
480391
265337
545370
220240
965342
521301
517330
257496
481844
270489
688564
103094
837030
545559
229218
471024
447609
778914
137499
610656
365138
574874
572288
239247
402557
74006
561844
243309
256939
417772
561308
781482
768249
820255
604102
2099
727275
81766
543142
18764
706167
1621
22010
800710
462782
680874
687183
341086
845781
554423
742942
439538
522626
903591
145294
873568
14531
291182
411421
685437
562183
86993
113177
81263
555008
688335
913352
866280
94160
102699
452775
534271
303008
51543
137744
57581
191696
558526
350580
905760
381000
281198
451592
409023
518381
973729
736189
385723
452592
68455
67623
209806
692992
99825
901823
327188
538784
473212
789828
745922
519378
739735
685116
486407
558387
51667
350744
18301
873312
599047
886709
882572
75094
841917
753791
613468
40088
165309
489200
288884
241929
177203
395510
795764
233625
80703
702067
479211
111900
718681
235422
783318
109814
144607
410502
611894
660595
401853
235639
35981
797491
807608
593525
634548
850946
818391
686309
143196
616070
101934
448715
939679
294609
47560
561390
462018
878487
534576
398488
176138
593657
445980
559354
151031
550912
70007
996908
249761
371877
743754
265745
93038
275468
87110
277081
107246
170194
832560
696992
423827
441403
214697
857012
212368
654862
359577
422963
745228
713725
113016
464659
371139
322875
312249
888060
54010
465522
962259
418064
998877
446285
748972
487882
31222
24752
634597
571780
856396
16072
248764
817106
58454
221308
664802
722700
251610
606722
656602
277098
924135
559119
540234
723399
92331
352038
132002
951816
523698
366610
694950
221462
96060
149999
702233
778566
430777
517922
188616
190554
104227
316072
77232
399585
881784
701324
876173
74681
685907
173298
853504
641653
247398
890065
104347
391513
488470
648382
372620
308162
589363
560099
561445
118179
740243
240398
210052
37866
815178
200677
810852
748673
82631
226104
369662
263088
229710
247471
132445
839647
337869
749474
414269
198713
292510
270792
808543
732589
999704
863878
45548
162190
725074
576169
268099
419994
300725
367727
508193
415576
537725
320960
198572
484762
176076
403514
750620
820194
937195
178602
463815
921441
558686
936918
842695
902683
491938
367670
54793
248998
813445
514052
636917
885264
477666
550697
892021
327264
53240
419158
312868
24117
411942
947444
851477
555468
867718
43507
408317
62365
289955
50623
147326
354916
961304
283601
424209
151677
757638
120930
438414
998312
961649
889210
884827
385325
181048
102438
3055
965977
505775
514375
81410
330918
154651
148167
834771
743672
197833
35239
802965
176196
449739
241972
849847
341515
745104
807385
666319
189188
141983
783885
238690
63384
703216
727340
46994
306439
622567
291172
652196
661096
997485
132870
5997
710477
991085
456636
396634
642245
280168
750490
318168
852923
349750
490957
417190
712187
550106
456816
88309
85397
793280
669629
307768
81434
515093
266592
564110
563587
828419
522535
105994
122610
920072
88982
31323
486608
941874
883608
665565
865813
912377
501071
531771
327333
867449
217996
469438
239320
288202
257882
676855
883346
751485
961461
302789
894097
950262
895896
795332
673990
382881
370292
898322
835162
950610
122300
638015
487185
599101
699997
783888
287116
309774
177868
560560
208040
565607
799735
380788
990468
52980
12445
109129
873825
718379
485497
316285
321890
457253
283289
469606
489074
284820
541518
562739
811332
619425
303100
166349
56374
806243
896273
990313
72463
867773
493203
991725
710119
808852
209809
745468
949350
973867
617211
387104
2404
53470
63374
686291
510576
230072
651431
372650
75820
952497
791929
943839
548501
405767
20442
291257
259233
343543
380279
171354
421633
629400
921192
273701
489798
317653
898911
260873
293088
148869
934393
428655
437889
228009
121463
982716
434656
437889
850950
684355
227673
602123
206138
829451
382065
521369
334362
103031
282168
746189
655316
492632
139591
552564
757777
824588
881513
614141
819491
351504
256854
619733
250203
200682
207514
119200
455032
395436
456405
936085
293561
2789
961307
323766
238740
841706
42235
287211
394367
404732
771037
833594
949227
819158
265477
293093
911440
632662
442676
454433
977187
53509
236525
778542
932197
972549
640725
148055
59605
978518
9332
455176
35846
116740
577560
661831
473163
296113
639896
263569
254734
549883
201590
567698
889152
862665
147870
591295
682794
894583
195147
152788
708643
345692
609545
398501
510938
300852
232533
839203
51859
230767
435296
754734
271855
366741
453490
311121
592291
25172
208876
940575
756107
464167
220262
73319
332951
987109
28278
206998
922019
825572
141714
343210
551461
839240
81229
579791
476864
847083
315453
707992
461493
499690
331582
222491
492729
369098
202383
703017
230369
333510
389849
600296
91321
174710
148112
438479
458869
806621
70898
523518
626111
409167
733997
116536
611631
626493
396445
901374
148633
475679
732787
955081
472383
819900
117041
373027
22439
263001
532177
805346
356808
433916
474438
255682
379038
784987
258906
742174
44573
990694
933302
85643
364929
769902
458752
242129
333764
514225
478623
291655
576809
406979
353178
651850
240374
993177
624542
438809
285951
706165
733470
943184
188444
465834
721749
924544
12796
630283
318439
313063
357267
312756
234341
904657
728815
230836
113967
568842
572584
906518
966836
752254
100790
428554
422997
700592
193053
102965
847080
279059
806339
138834
538905
120776
470178
511107
35114
849589
115992
976888
447066
764670
331291
324218
595684
148323
539595
699669
268766
125046
550880
294176
827394
349687
490114
579690
890826
154702
586040
786883
710196
864612
581496
632804
808357
364382
29340
643132
780458
955382
484854
581720
79961
228792
775034
402733
96918
696023
83162
837829
125682
946985
733167
426436
585517
412998
608210
312471
602460
26232
894091
41784
645222
629663
706145
492447
585512
827876
953168
71368
95673
931224
892057
50397
963143
365416
479795
458625
755232
849919
170847
656249
141581
893624
36761
220022
311384
548350
791338
224131
820847
740867
393307
590599
443553
850457
209924
538872
365765
624944
138114
704797
792570
550957
427399
670205
116424
54499
325258
270249
484069
172912
189664
828707
410708
935095
893155
637930
226280
924981
684558
716963
198311
178370
807083
912550
140681
439910
238883
597025
382688
522134
494965
457901
815249
873418
780866
41515
315776
929660
188804
222810
494602
868158
948639
882809
740971
845880
744912
985427
997697
378110
309250
745836
622760
909514
463295
351494
566787
220123
551171
665936
425948
489321
976748
328428
611171
523203
530062
667740
124371
495623
400484
127048
692530
154558
481313
624878
328823
240785
425572
143078
236293
136044
71305
525969
450774
985774
449820
305886
378035
610826
159912
226488
357663
365757
844206
766736
771220
655852
304625
860098
828581
218393
616302
375974
132162
478145
291497
24246
807258
179158
229795
118871
67355
495060
872
713862
614677
343746
91972
45920
950652
926536
388374
879501
611148
96103
41468
849610
484359
872536
569454
633618
635226
584709
139047
181481
367710
490526
457085
298757
310649
595546
160850
119129
969509
634827
965475
646591
632841
278683
617597
95937
10435
860712
686800
572292
257287
500282
619996
229329
228577
695261
154120
238081
28502
585184
559313
698053
763753
379560
111711
328847
396345
233201
286580
36641
753351
799843
598333
636016
43030
245325
209483
760372
255851
774848
599899
992015
700468
96970
43793
887191
825477
697230
564612
941826
969917
911997
7602
742701
899143
97907
947988
920009
48508
854960
592845
646882
676518
137777
167356
608781
640864
949866
892592
182254
265625
560099
724923
260068
458487
977260
542879
113233
763864
677374
361382
319689
421427
867696
210254
852950
897373
813011
902368
975589
473320
669546
690721
548498
764070
518281
708386
382987
141323
834632
128754
159715
818160
852900
689588
727861
441204
699252
27915
421235
305213
718979
385137
179338
933596
439502
574695
908340
137807
803995
574151
739993
525471
806324
406709
713762
814378
296127
66420
486877
841595
501051
893333
298822
462741
888537
218697
8248
862223
847284
889560
977328
858137
579887
696107
769721
720476
829994
594883
188090
155008
96352
662604
632088
926023
587233
193996
652489
995862
701990
717430
287159
445332
910870
844891
989836
600683
963412
187904
722784
780140
997635
875338
192829
265551
32215
583062
849931
315863
440729
802405
959581
369876
27191
687284
698070
46146
396229
8490
349433
743695
759316
530859
339213
502714
9325
525898
916009
269207
862315
151707
353825
527535
832498
949350
216205
230020
631759
63799
203698
716274
893998
586834
888528
296304
548274
275523
523720
514934
829557
907796
233383
149241
50844
214616
145043
44626
93845
172773
640528
886204
247216
538463
394224
965756
274903
647726
523861
651803
757035
742801
497956
941775
507517
45388
692552
873976
394214
635005
380576
458502
861764
762125
436102
263927
272849
733442
871485
316286
317281
524272
307766
312191
847544
221519
118207
627447
222853
900584
573577
170489
241535
258474
521620
312467
290907
54681
969273
80463
668327
207974
184340
14101
874310
73689
632012
765038
540937
56938
188736
672291
707750
239216
455375
356804
422679
241009
617156
37700
206289
382424
942301
619330
628447
120260
317494
979299
878747
600701
235095
702170
646473
412417
850710
926473
216272
326269
553258
117697
967190
684759
36430
87462
806647
377960
326222
373550
813345
483527
874802
504712
257742
361728
42948
166809
665759
520868
112638
235937
18130
716410
752981
31740
933152
597587
365340
451909
980470
704891
150935
98773
537933
566859
379229
280041
601256
878748
552808
626145
765226
898006
787197
154469
222161
595366
776498
756450
358419
185550
370785
117682
58195
63126
505512
913626
31808
151904
767577
442669
89675
600409
13445
235213
197442
833612
53472
581521
297550
163216
530833
644994
488645
800290
123993
853184
247725
558669
475677
946434
162766
549317
381585
683323
765235
897492
55043
75863
685629
727084
397378
575588
238499
615003
783849
800526
781321
404636
505227
804355
969340
834889
328764
126325
376008
648494
336378
341053
585014
400186
38647
949341
934246
69327
4612
198494
434116
969656
803867
97432
534442
98298
957897
342800
988754
287171
416118
464059
639478
891135
684818
372641
596678
761546
319262
632157
971653
325312
18901
900929
763393
650351
870645
908182
886573
832494
695469
387521
645405
290695
403108
629120
123869
336783
972067
219348
491565
317655
979425
661945
141469
893307
767338
483409
882497
963159
183083
218463
66770
21914
505372
74798
526689
236594
728202
732306
304184
298279
875968
168518
737039
478404
45265
897140
361384
840495
891333
43860
395656
129306
621470
588140
289682
623954
29638
981813
138369
850997
314710
282398
628481
596097
314885
980586
498923
605191
691435
358900
331548
885758
749937
940627
765104
390579
94808
362136
63008
389790
761890
576116
578614
764369
243360
972535
829352
796361
167769
914099
235929
174183
51412
435839
337640
532024
601091
258519
903666
247664
522572
607073
450347
565046
979444
870858
786708
303961
27562
242703
45017
963040
928622
784024
769995
213822
849884
315646
884661
485540
91033
500141
241885
415537
722265
565285
895385
792453
386186
421594
653706
333939
283360
170108
33530
391124
224894
151313
828174
446072
995582
547133
502504
609976
845597
823844
644571
51431
513222
524838
26251
253735
803641
594441
151393
862167
36952
401717
487465
370666
27086
580888
272328
750035
789660
4074
201693
623772
61890
837770
724402
40023
569990
649543
154975
84971
473315
684412
872827
499856
979345
39827
610112
634837
730285
435882
657850
59934
458054
342226
17324
153132
819139
862387
603136
758869
161396
854606
625512
110034
343731
625947
963669
218551
403639
727057
776915
988989
135349
139076
543487
350523
18674
777960
769894
883060
63914
271475
668220
589833
684182
683489
431542
161743
315678
264081
253380
869371
504027
310861
630510
350906
842567
758183
83466
934686
875524
257726
77143
253234
608901
230816
543290
250158
935773
85129
295058
793094
590114
46858
338426
130140
247422
688773
493914
361495
752402
851733
505706
204811
5510
932234
862341
314199
852529
318737
940966
708942
171362
608435
865025
66061
609353
97780
341504
873772
45317
506459
776920
6544
599115
192786
305224
807772
254319
550435
939310
945863
383827
133282
283526
752393
99369
771434
156287
447983
653286
594111
181692
471246
927685
291091
598180
206996
476020
495524
764390
431609
150495
693442
378892
37013
208984
576494
405435
384460
77664
604190
141573
802084
728341
451806
231979
759223
723127
715600
483634
440196
804760
436436
870240
108575
246688
570434
217043
725897
382714
398036
108991
611610
373215
836513
652610
846874
776445
163524
140710
764848
355331
86043
259314
257906
790732
73452
754413
944155
61093
576609
618608
629786
433085
240948
482727
787207
758248
321894
360932
578288
69648
942632
730527
855826
823224
528413
298382
430116
718894
713591
662365
306700
423565
10174
764939
171765
193324
646767
229857
405048
317095
483073
398542
745783
765959
213955
126692
268105
85393
914016
354601
703951
230952
2693
67227
490597
364319
54873
4228
143093
456735
637867
501749
936677
442865
138538
98722
206320
317290
455117
87898
890962
36976
570579
671905
199773
142892
902052
312043
611369
905998
602583
158071
381800
423543
940749
589702
321496
539592
985274
261943
8657
250565
86532
206209
68222
56421
136835
993548
994472
254456
73193
195372
573550
42805
6331
323195
288081
372959
528189
276497
939244
385236
432941
439779
609793
984434
152933
155061
402158
208230
386851
810813
121022
158674
517862
335062
808667
192090
724079
55517
423330
900108
751207
518700
477711
720618
181215
567473
430999
985685
39921
796650
424661
40727
523206
227455
375580
665612
212017
285563
980459
759598
306169
894824
187518
856700
562997
812103
99265
978695
943119
662377
941471
790873
752234
647085
600761
567042
916128
739991
256307
313088
448164
357320
469160
272778
986503
649632
239613
695609
769110
950125
36819
620628
161568
311054
720150
610294
404949
670824
431859
707742
202761
790788
336998
501843
286424
493252
403441
122162
737636
871808
850664
46613
427194
970050
557289
680162
135955
771226
939818
460525
152054
623198
803627
275083
213563
206145
553354
626292
387882
672526
694709
942164
179201
390338
636985
468654
594580
436804
473081
965037
69775
760514
208123
76169
656087
898921
816733
877458
361423
487040
308709
807965
140727
460962
720182
510728
749998
147606
887645
589610
722392
702669
980491
219548
972698
170039
928670
754335
563202
194178
911448
291689
207748
925040
428272
804047
454111
421075
705863
941328
903455
960296
663027
290555
20795
722190
656184
890942
349150
8609
430549
415117
290243
170935
490746
771563
417913
317111
269335
724760
325382
516753
541903
6679
593320
859357
660555
224603
673910
527252
472427
613070
586406
348005
505816
614141
167208
306421
54389
774370
472046
996790
612468
832399
192271
575074
82373
1397
355137
759061
681448
152527
171140
648261
357603
331758
323038
333791
151056
511521
306881
624318
706958
679168
546888
744330
831832
123670
553312
471403
472626
624424
518276
176425
448895
701862
363040
264674
230704
944685
120599
776295
40279
909303
247392
159411
592793
993504
507211
962504
649922
887189
993506
792296
216371
108123
503146
156077
516470
683065
757001
765957
397810
285060
309121
454734
863098
581957
281498
107082
150975
324936
546718
190719
628518
374020
83710
541806
747701
346274
476178
720493
372198
450604
598718
945251
861470
397971
438000
81696
438839
985245
343429
142103
622841
709929
936075
741433
884072
27744
911905
516782
467191
755962
246843
388530
583386
527658
456770
564618
687481
754023
92056
406626
933760
771032
724921
964933
845459
712796
822717
671480
270111
510835
293818
700851
248332
494284
102086
408893
461583
689643
289818
903267
941275
604214
762770
918996
43447
247517
113296
37724
596651
194853
136705
892667
644436
538319
839095
516258
933655
615465
221750
7625
348850
400688
712714
133616
828974
442016
795477
474608
967153
143515
109415
318844
167855
220146
62149
476474
671553
255378
315340
788536
589326
706189
674352
867404
390693
913540
821213
573901
607853
654767
20158
834663
770676
173321
293915
346335
112035
858
5661
182372
214035
488226
635757
786574
558264
607455
415035
843958
779387
846908
47835
947184
142246
667158
39497
399465
391865
387243
675789
663450
151897
581473
15545
605990
48552
159921
868624
811926
371440
20142
673409
691310
515960
674550
69328
566508
577593
363252
620310
350684
409898
758606
891871
576219
798072
692658
283121
995238
996882
919800
984876
493534
188256
353396
67277
849946
85523
366044
195916
490985
497495
89296
813734
679971
526502
117898
719157
716522
369078
957987
94906
742210
119442
168830
364029
125002
495239
560854
760524
926423
419956
622048
720415
557228
113093
318428
191964
368343
587257
18174
998965
29866
67742
617139
807919
574613
888287
558738
209982
656861
631540
933472
247500
531835
103351
32576
823321
65107
749847
686965
661117
85391
385957
38165
248968
287960
982348
219277
618122
270897
368798
667787
178158
527024
75337
459212
802753
757977
826344
174146
850833
931160
786037
407968
362160
248155
923101
517638
40408
513930
45868
81412
196200
110180
361895
681421
597709
701047
910777
212666
901564
874811
552069
751351
204571
191180
351130
867662
893375
271427
453189
420686
652112
971184
559103
433943
701065
262069
773127
578309
818076
392129
77387
436023
212338
520936
149056
557691
527248
458908
242129
357400
967253
374859
690291
871351
206688
371540
996119
956462
315214
79334
952633
193834
987745
607096
757078
695609
51772
993567
283834
375730
626826
281871
453879
629185
946367
158704
479474
909139
349366
487324
330391
698650
597434
411315
783148
49597
819233
545244
23939
391072
34001
375896
253321
235083
840422
65092
489724
575481
42604
501739
798842
803072
357127
106309
68212
908119
755058
602961
103873
141897
2532
80778
608527
43125
493390
408392
218868
570751
692545
258614
144547
207895
730413
839724
253946
659364
339077
259625
454135
593420
386238
748910
286539
628451
217589
58937
280519
973741
953712
440541
302195
646865
355965
944379
719229
75741
267126
359583
574351
379888
633254
992953
12665
890888
248198
930869
734413
508137
650528
925818
896842
116582
473173
633532
595056
520655
520890
517695
732083
193591
662108
382505
369226
66144
385956
306625
998566
134469
908566
285386
342208
102980
150771
918710
846347
963495
887871
266441
753289
710222
359581
660940
21754
474554
860694
500969
505070
110840
811832
914602
622268
299112
177627
395913
653643
452585
966271
419699
923533
614114
731729
170654
646668
588720
406156
90563
412189
386791
745660
522298
214833
199111
203294
387826
429129
476221
948196
233737
27914
740818
785045
884494
902886
178292
937488
134480
892282
711455
596208
196002
461559
838952
861835
607023
141111
491494
213973
112628
347953
22013
799907
668062
536776
856264
613833
14784
843773
619234
744228
688816
501509
58002
544819
238463
131830
119953
8160
802388
163227
33336
160989
683173
449318
917131
135978
431313
607045
506524
381106
695516
949965
768477
624469
538887
291475
94534
295361
648267
547226
348383
303545
99954
931622
166122
203640
569235
146031
218801
582126
415080
232241
92775
760617
577229
259040
449470
28367
3607
185657
129796
33160
618127
716148
380346
300536
642442
594966
431092
544106
551078
229986
973862
190472
539619
130927
8144
757446
8283
877333
617672
616287
944159
419905
754529
956600
319472
592232
383541
989152
30359
212697
906644
506745
130337
353834
24201
439088
139131
18452
504261
53415
6182
129499
122091
63221
666070
201509
403063
914051
869613
53101
557708
895959
891983
345743
578264
119853
551649
979139
722150
905921
994467
300391
917695
484074
407592
92276
802878
532576
835502
51475
145263
43742
540510
908296
330083
931682
660897
651660
413011
34770
961628
523385
200303
724153
684938
774815
700034
745518
605813
921972
311683
397013
646737
473639
688058
758847
152053
492629
183628
155629
154679
701973
410214
393970
505314
432366
205058
405366
353558
986920
717081
127318
432829
440127
224293
618217
561829
694132
675729
287198
548671
841983
452160
678465
587955
102303
235767
342556
441886
882769
327144
305658
54569
680735
216092
966855
565575
322383
243964
196563
52747
870013
831803
984629
605731
30211
711267
599052
313653
753172
54139
539873
613460
572200
619859
844520
494111
756945
190636
103974
276150
2157
837254
396268
766490
722740
355206
66625
996896
823409
185540
97310
662866
205966
887407
309522
475426
867720
289757
971334
387660
188929
526451
444123
702663
104948
109742
754479
301415
24195
856139
781759
171602
722476
993241
390566
121820
911130
629977
25284
826050
480152
473231
629818
409216
992352
767080
501649
98255
576529
665671
147258
424575
115072
805358
537136
860012
15845
176005
235001
616224
631094
636042
497548
585925
782098
722966
201741
280837
105363
882568
921076
7936
97990
381456
817867
848297
865783
769306
430294
259582
581157
862548
59404
225506
40916
400734
275972
649816
109890
576077
405099
84766
78129
626076
223922
909220
890659
673072
102724
729447
600932
661191
491061
668207
542273
187324
984502
970465
511638
600505
385796
966273
418757
717241
617122
21192
525571
419256
40315
185438
645900
227194
865641
922357
646647
635765
203795
249217
716644
536349
50288
998231
147985
232202
561387
62177
921484
358535
801503
751228
835459
439801
467777
669230
354103
216234
653917
236359
61903
998961
458425
32403
397513
651968
11542
565945
169675
571530
193876
235699
114264
992527
338357
682090
783262
261573
802490
83053
347051
81060
750697
49614
350400
268686
766448
376025
202878
669146
951075
72754
259197
382204
896226
113482
743484
85586
208470
708157
504178
955597
437530
134987
978627
775418
812918
214898
86350
391212
420230
839268
338659
90440
902457
635050
457170
436333
333557
977237
556062
526654
850392
554588
673873
139917
884058
619223
594537
437413
961422
749015
570480
969716
781831
81760
660329
935251
899799
428420
183846
386548
622899
526429
224439
908263
622386
561318
907325
809929
11828
11958
983708
650057
295968
425371
808078
485208
608453
985871
833173
750701
660386
432921
93129
183730
7681
522819
557391
325454
63229
382579
661482
662608
187685
172137
88555
316852
13433
923732
577284
677014
635793
548881
319675
192560
79581
958081
468922
803665
825223
649797
171779
647517
703413
968729
490688
161787
853162
810890
848376
572063
273484
496341
740510
61236
123136
191774
328132
853605
867953
872202
7469
880008
927600
55609
794943
964903
482422
616739
681111
658541
935684
65550
909239
820842
131371
433193
885210
818819
733608
461320
755688
980153
741799
819133
943813
875988
594600
464335
757572
478123
838847
164122
833914
22867
862325
932611
866349
380002
54989
762133
992938
627102
935137
16765
138549
766599
287273
395870
842395
752766
736669
140562
531812
275729
278835
831807
379109
62756
298498
55697
740465
226301
571591
587609
723375
40747
310020
420930
926599
398292
891462
12715
302967
62810
426368
510822
983746
857194
921875
89037
682375
647201
732335
801211
975727
350042
789587
191918
126336
279832
648624
10999
417935
168013
88044
22683
495250
292741
434690
789002
931731
52082
493190
747769
563713
688660
668934
31774
575265
7812
258444
184584
4833
296862
659841
450712
737677
323017
6316
524895
209435
211813
25751
376214
964576
155535
712914
660212
34406
984915
17169
376880
236885
905199
642992
847507
104141
632704
144407
56888
152726
135180
118265
664996
301103
605483
642102
713788
990595
609106
939681
355751
155961
526717
126683
125313
457194
39097
55774
55032
521646
698187
83990
305095
767759
738816
352233
379213
280095
712978
59288
767945
487910
823540
939901
719540
846003
755579
727988
930427
955283
334953
789911
825048
624736
698710
572833
996492
771120
542333
182900
304123
906031
664736
263925
139044
236871
590809
753301
167483
129083
877183
494699
895332
337043
717681
310141
767246
94898
415938
233182
563946
439427
661377
223345
676231
203090
627555
520139
652236
991223
317455
942775
928145
596717
632902
163091
283418
375360
923182
261079
826864
549221
630137
362934
51230
696931
606838
35868
603205
295087
892148
519576
177308
517783
587982
305236
608968
723092
796632
12159
650324
530370
431397
154379
976141
174635
127794
853266
168637
595135
757490
999955
96834
900768
230454
690651
548425
606746
850104
596799
991788
831344
609157
242438
137766
840657
80326
503587
674927
132906
423913
367199
418553
50005
548017
759829
415365
480302
718614
346071
298146
764678
487385
16175
90115
1009
489449
545407
675516
884475
878251
655498
30361
73207
922410
970699
536923
83575
712411
865603
752144
148759
282315
890385
458638
768052
770215
258041
548043
434043
518184
762119
505948
931547
44697
337484
6856
737948
143046
321543
457736
212809
938947
562720
476254
21833
64790
824077
708303
443468
82690
559511
963711
200417
702320
907191
488423
536228
916476
455578
393141
715987
434458
551428
624064
413250
291684
301776
180389
560997
891329
734805
4996
708747
761779
240165
131665
974954
232828
581423
476695
374165
810798
294660
724111
804426
440206
867191
944089
206567
555428
243805
964245
145789
621538
179891
876577
645501
217775
634911
556143
943311
560142
110927
214721
38850
139632
673022
453444
991390
677906
642389
586758
368404
758740
139694
180822
198167
310296
638451
322551
316420
540243
464293
94208
340348
486451
997817
69139
300754
493293
895644
18488
237472
995746
448344
29205
691188
495277
779918
573644
922728
838604
74787
732593
848335
865512
866168
767206
885323
872130
774033
400214
644412
751996
931351
188618
751123
575298
254392
217643
516932
664147
702444
634389
764442
852592
193107
243987
21860
527839
376314
28605
15629
641564
998909
446443
233354
689821
108486
248789
474860
176000
230771
324617
954069
761108
575510
362503
815943
531521
418134
194364
559960
801621
163890
875801
968834
277675
787942
674512
974550
615546
482598
578667
441041
712695
443079
875785
149127
566248
500221
750005
366012
530695
347583
66084
673810
795855
580615
153035
72156
770021
421237
74907
596496
309478
770835
595354
421915
520713
613364
422879
345743
10929
241973
925738
616056
404050
248741
66717
617740
985853
241217
470555
824896
133385
857816
258620
862711
112608
838093
99114
900629
354211
693563
371803
318706
571707
943091
497131
505387
342781
924960
600981
500946
145145
281164
332173
518085
567520
766907
684798
68892
524815
477557
87899
809020
401596
612066
269988
367369
189500
682253
864247
616632
137966
440651
387152
195586
404744
907061
975199
812084
383484
862608
506565
989411
724742
935630
523050
406141
209621
636845
980541
848571
161043
759486
110985
248819
618259
884096
955377
493450
289110
138987
259016
387783
914298
456648
713551
609026
252224
391421
865484
227451
293880
4903
837443
577159
101067
695584
809876
305508
442149
970592
486704
836206
877181
828543
854713
560747
795202
387224
345910
737536
262819
939146
708720
302663
476091
435992
592427
67384
733272
137392
16324
760644
991463
217545
907684
276608
719549
934757
341086
677502
281220
972534
345771
755512
396864
286429
718463
584678
817021
873805
602503
131759
436759
816398
202370
815547
683558
983518
486073
401895
835204
612593
935900
121810
935611
406681
254779
245460
939728
696450
345053
656399
225830
30228
820161
142877
658321
789307
346991
818281
737976
863427
519033
99674
575910
380444
268627
439913
927405
156029
154252
491539
139639
121253
578472
950890
139562
853629
895964
165831
516919
893146
950822
504154
103040
240286
981702
231458
224996
91134
899164
526647
588200
52318
160031
343173
897091
529432
269559
301715
500614
989723
748281
807233
496806
634352
789245
825297
300967
454552
910108
558043
807463
694226
197579
697700
954309
405497
518415
787146
211500
514313
650012
599830
554943
884162
596750
887796
323619
117605
303107
777918
496739
271643
475091
295156
896772
532469
920749
951816
989095
574222
185103
509270
184660
65613
523745
135921
410472
983367
916783
180377
466718
851137
445889
481864
353011
638611
810457
577323
174393
580391
423369
92910
100474
231585
409582
366832
723463
905049
526092
22934
114140
870147
909064
304123
694641
177392
444796
77317
656928
956845
48762
507923
337645
725257
329441
69714
453879
295669
595989
243119
578298
683907
469598
163687
855678
445329
164383
744698
107488
991295
354544
437245
806011
632667
841499
600911
21043
381598
128944
164644
600030
689168
650629
885117
657679
704070
403214
363576
340479
434124
246996
773699
937498
42589
147605
173996
776612
141967
773305
963476
341638
530316
744108
586179
640633
677178
877340
928085
977038
57980
776017
696593
878423
700882
886436
271706
864693
649116
673757
668862
882303
422204
208749
989868
952524
532312
367044
880898
51102
820670
112080
210693
780715
736547
381844
406698
373833
170564
162016
210001
920629
160750
475954
339281
624640
947352
574377
631662
827222
621166
356386
255207
89004
478761
865457
772908
827077
406233
732990
428269
619618
689796
271161
372046
320388
864297
108347
712887
826527
526109
630203
96519
279069
920727
125225
346408
686091
436679
661290
397693
669604
506976
774897
312440
886200
706551
589495
580105
518265
84099
678934
598385
633698
382724
112968
834165
393093
717697
959158
662701
441007
847081
742784
903675
865721
411995
437321
990297
530926
995265
811003
400524
83220
815191
754654
847221
15065
930634
696208
180614
101148
415355
499362
184914
953812
143202
748495
492220
510241
200720
119514
970897
923117
791629
418563
325490
338751
208543
658341
599722
580572
726636
691759
102878
407770
128503
479805
229474
241538
959814
660626
778664
760481
99364
376564
353043
42923
640258
682020
31274
837837
74233
894009
322536
973774
19051
680536
724143
452256
389063
147730
906717
678089
716011
991962
749175
198633
823075
40097
359363
238375
333071
403280
487922
765948
357411
823394
506553
834076
801673
973275
543296
802044
524193
942440
49011
335300
122792
209492
740343
547347
180790
762213
738551
179433
846369
455121
368988
276854
698943
212896
836891
423996
194697
674399
382504
754467
369372
603902
305544
477337
793369
355143
770756
211811
969579
981499
4665
730885
595752
415947
383949
188490
984209
653936
731260
17009
442036
355687
179856
454516
172017
647372
817455
277942
883353
56274
709838
897864
289202
586269
511235
158871
501015
630460
587769
25910
844988
367110
575101
86148
315024
386704
575605
588858
873275
257352
388335
869779
991046
830577
745751
553432
180826
153083
935427
162183
649825
129406
614761
828575
345225
171731
530480
152203
641191
828111
402147
473513
844984
44509
49602
323701
960834
578679
619571
730006
123673
304769
997462
469189
629629
233346
280182
419350
720289
874367
201114
200805
408838
224118
312892
65182
551942
975924
918161
556072
472877
670931
49735
400943
372034
477076
641613
341708
602083
158421
94859
270548
249294
514287
604979
299066
385340
311342
959663
615009
188327
765357
743738
600131
848493
237838
553227
581495
604749
184340
448491
780834
491341
417373
224104
488316
929854
844798
611682
565438
150680
187005
161218
501989
935935
175589
717579
594854
953383
889162
414536
17518
581523
172826
364261
27220
861176
103259
948250
973598
706305
160198
111490
623341
755052
433216
849482
176006
556817
286897
849156
133757
335299
966979
865179
322496
515919
571641
963617
187773
362401
989545
426373
185777
281606
883160
417888
977871
462925
485680
946094
705033
255686
275488
841881
123069
325804
71632
472689
944639
819231
897728
458233
756735
387337
685628
344603
94295
856291
232830
743291
615604
722512
297056
90152
697630
658279
760827
55471
137573
550606
836898
284682
982634
338369
347252
976950
555783
727410
348706
761826
788572
426443
217790
155587
175479
435599
769339
418820
551711
435102
994311
707611
143805
699287
608258
215735
35048
583000
883673
827285
764683
533088
874500
702386
743221
628054
427864
126683
241149
484899
25417
729632
141008
242298
576128
868583
776729
162231
436181
273500
658251
53285
434857
95430
406094
717146
722787
808565
144707
373565
138885
580312
1142
381992
868650
934443
623775
154728
200542
158413
775317
747681
288858
292527
861776
951119
378778
563305
776985
814567
606749
818534
899856
381788
86201
611840
700634
855997
222808
724263
644709
747771
446611
750586
917977
556425
321577
514936
238684
870108
598044
77392
790018
542290
487080
554324
225808
767214
732256
240460
626795
929153
431464
271463
108962
242406
638345
66508
225813
411876
209716
820687
190336
978934
960598
949056
226728
347302
36308
479005
826016
628373
190116
152679
685688
494616
914119
811154
523331
635389
947687
259221
984580
215467
659784
479330
273781
11303
170094
520688
389875
183539
445580
898355
551369
322129
667556
458861
307415
546597
996352
707102
717214
996984
696011
291799
564075
730777
648652
248365
628062
474973
543488
181768
296150
929800
109524
753499
231228
436100
55420
292270
903528
488462
451827
138327
332083
929712
806927
960711
549594
52520
150976
267584
692171
901032
749413
824228
527312
796535
442826
71209
628053
562037
579650
76585
139991
761659
108894
573718
410475
961185
960455
822347
553961
839385
496317
713981
755635
70264
911404
202384
297381
865045
560488
950406
575963
195786
886534
272018
431193
173592
115670
680331
39003
340647
359744
858812
498362
210346
842426
386904
590968
499297
836451
596043
958056
317560
21311
514731
836413
516685
315024
478093
722029
435599
898061
119284
433537
7361
270273
790885
521276
814430
643843
731990
433061
855959
78990
893124
375923
539448
349500
111652
482133
293096
585124
761329
62427
704655
57932
43620
387844
525138
732941
437506
814820
956153
278850
918479
293490
550642
474028
565728
170348
404847
109798
792142
231847
649066
323711
862598
827831
123400
361337
286526
448374
92187
752669
318466
459125
762306
467065
812396
65341
48556
210680
286386
209408
486137
576476
830746
469793
133569
165082
164040
851549
997869
863633
522424
980372
371779
582249
801990
368056
986432
176132
989482
604817
969182
830756
654594
997226
204917
683097
524936
728348
540990
955749
153379
222580
469682
452334
328281
576131
704081
880350
589025
245571
924414
640475
231062
170721
666951
443742
331592
754476
119107
601586
852013
927512
276
618891
936373
824558
918220
349505
176379
772116
127340
662631
659095
757172
737864
355916
685520
556428
616134
54542
159791
99858
108037
309781
53807
579330
415898
906483
219024
605125
634421
255702
393482
799807
35810
742824
527647
594486
838380
908228
71433
294938
618652
883668
840659
194485
737759
819723
237764
858928
807557
722428
91253
803647
41958
547477
532484
121322
735007
472252
10785
5689
505274
934981
286662
122236
851691
136205
134339
70132
593207
48182
111223
267809
572656
507775
925723
410473
311899
692478
252600
142818
360498
989885
548281
2428
399108
270831
274523
381966
757690
121293
442688
882747
821366
988050
623331
760449
841748
710991
39782
89886
254866
238379
515656
539551
683532
637883
978290
748742
704544
183290
377968
677463
375600
146341
654269
673535
559173
865334
559158
985314
263632
753146
632625
335551
13005
142225
627431
589378
672705
572866
132684
766823
338338
989369
945152
844358
602453
510814
812253
888383
634705
295058
55857
274178
679715
545992
137478
593979
866764
690686
926492
639961
544325
475415
405048
282618
143395
302807
204757
940853
963732
810938
345657
533059
591241
715633
410723
95754
218158
12090
874848
413896
595988
101531
192509
394264
10864
614074
931799
720356
388349
542300
876750
669160
566844
809336
299672
583198
716892
903415
521970
98380
863220
897867
49904
32486
735084
842665
165174
748384
819260
200484
267007
214549
641420
413607
147098
691469
905915
203663
898934
189934
753148
646627
872530
603586
537434
808689
457174
473569
908572
712710
454848
162683
199171
147913
762359
825732
259504
96756
833596
380796
716578
714928
348094
520410
525918
805645
460556
377876
581863
463067
406885
4878
74541
226472
549355
742109
567106
481045
541942
831030
440583
126743
65861
480759
10469
752712
456144
845394
69815
908647
106745
895122
714501
420082
961184
382283
784684
998303
550037
475171
3481
635506
160681
886710
439092
149181
229213
389674
835161
769530
992764
432593
847105
401342
369221
994740
233535
456731
438208
761602
605799
65301
575601
486805
624137
868862
759082
108445
587483
85041
561787
889323
591732
402087
889413
912028
541493
112121
642413
448736
403778
255154
925036
106790
418798
566352
223362
605222
606325
745048
993802
130570
944610
508243
612457
67706
494673
970920
503712
341507
594255
180567
607874
854307
438685
993552
121983
220339
272660
845614
919710
236849
367010
386963
360905
520425
855986
534624
929154
3456
342186
154449
212596
355357
825870
798260
556708
590068
533698
994436
80710
993968
619308
429286
292140
617469
163192
459775
499033
52207
970101
434928
309108
141458
879772
79919
980120
250895
895665
507331
20936
419895
570114
162267
254592
429615
177229
275724
849062
823865
680319
290214
618208
791195
296854
272177
103679
690157
469287
322505
108184
859524
203196
627027
646580
566263
808661
611675
296925
846282
934671
57676
246937
456063
414051
682187
59315
624373
464005
370928
823284
35002
834540
832737
575537
320245
489713
720845
1406
241897
149137
640578
904512
197031
737101
740012
100512
583955
844529
50603
423068
523856
593969
59983
677111
251019
322222
588723
494801
761569
670104
675443
740689
502446
288494
967179
550590
973555
666658
439053
415213
478051
854104
105535
958101
169610
351692
73679
637374
11354
818642
564467
609688
150676
573433
264481
98472
796560
264457
881384
753629
626857
70316
549034
769601
550663
232169
522422
89803
45642
702795
151558
19985
226447
343072
582418
81178
340707
2653
955470
212050
125506
866143
966023
408023
117322
55308
619349
21488
37953
466968
361150
384989
903743
568484
69352
691209
904634
140864
97336
635036
208300
485073
958539
344429
89251
917134
517455
569749
516645
870308
254848
326558
285821
793082
884539
772507
42790
627087
369280
359505
90707
498750
44745
959315
83481
892452
968129
262955
560186
73624
713059
87540
622479
424473
559088
636421
189329
429638
19852
841160
443012
38022
983990
633576
229888
356167
657890
521064
503325
302116
417653
366417
890042
575328
411356
950724
125226
838543
8266
79405
460540
304340
605836
861656
395942
453189
700426
563165
514573
900843
614236
866039
89524
287269
981382
973747
824382
778796
752466
934020
945249
863408
818057
214643
792874
566946
1613
186611
575590
856459
216598
188755
622772
92761
451271
137356
710309
764986
666988
782330
856717
289697
732627
750888
748841
907814
67268
555908
907884
48970
903645
677489
687144
985048
176591
249595
645206
289510
914415
515046
725890
716411
557561
755871
750358
657355
278184
184276
359296
589597
511595
700831
380803
804813
909764
762205
109399
624558
347394
956637
523390
2567
882201
767285
622373
62334
601755
949870
383794
369171
8853
137439
941360
967619
175112
866519
583061
640909
68611
688372
276460
644880
195674
686352
756451
823507
685253
468571
240307
121247
504983
811780
471655
286599
981272
988113
912844
819528
48770
531215
103220
167627
3989
479139
929958
28103
813911
443518
863717
523267
858091
829935
604955
302905
86029
950162
403427
546262
241768
324262
681072
517342
208276
745533
90717
9709
416687
222476
513937
822552
825943
354338
944654
535794
479937
437878
764887
549483
906873
787737
107772
526802
842230
298826
338563
786618
295257
882664
364405
513979
201026
887170
730818
605264
408207
89610
290833
789022
258546
365673
592552
925908
364654
812972
777077
144557
613294
490267
232247
380370
423746
296426
728076
141981
918135
962953
341207
47737
509521
27542
193933
507813
155815
412850
391389
491735
980572
389041
979130
967869
596277
52395
841734
918878
249500
672944
471260
807392
232112
725208
965114
386530
771591
740983
740425
21769
526465
186544
454091
289689
431050
57697
605408
377209
457899
213692
58997
999513
94797
534517
739658
262575
653196
551191
688413
7836
381236
342450
515256
151150
350491
382511
33556
738814
488987
140292
660841
365306
568618
121794
563091
139069
871511
938827
970722
988890
578466
714338
902462
891448
894521
230427
641525
580119
879819
888753
266915
916081
628811
462518
771709
540347
891907
89509
92154
221386
508498
873363
598046
55955
886148
715716
721060
945803
41868
865882
225095
882029
855264
919400
440941
953050
551921
220261
178545
781210
833158
625725
998155
466944
836212
206657
478558
186092
761340
700989
728734
876907
245569
805802
923228
452153
168164
174010
263088
182758
198782
197841
75522
946261
812281
61076
742837
446433
19403
233241
558960
548827
969361
25854
287433
686319
514628
155413
522384
894053
367770
418877
108982
672003
641211
590156
684057
834511
486366
689192
911277
39473
716416
969141
549000
191415
735297
528232
405961
710195
187739
590203
224806
234879
418559
196793
311570
388449
856718
945529
373383
807753
331952
384423
600245
146871
678293
45501
628679
571129
258054
527634
323406
631698
96551
432137
942476
703607
499851
204330
707935
843251
257908
792333
270409
845034
574950
689650
571800
830202
338086
108462
325686
561981
128212
615552
978639
921643
753506
743618
908570
357405
320432
28027
310983
405036
109766
143505
47172
660344
524269
825180
439723
18244
486698
89301
443339
968959
570968
619245
856145
332254
288033
3642
817554
464228
525976
449420
648056
252291
39286
158046
973128
755804
981936
311592
919436
474531
71153
728849
872737
982942
975097
941762
360351
682700
178706
964822
724384
881442
246570
628653
98351
419696
433042
71904
671375
635299
834514
232015
638693
443299
734118
405269
44995
777437
504986
936413
79569
936347
796157
60430
416858
498894
712069
353826
47344
585966
503039
830548
842813
458104
839088
537976
679016
27670
925901
118244
831776
145245
561876
545676
290440
277168
204678
163244
885247
247233
343745
845278
702923
500920
494717
564043
745377
356012
871011
83134
204819
693902
170885
957524
501462
490917
364414
124816
845295
161011
412967
431115
605306
173879
327987
330824
944727
398796
728936
247462
557554
694575
133435
708590
864748
483741
992710
102540
888939
430171
735336
915611
301883
249487
774265
132313
373599
171148
489832
785210
448888
553515
521652
963736
816465
35796
675587
800327
837573
102236
385826
168135
547597
609289
369242
560787
463594
764784
440747
890390
82859
468479
729128
868669
897628
917399
567406
99751
940427
390353
228994
777209
606392
428386
386055
351951
465304
811737
618968
927949
321222
105029
643976
541139
816071
190387
98419
217359
354040
556500
670401
468524
503382
95230
698807
841896
616554
41801
523769
246723
616719
470426
161248
697747
579809
192892
207284
863284
915844
877161
188678
147677
966862
790313
227821
800207
272338
362066
556699
214310
988746
656813
619547
259282
503776
298553
381801
643871
777881
308233
606765
72559
102623
450056
825942
287434
357417
136093
655695
346060
422537
520809
583201
143485
414161
789357
937509
377342
148963
413257
850596
430110
148116
961631
986893
181644
222909
67286
516626
685991
420574
747643
446943
253298
572654
382017
870007
272419
193155
806057
922285
109722
252954
878717
447421
431727
552836
711734
360645
282596
764206
871741
296611
615609
81163
527759
890220
264799
948384
639353
819845
52420
204267
46403
232866
172429
639921
801321
625241
566882
977187
63108
161058
674402
795692
23624
143597
354104
98202
150502
701344
857733
799846
936402
446572
671869
635873
797215
172043
969166
433917
867653
924568
786106
320374
682117
557514
45510
608475
73379
20622
676106
532285
557842
966081
745
486515
886190
181831
994075
302534
704227
206795
641830
287104
209451
613267
515820
62412
535476
872510
858589
971274
583007
316637
485516
860850
398117
314860
831391
500898
429396
604204
198561
257733
401527
337630
621682
915938
298900
773853
52894
289342
437519
358296
508874
271407
954092
951404
915850
576895
283954
251610
529040
351033
303531
265066
182848
517267
471047
682779
900831
923063
430816
605701
724777
215408
515992
617613
352577
755054
420830
251973
518275
810869
874768
725214
106613
636200
750266
875338
78749
147054
42749
880498
470252
708735
228491
37585
983896
901069
866191
705196
491719
89681
55593
788526
802535
432560
888471
946787
674394
248330
703343
422033
292687
242976
301577
936239
796332
23839
479609
810115
206567
652941
565753
60123
602100
678095
709414
823015
473049
128724
636833
247985
307229
334178
311638
375227
651678
843003
538649
625844
309698
106411
720300
167062
810502
3249
599389
993439
410226
529992
355660
148457
157677
106001
238859
596392
194861
396894
940254
389696
461702
479005
727713
750337
482340
197599
406665
598848
723220
379588
161730
129107
20732
416837
251768
821416
869483
141086
551346
991042
313483
495126
799640
24722
306675
890348
766741
837230
562329
336288
608471
901680
920037
413275
538867
833518
693280
452795
347110
942161
746443
57919
196279
440340
116684
85580
486968
573595
32899
932762
66859
791469
545596
422334
230656
745744
344957
931604
213820
327808
138814
597256
830582
954635
317624
118849
409916
57932
635350
354795
355090
35522
202056
407584
502682
459404
503159
616627
29775
508739
860435
583064
328363
687860
4743
639411
832297
718520
796494
469691
17317
498738
747231
383307
81311
834917
565636
382661
282974
733807
94601
212003
969137
660838
414159
345564
917328
927246
604352
971439
121570
130740
611612
448270
438552
860329
842226
87274
717302
871262
539691
759191
870834
5145
283777
973021
727349
31058
949645
537050
351422
233004
387901
634519
512038
865107
839332
299045
31870
258222
860139
380915
150292
40385
679909
431088
506133
916835
547137
689111
454156
603990
11736
857308
351112
811272
659110
934257
750940
837605
147670
219509
887296
870807
44022
299514
405973
376283
621706
868529
135622
956161
383292
622772
311434
674880
211953
766128
715718
678707
430390
623853
573518
330612
353625
757628
225996
598932
123412
772796
947257
793140
140709
204552
570889
936003
140537
681152
593124
481556
894214
740339
677390
421402
936888
251430
973479
203395
326595
591812
221774
632559
929815
886049
18337
321612
852146
807724
858400
601360
717135
371697
926064
726993
404732
82249
933563
545668
528905
944735
32500
175248
665948
41311
177848
341582
908322
875068
940560
320480
2720
880094
157523
561451
994471
913575
442985
465266
806182
309025
644330
859024
301849
316038
972708
156498
282592
427115
819132
360814
133610
223625
687787
867236
586512
106409
145002
506096
152574
287084
772393
908073
148684
603572
500600
260666
544747
534451
972425
67834
559162
884174
873932
155561
651384
492013
746106
129417
768212
395425
23854
61334
688545
93107
75053
844644
812837
557701
636422
622549
930192
259175
968725
948211
791434
358521
890145
661680
593445
334328
843109
121335
53938
157479
332268
55534
24943
734938
483221
129483
470686
263842
405942
583696
63793
943376
915933
261348
654881
763560
144690
687696
485597
25316
727416
820690
447264
127201
464178
295457
475355
990250
602018
224767
651922
621088
453933
73268
931331
6338
197146
845356
408896
396447
624633
765103
415198
967701
219872
364408
905542
772740
129617
262261
432680
74517
632439
498586
95888
561505
550287
327458
672401
894271
474852
325732
794781
330605
766450
427150
342454
750745
290476
969984
51455
734861
995929
201351
153260
696886
504537
281012
884057
14223
520838
234841
715318
634479
399158
867103
401567
824107
343900
382919
394441
906857
906830
279035
995800
753730
724001
474064
32526
363347
384304
347035
187167
69601
298044
445741
891424
952678
543405
107756
712669
955580
769079
202255
793417
849573
967768
201909
988496
630837
119741
845731
526729
752988
854404
513112
739207
30100
542493
147535
399247
673827
144265
245841
975395
481677
307973
970740
573437
576410
637056
396915
372184
592511
835079
175467
51047
231468
784833
123632
930537
588913
783702
692874
529236
548046
118764
676943
94702
286037
679689
141406
992443
606462
354908
434357
441425
500039
804119
52464
383879
896710
895285
592223
794572
896909
243545
385602
848339
738680
302167
195492
876972
448981
892491
24465
153582
613553
462951
427508
821713
876859
29259
580882
426584
372759
409357
798877
537259
847490
169240
738038
288707
488797
239152
279874
381630
514328
689235
480936
762770
259580
761915
127908
392606
136660
693569
776523
464668
291897
287131
485147
221555
782201
694470
439102
745
873060
145407
892572
163766
582322
590250
382937
38835
803668
635862
454450
593393
485398
577240
922095
957863
142573
617236
946374
737667
501667
51098
194764
941537
18204
636524
574744
864857
896195
410398
924726
767859
48918
64214
965381
954486
697612
342003
754862
640222
441695
700746
51009
831787
216633
82700
22957
970198
31615
788227
478876
672735
559028
326779
745833
170369
554700
120317
987647
615943
307150
611191
164111
246008
960804
313655
439085
628334
116226
602518
609480
450501
877873
146545
943044
8494
991543
340947
902326
780451
879717
135215
94011
23605
415165
761160
567541
747521
384125
843123
996708
81537
151948
629492
789084
128062
914688
152390
347368
947363
725258
901239
930812
996846
282431
338159
853775
859007
633027
993553
499549
15315
849556
571065
922167
689418
104304
777126
742085
643876
200228
182001
604634
323722
943603
573627
335666
149705
183135
244006
704715
694361
740759
66042
127132
165659
891196
890919
602486
359138
869585
315754
919158
498857
646784
554376
196580
639650
142467
685751
10156
877358
655413
445212
367479
964520
957174
206127
581092
308635
324340
137531
840296
59284
595549
352322
858815
80787
824158
308926
845965
116635
689302
896001
584726
124073
838556
607230
691926
190849
508137
412448
955199
195811
689124
605464
231309
71069
958025
245300
691783
987450
128372
421419
307860
758104
771792
554485
854390
608279
551895
666903
56872
603629
430340
831484
976464
949975
768285
860991
282785
239530
824150
690886
79505
904520
597028
718664
476721
14190
184672
406510
760558
231465
128659
449431
531682
913320
476772
201398
809496
360365
326555
397527
62619
527710
539089
763199
727097
873592
808438
12208
854361
454691
515327
597323
834102
834912
648234
31632
963959
976734
608559
964609
703853
446572
257029
60134
642984
314057
426957
930473
855798
195160
129887
442401
919289
43824
770480
204972
883236
76559
78749
273844
790930
812014
585558
650837
573187
876143
57770
775317
682099
951667
833962
735953
31833
899208
31293
129913
52409
823359
926208
814898
531046
666524
814743
704730
149848
424935
801237
679336
975973
144736
764100
834736
391392
956879
952401
319366
364235
778681
859927
32507
598841
553455
471046
738179
429445
472832
435439
505143
245672
616014
405104
804085
868155
35070
18359
832933
866442
835145
703540
918423
322385
282544
348767
314376
993366
719756
786659
960836
853474
873603
685926
421861
650845
639319
501878
498489
857541
259224
266961
218817
249867
792506
614160
764438
985418
745665
367218
142439
904165
947096
184449
616989
972731
912898
672355
660511
220617
231464
23936
719153
987037
96592
24202
307383
165491
260142
635949
556056
752366
504405
758549
184446
257524
45510
853015
633337
213990
917033
100861
613699
257147
14681
463729
185054
535736
659290
327236
42074
128334
674470
430236
953395
107600
509412
319608
307862
939535
35706
240417
482116
908627
291257
634224
76304
182969
382391
566070
977218
890020
748795
209291
348510
362593
986256
786614
921854
133211
876988
66998
184924
667959
797579
126955
458348
619277
27972
38884
331750
167428
245117
194438
192289
428233
609482
374421
785051
82092
383889
137634
408149
520535
620473
152849
102555
432427
105857
444166
418338
683704
50029
621804
350089
17177
419482
284385
800002
446251
229619
25986
977418
59240
923324
285518
194836
770851
678604
980921
994308
151586
969752
628368
240982
195731
428073
644739
439775
51117
842352
75732
184748
831844
573808
622875
42247
196744
793817
372723
475096
961531
785269
503557
360743
340941
574715
144430
261951
33654
43841
16144
365294
591599
635151
136370
590762
891373
194383
401557
799438
206651
953760
28052
572161
690355
83337
319414
426103
36120
930378
483476
636561
389331
36175
717089
857120
378888
539966
624027
906183
169365
153967
462413
809726
949735
873915
354302
161651
919480
400493
989178
734091
267561
879510
931066
17222
842231
650749
19122
87488
524061
163378
659320
126675
579462
679171
225228
787162
703022
816456
749320
279889
949844
32153
535461
370776
8350
941728
783847
992470
916297
74697
152999
60218
262282
202454
683195
868253
959366
430350
673987
855171
926251
421141
876115
657857
738985
563863
898168
533176
285073
630046
46057
559679
482440
912452
252492
290399
22375
806146
277025
926455
364083
151654
243535
212480
653620
471523
849545
247147
295796
754691
771421
549159
222485
546615
665
203070
535887
147343
13146
952159
986566
976772
604082
492278
890116
100083
340021
488503
918680
567397
38624
455867
101130
523529
126375
510657
964601
675907
502298
361813
862804
645469
468787
757006
23473
286619
949694
566576
774477
511789
607077
932146
925345
785086
388375
621595
609757
215594
608853
424710
74883
320716
602649
454340
110883
459508
703843
499360
735919
399992
277793
403453
831482
710050
353402
52956
578258
109895
759159
262394
279286
621367
860878
179670
495542
276944
252173
611792
174374
662829
538016
822893
896190
234748
204478
538807
554001
70125
339254
396674
530984
760647
6610
894409
231611
132693
478629
728758
359371
334141
338422
893248
416094
527536
839049
437999
175256
720509
328582
218875
326067
29825
293129
647506
971675
973369
676101
999033
628585
754424
990997
550154
174457
541619
11297
104475
812586
436922
705321
483647
320369
827137
265585
451686
435930
879069
97417
296224
216605
963466
542520
940030
63833
582696
600901
589849
675760
784519
638945
873068
222398
175575
216500
838236
554742
979458
42498
950489
200667
244501
90426
142364
83928
951449
104155
670736
194558
380480
326019
716557
476312
423355
984790
213375
891307
888681
894535
289765
571151
997865
866950
459510
425956
702992
369670
856990
110899
459126
333674
382629
767331
485419
679051
266929
867733
17799
826280
133218
989276
71519
762027
87067
546908
793108
955540
877217
679230
950405
380677
518235
100365
705828
849128
106489
804912
866534
668224
372401
432580
599508
228811
868453
793941
539071
409105
378209
857274
629201
371789
45056
91338
522366
637812
156142
708350
170904
353510
114311
80677
305794
991728
95390
849790
788028
456956
790299
918837
826270
487190
525308
158845
444832
92251
749180
798470
244693
804928
522192
800092
337528
84860
799950
879324
817183
948116
426985
598483
486988
218305
237399
691828
417187
998079
285779
69622
119093
942068
101566
246472
756218
489595
465377
179314
13278
144333
373581
609481
6514
299852
896995
14222
870723
450027
658992
798949
67848
186940
466544
187565
354805
167511
894324
634688
862572
250980
961758
511624
734355
104198
537416
873724
890816
466980
90564
461238
337041
160917
809790
314739
120985
929512
20798
232550
90677
222157
607178
342073
101564
501666
27304
537057
604628
405086
81729
950748
299682
503572
211425
228426
564441
978725
554011
457317
870900
631557
313738
15391
539454
33320
112690
179095
747790
105032
182532
181495
489041
724950
521088
819436
678655
686074
279733
764355
823280
657289
676452
482013
363015
813507
165635
403215
62348
505157
506845
983896
236056
938321
853014
4223
756393
257528
587469
665929
102934
756962
662426
126420
479132
641530
997110
734356
498710
655992
308538
373543
674443
777996
226432
915798
621154
89124
851302
75562
144688
649818
900465
935593
380018
440573
581965
988844
611094
251131
477938
813406
328307
493672
588131
184083
193050
940845
229201
433794
671492
829263
72412
726689
479786
601691
259321
447707
695924
651820
296494
832241
829193
764184
42298
87530
939845
289853
501651
867320
180425
115875
330887
681577
99691
261326
658820
954630
140302
361571
390579
262284
361741
890228
856510
946564
325969
113002
334259
26625
376451
40078
14656
492278
670042
338932
776990
293553
262613
122116
559947
370040
801989
678886
236143
285119
747714
436554
504864
502402
691774
417361
934145
607685
127670
974875
508549
959910
301636
831214
611345
250587
731538
731583
322368
207950
20265
117537
919168
936594
822247
571975
223513
311808
987151
561271
677262
466099
313466
420686
751964
688988
654124
508650
716959
449794
786178
305911
683988
390361
227591
413209
196985
393726
929509
139699
101649
592717
510200
187346
152260
720096
713854
754938
478818
917348
723947
976330
741576
866841
51673
732110
982491
855078
55069
588513
370482
186326
422709
666749
554704
173683
196829
85857
555982
436925
958272
77085
297688
650631
869388
110077
494926
287599
483742
910416
971338
772728
755101
489748
137089
712006
319458
953023
172354
723765
404629
418732
749596
608917
91347
841761
297821
473606
378827
296825
52340
425773
52840
395571
861112
445264
448168
317205
978817
634324
618700
947326
24756
530064
344040
189255
790749
305229
494426
854165
639541
848861
461591
379903
176450
542036
979681
960854
629789
869032
313557
678485
105871
668705
55776
674918
523797
890236
115410
126543
697731
314210
952715
634103
896453
172736
16017
620057
998848
302274
180228
759492
17239
121137
214312
355404
377545
631911
976482
293969
218743
776427
338942
583081
641027
295149
936045
636909
953813
762911
339596
572765
649847
922605
151199
174961
429344
386715
172764
260541
995278
149690
23204
637887
26060
434055
948493
136712
535763
994592
991578
786373
978573
725348
122508
676266
889908
817382
822545
863034
162137
552268
129691
761013
951361
439818
14540
561374
874602
204983
845773
214695
137323
849033
783806
402107
565177
309298
529287
451624
231878
170646
260301
821864
372099
771047
293761
454730
200071
790751
97938
48194
484744
817369
675715
616201
843205
366669
22679
695346
110726
208998
257704
444811
25659
402946
51798
902060
824578
747205
803101
128287
304772
749658
498240
497835
14206
374664
17250
822207
614750
608428
556211
910840
620227
412697
881799
606351
3751
590088
149954
255202
615257
905149
391600
188189
143778
521401
150833
288837
396106
69718
762769
104161
731955
654210
360694
742725
833122
289690
477043
171324
392478
492642
620537
57361
340913
354911
49900
894330
269067
138834
855572
980322
702022
207313
629866
12242
111493
558851
235858
876859
889269
824695
119849
283362
912437
93665
883251
945320
982610
14131
72951
909365
429931
424212
657575
182785
808564
876608
390583
914558
77397
218300
991502
600294
576434
643444
655770
988188
294342
776947
612606
958529
898664
428029
287463
689878
420848
242828
194364
779273
926771
797990
560883
104350
493353
399383
286657
545851
432752
285008
880681
443536
288489
488284
657078
117601
754433
119227
71876
437745
92490
641949
119096
600653
221447
670908
417423
952818
712967
8662
692692
801115
79528
954822
937643
476907
516733
624958
785419
976628
399242
942243
849929
62626
374316
783365
650895
349192
652309
438458
764651
445572
69173
94870
343684
458768
681141
997576
520871
152936
237085
619988
947391
530900
263894
604713
269859
610577
512329
426270
555722
478624
773733
919758
718233
598314
337472
429068
934813
854286
89237
347781
855188
330249
725932
921713
970534
540545
332311
230005
904817
837678
627608
174425
259394
888101
791328
943329
849119
926147
711474
224266
686017
428850
275622
3234
338015
20123
517322
66052
400933
924840
444323
756399
75971
462772
280913
383875
249058
888978
787920
514007
77746
561015
657307
655481
200351
44741
99243
7811
29602
390772
703261
192726
992244
405087
12657
306230
192861
636137
770990
200898
912298
674826
308131
774478
668348
912762
381385
628511
754301
312760
894853
712258
971118
559095
820873
776073
910684
280934
302938
1443
235314
23834
385260
919191
638823
611099
49129
70813
299351
556872
345873
937881
646576
126759
723322
50421
640643
573005
852025
842713
754938
585510
434009
986058
211689
917986
709832
939356
957053
577789
76754
631509
388177
588521
395780
295072
950751
347289
771442
724075
997907
162412
676053
731677
484539
782580
337996
155767
645083
660771
89987
573190
290462
561361
332081
373058
578918
844525
502395
346119
334468
827197
613174
456877
571139
178259
292746
958534
544159
661070
250738
219763
381395
936010
550111
804707
446800
838949
828028
268970
600905
919471
234125
822457
986795
308461
865200
521024
676715
461962
793734
284893
576887
295323
845739
797823
792014
858061
795872
352092
778795
526318
337482
857803
194524
431764
392148
872830
44530
337838
166703
743264
583441
524133
595449
990407
901223
289646
792507
966614
561338
290479
894029
732146
979737
55819
168148
73823
655284
749772
226412
463798
528968
169836
622304
134213
240178
896192
724886
215555
227493
412482
516168
685998
361271
523705
894445
847107
785621
299399
448886
570201
394327
670735
565044
906267
996335
356608
580694
736288
363578
753987
559248
535977
760057
992317
357720
970806
387353
154689
33418
21893
762414
599445
162412
291240
650303
921759
145163
449090
797242
160557
447492
848542
757256
323230
289887
713387
197179
890991
718421
309144
176164
585061
574450
588360
907138
21844
566229
393522
569685
602827
811029
80728
77840
82525
39358
183842
212140
490252
509689
152279
627801
111891
243337
176055
605967
399760
915890
696055
886787
904204
339316
664601
935478
24553
268341
359720
542823
609063
240124
303117
287465
11602
267289
681425
702863
551820
132963
33136
407747
58162
152217
953942
531062
471790
724906
753145
17457
252441
732561
291986
832459
335114
694231
701113
312307
4096
749564
514844
461677
556776
596848
563675
198362
855755
342140
924356
139631
641814
703358
759846
340680
598599
161617
545748
383189
960114
797643
443128
314610
596717
86176
210128
650581
793374
840483
191114
504545
808607
361965
400824
857623
974859
556886
85360
662572
586856
643872
307075
264309
755697
739828
398168
259390
758078
375492
81380
125243
747090
381007
957960
179798
391937
396739
953286
723111
473596
353532
900129
589186
690683
972331
905169
114153
151365
662738
388512
376674
782303
627691
975140
161828
632207
782888
100121
647211
216971
854486
720666
558571
323907
44571
879868
80929
664968
31710
105224
386052
421335
47749
620946
524122
605318
805081
961338
138472
116234
769479
645631
576386
271779
632768
91963
587200
684260
946495
278719
669521
524835
807146
888267
234921
969529
410514
482730
235414
985974
909141
247976
517296
834212
382691
733873
606959
355830
990877
156104
595863
639438
758169
106592
582734
786792
774338
95323
762510
727270
823709
893404
530613
152440
419750
308875
183097
39207
260568
323940
304826
501695
146892
480124
76336
682135
172793
263826
165379
761982
760282
951630
564090
601604
857325
99865
662411
907810
596183
138328
800464
864775
141541
972422
933019
116800
496429
207916
599520
365570
925715
414016
627473
973719
88423
794200
847111
199139
786348
561609
220892
370130
638772
558432
277333
119201
52646
318844
617084
567173
127202
580551
561741
698363
233851
564879
897478
822893
258979
386885
891681
612222
831268
927760
279774
505074
923722
956943
779897
472317
131551
383914
351419
669223
32078
324947
904621
107608
235625
815007
654183
431366
182022
918331
73478
923832
296132
642316
619964
896629
375212
366055
365377
478286
841074
395050
610151
690053
490586
183285
954571
706137
746295
81160
43623
750703
198414
843387
999557
664158
244186
145364
84750
290007
549353
445128
316161
539055
392932
331857
238399
816267
990379
401832
68610
84391
338847
276576
634414
452355
932665
345887
626560
67498
642327
216761
211363
539680
996567
186666
788321
241895
707612
808496
270070
291502
489774
736579
186113
536215
377982
615218
571028
535075
209158
218651
344682
627837
461455
208519
289208
920928
341644
625568
574044
369701
736804
359631
785650
986349
766157
599990
325190
839527
881620
318535
297251
250814
572217
931007
760970
656674
985206
293891
411646
353394
548000
419285
91004
637443
134759
762995
710473
765200
256184
468364
749859
722686
489153
242720
405337
312329
787540
3379
355510
785873
640549
985965
550745
771195
238126
900049
289824
179269
250674
518296
149315
749226
99677
158761
596285
210158
392202
426488
820900
829639
824863
630648
881818
473128
707091
513022
113884
249963
422928
497908
78903
671321
41459
48950
980123
921689
933233
18508
453640
771252
301651
132165
944933
589057
955617
660204
796015
134770
717981
897834
295246
547833
178726
14519
475844
274328
976190
945726
320382
205700
418917
3021
685325
841077
45348
733494
616622
244941
705381
471493
768581
339938
345791
868317
912169
715434
373136
314417
393752
30082
418244
865820
96267
237659
886066
493150
604005
831489
389413
380660
668549
30921
275767
28371
242298
970007
326617
376704
949462
837129
17136
193487
939483
397956
962010
6838
77267
333017
233167
621388
982460
17363
467810
910116
159583
143263
362085
689920
95361
195032
253036
344884
137267
847663
810794
544025
773252
813748
141561
413482
67287
725507
57141
213886
741775
527309
787719
917346
637542
967618
726528
846354
580701
792792
705051
430868
747278
325435
197285
100338
126173
925521
190648
979346
663565
122025
370275
468851
817839
459647
383205
360902
528564
867118
619096
216231
820836
422451
344235
514614
769832
60185
912456
903318
103489
619719
796628
767042
499483
462306
375316
265863
212924
741216
641773
396962
317271
570474
620996
806326
183357
303021
662468
764138
62515
347006
126653
987549
117918
737831
323946
16519
286683
199187
342155
953133
797035
47953
321457
794368
56587
204104
638488
708755
473890
906424
340334
17719
227028
379240
539378
333110
47348
908786
608376
107368
998998
328423
611465
114100
631746
325152
532006
746151
522372
438882
169069
392554
993696
258541
689941
646627
895778
248929
30164
500587
326228
298702
704096
949671
378122
413207
12945
967749
283991
794625
612837
137173
561634
137118
451614
534529
904786
176976
224390
687211
772326
837756
324178
845282
543394
168269
247845
14655
770916
292706
133867
559074
98773
53333
524070
445061
194363
548585
541253
659449
854250
968719
376240
699973
308122
64917
481441
274008
714388
629228
649516
116263
674951
566484
661663
543975
852663
323174
600964
601385
399445
183805
103747
996813
433193
919362
277476
787876
122603
962387
229043
55078
158194
356304
348540
573708
15556
340098
345398
133900
37644
982631
469884
308399
114153
105246
104182
492240
698275
420971
189846
507443
687224
631720
293631
845503
633557
389129
191616
805593
739680
833098
649917
588127
967410
111607
520238
68286
680226
300696
288705
111473
319228
735862
903643
97750
966161
723150
340284
723246
681192
138834
634369
838193
200402
375126
612034
250316
804251
728670
316827
295992
672669
227073
649416
378616
515822
138745
76138
849199
413369
865418
642982
95259
365802
786701
295213
864242
497859
850777
37782
920087
357004
622796
262951
339449
724263
583867
573874
556105
452673
461492
481180
561814
328997
330732
534969
522246
556138
694218
333587
529907
614925
429519
330442
388575
674201
695840
725973
826134
994946
865649
543846
681823
72082
249808
829868
123806
552763
203979
143538
314697
880267
302271
672485
893189
988925
286719
107122
223196
476587
616605
707022
323869
265249
352600
481295
123153
771726
49506
250231
373269
172436
287180
584722
151257
508926
600464
580725
974707
799633
405819
627494
765793
587387
831349
851098
674266
707880
924910
626713
414287
546804
88807
826174
530755
272827
158810
487962
272003
473867
270279
622201
575300
135099
188317
66620
255705
355477
122625
506021
773838
603694
106045
390962
689892
302999
331720
706400
855848
613868
744558
139664
475506
158602
543836
647879
664055
841821
943434
401424
683212
899414
461317
517436
443192
767420
212888
745418
760436
199962
554774
746657
891777
643158
109063
689529
218470
642658
850477
713242
117637
563787
13297
737725
636121
646831
135855
885070
412879
248460
524571
600851
745661
108659
927694
441510
104067
189851
809649
546590
549565
131473
105668
801996
865506
674957
158796
292129
81596
38497
742871
779245
945540
965898
248109
111426
991513
686889
871125
298551
532573
898891
55937
805385
526636
531684
534935
35035
892858
448347
941212
852062
105160
467967
230207
569739
941059
899415
289792
218957
263737
454102
87995
224765
784120
222829
525717
169797
589125
755963
336898
338661
314806
116000
777200
457300
475949
314095
261011
65918
873649
48193
558734
724716
860970
706343
357819
861314
419385
284535
539607
238049
129714
149383
103437
157485
104119
791672
749789
239720
96434
105514
410345
133373
953774
724045
865692
832857
765459
93079
683639
752564
147004
975826
165945
845102
558134
665357
537195
428948
318296
715634
346053
25857
828026
648568
849792
277793
708627
668399
41913
77329
734259
346552
696255
375330
328345
976727
170937
589949
31602
338081
111991
937824
201455
695759
501779
640519
122689
817909
648003
500965
419380
620940
469247
53777
393253
725483
450505
693246
790817
718293
89374
877283
177628
578859
75575
6265
327499
86850
370684
559779
786014
703567
137350
979431
501918
86463
312335
806170
545054
750756
12601
214299
147361
37001
500407
171381
27720
141030
216028
33000
263030
365295
485886
865153
558466
583943
172038
833062
559000
811986
107864
426286
392685
266535
279129
942125
671324
449444
404961
51405
150498
879005
992959
169687
703602
437484
895459
366545
886006
332524
538028
538626
386468
29249
127247
312849
311928
561934
223968
424844
568659
27274
130816
133252
967920
972333
696996
218837
811071
326468
79101
492739
2400
320740
151113
818687
679229
550843
693494
287690
849412
953345
949550
585713
123200
85582
985476
777398
281171
448582
161593
876303
24594
772463
669162
277255
10365
834403
416602
708291
29145
840929
2776
468191
180140
444669
198605
940663
275221
170296
112868
393858
221509
233642
857110
600088
821470
893020
617745
409940
796582
776178
220356
80980
281255
515013
558218
679261
372071
825999
490608
3420
525312
658047
433124
31111
157083
610605
640253
16994
165645
174696
930273
834206
668366
387562
791575
372124
623313
990893
890282
4431
46149
630934
759734
60094
6568
723920
984594
843945
25027
140276
934938
750659
400326
109476
784471
283550
20480
648375
206925
695269
386106
123470
737442
569794
406897
612613
625318
380128
172783
364486
986115
534794
903941
121591
487234
481202
705191
594195
463991
244815
685092
560598
436811
372893
87616
583890
605860
807368
307824
366047
433587
601635
283569
160560
948121
577618
507077
200960
13815
930057
79179
716458
725905
562603
467962
911768
18717
716052
723129
794644
505582
431666
67870
682874
772600
512334
894530
212814
971519
65705
299582
476458
477281
792193
622212
361616
166332
493171
344155
955422
65149
304314
648184
937119
492742
453333
670582
394365
327547
120967
148467
719125
992234
447480
681862
829859
677332
386105
264160
528092
699036
902181
764862
487643
211211
487138
234312
4659
788542
106311
360970
939427
5037
694168
884364
162535
633560
659372
16591
798891
948304
758320
840615
244762
181919
649412
769904
752085
391317
763651
597678
192576
980464
461408
261573
429814
42407
58411
278097
636828
163347
426483
784035
597075
684218
272070
343321
802567
817338
615380
942873
940837
683791
856882
675818
91753
490369
159354
9902
537109
945837
471311
797248
604349
422893
658174
856806
709759
292903
685632
458867
195409
174383
117596
780540
854323
114074
949481
542644
836611
517088
863921
822055
67503
484845
876786
470223
657412
443972
431166
239958
789030
871248
904258
885801
927001
822089
649699
918070
605563
82495
232836
602370
957652
93318
436836
52776
910406
262847
209189
484145
46559
383230
695335
907917
633293
800733
502675
250028
386417
734044
865716
746556
49036
611443
131007
380095
287766
58167
405619
775688
535917
709604
55131
995217
381354
339725
608561
324412
592144
945501
303005
538661
452062
191689
83290
768160
269572
265876
52153
937556
164338
121214
960832
446323
2571
197194
554346
675221
172792
658923
117522
5104
2457
853834
699114
44854
355991
380215
87653
296907
431189
876073
393141
991202
264773
232435
618222
364595
782103
660934
197962
711450
763723
924829
123526
474255
345768
822089
34025
182398
22981
354393
804324
678467
110468
956517
631317
870084
893663
214327
454182
981418
238746
460823
542610
79484
946776
789106
121992
169754
48714
341030
523688
972116
829826
231661
468074
822117
471205
546531
180318
543631
608703
462581
789901
425428
409777
906600
572991
145742
681541
352515
968598
533548
435938
655771
263768
431177
435163
91769
456650
512682
853345
905641
942263
661140
820761
271394
760016
128584
911049
420685
11245
566941
539691
750068
311153
306616
379428
839112
84940
812521
623182
962638
889051
365477
848945
48680
785066
739804
339985
713596
367257
993847
776929
753859
529756
218672
585429
576816
862364
421453
501397
317242
911483
205754
135565
476616
63733
881858
519969
788025
340449
73642
594174
992205
998295
989866
808844
554483
490412
773960
857408
538799
100569
482067
122765
44839
672890
214906
895866
212683
909490
364423
754959
150431
856811
775227
235305
45479
231035
443910
253037
386286
730018
805731
866521
426418
761904
846798
199862
851503
11332
527075
590826
239878
508718
278676
611306
929162
533750
266695
970188
305640
303350
815690
20346
190384
391202
794484
628994
419460
679784
643161
944907
518364
105138
256553
165603
554675
245129
993317
779635
882065
491731
216831
734356
260726
445117
863694
716986
636320
959027
595563
727950
191865
84556
80427
980506
927265
65668
451321
297694
397395
475361
696078
573823
503606
337526
91536
879519
405570
759173
972228
513288
577549
54527
654066
582529
727282
129000
260180
36099
996636
190102
870842
741765
284020
93080
507773
676148
448997
884468
209181
112063
819912
563720
468282
168462
584945
484689
178092
999122
92245
69898
151039
630455
745942
342764
650638
820599
478509
351252
529658
362120
204851
468611
661512
568501
203084
471103
977941
515467
336049
925654
102006
215210
668312
838466
174064
890171
144641
369064
947664
14208
875295
983099
469097
630726
602082
877054
894888
271864
508573
99814
853013
79502
501785
377437
173160
842146
400565
988195
53958
906979
684280
838159
138647
86306
478261
374516
950532
820938
127258
665374
299346
736621
234133
557628
269334
659193
427682
454807
94996
843849
529333
26368
324216
813975
679425
306121
691760
66384
274532
159593
507172
67968
546735
513219
846099
288429
228373
14208
564555
813375
706031
983320
15813
530460
976041
917104
309274
314066
4877
300382
197478
996910
813226
881672
133304
532137
955040
422762
214450
332354
677899
317622
670916
364839
987146
246805
20415
27981
961835
120012
379865
791711
640116
942138
982460
854738
484496
983805
922058
628183
532373
773365
651570
346282
901742
726752
207464
315784
119658
803044
270788
121661
822432
763628
37113
985691
650492
461929
583728
530091
646970
587776
951277
391583
593319
238988
893011
488831
680326
454842
711499
929583
991296
166988
786562
430775
178158
77852
520118
219090
745629
963704
583621
803925
69296
713752
242912
847162
987365
485432
559006
422409
479856
730774
343597
482338
96835
285130
364643
358697
537071
210045
469363
74318
232548
33927
331387
723448
912724
720873
221177
829453
532086
749987
479518
294176
360359
92596
436923
735928
798122
36524
416536
201145
573712
326191
7140
963634
582003
931400
972102
116098
283868
278439
465425
395751
966212
936441
926487
794148
591928
206946
981716
414287
471317
473178
437579
17652
782387
959521
441135
504169
959519
993760
5175
735472
679232
815454
450964
805378
712794
626011
964479
325054
429169
358733
958443
949998
145797
262644
912538
923826
241980
774684
840908
374283
388510
390703
424018
296838
916282
782388
142400
548802
418533
207784
303872
328224
100450
326007
585923
783559
601309
72087
500563
182481
176210
436290
887493
883670
417355
490062
559498
64723
439046
679850
884132
15094
849525
715063
171957
414984
859486
376128
569970
268919
64163
504728
505143
157567
971868
13519
623221
803829
262176
739280
448262
166576
424867
382938
260001
765588
918457
551449
218025
12604
917497
953376
676832
887619
895228
116550
597496
563888
904069
294426
265482
342779
602363
99075
517216
258944
51537
282169
387820
788607
545926
51226
48988
173838
175880
95786
841029
404572
311732
759402
509692
343010
597752
614035
507396
948264
478554
543791
853537
60016
684305
114965
439563
551107
183633
370815
728702
691031
870052
134281
566510
902234
96948
663625
567448
795358
759141
426309
278068
502689
278431
162389
716039
49591
422697
44886
43156
960854
927857
783816
821682
243774
502888
516677
820409
182851
877898
944927
973846
758328
238907
881684
370814
372346
143245
221936
224640
630806
307742
583040
592498
310936
508190
106734
559245
495537
195439
471550
17429
12868
80293
660068
660144
32653
192045
54335
838041
372782
418377
298678
178540
934104
853113
470062
683617
714706
957942
922277
214358
741673
310807
553454
975748
120373
116119
582857
894228
583427
676590
538846
107658
109796
892443
388182
371487
673873
22467
372310
886061
603321
727347
187609
272324
421737
802242
648681
620634
521559
636242
355706
872094
527756
510197
803235
50221
657579
745387
777466
596126
205473
682890
603722
295544
753003
917175
864052
426371
765375
277968
82975
148028
687256
743596
501213
781154
769249
757498
334876
26541
555325
576838
253829
574622
775601
326938
27444
434929
479087
489601
57173
908272
428544
994406
963031
254753
857356
610588
397072
407136
894537
779831
149677
239687
718462
646231
970004
169801
671283
936388
176728
836894
20279
115253
34136
628440
842765
180587
695413
775893
721077
853498
59949
600013
959570
197672
379353
384139
521533
374382
826623
674681
930789
593244
803541
513940
183392
602200
334995
381374
438739
390598
957683
538226
139578
959748
115848
536082
686997
338316
229304
466780
233584
853565
636248
454203
829389
435507
607074
319482
589039
238994
763605
22483
164869
781538
513898
828838
40562
655444
852206
544709
459637
456995
617601
428524
812154
459030
780777
218574
227452
624226
845587
514186
651733
484012
545128
80892
389667
929259
53000
90736
160025
602284
600742
452018
454815
107008
683969
829991
172463
743225
558753
974798
564543
664788
779664
222122
345488
59407
550352
550838
142031
644634
478691
949591
610091
418290
609749
495562
87604
117087
757811
312045
27231
131590
451673
251303
374950
742188
114217
365108
651532
13512
164952
361104
720702
655426
159970
397247
441045
743758
366686
867831
890680
232416
11500
251179
710431
28171
741386
1462
773298
536890
110086
353376
291408
36425
651790
629711
69355
650689
304739
389196
800912
151342
412972
49713
419140
580319
364391
719917
34762
7226
332602
347124
458754
172089
179432
222213
177515
758533
62943
507865
672841
477549
557037
252581
364642
878723
310227
685196
221346
313747
897906
363365
46110
292609
294306
631716
63413
351742
635618
517991
928723
569447
317033
765151
964623
582138
672923
751705
401780
928181
755287
290536
889501
592781
402733
502513
154810
582983
526893
967187
601967
207159
668634
251761
77211
168147
605694
82397
361013
615859
976471
510050
770131
951784
497647
935342
657157
786422
835081
632538
864798
349871
146231
95256
24786
831405
278729
356792
279931
226923
674336
276887
590902
50433
309920
725732
472426
98682
882308
74832
396905
763347
171467
781458
149806
310547
3600
985748
794886
856065
188215
531901
81484
578823
622659
663899
130445
796641
91653
853549
412170
511234
269871
471499
311899
269635
652167
659571
878064
706888
371447
444785
513907
265586
63169
778346
823369
909882
936143
448901
153016
72432
683304
542453
67746
658065
806911
864487
469040
720126
129190
695301
328010
511007
965664
631461
143042
350355
894611
430738
166608
193426
847068
294005
356216
594594
923261
636191
764232
590642
796337
134645
292541
863703
479648
23352
75398
840800
190190
363247
824928
537752
66286
563252
497632
457559
365877
816153
533007
273541
786889
380853
249327
911853
915767
761166
883292
501241
45699
140772
953742
878928
741562
462360
940859
629833
414756
858487
950617
809610
964822
737128
525697
678337
711523
156909
798703
481790
739763
502745
544998
586732
920811
728335
834288
376683
908876
300402
801603
40715
565400
121838
290560
188710
896302
863586
650837
975706
37111
168105
628865
68897
346233
644676
14007
757903
137353
700837
351132
322536
816541
326106
451947
427356
390527
609109
257144
603041
69790
307348
195666
760042
851839
217521
400705
82377
393617
742152
185838
930782
361885
503040
900514
154299
610140
437368
129895
182998
1442
660368
378123
931049
959865
403729
379522
181418
111945
634362
388139
493922
811058
89256
544235
181933
742652
718625
985078
76301
954534
86461
986988
544234
607771
198001
280223
564394
619458
345657
459827
77865
382708
473505
351711
105877
234761
412657
516752
126953
412427
380147
62828
944580
913868
731682
706867
516069
319444
430833
67650
635142
812594
573877
980850
950226
689459
469103
467165
476675
484657
203578
461632
538908
677635
524493
517436
605632
494418
800494
21623
647470
345163
73908
523615
412762
248240
923703
622671
634024
425481
838806
461002
645767
561849
229156
469347
808680
273003
670447
203327
283930
295595
970095
558067
860164
43985
453704
285255
95934
457560
297468
265372
593676
339212
245552
999465
500407
821154
32537
299553
689866
438178
419011
740081
47206
382719
738494
811045
732547
939655
98725
526442
365827
470453
50636
973550
537012
937508
938117
934180
188707
1886
497167
418915
986263
508819
313820
198318
739569
927141
653054
417551
102494
103584
836205
342108
489270
707655
252215
217371
574196
461641
604037
420994
33746
692499
899013
703063
659137
679679
160953
183158
864706
251882
221980
410673
514148
232994
431532
970385
357082
208574
537497
516987
765432
109321
92424
11182
630858
748310
228612
405609
280081
833591
781442
961961
37851
947592
739663
544336
147134
602086
202840
206497
439345
849982
506261
612072
406470
976128
168020
949559
505096
720305
836574
55434
873069
399392
304903
721868
983288
495216
544407
170611
408302
703316
805200
307590
404018
535066
701084
393023
411071
738206
416469
384715
329986
701983
364208
443501
452882
444270
319623
751235
306829
354946
786177
533153
105168
96617
207584
725466
327890
546265
352038
525853
410653
656357
7269
152187
61931
440971
651362
84806
852697
91817
813989
16277
915594
742288
208160
256997
528411
786225
753593
664602
270078
919668
738166
232611
558645
68840
379652
911739
744045
374997
818020
214155
544885
899884
98483
60652
704921
488480
248660
886027
175135
485518
732220
732070
877725
238807
888089
41266
201205
842894
765600
64863
712175
475533
604082
313907
292337
913442
263082
260627
760541
493095
706245
140577
387911
800367
905071
328446
408274
785244
210150
113008
634342
371406
961549
517919
855887
732150
28687
468858
877557
277896
470638
123703
454580
779279
191975
7927
815256
291290
260036
707527
953846
85396
678846
822147
757225
336946
42188
43413
675496
693189
573900
981659
614401
836335
989133
825383
198708
703794
536695
314719
480750
338212
322007
239685
528929
183871
792651
845265
89724
711700
750087
98555
316876
859232
56449
825173
971631
859511
971967
869268
948720
448093
884859
4015
595524
118388
451055
774239
127584
721935
791363
53383
248949
528804
500177
963118
152713
896224
887953
819367
445299
412117
154598
944914
74675
595215
230596
474107
650988
246148
416828
416479
710590
719849
890149
591
445892
572641
469865
475950
799911
152784
456105
507413
1501
819150
462414
960981
298178
857208
977645
650844
171089
878112
855510
398064
590719
781540
600954
744217
371636
463388
320822
851164
148391
469677
838336
339553
589844
926139
880940
448822
948317
284155
136796
92716
524283
829158
493122
58079
850975
495177
495635
469652
273577
105273
710347
474938
949059
400676
33878
942163
730012
493123
551778
189484
762493
231660
673535
791688
663433
334980
762479
252251
386773
661650
79504
49714
456161
481582
382243
220144
525555
905560
975608
114802
207183
50469
454328
405844
561685
479443
41999
374157
974519
596926
216884
150197
955284
109484
284438
965032
719286
763331
821604
467394
510949
255386
165817
918537
778150
797356
359075
743979
370323
132905
658830
917340
508696
726886
149650
944993
771847
144309
354326
30955
882073
947024
686367
274459
793346
713839
295353
420708
245872
648185
149504
609487
730847
872023
562059
418327
803675
928483
997558
840500
898708
297215
449483
871925
469847
553859
38221
640198
293295
407374
141984
613266
137495
209149
132504
185537
168346
396794
297692
982882
605257
369708
799990
386597
930393
364620
567995
988799
804246
46423
697106
359408
391752
724639
861218
69665
877281
768701
408860
65190
383839
653793
347042
123044
219204
910282
5650
115788
516720
394129
74420
533701
703512
138143
737084
759208
793893
604158
603067
448485
38123
304525
618537
37571
375684
602318
565959
872388
110793
191449
449716
109222
469292
630963
470734
311558
107893
241914
411139
311904
552535
650167
461171
649521
694062
6422
155075
411645
192152
183473
39297
602668
512493
688648
810031
758224
172892
990413
711918
315458
276259
502556
566089
131178
534442
819016
111962
144284
403389
680913
776029
550815
526437
197745
520463
173066
913697
848405
553154
24328
370054
595433
524544
33402
181360
138060
591961
882939
660580
358307
294796
899199
925764
389833
101710
269076
800877
721316
801657
671627
526129
529555
612948
337648
46828
220675
901627
110516
302469
77281
796971
506924
840963
365546
668780
970034
197065
194782
909723
143465
717296
157843
101971
478047
616191
659301
205304
999627
433481
438155
169183
367413
646948
338565
90141
247029
329025
991473
611947
464531
474477
198781
934771
450574
435427
338679
835194
112888
793739
217537
716521
24574
99155
724512
873401
21958
55017
247987
453434
951281
755794
422080
568129
454976
217834
85802
535084
44562
523000
236863
744595
941259
566893
653614
836941
57361
605753
371157
614428
250032
158987
575097
873206
772189
847331
248399
100913
155416
215381
782391
134986
901930
206620
771144
707089
602894
263704
950534
777013
239084
148965
698672
879400
625984
347418
978358
851758
354266
950299
660616
83528
630974
839387
240714
659831
859819
863602
171172
880687
856121
391191
424437
422746
95515
740090
318247
968773
157380
307841
712541
102891
611303
349916
187913
825948
303830
361607
320987
571978
818956
895516
30292
166256
329670
748690
562169
222495
47563
598934
38370
953191
996685
385028
230386
494046
194216
319810
676641
734096
777031
509305
681396
405123
624166
833777
350606
425061
494385
338632
144032
650324
290060
630415
236605
196362
266348
775234
334792
180964
546594
40929
392206
378061
660472
505263
444400
702027
967796
118086
728697
780134
506106
368597
995854
328240
809613
796024
345027
405174
615030
957042
445898
340289
321981
715146
943750
745737
636884
246783
50110
589815
30932
36328
505197
298326
169630
146925
239670
179605
847459
645724
423668
748475
864640
325161
708143
385320
389889
335685
394220
682627
727367
65177
522652
20421
824196
425631
459956
557409
648162
256221
512860
707535
467267
657663
703361
339572
403620
894353
328773
879600
53339
619606
567766
622019
828031
759623
303772
393500
653222
400875
86412
200512
445065
647119
313370
345812
596036
805027
336971
227079
628282
648433
19176
988318
210326
355899
595662
745629
411692
527727
636067
694735
4733
695433
988643
501107
758041
436933
587992
330179
851487
809472
67048
244129
39264
243307
867720
513889
695010
934890
665807
54893
893696
998863
484901
365465
432623
542765
762202
469316
185051
100444
708499
432039
16559
585417
561374
544701
321396
935991
942375
253583
884945
668502
609540
295003
574577
182078
651819
157408
733314
847752
203011
129417
409433
253257
684119
953715
303410
24492
963111
483357
821077
953067
770201
383467
213141
459370
739661
439831
876147
356656
948046
833333
639775
483138
446819
845153
759006
782238
303366
769991
393415
790225
774956
78
951527
679222
307011
781538
436612
963339
675386
824348
428991
732721
97273
718224
15634
148992
850418
36084
198457
660420
379023
141608
883758
115353
997963
364390
955276
170334
447069
824264
937237
963993
898190
712624
415375
740583
193324
138583
251465
592414
895703
46198
133243
898113
840120
536714
690187
831775
442642
344840
324332
739400
562224
54301
527329
399469
986430
482592
226208
363283
639220
808087
516177
780852
775917
851299
11829
87346
417878
371337
53092
360184
976833
21085
629039
779055
813145
713485
724452
289178
916016
383431
666351
537231
689333
331016
861021
221843
191745
972162
639612
253136
241744
665961
827551
13877
510541
427675
289086
533867
35333
228522
313209
540847
344510
182599
704765
990800
666593
336396
362943
291591
171090
802277
761702
94510
331808
821404
609221
577567
887128
592641
90886
373546
556212
994994
120930
429938
110577
390669
558668
701668
127934
367279
448749
692629
927760
567335
283850
951928
58450
98300
454403
622968
473786
389655
811573
417208
522231
866703
542078
254821
247046
957519
450528
215540
272868
96998
681727
900093
746334
786987
918276
585076
996164
696523
767908
967488
659004
364081
15291
887865
724850
154128
876242
3331
537709
777680
786431
916801
71485
409362
838316
463544
408017
426722
65840
128770
695973
497720
919385
409580
898072
255339
456715
716076
332251
430131
652481
399554
367494
196057
350898
741737
968773
414141
983568
298106
140911
58627
388074
706078
837815
134364
587954
477294
630139
472236
202008
935593
414970
642333
612692
643793
589411
523904
375811
964578
307656
526363
751017
44976
742513
394387
73109
185308
661709
367991
857314
723442
444099
249638
577561
721378
780775
416735
980532
382938
464713
585763
386430
548860
72103
123465
243350
375745
578626
790622
359826
290730
257870
837110
662975
551454
206274
102740
505735
471845
49168
861297
322220
76735
39535
504237
927216
543906
516115
300751
84183
229071
702462
175866
561604
786192
157616
52783
937600
945872
282362
172153
345498
485462
313905
676089
280872
546464
176701
275086
528107
487192
650897
370336
116753
708405
505141
74122
505811
302193
655551
801698
957375
798626
131616
458086
788432
220664
901402
997828
12473
608722
911951
872133
23233
771901
500277
384280
525319
520586
952486
988279
272167
93706
932244
647480
381941
904424
271066
828466
718630
339044
483949
173898
187983
329256
723761
432665
45509
777032
741288
95099
613731
939291
407557
97975
804329
486192
426847
575942
254401
45871
504385
360322
786462
90638
70238
544621
302141
428332
991458
843610
33549
541389
617635
984955
444907
857907
47798
659017
807750
782613
789662
630282
540194
106239
781152
533442
904888
299077
898098
349176
180410
907557
594449
489123
88755
49144
39858
76530
515661
219285
745040
935797
243757
238403
451044
836139
777144
931416
144371
863080
139257
730994
909441
343779
996251
590289
544739
723290
91984
614992
534514
431778
764692
603518
128540
127758
996236
829149
664212
145851
775432
569719
642793
460535
583784
991447
551796
692748
23514
6699
661100
661548
467393
180276
821076
785146
210609
482087
63763
948275
284887
766628
409508
69623
316086
371536
255012
994680
148108
807313
115720
638846
314131
877285
395249
538644
414883
337823
811416
827922
2548
733312
833828
217096
1922
200622
302555
262020
368777
643475
61172
365057
982064
66901
698442
301292
871234
355373
984109
107859
354839
434023
413907
19245
459345
72629
254188
901760
214658
877295
609875
670771
616811
343851
375840
461424
802655
407285
936794
386997
960839
317419
112074
865400
92286
107320
728747
778997
474716
462187
364221
884693
205200
919731
661624
390972
953191
621433
299486
746287
685097
926874
735785
973601
580770
508479
631332
216601
943102
288219
402966
251713
959310
764865
125528
167565
944359
946464
754696
204677
142953
358748
498966
749489
352797
217609
506812
91681
71032
489734
263882
821270
681213
936628
255007
432528
736062
297298
604148
15029
838978
437303
831570
133467
281474
801194
882340
914418
766350
512161
871655
763345
129805
609941
604797
23067
740257
331774
695521
206094
830185
297968
572085
844840
94560
22802
200312
790709
604770
574135
316179
654202
254479
984026
252498
959864
310728
326907
625392
716317
408855
828368
851211
557132
104875
439722
556598
738183
823040
143846
464941
995703
644893
85451
564963
219993
368055
712903
176760
198724
177267
916417
557382
613594
342601
190426
74139
626123
989828
306950
673281
684353
890598
553856
566712
618348
502696
667055
793925
286122
410782
728595
929571
477201
5881
100075
290904
595293
122278
808103
853539
672049
676437
129989
900049
493771
461332
597323
622767
619465
38553
678880
504730
261202
351582
378310
274290
439587
686503
813367
329709
538166
410143
736988
791048
786448
540768
67620
933208
273960
642002
555719
207998
772975
170923
224600
104696
62912
23892
305088
229333
692390
841388
775068
480769
738564
730469
83061
582398
82853
446412
254168
86899
281889
570727
588434
753694
109416
197175
395082
615334
337070
957853
357243
819660
938675
811929
918924
855615
711086
994029
385485
441934
581397
361504
222800
455928
941388
300446
590050
211423
740327
312189
156645
370267
517854
910490
410315
420331
176652
741282
944817
515143
713252
559277
721045
432785
386545
722820
704374
338985
381127
95235
813575
752992
840011
692058
645839
576260
598684
125549
93664
925465
455901
553243
461425
84393
169249
915292
204955
220851
964977
444484
906220
455103
962492
578724
397804
339985
829212
963216
856682
150652
136193
83258
759617
804941
331708
182845
523756
450024
430186
662902
762563
319601
749307
607693
35858
184929
200990
999697
182100
592120
707979
52801
369041
448657
941036
861864
662481
328721
250473
923872
522620
111865
622158
699830
139407
339548
804443
786030
369085
472490
919593
834461
909920
295658
884660
682293
485914
843334
86345
225566
547789
288768
81037
846270
732594
944579
278503
410907
811738
768980
294667
116184
368959
767527
101284
238748
106374
560334
928862
362768
996820
654220
320013
924550
380810
262664
74301
265079
139614
714077
617623
281893
229783
10702
113388
693663
947429
256407
121633
491939
807898
263838
76727
745309
143049
955913
380726
727758
998330
107817
196086
176200
595399
858195
215178
168917
277206
640272
359753
841592
590962
660586
678842
304203
575752
997991
856475
967
174652
173522
272014
500898
589286
506612
729569
521299
344685
962786
443129
853617
866237
95024
664730
508857
857320
285699
992724
816750
416471
570500
878925
974747
997162
485553
878824
275316
249652
40589
713936
753307
179596
110136
74083
879102
625233
700889
535677
992221
391358
779703
390303
437545
235622
657703
953020
819272
42060
789280
291488
982326
290977
867050
777725
555589
936346
923765
950036
461893
290158
971782
593276
417918
110441
534028
213458
434586
555696
187153
475902
664352
247634
979404
507229
490331
449990
695635
243664
55705
549575
303661
328161
257039
983241
303750
89677
581210
502230
417276
720434
268832
432714
576470
653782
489621
560231
965908
134737
163929
140950
534177
970009
258815
776827
564581
220904
79465
468915
514167
17484
607183
811629
816304
747018
692830
778402
42458
259952
423677
377522
87688
818358
757148
368703
908816
799235
79258
709458
114899
930849
165079
935115
361473
624479
746126
113605
793971
710520
607872
75095
250722
280846
373586
874155
799953
160455
764928
301996
990235
207890
307778
810909
852309
467592
468090
947591
940703
562605
840022
635659
759948
227029
296712
584725
12267
787299
782943
317873
684274
807981
52866
409399
210310
400251
614153
531938
631338
948334
452792
428159
924225
196798
455897
717953
840129
60316
949
640689
953654
676214
817966
697794
157168
273369
419900
295875
494731
819440
50114
234349
253657
37354
702348
475804
523502
609850
786408
934747
860487
736248
510686
8536
555863
220133
157069
216438
727536
624075
777059
660353
939274
622595
222904
115197
614132
654416
209672
613527
138708
615913
545291
27837
691740
465109
561907
83081
132876
669614
213121
374872
687197
391367
520709
937466
945489
175914
521648
856386
57941
768762
768023
194748
631055
367607
184583
640510
373450
809568
890303
684375
446843
654515
897166
493861
739888
690704
753674
938051
460308
406780
672554
884830
392993
73728
753985
493097
789538
59121
20247
814823
698916
23691
807334
913701
702265
187639
15982
462986
12392
90156
205557
623942
545012
663281
269535
875048
48391
267393
78501
208268
652539
788551
520309
886385
332742
164040
610918
429993
69247
30432
949463
224681
334417
997476
580387
441920
589307
488679
436418
973285
785537
640600
957183
122985
853747
42312
115025
588939
948311
644170
872729
177706
519349
537459
968951
343061
321984
49985
951561
567486
863580
495768
167234
540750
948240
759527
943522
181650
689290
104362
52247
869970
201353
361800
886192
551362
892907
101916
651130
347410
921939
363793
770553
900768
291702
514854
234501
903245
514627
251217
156030
844525
963180
873088
454125
331672
556886
486266
856056
684446
150361
102244
797378
160215
927348
214944
540637
366615
823696
695376
218604
376833
226287
200184
211930
47411
850481
418113
128113
677599
225411
788378
525976
452025
230308
657401
13420
109004
966357
459776
674041
437800
905437
585402
16917
698422
543606
91204
969817
889196
993112
798856
198653
324187
960479
264485
19599
583077
775195
958571
645456
941645
595572
923522
514219
817255
406968
336554
629842
967854
229315
683996
638775
455604
43978
904144
125093
971892
624900
956440
535800
480515
830197
969578
943295
714853
704408
305211
590828
286908
601640
771398
1270
439964
334091
791723
713676
763833
956443
56181
483445
944450
224275
918772
112584
996039
263635
928457
742789
424404
56720
659904
969615
604002
744731
849239
780871
932835
52236
624221
740038
72060
193867
322550
112566
648271
851194
240571
125390
40117
483842
520958
524008
54475
353401
815083
9344
83300
627245
763273
154635
994140
810704
17952
413938
707212
345024
931253
452969
883481
298929
252209
123440
595239
645241
965920
592422
669803
787575
593557
865733
376031
608289
390314
664126
15630
845993
500836
521330
25935
530508
910006
631242
869390
372215
496348
906675
503301
109078
791464
659193
244043
537978
511066
765503
217411
875557
128359
61593
24181
99381
686748
440134
104505
995883
197852
885645
847183
795032
718789
73522
804428
360547
34417
423829
746031
627321
134873
334696
204370
956625
360659
582411
233212
232283
933884
716486
704659
240900
63152
650594
103279
924456
731254
103140
147849
811605
314297
779239
441170
635896
996785
25173
37152
463271
82657
303874
884547
500042
750393
697637
925238
790887
398939
907379
33905
392456
800762
877210
829275
774154
215007
237847
35933
69765
547078
752308
150482
815635
15909
931937
108698
972607
206604
49774
652046
736204
938215
807843
766926
401823
702369
939965
235317
810377
142691
434309
284078
195573
672506
856781
678304
20011
800663
231114
703301
796414
73711
810313
525656
394968
465603
715088
65197
362592
351354
360402
267482
981061
557866
830733
356883
529386
936821
93124
299156
437614
88016
636756
671735
629591
252703
964854
444069
49690
223036
895696
130345
160457
219415
353464
968672
690393
479415
502022
988877
383567
127007
613460
729801
528967
99467
88213
123479
491169
788953
887823
648726
436104
12165
298102
630671
610912
698637
884006
758638
873932
478963
964285
93390
683993
52641
515859
563949
756874
9446
220760
870975
658944
712479
461576
876382
43654
496049
411213
119006
167671
802610
839921
642495
127884
98727
641405
75004
160326
744232
829491
124736
715572
302368
891685
71096
98402
848497
205361
325891
753886
444852
918170
971910
132648
431966
628291
906333
15541
87166
360074
271212
63904
20962
708350
843667
930158
202713
472447
332544
568444
337236
552625
406942
164039
202918
874844
378795
385176
313835
193315
268199
169162
374596
593759
749096
498681
449600
821208
525770
564617
114774
605728
246148
699536
195919
361227
346839
279905
481024
397902
986143
37750
473973
569907
902988
542265
370922
550454
711658
437935
896306
836224
390620
588738
324859
979517
79975
651177
48937
814108
766122
417846
858142
793954
139820
687355
403355
661163
409358
557466
901184
958591
561055
346856
162799
13773
377230
868093
961359
974215
322170
440283
108524
851033
324966
984057
605372
752903
718344
838251
395709
883874
380800
580911
535161
143974
642342
234966
224235
693363
932988
849036
148156
452326
538498
56775
487014
127316
805033
348232
113338
81442
122783
962961
517948
140612
800457
545380
744876
81424
431439
967155
721888
252862
627472
348009
457164
817535
416439
334803
815204
947510
897445
191789
605656
573719
182542
641285
927294
700763
530272
81166
577614
240029
422877
227780
719174
123796
735626
581302
355630
116718
403007
417013
156534
180421
465183
875159
884731
833024
144674
926440
381544
391497
611534
76143
572025
227238
307653
708376
136411
413558
133751
710851
399664
604875
74551
25448
906542
664670
247659
448228
136103
885619
800798
199077
43363
216458
751536
124271
169705
553855
307373
714504
670429
629759
301690
626886
485187
320743
245099
694835
38882
954682
165682
387482
694467
15615
801779
414641
109016
88181
771955
415138
884474
450868
28270
493752
159819
398498
822023
919778
16443
270926
400346
24295
415589
208172
714350
394279
62041
52398
750022
521098
866549
630331
654486
548231
124012
826638
389331
558611
378217
147822
484643
754532
68556
730437
369652
567840
586386
963616
520360
343335
578324
843010
563182
600442
187814
167077
892204
307654
381536
276174
721816
882769
649913
200779
61414
103168
852046
247692
571420
761282
122371
112348
900737
703261
406528
422970
122995
584915
59165
389400
192728
241072
804312
947567
614637
253939
713219
257213
62394
853463
784059
778973
832486
338876
416466
655553
200807
990199
783310
969613
747409
706291
975179
451731
455120
551426
585851
559143
93873
214148
743758
793183
518554
3506
908205
422185
531290
288712
179103
207561
84123
866765
361679
250797
321140
134912
942885
381294
31323
906272
214608
562277
462648
895512
359653
413224
448468
666566
829473
257248
256944
328487
655946
365960
436018
588832
636980
151044
235195
194795
458528
950428
655380
449052
682943
617491
827270
855311
828692
137128
569416
218289
672247
477800
200019
708775
390645
392878
139538
293086
796437
588345
163701
821424
20022
680936
355045
302512
309012
591060
373842
768210
740713
185866
497319
630330
592176
419364
939231
679903
960260
840962
804593
304988
972007
825962
903911
826579
119519
615418
751437
25342
780731
612934
34436
996756
594036
200274
399606
624019
487854
843053
958180
915696
210974
419688
265050
641177
825093
363058
167044
116963
427098
490321
835035
176661
171141
820287
298552
626832
666568
27807
9801
186777
15608
978138
596385
240453
161641
525659
519273
502464
974953
813539
927540
435193
136482
438921
534193
863662
84451
657682
695801
242127
632248
501672
776072
42194
775605
963643
487817
460947
48402
148337
144010
948133
152240
333579
573391
651065
376378
396117
597378
732073
536039
405193
638024
481186
870747
195458
383022
457644
579181
589592
981634
897560
83907
896860
85247
604869
68250
937201
349408
485710
958498
96709
453013
704531
65862
209643
19859
919523
223497
462359
977478
567619
233868
477813
663330
424029
329324
610790
697559
84168
343688
979543
742755
44144
348448
940736
594817
338210
914265
712567
210495
858167
275421
997870
301485
322458
901663
681743
724465
814647
415996
128498
888312
550529
658173
125369
100807
975904
966009
337993
523183
369654
184151
165925
243999
877709
455729
11432
444499
490591
302037
301855
735979
871808
7845
115905
131542
580204
62622
46028
458157
238185
891829
948284
319772
640344
311005
305322
255355
710750
122150
444800
492027
499881
823231
648341
427387
229089
211100
954537
721658
520813
426675
279998
712679
553887
418208
878033
519253
961853
273576
313780
808266
500013
794394
441545
379127
7804
693073
300381
214081
752715
876439
955806
493117
489366
639076
61050
434299
728226
443332
186262
34425
844227
927190
75816
13433
753095
99504
112306
115885
193795
168992
168220
889614
162872
357965
367020
516491
518817
708989
950756
282463
538459
816880
962936
901947
580529
798953
323114
391907
186691
479372
313220
792277
977107
149987
773681
842659
41197
361530
691769
764770
102064
924267
739992
92667
41852
21684
546233
779614
43578
191748
915092
474775
100802
862293
496929
921977
318253
111090
183799
591222
195193
718554
919430
805073
926162
598717
396525
358058
752195
824995
359609
921144
761273
508844
845051
225046
355183
350386
241861
839796
391163
295178
989313
669806
877173
293418
999789
67321
819647
663588
428343
27513
652086
917264
484400
334833
590772
959497
601328
508370
770046
37646
993479
731252
866257
335688
590299
239138
898948
118570
309155
177935
520218
972916
3199
918951
784678
62483
41905
757377
170139
18019
962620
685168
310640
958612
337623
687993
279532
279786
888654
51038
872147
749214
469046
996185
493421
630690
892555
738597
569327
266626
614440
943605
473225
325350
356641
968648
591051
763316
156480
568980
949364
542930
41819
283039
290009
528777
325902
940269
435759
624517
224667
80276
984885
44857
158938
664171
535744
198431
816222
136353
228900
536541
226663
556010
37820
65795
617277
353427
68567
781809
918639
535095
563263
629078
894376
313290
703079
82131
968042
685650
699312
533053
628138
604214
413208
915393
834696
403823
11136
809763
504170
689627
502232
979871
163444
912560
98985
821936
143333
670605
574654
655982
592785
715500
26096
750226
38967
893556
84493
262101
420478
270827
922660
371639
784401
534345
433200
38876
171412
575015
691615
632913
182017
506583
431869
563436
720868
822989
750978
589200
382319
40058
866420
681807
122747
166841
65018
52843
415004
461666
164479
741621
315807
799037
974207
970327
428066
436625
924082
868141
917008
666266
795153
155597
984568
495384
998217
712679
128842
181892
583803
888584
194925
196574
760110
663225
141119
250081
838098
725956
206186
381784
148530
872150
994015
390410
332341
802560
14323
14993
912272
191320
467986
907721
325388
732412
208484
932067
565231
952758
855610
654233
311178
854395
273013
218236
573534
391566
255988
951785
327724
448962
641079
360410
120856
784988
541205
375256
662969
220310
995478
389262
991360
318464
560750
670778
826818
139586
903447
709180
91875
552700
754185
328209
474913
764814
164569
436441
478842
301875
938603
313876
314747
201352
192405
610283
339239
366571
188306
580331
606016
362686
771616
236236
301300
806539
500215
10608
722471
624194
954982
883111
981977
587421
857931
201199
974452
567780
843694
498297
507445
374988
204794
557094
675188
339707
15002
20369
522833
104295
713517
744261
545405
701852
24485
561679
834466
359580
471297
126127
230576
575200
989412
869480
954566
617277
18066
731191
770937
431458
403912
545248
628803
732862
831925
312931
643211
912702
233432
524686
325708
773620
8503
895148
137061
33491
78329
851867
817277
554647
354977
446523
216529
205313
705063
388162
618012
850880
124917
188589
351010
191916
812859
125841
383256
348843
820527
385744
945715
47158
337444
895463
25355
708278
197382
340963
205932
300808
611248
535859
869626
520928
692650
439001
754686
789257
58306
670843
711825
827338
752837
557142
397859
407141
757594
675666
941545
98361
104060
786864
903201
55751
525203
865951
11395
166481
952173
236590
950085
379422
909853
598429
756235
797467
507888
304716
461930
429211
973961
254677
372376
65407
421592
366069
672945
791921
551291
182373
78120
891850
790769
233479
304136
197524
638007
63100
587366
378345
811969
116498
160998
466874
572566
569115
562982
144044
956360
297816
155530
376668
197967
169300
648037
781123
666946
776974
170368
644597
195953
548687
825867
82692
235425
435865
958174
643713
108197
786240
827434
722018
247637
683922
71040
629247
109038
825457
621757
47031
251398
801858
348178
881455
936042
644542
38252
121402
727701
412646
867460
269141
892047
42387
913796
55497
126817
365739
310292
547315
400432
693744
458753
548320
762942
369458
217162
17810
602680
43429
736390
694752
385020
774605
387445
178937
889324
211477
249313
335304
205480
309824
460592
487220
318635
960631
762249
474943
921476
731200
348257
317966
949806
237583
315105
585031
610382
760631
513526
497494
752970
27449
477236
647819
673665
721277
46888
775453
723178
905951
39480
592082
661068
97504
500985
916662
811351
864893
548494
296712
325854
530909
505591
615029
724146
5859
70909
604156
157916
382627
889400
76208
366390
334770
227772
946268
66662
199703
728862
682624
965688
767325
699046
155130
281623
299210
999379
405312
794536
579306
149957
988042
993924
782148
439627
898829
185040
362286
775433
87073
354042
604733
488838
360451
423377
50516
397968
428023
828481
304861
184396
237318
626730
439702
103390
719077
484445
409859
659633
362102
111218
243266
517603
830503
469449
262715
256016
798201
873051
477301
667386
603611
262012
94150
468306
615540
914031
36963
356965
484160
983717
554517
263014
354130
992020
199181
113556
102775
977137
96590
803208
661755
639946
160136
763421
595909
180161
557509
26556
454429
391656
623420
626178
352526
339574
395523
3281
466599
315236
784418
565232
58203
488679
983171
146911
559752
39626
371013
222780
687189
917863
559727
118795
897652
293121
20353
30886
755399
258369
537191
498752
263263
597132
960327
485335
768735
624317
443385
212918
622399
418308
154582
360612
598572
878298
538985
229549
230925
966048
336323
295818
529313
950228
181227
586479
757380
818542
665906
857521
94352
864413
592483
288019
593312
572697
937049
629740
357360
795365
782060
875446
338080
699939
307267
460213
58840
57875
41869
478593
294149
949226
994123
37874
384512
305547
235140
514472
713744
433380
647452
607861
213318
369256
431359
457831
804423
906724
249272
193397
496423
107968
202142
577988
900719
10965
35949
665239
629121
472037
189810
279762
998163
439355
518560
843753
372183
361504
918273
561066
452923
294071
708358
980259
147340
72630
501055
582513
307829
657089
60902
188198
695270
622692
117141
624406
206608
873837
221272
765310
900812
549348
28253
412178
213595
235689
833096
121890
484424
202792
410147
705640
454570
864058
708531
133168
773190
165851
38373
583524
475345
717700
970087
749555
76370
372901
225876
828510
975846
679681
758791
31263
631646
975077
304209
537334
354434
509382
830853
449553
770745
638134
285872
623126
374464
470275
893414
238097
687832
877356
810231
146485
524925
322113
468417
247633
410960
375894
111263
196112
640406
814179
22911
652716
173017
755963
126802
623345
663148
775847
795548
72106
882124
284703
925611
203754
160866
855588
635492
299192
718182
797501
318968
944408
706205
883916
242678
613554
927106
33291
961339
394338
189635
297513
386820
535195
850466
596795
218212
111736
830204
649632
470480
847905
356519
559862
826008
312726
326260
403635
520945
883163
91411
771617
312365
245440
625942
654072
61003
334988
57166
342361
292075
593414
238290
836773
762266
591071
522782
519928
987403
888703
297367
548806
458919
53610
67500
191248
908219
825999
83609
908674
908816
952301
334661
717612
274776
39394
226252
35163
443076
862930
121175
463891
890547
710192
248230
876076
97220
4524
159663
378374
939532
482553
444448
894443
756195
504314
94209
281343
629785
775176
572597
468774
737222
320418
417055
782898
157567
516082
870050
777991
169445
687864
237056
297230
465559
893333
129252
608210
56903
859510
48955
128186
195562
647387
590652
997987
515081
664899
270793
726874
191221
833910
950381
793203
514648
146479
941253
523977
574310
898915
824572
867794
640305
663602
846639
215645
362012
926569
738863
304107
113639
807154
924324
863592
831210
656601
683150
541828
622749
76219
444583
741746
546452
978829
55973
894781
394760
469382
806235
7106
849743
375594
74111
743758
73390
582260
403078
808852
335557
37152
244844
447243
140200
547090
467792
774946
907854
917222
414715
845857
765731
190741
609985
349278
475256
361152
488192
581976
403610
845853
788806
735411
468096
122427
628943
757200
2270
611379
157739
949384
809238
426157
804990
342470
673614
446348
536481
705918
871836
843127
479527
80078
535390
490309
783802
330799
943207
450948
773603
688791
946580
29478
498216
111535
244348
171017
745231
897644
260933
269602
657537
735309
772180
203973
625994
660591
551644
357715
764221
797008
63960
598144
323444
295902
374227
693247
43701
208955
490916
293965
882609
849680
271480
752855
445734
824843
156488
721417
59364
273910
556201
944373
243628
756789
742017
276571
372211
588188
703383
608347
50887
113835
81028
418164
934345
501607
628102
629112
955288
621973
106996
720974
802830
365078
727755
34531
421924
61594
704486
781295
633265
510274
206284
399136
358671
788054
722212
858981
986270
618847
377923
802328
681314
845411
280294
97480
257736
974715
504699
621026
678662
379794
385049
473468
624160
95612
145361
621759
439814
770480
962972
415086
397787
119652
336371
691735
855440
286852
772158
70356
212399
760334
461732
564542
560884
650701
135937
759792
5269
102191
908982
150131
398179
780357
778842
314571
484872
94103
395277
892637
502128
300194
258733
90235
572485
955376
371170
827598
564946
319314
121237
221663
211465
703291
815870
327426
982560
378940
320217
440607
670293
457559
446522
576670
980755
124099
657848
219822
676589
586364
487941
475827
901703
412483
927454
796938
450772
770809
853661
595193
865913
292308
862956
54136
813328
405883
571092
444566
477897
520004
956787
503370
1708
20296
656652
463319
891962
4959
879224
422362
93937
787901
16827
747891
993133
347112
211634
232270
194155
563221
175272
750733
997417
78494
160327
735764
279146
254435
573611
281776
781269
61242
696786
154405
4989
501332
446192
118674
406076
865005
807327
439875
130488
585775
74548
113619
883143
164196
303149
274172
861039
738070
50502
450557
987334
14278
64042
743142
250040
960133
788743
831235
263591
558001
65210
118627
565037
294479
302058
710276
41212
227458
169777
152156
311847
958246
383284
680326
526778
654796
461587
389000
608131
475794
386620
320189
676788
257757
874586
697571
852896
260662
208043
655939
610083
28862
950192
54329
498079
213839
573629
950623
288416
709681
491888
827738
47969
874038
708414
584320
840424
594291
309929
525157
93708
984411
995918
418241
974871
503225
51738
824895
279942
645321
845149
873572
869421
711732
460663
423066
839863
628199
181166
581657
147596
779983
302242
37617
704395
445747
192151
874870
253366
465901
238706
809480
922669
856518
186687
902397
111251
22957
184367
984046
41805
499540
267807
437979
812329
546536
926931
935099
915739
577643
328577
301413
761186
228975
949322
681556
374473
333936
486724
952218
694409
10639
889394
246052
424267
861159
65941
492134
184460
229070
573019
933795
923290
789226
55094
590874
177915
937005
269640
449936
228780
156334
609530
489143
50887
901093
189292
385144
905086
667011
618246
79458
500675
927276
844397
766830
504330
421842
851666
51758
740774
333743
258340
488338
801936
550046
921638
29399
549575
467991
929883
583245
162513
426565
699677
405315
386719
624326
868493
427665
107022
146367
741348
481153
925002
202520
814504
735642
699341
849563
413179
101003
517957
660325
276749
943793
881876
531014
767026
694853
863921
771067
782159
638053
887211
82629
893165
673725
226446
47269
860719
589778
284254
569207
369760
450411
336576
689320
614694
869404
854073
425494
657492
994992
866765
118210
780187
7986
274121
93940
810463
859032
902109
247532
92136
758669
727969
162304
643503
238489
303672
863703
131929
597424
882450
118400
464960
173524
118283
799024
572012
998247
66481
689622
889056
868241
206499
648733
383121
935754
344980
816254
265074
249988
446895
554174
359146
957944
605525
573579
144935
603148
819009
722479
59724
838366
972749
553647
451718
366832
871757
343554
787196
824624
158041
997297
753892
313442
289129
449288
20787
520364
90777
251574
933932
606206
3851
44550
850650
399964
520619
989114
754649
93705
147214
492225
363918
740369
920180
202390
91702
761971
639276
236725
762972
37674
509462
412537
320613
373335
948420
201175
289413
133837
666234
426353
509268
139384
959381
776792
825211
392554
111112
719457
37256
822020
31041
564194
808226
36477
240170
753930
865750
952402
564171
632986
853391
426570
807372
771140
262180
751013
559512
977566
944844
747297
455518
108739
760685
458344
48177
25991
643665
864153
154511
404948
68345
189489
872831
608037
447628
44758
835923
984095
148776
441152
437261
892615
243354
734660
803550
178660
592808
267902
81610
671538
948555
261851
362343
682688
263034
499649
708420
461223
19745
321563
241381
170023
909361
123780
414701
365727
294032
318799
260373
668649
795249
115249
328984
696912
102015
94348
305265
31022
472883
572888
360188
235047
992198
205040
577337
794300
307648
723127
615600
761740
511726
455589
426862
112557
988721
921265
549165
414755
364083
959837
908049
9019
262581
535833
42127
342663
266372
333589
308968
84470
183499
680870
881491
241743
216705
221460
597177
701514
91587
993982
685850
865099
415164
711210
438605
255612
778176
142637
34724
420422
694328
717875
264238
214059
465208
426028
68502
637571
713197
634195
914152
597200
652658
664348
917364
424256
377217
543418
622859
781568
639302
180746
872358
687160
118671
342111
411879
350566
251488
728683
341879
357402
869348
689030
567694
528716
617533
138014
562449
138453
430332
127164
184341
291408
52972
174447
958849
404494
588105
124951
922322
872624
682190
923471
202361
23077
57004
724088
181087
44545
572950
267359
920456
285814
288313
416330
530645
65905
3786
317860
72995
859603
625399
454274
435410
681354
532799
631313
736352
980172
226397
821278
375987
675056
557984
52354
738037
854761
61782
342120
680217
30047
790246
703037
531965
547499
140733
521330
439656
19887
154977
451441
972722
905681
948321
168602
438339
509266
953453
342072
397747
153422
186370
715269
502993
921490
166141
307414
359743
773909
309521
232548
768891
75221
535124
458681
552312
451408
538868
255540
313770
552027
756550
222584
677985
960289
822335
650359
565645
96316
857979
157334
724000
35753
521467
587454
833873
802731
910380
610495
793276
40447
667298
582560
650982
807415
244772
199
855903
59062
777568
33601
57984
221575
773823
137839
336916
346266
952339
214478
819539
383195
445997
538913
764361
724016
241164
271421
116758
547984
213552
703729
73934
11259
603020
653968
431425
155353
194777
519388
88340
779251
947015
49808
59534
637896
209998
61577
537711
843533
941731
962451
836474
271301
67527
813260
182036
307448
560569
930743
804613
711891
536012
791264
189211
302428
75091
60519
553005
930127
150904
353386
651325
128218
542060
680147
197751
428786
369400
468667
353878
562320
988467
695097
224358
267980
17228
737996
182948
558292
403079
155872
88577
746697
966341
547456
772741
419894
888571
689625
436753
966701
897861
522727
494397
397184
875411
383
74719
110105
80321
607479
507885
253815
304069
569589
392506
785221
684098
221459
671324
720793
675897
335404
114223
601350
282847
677382
329714
378334
194249
592092
2318
600455
772419
744262
37111
256440
167297
253191
881516
722449
194157
896819
806360
865493
513759
366459
779675
873221
936171
453462
955682
303897
929427
494478
129458
285597
38365
778405
611653
566439
676224
450850
424651
540721
171640
373371
610641
979351
242745
235104
67007
852782
625920
233186
628283
795518
844932
853694
25772
91038
122315
607306
197977
135851
305882
891195
462511
428324
763013
303120
489953
920549
627684
50399
254314
628414
450982
75770
317230
570224
970751
763326
289406
521219
154685
499256
364602
810055
747705
571507
992593
746725
14696
952994
380453
971552
773649
531110
431561
670062
608473
307005
978796
861037
231546
357961
741391
56068
411986
75768
23538
864919
441879
931540
974157
223846
314473
15401
296378
110595
336512
903502
793648
790894
982788
156178
466601
198286
134524
956101
469989
664206
561182
846496
273160
151506
918597
56273
6687
922901
696192
134119
804544
698849
724230
125463
703631
102313
979656
708777
842589
678662
812831
633922
640298
661516
206181
341134
243339
192329
480223
984009
281383
428762
162455
998251
936219
357225
290249
139054
30974
154182
572403
455165
357822
15009
874191
663867
794921
622306
491741
192748
442696
639717
61785
987524
278758
684053
504461
372170
226478
773924
807295
657257
177458
725028
281162
274131
36424
873541
537034
539858
909775
951851
826417
519789
64591
941291
107319
748403
611326
895139
709614
563879
194399
937139
393395
893896
79877
390108
205888
513531
247414
731379
48607
207639
929386
819521
426041
912077
499379
971770
676429
405362
344438
478616
11388
684139
406679
938644
191296
137012
160051
57281
790461
109261
60743
123525
326896
897921
399662
653044
116804
176916
201223
90699
812291
230088
383797
338245
12457
726220
474815
382365
31701
656770
594968
40609
284313
834987
997562
820400
900912
995314
809131
711248
123087
247761
995938
363950
617812
261988
461763
349683
209691
563848
345157
356223
569968
290863
428660
373380
750558
381956
271186
542722
79142
875509
505625
667034
505035
229090
132828
907858
891338
987936
905035
38884
442856
897961
26069
556547
328099
165284
543400
616939
699402
493773
856660
915043
36072
293761
920077
296786
569628
935913
887119
702395
307396
542464
24988
992151
19480
389186
274849
57038
18963
580531
895031
845201
517259
498249
764869
214102
975522
127543
265026
569137
321685
479830
909080
641356
865650
895218
795428
793219
885862
644271
561434
340126
26932
339863
864198
214124
319874
733057
122285
658168
982413
647134
448338
856363
78525
584419
400724
946622
955028
562574
19892
93913
261503
121176
974197
468365
288527
964854
245532
567659
733377
356107
534487
791103
838777
35629
133306
192684
611214
193810
679204
833381
574654
673751
49344
980934
843202
404972
151463
188557
424893
39904
736291
108791
54734
193925
740559
160123
865733
193024
556826
821405
42417
658735
697258
833201
889879
430391
17693
205421
450944
122281
810922
280105
738922
849040
524198
210805
746078
610265
59555
43351
432161
643487
518067
347295
623300
542291
160522
763497
214998
841925
914433
336879
813498
255249
517175
450760
336787
207080
530706
424641
811227
246074
348515
508887
653971
136765
719336
583502
744725
593821
484010
823600
568261
489472
748615
285605
447206
668340
80394
965740
440265
480184
104182
396596
955104
897828
368034
426521
595952
457653
790014
405694
534565
747193
680051
177859
139519
882515
851753
267811
903786
194924
703778
806637
347564
504567
720323
820765
255544
605598
679155
361111
981215
926414
430236
794495
17318
716764
554895
823671
253298
726866
853828
295862
440928
429018
341439
207169
123697
853126
272845
129033
984483
798650
283246
169378
50715
265335
433165
351067
370749
105732
843114
524990
617758
725307
629784
165093
170769
523501
808482
67127
407582
987891
629897
734590
697425
747154
708457
768038
914350
228618
675065
32021
281154
568251
196401
942369
454420
516341
565894
960818
637243
494618
800081
964342
959945
799986
519694
921338
852581
993035
507263
594796
542198
265803
213552
278058
257723
53524
73942
724742
597752
157650
392017
107481
642891
754852
484177
953792
895197
429092
230868
490936
872500
808789
336653
490130
609188
538792
156577
477586
886565
369387
787274
108074
830784
774671
945694
129550
792932
449620
826154
663796
626709
134675
592312
141610
29636
74087
866672
596435
605113
409017
188891
877439
484269
215719
242306
367974
706804
770897
696117
630337
205015
83135
895976
196102
520320
538994
350775
328766
528718
852998
175818
827012
52425
522368
919699
59804
351471
545594
725044
551917
224877
610536
913086
179549
191977
681798
787541
890759
284668
980128
184047
675035
12029
826621
531963
239123
748024
659561
729310
279630
57534
25758
690008
115403
76566
928462
837637
500995
875089
661072
136384
50466
261883
163684
759970
973796
267118
342373
363432
794889
356032
440330
758962
713332
999388
992152
265192
718310
403054
965544
244855
769745
155192
430736
701753
996956
567234
146097
60403
420658
298990
237213
343672
859015
340073
527075
793322
954089
910526
733944
802400
582142
455621
719747
557860
729120
651128
665988
557523
641170
938341
343714
567399
713885
23488
533329
297554
452555
58640
915869
950272
333503
43018
277077
533439
353903
41915
421590
297019
865088
730398
179379
344034
136125
338125
459774
680678
240563
535252
534390
380129
438827
776290
519309
76626
68996
537177
447380
246021
956589
616580
414917
452177
133885
592168
450925
859195
969071
215155
119348
973368
576125
742738
969866
634960
277015
609630
620848
792158
368064
553334
665568
300404
560646
566504
415898
588891
793372
884296
412237
537144
783125
605859
436894
314570
523199
603790
69143
543631
114394
649687
633519
764998
168308
636061
798002
53648
578210
550140
871885
299056
831069
373472
301816
329265
958966
70075
515968
611367
559095
858001
777392
313613
575704
101488
782619
625742
884187
585406
772745
291999
371396
219178
877884
911305
998648
845956
20317
422084
703025
418089
643080
713727
458908
272087
592945
623485
271184
444959
349553
701657
25002
796472
752881
543594
595529
907503
439729
440129
958435
237820
36086
882383
388034
131185
145486
79396
261023
24716
974721
624146
970585
364203
675094
945904
663186
995551
241790
13818
440999
157912
336417
321878
895625
821504
569156
791217
265981
866725
423956
818184
421740
499662
67026
354563
887335
936366
589722
795003
753084
902582
839953
643548
860013
278277
715242
9766
809747
808635
640086
322766
455247
715755
403462
281857
377128
855983
17182
539208
362822
294485
376695
341766
648202
740854
486609
121055
858760
999015
122644
947891
329314
282441
968193
926728
809218
925180
840890
430278
101235
333872
850986
24475
585309
572251
439314
611391
66395
129351
496113
994769
115195
572483
373263
690272
502993
977657
209959
513223
510584
693984
54063
466416
756262
687752
661573
165305
501035
464722
348087
195635
391942
643138
180079
308743
293156
887021
360634
185139
753462
690892
630515
414898
821486
30131
487440
626874
258453
530971
401032
733215
790540
261147
925856
681045
770269
45814
618065
468882
345853
31821
234712
408978
996896
238261
560346
290932
27513
427363
244529
678466
591693
894660
140439
914958
957747
855210
984942
431031
538858
960928
497769
920843
700182
59230
988955
955142
406553
442520
239514
957433
517002
478513
765199
871750
367829
87629
943837
822216
684655
289411
523628
694159
632244
277746
830097
313033
768286
906475
436700
2748
970276
510155
729341
946415
79405
804204
293779
775785
596207
559602
994579
129553
215337
143552
244241
562548
410553
264397
605422
282213
90138
311249
18335
899967
275326
508313
84117
555654
832452
457466
264846
151468
211926
954146
252856
802159
929954
592586
521469
209951
583603
117959
258287
297470
806699
554944
741266
884096
505695
477178
485952
4657
563407
821711
842429
238902
732929
661566
129560
983083
179000
842267
855674
203884
823446
731367
912974
464879
463819
229434
912205
402510
546297
905373
722852
248867
417510
454388
23877
805709
785309
849496
251271
365327
954273
532099
982331
568598
179407
696292
354572
339483
762191
679635
72594
247327
448246
709407
490163
62867
239676
119234
385270
374170
551701
6518
252390
360998
337838
591136
23839
388351
47429
911851
619576
241378
827685
730864
684300
53318
429885
579473
843751
557242
681692
770149
754314
208426
316428
550989
473756
161216
704072
879717
337965
828518
232602
2903
792551
137834
202710
772361
446611
172475
410157
940662
306501
263760
153070
235674
809638
919592
51807
676871
388380
286188
502580
251605
743832
600048
194602
265079
617979
384088
42691
322344
570853
742679
250398
793347
207708
585043
726194
428210
946134
817637
283559
607935
173156
990076
527505
550342
605371
800993
226313
406155
811487
713300
999018
394728
288174
939990
459045
488671
793862
57280
181634
450062
891860
614225
542580
96960
238458
458949
664663
720799
443164
252064
303112
297928
639048
256074
485217
811831
155519
675476
140879
992481
251428
610968
514386
559009
550720
132287
713873
790154
75056
736797
902552
141851
363052
328182
325231
896784
837620
516836
169304
651541
8856
74000
744484
865365
167141
480286
889970
40241
378663
842789
262597
68365
727584
708443
130625
919684
912515
225936
630658
703355
381165
725009
754969
854547
291681
778413
945188
598648
142910
477716
498633
908631
826496
848538
932559
446188
530159
212699
766617
917241
895399
847289
364735
343314
246341
193729
3082
224021
619
299756
620492
913976
158769
87297
566106
625915
216744
527320
774632
745148
344460
17145
669311
65705
300229
270690
517341
807952
763482
636583
829993
580050
121971
120692
695569
183158
542025
218542
537282
998617
407340
724664
407363
594947
554544
492754
133423
480534
254261
768987
249677
281312
607250
603319
852493
455247
791006
158539
325857
236420
801178
183525
452982
525632
266494
472121
802382
226427
456223
886534
665788
73427
620153
904920
368571
345121
371359
169830
580074
685992
987132
945115
238824
924455
986501
720050
741192
138446
335997
312634
597297
445453
733220
650681
266517
752455
485949
298093
915980
295973
50171
728238
65100
203975
773319
625711
194695
924054
320240
136995
474849
379189
968432
370044
620813
281942
430679
963726
695875
804521
576983
721810
146976
990382
458411
111111
231450
692332
945764
188851
153885
27514
126609
757384
374535
493946
995722
748897
545533
426598
88025
548331
33256
108354
612678
319265
774096
197041
97598
76207
893779
864612
737631
700664
593409
737389
729570
130099
826007
412530
40166
221936
153239
727996
99157
530297
904192
301487
64053
416979
731247
318996
282637
863204
501330
196114
406193
930798
563140
653372
405293
269945
92939
24195
711626
758991
965162
385420
659840
709153
286882
477149
998776
684807
38732
369136
369275
139493
828556
142122
266685
801449
134771
496549
612288
32752
333171
50986
119911
635464
497983
358394
395992
70800
596159
435595
232396
951932
756333
429648
333814
830325
900495
144177
268429
935645
434705
490650
403576
341168
320126
879151
958421
777606
12251
71965
942310
673973
871328
685452
472089
949075
710740
656561
253107
969433
731588
427135
251800
478435
525343
275581
520057
950227
217073
770867
117722
144150
132410
493374
867775
616894
848554
557827
940403
78351
583804
734336
618612
548053
337260
862334
15486
695410
138070
481251
713074
459574
533229
779684
204195
695015
360596
278359
201022
676128
609244
5734
82195
850389
932251
38303
944644
722036
739941
428905
367368
505255
51370
871506
701469
673462
971820
865987
154312
172874
553307
891093
81162
982988
938062
63484
544865
574060
405792
383649
302455
555262
557221
123470
279403
789182
173896
319171
290363
364596
868930
165029
127243
4147
776057
230358
916884
259643
322291
803680
483756
621118
320885
128714
625773
777664
248508
522381
886405
250391
154007
210081
913178
719186
696735
760944
237592
983478
245141
310124
593112
756323
290838
233788
264430
314326
29757
373201
969231
628296
679445
728023
964957
860275
967737
460104
158481
599988
497035
600090
82436
306700
964941
831385
31386
902976
338847
279759
372235
168673
491221
566815
253711
326950
424820
529009
162854
580405
324490
573959
669569
184192
824679
609710
651472
66636
927931
307473
894441
317453
690573
333992
105490
532782
350934
836557
186859
835820
105336
431791
459835
485922
455710
806367
766613
277983
144369
126024
517990
439667
832371
157628
908894
562889
796348
745769
218489
139182
718735
358954
563945
891696
891673
587194
904930
358241
257221
638787
975233
228475
3262
716692
563354
990045
169026
171570
575773
332340
418848
680709
486883
555701
350606
214131
898011
638662
933481
952714
978124
947836
191817
873687
804358
362879
630400
566356
862825
373450
339888
709565
631697
459151
680518
140483
151133
942775
121367
823002
278043
872583
346005
181421
45393
176606
938861
140977
285034
62171
36801
744279
246524
525403
248573
865627
254130
962784
865560
596026
426075
974925
721705
930752
418637
176397
636899
986239
569335
469652
799599
535516
817795
78782
382693
664835
588836
721235
36262
272890
990465
76588
807128
294035
197053
559471
179647
744380
959907
941813
949621
342256
722027
131661
65798
257360
150827
116762
67114
18572
773277
322391
104799
269819
251081
749307
319395
768331
288911
226488
218059
693074
18003
59677
819331
735427
32581
991515
370467
638524
453003
524708
437289
678267
448462
177775
323417
210865
920094
355800
142958
412783
863235
652069
6715
199357
377121
892324
420259
958858
628615
888047
79089
164157
401172
697170
773653
24681
611142
399619
212732
626912
269792
867599
250635
515742
132599
824214
283191
683238
957530
806573
25539
307115
330076
469537
340503
228644
226752
549275
470458
402114
177087
527583
560684
273470
158392
980206
413411
428555
70581
841228
349216
365035
945237
405404
204204
794526
729884
196775
114612
375285
858707
635131
218558
275908
719837
404080
291335
450549
352792
3526
341883
959161
607852
538922
18832
148954
383859
154199
105600
640365
677637
93978
608161
972195
548447
102446
435746
954302
108143
995077
843812
676512
750206
341736
167986
425854
975418
247413
406815
996916
755359
992072
531579
568627
891586
342453
350257
422101
314170
720689
55168
939089
257771
389264
336404
731978
724080
962600
615169
531970
838820
808661
438043
662955
433613
889878
268212
282334
131814
894037
428083
122469
282056
596740
218509
560114
281332
834851
532707
728819
79807
357918
280312
623933
12955
994834
840333
315173
243069
155248
608155
241006
840880
521338
142573
601948
405430
435627
16471
429671
204822
903411
550614
871371
375687
876832
293062
385916
988599
281624
484794
39095
366968
116419
254139
491956
593160
224709
225568
136120
59195
753577
499783
725574
913543
676441
877229
444021
952556
588426
188208
392413
47742
523892
52766
526123
264144
795711
355833
832981
37439
688633
889098
910119
346008
376708
111134
329531
333799
330829
991649
166086
776861
670454
360214
247567
56285
257366
114289
370812
992867
304918
513553
754181
270737
854844
452125
868041
399704
954244
238202
620479
456575
230890
73190
149957
510227
532933
716212
806612
197803
18253
312868
527253
853655
173949
566622
532044
226725
781844
201547
428210
573135
797877
989201
66594
644548
19566
767977
991145
471313
487381
41246
477632
67756
29518
533796
855637
166813
144298
716818
155909
203786
547754
204925
27367
534237
51361
383539
578306
369428
164343
552273
502942
661092
561802
724097
446712
115915
829230
56852
927631
84529
283925
565624
607131
612154
567754
67926
443549
387179
655831
424907
254865
820470
76423
894080
376897
2659
483718
805096
211123
784477
604772
960213
678723
398615
995384
289720
931851
791001
588449
988787
990270
47147
16616
841564
661524
505692
971457
350929
439775
740271
972465
845491
623357
134627
683785
424961
928614
913182
888912
48145
885029
963189
147199
716076
641508
394331
526181
702279
170080
530531
391851
114906
311931
289779
331890
566175
556144
899719
830552
317737
295457
321759
955290
757087
758796
148807
988755
667091
648732
492353
638819
594691
941340
600080
813931
816363
595142
862883
848500
295044
188218
996573
915119
273821
552970
392125
333591
575445
278642
370607
466739
409266
92901
598894
516407
684002
354242
172692
550218
461963
381541
634047
712355
336145
52826
137378
376908
973668
389613
738213
310665
935170
142685
827386
409618
140304
452911
809598
938939
321681
633182
496455
225780
523904
80495
616656
505133
855120
337571
991422
276690
136126
639942
984014
58996
397711
957605
2142
122695
268396
734556
182548
251976
450774
49741
714863
478903
461831
484589
156584
848578
287527
464888
415556
699714
30375
680133
470521
643742
440062
891764
160250
750413
638462
558659
17377
676218
31890
224064
794168
451008
150998
599577
683877
489044
886163
982223
740847
738690
339286
738121
222769
839824
405419
622725
402778
6335
387579
356137
173213
319983
451711
230840
396284
913378
690656
726176
203757
201177
159405
494319
748262
819674
856696
921830
418314
849939
647182
409190
485232
226009
293648
103559
947980
870217
28082
664264
329596
933199
760400
505760
173617
10885
795304
389619
678328
700467
12792
957344
518180
183605
979253
340471
147290
6778
916005
984072
200953
857704
278490
289494
392931
495581
795083
585259
679149
857105
322704
200773
272863
753367
373305
531310
949544
432514
532940
187369
541921
165348
333210
297544
686780
585522
226173
213851
976905
300995
528688
845251
217956
363575
229067
988132
494399
727029
192473
300473
516616
751180
634392
918785
843702
258491
729100
515607
670901
804684
294656
754335
500716
357274
767834
934812
196519
249588
529946
876255
498342
525466
419055
114522
412545
362276
798710
299347
901366
937538
39952
387636
811729
998622
920478
823743
763255
45406
179931
209886
871310
456069
388567
846616
113996
854137
951052
859872
523355
176031
971167
956872
644646
408098
620084
523091
135875
338771
909230
357927
8957
623595
209410
369953
655676
519211
670454
94723
707603
569124
814396
526920
255526
27923
90277
527705
762294
948324
790788
564952
157131
317271
542624
540248
785917
752704
320661
257712
804638
182632
220167
239013
603847
540882
79876
461380
297598
654808
151477
808401
170625
383923
664193
183065
31666
403737
565951
736484
487390
488832
269461
777927
361259
83009
3378
330902
252574
152792
27172
59318
52487
215624
3798
249871
646090
978651
29226
393313
775946
280967
950191
45166
955763
118124
775935
623509
862884
884666
523704
254591
703928
990640
705621
398770
180080
944767
89384
848963
940222
277261
788214
148712
208304
270549
299247
622763
440631
655915
257480
667323
126292
274461
160247
962589
907742
186037
602506
481984
311154
992796
80421
494829
295543
269529
512406
954973
762764
201846
535062
267876
443601
829571
864479
851980
850063
334260
538468
285309
547909
981285
625010
328599
867792
111231
833441
930914
273206
266290
194166
258269
449550
3810
160665
205299
98960
827806
678317
644811
353141
363083
98577
119614
304842
111519
781875
118372
201879
307337
673356
999239
404262
163566
404091
100025
320818
852943
789122
890626
981166
451910
807319
111921
384878
754671
692776
994579
387062
445348
934127
997698
79710
206368
783597
870869
503390
547909
444294
156149
508540
295224
872824
158415
426703
522474
685625
135077
948526
263986
425581
772032
937914
232214
796673
808384
112325
468137
565991
387091
707230
325326
805614
606020
542395
388570
999356
686891
765889
110168
662315
575363
384050
466982
949950
922520
180339
617404
542591
33247
947833
382477
504182
849504
725392
531974
761543
395790
84232
48499
926889
437879
136892
59713
836095
539478
552320
380382
662485
648070
281254
20988
643448
517777
39533
609013
515698
42727
997447
223497
266912
605098
315270
672642
66290
994214
863074
680504
204479
936030
209001
263345
629315
106497
443395
633120
145718
151036
250081
271694
8201
670505
301122
292502
381951
875493
550562
566538
960806
924927
822719
511284
781298
769035
162248
533111
94004
377879
956965
987091
345916
417461
113182
429254
441864
673975
693801
115600
807719
696185
377042
450960
925038
232152
400201
807114
141014
529409
873027
412746
360497
999396
281230
204449
640839
714054
119670
33742
885457
107702
928460
599161
967505
401751
219225
81624
663564
722652
703583
688116
783461
376531
859720
802246
998936
999192
916334
970235
285455
578282
643718
636503
527460
295322
201513
679542
242292
357727
410177
975661
304732
828679
32204
581262
313363
172488
700880
468554
856868
969781
517020
29937
485126
647628
612598
96406
564505
225260
854246
3790
75967
103971
500510
861526
922261
223653
230532
854484
688525
292186
944350
565366
550122
191694
666393
244087
118102
683340
607094
94272
308963
369668
112018
718571
184604
853033
654032
932642
563784
403736
485349
327974
493755
58098
219967
780332
424600
761034
871059
371874
213478
737914
699009
124623
378766
805328
226791
79832
274543
138790
543423
766494
995934
233103
783797
507973
599101
802477
440586
488656
215926
274656
542046
100136
961301
488665
87133
5179
798463
129484
774473
440257
876755
501892
603103
734554
431388
667920
400361
209236
399280
563739
907487
431688
504168
66266
654907
521187
453755
61790
416344
174019
657913
666441
428230
809207
60834
986205
722989
552041
50849
524336
292442
780888
786024
230972
123947
399165
882601
919827
18963
238735
783214
816367
714635
579682
323797
943271
831382
837610
959340
670590
362414
673886
847141
626838
671440
445496
148918
633410
438433
503193
549775
337912
833084
3528
72697
349477
459161
339291
224008
624987
189147
112942
560060
459046
912246
148752
132090
114556
267002
125502
495906
767954
608577
895943
951372
839627
260401
438606
34148
781835
529583
41198
970463
751594
476001
538680
879065
292037
363549
126103
987341
454446
727283
475349
776176
523459
898707
156662
932522
83484
757341
989250
695154
286110
234436
274977
386117
395949
904093
941790
1922
626430
354314
759630
517157
52554
489917
744138
164126
871582
65323
977751
887821
333775
641871
508007
874589
231884
465624
93817
183802
500556
641905
910939
16176
362789
812586
13391
568289
851390
12680
498892
385955
705245
95398
410587
424052
253466
912966
888098
488154
393525
915384
477310
71068
927043
568357
697673
786006
579971
461048
460603
333629
427726
537962
553836
14256
272557
657641
130295
637430
539589
599973
123131
35930
804525
755831
863547
379040
306080
715438
273893
615971
937806
576886
872112
361996
731853
702055
179038
662961
842988
359592
34145
727943
551144
495038
980314
390470
429624
100917
544636
860504
367811
71273
78607
815549
116018
775345
402897
579390
781279
443433
921143
33547
485228
882459
278033
773875
945521
585481
37131
122816
459917
4506
344655
121133
149533
468511
264392
767045
40459
754624
836098
684122
189182
736519
204461
447646
766959
879113
433024
775649
561244
928620
159611
897767
629909
748058
79620
895461
844211
655425
925171
133912
873704
936516
299433
300099
43698
279297
535067
407043
795178
703615
72749
306832
689593
339636
458105
422418
922409
613041
489390
365725
514457
27947
524757
350475
70603
950695
137071
825717
547671
350081
34043
410574
716675
665688
565524
21851
850730
990745
577782
881810
659672
366503
479969
545999
433016
280484
386646
899885
423780
627615
911870
124359
699164
880410
886122
232971
302611
635766
123637
502967
878690
139453
566534
308
435743
693580
649074
64971
637577
608091
23294
460744
353690
218923
979906
28522
872447
303947
431848
315715
450660
517510
634772
401011
616
291884
393758
230203
23152
400827
415162
261504
346520
148523
144953
412575
328195
929363
635240
849319
461075
875003
905366
219895
217076
571711
539508
356021
970195
463388
97877
341032
202477
507866
57364
404083
362178
989846
755604
349999
770024
690731
881122
971939
421243
23805
887031
710819
435506
241761
657499
980290
241933
712812
707747
520052
409130
407447
650715
12101
365559
2188
985278
931120
152514
729039
351202
535325
417517
587916
234801
799291
306429
925817
711441
154293
997521
556199
120869
924051
396783
150251
576557
230512
525178
338595
616457
203668
496128
624743
873947
244077
86448
444238
655049
597295
772712
756250
44194
810565
233005
452993
43352
907954
591924
817561
439147
125769
403997
547230
29799
290885
225663
4899
355972
315270
156318
640404
72043
514089
273849
824547
579160
752194
357440
766039
842586
963896
314467
254061
8760
716158
353094
765866
906670
671658
630353
737406
90004
23155
249251
784406
805472
823116
301542
658303
98306
850647
294909
486066
330925
929864
76378
667712
299254
738839
984493
679643
148884
384929
609271
434814
177672
766236
603069
869946
122582
505845
452951
240351
338673
23432
878824
939843
181812
250811
127656
953202
359757
941880
762076
452658
744948
590533
770855
160113
731993
379713
705274
964493
852700
976637
958056
589184
213046
77428
711125
944294
562293
102376
847628
256173
726436
791835
87022
479896
673416
672488
590920
505968
59911
470780
823550
71303
246244
153843
754852
476330
386981
7827
181548
459170
396182
644319
425913
947047
772198
833689
426194
546530
427438
431896
256114
271901
172882
95425
341692
432650
580352
750309
890507
207661
251734
595127
339368
714662
517600
277160
639701
259935
364798
948385
22598
552974
860644
976028
774575
479655
922876
95648
265784
669346
400038
463319
417294
443556
392543
905741
459987
362637
17535
512263
327925
282589
872220
849022
767324
777731
237325
530295
387389
462340
781193
870272
450700
984580
632173
777672
931086
293749
89948
918300
112396
928537
835968
349178
760163
921141
925615
954387
215353
523540
553898
215714
373386
384564
935039
4260
533088
370514
75022
932531
747873
690957
258024
304771
317762
977017
253587
827831
865306
287107
20650
584289
890897
780988
580257
73365
510263
201028
975527
646888
813745
799892
679908
785226
338957
217959
252898
49021
770423
271302
827271
372017
84549
63215
222784
811710
476589
163361
139194
823037
618070
363335
961162
472580
774347
677950
276845
303100
382220
371461
991401
789216
431871
277696
819474
828115
262596
909033
856616
378526
460774
522644
787870
198406
336621
471772
176758
698374
405200
528623
155783
91822
803591
6195
720928
395544
241855
379092
783815
415874
731047
542060
122778
960013
10215
669453
882775
322385
817201
156782
336375
103003
975663
640751
643508
214212
245724
68170
157292
869487
669423
978840
680862
917470
197105
413181
46417
989681
377456
234546
468627
665213
642380
944429
739359
81029
722542
819055
650904
267928
77721
264874
519922
214791
854936
565708
153072
741312
908759
961452
881287
844427
703950
475408
749154
694945
215000
472281
817215
254628
341154
496908
805046
841536
997822
118653
437466
927580
85719
126490
381304
526460
215167
436753
720125
578422
634981
708767
32244
216974
111330
233334
984684
807409
398962
378378
421623
147467
127360
167161
584271
433221
695449
732053
268308
398878
93699
254543
144241
608293
811431
405249
532444
75664
81385
435479
933947
590524
461848
707739
876452
315970
667265
233757
394109
308530
972510
191483
595586
442671
97580
538130
414117
752423
453082
710849
950224
396845
5981
200534
545030
17588
879968
306712
938215
615594
655321
88497
349138
982830
525431
763125
321829
53168
956983
414995
376288
677668
164822
97879
619111
303011
888993
973401
526182
923550
234984
334278
570639
293951
188497
463816
772030
871902
94280
177237
519806
556572
543572
444561
998565
262304
958405
813153
473434
412204
824778
805902
686903
827611
332831
512081
830153
532089
45731
56129
883252
856190
411079
653910
757876
268777
333667
525273
383422
136886
150435
835050
800133
65019
113502
4525
722264
39653
588935
126034
760808
536393
387516
828480
880872
384489
604988
710046
769165
535238
642486
192702
444213
942109
834940
344038
45668
876159
335702
629307
571049
489296
57523
427020
151967
399580
393211
571576
629967
151569
60031
763838
740659
478429
653202
238239
238421
370981
230641
122610
643478
772382
959453
345860
369931
225804
332362
334569
237186
34965
130799
888483
625890
235265
459518
688878
299568
592593
989614
946406
551214
932984
220915
78038
875934
767034
887440
472286
368932
955168
309826
158016
72713
270549
824285
130823
473180
341281
947317
313812
132723
481727
58035
248582
148431
812316
600903
670853
70365
421871
773372
52524
855129
184943
663015
978577
33101
310390
18681
604849
430583
333936
750324
171453
314889
356095
911930
369083
523594
851823
556289
908379
362842
653969
613603
833879
163986
616950
899922
30277
203914
309578
130985
808380
290484
292490
233629
234593
217445
502051
209618
743245
478708
780137
154186
578140
257211
159152
64312
103317
927483
225163
11059
863793
166940
908575
307526
349066
786705
514082
812772
142433
672538
864245
918329
200716
260835
554524
308699
32314
928458
630934
336543
867748
913598
758877
833416
917203
371202
821436
633307
488200
648209
760712
715278
738699
957148
588092
331934
534355
788527
188405
821760
843790
26545
546118
112175
948111
505482
630969
690404
179090
73375
559203
314724
406252
253241
207587
369587
640851
883459
796407
974374
724103
985074
217594
860310
116125
82367
651006
815473
808038
396688
46786
67242
575232
538549
361168
934224
202232
313613
300022
485885
950107
827849
606110
749989
23896
743880
787084
753550
534227
394402
49012
734558
866696
272641
362038
414992
426458
992104
51831
471041
576696
930775
609757
332455
961450
84935
162086
451104
257534
595216
169190
774312
613961
342187
412315
952677
631132
393617
525358
585437
82565
392514
282377
905607
97663
176929
633807
421823
222071
182204
972605
764242
151099
472106
421339
443193
470209
244686
494302
934307
11218
34232
827229
320491
568209
878378
715822
277801
286636
941943
719773
207588
567134
471303
31368
253221
453086
75576
830106
465319
612711
795103
745698
475178
231653
601580
833487
700262
442361
651691
663434
761501
719081
359
466224
880585
735527
472553
853675
311221
187836
121502
297388
159400
755665
121622
815815
896955
947546
132969
908522
414092
21728
747252
235579
297291
613993
137153
923342
628658
685381
564421
635200
110481
50680
608514
781042
201543
53503
315661
44453
898381
39937
921194
531823
950636
27220
644947
95192
233551
737640
648663
774740
433203
266580
962016
42716
411322
464123
874381
866859
694111
921306
656381
803922
645444
636593
602349
502456
129000
126924
757689
912882
953652
127021
108799
571067
993140
934936
642017
962832
174435
550395
911464
607530
721183
894775
998918
748185
449147
264655
842932
667258
81651
379948
572986
593493
577658
169738
287309
691285
245360
39107
95506
376996
308464
663542
787649
870883
628997
974292
204196
412675
563132
830983
163263
848387
33684
778687
886474
365958
981778
879641
49818
117840
663537
181102
676510
377885
71287
31478
738692
84446
779875
907480
369787
646609
111107
847887
212820
504571
637217
207482
33026
476357
972253
540864
552192
113969
866390
580253
900433
901303
946306
225102
804003
537856
192734
862037
73805
234110
187135
118954
222775
202022
48902
951038
978265
231499
814385
778092
575964
280216
320527
420351
876956
965546
229452
609818
391759
224136
973610
892808
963839
600511
597008
607201
945971
546526
653052
726677
315756
563787
589781
131800
343883
153409
4636
851114
879824
897383
394816
455170
115069
799693
750544
906518
928984
404741
192139
201929
598608
283612
644243
318194
959799
757684
362688
633413
789486
969855
253073
307361
928542
481754
210878
412917
208290
8260
477545
754831
484099
246073
898034
812099
709211
841519
396842
718644
894298
314604
898335
988290
665191
846530
600854
122896
764190
794601
646422
889456
772088
40311
740257
681006
518536
73278
388414
444854
124770
448258
494577
310243
197334
276117
895629
117861
249178
587345
528864
743117
84229
522226
417228
913528
843768
520141
303285
443926
191063
897649
695062
25686
915893
212953
711662
865136
290766
65482
282264
383886
642093
147215
709305
122135
686446
953167
235475
537946
493086
754056
936310
176468
311038
821930
494101
772831
152743
233170
940790
491959
76231
313377
313027
223721
644297
921593
342974
68314
657363
654804
798418
86193
90473
588608
522308
526946
250287
728123
605384
651672
730571
85863
455088
178046
129129
761130
444031
799147
208792
41444
50716
787880
240849
299214
194914
588894
147352
336940
16020
569505
161468
330414
371246
335251
590776
873065
215383
435510
909116
842988
70130
380690
899269
719298
360787
636991
909800
194948
970766
257104
979439
467352
152748
43740
789402
216458
553335
792106
750215
613829
430005
935480
556524
984493
607281
12264
920512
446940
808692
396808
633977
741112
741907
103228
542577
293742
920546
50058
393250
965901
5446
850882
197904
311169
846184
429960
124166
376554
300166
801024
313912
656792
643939
769044
782791
273189
499615
918757
527460
657328
29857
696843
777932
461361
522288
114123
736049
196478
8673
415636
361529
901401
634027
753270
796511
192435
341014
454240
745016
735298
235602
278932
639184
309306
988324
442473
419379
460651
791227
640316
203847
940726
326113
423797
614486
103981
977613
172465
240618
840710
200789
853073
984977
936316
11840
317854
969664
14147
164602
906584
961940
151014
659809
974810
418995
126782
71548
296363
615249
997392
490699
480739
555343
190980
570169
757623
659646
731326
704110
9508
755264
627163
578881
140084
191503
4298
752395
543216
739032
477124
654998
801571
262079
392553
345205
9990
96006
475129
975661
725581
561160
385515
85905
888269
581535
277230
390891
356744
3045
954745
957270
440535
847448
454993
884073
106290
742039
505111
532238
671199
664649
197067
146224
288629
73117
96801
258386
25228
366827
925630
644989
992260
375161
72591
361042
664814
985818
322886
583229
485530
488114
276467
672842
306174
982996
399931
962066
363071
296140
769655
490189
53535
90936
420843
456523
304836
279313
155873
864702
126241
656648
197409
45871
664259
529035
919824
944337
954682
760294
971107
724723
304290
901318
764798
784782
115789
750106
556205
72638
340494
667410
839357
326286
119845
571337
116536
552236
515842
3071
439356
313275
853176
44415
592439
806664
329727
204640
247937
360980
48997
787494
672918
224079
252883
945032
967983
418470
36664
117388
816763
910067
209620
167183
341375
842259
581283
115297
858951
612758
482980
753612
946247
688335
915844
256501
461779
792394
67948
674844
6392
431197
584100
396990
216565
805271
113186
801242
95961
380886
487155
467792
980794
553013
209989
72612
743567
83617
415439
359138
507115
107597
249309
775772
840983
75580
403835
241743
484490
643323
98174
614372
3975
140849
490218
357074
344916
776526
812355
478880
989842
558753
239155
666568
799550
608966
215316
117623
90819
374204
792539
461169
709945
405333
570082
347666
919166
342022
246033
553327
755759
731806
668392
500635
197316
857172
268714
821318
228549
702137
806825
653887
359277
580940
895595
290650
833113
804524
737078
239084
219245
115880
77245
404339
203908
812914
562151
664019
891985
501939
694072
57339
491479
468600
187486
813670
73473
467977
535962
775614
863391
957274
141705
841946
742141
454235
589839
506536
147362
639402
748063
280422
419042
833513
91880
604874
357088
663209
448735
701058
714788
541573
120613
251926
574741
707340
564630
940521
221267
415062
92014
760222
938483
169271
672663
162070
862936
332562
994707
658648
436330
296965
780290
401418
509814
468738
971601
248604
185122
931005
886655
765188
603531
248193
678029
560291
300541
498462
243010
362375
251406
716477
477912
837578
562903
960148
479558
302039
549968
808628
906219
309964
984775
258751
71828
59899
462653
598904
411818
678539
868253
282803
774459
892412
644442
785323
370019
201608
347940
228722
989847
997092
68870
170435
188621
704294
11871
157363
442571
591040
731130
18886
398603
640298
958029
855390
340808
601502
434699
741263
794985
797565
969190
138701
577606
996943
640613
632071
16347
904936
983133
757325
478856
824485
559503
809708
472706
16214
782942
854874
911962
372278
824939
976588
390504
845909
179215
103270
26580
454039
186932
615050
389504
104148
21264
233489
716309
870560
519103
72408
16041
946342
104444
35762
432778
248750
399932
341435
9642
439422
253160
262540
89382
351964
275573
398026
266101
667825
586593
732313
386985
413576
659723
37871
846245
873974
850095
222531
52188
414804
491326
466787
683585
767400
838358
44389
656465
161890
928867
451893
468217
299842
31825
536654
182692
862742
64941
756868
456485
666785
210967
761149
382910
116888
251750
649152
316235
163910
814616
754149
306766
207567
643124
237228
154648
113105
140991
245418
695440
776998
723479
547614
328099
671366
946927
431522
912584
521738
172519
217213
141358
561483
447686
99861
968005
540201
289367
13186
284198
256231
101727
972349
578784
400628
23415
602039
28320
169413
819785
450758
254204
613469
73643
812410
732
833646
890707
834062
54341
835737
241142
507322
780164
182610
717890
216486
682035
69855
813812
836664
605035
343423
234646
616846
891462
304423
449945
991303
578895
187495
593355
657212
305417
350188
193972
864269
827864
750175
520915
152149
396816
717354
27056
345023
312601
137370
973406
445554
133051
828191
878991
49448
707084
522417
405971
651549
256819
852813
395375
113890
89688
722077
636950
231120
24234
830646
399111
531930
346700
14139
501058
618684
893149
915614
572264
163536
286690
540743
74542
164159
881299
473229
781565
228756
514687
192929
540778
646956
319004
369546
655885
934154
403567
192970
649728
125767
282708
190752
500470
845798
432683
134695
563637
933062
621151
357532
808305
676400
459988
489917
76935
322640
433964
639116
285267
108609
86582
216178
798894
567105
481973
51201
871175
620292
399304
707858
858588
480932
518395
498317
133526
148533
127145
970887
145087
785655
673803
436806
653409
677413
491874
474656
325884
195626
485053
13889
293859
145267
359143
961354
258163
630559
583473
333591
186737
402387
946263
659225
478399
157099
261138
835362
339259
838219
22458
826112
294645
236051
441173
246208
188234
457649
108992
243412
361633
4048
69880
508943
452930
69806
154502
530700
971470
961483
184197
40047
440479
81981
72337
517123
821372
749921
386894
310339
527097
845675
168530
337396
24105
556063
887856
77231
906753
195865
230946
958205
410123
855622
931986
33114
716675
463989
907973
101276
721106
609096
756068
700589
589732
706052
642921
43252
215656
473928
95138
160339
208356
678939
85861
508873
291250
246622
541969
608694
267738
31392
183612
256191
939405
425488
517246
842120
457980
905037
529561
732766
310419
644634
551108
881911
858838
539693
351250
21008
24022
526502
613316
750518
692943
136477
849000
958305
97121
682964
773995
715450
583018
724876
774594
279870
383292
86131
402417
590714
379968
650042
919351
291958
323878
626693
369430
590126
251016
719548
121666
21307
569882
419199
173926
81745
458448
267446
211149
340513
766029
450053
427443
966047
591874
870687
652521
966814
414315
130290
579807
829399
585314
758464
845905
523144
522527
725838
524177
167993
107853
75124
438701
717081
196105
109461
104188
293576
31545
837161
799178
500206
502919
77366
517341
289544
404921
180830
783204
922499
900271
57617
45563
367360
348920
336034
315037
588024
256912
184888
156519
330297
451322
343451
892869
619087
133046
230510
770107
675454
443680
588668
898834
834410
2661
241898
698781
847642
617762
516748
791399
905489
991835
470676
244090
367388
630100
831206
268878
267882
450000
471175
263949
595605
693539
289971
815807
393087
983030
219725
633111
542423
395287
42225
859417
802555
336698
207014
705190
494200
277777
247343
615654
961132
664835
387520
463248
503245
353548
191374
389785
667970
113904
215423
660406
888879
390685
419009
164816
212814
144860
250870
161092
266232
830771
541837
892435
776964
407963
762220
269229
472774
53401
453001
701717
298425
138876
778072
889457
750903
200882
267871
201840
584164
403910
809893
937112
187627
717498
557769
816875
47136
756669
261038
237557
105541
222025
356052
136885
328424
199515
464194
268133
799657
256528
586655
672552
135514
168857
98849
228048
209535
850843
80732
277192
339124
304421
891260
649572
109998
502287
415438
275588
983002
127851
846840
654111
740577
909867
574857
667569
15693
140495
698859
482499
721413
551048
268277
635028
321076
82030
338909
467169
752584
762779
750475
609174
346135
721378
450056
825425
128155
15215
695701
689487
195166
591229
640856
388469
992433
957806
511794
671933
708182
684042
822700
161275
439677
965463
85455
348747
506091
367824
194962
657882
381559
761606
289646
351885
11631
370128
792142
116689
854423
251696
20834
315968
141009
909700
975571
998508
861272
227238
385809
569932
85542
969824
412551
3969
459510
755151
207280
933443
993380
529555
274051
935917
704240
231472
126794
46689
528929
389892
94033
469081
272838
550821
23673
878347
631064
266646
223788
547128
265531
383206
991979
269714
932067
796646
529218
596232
655955
823429
775389
118383
784705
743626
876341
461518
468438
143596
457507
84358
396177
786385
424725
853980
108875
159841
669406
721381
575573
967431
328423
701645
903805
121604
299139
529859
157040
679663
416609
197253
382393
253901
173722
30339
593064
525897
805483
182706
769229
725520
295164
79280
890916
313611
812318
484751
660939
650042
294292
925313
508653
986282
976072
723742
112067
359635
356511
359316
282865
119568
436710
980523
944268
205371
238955
843699
699707
656484
275433
902157
795387
284654
446875
86868
236156
405831
679025
644774
802729
311362
874208
734738
919301
191571
574420
601248
130992
647718
676289
425783
986186
54492
891031
757231
81902
434403
538964
616308
325407
497264
877555
265619
700225
902172
58306
249380
657662
195864
849
450772
349257
267599
944710
945998
778239
252951
160846
292486
368617
446546
539694
116258
41374
458471
372215
891397
138822
893017
886296
471097
682937
182273
546061
602999
691525
117676
632758
128342
296271
34515
155778
260559
142801
733875
398090
642089
904321
488521
860154
439493
720274
789100
66410
638728
153491
188038
289547
377504
533494
143344
305212
963445
92844
168105
165500
11118
984235
33267
233594
621981
396945
612683
594761
532424
84258
412931
801135
755285
526765
164925
175389
612049
269390
258758
469112
645213
840780
360908
408277
207989
753058
559998
619268
212574
878555
206271
209283
936300
619414
506502
997396
151021
320170
166357
750249
263542
753634
66387
8123
591751
654249
319240
729657
307997
45569
188853
842462
26773
690285
113614
144603
641592
552367
283989
205044
284071
292076
995668
922151
514980
244075
533815
830470
494906
444540
571715
153062
494475
492277
159415
72496
183860
672536
131902
520916
746014
196240
407245
686238
680804
113946
374879
874465
376028
871233
448011
751951
401860
88193
518654
82731
734283
11981
468123
612309
412729
826285
235692
819524
778235
688703
745795
773907
55439
298013
76145
431538
832904
248287
587874
126461
352191
59575
403475
448937
817750
407931
735026
671834
313194
841856
861009
310035
546837
674273
779718
353477
783772
135519
843937
879624
199100
460770
393674
345831
847436
112606
429175
447061
374287
717841
147336
158078
159320
124200
923583
305209
379930
296450
44703
514649
450379
136076
715488
433699
772853
143883
684043
23962
179929
676472
740728
508149
35840
410629
384418
47474
807455
69054
814564
31619
943462
326411
297491
167399
965029
105937
57335
653332
139163
570809
689382
615696
409053
820040
598207
440863
792928
766125
378176
205143
892323
841050
813445
482383
811195
4938
468510
805430
270524
610272
655435
114432
608129
597872
544982
57850
112281
670807
789453
840319
69454
151364
567067
683523
26963
941530
937922
486796
740681
710254
497016
993985
775342
260843
74395
108187
469411
446101
731025
666936
291160
144618
338752
978254
766230
512740
444903
524668
423016
745500
778135
371772
856935
167241
863954
652085
426465
167781
558014
416749
904357
870960
792646
796252
871918
490574
550990
354396
554474
521611
759440
937340
430181
167935
28760
497267
257879
59661
317720
481969
529030
959685
181673
881937
37145
284393
348447
375467
141179
142285
547719
933319
562856
988951
615168
143020
947415
291878
971379
708438
967364
173328
790192
547397
725529
388675
805990
989490
168184
458636
89535
187805
15080
108598
733206
22913
131289
337099
547542
201321
42837
584758
427952
725980
612486
732424
838712
657844
582750
932185
340189
789325
691302
848647
124867
72088
588903
238170
553535
771471
389807
536200
259118
423491
443072
985299
60146
171473
137755
63184
612810
903219
130276
6916
706381
246130
79090
644775
883267
916410
143413
632970
662560
263622
645060
735124
525150
626426
697091
96552
38070
876559
425454
484899
341114
501736
606724
618753
22802
440580
924498
11871
36049
360909
889690
491547
890611
477005
486305
824279
534517
391424
111506
98525
140049
387972
471570
711580
73621
765612
580193
805713
672735
540853
302953
225665
468727
681872
601895
110498
879433
770142
591155
620761
603581
730298
549741
734558
210741
800047
76486
600829
826786
937162
620712
481525
965763
469067
970947
568195
268028
294901
688181
930617
736399
689221
926485
56391
636089
28351
356317
262683
84971
126243
699313
14501
36707
812287
555088
183027
800039
503326
306006
42748
854814
875614
92651
174392
722187
433823
436108
139308
97767
149208
899636
824004
562201
901571
376870
550552
871188
159992
778778
804689
203597
877720
858050
874469
583384
296864
320311
690941
297566
59357
291333
715384
34173
844286
559824
906633
214716
669829
698209
574396
582761
84312
763537
857686
182482
215668
713424
127577
113884
795329
884050
927462
585795
150400
922904
62845
230638
951328
104150
16225
130926
404720
45830
916951
839571
572656
384265
86220
940587
655872
525621
103510
65624
52282
248639
71699
73805
959259
757574
971374
188005
966684
635386
900096
191967
522207
321191
448530
737402
520261
876706
319105
868137
374620
601934
747898
508147
289462
368459
192229
124331
895445
765437
326431
31622
774018
840372
408287
227550
418748
345341
973434
733250
317774
697348
26817
533367
695929
605220
193096
451600
20561
241549
854594
282341
459364
473105
10376
122547
993236
778315
247992
708752
345990
740396
643450
714633
577779
949092
396446
869658
118940
12521
703969
845641
37338
906214
620815
439455
218515
66435
49282
398596
911753
670925
248072
903862
428364
870339
908514
306149
848
987324
247401
494191
510873
519159
595404
230899
369426
763969
872244
604052
259454
697789
309512
775884
588870
618003
449292
328106
119536
93816
439652
121194
14193
57493
481335
834159
243353
971031
291375
749023
195756
320210
890652
815067
314513
925650
345336
917017
966756
65408
247813
8993
376678
9326
340435
107360
912852
904895
548190
269548
818197
724022
580499
241941
917004
931993
461747
981732
322766
360641
533201
666163
685101
550465
142325
233896
123891
807281
749283
842896
467434
221462
718005
271572
744152
665967
250213
253658
457801
982111
24487
683962
400452
739570
967667
489563
519455
513805
785504
658026
931823
846839
407276
929846
58391
695486
615256
805291
749441
656711
725296
881770
948331
724534
113833
824193
351321
828918
177443
206796
134761
515877
908045
767399
393603
507807
260455
218766
192878
460134
51299
497172
701760
257131
276965
872636
669486
883835
260394
390136
363393
976137
538628
471548
943722
42900
595459
953789
620716
58932
301488
219467
264119
743623
213043
969608
263829
15090
625556
459588
945213
899030
917150
317495
660294
863697
214943
731801
454773
487406
398797
56098
11959
897002
803395
613081
411498
430756
475624
347611
317973
967840
677104
287019
315064
926199
794236
814640
443903
929183
511773
492815
238800
226451
707638
306853
227715
438879
759743
58721
643825
907466
608678
462909
44965
705759
753232
330839
158128
438618
529789
709872
134873
175404
544585
399936
539249
30571
281998
289715
18435
471322
786663
20356
490666
89040
247952
502581
985854
807047
862121
959016
816934
658307
889177
817629
172049
494236
875599
435913
366080
578474
371300
864015
981563
411469
602524
243229
691427
358998
779468
446054
4711
865558
336661
698167
931729
778113
731982
824185
281848
674301
370624
944834
77144
424909
195530
527255
789118
265109
266021
849538
318365
558473
666114
762316
402751
439798
305168
666328
866325
408685
285658
149724
872815
499655
578188
329532
762951
194906
817238
204421
604791
340087
92521
617859
118219
98076
218270
610623
62193
678333
862326
679896
938125
672362
608764
111932
768489
94492
89671
469060
36938
96162
266203
77162
530525
695971
915887
35367
833936
710671
786506
887597
280830
686631
106503
350014
603330
750885
148279
938472
314221
121864
882469
728605
427218
889280
172468
293811
556222
138099
176997
23540
741765
244842
950069
795299
514807
128476
46435
921356
422258
147092
936335
309894
6545
213825
970878
572873
628994
429082
522362
912678
587510
234028
691415
430375
170801
934785
620496
94275
891073
748655
655567
342974
408075
920954
355659
119067
295232
78695
758540
303871
51567
233310
548618
48804
151733
90298
248947
155958
761359
693489
734540
195661
927376
906779
224431
673288
937134
137633
242610
533250
759158
893827
883816
822836
340448
679813
944769
37159
718589
10743
611213
465428
508556
52448
958174
550810
933165
962502
995274
237146
59629
682013
464335
460722
521279
838730
519314
503189
114444
816850
385472
505156
315617
686820
462933
363563
861703
398847
555003
431514
49072
763265
75530
838110
833293
932046
334254
731964
325053
681881
911974
560201
639135
538130
319849
323369
10120
765292
255971
225058
890192
369161
773533
745372
610951
662085
593914
910903
570054
733532
509085
914121
633311
929657
5608
330995
475702
520220
623456
905758
324137
339110
113068
68183
254251
940740
44988
613701
556910
460598
823175
421187
434686
896699
58476
347742
150443
745371
553850
796012
879455
94672
355467
777671
677326
273426
638475
634597
39882
109502
493974
747413
533238
667362
977087
814680
388243
771559
647150
509658
185718
96412
941729
333644
928986
116827
110099
189407
486354
365594
491129
231582
29015
150480
465705
776104
197375
77121
955862
22153
96463
277224
55734
291125
1319
236289
575044
869280
461083
210928
867041
331453
328931
340113
847510
647184
309736
648733
633844
4786
257662
391861
405277
161
891953
46222
615963
437249
533688
813818
444077
644275
99143
224527
679971
225361
480128
145846
833823
220739
995145
709522
470843
778625
193848
195210
547273
767269
113003
778357
13429
268779
615413
695969
347591
102281
351731
566912
556101
656293
70780
817584
346613
483960
885622
301094
914816
123005
839238
863670
111411
92629
284383
872129
753694
893690
272188
777147
987167
785950
714920
501975
382009
212767
30202
23698
420893
531369
928671
821337
948427
919465
389840
276504
249426
674154
733666
39200
598451
904141
446716
627700
605668
158569
668578
511665
610800
853949
734320
184471
490235
590030
638627
499064
49252
231586
681490
40635
901955
106583
424698
196173
294033
128672
889334
224678
191655
377565
165069
111859
68255
848151
257254
959653
625879
915221
278358
288214
139988
587997
384666
305299
975810
624394
127200
449226
607898
841542
196352
621393
744796
497829
367624
184272
359612
350687
92404
889485
559961
290663
592189
316627
18472
256684
735112
292797
181487
274987
319871
165476
877294
89583
599933
366307
964248
281255
979107
794755
396222
127522
224776
411464
108557
661545
989901
319511
493742
422008
971533
488770
57355
30043
777779
130674
519282
247714
98983
710576
80785
283777
993761
935888
531297
686982
763102
737146
461664
493623
2479
847254
509174
610311
240494
952595
913401
501365
941516
829204
894604
961922
607174
932345
422946
110285
751862
193413
168033
553292
918022
217777
634209
738345
692159
628556
866835
42422
229311
542797
499198
405647
313673
692727
943397
217483
884023
760679
773829
70366
86410
615101
865274
986510
216482
875301
742529
967696
927433
327681
852824
160959
382633
187957
482050
248824
509854
855054
636519
878100
689382
80399
552280
181763
738293
669658
611055
125442
112997
934456
509076
801976
65739
984645
987741
185587
65061
257403
575501
412026
640495
586585
648253
246286
89940
376111
26777
782594
98882
587081
79873
177524
163350
494966
294287
539879
474743
63795
905784
188670
58239
102265
612683
445975
395603
390688
800855
931394
650707
259694
992746
222173
52461
257153
937971
596237
922252
525844
473417
202395
641070
970097
535685
498984
907988
292275
550345
939727
474706
728759
850020
821909
876422
546783
586574
935055
233509
757954
364301
401169
999089
100020
594363
653518
280647
405997
505886
774609
440212
607192
539959
154967
778472
405306
523862
248006
823523
45245
101866
200910
86155
570521
114583
822363
537408
536990
561344
472820
457287
268896
261092
366067
35202
827518
405668
507489
538304
447185
501346
229230
368945
616238
579590
535689
661746
314777
104026
676386
421511
519238
272981
135866
249766
55820
299509
292003
91824
485289
970373
101402
602043
448876
165950
290173
615818
439683
720330
825322
920990
154017
791204
206646
147941
972683
85530
336455
956433
560448
572788
160335
193796
925443
302319
965349
670439
290118
858210
467201
775194
664693
124610
6868
273093
63580
754113
448706
154061
482037
370833
333373
235171
758418
702214
641279
541238
577315
575001
553188
385417
128037
921416
368737
91679
625896
562075
167077
993170
381115
962754
1290
206787
816565
971995
624376
482347
799394
594255
807255
355920
35785
782556
774254
22228
912471
601261
753949
245928
852970
208613
862131
843741
399419
763002
645101
373467
966568
464318
688652
241450
790045
12474
899730
777837
867487
495923
677336
264432
272372
996302
51023
712406
122675
265871
891409
461173
417444
447677
657571
175421
59859
919714
970250
533267
755318
921902
246918
78588
562104
312699
659055
521652
354081
854764
777387
781663
922212
10926
532682
347095
950982
294304
826046
874724
530534
313871
783162
695689
651437
216090
737637
741051
45330
311861
250747
538861
250122
976328
864129
451846
192267
259639
882658
989940
525436
525309
637611
700442
463867
31985
261216
584997
727562
149611
130425
850492
474263
654464
426556
327317
215462
644200
909048
128549
137181
935425
503643
104304
551595
77677
478641
798014
182742
790678
250041
307182
634401
406161
300454
619428
313878
8352
242991
480477
952629
707346
852115
795556
291961
86085
87021
947422
990723
432844
811247
769087
216678
430443
1470
251615
18126
10431
888490
417383
364941
732539
127560
650725
787332
903244
509294
928640
733738
663710
412363
369605
215996
707768
554849
299807
492865
224387
897823
868005
767161
320040
748895
288846
804321
499542
627320
67392
40870
306787
801985
553413
487460
853770
532899
116063
468441
319699
915546
635634
351915
233552
982664
244255
492626
712579
410614
497522
676899
163357
776295
276849
283194
25569
636251
489621
227204
747111
396125
914325
523430
921981
949321
741469
788302
956392
805726
60894
743828
921608
676347
933054
297996
694425
875962
304880
518954
540822
249446
606303
969554
178232
91610
173253
385788
102236
654391
4184
511681
930306
970177
826083
44676
382577
666071
751410
18752
43769
64333
68006
38505
330384
832231
828201
416705
21214
632437
534844
632059
819732
435654
192428
713924
113911
54858
244452
85362
690363
944840
884571
226828
461834
139640
212910
289908
822500
206718
447624
562605
561248
157379
621629
613773
238352
977650
125494
950784
887234
475788
587207
257526
941411
730537
93725
259818
978687
507852
875475
247376
597219
950625
832419
569563
389988
748245
266937
99752
615928
981010
275619
457994
65857
16086
49765
682995
222058
129711
438250
238331
843306
923669
693076
827472
970918
46947
323572
10043
190771
852468
812245
564298
377785
408214
976691
630451
2222
390793
205653
126866
840488
51592
194443
132289
305304
663652
64206
9604
275314
971591
780903
521402
37794
817001
59838
992897
608585
795959
14697
481080
280598
343664
360469
158687
372412
162639
841871
642651
936981
998883
779312
473815
403
476666
765347
106180
540446
32379
85588
329344
280016
498195
875127
251861
88265
833928
373490
442328
615599
449897
789928
997874
340869
620582
95587
463483
924839
402620
995998
357890
619872
570889
505196
960169
946408
372349
44743
28269
85053
683569
27769
728964
958940
7058
680480
254239
119196
116725
311778
324751
282216
227599
266478
969539
256919
42812
53930
911919
13482
223677
925182
133769
477985
528895
467005
519725
394874
287830
419499
53025
97863
226633
237231
877810
378602
930630
817878
209021
215984
432694
167297
518730
282568
452011
511725
798162
869855
168566
993821
273377
812313
307798
301222
313238
460141
334027
204375
213448
401501
181320
229442
489091
262417
967494
907371
486768
517007
790261
789965
402962
222937
799693
516995
287917
183012
509059
385306
449601
142960
953560
237552
877940
277384
963531
100616
457101
225816
890351
387310
355804
810982
440535
495617
654328
15215
76717
367138
645985
409375
256482
644792
804355
195243
847488
958493
71580
766287
543707
615400
921524
127071
734565
401431
28811
804748
243105
701465
632082
331766
717360
340726
725071
567528
238855
358364
679715
654517
536514
651783
682024
397420
176657
264971
97460
268602
328016
273089
386619
793117
362613
841292
458897
939137
640739
17223
706956
470393
767003
738381
274247
798427
978770
88612
756035
235640
387229
999750
898921
751478
771977
97550
112747
766156
952071
998332
294024
844954
810756
339045
975342
172003
834263
462138
396473
848616
331156
695602
695322
953762
768893
522647
755155
92251
116376
666538
463838
865385
267036
563252
637677
121800
28485
669419
990797
804371
464135
914045
754916
548703
592415
406139
195545
599156
77444
517413
683346
762601
512957
311822
544344
977883
142348
507820
974296
331209
471048
731774
801155
747791
193288
204954
883156
517949
949691
214674
861169
161428
899093
851202
625323
80797
595492
669561
976480
57573
598145
791810
34496
818776
949217
667982
55148
949433
577099
935039
588858
997435
959716
114707
132053
736767
727974
76587
509762
881899
385327
678456
238205
235299
441974
707329
974402
908711
677400
172370
664295
851657
214800
148037
411558
991561
51206
693862
22265
180815
180734
40133
335198
134659
870321
864093
851770
722764
234425
891036
64794
351140
399589
565263
467732
20437
999852
839468
668620
272531
764927
941883
851602
919220
481015
404193
868969
224336
189294
124362
395939
246769
386153
793266
20327
503735
418418
717265
475989
476747
505733
34145
175936
276158
25696
878797
272154
535933
794365
286967
884142
510579
464668
167206
161926
744443
282169
922699
990956
960384
875678
715502
867470
890292
501073
912954
990651
641193
716077
966049
425097
776719
863118
226285
838745
540235
639270
954917
680691
99056
950829
204952
516427
217500
596917
381769
985573
31858
60315
874614
981332
945199
763865
904327
841438
612139
321273
249104
885179
6702
338916
878467
696188
904557
910105
213877
391369
341664
241401
544011
28099
793537
891198
570433
679816
787298
525644
268758
72276
981291
212960
150104
991300
263984
134437
72775
700150
940459
869541
989481
800589
320987
887196
418026
877201
229176
913257
363501
983731
376401
262430
950003
985710
103364
919862
935590
6216
723417
575462
53315
304183
774780
407564
493347
616417
166870
935940
706404
167548
540615
551194
816952
257109
319682
628697
35146
467052
970692
165762
129352
570427
319602
177304
418769
46487
519310
417048
100861
164592
850133
564807
354115
96691
213497
331555
120075
435342
162038
475579
124369
801811
881235
984347
242994
59894
370616
521183
821591
537905
305638
428520
612603
12551
838422
288813
968730
624164
82034
257769
933304
630499
774634
622322
752522
110442
632053
776298
239429
364912
896549
181390
751426
554719
511524
861228
408331
542997
670544
512881
155269
638020
234929
190560
575865
637816
452755
387807
85313
959225
897925
452844
908555
160070
766764
537708
853837
74818
315652
574820
542085
155115
756021
46913
314027
172292
927502
869777
772407
127061
338016
91732
224392
167561
825593
105069
647672
425973
698300
319667
792185
867896
755034
884645
347115
997693
954863
781306
353534
308125
743675
422549
461887
471458
350139
951127
513025
15014
147619
129935
524713
161499
471227
145356
623765
478628
149843
761108
400297
168863
817444
107629
619064
167174
129989
363032
505036
304491
259398
287069
824531
61857
499629
100865
567270
280761
586187
275349
914806
137578
262841
304681
434005
374730
683764
37085
183263
317433
696019
696343
584899
255773
785185
531408
462642
295687
229595
677897
646370
385908
322567
708060
444031
881776
262255
100013
79023
758933
210169
42559
57408
951730
794212
611299
1137
863623
539937
90827
548314
121516
797003
65596
789048
433424
281093
615522
213273
3039
939759
553661
133536
591037
626628
500729
794230
374832
12051
932252
615949
469466
517720
641113
291410
115939
345015
572801
49775
141941
566100
193881
279994
77345
792145
648518
833341
93151
447269
671013
987362
809842
488982
149431
532155
429290
575507
63482
864236
960195
547888
589651
550518
711083
787326
103590
482976
393697
354758
120520
555331
22329
579810
259532
386995
98364
461369
127546
361478
245292
141397
181470
27394
797860
273891
715836
472167
489630
765126
56865
445973
993423
924696
175764
43355
972589
628606
100844
320862
385808
886118
534971
330019
328374
627680
36520
344505
596129
258198
927002
947398
340891
73897
307856
560492
138138
464746
91854
334103
28094
700658
843442
698598
38262
332063
485733
785843
138627
471147
844013
583681
165909
128170
639774
207745
407505
208352
65713
963201
492020
527548
616813
166961
329681
342069
721281
586260
785718
420160
743859
77184
292461
833323
207411
786769
766302
959321
956489
258032
737234
870299
767150
396667
724562
932583
252086
856210
637486
136887
950954
294205
669209
646336
713844
284797
532657
750221
989171
975982
657629
201912
30191
729045
646032
880581
514022
40268
200490
654363
434565
890887
36413
633376
666866
514114
480108
484336
180422
637897
119280
177913
71448
867811
730612
443189
15156
971100
881760
272069
903851
952046
297588
997095
720516
311627
330442
982228
730512
154762
37437
699769
444827
129387
149801
632015
491775
140361
401864
136217
733714
647323
945275
901946
248575
98982
517226
410160
41458
19139
359682
102897
299117
558600
89373
124000
577208
265174
60288
819756
468597
142847
731837
284549
662353
850897
925945
918588
687063
194692
847240
796087
228703
797179
72116
114253
50467
764986
997853
775300
201777
609061
225018
370340
711101
283505
473277
396279
224206
726634
224085
342688
306713
31903
241421
125910
434283
331565
395730
208635
737919
114791
11217
994269
753839
531679
768895
703112
567368
846036
17330
301829
297270
121463
150125
82100
272414
900443
645817
136257
143307
436986
433390
39942
68415
508446
501329
884733
504811
469875
552471
889376
137275
202214
893512
471007
284360
556089
768063
27901
759345
438054
318029
399112
778948
980909
562558
568755
705301
782460
295219
481106
892529
535674
776366
916273
478637
792945
657133
534864
241111
558230
559341
623167
552398
859253
205135
993106
504814
840637
409944
563074
758435
479398
838099
123744
599263
565563
252049
196214
195238
501063
401937
952636
517318
885856
772346
882932
776101
813963
831045
689635
676850
344394
420279
960684
579325
982281
14668
657930
48163
542497
489968
310889
259490
451590
877986
13835
597716
377291
671378
814485
994865
427765
705493
53005
803102
998134
402468
703595
841695
293948
816777
925825
91909
78234
836474
598029
762837
882977
975642
24109
620375
615848
790151
479922
57532
379948
449249
977036
600428
189200
486617
277029
278508
184453
522609
383627
282217
676932
31381
872645
708259
170616
410582
511302
28473
780666
335871
600959
965325
933876
406102
316815
530707
300199
924529
495574
390075
514119
361393
905959
900473
539523
55584
890652
531821
541859
652579
577539
241972
710091
765980
87797
101835
936284
634206
967367
211546
134010
762509
834906
874085
635240
608594
688206
34698
530382
474169
309011
365496
135517
534375
521887
181037
785801
471483
160508
951273
782901
165375
128441
751604
671469
769739
528960
963913
126284
722998
519496
265566
843646
297338
285409
520849
163232
727971
265132
86960
41092
752436
293933
294501
965840
706646
740025
31676
350854
858557
720650
628819
928862
862554
705905
595357
342735
838454
311594
862290
189868
537842
808203
85431
979307
252568
974487
97925
58754
975389
315759
835001
96874
467702
724840
783543
953670
747667
891448
15324
678620
444156
368009
742111
547969
607687
615088
982306
178580
312307
101175
565275
8032
846821
371798
444314
605861
753596
133633
782582
787121
16531
213595
667608
526439
981074
780936
159203
535649
151409
607775
896063
426290
289419
907967
92225
567044
145882
642041
143288
829216
693013
909291
526231
817165
756899
172204
469626
939535
434106
706467
132694
622672
301593
919666
504898
717853
492958
766096
222876
559943
903621
136181
253145
569130
609725
102382
83565
762634
474344
215760
458643
527384
773296
493065
118394
535061
292161
232722
23308
771406
304422
243008
926299
116485
784516
103290
973738
316464
161901
541445
77590
613787
177250
604539
706720
29032
688360
527323
83992
477239
152965
668409
407654
598048
889687
550678
230968
74525
154770
933322
179203
481733
404116
509150
23352
660083
838695
650166
955654
465477
799442
853867
768773
111424
303516
429495
693318
993745
641566
886089
96308
113134
100548
812281
245030
767195
720352
807638
164549
608393
246954
417882
761365
288857
660568
585855
253153
279422
823574
521643
372935
716544
431843
844422
513501
302492
440327
543852
754943
145353
64244
780990
875383
982101
912825
467
400967
207790
173533
95372
338773
273085
761246
658949
692020
605293
244358
167208
323979
943114
200550
739675
510756
483012
757938
321881
743699
8082
294329
250527
828865
448627
592447
587580
422036
285583
182456
635083
59196
835772
435491
287870
331997
856286
515393
52688
367764
628390
836273
864540
143912
649978
783402
951884
995727
679541
735508
510506
188762
244549
376771
26642
214525
593907
346513
9672
340799
934400
210006
577446
7674
663338
461895
583470
765904
341390
920936
220414
845419
38183
38319
193057
294702
514484
152503
122305
245053
871672
547421
784955
772133
640411
698555
307019
312234
287278
741951
933030
58092
629708
364071
38503
699957
180252
694107
840929
940385
50546
196454
438419
23402
446165
278098
15481
400464
631515
556384
540607
801057
128113
918305
428497
161770
224631
809780
315917
718842
358792
762717
959834
969679
169047
799677
273106
72864
243380
767988
64411
796998
644462
149072
627219
116424
402195
660976
217257
2242
939027
140601
218633
292912
899331
72628
509167
3740
458941
16835
394525
127906
619876
118590
176423
932189
46341
695023
499820
476720
732633
800421
688031
828915
8231
815097
485443
740151
185030
962779
904181
523640
827328
49495
56355
61726
631571
43306
681115
358768
223313
976699
213182
874262
957031
250488
85459
134857
375098
42702
846583
492697
42157
929988
296754
123226
288255
989045
797606
158380
183698
988520
668065
644198
393414
822542
813393
896479
210948
974551
587543
370968
980055
115953
675572
413897
469044
736222
353120
929798
392986
377520
169081
313678
658068
108324
146840
800688
684380
808025
304768
689243
997082
653419
989296
247488
147593
343472
431704
171686
920955
324302
221544
492362
374707
263480
642243
30000
29808
158659
138962
846282
969481
960681
927670
44932
636851
858201
835221
365802
262304
126392
232725
273911
640706
913592
772839
358715
692206
371411
549371
455655
648283
159013
470289
652152
630025
722340
280688
376190
476414
308925
273519
759752
662187
547723
224432
953839
621230
282294
539501
159995
299185
913062
899434
753397
53487
804579
341258
42570
689111
722891
12734
775192
373129
217198
388184
301912
213245
457226
783806
147817
870019
335646
600313
212149
194468
547437
225837
737538
273064
456913
21347
437719
904241
988152
529026
209736
31813
427648
142941
421408
184809
166699
63270
899947
234856
163455
915007
470941
943603
302845
263985
786658
734818
196539
485749
239811
63513
280864
516592
321394
825477
76412
684157
865778
787014
331330
563298
597029
208871
560290
499107
6516
518664
126215
810229
864981
718621
29482
708555
730236
307727
287889
950157
764640
369792
154152
624231
999848
569708
565882
290046
930098
888491
64332
328700
292736
300626
631382
245196
404160
748730
247199
967906
764151
392536
454324
188721
898505
384651
394628
807808
584871
698933
398171
11415
770133
720320
992185
11155
387735
460098
532687
215065
434871
504699
886165
93863
908854
83643
923851
699782
574669
118369
851914
263644
494686
458110
368645
490974
718652
300247
818849
188578
389459
413449
971695
363474
571382
773511
825026
178429
387972
411391
634034
943239
358837
458459
247083
513601
545286
42340
567986
221779
523711
770688
703414
276758
364766
229148
328527
932094
39202
981733
786261
338996
110261
923375
663711
938178
396982
480697
595159
565160
965027
774216
951799
292555
125792
737007
203874
209933
109094
866160
148257
576952
412171
127485
752440
779731
817961
478743
817637
887127
673262
39128
711796
440060
544960
233612
912898
935852
248202
818105
163788
732633
170984
58815
247346
234922
548907
794138
432910
800272
412233
883589
911403
640887
936100
636921
208292
521177
573045
928788
453851
900972
747797
363476
229522
533308
101672
155778
977513
155155
859174
243883
605685
99988
309831
649289
628345
880295
46475
96641
526787
375374
816227
549318
931813
371734
922367
98267
734415
620330
615221
809973
455686
762050
901643
435134
93123
679096
323041
829622
538090
691323
687038
326004
129957
655004
318453
455499
671965
780998
64883
695304
930645
257035
140008
690071
426914
669401
988688
93828
173515
480523
693213
942943
952377
472732
757891
240122
488859
232822
518623
226828
288345
359080
288325
864632
623282
636535
138852
531879
66420
912523
228632
823953
456215
228298
965197
349019
866295
634114
460810
106395
798765
159680
292961
591863
264968
28798
347058
307435
666349
46328
338583
738793
739784
287711
52335
54554
851758
610279
921546
281091
159825
294651
246638
424963
821087
174224
204548
905208
1911
711447
805026
292930
447368
103180
666230
191967
867528
481196
255563
321718
890639
336323
579579
877615
367374
338915
575474
174783
383342
163377
154778
140929
674569
805401
414761
702784
863807
31649
2435
955089
404598
622235
383244
976477
990898
235637
237710
627517
482893
806826
241348
955006
352339
896219
291713
995651
485244
245880
392576
449034
489031
345176
75849
757959
616431
249769
619900
120300
751500
796673
447549
723786
888969
793427
756092
728913
910014
251517
812319
154803
211370
192445
91151
561255
529870
556740
921436
183690
12520
58787
545422
237152
379083
275874
73673
291575
61783
941424
711387
423212
346971
775732
133990
852935
797444
24769
726821
753666
304063
944553
350300
940967
826675
898665
428576
286167
607892
440897
304576
89574
1894
180711
344719
430116
934351
148497
438863
8567
74134
702704
406652
74532
601022
378045
534578
267308
368889
140075
482299
695763
70475
219644
738745
862332
235644
216944
731116
7087
184313
467736
211681
980861
476553
873480
1976
855867
190887
169834
457872
655273
786176
893936
727697
266167
555210
217057
91733
319901
417342
488789
925748
980776
904564
529084
581866
689621
458010
523032
945127
139158
131601
683147
194420
211569
578917
837578
971197
241544
417766
992817
403711
636595
36327
632113
259279
856969
951571
655140
865860
597566
899111
235905
171970
450278
50895
671147
438628
761624
253601
743524
629893
755182
230320
839454
82411
482024
962318
33074
644113
637488
333730
604202
1552
292728
327394
784184
552361
724351
387372
788106
639665
906995
567943
149365
750681
944433
809649
816782
242649
947624
433124
82392
215993
637147
407914
802071
650300
921028
592601
967043
820649
528470
498798
252760
45623
244380
339714
567946
865620
303997
44139
225814
776210
568416
904114
175796
808815
377324
859948
513129
391487
168
169207
644280
472632
641474
847827
106808
33370
993835
276314
411329
402105
792223
361053
701952
203560
123138
544413
345771
535876
379622
576163
410702
467482
726121
549820
415619
249846
628604
821845
947839
763465
909182
474671
186953
409398
865094
122110
958727
247993
232448
500708
201265
441332
476014
896645
39462
873944
403024
142214
640413
588460
995423
507879
699700
671293
97523
149307
984612
708578
476932
118912
575766
371179
999245
909983
999438
354278
354188
678017
414342
42381
824422
582091
915670
997391
322408
486712
556494
263993
264361
69650
827302
107329
782091
725325
533133
53167
673632
146240
693085
12009
284329
14080
588208
779033
479161
130907
647692
727741
384824
478894
358201
303114
474947
642340
186868
183678
80369
773067
275132
553153
362609
527060
983497
779703
889167
58215
817948
518437
825365
436769
193265
991997
271374
109611
195474
837319
930918
377912
9478
698734
417069
802843
244582
242917
127418
344706
957391
602292
180012
914323
839795
113315
760332
410465
413130
233153
651086
21515
816167
814737
492086
12529
944293
751314
125080
889492
817408
598570
120119
805769
209471
667566
653711
875546
731663
209616
571759
457785
170476
488230
94589
239010
89464
494803
215069
330636
493038
579924
88493
967755
927536
692009
96104
73797
449212
379613
34090
242318
87229
34100
164050
591395
196414
179761
76227
79104
851897
792705
198661
727838
54414
723463
164234
717389
216015
501701
146698
52393
933240
41124
463375
46012
879292
649248
186573
387312
152954
926546
605609
92015
148878
547291
217434
627161
318596
19626
346989
478689
754728
518379
805090
546565
840697
495437
492468
444711
832252
287661
927990
906637
553836
72484
767577
22578
293774
722410
809354
343174
834339
955621
856824
394569
833079
574482
901363
279871
541399
931023
992496
957905
18208
776770
996649
894528
559665
439914
337185
426822
593346
253632
403717
851531
927694
988233
846894
842881
695852
891771
410052
191004
691772
969673
408188
373425
192316
695181
733569
316970
630458
321617
34609
639268
787684
501178
706622
661797
720891
944594
705205
344509
662566
482417
216603
761144
506851
373958
647859
734972
865496
948679
240989
360710
635528
671795
783897
55484
881825
280832
367272
414766
9585
725159
386451
11501
294073
915976
664709
146120
71066
191802
696019
620192
795820
746227
812764
461351
163758
226513
459852
341689
179223
596227
105146
576982
495755
712343
946929
496700
317737
489376
282316
284829
518913
698179
179963
211138
970275
552862
80546
993724
302035
623574
794400
463362
721432
829052
352109
542252
118131
399260
149084
41547
296685
427553
636736
91107
567881
853160
39403
922758
263001
543647
284881
480525
913197
442010
956236
10934
528934
564722
858681
383061
869032
662170
781375
800120
655086
742143
683760
368796
925815
610843
224391
232901
254366
687127
49553
673790
622791
938011
128553
977581
190453
192051
41244
174546
293049
473695
623979
675164
703749
948087
766702
422248
111903
591353
528661
501591
110001
319729
808202
900618
787837
308355
123826
839549
969837
876952
742099
78141
189000
960099
354256
886919
8257
453071
256591
747391
178218
891399
862523
743754
821318
775777
978213
567432
551931
372968
607685
209009
874982
707844
888095
95627
823369
675784
784001
197829
185823
596696
403177
459891
750545
354037
565827
762471
144257
189223
51407
765096
513795
786822
842017
814098
101931
436260
790978
574986
106113
206042
167604
810523
222289
167982
229459
286322
793695
496862
332119
295986
275768
359564
137782
235061
864036
868549
131430
788384
443640
317679
433856
833314
449288
670351
322752
768073
790905
588853
301673
958273
797171
341316
595206
514665
832438
388322
844234
41747
273732
516024
609817
395032
456508
576678
929952
280406
511559
630919
112863
646408
425515
333980
904327
775232
436157
559575
104381
996739
116979
354566
870270
723521
995480
187354
411102
222703
981528
44372
401449
518531
241851
784587
852394
772940
895151
935452
576841
702123
503549
890286
318607
659889
385502
603232
737734
718551
614567
694994
821564
37524
819615
222797
410214
766879
124017
802896
176736
301441
798332
350840
857874
846613
600904
472330
716207
79263
837524
593632
188695
849223
633867
469039
336732
758193
340884
415345
816226
506298
34952
722867
573152
627344
764991
997437
435523
230446
411587
484569
408753
302067
947430
379266
960938
873246
84848
664298
330635
813096
369200
636520
512877
993278
237683
245885
413354
258074
272723
225985
270463
533053
685159
185135
512269
880779
32792
171402
548154
617602
560019
806250
504181
14040
382106
366886
365718
72497
260086
688415
894435
796986
427015
964327
209327
638373
632379
412429
827292
785601
275933
243334
24130
355957
803333
927418
655464
204313
575342
791528
264047
671088
975972
884598
836495
465030
843420
823961
624184
813027
265246
715741
616794
290537
475869
344593
211712
79183
412199
375891
142999
80442
39031
200564
728781
312885
512744
650567
652757
401037
831172
686475
919687
43084
47547
998130
797091
255888
559855
115981
919350
242310
645676
636823
300885
165384
625333
411099
843782
105617
142265
271810
861567
555161
584677
925053
601926
784594
873171
641931
358519
995069
943648
119591
793444
407913
723867
301650
360470
907081
791256
295288
573554
914673
508133
145282
788471
236205
222228
474999
54116
308414
939063
155599
80823
606066
987050
126038
106383
78494
992586
519354
814195
197371
64836
66417
692971
170523
852040
574089
307404
442054
860763
923917
268946
813749
188428
966673
432549
489578
817598
504475
569598
243882
868516
483950
939043
646361
833676
560756
630990
21808
718930
573127
966444
320221
453749
171868
593857
617591
333446
578060
841000
14747
161852
694912
42104
889832
788325
425401
45507
665109
962487
178234
356600
617834
681477
980754
682216
538017
500557
222794
881765
365658
457582
316903
444294
473333
372406
397468
489608
860624
324825
321999
926159
323101
137023
593926
605322
991646
741748
640558
875316
636288
57987
460360
778870
197841
661148
472752
835049
680544
917042
490700
307130
774640
954466
956685
489959
486616
874381
446373
227494
25466
422214
483077
21924
34014
649831
695761
409322
58282
217534
576163
475484
176320
452325
281721
965020
359156
997231
658748
159051
884008
529534
462318
880751
431110
688498
166895
915952
565530
129532
165867
326781
299210
438736
765411
890060
445234
8441
501207
836414
378528
35142
622221
603040
458281
592226
291777
290958
973414
755650
201386
747058
611535
656823
85860
271274
741298
262371
751806
732232
460495
288392
472930
626227
707155
1724
386333
541802
224111
702649
203147
945769
822933
416913
579232
657444
5647
421310
135189
235440
702075
251095
817901
192257
358887
658719
894946
820622
656133
533496
130417
348689
245003
399093
610111
750442
812586
841805
497958
130019
383272
857834
165921
636558
77852
318689
755280
467659
926214
832765
380583
252454
279816
590004
726137
606237
887173
78075
220253
523646
61205
514357
190330
964015
313442
347590
957173
241992
81186
934023
318579
397786
300465
435090
915725
846867
852234
80636
401168
234617
949217
852706
392365
984020
653601
296220
56836
613417
239805
367183
521479
365408
461301
143839
965070
366407
53031
785025
173047
937519
168271
716462
35832
203188
975325
82867
475075
883035
119090
525605
192724
756436
811254
492275
920090
71582
111704
205204
72128
129097
932707
751071
966998
12631
21498
860665
229473
149564
284528
111080
860859
551749
903366
259014
550504
633237
330306
316562
561143
555849
747944
57569
632914
292669
59864
683250
114530
726056
817475
695646
513825
310115
59595
191534
330045
895495
419191
916999
304038
177011
860687
58944
145013
734445
197594
476948
959416
997792
297586
767859
677214
545283
270081
174899
17468
874843
75098
366051
712249
994582
234934
934912
528988
158296
21449
873601
132592
225364
248896
657677
391826
494416
517146
623693
222295
433354
615712
810971
878940
576121
401090
311065
617067
604780
485712
787487
287622
576143
926993
890188
228628
236877
57220
331069
372453
231119
687409
374492
524004
886497
525418
408784
58904
555638
364707
755794
275990
468482
870955
919392
474887
759813
608134
742858
764370
379624
203945
759401
413670
711040
712658
305455
803045
749231
994177
482394
719344
103273
81750
322307
374667
649236
805192
331859
345453
831369
215807
881684
462119
575864
17232
320421
882094
817512
257939
339016
354055
228379
857377
510102
181966
673935
533039
30994
954402
663521
62786
464282
107376
845
214862
769913
202523
871632
438703
534618
856901
764206
454275
91351
193277
179024
596834
661040
814021
154117
645306
480920
659518
494889
635020
455656
94514
93283
498365
94967
86910
477512
671322
417409
152666
539229
276779
25859
863623
522553
957426
500137
583828
8201
288321
251103
10956
48173
871029
805188
12991
159104
295634
126333
363819
397814
686076
508518
541191
42974
307856
490466
971629
343814
788125
636819
764514
666365
909315
200485
879363
595123
559142
288901
767309
694717
997774
783344
788168
203445
71582
97574
537617
549311
796974
382653
987523
821670
678536
770129
149953
765412
537980
781913
232995
539200
453152
929557
166395
291474
553320
725411
691267
5154
113309
92017
813156
401007
695357
724365
389733
320331
800560
414105
145582
849891
388834
440794
213112
725405
461313
60079
991444
837402
825109
245918
72724
594459
726966
407818
981338
86399
227375
588225
937979
200042
526446
622706
931471
563330
918692
194428
375448
699283
869311
35105
709836
271634
108033
997081
455360
968831
179325
925507
281715
265955
273070
778998
416949
702713
531572
99702
574450
907049
479724
573250
823327
834415
882282
244490
726976
141851
801750
982334
30099
286577
220320
559874
795549
275504
109537
715646
844622
723888
844944
938001
37459
739492
434973
921509
686265
788288
59501
511837
459833
387444
575411
119404
343076
188949
40040
454015
31020
311837
691494
476890
338252
422857
484454
356609
976149
631649
707860
15308
750422
885524
460492
732382
843816
612737
774644
452207
603475
723218
394870
493252
415584
382787
85592
733184
151805
623233
105593
682325
233414
373933
565994
425427
63862
446719
457574
471905
506345
485767
880880
478729
939981
452943
48072
620396
313061
79709
349513
295255
656953
916885
768098
920302
277662
192698
613935
600517
870237
771797
615475
352654
241475
559918
708404
392044
29381
542327
212531
526566
865037
501705
657735
167799
858789
8581
295829
397250
368447
792989
973102
448802
19934
340715
604357
9888
376421
444159
408843
171966
352826
257846
822697
322096
37015
672005
535257
559274
532397
89237
326754
652756
360885
76809
387374
299675
546132
69339
562505
468321
186217
344036
533560
127892
576375
507770
42164
643036
102954
205555
145474
881390
108360
150152
113648
128830
860533
232085
582510
713105
92578
641789
450886
384752
738580
51755
505657
607032
156301
666355
949368
972495
864665
869654
275452
27057
82614
985508
376514
865832
248928
80572
44518
968794
66361
3055
10459
427004
993362
170179
842117
702245
787097
378004
672883
140093
462239
493140
986876
411796
245571
182578
828533
291087
365824
68569
401100
829949
248975
488516
80583
796349
762110
291597
952966
914754
574224
304447
423407
36194
768115
158259
368169
269188
792508
772222
490815
352329
519591
424651
448497
403245
967933
889620
971621
569749
180622
955325
707835
292027
67166
585101
185406
160690
435228
80841
979382
979544
641869
775023
985434
981784
593352
457740
112930
22361
244506
106042
221307
867015
167945
895354
884756
426428
663222
159146
717078
248586
572316
578786
130544
76391
262517
441585
600271
302198
189179
606255
79533
93998
434315
621439
554625
718633
557222
589092
970452
846795
847890
483516
110836
933261
302942
123868
960577
642661
432450
538250
142820
506068
605092
577425
248032
770187
519927
601477
627008
225147
180350
226323
756464
395384
322543
832836
542184
132617
675890
446798
53955
417870
150984
737559
953646
742478
599689
791623
570044
325341
289414
731400
533589
234918
175373
827805
453583
246619
19850
431964
663061
992438
516874
929225
769155
725674
510619
918289
752084
999339
275856
704224
317555
724055
674785
572191
820077
612287
438830
532493
814664
420502
201892
340601
146157
490613
602745
613018
99392
930441
219025
103947
847312
30042
181570
69413
537450
476152
440053
960699
900616
729156
483939
929772
46823
413400
273535
787113
104310
976340
652467
874756
499114
523014
198914
252464
250414
366709
124492
549211
361080
106507
291760
591269
76023
914076
192907
823035
33257
519639
806495
579733
261640
935624
161808
697288
147172
215623
772039
326984
264076
211329
404793
99838
49574
491168
379522
674434
265182
884634
705579
638901
189179
338323
849675
45438
803661
545840
516873
529183
423107
37561
224959
251315
695705
340266
92282
596038
226606
625623
523422
511697
928755
722873
988902
563472
54336
179864
440970
561986
730561
319639
553081
447613
638477
469911
321990
26027
861015
293129
471583
684581
131581
401940
572791
470762
935678
115231
610182
300347
861833
211643
210918
156759
503216
384944
372766
253774
612539
746787
886396
145925
309593
959457
847963
211077
22706
57802
548868
302783
992791
421404
497265
758688
590683
599387
883053
821517
805307
980506
583063
957052
854968
766633
21061
521838
368966
689116
563268
909836
658013
240691
72062
268893
77420
913579
214005
745634
28845
164320
551659
931663
379795
72989
386276
342118
606305
644610
948355
305777
47124
189969
672978
730715
510080
338965
60893
469547
31993
698287
784829
860894
934632
631870
286898
371041
454205
838890
502186
740136
238531
286670
32542
902574
495055
52479
394844
402889
730770
405117
991455
260585
181390
370102
529882
52205
416677
949745
793748
517793
638989
873757
312556
524120
652448
608375
416894
448418
843792
232274
115998
236587
543672
392582
567425
126448
813709
127479
396604
523166
285171
128001
628068
855945
523436
698493
847828
90438
834795
378803
522828
135077
800007
59612
348918
975822
377099
912530
674501
915255
981546
574166
332086
688511
1872
444606
495545
346858
471315
135545
205288
211130
969544
247104
765621
145702
68530
967707
738339
992889
972566
317133
991467
347594
550570
275038
907775
697620
214443
926851
585834
20721
824398
457323
63702
593592
455246
514600
502312
554479
128740
57400
135430
644271
573781
375920
794232
478419
149605
374468
933868
153052
479849
71669
580243
203749
103866
441943
323690
526845
32262
767550
337235
816742
379008
377221
619489
187689
301623
550394
931571
195284
981701
543529
150455
553234
178270
678980
811728
715749
511560
390444
439250
410178
801641
538398
457258
968712
905916
691581
670491
651103
591646
45687
314211
385961
974021
729687
3196
745832
898319
85479
274750
496044
780664
243520
281505
20726
135142
396272
108193
745391
994911
227526
13242
341374
714842
374972
488787
143690
800947
122818
321463
872460
297207
299427
934334
882383
823263
470166
77898
944583
85594
600868
356717
518156
642563
621488
633640
355569
473842
648040
619151
579525
832238
802951
385480
740710
175744
278148
554034
280636
114211
753882
98657
334041
660759
577589
770632
799467
843732
176438
852912
413148
989852
411747
763940
812422
872873
254126
564655
463574
505542
523424
736381
100668
357754
44194
532447
870540
998047
558824
587562
203444
877712
245883
818559
163418
30976
981729
321764
854674
502888
576746
569809
149625
299352
173594
871240
834865
834223
804142
582107
777209
400934
416781
21969
778535
460486
981132
656163
932549
743482
854622
542177
828358
809855
48727
524978
480291
971127
104795
719864
363095
953437
612199
558290
256819
336019
396731
758011
930782
185112
705251
380240
682093
515925
582433
763630
230555
966934
276089
91065
82085
410262
74649
563130
972613
52467
155298
183712
739208
419136
330199
536103
31310
328249
415521
694934
124958
246929
31292
592226
727012
485288
71618
78768
920520
658009
486162
982328
655275
603823
992093
560773
440192
948599
481805
148185
376773
694448
278033
449965
116445
44767
511113
523925
273036
806399
242315
697218
705038
312022
224144
903906
830804
73123
508159
19810
106268
100532
891475
830227
593068
119252
799019
748586
583530
443232
7278
2658
35419
503738
248216
479292
650166
258327
59238
361894
108516
610420
31258
183930
941655
436902
15403
973533
100420
538574
439629
962888
249150
504938
742616
310115
625136
787721
32407
766925
286711
253847
735280
233144
355994
896854
706859
811314
875687
612718
348384
14078
873131
36315
171522
309217
231053
310916
108802
913720
771399
755564
307873
125510
161922
74561
200597
385164
367118
204370
993943
38609
520507
691678
169031
432449
626006
698503
632765
198834
312131
660774
592941
57345
607860
898424
62646
326555
907843
684917
359623
996632
540082
124417
640686
752641
589500
263547
606783
639090
368279
364980
300829
848155
186121
268474
503464
70496
210276
622418
64067
673249
313376
271363
524800
364563
226259
778127
816235
693645
502223
830653
623920
191007
535512
890065
603305
48093
220544
586526
985032
548665
854370
100594
796958
533838
458167
932591
293638
612921
187352
476857
689648
391842
901200
531595
479757
147161
945053
949028
750100
74523
862340
636192
874352
781427
764942
88545
356102
987645
290530
950700
20454
953798
859712
765200
643789
218959
412759
779328
195284
207280
617860
705794
699450
786778
897321
911552
380489
608309
425829
458812
638695
497064
465397
399329
677307
877046
931367
667380
443961
657605
648950
186793
576716
74555
653895
343442
489375
700225
813375
10034
904841
318953
252031
523952
439250
45036
70333
564199
579942
471820
114944
403930
494357
211480
371895
191621
485701
969870
273719
554383
573621
376986
418000
553371
722670
307517
721226
713277
653576
908041
698177
71114
400534
130888
999962
34696
291631
890045
548833
51332
601306
252482
941697
426371
366485
318672
656031
985808
227650
735326
746387
645620
710127
894176
82691
21764
715776
536368
289502
845012
554939
556618
543346
688969
703088
376690
193899
294605
910467
530736
216745
492123
738392
173179
567548
854201
606105
197684
413823
288454
710822
78601
574222
610985
659354
850874
721509
887209
43894
91000
91414
802459
572013
751529
260582
150262
970188
774025
580550
393603
230659
108522
505641
170415
68947
117788
124422
31490
17558
506791
509036
150442
871718
357877
990268
69873
100459
320525
119432
709646
456581
449786
158919
386135
211730
852490
319665
314580
725020
669362
850685
645294
249634
246287
973045
728134
295682
485575
471346
873762
606400
598158
700602
551874
840629
722500
538290
166225
457238
64956
54210
162487
989344
975896
235780
905611
614109
908048
607079
486886
320470
988689
637158
563922
551381
29890
990305
170274
32918
179489
325717
514715
214410
989772
540541
681168
335175
340636
139780
997323
703055
963628
915941
694695
493754
298679
870241
914043
462147
83871
991452
407921
504685
530378
599253
49652
765776
738855
601984
972360
437316
495951
43714
309299
234472
734598
169736
268441
771408
127392
856581
441957
70089
612032
598022
35427
193225
925308
60467
39148
162616
342812
657764
849656
287701
211202
688029
909527
123271
296995
396712
999483
702465
148531
209934
797229
598096
879711
851505
35104
383364
297012
672713
809635
724857
576349
623289
413871
744641
366665
998349
907168
948399
216683
468499
34369
458498
909211
687314
521344
428525
668442
811179
593217
479295
193139
457931
539214
489972
273596
533835
361259
962071
579068
233444
438215
766290
333606
57874
465039
776596
493508
45956
32477
284445
51823
322492
305934
723241
292474
164617
833202
776567
424559
216671
888348
644020
21681
1872
109848
851529
496128
502249
134716
21246
676955
440043
79895
706441
802688
209317
974663
966199
988623
163179
414631
678902
58957
926261
657445
722876
473604
566869
22321
557080
674503
955094
395601
475539
420754
399086
87121
448002
169424
544993
621592
327723
808631
1778
268310
888210
757071
79685
989914
592479
963856
51670
552000
732461
287784
981264
896583
24753
904859
275147
522241
750277
683013
353765
167011
664016
502587
121852
74684
338964
776912
823301
165699
113300
104115
490764
408585
156768
599478
635656
383693
111999
189481
946202
613806
690999
307749
979874
314491
444539
648100
935038
160230
543602
531725
493472
841752
761632
799119
811019
524510
945075
510435
770346
393152
684012
601587
641485
913906
664232
116377
735489
908644
276491
939392
926090
94132
203720
42471
737407
796164
22030
499780
902595
179429
109202
206085
471643
307314
431797
228337
724401
592314
420179
527469
531748
147669
390695
485787
800330
515991
928030
143453
971075
646243
174583
612151
357691
140695
35539
48723
147323
663269
745502
392669
358380
338497
898458
823886
484202
77622
238661
289159
95937
891476
201383
720019
81927
61892
768058
957711
587094
720188
826293
629158
166883
200333
299191
255284
53184
300185
50381
563532
607082
278627
799136
619925
275472
994111
933758
969295
951585
450024
104259
965043
526096
632560
282723
24441
300263
310354
263959
961075
706501
787299
592226
125591
277622
220327
251583
479898
429613
938368
599657
577591
216224
932162
271558
466702
604608
679202
166385
357802
332628
797452
273251
921563
734001
857555
281277
595778
788504
482115
391924
441963
488044
441810
581977
710164
361038
446837
725828
278540
318807
625808
796124
62327
96049
70277
772998
533294
509522
664046
413416
802883
498966
704869
723289
576226
569721
379840
96039
104787
131630
569626
637380
883483
961374
139532
106893
818242
14848
825339
195320
749744
392017
231051
963994
223281
514225
708594
997203
531224
459674
496743
713559
513599
444477
626424
723225
167916
126651
884283
941013
834063
769148
240796
819835
53479
339888
996246
39283
990213
503264
174973
494161
111337
268144
397687
654295
939848
614643
188107
257377
770863
151147
108305
876465
595777
908059
968649
582231
960220
342987
282120
3773
994970
87832
129165
496205
478196
425397
824818
933503
78592
667778
605246
453442
267611
105863
696151
385542
329441
468557
147413
934180
605657
768601
413489
901931
982254
331462
210716
965000
313560
507070
644204
347409
294618
379604
341873
81710
965476
420993
735206
469604
787800
527546
324355
497791
632553
912042
773872
269788
301792
763665
936467
348688
567865
428217
730954
108921
984938
344912
418037
365151
825795
833575
454442
568773
625520
537222
632908
364754
50140
763113
522805
928663
255728
827547
260816
362237
310713
432174
696516
945740
335784
683669
17483
678234
428210
59806
542561
618126
341336
456974
792919
791888
119617
41690
376198
634703
201539
327680
179681
190318
972544
230977
972516
441612
418925
210939
462249
89454
377518
142630
91353
429963
377245
72939
487231
682741
594218
502620
392120
577055
366556
886676
102215
287823
338678
840620
953349
990881
202037
625431
606645
184501
448501
75227
434806
269750
935922
692013
470993
343560
804652
406695
645234
758797
632228
726248
586484
441236
719876
909512
508821
222303
534363
534454
142025
117904
3078
482481
144426
397743
280554
386847
481420
614874
70493
620173
964655
858762
377828
433220
960526
389822
452183
183364
470100
581062
840993
996320
716398
578733
719396
11957
348091
102596
294521
579016
177505
946119
89941
255228
954937
875503
294279
133548
770538
612115
983901
205355
601683
506171
526119
306453
217890
390915
771155
899922
594178
894313
251255
944679
540145
823411
672174
660728
693615
818880
704729
245726
321618
232361
891591
10273
386423
56083
669103
980754
571475
272724
678170
535304
762215
253247
872286
627573
952338
499918
605636
393635
967872
862699
6731
392081
493376
119579
935622
580260
611380
278023
815200
233612
790881
715176
98816
662836
320166
127823
181703
854373
837002
541263
634742
597560
256174
775880
290093
322358
982689
40912
737934
49934
177106
843775
980224
512241
543456
70935
600144
627598
95694
947214
416881
248485
361682
114682
145380
145226
430220
23576
246387
638649
22996
326521
893719
341712
383212
179786
811577
683949
799957
166206
853397
911588
475133
817050
793083
292445
710357
972317
348207
585161
534529
301833
542321
678335
507369
888658
457495
881911
900269
430498
135318
643361
15989
142471
706207
443043
333541
696570
706469
561710
845168
601165
895549
598844
103556
119600
860959
988392
385379
106335
590153
556201
866834
594156
748419
54700
801322
528932
219261
848334
784267
330657
317972
838067
664048
819628
523635
343557
922718
767756
599958
690637
244215
702128
357162
651495
29931
99764
691345
93093
895182
177555
938690
377731
461060
331882
249932
361986
451736
754341
108474
340835
458348
10504
54098
987649
5643
741212
392888
312203
180186
160500
763056
419485
872365
830874
863553
649211
811063
77915
76596
652842
379993
11564
927420
570730
332827
659256
769455
878035
135096
80455
228274
141002
912723
84812
753076
169377
36424
764171
531793
396937
951646
275045
284694
63092
195928
362305
273572
786507
3690
610841
604141
646281
982537
326174
715228
405938
51099
931657
754513
313588
543118
122368
780234
776664
683909
342305
488669
445989
337516
534189
48801
428690
740716
98324
23981
235173
25338
8665
491064
709612
151818
194017
127584
743255
671266
381982
518342
408816
369033
676434
376534
803129
64862
503171
482340
562849
332612
801978
861938
51106
110907
67319
908430
139194
949962
414708
156760
125443
45400
522260
892129
906097
739675
300200
940527
610408
86887
57886
799326
110904
157800
198151
217057
488950
796779
979139
891941
419256
856278
42060
986838
828780
592696
692891
557242
592341
8379
15738
116796
469796
773302
322279
913796
709231
884831
176034
460353
596560
408734
485844
478088
76829
65084
86428
997462
760383
171578
39799
761009
885937
549182
125194
791277
538199
971561
295759
795595
311160
414596
232410
222460
366682
261080
827143
225795
855097
382492
105794
196472
866723
695369
979763
285352
792179
443850
499012
767002
53544
882319
822800
361773
215425
410729
440861
928887
5200
887110
342628
842231
568423
466440
672253
270202
225857
612839
612803
334307
522645
433149
515960
112117
343149
941871
490979
343374
456725
183924
716112
502468
490734
954627
8187
928859
927586
930525
176199
262816
338226
441908
581609
310052
1771
109495
447842
345752
957239
662331
407081
600258
258383
50055
889894
578010
19022
357564
36379
827587
999713
793183
29790
438185
683611
189765
769793
902387
654629
135514
658450
25253
387218
130317
514877
408854
594129
330587
553232
453320
70716
120823
213335
202793
630733
29203
969766
667557
194927
38798
910965
652774
383282
582778
719077
869993
893273
139208
512225
529150
886414
271187
761120
115228
959926
332101
899142
253534
442142
865898
939434
173214
201748
494927
536819
713005
577363
854422
366619
379820
25622
390554
899989
665866
701965
691641
74379
814682
17069
568514
777280
927887
545698
509372
902805
741079
990688
495953
655783
249810
328215
611350
438229
263214
382341
455800
801759
40737
448741
794628
38250
323777
540677
671122
543712
909443
961333
3087
129588
477134
402843
366950
760707
33787
543908
257995
793494
795628
911893
716388
363396
725382
908607
152212
577652
674508
874641
53476
305729
141337
457224
326672
379126
148282
565441
128300
664184
402789
57006
970801
649923
958746
515175
733352
678604
380245
624408
357938
270854
387373
723417
802738
90753
776524
820699
873431
857516
613515
817853
535177
466235
82410
833598
119983
624036
933545
439821
47643
939843
67781
765757
478227
745053
202770
867604
255101
329665
562482
169667
228966
935626
367663
698095
967599
795650
679483
705966
647252
906657
646145
717709
509402
101363
401703
883854
717269
765143
482211
47791
905555
47715
515639
333925
375080
907813
500170
119272
432727
13317
863205
975783
33562
491462
562950
752477
523727
547819
66340
537659
814143
583862
168064
232901
844811
355467
955813
237049
777013
717364
186428
513897
205512
402494
691086
430762
818341
645504
199702
953893
97644
578299
756354
990923
338883
367517
3014
871845
749446
317728
796509
347849
741003
476879
179038
385832
365840
887849
27319
26117
881220
800926
245448
890368
98991
946870
632094
182736
904830
314769
494858
606800
13871
859849
572894
341232
665813
496435
207107
913100
180744
654853
396474
389977
58221
345105
259757
553980
668638
993904
857329
357877
454005
766586
426523
380408
558714
87793
832316
187228
591910
123901
545850
625260
699924
763666
332108
484188
85187
440494
211345
814741
137290
284670
293262
20913
55769
960352
303682
820163
897255
54659
50920
970701
827198
458155
692681
486677
336607
102225
555579
509073
393426
665767
933177
407679
271183
254841
29280
682129
799234
58671
490500
119302
642431
791343
165229
665684
307202
923999
196657
168833
58401
533256
244463
861265
867728
501334
922853
924890
121233
721532
302127
689203
396470
552756
60701
394315
953364
444516
441711
923350
606662
619996
6576
615457
28059
88316
955756
919943
805533
784115
473550
41276
780095
587234
293019
164358
686626
178910
400773
299084
381828
669013
775981
252487
504325
353416
537464
938773
812695
130550
293004
810540
934722
523225
544232
63659
96978
425545
167774
767820
974174
743423
20781
638710
223349
391285
170559
805551
491558
914024
494331
541999
346412
957823
324168
227664
65652
56262
731040
27233
895565
886867
615564
864089
369387
782921
264194
172264
872024
348155
690391
453865
91640
569128
403042
231476
757879
75812
422959
21393
488273
325336
38301
149831
699197
560288
204117
133778
599031
475538
44903
63986
781097
606814
373250
243680
458165
703633
707024
722588
739169
126324
357292
855905
107680
191697
523329
667066
921657
761493
235712
103407
958294
857553
456573
182103
575596
321243
512231
946001
616321
216849
203810
21070
26847
693309
314947
499205
821715
418580
112999
748234
439010
38489
298864
289977
487626
407391
456221
302476
595440
242347
603461
107724
352811
147383
71408
604965
80299
308179
522386
626066
410567
362727
812261
686903
863907
572179
120994
543757
374586
452919
479771
961463
935886
191182
764472
907380
219241
335157
228940
168110
526542
895626
245075
174063
530113
317680
570443
752435
619312
889070
816427
664792
328253
907383
502724
631857
563113
950404
617011
368507
338398
765981
132352
331943
841049
839352
803863
367190
109426
526328
644832
719523
936777
109398
875261
875737
590991
72413
307872
327301
885870
214287
144710
476647
718678
558565
742483
18114
789029
815796
25867
881555
978610
719979
932778
749022
589559
948985
516834
519139
14488
632459
669103
42736
94100
453299
868888
146320
275911
203492
697988
421857
13145
909850
725813
937219
851335
739543
779302
511981
174092
697927
90813
455961
519275
174853
453037
450847
942300
521846
31212
714784
491089
922195
726155
810905
484771
817925
863607
753687
58270
382057
861130
947465
995301
338291
178191
387185
314180
507246
696657
909685
76752
801313
818526
183506
395837
895118
467549
955248
241724
64404
114505
808912
897102
839924
624585
825377
785706
493616
42606
350707
701319
427023
492808
345603
726279
292862
956389
99316
27072
703248
254951
545503
330855
719974
609665
706817
6043
533802
729038
790163
156236
171701
546574
142071
815046
249937
8253
432014
149918
570712
519186
40614
543863
243643
403473
60561
274225
971935
353805
793745
801520
308321
678782
864303
309828
56954
943930
953450
478778
91902
547603
856653
14782
98815
60558
409561
990827
434958
689723
365282
644977
632033
336054
649846
282338
886480
346872
711863
806361
386746
10010
34506
352071
807812
262888
260072
851291
239681
550750
284818
424654
373166
914818
297121
179144
669268
77533
315323
78706
649360
222359
369506
37273
610223
115502
802982
932603
645235
904595
257275
782194
885811
599073
837861
435770
629790
956858
562512
143649
691232
487296
96124
573706
332637
136685
225045
6429
138330
493072
628640
934287
394043
223973
182482
761993
741095
226191
803259
804471
836743
273652
142943
764464
308910
924341
63781
926909
561299
382985
305961
989448
582969
349301
863852
9315
518639
560682
959915
947377
687603
257531
705613
131957
925874
37241
845301
238901
67371
182572
929656
721354
168881
110256
542248
465735
545167
194219
888399
601604
753733
54887
195448
285446
73905
872848
95206
707468
473929
589643
541928
38648
63813
40944
733572
95769
743514
108966
341840
308433
783712
593626
441441
121831
647125
662172
549082
961772
949626
220758
353958
243202
255387
741865
740608
690125
582380
505445
241455
319418
34063
364581
202832
178087
12403
658949
472971
487470
85782
640706
178920
78993
517674
246124
352122
504451
216534
571722
492537
140561
65811
250186
738094
941164
198519
66723
217543
795347
93519
47945
513226
579809
199396
995980
763686
244912
855328
616014
787621
626217
628426
56351
132606
410922
419246
769911
688840
787154
848280
901967
238728
801772
559614
879772
131435
841589
768317
504041
184079
67211
917244
265743
208763
539957
486061
562132
439728
68297
249202
860638
639703
681790
840604
642962
516953
746255
186318
503118
873997
813703
976064
382591
966860
926447
204447
959455
318177
58514
22610
906254
937437
774698
514776
923660
395079
975657
687053
328913
441328
593701
218444
141513
291363
932192
605165
590320
135227
58803
480495
873989
10576
36375
180849
329902
95945
277008
463259
998056
315925
389687
42522
750312
394485
720226
841096
920915
36657
522034
210409
932823
178283
544760
336081
739172
134608
311108
851492
236427
753578
731788
246134
400881
2258
182134
905361
851951
554947
487619
605460
332234
767562
872983
254008
944842
12506
441641
592366
817081
91517
564675
827492
883577
129380
217526
597799
86018
146015
470686
517539
31864
191784
588493
354309
986853
930073
644119
900545
662360
367102
1210
904367
571097
992389
565543
178448
841543
132562
85297
714607
360017
571183
792401
900259
833741
380705
770260
541745
794552
838933
134178
491726
422667
1849
686955
215426
472694
231144
823919
538279
146555
446845
176746
467665
319914
856585
647195
354120
905205
781599
561264
104752
117359
888140
539024
182154
749670
280164
678276
545235
802905
585783
996611
982154
321239
730979
365784
200399
778871
715715
231858
52263
683886
129157
497864
82972
826640
302938
361063
686721
6182
995270
9881
89299
462824
912471
819444
483515
398551
760754
618940
301809
666937
307016
398965
800250
495794
288744
635786
579538
658748
968047
538067
579748
124035
173146
82567
631029
227680
248956
49534
454433
822447
501387
779360
742526
535247
87060
122032
426973
605941
878159
70767
507887
485997
464781
99438
489987
678639
414989
659188
106477
8026
356655
832519
66051
421199
818176
876059
161153
847277
627892
256340
742028
962212
54897
231098
884179
912184
866439
829944
34642
960212
402622
891729
827889
171464
70409
171040
502345
913121
219222
123721
348742
465316
75591
966658
518951
651495
765178
432056
919842
547083
249092
891295
562213
679769
486333
343449
884024
961912
795957
13186
52478
771145
141509
29910
421787
185439
382143
676160
215343
233886
788039
351488
532543
823663
893179
424119
707637
57309
890382
508050
74366
580303
284914
781265
791569
762850
434483
339443
727632
942690
751073
816896
426566
893670
348838
115250
783825
654917
682102
402049
835801
69432
478499
622794
36094
962126
670160
854811
531664
893126
720702
281757
938551
143180
740482
996382
22643
45907
988759
80251
274558
943947
398736
154983
65614
354815
381862
27034
725431
472463
194415
242456
826540
428933
697776
234780
691494
973845
265161
752545
997981
396406
706958
865166
311795
234839
386487
915324
1712
611264
721453
449893
941288
862150
720772
65386
402553
845802
928264
499072
120241
739663
148016
450873
666252
909463
270640
422187
924442
748761
242282
567103
286207
690752
840516
792600
320276
861635
223893
680285
499052
67132
211448
956645
478449
898472
20995
854334
980716
533690
414994
249690
276963
778844
398844
147479
553052
389379
71207
431145
349696
432685
867896
123366
421979
36154
387874
486254
985856
549860
862624
358325
59210
62557
186750
391087
107388
509380
732688
934935
68042
254531
569478
378331
525297
389447
778456
24743
571521
993053
464539
357004
237051
210214
360502
507597
587605
175031
66798
146694
166362
39439
562972
361594
725934
813813
380481
282615
365487
780910
709808
873000
197752
927960
711529
58039
560511
738086
452998
143197
705310
3385
176014
331399
851311
414935
76968
64550
8080
25354
922153
555412
805317
449496
576526
253790
490493
482202
587461
183666
278125
517499
96550
643558
187993
418703
485055
559970
968369
460557
426828
893164
313240
300395
356102
375246
211839
643348
951826
992550
958064
920521
512474
949514
4007
173969
149817
782805
132890
465182
466960
981331
788442
9214
804534
741765
767826
684922
549388
90129
377899
881167
834477
791945
65426
682182
171013
470166
177041
581618
160377
180225
344218
294406
312580
612253
919331
536528
474658
201493
172010
538902
578724
422222
317530
578955
829988
791928
936902
275374
128659
441782
408978
25792
533870
570855
146673
522656
72399
41105
13832
836036
747424
863210
22962
233302
8682
601090
549405
789993
523211
363664
404881
979478
583430
148375
327697
389815
145845
625396
62298
564352
455385
41863
796808
137781
167762
392060
116120
115403
43882
42933
259336
927263
963467
686037
464667
636557
427793
871468
697784
973167
91386
173626
842290
470258
709114
44514
885347
450646
819371
889261
356209
564354
653858
133175
664050
85697
75485
289850
452396
256221
75672
876469
551221
451798
919359
616696
833145
662335
941373
792847
439898
948662
661554
712840
397042
53246
898372
965539
743284
398139
351885
960406
280112
763977
517746
997754
67957
757560
509395
94549
689616
224360
485214
39300
782963
243710
79230
586501
476977
847488
372465
674911
768102
330835
375480
818222
903156
768398
188839
422543
938984
444410
531420
135652
493306
27176
178444
799684
727859
732463
897849
358850
853353
420673
276608
56985
678694
801706
104590
244273
541799
930788
24243
169680
673536
692825
924687
690400
404061
918838
839848
34584
912291
231911
769118
447370
793332
746677
151286
436361
380497
651258
216658
505141
422043
306365
502657
149029
758386
167406
373171
239599
288766
899327
146629
167446
504716
598300
1979
117137
189968
122057
561547
422644
73673
173975
817750
206142
535362
797123
886962
41918
479220
635691
505186
40674
621065
678510
312871
593501
206267
552607
947055
653108
435867
738276
426220
634022
115758
395953
670400
177654
784114
176349
170068
549206
55422
349854
908552
430514
978055
873190
119045
851926
971966
537433
124540
693207
599017
553140
989942
31461
999504
797320
988532
74593
403817
175916
327347
905802
838700
875107
464002
514662
974852
730695
271090
733542
819983
401017
774874
657447
209201
651314
14596
808661
817301
489528
71672
18154
209409
469613
188194
328084
691797
830786
279074
838389
466720
737160
618929
197124
981983
774567
914155
68177
267539
545319
919677
448933
397630
269228
311723
785415
454778
71999
501630
174555
509109
537222
208649
306470
748108
996950
886615
631341
396867
205983
886387
515642
11807
294470
514772
308224
455840
214672
64034
177814
725535
889529
257897
744543
102399
68453
8281
512651
611859
842414
514615
936630
9932
125724
215589
962734
839069
118066
674184
471186
977069
582053
668571
430805
208056
837160
813840
161826
950659
603938
493022
776730
82298
816001
170284
909368
357544
901800
24792
314326
95057
828868
670948
750537
405935
751292
401597
653990
113736
873671
225642
538344
548456
460631
69710
721002
618240
17011
694937
973390
560347
866210
172049
769856
929977
838339
442360
365461
836426
219962
961883
240269
337032
176261
907319
347895
657329
641132
204680
563700
38944
410583
711599
949779
224967
591481
931263
446172
211915
702186
597732
539944
404604
310803
423408
754541
207088
746626
240387
698264
732667
71966
707607
706067
517196
624948
358950
680358
704423
686383
403192
720185
12730
163495
557900
773688
542751
438416
290402
660111
19821
779923
761123
93076
75899
547449
364910
424965
792307
107204
615040
46310
130382
385240
168127
246797
770033
783766
923683
466041
498212
388938
420930
141404
796907
10106
387254
6777
404547
192607
481965
667880
171514
917104
990348
137783
816491
449497
482113
827307
240533
123083
738148
265060
601880
533165
16328
844382
680267
199152
187364
305299
566524
80256
827417
956094
701189
788630
761056
909179
285959
878890
482066
276811
894534
373382
48722
600755
200033
965686
37722
913155
657772
15067
679713
188468
650732
30047
873126
472299
610478
864067
779356
649818
341188
539541
62642
923014
940573
527037
652542
275299
798272
976757
816965
364699
962213
772185
376233
735597
281584
110996
870704
812850
300043
796218
434349
959035
349598
931828
473997
540951
348270
719254
311360
791985
20751
465677
128065
959253
907783
649140
236484
964179
709377
167045
582780
278076
652075
22380
785606
919242
415724
806071
287285
54236
245701
116074
906234
710302
659907
364208
399024
880519
618590
947116
844482
223932
357746
897580
181946
870418
168023
925119
279398
529328
255839
44253
514088
613075
120171
616069
681435
787052
59434
313956
923422
403236
628271
465521
757950
997695
593454
887318
559236
75422
431956
676168
103127
49567
301632
455607
166352
737055
623521
849825
460761
559007
331309
987265
777856
891780
704251
109734
511518
95608
628605
107166
280926
649839
302430
935057
603372
68
474100
824297
508092
983425
716066
739759
471860
766269
664397
367857
560503
84704
629305
798239
909199
952450
580543
512054
685430
457650
806381
530580
421121
22291
19194
783017
38826
532256
292516
399118
129848
887823
655848
40880
280333
508244
816029
583717
869900
1468
641838
579167
911077
546682
762418
994238
891710
619135
788010
266431
195263
946306
89942
868114
655802
708895
436724
474698
816374
122843
706902
188398
80791
739718
210207
623468
154091
138553
376090
326381
859539
298751
324790
546884
456140
375888
346146
969087
365017
564921
172097
990432
301007
909975
157962
39974
519996
725697
53951
663428
515061
901254
49352
155507
585787
717452
651692
8227
38473
60631
959147
32972
213949
662634
516986
439460
362528
933000
307547
186089
745364
819475
588377
602397
308441
919190
389213
942994
214972
263198
525936
682587
530524
158530
349070
810402
998298
148676
83555
74072
555484
749968
80485
560583
169854
832737
190029
865219
253079
23683
339059
573183
442339
299635
24005
348795
350610
948962
379555
43931
167148
178904
686106
8467
805087
153846
851260
881855
400999
736980
381657
621263
459992
103817
979292
682912
525131
185800
630531
193253
281891
310311
197180
483332
127483
481340
935769
497981
857198
725856
220912
859205
719426
902613
648786
726641
135729
151236
395558
334222
716822
582174
380321
813901
139569
372837
902499
622107
133846
883459
158961
51663
466744
925528
886987
366653
832334
654673
140906
999591
392928
777779
385496
719571
894640
680376
674475
301304
675527
659920
387679
842962
520347
974728
998223
589781
1434
313544
479248
605630
115413
229622
834987
450628
53196
709369
147252
804910
650450
791256
773579
465854
639517
993728
382255
776651
489324
546148
343482
101996
370389
554623
7997
758160
356778
418741
431672
419691
422919
139863
189430
666699
944827
724550
793027
952009
168529
713647
527051
3034
399674
511092
375889
856901
40984
951659
149384
778031
141481
213887
525010
651538
72910
366772
915218
43148
859383
43529
222512
66772
523630
15606
406504
986119
387836
263125
473103
561888
89147
748125
926500
995847
790266
890696
218063
69760
527110
658199
539193
698692
892187
279084
621895
114989
42471
586516
317812
635722
309111
982120
942473
309778
180993
58632
501692
59446
604621
611592
769315
702351
183360
710311
310739
246391
167750
109050
7897
329459
736731
23784
604436
526542
623095
758990
225261
58881
89748
939395
475125
849869
509021
465397
268505
19243
154932
369586
620548
758363
327328
93891
40914
259034
434898
989747
789932
541231
147154
967533
960196
803939
31755
429507
624175
35088
955055
327819
430362
935122
172872
837348
435434
683739
133597
686934
125492
713891
554045
310679
422805
864572
558954
843882
753584
355075
805349
655907
258050
859122
371027
960261
804515
668243
912905
382220
734876
964943
637113
635910
45983
384229
121656
771675
498023
37302
327467
834414
769005
535356
58062
136092
978244
465179
346080
979746
205330
135440
497455
687899
77547
373126
675195
505830
505739
327111
193482
228646
333744
519503
265799
160355
79506
648765
846168
265869
650560
614243
328059
637025
870040
252220
89371
741605
272995
755197
236469
729805
144203
310340
220833
471424
322809
73261
312896
729460
988367
603204
123905
88565
701759
40532
141967
139589
533766
871518
58907
417566
795913
537317
337665
817811
539786
2470
649625
635028
708359
217894
32541
480528
758063
127267
260466
402933
422338
842732
168405
86419
671748
83725
790627
781598
268125
30626
327109
653906
995920
52940
63094
967665
117782
66178
903090
643752
36246
163391
941884
320208
759108
277657
7692
357712
686995
167538
998548
761055
6872
834567
512686
339623
910909
916326
916772
5765
192542
970044
869915
626413
538115
827916
152668
860459
425082
741244
61056
995268
149265
90698
76088
607483
689709
814363
771319
664431
891402
669556
886268
70753
509072
785474
199487
992980
182926
796115
969847
378829
72533
284199
297734
584378
893812
418145
849474
945391
929483
597336
958497
951691
398222
207115
207232
17593
848280
52145
14928
335827
961001
931309
254494
832864
165374
950240
403453
78910
793356
401945
154833
411291
354136
818087
147451
857373
978614
403856
464732
169826
387228
123482
754952
765345
973537
189126
142409
530287
83864
891420
201293
316062
893955
952162
639789
295424
605878
685926
896794
754441
877258
925691
230694
760402
482106
363264
990188
437690
235805
638427
850526
233575
543296
906949
516201
64170
294623
470463
962311
459073
676032
713443
291297
370358
735149
55765
367582
426852
846412
42136
220812
480409
240412
697981
212266
383127
818894
77302
201103
342965
130174
80456
57339
512419
717836
121567
390009
861195
24219
712955
562541
219730
420518
882824
642751
400957
684602
334028
748772
610801
548500
66490
559494
878418
76887
325155
862864
519181
139626
668364
935575
641074
179116
670618
214312
279865
982357
85802
773098
243494
117418
208573
242096
61446
710812
402449
848798
649113
163134
941387
468084
928394
387169
18063
893500
170905
108558
922674
555916
56665
412192
890503
301433
977237
582971
642326
635672
616142
27245
116075
694834
449760
745311
248842
146243
371587
390263
299072
264623
433708
733710
824596
69506
162131
13705
361437
823522
266256
51926
892461
90836
276831
833221
222315
155815
214338
810880
909887
411520
844358
619049
547942
773891
45597
351438
360037
371036
877674
371211
997785
55527
226844
496381
270125
764290
968945
897310
250470
288492
525148
376066
280344
648986
366978
952941
438076
261590
608157
334927
406809
995860
490371
781789
52510
391635
520129
615564
54802
307756
423009
220844
525282
253435
298764
887968
305305
172519
160456
794422
596463
920463
655585
67751
161080
285650
894246
637676
362237
872187
161227
319802
952552
377096
253484
117085
88024
373077
45745
870381
482261
198058
574092
481390
251037
14622
699743
438986
146013
419942
283195
195043
273211
745278
223748
171352
538064
241970
47536
153942
483699
872201
897134
9816
4016
343887
598947
619388
613976
433598
110095
654467
12786
961736
867086
826213
359183
787780
294971
484367
687420
299186
724271
782266
422800
552620
777191
205097
15908
433132
356676
443007
786146
633844
378859
973306
648054
620894
877644
408016
5794
616896
696768
71012
237614
169787
984204
113765
374652
199649
718147
635204
270202
106368
600647
999632
767472
611855
681968
966575
726073
599924
597957
262331
405454
625392
663910
109814
315198
165288
904077
823468
683002
47761
534441
799140
419468
322806
340202
212034
969064
883689
730907
465916
424411
189252
722920
984503
153056
540890
88449
116477
90769
473024
209623
255837
986811
186417
405380
31008
185354
529378
708679
440547
487011
61603
280236
492758
939793
307375
278666
753551
853590
509968
566374
798924
339747
556337
826358
158339
967652
553538
898495
315112
454386
567938
991839
87291
999724
407852
4263
106250
994592
671424
264800
445770
706978
714220
320623
184846
582527
59671
645715
530082
788044
176331
227594
270151
411607
779260
327379
281098
471743
859897
90255
522691
356960
607150
218497
953447
72870
407763
424052
12747
854019
799861
193788
415222
887995
282783
957460
726433
814492
54245
908071
465037
324108
164300
319146
426625
899066
923417
994470
64415
389111
830773
11603
270626
387741
474809
968096
513143
835885
515740
893072
368564
665975
861942
190014
554809
869106
950832
178881
681954
451371
320139
197610
225574
148442
474505
55658
137615
756753
255548
13713
216214
761998
27689
416753
292826
66351
864023
29985
941437
911813
951098
367197
353883
356097
484023
358603
726504
923786
33556
11544
226597
836657
962046
900289
797951
127228
596021
646894
152324
29599
44952
387000
109506
459529
317064
20556
480830
271321
940348
964263
236174
285681
475105
11137
996884
219043
425451
76870
2391
777417
1533
228799
500031
922545
627057
204240
800685
950580
800516
696218
774901
421480
43553
470144
431673
74283
915400
345031
748003
728928
148827
155287
133246
274678
857157
662110
382450
341731
614920
30100
455642
694513
979361
705625
27523
183919
345625
94138
179204
445704
23147
877522
751413
943088
641357
680141
876173
602938
551325
567240
733916
147526
586281
633300
954145
37976
929435
573722
41865
264133
831231
640216
512005
410247
944627
678537
15686
695919
128810
886499
220056
71673
751900
370810
404952
733691
635342
825986
265683
613176
427833
626673
868733
765009
549850
307907
316939
139099
488213
11415
265325
979212
123143
701495
603627
131726
48935
684981
781019
397430
645399
178544
12029
566606
85453
380022
786483
929422
255512
706756
848480
31146
13970
333992
343195
123525
69025
551431
943056
517123
201897
546363
595443
105020
102546
376468
219874
932620
90225
309568
536727
936391
818837
403397
932486
227402
217712
958570
204633
287212
222625
267830
960838
62356
473178
771984
405897
224612
162995
128709
360195
641235
398410
462568
727215
297817
42132
915220
842237
733891
525381
609805
730573
479014
889560
184389
907657
309168
188987
949818
738527
208090
644827
540732
346330
85945
921095
697869
984412
427956
565123
960417
504826
74128
375660
84420
687092
517223
166530
832987
407055
514360
314007
930434
388177
773783
527955
844757
50969
704389
482082
202570
96856
712346
364218
75708
906544
813215
450828
656066
313575
730552
172742
814590
900679
153342
525955
413682
222294
368875
296976
33164
939757
303599
589916
364546
458296
375583
314619
781848
42633
61901
885015
450559
492697
134194
625972
354135
494235
321416
307805
739477
789502
789493
996784
766272
704128
630497
597955
39765
665450
429928
787570
748363
331372
339243
778247
86961
516373
190017
820292
931315
534446
865483
264079
885179
380916
833702
844538
464756
236017
449913
479279
963113
699958
874221
836725
618060
776503
879420
223521
457555
427715
4899
684251
197949
286558
424881
122060
818035
149949
883522
504033
30409
550557
854149
21759
941283
211328
726328
594307
825140
381125
522549
433396
737186
925731
366182
324552
23366
139649
643925
967631
174863
901813
478814
273472
612678
315800
132229
458335
741484
218691
391652
276487
651135
207784
271229
46745
808923
397262
666222
599233
330494
196074
817922
109410
116068
387543
965924
890270
185041
942067
772718
323075
612973
640725
649759
304533
459465
95342
942251
534260
938176
600059
744109
848682
385336
719332
749496
283411
576392
45172
712523
626793
769715
287286
111138
737323
950483
980328
800425
998314
158609
906399
526668
97392
378577
848183
946153
85261
65962
675060
8551
605631
822994
5818
373472
196861
315993
718053
345210
826080
164620
285190
798483
831855
381370
551355
250906
326917
495443
671274
688827
272801
763564
673049
905906
359050
877854
595757
336001
833117
994319
119486
212540
895669
679432
702419
355138
878261
222213
59327
142790
116404
409228
780951
767243
874054
676917
618702
906222
469859
306952
732400
406493
959095
648323
625143
902118
677766
171130
998925
539114
801529
651225
94879
742768
48520
582790
236826
32853
11974
423265
714566
204641
698244
835821
938491
712310
132259
174920
244995
315682
425658
561750
136910
558419
757855
865148
707724
32298
374998
751432
537963
382248
243412
359726
209581
260357
861422
904750
713380
189919
496291
585233
791501
895375
559298
648337
294407
299160
725242
696856
843118
239097
873532
378401
377497
516386
446350
631419
662892
117827
813871
629036
239706
38975
19107
503794
914874
294271
429786
853733
10693
24228
825729
421432
63338
198356
932132
992414
54030
875190
916862
443081
446563
879032
431775
816141
160996
350989
937656
698979
742826
795957
437638
627338
749422
961524
270425
651016
159132
869860
669056
498511
484176
668966
504275
486266
657391
857588
878173
202870
906981
495378
40036
983230
231606
971939
71957
940478
975939
376472
159825
779033
871452
374723
912974
697286
1916
952074
542891
362517
118821
850870
216789
762192
157657
66219
116815
862844
834354
413810
200289
104191
796511
285362
739807
321115
536315
12734
71700
213720
503755
788552
660364
91457
283988
518386
119931
410436
978967
671301
941389
366525
68330
965691
260555
546636
982389
353526
192998
394978
698117
262164
654692
615259
162448
752922
669796
743237
987398
420045
476751
206976
386512
267871
325021
100477
582439
531014
181313
823400
418836
286377
995635
968226
908416
128820
680664
212775
421623
603340
376463
394703
741501
956892
975066
858032
105229
855116
540455
94624
444010
416659
3515
349656
936420
258211
658362
662196
883434
117763
822357
684439
193862
843643
781072
823275
931577
897512
569646
740422
266099
559087
575804
763368
740783
537614
712376
348449
409065
79246
235164
485455
245629
530517
516298
967749
587421
144920
629589
71048
153071
326061
286185
978739
189185
493310
331353
882170
533482
190938
197379
276683
127934
305893
682530
686352
904365
200752
985008
847889
584312
697699
147318
523127
760529
32919
43121
163371
288527
722560
760034
936349
313995
219207
30515
201377
202394
308022
469761
345459
292134
177229
352970
233051
779883
323442
656309
774060
952012
927108
397432
42150
768975
200144
36201
778875
9404
128092
686373
728367
286413
981025
579671
794264
604882
540567
627302
616133
991460
51560
670589
109947
993091
455750
968760
450971
656655
538904
595432
162079
964575
905551
352835
782851
616706
252440
300075
361600
400272
145386
137433
317427
169899
180862
390694
360541
999575
783135
312822
209283
212788
475991
470273
356534
22420
890889
735551
817965
70781
278365
468912
123022
615228
527317
246853
90955
43940
283839
88174
209897
342306
319299
602497
589852
467198
698012
563651
322447
976752
994979
707991
465728
122012
568967
522944
112711
156652
224729
549013
886838
819465
636548
441344
153884
138486
111002
342706
435300
963529
797129
928039
40347
3654
801068
365073
159887
308825
837630
879012
673362
414640
957353
352637
650782
648563
845820
911408
374930
236833
275836
849196
76251
309768
326801
121037
26030
844257
198177
76478
511601
910213
208954
159049
981305
46288
963753
726973
548398
806801
253800
564795
946315
770858
418803
730141
652674
134859
657211
396866
787389
755909
531380
823930
325310
140173
982089
400907
408807
657104
546992
174622
525398
619885
864023
364937
797544
792276
684157
553274
910431
532217
821982
797884
81374
321908
447238
753193
330705
31032
894407
342317
331625
362926
358086
505330
780485
749549
772719
575469
259564
265944
794505
423621
328311
533397
95843
645211
480268
628709
369198
712122
215044
963813
764517
966813
937262
884000
158118
125463
718445
254287
291876
345763
154300
698798
893942
279240
518290
940731
638599
665064
16225
429774
267952
578918
541880
705104
10403
918258
199048
196889
311934
183923
299139
329258
614399
463631
404128
880963
658711
229786
340155
987427
225623
423192
791322
730650
754951
222385
751243
53260
289174
401712
909097
312068
399339
246135
730941
603250
832730
416195
266304
754755
988274
967256
308158
221211
464819
459273
62423
991602
819420
441318
127520
691080
428963
705154
79206
352326
873598
787039
36882
396275
236126
683833
591592
840399
354364
868844
819306
27663
427340
342210
980057
3446
68877
686877
559835
671501
991554
51389
573752
660479
777531
770991
900542
391571
818508
35923
528197
483462
603295
25992
68173
945028
240934
332854
53699
225539
781032
237687
685795
141309
316157
301410
348407
956296
371733
580214
663997
32787
924658
683104
487014
155455
784374
130153
965115
895063
623126
896960
284506
565550
569006
550559
368863
330260
213423
580315
527326
120244
772595
204173
518924
233613
517489
665241
823101
271947
144396
571480
777991
703873
194886
934246
940038
4998
719506
441865
660281
179241
368390
585788
70666
360337
71279
349016
635627
862262
459775
758750
452380
159542
335713
784995
319241
728469
784365
291160
365775
728020
607031
724277
471007
375084
398594
747010
96635
916839
562770
693506
152990
613148
386015
588348
747705
759685
498085
148775
985175
76734
512344
723057
402017
369629
236469
438316
611262
662376
212980
823061
974226
126199
923226
461699
658600
372007
649963
860585
60906
239928
402556
417800
698893
616196
276901
402996
920842
381405
93845
991808
717318
766273
276225
57416
421459
343804
802549
410460
819407
152539
217803
732484
155818
174344
529720
386933
440454
133767
718979
229262
625079
711500
532754
696911
470761
850998
997277
525271
3489
692908
318019
804759
695580
468243
626811
816473
940435
287017
488803
607399
17056
687937
327732
842457
730106
512603
148631
551231
132252
371423
393232
682214
814725
361910
955097
496843
81880
986181
283978
335258
390179
855431
560883
247713
145660
536390
36684
313686
131912
958262
529796
602049
561621
410350
512437
239303
193063
232900
387513
387797
946064
681027
354390
501349
783864
188236
68308
623024
964477
640198
251888
563952
251315
194179
899817
590353
973324
505329
973623
731379
746323
801721
806683
551902
815315
349175
133522
183427
345108
248087
956515
347755
832133
328
49560
789887
285429
952928
246281
359027
155707
600780
199699
825743
142518
290930
310888
252315
147311
169573
942400
908774
908443
557508
866478
965043
686524
515375
73037
760897
415334
514215
891609
947318
871071
422018
208154
308071
615520
849351
537658
759174
742456
356204
882168
246249
948368
800681
339189
985395
52617
53560
715948
337249
455169
610220
508479
696627
224181
949227
905068
148468
711168
422602
427614
869864
958274
883331
935392
485138
263836
128853
868908
853215
811799
614777
245410
378290
124388
759932
675412
719949
876094
818237
759358
464408
203244
235333
170259
310098
98146
241662
277362
103057
404487
463250
491767
28279
456978
728545
771438
447475
266829
209182
688931
726897
125692
227335
112341
507551
658967
717119
805641
856925
478770
738505
359610
139969
241534
99747
299053
316036
518120
427645
336035
31948
588447
770644
265320
649494
78131
598768
843529
255743
390937
228086
862435
998256
105099
392299
527381
730020
980684
452806
116439
67480
365897
182639
915428
755982
636891
725594
39059
546813
202089
287739
811268
836504
921707
293733
751221
450105
441481
710979
696308
125482
247457
78257
841327
13200
218216
263736
887783
641141
905704
711332
295171
211184
12903
482692
900161
306867
713640
110078
453191
121457
201547
185228
760536
754858
510671
880983
122402
670676
667256
46126
953524
373032
270219
403811
19468
77062
645431
129410
250574
640133
726798
816559
996305
958043
387184
421339
501140
365797
746632
857634
446286
448213
194480
696965
842019
559861
379120
956927
945330
652060
165412
828358
272395
312236
428667
496351
561662
470852
766619
671710
556943
133449
244322
233657
155781
463692
858504
77000
579233
79000
678880
17180
902636
300955
733245
779769
827306
723311
208562
695537
151466
597443
618993
913310
227455
909162
483604
217979
834249
248768
23290
282207
836012
386101
873418
916888
571363
166647
174419
285408
75949
239936
252756
882623
328741
449657
25623
279612
644271
968137
633272
785089
14798
33023
968835
16586
225427
903960
429307
856585
662768
977005
537655
459098
940523
886588
340328
152478
163758
416721
406069
492150
838843
54352
780231
916702
775804
881058
474529
427299
561144
237818
838758
42691
360930
552515
174142
818591
160268
108968
929236
426335
452857
515455
557495
611106
327311
679827
840480
252896
954667
833036
958995
188959
927183
246845
130462
252558
398262
573386
430782
258690
515209
504692
682209
267466
69674
874755
7111
7665
870317
272078
487169
965839
7398
609898
854172
107788
238877
860845
367447
648115
823710
787550
103375
191918
335917
309243
36284
834980
128535
377637
122772
956011
131748
642668
116365
394348
554473
537971
74368
970642
433722
600000
579241
248814
559740
559778
782923
285355
413400
971071
889200
893673
367819
69113
471182
117880
134490
992381
519941
590322
20515
420200
733765
15605
142351
589781
200781
435579
18980
5255
388814
650648
749623
748656
70446
976080
313854
212828
263592
469971
326660
39037
793360
559382
604917
993171
40052
153743
573017
488760
670431
654349
741982
546629
885047
82033
755085
444325
318406
624717
494239
890356
200981
535959
408553
571603
559348
961801
971634
453515
554455
636441
478757
105434
212443
34832
296417
986335
763942
991242
570606
473055
56427
275913
768459
450290
521421
928757
293219
14349
528603
348340
816542
496556
315386
587170
495763
851932
458208
186605
283482
214562
364732
600720
983807
778124
3636
699178
564948
838610
559686
538234
236446
637287
941776
680442
176943
260386
235242
621525
269460
718980
641841
476485
418596
606693
150047
589773
3897
726784
615766
943056
233211
720663
309244
684301
400663
369604
673983
458680
614543
77662
423993
860917
223980
731012
652911
674675
559310
716745
189044
344675
375908
492156
430827
251860
414198
37202
928169
248813
727647
578995
126393
266246
50009
967838
636345
10531
866609
548089
411041
844749
811481
559801
488100
418895
52444
547114
265199
694858
215468
934811
280462
991926
680599
972778
497902
643189
561624
926951
965821
774357
898570
203112
67437
5795
534583
820521
847064
403622
373967
956573
157054
734463
383924
503125
137449
916699
425010
314508
473905
465362
917132
790093
938460
772895
935985
729985
827933
806396
134990
306457
640829
758106
654717
373140
102807
732026
597915
377005
587517
174315
964151
541733
755897
795104
384101
351848
134446
62637
383475
814430
685980
329694
271475
729297
259970
165876
28599
323894
62877
493565
961755
918234
490383
926351
250428
233706
432987
152736
565127
985311
399821
122693
901100
687300
496375
453062
269296
631845
708117
944090
975906
92950
943634
93828
367973
331741
97955
468105
475244
303357
814674
537036
499013
768480
859029
282184
715404
92960
62236
462250
437248
912946
811690
42121
409330
639023
957211
684867
908889
55616
228612
146613
309891
27878
839799
411094
25126
232036
718821
979696
674837
588233
830622
797629
108622
413533
904309
542298
155824
908072
59391
684714
140105
863322
637370
145994
940430
217754
633929
750828
79396
134830
332253
169362
602394
8259
559728
842921
575098
825754
764075
981312
625013
854095
131688
220707
789371
141191
956561
93848
988396
335990
455975
433333
829224
466187
329823
322652
193474
307768
769319
750805
320148
493217
115078
617030
517100
984608
169185
493841
58916
336371
715929
763722
943440
203331
486930
807316
591632
723281
785423
598743
979972
993151
203321
696543
279967
196473
446143
665940
56341
600510
711062
704338
924142
334223
809633
459173
243644
599026
126893
642466
279721
214243
379731
451108
288490
322328
958977
693154
103504
30384
769554
667050
23869
116919
348760
974716
686515
718104
517052
252165
104712
244384
760381
871159
740470
929131
464852
713217
86351
620653
76280
528496
299277
216991
255869
425314
150023
88579
138456
691682
521344
381334
940349
275941
721754
501394
721769
476512
644200
721629
258556
807172
440225
168209
96894
145111
562863
423465
690946
776624
376615
559108
763367
233807
308884
534489
281339
413015
39532
434936
612987
912360
759076
140409
896182
577885
963871
900355
773776
214815
991618
703162
122273
619812
766179
630854
776253
623048
395231
565757
309263
84614
607370
583276
913822
137811
910849
13511
722418
853719
984988
343658
961615
359368
305408
81995
623328
101541
536849
737279
476975
678669
352452
40933
89809
280122
704274
320627
189535
345245
721544
689179
165278
286230
47803
519961
458176
336079
807066
812508
855236
832567
974108
548558
598264
540054
989016
552002
285535
276498
246195
86265
409517
659517
537075
823825
420270
212952
865266
451915
177159
79977
783535
328119
846549
7604
325439
288702
945138
927577
898145
417676
633942
744906
251374
301528
140633
668326
942575
716881
207702
350711
778953
90855
834284
13189
127507
264946
27358
552661
160648
280771
120922
959489
764632
407750
949335
519093
874009
769296
270359
552579
855067
343883
859340
656484
949016
945275
46359
779660
121930
838316
442667
213544
401175
268218
62160
863607
20264
350845
5828
198786
868247
944783
559740
29306
883590
584891
831944
858796
930445
785347
527892
217443
839755
745934
753354
748250
604446
485036
840021
473756
475053
21064
630209
447994
395554
956905
678078
225896
923637
173860
74948
892661
938852
525666
881616
99878
688703
292682
949452
637934
364959
873354
144396
180747
541558
878215
452212
620287
109762
482847
58360
117866
600732
502807
242940
452033
464685
944294
149658
685677
74495
49181
720385
311490
56753
338033
153786
642394
516421
740327
126086
8270
929428
135130
299556
413712
715489
752108
68975
33192
933258
950791
368099
96009
573402
384463
287936
174671
678268
74086
782279
432344
295051
635163
900257
248764
941316
251568
283807
470570
634205
231110
408988
991264
633199
588327
949375
540230
905550
707184
609373
541288
871097
83161
336571
35215
355821
902498
780785
986554
614868
582556
991338
832190
138330
420114
220679
393911
435168
428690
416931
884842
776714
566299
826929
1977
242868
920420
684738
547393
349697
343687
293475
661396
907475
471241
342244
143054
247063
756166
740787
714326
367735
865789
19046
388211
700659
408566
388055
2056
251658
710092
278889
635245
104594
440283
312169
538476
556647
257158
872721
426581
69888
74469
992294
351678
768477
640650
268864
940443
532828
845934
23978
613302
777899
41085
935711
756107
679448
232507
32757
875586
90693
30225
140502
895753
720119
183224
527272
778574
286349
399873
789775
486934
561997
750782
455752
993341
100762
620369
208694
171146
105666
615887
415674
216494
145780
972048
503803
597913
745167
919957
195077
621369
832085
317142
694989
991889
121790
429544
756946
694898
197609
528200
848352
181144
572717
907527
106543
198755
147726
768913
433000
590191
705739
290971
887879
23827
522900
407977
457307
524531
289434
859577
960555
154370
260798
938639
204275
721560
19563
101214
221196
142700
857727
371664
168233
87278
254308
467890
658045
736900
246718
213951
535162
830878
393149
267272
469045
551352
580241
299516
62118
843180
225661
324506
45003
673137
157125
214512
361771
265652
317953
382286
617016
466001
641748
879373
208590
435630
726454
616501
879896
670772
725612
450959
259281
346923
830106
815368
180584
318769
958575
130495
542653
459159
780286
35628
947145
201817
500525
507820
71322
404407
394374
393773
852475
592820
895211
874930
424626
726186
466918
164675
56802
95752
169502
137077
370577
236970
474534
2129
749252
66131
809904
393316
534791
484426
467359
924323
927049
702158
169210
218744
491683
225462
381820
474221
172857
583338
257032
660404
239673
407480
174713
567824
627713
638996
570392
527652
891165
275055
616231
409238
353582
6962
304538
629600
528934
647639
406565
614515
127023
719332
40816
939207
735531
6853
975720
578884
413782
150790
204463
507398
270792
195114
76531
402257
681751
108842
781596
558929
795866
790733
644575
586507
48072
212448
714800
130726
117374
247507
791892
71504
263583
48688
719636
575503
611989
853304
212429
415396
97334
347868
274533
875165
189955
418965
542168
43192
372874
323488
436912
122479
589739
722458
838675
752869
770487
195571
562486
687275
199092
489362
769136
453743
945533
67142
115881
82625
925574
860323
575665
985475
785982
931521
958509
286893
420493
493709
143212
736763
805757
540618
723543
502131
894709
487912
323655
748502
125023
979135
859313
449315
374379
365032
562172
262210
399597
438328
716915
133908
236898
449818
270806
26644
697744
540424
756491
449386
534539
418022
151538
487692
971219
262523
972630
904529
787099
642060
967615
300052
134117
331031
894756
835585
427720
915945
811837
431103
534739
96860
612407
918714
343308
913393
245377
376332
62801
132614
68548
645383
838560
946164
382959
726497
473010
962311
136240
283005
758722
835803
124606
406162
282475
195983
986067
717050
804271
523177
810743
395993
315924
24582
276856
424488
508712
512700
959158
72477
224998
555918
467994
787513
241649
755531
29735
276013
304125
734659
761833
189674
363469
398823
638409
199620
529750
131004
488258
936770
501635
580732
885294
619652
509266
338633
138746
781457
125915
271118
769657
89085
131953
993012
523795
712179
344609
770238
256478
777316
545304
867650
107909
855436
69217
902917
306788
831710
197195
871921
151798
202252
628200
228469
673638
546293
56754
236921
743553
575338
62729
969661
132621
579358
373848
506573
521459
233194
295445
964323
850327
702395
80358
920921
338888
461721
278881
833161
573843
251412
692140
583491
191218
314125
507588
435562
583522
980766
633049
608235
932306
353511
309781
154331
999671
950006
257981
459053
536829
918994
218480
935436
183575
407972
102861
561371
541047
476611
876914
625095
617434
719387
688223
691525
897658
767288
547768
110893
146087
412533
635625
630578
483184
517435
991972
445821
383803
377720
333894
581606
88244
466079
671511
310991
132450
390549
286832
552348
490645
280831
206583
875154
311868
53285
143430
718731
151635
172035
943722
662100
516857
862700
873351
452387
703263
310427
67161
827960
671069
575064
470613
852238
559839
57668
996718
473854
341052
353665
683379
984049
504743
825408
474581
949824
454846
91496
773895
480554
774080
531296
857342
483441
839964
28665
172056
443729
163172
806139
486617
238494
681888
162059
515280
474041
784959
155061
183256
218606
957801
672604
314042
944813
462448
62843
971952
800740
902372
600791
332804
670261
163141
403267
783703
957721
890387
468175
776638
981329
251074
541455
395527
236740
896778
607299
824025
342522
237210
208808
270777
596531
717036
56858
424681
309733
327092
442660
369515
498641
484274
75366
763299
640513
187495
338401
943642
354336
964963
760867
121119
705461
385917
535626
958792
260990
915357
872886
890582
482213
61491
547855
650166
691169
976778
191791
17828
224876
518711
664110
796906
620444
860395
274121
450823
835809
561640
267182
895402
725018
567761
996647
297117
539604
82713
470176
612415
675360
694237
210647
527018
390607
130894
443231
388851
229772
101639
29008
529231
643415
107581
525966
447058
904218
59284
551220
22419
290601
216078
129566
623532
793819
344222
339664
86494
502079
644379
320455
489233
824637
854672
949593
462328
580299
394544
480523
518739
961800
318247
506863
201102
720888
956171
451704
546055
110109
55665
245020
343597
229230
378396
455204
846852
648567
875089
919123
947140
829516
738310
115249
302945
264107
867193
598195
9510
381293
414812
590536
865083
938729
399469
566850
214021
778726
649444
660831
201260
730938
30406
703668
742008
862339
100183
701685
869076
688193
137324
697571
857269
375951
148574
82642
726612
259004
855067
421526
764951
425162
933846
741578
739854
593603
853855
469308
417432
479730
889933
113720
261990
392389
538455
591088
650711
219709
913090
27205
583107
626255
373876
894964
818516
872795
216616
54752
40142
746374
692987
300535
278191
905718
407459
133316
823216
172841
362111
437713
916908
120882
681160
906359
91160
135570
490087
927748
641776
146863
930721
337607
468915
848435
597741
644922
413764
399044
653799
193292
10610
50203
659164
484427
237649
586947
404805
692523
713287
451441
816913
85941
161891
752570
975835
536719
120551
291061
556475
960868
846758
305389
694136
735152
424968
989763
504859
755817
507435
777759
42463
875917
623332
255184
546180
337733
724835
103816
975426
233907
278452
898541
126107
272221
955618
767965
563338
202805
62326
398849
806807
154948
800221
16908
881420
790707
429735
22417
570370
416630
320620
666431
512596
66901
562121
686586
292533
816984
402760
814102
496542
439183
841502
544626
939359
121595
965517
900591
487383
841501
740650
72588
220671
77144
153785
979936
244512
668613
69428
824882
520997
713300
393963
991864
368651
783193
540293
466987
393076
876667
256484
655683
324187
919476
773863
717332
785379
24133
541320
142981
702984
231802
194022
426088
79158
435669
682398
281339
508216
140378
412178
228987
958089
737014
343627
242463
179399
528461
380859
440760
575429
866399
915035
5795
604479
743126
732339
707815
714344
252590
262584
622578
747232
420609
848655
91307
231234
980334
906416
829747
332953
869285
297510
933822
905842
535698
857842
425159
916044
306148
398415
462837
608108
79417
812881
480328
176141
334248
822311
625855
638325
137578
114047
366026
583971
114789
380808
569639
9893
39767
293331
181660
919558
100188
906835
28367
26531
559323
166403
945157
553374
149587
628326
571573
890988
455806
579946
767817
862090
451167
625446
734576
275021
862189
841347
20706
44054
395804
846390
338226
768868
888068
173419
658697
997955
718320
232893
799236
662818
46534
234402
764780
719170
714766
710436
173070
726539
920672
271178
887095
754169
633710
415509
424846
403955
199659
647142
530062
439484
466008
786941
773214
520066
362601
267740
890254
686804
66136
895626
630768
612465
806981
298099
870673
741243
390152
816300
880659
340683
328021
693845
94120
723422
83211
656920
283757
13420
968601
904077
635360
224089
750221
766400
762624
60741
696763
831946
712704
24446
743622
824283
837415
795541
43086
288538
954695
840846
436470
34723
78423
584432
490512
221551
532592
734205
527720
175058
253728
374332
431274
757213
945710
893490
381808
269795
201580
364911
669292
477849
879538
854468
650287
285975
392252
588626
985747
950139
566690
174653
159883
931628
558128
836096
494789
673276
664545
154906
552633
642023
787581
586599
827665
743288
285452
349833
625781
98123
595382
882757
968562
545389
226168
676906
879814
780447
169541
469739
85834
461498
833783
441358
696892
535532
298416
231421
455529
613728
379346
486970
465587
603324
225046
339824
16132
750404
642509
54884
719120
92444
159409
104266
808000
766826
612967
559732
52608
797658
665172
428390
85030
234811
782361
49412
218173
915591
513644
930796
522350
751423
882644
508768
45002
81653
99841
342748
20919
92643
812357
647879
164468
903225
928755
30852
821898
448628
322963
532327
435601
408874
616702
751749
577052
603042
193884
653156
260482
348767
616056
296145
5322
790782
361853
837777
339250
492661
733584
385263
882460
408763
773769
835380
342934
56199
397391
427573
696004
298416
172366
235462
852780
720563
617624
412428
448222
300179
867157
766449
510206
948763
94760
653936
106159
349247
268065
522064
382174
686881
629464
585517
349160
545007
178412
294961
580265
481705
716120
983330
111202
449472
239279
406102
579206
710874
663924
930497
841121
894642
257816
908207
264038
884061
275344
804365
251667
361127
21650
951969
959235
401756
767213
720538
806544
876450
990467
269121
662946
20419
838308
768015
807513
97609
174407
102361
993043
928898
727591
837095
481242
819555
295352
112866
275885
188553
512644
247467
130985
964699
301607
317448
773652
159946
730531
258297
662343
161530
469025
689385
742261
712699
257093
564928
575643
721136
97260
861397
629318
994768
196997
612289
10364
421579
61001
103567
699144
481412
715096
671759
818726
974141
111409
385609
48710
323025
572302
636815
870848
704282
38874
121452
106517
227826
657680
983800
852510
76695
172465
532045
475348
511592
376929
126420
715643
253772
257631
346616
127787
410354
334944
578045
20156
834738
141190
791209
824397
395218
159426
434016
527665
598822
216643
11598
439352
913359
324633
998140
244309
647395
804267
40390
766001
778221
306449
719204
265419
772555
540495
670564
569290
455094
722735
714808
500385
999391
841018
261803
912221
449844
673682
46255
891150
863297
327215
917651
429839
115188
202612
746832
555444
899513
347629
346434
536976
979268
701800
684212
775328
213292
25517
799252
24
937844
816859
648774
537479
566374
659680
257748
609769
551065
657620
708546
768585
525265
210099
106623
835985
535941
391989
243704
359472
89595
568332
817351
547110
45136
700793
358409
11951
902676
723852
482190
499657
459409
360886
565289
657700
44077
674444
997798
687910
585765
732826
343579
100120
145593
363234
875287
449072
896807
297904
384056
75899
232975
103323
857241
540455
603765
764954
231528
246890
913253
219392
87957
869907
960561
423253
367398
845611
89558
837267
95783
941511
90749
667002
14079
940141
424605
11344
949982
413281
703101
599737
310099
523595
655383
604654
371706
393734
504280
768669
562386
411911
474885
625373
664109
283240
307127
830285
841216
519952
308679
513864
837594
274433
588164
858694
40434
767230
468769
62674
93017
576983
600684
488483
589710
529106
836793
530842
972592
54520
497757
795159
531406
322745
761046
947448
9179
997693
820488
516016
185405
533448
964642
188287
232772
602760
948959
654483
754360
60734
852201
539323
239243
133895
130456
659140
819501
397126
158487
392882
115646
364784
38951
766621
932767
236660
948413
595045
760225
134341
593415
236307
737759
422021
395277
107533
706408
874063
617394
789494
917844
238625
887769
895968
290168
779557
877476
603694
459444
664794
73175
811211
978345
289636
81627
584961
886408
929644
167647
848247
8838
422773
555097
199754
222507
579837
626154
346374
951178
453963
896288
52801
327179
345628
947733
328532
536356
674020
18164
593719
575462
70979
596572
60024
74419
351557
191068
623064
606030
172758
760158
505666
801867
41921
288801
611944
554469
847267
437727
975740
550510
112368
256845
363592
984161
717089
706561
454891
221011
952569
327533
643441
460744
162227
771081
324429
870178
567946
970319
890166
121525
179044
778912
455131
268726
428892
344004
103811
549457
959274
948431
167685
147417
344306
996639
974113
34138
745958
400577
371066
699146
428184
617203
417137
452446
957087
450948
928607
6714
143205
418072
384238
122816
449612
507784
876309
182474
764923
555878
7918
544370
857673
684509
207669
482574
806788
569335
894047
787577
625501
846265
341076
188876
38260
568041
698763
274284
18172
477744
342209
458493
16971
149338
667542
823541
688385
545081
464260
533003
298514
441001
100604
119757
412849
714863
672351
396305
57562
648123
696406
861315
842300
253389
633358
732766
835906
928180
34835
90870
66237
340848
706824
977713
846768
318841
210945
233558
887095
3737
252221
534013
378388
600436
224771
633958
976663
272616
965655
281574
958954
958991
544857
632252
546870
567841
23547
718594
176438
269175
579805
473471
583766
548394
493511
344217
199623
152474
732482
131176
289634
242955
389907
321957
970806
780777
280405
859713
377520
409004
856818
951826
932646
847702
733374
98152
674560
642009
574640
479358
677379
9431
794557
626572
476923
97665
745811
868474
727173
116064
631727
927854
748662
683826
619163
343494
625067
811756
128455
981410
262959
617631
89283
378072
166978
969461
898263
698059
911372
98394
469056
197974
628382
995767
896455
591265
243360
655961
35582
314582
98781
45040
189466
683566
641448
287220
607016
598437
635945
169122
411502
694796
851719
40100
893471
69757
969524
908495
644409
925352
959120
824518
85375
694988
756411
868604
64398
644034
485818
226454
938911
76339
852740
623982
830488
498282
563498
435764
41487
538500
621602
224751
222364
569220
623
543905
472281
63235
875950
854921
7416
482180
710910
710146
708738
520998
55309
501641
493544
606962
676860
171676
643079
609813
5486
212605
347901
119527
646834
27158
133858
723433
651274
213238
722214
61390
229976
577913
652101
233904
355108
597062
715497
259235
562444
113906
551324
30183
323465
643395
41511
33207
269401
140239
720780
315198
677007
21634
543389
893353
205107
135101
269240
845527
984663
565596
639328
406126
580151
736592
244920
183239
532043
185515
287262
660681
280813
990459
242977
307603
798562
280397
855073
689427
345799
867539
969986
544372
310746
151456
410764
865972
839841
234383
63586
315283
262970
606596
70173
60519
361281
552778
190405
802317
245591
461724
543723
532410
460053
230719
664614
848687
49485
104140
621032
364427
259897
396044
355644
123130
7811
529723
637342
425035
4336
862767
699831
731808
795306
390290
422771
926974
315880
195403
441793
671876
189308
127484
792678
755577
985145
211684
866238
288702
932606
150628
666769
7458
366692
104158
147854
999124
521088
580921
197671
829939
512341
657729
88712
12482
362137
964588
949813
776823
92834
781303
533631
909938
485101
777071
41762
410763
599115
10252
745982
400772
256169
190840
332144
872606
646842
220077
547405
339079
232835
958395
330490
961648
537090
666473
210603
891005
15996
839411
907702
936470
650658
526578
507795
470427
791135
855834
883891
770932
576705
408413
813753
947654
156225
97580
511193
698497
902449
693277
573196
817110
857601
393896
26285
928838
907949
416331
510963
525654
980999
334862
468876
174111
102940
642849
390546
340289
744326
712225
796908
734199
435726
431609
199556
481926
17147
708517
628704
90320
913083
936530
469727
868677
579565
125921
898066
860857
511881
938315
313269
959568
615021
616607
161929
234517
747780
524006
158671
253034
551573
543591
730083
634458
173222
358342
811826
967242
685450
985735
237529
904463
712142
441904
245659
37529
562364
27341
144511
557004
541578
67405
736516
240303
758115
676682
65026
156157
219279
128806
707615
751705
431937
370000
653866
491807
153789
583078
707735
315286
744548
638773
985367
220993
659933
816347
765140
902740
664418
664654
249158
871684
783012
532469
310069
358711
274396
903412
43467
850843
855728
752069
177877
702867
560381
967233
716630
59083
973639
15807
31752
194732
951994
724051
816752
514987
767900
207608
682780
516988
690258
220040
935484
890469
684236
904679
445915
428845
627341
211200
224184
753139
26330
860903
61381
807194
58687
795102
979131
504418
976824
949363
846040
919442
999299
93319
930039
801233
303232
666089
186122
490325
363713
697888
792629
874739
529012
851911
673674
105428
837866
661331
547101
346760
740035
934001
953540
430260
324408
884938
723245
726375
296261
267176
365596
896075
656241
269426
518655
428727
611899
700819
581743
3425
706275
92217
575237
546289
940754
767994
765719
144240
122983
158993
520718
793439
827358
849605
568933
44389
472415
755114
952896
723360
481505
700545
117927
798108
335865
301946
365469
946657
222083
483931
885089
499046
235435
838584
821120
9700
491289
675234
461525
978054
113463
255773
54559
373372
273504
178440
49853
925295
663526
285729
789384
373583
167680
8097
89229
331976
174798
468355
25189
587474
682379
281955
541363
401063
502798
645121
528570
661840
443709
985444
794713
206553
843278
315803
12196
28131
608123
221535
473055
878040
931266
490516
58905
589433
847510
139374
729699
49747
854373
438705
441644
821456
196743
823056
830010
864553
582976
157111
667847
124665
345330
566948
921206
101805
194146
499952
873840
231512
60836
207724
100319
864931
993830
993190
552455
816993
651799
738827
428988
884737
969778
834918
800260
979293
961515
505543
302153
618863
738740
98815
366779
295970
205676
604679
1024
740294
399269
15552
537753
479198
707984
366869
310866
662740
531464
721148
183589
557133
331127
248412
399853
282710
270825
253577
586498
11581
782827
607722
836213
841725
618719
503548
734313
227217
844703
929775
646604
372521
518540
86062
263921
106362
868786
777212
957452
258352
965401
787258
818569
199039
82475
834245
482889
408855
287229
166972
493945
865398
494204
240927
373649
642711
631349
166290
38054
799176
54976
429697
457453
66329
652810
964254
854669
724080
9086
826823
240799
920890
153168
687106
749637
326268
707878
911850
424868
499399
341858
705891
54719
317898
523728
336584
723825
61378
335017
86439
937991
159244
770562
91362
23224
685914
351636
338294
781313
918276
927208
678104
458657
979574
552735
684347
160814
818888
134363
913710
12755
936171
112014
33251
603175
74174
326813
860107
499946
92992
520816
616732
525150
440225
729753
59380
529472
915633
472670
493911
743970
632890
898341
182869
436710
212649
531963
413383
687769
9894
618752
720823
197673
753222
480563
854175
347460
354838
33942
607882
91407
425176
827837
118679
30912
273482
915577
745565
479001
717601
652763
353128
530242
848277
650087
931296
801409
621910
368919
768266
650072
605020
928200
885608
107259
931804
287942
164092
519660
551638
800495
682027
447093
38603
952966
807804
759489
1804
588246
182463
852376
481262
230720
138250
372470
329370
198436
718751
771142
73025
495592
943529
246720
107756
205608
453413
531612
741873
570234
649630
921201
601729
18716
548241
731567
2271
491325
170799
756469
333803
775268
199232
834960
894172
814465
75940
185617
832589
678414
15668
501898
419566
14242
793928
424037
622235
778066
542674
264928
224777
214468
713064
30504
266461
166353
353183
824913
296343
952982
474386
86064
148971
993752
874242
728406
21104
234449
595736
107497
186289
387995
51525
336800
623650
842680
378826
739546
997805
682876
72724
437084
787881
387416
698623
283878
743276
550147
177787
662768
149687
115974
976908
458886
548048
241061
6251
748797
333293
723237
666762
566801
444428
343039
287413
610141
745823
197599
211028
963637
965925
522137
315661
282659
456724
94185
840454
591613
84018
653285
131848
583519
535812
333569
68095
919371
832029
635902
633373
427481
651671
481329
563487
653468
11872
725356
535400
904339
317100
190475
370121
579081
135112
714781
497762
220042
141007
961260
248929
641794
979061
377707
482665
319475
118080
694203
176975
432786
144727
647897
119678
709247
687411
821992
802362
951456
614002
998423
950145
345049
776458
761519
607694
501993
880090
44476
192247
47844
787036
18517
233078
53769
445943
890377
945092
544255
804274
841319
222433
401073
913154
271914
387697
809795
78212
382207
474816
157487
852422
759605
183654
283777
257791
726208
964230
798763
219807
343338
859696
418693
216961
901911
661350
155813
138558
946163
554684
711320
430299
907514
733784
274490
598626
78307
169497
417719
276622
879914
816533
776670
186719
129209
346874
84063
827854
127154
377878
591713
942491
831259
696177
783170
116098
924327
11352
710572
404235
683869
865781
219792
889729
75879
899545
412226
696634
306041
338268
786609
712085
806556
591324
22337
920579
745238
265249
909639
171771
763960
223137
862624
301329
492932
530911
258287
641633
534392
203181
748337
667045
447931
503763
34942
327079
157539
998792
104222
563792
733601
840221
942725
641502
796746
743993
276397
999476
523906
508415
805454
664139
995719
423180
641213
957190
365208
515292
482462
564964
356032
925516
282695
657103
665026
591290
54195
38545
410850
629896
907360
944486
239950
190656
331846
724460
449576
933201
786612
74359
378673
517624
525960
18497
721491
393978
378890
41022
672842
57677
296933
715278
870705
778007
232132
64204
615525
208590
509573
789315
729624
870910
528413
840961
528820
504937
777928
483203
179881
235208
957098
147983
188693
285296
688967
158881
84367
176528
321948
816125
260112
804247
930008
858659
262143
4530
674938
324897
841624
47859
984840
707522
752888
753677
152169
115812
510343
740795
652000
323751
651970
727617
777637
585346
372964
1483
29602
218799
967984
302769
651783
107271
805406
512796
589514
296680
1887
944642
310078
579154
933967
585357
665295
758289
180151
571482
152792
470613
74939
795676
385569
958109
276006
309409
944312
255826
583056
187053
947114
311344
118506
947714
879262
231583
946150
972609
459983
96736
982853
75882
251364
113314
987646
611136
457006
892533
622664
114888
897533
58838
197509
397167
357791
2088
606987
466379
602615
326852
34255
473658
831669
975783
575408
200807
718711
761674
88605
202795
657084
427407
910053
872399
511233
423575
305882
596592
534906
481520
143840
675707
835566
507628
179159
946584
414575
843405
453538
43940
200117
32668
955284
674198
618583
199064
244087
721603
699685
306892
677048
827516
103140
943802
272050
607253
366887
929267
969301
517761
211270
655112
721203
979161
809982
122906
121127
959419
957669
234446
856610
128847
608775
800285
160083
630885
540770
760968
293618
481978
643899
446952
147818
664282
843548
474147
53217
618207
383338
208571
489381
614551
167654
860352
44660
949572
425984
921574
536232
622460
502163
122609
294333
36401
160578
866893
803584
804747
625005
186874
245399
310897
945359
494372
342759
38183
218871
592848
59429
935441
802464
367667
876541
827734
72623
291037
687256
855200
871178
494226
257934
398719
320336
336121
724072
628589
149048
32430
194128
126380
841
442418
174359
721932
231987
114946
91171
211081
575945
560197
919156
372753
138012
415966
406865
368098
530229
119394
128595
253906
242990
15075
388813
134568
266477
860267
301590
933928
145982
60229
822582
718957
887948
686708
829993
830766
830460
940551
251154
602146
318311
148548
214335
980672
103921
421953
574549
545120
479690
984275
987224
834301
648321
115101
612057
443612
877376
452746
100925
614597
267688
409045
931749
620848
297994
414597
804543
169916
96190
39991
919465
156056
946596
384211
352061
995780
199541
544289
939197
15218
311365
412276
916380
639494
71959
98628
542375
396541
333660
12954
347854
88105
805514
96804
302483
609434
545750
108456
39246
593433
513805
734997
682522
986190
438228
979573
49696
668289
275322
810815
93438
354941
15671
848202
930707
120913
853700
277851
923561
553136
762198
192287
654080
176120
740472
830324
547379
24527
474756
599137
508554
562474
179133
986855
388763
583719
682508
458927
913629
455002
559190
354594
492682
700901
531958
232920
10800
476609
934236
716200
832789
849305
170433
176606
477573
277013
752966
783114
719290
464052
394088
296181
176998
939090
149794
448303
994847
367113
738656
294660
344039
803124
343259
946893
437911
518415
195733
706914
687784
532218
356915
220461
247902
760860
885298
807833
322002
32868
953095
220906
878362
740971
795096
251111
552279
808054
530128
700530
580378
346583
567459
704440
435187
103218
33118
340035
953304
535005
156905
730412
291247
259233
309341
578222
752248
322334
173116
8535
260442
716426
236881
193495
392136
647066
779237
318907
641808
257849
490139
122739
822016
63541
651305
654991
136309
847481
341107
972617
751489
802613
223429
460027
726264
868634
584365
76785
373592
938881
749619
185881
263570
399915
264951
525271
292281
814435
782245
668917
989126
607936
51478
365048
570694
95943
120518
330637
55200
924461
423918
66338
93639
375609
930686
927506
430136
25480
613625
914552
240432
602282
921900
265637
786734
974634
616204
519212
848032
547371
911275
648666
15661
144238
225687
101123
502686
969456
219023
390199
391594
570032
66083
503444
835292
182927
585319
122165
439971
638863
240595
148616
241590
834622
300346
640126
645153
403372
596645
377819
712625
268311
676492
324141
573176
366312
50288
802393
292030
536406
759960
237712
611332
69289
971302
30369
236214
483289
665620
260969
411052
903637
713360
763749
634013
36063
495346
549992
697057
758164
641430
821160
221024
352393
368347
660402
154396
160978
813623
759294
503961
276892
953332
917981
152229
983866
354378
889166
54087
998205
154
896881
909576
172219
416901
630419
72088
593010
965735
190632
814943
719815
986547
905494
744290
576103
698476
378669
445133
520334
275646
673141
846179
133094
707255
189473
452479
744647
804517
709727
853189
144413
466444
992849
237931
274408
210628
584213
68829
423068
852013
507136
50322
568424
286545
620778
842409
438164
217108
551843
18239
186243
593818
560452
592080
618584
915701
771104
428998
737205
547337
248024
629603
427743
304383
507021
305416
118205
119906
74161
976672
633215
314137
746615
799148
766492
83649
656041
408363
741683
314215
392855
238245
290131
179551
31661
656148
173398
958211
955678
958192
138152
683916
97724
618710
485477
662278
623466
678676
640545
83763
219881
752979
294657
50303
862542
997217
163846
255642
394580
930778
401386
291511
650638
504051
17379
292449
562165
63331
114244
898677
724255
545007
924099
57472
953489
353808
290133
626805
977771
259330
751605
89291
470337
925036
781828
771249
963915
832615
82571
315119
109746
525804
995740
240219
715274
538783
685270
630516
137759
103282
281414
412446
645416
674295
500714
97082
625625
652294
903634
838433
462740
363335
400096
296830
318591
143517
97262
790149
812657
488112
605518
40340
423237
440405
674988
538724
10641
599451
394576
494635
728881
525748
640576
248978
628284
834110
602499
609166
926553
42285
425600
466845
708842
689175
762948
68191
938277
98972
956834
568015
202308
15088
744820
637340
898579
775815
199616
868584
932710
733787
512950
79836
819117
839069
639766
553638
656672
123190
747247
291280
374036
313016
139202
477502
817712
106022
555973
665540
523257
412316
213699
923746
417672
139293
395745
717277
478878
394999
367419
588794
42638
891477
895468
857178
664408
551713
233837
692333
729814
210259
895828
964756
315279
989339
203966
774551
548394
330727
370824
977215
450877
19153
624375
232402
706562
616361
39736
92457
994346
239578
152769
177455
452684
697019
708053
435256
606518
164084
245863
902587
333284
132235
379222
176814
253327
799178
448023
249341
789340
843023
263729
241254
632053
880944
404449
706356
185333
682696
232797
681941
514109
125091
587317
711578
852452
462529
184278
741259
666251
103371
134377
512869
730958
156816
318296
488818
143382
261305
1649
156226
672459
787665
756067
279499
364839
739051
126436
697371
789222
990703
39285
621365
800473
749509
901949
283472
793370
411229
468690
452712
190938
212440
424599
406590
558230
385878
859903
68595
956840
69853
866736
426685
750906
696546
701186
951427
113173
777400
538086
565211
172823
639378
989412
318813
574787
278198
24636
840804
548083
689921
197294
330529
232616
443409
800214
603419
399810
488658
520175
99719
182539
311721
680376
696255
753517
419766
948595
961955
436292
713546
944842
148937
720782
623845
629325
460193
467519
658474
692374
643114
293490
461345
909838
417227
464121
458089
375496
634319
185109
528568
213322
814976
948545
251792
676013
884254
886633
138305
423450
660029
392376
896469
807092
673912
894158
478363
111252
862549
681809
347091
17135
142007
385051
916339
584788
940218
374929
884052
307858
386735
921043
599676
420343
575732
310095
81864
224243
2670
679856
520246
68826
223909
511093
701965
770760
326909
203356
305577
310814
727821
308540
479911
567787
379678
791218
300457
489767
243778
619379
157446
394521
907022
405953
975057
108632
830197
576313
819140
505774
354306
895560
860490
39768
549809
691326
581926
298218
848683
614843
515587
468047
359005
551110
356376
487790
294772
331708
409463
671017
327991
350309
341555
107711
607616
150114
515756
209745
281112
704963
906809
894850
189038
15029
11184
923639
651124
798616
378516
477821
631127
2671
885852
937354
564184
372785
366172
612508
161036
977788
33874
307390
449068
450345
146576
97641
333338
924538
238785
848071
448689
350448
225817
893075
553095
304697
132125
179548
55362
606023
194124
786599
962708
550140
879977
428468
817300
700929
681638
105945
867898
440054
356014
670667
842999
232260
859727
134012
995951
803790
400451
225758
730388
430789
710618
740997
210912
877274
395397
989610
129902
885647
75265
515211
196726
647207
287325
290928
910563
21116
6826
162505
850195
850927
943295
368628
961514
840761
541990
515290
551507
549664
516711
127737
182997
864198
343406
194556
760013
882012
928219
492806
889102
556147
801318
146061
584210
868851
154221
420387
879963
946340
26908
548305
827114
185578
563192
357980
929499
868622
37064
367465
866075
939830
768032
697468
507208
857335
785035
397532
138595
206209
644628
299859
762932
202937
36273
557202
676795
351076
937869
77617
938766
339646
397873
436435
641236
359339
561742
592871
383900
576133
796009
508684
604123
208404
243171
251020
401664
748699
868068
435209
169526
273167
511588
939766
232501
268835
389078
950460
99909
698814
17265
362044
233169
248334
469276
467316
135716
547190
161845
57723
599490
775843
644925
137958
972581
340284
280036
394573
119507
18168
275565
951336
170008
900425
475006
136402
623334
780918
967815
703472
641221
422278
8588
212459
89592
940632
965520
4888
902638
48912
874144
337529
28834
771564
590329
89757
938512
150388
965591
180258
812627
335312
500251
962651
244832
607283
434647
918668
85657
937141
842490
527698
127631
839807
757715
898720
502359
401119
629123
363172
36807
605244
631492
572487
96398
256995
312847
945363
851501
831103
314607
565424
176534
773864
54816
900231
645279
760594
395299
658824
830563
974438
34337
386822
617525
476461
718969
106047
727490
150633
44520
548794
538690
547134
650452
629961
890523
908877
633205
161070
474258
284642
607457
942938
301166
417795
511666
521360
295275
391849
215893
846249
69528
347531
831986
851952
897934
478165
560051
92077
502413
204792
521972
941183
428468
461403
147205
915490
625884
103279
52062
85841
483347
890912
857696
876805
436784
911527
597572
277147
899543
467004
305954
371155
595339
542057
634144
217204
682475
37946
185909
240270
469899
455121
776473
135896
189104
820309
2507
982903
520167
391818
392958
512160
378114
158397
569505
6932
802288
656470
313994
616074
604536
860303
148926
543723
680850
394628
151839
404919
375842
255968
792563
431365
744274
410807
986892
660199
822411
447667
960922
430636
859471
453861
35465
599998
310710
679741
395992
126508
857666
82517
563256
965315
470305
231783
256476
41429
70080
498143
202595
762075
277447
593420
19744
614966
34676
75631
362690
302737
266839
14262
295461
917283
157799
455811
604276
817617
873344
519396
799928
428528
782394
533160
218626
909608
749863
157831
786161
108148
770792
983232
282401
711749
449708
178432
100784
748230
525063
87422
763822
864507
526379
886180
941088
397955
825413
239207
895665
255484
741238
938679
66294
408581
770796
160146
863772
917087
659357
34612
302641
844972
37536
515753
664203
99546
541864
353026
45913
65497
860317
90790
704324
491207
932248
969728
577281
355950
447611
981334
194486
957027
338220
36537
670086
936783
918892
562584
230843
811722
923031
398064
456975
7523
25338
670431
470423
9532
794764
908566
888205
518802
725579
306987
696504
41371
828276
7374
695802
313736
186847
782740
312182
687914
874356
727727
741212
535025
189838
853823
569554
309071
612778
984065
38400
542138
633867
520549
75768
307857
935790
78590
930241
98390
695205
271635
429759
388697
356371
706770
232000
568182
762563
563748
113445
656757
759077
87644
721131
307023
323685
956424
584085
651472
89513
623402
427832
144920
702120
440257
98530
590459
771106
900032
635176
454920
544127
834976
486219
243815
502152
967953
436038
721436
907196
985996
567671
641640
164304
616324
51175
975566
825735
873978
719224
19123
10217
360560
194922
428830
746403
319157
689481
858464
733435
135583
322295
303565
959661
944471
694802
622824
953255
329166
569281
788893
628830
133902
485280
133479
119691
803691
281542
252434
931910
158296
243247
942490
18557
87189
776715
793523
950737
538566
441954
114018
545421
80799
219554
97096
101251
526396
218310
639039
119685
576269
226149
815389
270141
221167
778837
401558
535850
163029
564794
635646
587319
837093
967470
974251
919417
719519
881614
739705
929478
33016
501407
749223
936620
30469
706140
513566
77013
600723
533661
425170
417781
636179
383013
355905
406701
737074
696456
510489
628864
532999
20983
604790
49006
151526
795242
846217
184178
472210
295081
918932
676949
956814
361590
241041
279854
113364
912026
729331
882679
723935
857739
58564
847052
470371
203382
529901
221442
258077
259887
226644
272801
815172
134451
374495
338368
590687
554774
434840
809084
643440
443341
791465
158484
821390
474650
704710
542820
237200
671056
506665
126524
17957
917314
486073
699805
350529
635532
554628
907791
477170
740285
72235
818913
659985
858720
300701
383167
317715
79653
728059
53417
980095
6001
274267
186582
139578
802559
720424
479204
336574
987633
66727
700346
494313
550135
902932
112700
650610
53850
786667
777898
865846
593382
556290
293782
744816
400242
74003
107327
925576
376973
568024
563471
652290
57735
676943
422126
671511
862361
567581
684097
410977
183986
777103
367235
29807
297247
327483
267454
504696
823445
111621
817765
4781
628574
585981
64145
843879
644831
402278
981398
2688
370178
329746
761858
193533
455108
529705
275185
595689
163676
248648
888912
800381
946567
42949
779052
186491
761068
433681
982518
883161
424817
940151
12886
998043
604698
185665
847976
875770
746584
545785
200663
126336
82358
990093
302485
115637
203419
731980
701940
863411
656381
240717
636964
603734
20323
143534
214473
552336
471060
579450
823096
763545
469089
715684
539023
654147
510668
265456
388462
579307
359508
857905
389334
567819
812510
100013
594652
972909
905154
142108
581065
896634
86895
298319
682193
982193
834811
723310
459310
991603
449738
838106
183897
490810
240602
283185
207141
201578
272810
762927
114488
977728
613381
694705
154406
941735
399407
565334
105387
552041
515498
873214
404485
501890
201125
304052
219500
121617
261826
195688
923759
964968
868035
963989
890221
781378
646416
769601
420652
771156
212455
768931
758361
176828
634208
232030
394525
730518
314908
494316
469272
609390
368778
160982
63932
578575
117653
752223
518089
47098
853934
284993
156640
210290
401009
877519
255430
14644
307638
587001
706936
478277
897527
124654
476390
565923
259865
200476
458509
426077
41113
206610
121780
668543
126420
323143
533634
206821
900402
731252
575738
998640
567344
611932
341845
944087
123850
313388
205819
619221
312385
685756
859293
75776
678990
486453
181425
999930
561955
691406
444427
873728
178842
276271
642005
881632
61245
905334
452587
849863
236145
506391
19477
789688
743679
253725
675426
521753
108224
693840
731037
230312
855845
28527
169519
501003
268448
665693
509073
638980
268531
37464
381035
69699
225491
448740
520782
434581
681528
271494
831883
935995
475012
764716
281902
661397
314445
445866
463258
102141
107977
394015
565442
876401
960213
830646
721857
731880
320738
247048
643031
834565
91132
58463
98817
160937
280440
912022
899828
16099
724090
27804
14453
718530
677729
296919
605656
668812
297103
709476
459091
123719
428824
101565
96894
584244
467270
472244
261225
667995
155783
834652
512474
320386
534452
283654
950689
963895
870782
474537
376538
928717
421751
309403
792575
384547
542202
341372
388967
562783
193721
669362
243295
530362
338337
117390
506467
431413
790700
176781
704570
386090
99906
929531
528427
318909
544909
506675
222303
71153
57432
646209
106837
34647
786978
900648
810491
990689
820485
12159
195824
523924
452286
264949
227540
161564
725336
750646
684680
468089
842938
492134
161095
158936
672073
729227
110432
919932
576443
898631
424719
156891
341434
495426
326519
88965
490032
283558
59391
65983
615093
258564
303430
170286
59539
135572
478148
794159
717810
622169
345918
700867
172709
374563
562917
626600
651215
846126
817612
989315
658739
323048
694917
706680
785240
154512
621591
358556
916821
938042
206557
656194
714750
908527
267134
318962
483883
980401
420100
577400
197409
127579
435739
364056
440608
42535
935401
149343
955785
980682
204612
767956
751849
856122
144084
44238
901478
904847
715207
399455
723140
86663
49578
518830
325845
341668
571691
857891
815227
961904
457832
54139
625307
743393
187315
769339
941856
211415
147109
698432
724521
578753
732891
66357
554193
443424
862802
168031
338456
877796
3611
930643
19570
756594
255674
628871
196140
599111
332705
84165
418423
698422
25732
411835
797331
9165
536153
410224
16153
254614
364846
608465
372965
927481
184870
51305
793182
180159
710481
48368
685987
15153
543271
768122
732627
704351
709729
31376
265017
835452
502645
603484
5651
718502
457324
934141
975869
836292
667617
292027
602815
458185
439256
704084
400239
202581
708280
693557
354756
891386
925222
603524
790521
481883
270656
691930
949402
206769
631091
357646
222319
978599
741498
565293
451330
602469
865908
296773
885645
140011
890016
287712
519493
685523
60919
386318
459005
372409
690405
873052
830137
721334
1574
685409
478032
952839
320378
53302
954812
231116
429892
204613
979266
346221
693893
106234
411512
3991
229423
900439
569912
503716
156841
399140
500640
553753
814302
93315
855554
315080
713474
14306
483247
571734
741539
776969
400667
286359
863399
314771
801389
856981
684968
308601
178790
502768
930857
161994
169451
358879
650291
48055
241328
944468
463632
495114
894147
52926
485859
138935
764019
498024
627362
379339
668059
516543
737010
535617
840206
555505
756189
715955
506272
724464
926706
386094
970767
491349
912506
807582
416461
990242
721362
289832
862443
645408
344938
889431
699491
193255
302681
540205
354370
1404
30490
570651
52144
516628
927335
375437
955422
596983
579120
454044
362506
185088
57848
383335
990194
887937
968205
31420
128147
933571
1442
965487
139100
593130
664138
42893
714996
160567
876243
673579
667237
234792
90045
44567
937315
307066
686422
535664
698813
172430
453107
473618
361183
446314
513804
425641
502145
583254
395765
201383
859568
641830
760437
528784
570487
959960
666885
360050
928490
787219
142119
821939
755342
703376
384863
252866
804712
871828
370514
351472
981025
392667
859962
287511
146130
869713
126340
110136
200626
583225
29063
252067
815641
410481
252320
552847
552368
776716
294702
436938
213304
792863
488423
713930
866099
630936
153045
507361
826162
640135
428209
658191
184508
688897
724634
341617
112152
942617
177714
432792
821368
988047
441046
629429
176962
584389
159607
870639
216827
768620
631386
625559
653202
726206
298472
372275
178247
279524
398706
374647
861622
368311
585606
70802
310404
883363
919398
959779
133925
723560
256299
771468
794055
277242
164214
538399
619102
648201
729166
625142
357901
96155
707675
147487
172654
62164
296638
438067
30590
864279
50635
212040
324776
161543
397476
593084
991020
552231
62643
930738
340332
59295
622787
307033
224851
584032
964732
849768
414370
549534
530489
840230
479257
710012
987784
105957
312382
196230
243005
836751
351948
230359
914675
848152
887547
664795
37088
716499
168232
357103
805012
413537
3106
210213
541390
984131
500113
112163
134011
826385
916354
807531
807180
835844
476818
643701
599730
883565
761207
979768
947577
436424
517798
288520
710718
888299
732644
942681
870287
70745
539373
152417
312029
779316
52666
280028
572576
622606
89587
960297
382984
541344
208689
468689
130779
778323
959790
338472
796592
536572
163980
152525
182342
498789
989887
532940
321665
99142
579607
495778
751875
276627
865261
610528
815843
575343
159210
151976
798093
405054
487151
834132
819254
631832
267428
266295
935225
493273
239328
36731
743315
672917
104050
930537
749368
606057
219018
866760
708752
483564
258887
998620
204369
252485
914910
589967
781690
458134
408292
366
72937
31382
63608
969866
363417
163197
575055
208895
33532
995352
824797
76945
887281
581564
747357
327730
642978
511319
879869
542560
71549
918434
543081
723179
253645
755634
174259
537748
241588
379630
156124
504849
595143
184091
795394
429038
346374
410451
378917
856013
433334
764245
234839
838798
203485
9077
373632
698313
335258
301364
81547
861496
59870
933546
107953
422386
630603
410080
904160
700242
677351
546234
348551
574646
116989
856785
454401
251875
513104
717279
983067
892102
651005
574036
250628
73494
637932
252933
954768
561941
959410
97412
583145
601844
779399
635210
103442
291606
80671
838417
831577
720941
554471
278079
568793
291841
441309
378940
804521
432975
272844
239780
971941
583950
291939
330392
278
818892
262129
705839
652993
584247
910784
486538
664905
9976
365579
738310
985281
644858
751900
992586
190034
144905
987079
543039
97926
331925
42876
205791
644847
108309
323021
316775
49206
921864
645757
813990
420035
863318
691201
847608
300806
938262
600470
556428
102497
167913
932990
226656
891186
87235
945624
392591
524096
342794
955675
5440
122369
119766
7599
84352
441349
277145
905128
273898
455619
611608
678495
849987
612030
597975
794863
655330
284372
657683
241033
144460
535267
956009
380405
605470
826712
212756
43814
113123
97813
727123
204983
618694
535870
946473
31368
886433
674401
637182
114224
207091
322176
429987
261725
161712
127868
32499
24847
559219
186655
469141
850221
141071
552069
745053
251203
298499
879336
536786
897113
808971
779783
2570
210929
314387
274035
403442
769436
301447
905590
921898
774969
297989
634976
685901
27595
323380
567023
682766
100598
71470
925210
198078
57878
621913
367290
781610
933116
219027
627734
470240
160646
841163
499465
643090
860442
718957
923218
646484
278143
712565
11320
932864
789528
108709
168088
724921
911741
560530
68364
105484
860471
673368
911354
973746
425176
387117
436470
237362
782517
354707
775509
208227
319426
376487
631055
403087
36872
966807
149392
591604
807173
63473
103003
943460
182816
408534
93531
924876
289415
263949
698248
821393
922151
408115
154930
138646
821767
911120
727534
598874
751554
591686
365658
496959
563423
365731
399566
604453
81742
57365
48544
359093
102401
195901
744852
993786
488805
463644
395743
382121
799484
573354
215382
885249
992217
502981
292344
408013
929719
215943
62420
41479
325365
552560
252184
798743
835890
782722
796216
875897
162113
759532
317047
681980
673737
726814
629333
393446
481340
309691
610325
958005
245298
903469
248618
844416
17633
377042
305470
766460
354427
122323
950814
274395
543908
157270
603397
982415
731343
160329
65091
798957
899828
576415
729097
144556
475440
76248
230100
115532
598840
69176
818228
950611
281531
925401
269752
246130
470036
194588
320440
581959
215145
973371
141439
755516
817507
746874
662354
346444
83146
197948
568289
842790
939068
290162
532233
672682
584137
322222
945284
594704
778926
251670
898798
421032
563437
72179
528308
245948
20997
673321
358939
940625
440595
88897
534635
442828
696197
832162
186166
36658
466166
371615
287752
303752
906603
599786
149932
83097
871081
304421
22041
605782
601393
33433
652728
334231
198426
434176
879443
601344
219273
536316
554907
747903
544207
855787
394262
497265
112670
986898
462563
992868
290921
197366
221931
599159
179544
175561
769574
786398
992229
5890
618631
324418
546774
519877
118470
968901
758167
145986
344903
766499
689843
669722
938220
50548
620783
65403
888180
842318
62659
882252
554382
224711
329142
111684
870078
336919
980373
2645
688427
516316
19727
281606
680450
853816
406640
118239
823947
690965
494904
294013
796038
470345
851287
473285
520257
59604
724680
174453
960761
805894
562695
335062
154026
34622
347184
907086
676790
484621
992054
75858
643118
761720
423932
283320
790079
868124
64211
729578
519163
447020
601937
184695
788099
748630
24138
400259
495503
943237
567534
41823
468570
586239
306943
177139
214892
151790
719917
752088
47813
765435
653263
769218
897123
159510
16960
133146
994801
852690
975764
567338
654796
621422
776438
231538
385778
204527
639327
624728
392201
353256
48437
490747
197130
800092
954238
40296
545608
329594
119743
799013
195297
989958
940981
687467
729984
753753
893935
104114
59083
879231
702214
958756
145456
96958
793723
104691
918023
428918
804907
512774
110116
139748
652721
797902
206269
338560
114200
897016
762994
788615
87995
408891
299581
262035
964028
741392
168183
52197
819421
689730
596419
526917
814462
609307
878940
744576
285747
81086
978807
812752
554625
122963
103572
381146
617782
138652
376679
788881
479906
164007
822301
639480
812277
513244
271501
120516
494902
25270
764924
399967
546142
409422
789645
240265
175951
882707
640963
83993
629172
140758
906228
68130
389366
543362
804429
537009
516567
861097
932220
745650
692335
495993
193598
216690
753473
429453
962053
5950
730810
16224
974405
928619
127941
953948
859803
963759
402765
543953
589658
758893
70352
198337
638388
977934
435036
806935
804802
432586
608106
199928
679792
138887
351380
527922
197192
810520
478707
911122
488921
212262
574745
124754
673091
528044
165032
968558
737954
664220
668237
99671
858133
895583
894493
695169
884074
501370
56842
578071
214312
366092
991233
368143
94136
386163
693220
569047
83312
309903
311263
717422
330493
65246
629417
469072
210093
491847
76185
372361
322007
31794
914018
503403
26919
661780
282669
712155
284682
526280
410129
901125
228018
662233
270642
153968
185606
176028
996019
532843
172714
308794
153753
253927
282022
167820
711229
98719
55477
316383
688749
119217
583661
232215
660385
490897
822598
127087
794773
541331
309192
10078
578440
301861
65109
635861
797199
764831
343696
493733
70230
237043
676137
123518
775412
928639
15751
421138
109802
311169
206608
460697
953721
76586
776728
288621
386525
796683
202659
36181
573033
229100
722136
251102
648128
885500
372997
67301
2349
660194
669193
310962
26272
331954
319970
691839
625478
866939
19540
948950
269443
581245
930802
907288
978639
411320
815692
867481
379242
418911
84789
654761
622397
996459
202863
97646
239375
336717
649333
316717
790432
343995
576421
583271
675878
173740
356425
415712
176097
21598
237569
994043
797917
452692
364110
618369
603780
929886
951869
923008
249757
928976
11438
142672
680677
343444
21440
189297
620936
883548
96730
106768
574140
982447
753305
198952
79995
489509
510737
918469
758619
609006
475074
38052
446219
558924
479129
792951
943340
89057
5343
65796
435273
698594
458818
97901
910837
350699
578430
685002
215872
130541
528104
107826
367893
850626
293399
497241
344819
634529
410991
262035
511174
776941
21515
991479
735778
736744
908935
601183
822747
411973
443559
920779
205123
655322
113895
398821
84929
632564
739679
605215
141962
921221
606611
773240
426239
447800
931029
574430
564387
895973
307799
496814
656119
794784
652241
705175
236532
40300
74635
105052
697317
476557
466632
594936
396958
569979
664975
831771
910300
716210
67670
46291
790267
553447
234318
813638
521934
179925
768518
224731
847774
970548
309308
769721
52290
991627
685063
708647
910680
593309
718106
689043
597853
956479
521077
199726
977647
807113
723822
631348
690844
843371
560472
41673
791206
475031
275469
568447
219989
227228
590173
669045
754489
586771
455123
117721
77115
987890
546144
727693
107295
661629
221991
775271
426777
169053
754852
515987
334216
541961
228666
158868
868883
779872
91031
295335
51487
430361
297670
852936
438570
626130
766481
754958
618247
719364
240144
15729
70966
838360
809042
69100
720735
80467
367591
401405
281195
159340
868105
66378
487616
54910
815205
460829
451159
113176
837705
594704
243963
472818
876587
833284
809632
921787
228691
304395
311645
948301
559078
511910
405703
50498
259409
431848
803692
65440
847310
632121
708265
258479
552406
559222
520168
459756
413795
63670
864506
910550
95008
95848
302925
977253
656944
409880
326410
34970
451864
605456
480973
409970
551818
986523
370178
317940
981903
134437
442137
665706
214992
931454
471141
792684
162176
543677
344086
476759
134762
713921
179281
28765
428434
673683
437737
100022
656907
465127
535933
699573
639125
84609
123822
860277
804080
792501
843450
227378
407361
121543
732090
731764
558112
270576
698164
201061
7292
501698
232734
155844
445291
158435
311536
653618
176786
307957
21092
75562
361454
201238
789453
696206
783548
868355
702225
977052
579723
257943
235909
229695
931228
33969
789348
525314
705971
614708
509930
755039
492349
184041
725651
128246
634461
517183
429419
523673
462101
501554
675474
91332
346573
924296
37902
74666
513027
747256
49549
578154
375632
184806
636341
2720
8595
894409
959146
745688
610684
858030
160412
784734
778999
284949
779977
324657
53490
663417
501846
998294
932621
603758
587078
450248
339613
852898
816084
205197
780061
127557
878323
693347
893811
193157
808672
45529
173338
601778
607840
747387
649712
523265
623259
925158
262238
40748
230229
803577
225887
614646
84101
646380
497007
231245
50644
278778
424914
791304
739187
302266
334527
999631
16409
68236
434151
528921
460056
860590
213733
779728
500059
755950
879171
843858
979582
353018
151526
3601
10826
333587
536600
610842
467724
228448
857008
208499
856208
136991
874912
925276
540863
711734
590427
697784
244114
940200
286177
331654
711474
589475
272168
80903
339630
693174
848936
708932
577944
239583
833155
255528
366845
831106
19984
39944
943422
781174
515011
573252
226895
43450
904506
998789
336204
899461
177510
258662
990451
279099
345236
234991
905090
432635
421463
329020
895982
484309
179220
958140
832317
899801
370154
895701
82240
904907
79612
566949
650289
964466
998300
356068
729445
467471
469141
580709
360877
458027
984981
701819
885071
849034
342133
910776
679516
555451
779751
567633
810670
490961
84475
88349
210496
353708
168974
869884
245354
223408
339599
241108
119799
641816
238063
202935
186725
219875
404389
614241
222584
331244
373723
679965
398267
669463
297208
109382
701972
516711
683723
44843
342211
491373
495249
663052
991287
67740
947235
622209
679053
635895
976831
643194
536933
141419
1584
255649
13923
827449
191005
252572
472063
769355
782508
665838
238538
330088
620561
996541
446334
26755
269623
424814
19968
237358
454409
329836
728500
526572
737437
540040
810045
51107
119293
76282
885392
234224
479188
228038
720243
289557
577842
362810
39256
756750
117180
574164
289168
672385
338611
19072
366446
933715
628959
164158
40121
460503
398743
926114
836556
566625
773488
351989
137422
487993
758016
862009
136970
858155
87885
772682
154410
318459
281175
701664
825493
366582
501119
822129
14946
906660
999507
165235
148023
251994
953719
467967
701507
134892
198577
127505
13716
958335
864144
639148
238485
949244
725114
98587
194216
75616
233553
657938
948380
478128
25538
570098
906123
908042
808682
824939
531795
30359
770276
8700
133807
804381
158195
378006
485425
640049
148169
897054
270558
848201
165618
397585
341094
16048
669088
7939
328190
162706
904275
686400
352028
290423
726372
329043
307406
131341
43567
446245
22648
100125
631067
474172
951208
390048
555720
604069
273431
16875
263187
280877
697983
416901
957448
263113
982355
716569
96229
810005
402208
964423
673159
809209
586174
723412
948788
41256
812082
708994
467460
981762
685412
1339
375596
641370
993079
696999
12008
323985
143690
352733
914501
4641
520331
782709
268488
107446
103027
599292
991038
218870
623393
61441
114081
596258
619287
228812
89892
6932
470027
160366
155356
417896
863659
456948
996107
852407
133681
544181
604361
824895
239902
161419
318097
129054
175445
833566
87909
525565
842711
531035
822879
786186
563863
941252
45142
934941
109690
30754
255465
261948
6765
281429
268459
870714
971042
468364
587115
890234
781416
613327
306526
80465
447717
826873
426731
793609
359731
624580
811859
80002
803477
928765
844220
62644
709717
595350
86936
470351
91579
61786
892918
682435
518827
239803
270117
750875
434908
642823
117312
362372
68657
732473
146715
103980
365750
139884
95945
502982
2040
769578
405959
854570
850752
905379
578888
57688
246958
218873
375581
339421
891951
182904
569537
404814
99675
887587
761214
559857
949997
338345
524032
802876
443744
394487
358580
400885
247586
865831
651805
246968
169847
914454
738035
928535
546157
12819
732727
419163
956984
656435
747160
195561
824041
370945
154171
401216
687055
157714
324011
510239
333098
276919
388445
816068
498184
696461
168862
66382
271103
372718
733019
901444
551430
655498
44941
545774
535856
480912
326975
42017
734533
532165
691389
880089
562622
869880
497051
854014
808221
678092
116255
162825
622375
426228
318860
552960
999807
481406
865420
466141
98913
872006
116536
44621
772215
153995
249479
269780
87195
406366
57810
266125
280618
191350
423872
514959
877569
793121
29395
718444
95639
469269
277517
502291
744951
284197
12864
713109
775576
580687
116401
660164
929626
654322
268456
119736
738079
515932
280599
251883
64516
921154
591205
183044
999675
228169
465941
725937
402119
107969
410200
18925
282322
859889
85803
996961
978222
628301
929454
879143
865766
62532
53443
377065
840257
872566
296671
947624
361875
31491
210992
99801
602303
925502
469483
335657
875468
341377
55665
738017
890211
71066
609181
431589
804130
551075
155309
482647
12129
955120
90954
245913
913343
97633
638709
666095
488615
516118
726928
683842
931365
532482
594183
310336
701150
349337
953177
624865
198385
357859
484679
633989
959465
144114
4183
18745
12508
218736
606469
710489
772451
515474
723847
911247
242933
27049
181499
164985
237666
768919
713328
380393
631466
322142
390094
204294
488376
716692
572707
641871
787838
936947
749834
452544
355950
262477
816634
733197
412433
42780
407976
104395
263304
7095
833178
430510
502046
850977
753162
12845
25414
42300
941427
286338
871413
961243
220923
40013
852382
467509
484540
625752
902535
57077
163376
998581
639173
649453
757689
238020
27160
28971
305547
215185
334181
313828
583159
351002
632140
919821
267924
960622
303909
555209
580236
622192
282588
306429
150080
661819
388838
582399
86233
395679
391135
764972
728876
976714
454274
401688
430665
750915
402628
774048
661025
835279
819021
967772
323921
271798
81812
242353
363919
28511
592982
909315
377776
995096
390450
921223
373203
228978
138852
350326
17710
908425
785500
896477
90163
320610
191738
783761
813342
851181
993385
768769
558110
940905
148885
174308
711901
40039
415242
701841
982830
811878
135786
858669
740114
516701
55243
543038
399527
512280
638955
439262
774254
274170
281488
903308
631543
329185
168896
64989
209131
376678
933466
366224
302070
680387
918416
461950
574479
766992
868418
150896
233381
79398
718135
459787
633831
849252
37754
635430
47216
238416
214031
207868
836558
397589
662353
4285
151022
547690
911529
228927
663653
87188
123373
869842
669725
157250
311442
960496
417306
366101
176720
799827
600616
692675
524241
416289
373859
19793
431956
898243
59875
100093
647461
836499
830722
77246
495217
311667
233866
939299
728328
741435
268416
97624
538484
901130
488007
873864
513072
820350
996019
812700
670407
483710
693739
47009
737995
516532
587578
809735
575534
895704
20658
748549
643264
503016
721661
279322
917317
576308
264577
768879
967218
27925
707887
979545
598852
207230
577257
904506
464574
260138
759566
605575
59709
739317
52323
349987
49849
906055
293215
618218
409050
126059
305811
902731
534644
606845
101876
287885
564513
711682
975686
842674
564538
172690
850279
116152
80561
879024
990390
794364
702862
657402
194398
368442
553220
695355
843906
708655
40048
714654
605447
678815
862061
627390
368504
538995
882646
907032
382810
513146
736729
904034
765774
362064
341492
745653
294300
856412
702928
460005
485986
540787
961014
365681
72984
620570
796722
419734
234430
250728
918403
550974
940837
619210
7995
704853
676567
164769
255801
257597
696037
405190
58497
83159
972555
198637
495349
432962
475969
824551
675507
498400
977121
947649
271626
156435
668591
170954
465433
498376
101002
472626
624070
573737
432238
825166
23960
579638
300644
590968
998002
707822
180679
665940
892781
528359
947890
332397
870608
631485
535179
930557
953646
440999
665063
512907
994717
642085
808985
361519
774798
456597
803034
654257
798222
757542
359382
310992
690392
93923
188945
435550
562900
265265
947956
311880
380720
769620
735032
129524
908570
43371
971246
248643
486551
937532
83304
656566
832131
487402
929095
704940
579302
640963
557347
467913
116718
506358
755728
747123
695631
50146
805011
27702
869236
507337
915617
67720
136544
525859
155344
266918
958630
587343
960093
14941
75777
199332
859161
547236
119313
151078
380848
404198
906163
296532
675415
202974
462971
43359
482450
543260
676560
344629
641375
526820
804453
273850
352194
381877
535696
167320
955118
78055
202568
342765
427725
813294
357056
925155
934764
720059
685338
317534
905478
12033
240586
6478
371883
86613
558920
213859
642189
604974
900657
448096
292455
507532
134779
855305
774795
1846
723539
502454
67526
996571
875157
457610
236273
723674
294439
91965
407511
776861
572083
342548
232190
645088
918846
170483
82388
351120
305386
384713
812792
629518
167748
98793
919713
726802
629003
131321
138479
40556
733630
670723
516428
904806
228576
278505
871615
913414
830476
698421
960717
426736
707182
421838
806604
534184
534565
485767
287237
815476
162292
436690
71749
558751
483999
760722
79808
906138
588712
753870
281059
602622
195750
974337
500725
645485
211390
288078
981928
158358
565057
693456
815618
608854
501538
387920
841763
96572
420114
81360
360754
180837
270970
304260
4136
636678
857492
941664
657593
48712
75879
797004
77722
581454
833373
554293
473395
922002
473090
68157
515939
519405
557595
799058
724522
406645
367905
33692
786360
729856
43097
302160
312015
971079
452817
59298
984919
9639
349688
759959
613054
967808
30554
967736
596361
238272
452792
717922
564604
198330
919680
488507
228450
752752
190574
27583
165178
593264
647679
613368
697278
356825
994317
466380
714769
540095
629900
58544
281220
61924
346591
207547
734980
219367
569560
668949
799204
599161
721675
627086
352323
281865
758349
699403
752858
489986
91022
871259
445476
419370
7824
582695
545706
979371
988931
821832
12394
338607
605567
151347
559779
195940
536733
308943
790336
245855
306099
303335
696095
183068
922922
441659
624188
709668
544125
153521
73663
119175
727823
218921
460318
581257
729641
673134
943920
597785
975440
442888
332176
149628
619839
983854
247082
380489
527110
9176
196709
55053
686847
265843
207597
998798
47016
438126
839707
268589
166562
398962
49604
403109
485189
716014
522331
947632
467678
434256
772931
590088
963526
973455
387190
165195
428320
330789
647499
176311
264046
826842
992359
946645
382672
726204
381635
291187
376027
746987
681813
64073
936530
548752
304094
314877
379268
564398
230287
852290
867777
110097
649049
907675
319482
179810
305744
999038
25076
909212
77626
980691
157417
334233
976506
355484
860347
230790
770900
138030
791638
705526
308764
461213
998561
907026
231680
643318
381728
216365
927726
276261
204329
820213
454819
410871
198720
800389
483026
24186
503506
965144
144173
716609
780874
788121
532754
709956
746260
349270
745557
861604
254700
640082
662694
639883
876002
788025
339103
332146
190252
926702
682925
14076
327591
303616
676184
373632
700588
401660
491120
162852
528459
727708
587094
904484
20711
300189
106404
472434
18286
304110
515770
643768
812594
649220
896742
185657
439849
589899
153327
974485
351294
231670
408126
794923
695633
771191
124138
95448
487314
785675
429470
517598
815541
439917
266281
498593
120850
478250
12066
129419
604125
226644
926006
53774
876221
783696
538704
614921
912267
897803
594979
139204
117160
449545
16471
322518
101883
870045
691534
780518
478086
116277
268305
454798
999652
551309
164444
622427
274593
541700
215298
880113
513461
617996
89982
263308
90207
776378
675160
484833
261083
5309
722544
336290
720767
297387
103723
302561
167160
370807
879927
491404
909147
982527
861436
463958
216362
454530
631648
232247
145190
685743
542647
307401
605515
181848
281030
108819
374637
652613
806706
437475
759789
334309
654538
395796
482840
791008
314862
905264
396508
803336
361562
402670
632551
213485
141331
534748
719710
154831
31596
483352
318710
690926
382069
132792
890419
345726
597697
455562
559995
439607
887187
861557
291350
822280
247973
224190
173253
195755
588308
633703
902395
429844
860459
63601
264572
146563
728842
826243
245521
130681
760370
122659
685733
297799
779056
633632
818816
408833
982884
376210
226333
109074
386862
488313
915625
789801
922100
268611
851995
129681
183121
274410
987050
584671
519581
444537
991024
32772
143445
272110
829401
225410
19751
649403
435207
957692
474077
46183
203398
254501
854691
500370
652007
847835
572278
957781
246011
611916
336555
744071
833454
430102
616538
639325
645885
449581
103461
123113
705877
124469
911784
92483
886602
82800
28415
305925
780912
701457
917486
81903
645018
394863
836081
374891
966637
300053
391841
613612
311711
451510
567616
954096
228433
9022
802721
357284
479111
130307
170551
639654
904896
703770
276728
627301
295606
97351
53101
967396
849140
482444
742105
495006
8975
161890
932739
347908
831874
882694
963618
6626
556266
927338
400485
152287
609498
53708
36444
104035
622556
586852
662790
508819
879877
793463
288376
592695
161844
104713
295910
443389
462503
88367
49745
279575
536697
328770
711629
45439
908156
941808
734254
692314
674543
98796
341710
653946
639580
183430
857854
267326
439505
93973
850439
884052
184248
939408
659099
756959
650517
841532
117917
31219
725212
560128
351626
852541
360429
230484
189378
371712
849261
400280
272823
802490
487874
483457
329393
266597
987434
434990
729467
501465
329849
842840
275886
976399
268461
126376
673495
457792
532271
243555
602568
481131
380585
663168
290040
931638
686014
863771
74199
520300
599211
475330
637683
878181
370232
38507
810688
356099
591898
753480
881671
945880
300264
654643
470958
577061
66616
150916
673056
88190
667158
127618
553496
827721
322848
833078
334031
915557
574913
584411
652224
607079
86152
240305
960020
443967
65380
429681
288176
198969
696638
762778
715735
587871
135347
802666
254972
203517
687469
323880
497640
292797
848605
64734
668612
51440
299414
690085
936196
279213
67273
169432
125488
732244
833049
190826
534992
359916
87770
460308
429748
68394
397227
139366
826269
838419
297069
528063
838987
545592
442207
466456
919908
780064
938520
153402
763070
606340
865568
642256
245257
732852
67755
960279
143388
729559
547122
786033
711322
464015
514415
206105
32897
24699
729782
102386
966735
932054
425195
566008
863633
436989
205540
301271
618313
877581
493212
500378
201211
326955
980560
894076
436372
749085
219577
469019
654968
344661
913511
510538
772135
926798
909559
211973
68874
439503
919089
572416
732512
794509
664128
914584
792192
643118
950030
620651
593994
23335
196796
699779
762926
136006
437883
576429
407896
272012
279690
32808
20087
486130
949452
780665
999785
412812
542213
172507
97605
773387
201009
126356
670660
348893
459905
679459
917132
174383
64691
431702
224347
65554
40140
888824
268044
262075
871541
831014
612233
539557
129327
382339
925070
585489
242549
920449
830037
437933
285549
347488
795172
119955
157194
326708
590895
838696
765377
416030
492970
866725
43045
231389
662384
662002
150689
318269
118793
512814
531090
48877
442459
891660
769343
774894
73584
415511
4277
563688
772000
664341
358211
173655
270299
839882
205839
461410
335957
40276
199188
390732
515278
618419
791929
807491
840061
775275
138894
564886
247449
254338
279845
514308
14659
691684
336459
139503
231059
501095
7586
543984
737533
678760
747484
578756
75167
157588
153814
821603
171435
426755
580239
143601
240492
246974
342467
365774
980918
816609
644584
709576
236783
511580
780100
72048
55091
815443
398633
623178
913513
86566
117711
694493
234528
290123
794508
426475
5220
233430
872114
161019
765795
835866
964997
355538
319159
584042
279895
306944
69520
16505
432642
673878
976511
62239
352450
494197
405089
318844
427948
763713
528038
564727
929103
201077
486013
990368
690278
696337
946142
198516
418230
758702
691763
23806
27594
827505
88228
706778
928393
656862
313854
763989
172273
38468
557951
717104
152946
641494
892416
927875
199785
30874
157695
593151
577335
381498
380424
640332
584638
310840
222400
214097
478072
728767
485198
173969
491827
51860
25830
276402
803821
499371
728052
303514
765576
470998
57505
692082
409897
324313
238596
936140
951283
994136
798056
574113
689820
370865
831350
965939
926184
213927
411199
9937
574922
417139
356136
971577
775124
346559
397811
725783
403222
611437
93606
786028
294299
668625
656474
617546
527548
121536
718241
375676
302559
858816
140053
919874
478800
396638
452089
861241
160442
514911
494479
349145
761473
947214
359222
436953
847935
261364
484988
357997
229530
35494
975496
324847
228479
426232
100637
123036
249405
801040
17868
497205
649792
145109
902585
67141
38568
927173
803207
821891
560837
14566
287011
521037
980785
983316
281706
906452
272395
932473
132984
392023
505867
403163
247630
823944
442567
670288
110623
961162
139393
567244
814007
654492
510378
219163
744137
309583
105080
279018
242323
348979
319839
116799
973616
825872
295854
94025
860026
255696
776521
774545
784665
435770
321279
261584
124141
163865
206023
200155
386772
935803
704412
688250
485400
400021
150642
418006
175096
993988
797779
326672
379601
319790
387355
802350
955177
538567
631500
235184
844760
852208
269327
506689
253396
840825
400648
503945
183639
487111
497748
813279
342767
173265
318370
753820
511778
17476
551147
124619
434619
854599
111247
442172
782645
459736
118350
406327
385539
315221
25119
512654
910522
135895
260656
97612
207836
517241
240635
384393
964738
644918
164162
105119
302949
263152
205863
796599
202953
330957
974698
920508
531718
325564
389055
667954
705332
846614
20555
457759
435442
562271
585979
482983
316115
412587
205569
142838
234022
113693
484268
669846
391009
612683
433827
816480
846634
807614
776383
207695
885569
787477
780738
557616
799948
507912
678263
635893
451584
738058
860454
290281
796394
993736
414324
119359
893272
438927
220757
415811
92646
206730
530736
859825
963432
328424
890190
241124
779633
193116
567229
868327
518270
463358
417287
720296
871042
532879
484362
105163
442959
660250
967476
780250
846174
791349
647261
511705
400123
89511
889025
112695
651728
789987
998296
412385
684171
401779
153684
631729
154671
385072
536951
108549
378997
409325
339150
894058
842012
579764
439565
828022
372116
819816
281992
339636
701443
181706
209740
683002
719601
815383
304984
42135
981783
321549
389691
234281
747839
180622
603723
764235
984407
944990
320319
914731
402712
141511
267178
671545
861198
388252
789781
99835
896579
711578
601527
36349
252108
99945
914323
427174
226351
184770
659758
672230
60975
38572
61612
595468
480438
237279
293703
435124
872543
521417
964650
480478
885597
667374
46768
165273
326027
908906
893044
440797
229072
467730
701588
387577
148206
655993
364167
73889
645736
378702
746776
122473
708174
895459
462079
824207
529446
212360
873178
731570
984697
47062
725773
391841
159799
239304
43635
694095
81479
284611
503935
641762
973807
50038
942132
444074
866653
850844
270205
660463
81360
990878
326698
300323
191398
638486
573767
295670
366978
659951
350235
587336
388313
507816
51002
319482
634650
930551
204231
772637
197560
133706
69450
909068
506517
216168
493930
416662
83340
931894
55175
383507
567387
429590
544246
309784
384300
602090
788762
848325
429630
21494
50331
627899
215988
770788
367046
763371
971962
586017
457217
825418
649360
680420
778153
275360
116789
67406
854346
560960
674160
612780
741050
137554
625853
271066
106066
742988
728851
674307
891146
75583
636814
829955
258736
948494
681470
664109
54917
173625
431563
562664
877684
556759
772355
605236
169840
723874
530626
632139
15721
833260
119485
899554
770474
817072
512299
920526
510482
825539
197008
918468
372908
816298
578471
526329
895918
534213
402731
468584
484491
418216
932674
230322
774197
757962
38535
709855
498482
996950
973298
965314
86682
993951
857702
748667
144299
90993
950039
871830
234504
993922
640343
847697
537557
585928
532219
826555
811111
613028
741230
726520
79468
881531
318226
491041
407767
672166
927886
883848
590277
216127
383480
250969
820785
678300
722080
363996
747856
587800
872887
823894
678411
777612
73243
355664
387991
853725
182592
347951
239666
265327
735676
913346
213051
491576
302319
411675
182702
698351
447756
918612
971324
55650
167689
355315
761603
947495
679519
325672
254959
905962
950846
362995
198380
113254
245969
914594
203975
646127
587945
302392
845856
900971
633736
975466
68622
410721
104269
325954
920335
881961
2295
975846
621226
858371
269527
513716
295140
610820
750742
390660
155227
133036
411680
920079
60225
963538
347500
331437
485625
447104
463914
350906
896775
411099
50952
