40845
18155
327789
24726
349803
662181
370333
495373
535179
284656
422432
429987
615894
366217
34270
422864
76868
763924
100603
655917
417606
218720
53364
16203
743656
503362
179857
143201
839647
821534
404424
50269
655605
556676
385902
542491
432398
11190
809946
986483
573589
653640
963032
502637
548360
118496
448327
736400
65950
417053
85520
42648
775185
830164
628355
889541
586827
6902
580495
784144
309489
743117
853022
115577
196102
541285
375499
63035
145790
827655
499777
33121
735328
315041
121137
709234
207382
692417
541103
907144
147348
51008
907306
53631
661283
694587
391110
376520
731529
75581
255064
291101
618455
673209
961789
988111
993807
705778
279511
407675
268143
415549
344806
560347
528862
183390
107774
830776
121202
118288
130730
845949
571996
414817
863262
716392
977009
586233
583377
708249
840405
626491
739327
72525
70598
989955
597369
376740
914946
386256
961575
708574
626838
222203
301724
819492
226053
885221
425428
594691
171921
702256
952461
355315
757993
910500
62206
223189
10926
851633
995640
776124
803555
663060
539736
605155
449266
488146
665574
996988
113045
161569
749326
499496
878823
497062
816889
492738
182664
572185
205062
894037
914534
88581
443498
548526
760175
271212
735969
390989
355728
662408
28687
392629
706984
307435
352696
370979
237518
962376
935512
233307
591355
128522
749473
431389
388054
57634
564879
94647
762843
157214
837737
812276
523174
733749
71126
419442
520930
123679
506392
198929
825609
599009
835498
203655
824982
61414
802162
823505
598287
622025
147107
986436
417448
30384
825779
67202
712918
126482
909363
314376
994930
2968
995472
515555
237189
312225
593124
272066
611382
216352
415098
177831
854541
954401
827421
896056
410979
423273
535515
674226
561768
628922
503579
251453
299089
340277
210712
366938
288860
569754
213625
7672
674625
902507
561167
917862
630647
821488
861482
398883
950047
760787
261592
557074
58769
950443
933627
507658
446914
569622
33990
273801
809039
81278
480020
717384
394024
877759
329061
284649
819100
10527
840693
260365
3260
512251
398715
115586
218159
684099
362171
69913
462802
307932
671432
67286
698441
641508
2842
65217
642023
73042
617863
248026
473590
891386
918818
679273
644579
733104
287917
924851
246089
892741
454075
101641
124376
593517
934055
242106
818721
647169
10794
286888
73154
639519
87197
565816
270761
632687
794828
873891
520966
102977
231603
261226
310161
756754
55640
873702
149941
306542
94980
392637
980120
518063
106207
707057
358920
320803
158183
26386
517507
64395
651597
750036
346402
357888
940460
448827
616740
197809
728615
69234
146899
178759
456477
485372
365141
155817
250507
306626
161362
138843
445119
784970
675964
837121
627509
833096
207935
686082
22864
157135
124039
491848
230582
720800
816937
941859
779272
657251
61359
15821
187773
304371
384835
856840
335834
262036
759542
44644
714832
390208
565998
373213
817010
163102
783018
893536
672337
159700
668339
166062
643829
612595
359138
149978
704699
129873
551176
468332
445830
600181
34621
856040
418915
314154
577928
519208
747965
986422
195560
937958
910841
941157
510013
943126
588975
346046
643478
440560
163654
897047
603608
903691
347627
116036
570951
346533
592430
835883
360948
348991
438585
253875
856835
979877
281581
418267
437016
677772
755162
537063
190174
658451
397915
298740
124787
940524
79373
685165
396724
759572
427306
398422
721888
54526
205829
975110
16235
569486
391268
874674
219810
667328
644661
949283
939381
327913
427823
130250
957542
667350
565766
640170
581389
725137
965770
526323
647109
291714
893597
979951
915383
69425
143247
390165
380096
843561
249368
759483
350594
638968
538481
826537
395204
563476
707663
564105
567943
619672
267773
58298
164198
18155
178069
99779
147048
638913
600090
347044
838694
384699
391861
87497
965843
170346
51786
724056
577197
688817
301047
747881
585855
496520
140649
559573
234512
252061
511066
756199
297452
526165
463019
395632
235788
216880
964249
544311
627108
225418
284063
228428
766986
749501
430888
124093
498558
711396
444080
877602
806170
486331
324662
213395
772759
635106
959072
156410
666937
87872
133483
150595
667865
885956
205964
866160
523213
49159
223592
38920
276725
391437
181421
521263
336229
591787
62859
680657
162794
241538
342227
362296
546107
994601
39466
510910
183486
35625
516777
700700
424691
133729
854101
149600
793281
510346
26998
30781
431323
428757
290198
730621
790095
971313
40919
459985
179819
314088
253553
375561
369420
753449
659848
879774
580292
994912
51238
421037
637735
842305
10458
345087
914610
972389
728108
467587
592025
966667
322235
728861
226604
259071
28214
293783
820517
888792
596787
504757
401040
988442
361519
806823
192599
527292
306979
451352
536169
387589
601535
943332
459463
28240
344005
591782
776363
438894
277701
66862
439125
983402
474481
814930
94259
297703
430620
408412
936620
441574
125204
708577
544265
267556
283608
325361
205056
114400
955320
197354
767647
580474
480712
698855
995410
218039
417920
887318
738256
982497
589555
138343
525160
735308
694762
30561
800996
987955
154589
169615
978583
32128
480397
360663
479944
796458
714368
756650
250363
973753
682394
220631
295768
460517
977365
880123
149819
696860
605725
560723
479767
628899
175051
548722
23047
979284
391675
655117
25459
907845
480524
399028
464987
857673
901235
687579
520067
480912
653564
878039
17979
248362
727007
558116
287946
494056
606011
261346
742583
314915
2610
396001
340723
473942
138848
299729
59302
357670
294008
324380
679892
153347
952957
920143
46828
562790
133914
765235
931053
289018
125664
942586
718837
841623
287130
687509
464744
24681
674957
272419
720057
258223
762961
129795
200728
326688
626566
453898
460536
101352
231989
144400
579324
241039
732549
670181
168765
982011
906903
4961
709818
974988
369470
860441
14621
470053
200158
232814
659686
601675
795936
133183
672951
714853
759183
648766
9018
302179
613522
654176
788082
482043
410182
391470
520221
559439
244407
972089
588227
681515
303740
464939
691871
270698
566764
459448
884070
597752
345472
126898
626744
55089
717575
535100
239586
276584
911168
464982
484558
661701
972567
946520
598792
17222
502527
89082
673965
790694
21160
479567
487282
237978
324574
572178
537038
999416
328510
17753
971910
798195
863957
5606
680723
183169
969814
383197
816241
399581
189880
21839
662790
53672
399338
908916
673837
136811
853492
654648
971551
397303
325995
765868
376958
702061
443664
251613
400061
657306
720071
614018
809390
546810
67119
993487
552617
990174
61090
634470
250966
986024
389706
245293
351000
936626
518494
436218
761110
857230
723384
874155
221351
595560
3157
167379
208794
282696
388328
982095
27871
917108
240219
978550
935700
957234
261283
917294
463408
732779
224830
196572
164614
541099
542220
827507
142903
599045
429127
765998
867383
113428
770593
979288
799866
295900
493945
754632
697082
928590
299385
194091
188904
148650
593870
162041
407340
399295
163269
649482
27291
902414
398591
275777
353461
483661
647761
435686
792791
132359
914810
389138
194883
516512
225153
601539
10122
660791
276395
74448
946452
836196
694806
176054
849228
861536
374
992656
790122
27972
263849
42981
340638
565226
752504
981468
851734
515888
950316
973450
469036
131611
674571
37932
882351
187607
70318
796080
464013
80476
790592
437741
642970
534765
847573
806132
164351
33851
942692
95998
539137
743142
782691
512324
384045
88931
803197
281774
461278
212024
111987
898211
177834
832932
22284
558911
554031
762589
980858
811811
812149
184497
885771
560229
616000
930574
319560
112680
865013
977501
288622
539911
214182
642056
571078
42539
159164
776349
724195
666685
588288
502602
898040
9332
353734
462344
770515
863183
640438
695061
367482
192799
850488
983641
720353
199740
94396
281066
622212
536216
909603
671339
754791
140272
246669
771791
671528
73310
524160
918523
209085
874892
449073
475850
310608
874051
71347
21354
66420
408673
990713
861027
596226
396969
7177
786040
700117
179124
653568
160870
869726
144070
465148
401993
102436
875260
476585
407134
694363
581985
927467
140067
14816
1055
66533
689051
618511
109714
685476
283886
346690
596344
322156
494508
797606
811589
206172
825458
320251
471187
824192
521253
9960
226359
671283
552348
348920
829807
724591
595738
916597
270775
225715
745848
443295
444794
250127
149922
966537
369190
830799
746360
309969
665624
863234
359444
367098
449527
562022
892651
143656
956636
653425
61580
309495
393711
314558
115974
776439
444749
199571
392231
746824
723877
367243
843550
764751
141986
235749
193474
331794
280706
431719
756395
877494
216390
801072
317950
637138
682562
614937
868231
585007
923924
698823
726911
703839
376433
703953
973676
570934
714395
777800
196071
879722
283247
356007
983929
383171
572378
825432
388639
445054
894636
137185
627373
400132
550277
151337
487695
109634
15211
233515
807658
347428
307518
491126
615713
369075
488962
489438
732467
676425
623388
862851
745665
202093
508760
335803
60589
394447
696679
350495
13343
320801
699174
216623
480673
173775
605849
687331
991850
925405
281142
574095
673016
279388
890078
11505
301142
805833
730343
132698
359357
279554
630100
953591
896087
101094
611750
52988
243806
148232
990091
905580
173795
6990
110261
397191
361195
266540
942022
356880
716404
377785
232935
838585
838933
171627
21048
121325
889475
79284
99041
419002
573808
444152
872967
309274
954957
909545
152795
53980
559409
424513
85196
536948
74002
492571
112157
547675
858543
72559
602769
405604
561936
244904
717954
409053
859749
654180
684688
490014
230476
55111
412983
555825
773358
121276
808890
322717
220168
106250
647484
97745
697928
195662
864109
218026
249613
998235
757793
499937
870673
824746
997372
726356
349923
68031
731210
362543
527180
731
535467
410039
832212
824216
474731
796275
299677
14948
738096
23287
690220
529500
436429
335758
403400
166724
774451
164739
115515
712353
368838
618892
807797
219700
472654
143956
674448
183187
21636
944420
640175
967653
897356
789869
705791
90681
741891
681972
335903
921475
244717
869722
976412
953141
12305
837767
445269
672246
496481
36211
895998
975554
111889
477328
585919
1566
24648
344344
892092
411382
542644
291118
647024
573077
83320
805107
169266
264831
728193
294376
628058
538926
327606
411131
354941
904744
545741
139760
849811
900409
932155
507949
868666
8594
208963
311970
897107
821566
865776
157267
24523
338621
521502
693187
836148
459711
907634
374783
97809
35902
40617
674628
125169
619384
126734
983117
439090
813640
868229
366653
649255
153568
447237
599590
56340
539813
138595
68020
916566
278503
745929
614202
864671
803580
340293
525974
595359
583224
224062
812162
812927
100746
49089
186426
221447
173110
921593
755718
154848
753899
719293
344483
857715
756224
951684
473234
199983
812368
405811
774012
253738
914798
449175
843456
995615
975047
486638
335067
121686
131539
918496
686259
738081
953911
773963
47424
302722
401019
979900
169303
205802
295139
967033
156501
579292
933996
363899
469988
16112
203620
720953
988781
725748
426214
593439
126042
947629
571633
479517
7622
166971
187941
763932
439620
693338
735641
340684
836361
280453
293531
776409
304055
906869
686661
929404
237830
663111
601656
749742
68049
578619
773368
394551
62395
989336
245348
605796
403196
300653
351120
668630
614796
332147
10625
278967
733162
603599
690308
619528
234121
691635
957739
741910
670104
540004
763877
799692
12140
588630
409593
910817
660749
690739
97183
559281
371098
27835
273403
615210
911961
990340
545847
557917
856415
750115
834043
30388
965528
780451
748172
112387
60660
524658
996478
571639
447599
366172
220759
205419
1467
28718
764738
131161
707083
446844
806573
124333
562430
365823
698303
357365
723366
912342
116793
682485
111349
997165
90472
743064
68547
3131
586756
312064
225727
258213
262889
260094
16623
519040
473775
322397
412645
897716
109928
405913
218560
947900
414261
73197
225308
236937
764869
513290
990423
410054
535468
715363
220929
262199
120667
50149
575327
754874
880962
890373
877340
593456
52415
760689
551501
260597
539009
56808
327711
659018
628670
312037
553120
977812
715469
428470
890406
446654
147680
739948
98720
446137
835426
872939
296311
293539
402857
468833
186464
389189
549144
424148
464065
399223
219348
626515
904957
183902
500769
364174
756446
248470
371864
361026
676190
382506
474311
174540
651730
671872
406821
905695
912372
559378
675248
903057
709835
603543
787173
49103
419577
738944
220635
884657
93153
317790
214461
472169
974898
359520
764450
120020
841941
126458
581003
477299
597999
89762
849720
200115
53075
520884
464551
599464
20679
316022
154794
920857
143025
418101
699364
117236
109791
786190
52064
599522
155312
649097
563533
351285
942817
363679
195226
643774
444663
978524
596842
991292
343430
700959
426612
362159
79325
481087
615802
975626
80143
768456
708324
925382
465758
432995
317241
404883
993541
193043
895929
625193
859810
830108
816025
987837
994814
282814
942875
741648
846843
511967
382794
176481
130841
76422
601039
922499
478052
528963
625011
127305
124478
441069
685490
418653
926788
766083
781816
625712
143328
442356
399739
977483
938091
225339
803828
923141
332476
567137
472571
370061
868050
966374
215550
464615
985306
787002
21533
203956
120541
889446
905830
24297
969992
937928
525544
483490
338969
298107
799414
921295
453092
937557
646714
338060
421247
577930
435570
902159
699088
860589
543436
432507
35697
687447
375962
41361
658941
846688
802674
619142
111354
195914
623653
881327
654371
561278
717530
283928
510416
45806
925638
918069
170756
450649
21386
135344
422483
542957
899112
822689
810158
163462
327651
582492
748493
898389
621619
636515
920247
893212
56482
271612
682609
930389
495494
992798
807297
937394
673819
540741
735773
152576
625852
940965
703413
791013
100414
905147
993434
208328
236074
923838
135753
618575
797460
708980
462104
600003
594268
890850
150524
166033
901697
642268
640565
715306
610781
161402
250710
235017
487745
527659
984373
715220
952109
34339
633195
658844
539372
869104
632648
952639
906314
857514
619862
401197
965299
911561
351432
21191
459882
623185
407424
866915
405346
266344
47866
918188
236925
76872
465496
391143
702686
460943
50378
293648
676461
459699
5785
333858
697318
982164
769809
839670
757150
195434
366025
879683
326420
223517
511440
361668
679792
321268
632054
866935
616667
913893
203380
656961
194874
223178
640633
413039
703624
926005
628754
805719
942606
615194
698804
999581
191938
845035
353065
447953
433466
302785
194581
396214
121931
726518
634596
52382
269186
147343
970387
730672
304382
793558
145111
921932
932009
121415
366765
785733
381777
213728
706047
555981
308519
464603
291760
804782
708818
634744
477508
655220
676209
451187
519023
122025
287980
445909
677817
242744
833845
487655
689162
217651
466209
907009
32472
360048
354333
395456
134250
177742
356302
628438
360647
682262
438217
708219
819648
240380
708588
154881
182167
825220
61783
527237
839243
859777
323466
670337
620481
805560
28829
16639
107984
486500
992662
230440
986217
495955
68586
977083
188193
579310
338259
287321
394205
88981
668170
241212
544473
122665
355490
263688
190037
465763
760641
431290
488476
175137
778491
19261
662898
85121
893516
435867
838489
325414
554034
112144
389504
164376
350949
584827
573513
575368
666100
956910
437941
59952
575677
543204
741231
990105
990985
127506
751218
485366
507842
457366
284567
926446
563217
483852
385023
293815
543192
178624
327129
536286
772489
627965
646608
895651
911201
538500
504276
51008
499781
603032
341060
710730
69047
67894
370997
492017
148917
499235
108962
561378
821742
428701
729264
385227
139106
634035
25499
972030
89813
691120
319491
894191
421103
407539
370061
996248
514291
134874
602935
548028
637338
788509
583100
538695
447051
47543
833888
223508
730170
724030
487065
851977
271130
396180
464666
74909
268928
831606
655549
580218
246358
810161
595531
776893
522488
32885
443691
582427
397358
6210
267622
86685
957383
686207
804883
943499
496526
199401
60068
199463
686188
868136
151115
917776
539545
445246
794058
651336
230912
191256
473174
383183
382383
717447
142695
304302
56120
587656
644895
308879
896999
39935
425684
122185
614879
743619
559612
877946
461139
912402
778740
545870
861982
91301
56493
594844
603456
196511
394483
665007
689782
900511
475867
721249
361269
826804
116297
180643
885378
752
659163
115930
519153
601301
95158
384612
182968
289837
117163
756665
662766
819446
994373
477356
831654
429753
988465
920719
609506
865787
773578
717942
417462
418381
737281
188116
861371
927934
656038
595651
940460
606001
523029
24543
219232
578825
201663
500753
227940
597824
455828
240490
994036
366295
222666
459365
893398
633448
419853
44559
931028
436055
721923
149442
187028
934823
160507
744653
413461
648617
71537
213999
39240
143374
8320
531650
510409
52830
621477
401269
183096
889090
823595
664178
416312
282427
417401
107486
671492
184949
311732
863230
825513
3318
640466
985655
581732
257969
704508
26798
471128
271543
367647
321870
447660
361805
951184
151399
880255
303128
610841
26100
204809
859061
3237
274421
8719
950373
173379
369531
648834
437989
500890
354114
467573
750748
798058
385336
846457
60270
152570
916444
164760
353262
138788
94466
692522
30832
104185
393203
937430
54268
461458
331568
909225
46750
146932
791063
924492
807834
103903
379359
986341
454012
193843
731966
419341
965902
464064
94698
850473
290788
419305
12091
604839
534225
737651
824431
15703
102908
286000
983816
579299
896396
25858
46672
960365
921344
216590
66044
931076
582876
912575
593455
272897
991102
14900
106261
960004
751631
36487
104112
961799
658965
752507
460591
868827
830820
427393
532858
80775
833588
603239
428107
144314
590862
854494
345526
636969
616865
222630
745417
341193
12849
835864
82894
980395
576431
95375
544365
467247
910883
463412
477422
451110
800901
88037
852189
53704
667564
742786
312262
837390
19678
518932
493728
618030
904262
300825
621830
185329
383747
355888
963680
494962
527197
616477
173472
816629
861906
814970
667881
592417
230863
692667
866762
487131
902650
717788
116903
946689
162348
318505
215672
187136
97148
509482
870955
536467
39798
852584
761253
216280
335659
401632
943078
280144
283170
880196
692171
430451
997932
937128
524012
487598
235413
931152
167269
596154
489655
725139
876658
859738
315368
442731
328628
774449
422419
921116
240080
746877
368164
718463
97591
273716
396893
791979
305088
458169
263558
76222
561777
465723
741313
76429
669980
859115
205947
481446
890022
713048
804031
184446
537123
16808
451108
594236
772829
29941
576935
545633
259252
382209
821139
190034
605215
127128
865116
195139
188752
224513
629196
755586
518198
771296
744789
912797
467036
523883
572485
159153
609455
598279
798935
480849
384348
72190
465893
770191
121624
822431
77115
911978
600121
242035
264584
938964
102337
588503
272814
841182
15804
91195
198904
27522
208639
286837
351787
835853
489424
824899
351221
98215
227108
977244
622658
106688
584643
279729
492014
84889
34568
592325
722069
199020
649220
838117
756165
311481
461635
536902
543957
835567
226150
291067
249615
288499
281647
888464
769032
270671
757404
549574
174225
489786
244458
561962
817926
29184
894906
760404
654852
871758
401937
283001
993847
962268
806202
977262
429648
303415
864390
114554
155030
823658
45684
216790
280404
580168
537899
361155
678960
917337
568867
190856
431068
127327
852068
631559
559973
920259
537831
355387
893737
23585
224664
884369
866534
834605
637117
877983
845677
401664
741872
548869
238453
28547
191752
799839
162123
801718
942038
10852
648231
351774
573259
260254
682459
532425
544183
658630
479012
55743
722156
610171
908515
672519
938817
388895
249637
237203
467955
759054
289246
40841
982245
47868
239413
607150
709064
924202
414457
936689
727957
207109
139569
246034
91255
845531
924176
305069
33287
428986
5127
625767
164271
376871
973621
369908
24559
647224
389370
482690
702398
158095
50025
671621
955528
1395
384283
124896
743254
780108
574241
363117
946892
761659
672529
178793
513227
802068
286529
538303
304567
174585
42834
67375
516498
96660
139492
376987
543303
316144
387879
274030
932675
656629
394641
698985
418558
673982
800556
988939
895832
317848
887431
432861
945438
590362
620300
516247
557931
672540
584114
588146
741419
781589
422793
841035
600507
569557
588914
553521
442988
91675
647665
242827
68967
237076
227483
162985
590826
72689
932009
261605
902321
445411
125039
199669
449903
243766
802598
268753
93627
240263
235685
228027
521672
946211
166831
458288
612813
404350
446117
357289
373315
67213
950300
334286
516621
78912
508873
223992
593969
633632
89049
399649
153412
71488
526494
30891
449765
270115
420259
214089
237663
294506
1632
256590
215666
922040
308105
593552
684459
635748
806209
441528
170992
925850
427628
297002
888280
601231
590689
874123
643895
723742
777918
242931
375799
310532
95895
720753
785569
414260
47558
865653
665659
29464
738726
522718
909772
698790
681179
643297
765627
858138
151944
879570
789526
192341
232676
823186
25454
362706
433255
100310
122911
673793
681438
92431
156013
369666
862174
134459
986889
616319
933525
641864
519284
204262
841659
789472
146235
354306
463464
500182
609696
42933
507200
372971
193369
319252
103049
22652
711601
175263
550365
110028
822733
77595
934971
390506
140297
891982
975799
673983
814721
878935
648402
560374
170796
838503
218212
113352
453858
739872
719286
931171
304254
970632
396012
766710
853214
381801
525919
932764
341831
75145
221129
590434
100198
589762
570265
621302
561137
720061
998311
405487
635692
999695
366146
68083
520776
734256
565668
546121
47846
338771
80839
981308
32377
182951
283600
384360
885512
639594
344554
845796
898579
605797
848174
997452
720205
604104
672766
231657
570632
213986
766769
459391
788143
41340
681384
814196
218028
631699
984639
868312
251306
39921
431776
817941
28020
262247
979569
833844
858556
27177
580909
770377
204025
892742
295248
845565
644071
718018
288556
739446
671602
87698
65497
673829
525293
699827
742282
75435
249148
445927
57658
30825
53203
52045
793092
149667
467349
918428
301074
953295
948446
224059
52590
63168
511196
997568
625908
125674
890648
306436
495720
25937
151763
636320
389092
928979
368523
57350
983274
771470
646493
300925
199768
726319
806212
151162
793401
118424
717695
17624
600055
325613
154065
39093
173167
809084
953570
612968
468765
174598
408259
685538
774390
619374
550223
63584
414613
110333
423276
69706
846669
485328
500401
775532
22941
250463
675490
715790
563521
668202
555158
451057
452325
514882
116666
374313
743092
888113
849710
487826
332879
639943
666573
98608
475802
777026
28938
683879
728560
57177
752245
373203
529270
41317
926301
103173
841677
845804
129232
30043
509793
34060
223486
331195
472351
642561
449404
84908
276803
692563
153828
324176
320783
445663
932249
579074
139095
525759
972712
740744
132217
911065
645770
120245
939883
800513
663110
296158
355949
786444
278259
243638
897245
27890
330779
642569
962857
914463
900412
804177
804062
79958
55720
207992
536928
303938
9804
250155
972531
501083
330637
583640
750837
482225
498574
356484
681838
284824
332174
838218
409920
690609
191983
796019
729721
58960
201937
121775
886343
905743
862301
762734
821963
976366
14046
126302
344710
260453
764361
501697
437168
293769
767837
10218
655783
81366
452901
524755
926276
100383
458331
72670
346250
410511
63399
948327
537976
49307
167044
173890
253182
247622
166147
958230
623052
764432
520746
567189
122693
302332
200820
538199
289298
464125
9596
836050
388627
336700
295156
543288
179633
222217
635151
675181
599695
535643
899519
714084
13791
305925
43864
436309
53649
588472
901780
515548
257765
223727
815152
75313
647394
450427
684659
451200
78175
227371
512142
277029
481854
992727
635295
945286
909177
94601
485008
51084
755476
251337
930012
930430
937586
967684
301554
509820
351812
505688
940786
168598
520156
255807
714772
504775
295391
946965
719144
917585
618841
192199
940279
42870
816107
628826
659849
625488
677215
994581
632512
588366
846940
163597
737506
211723
435701
539851
287668
206284
341595
208283
871361
579734
437107
390516
559290
645738
904707
476607
86199
167519
371205
319494
677339
79770
6750
425018
749462
197163
584296
760224
152645
867911
248811
897434
524340
625438
661995
709006
103683
447193
531995
124853
315750
748082
748143
684546
722182
64751
520911
352044
321669
447484
892327
934234
469023
704036
626971
331179
349931
857964
606616
880159
966849
827532
162566
243237
486518
668682
260058
892737
772739
326005
927175
733209
561412
673724
986836
728285
621084
933289
737097
314769
874357
269309
194947
924857
485093
384872
9255
316128
929772
415269
987699
751620
550298
334192
762800
658401
454926
901605
151620
135128
245208
723254
368420
471612
574784
856073
69158
979514
426592
357420
885876
365794
213932
670646
532060
512150
835090
787323
334341
922062
354812
336747
811709
463301
914163
710023
452077
218883
160093
593985
236398
122568
376359
601776
321908
146386
877821
655661
901672
9163
720758
342861
923348
564371
622606
261435
251256
238309
312587
46128
233145
513320
800256
927698
180089
681300
88367
568422
711362
409663
633417
348852
869083
127108
741842
305654
246589
617358
741728
366204
529375
335558
337666
810207
648750
954775
255806
314527
42393
492826
397234
299740
323336
281443
596123
599022
667948
59879
526516
800161
124337
914184
879094
255632
149649
488383
392574
153756
153154
397925
825229
470218
237967
523550
735465
82039
34309
461091
697312
511480
607876
709482
936300
938898
644405
879155
642866
163858
252954
304369
560357
222411
513664
726356
617096
118442
252434
604847
931088
389815
63240
532939
515559
539498
842940
421191
419661
1960
439837
393706
489049
928729
471548
230983
280222
115366
92804
974156
113192
257556
589383
628071
129254
926840
153011
261524
198753
83094
757859
398151
494570
74266
77969
358515
844819
548082
900394
628598
995987
74566
421178
374753
253453
515413
46663
230247
999530
481581
206521
268321
952994
335367
754678
573883
657306
290620
640076
855423
273256
986408
670088
319548
222898
267226
26595
637778
527284
568436
359388
71645
725472
139238
37857
940668
986719
360641
326119
848381
957686
706811
466073
953062
21316
277118
308460
994
689127
653804
910801
65863
594047
489780
84484
378496
920778
87818
240834
513116
572078
76358
44823
487730
807190
195675
558357
563694
552179
34162
929889
356605
612452
642466
977639
309969
480369
536910
922157
567121
705968
725020
332805
624033
412618
451406
181276
615177
819352
162750
680368
252612
565863
991930
222111
787431
967002
83386
795418
768748
704303
69306
709304
51227
91418
845688
90855
2324
955405
867084
157565
957563
118745
71775
489069
25024
110318
115465
196053
111562
564606
434891
896627
74623
465472
525413
221304
393650
970193
443734
806261
800042
665652
166510
806642
205259
561466
235729
45918
675428
944637
685322
914144
315476
441414
888137
942731
735257
97422
23611
102001
511798
239842
844740
315022
923137
609631
530268
44901
103814
374685
84995
739177
801307
136361
408290
42641
269442
306986
559552
842766
182388
319140
16029
57945
778704
321115
396079
339301
719008
655887
808822
203572
597508
65894
306494
740998
550205
240616
759217
453356
249688
626404
950102
12346
513076
569135
260202
20954
966386
618380
55641
884861
151417
818087
911321
719277
439843
3388
426084
391871
352904
114773
548048
89060
692517
782576
687820
831710
32808
695935
725561
844943
929306
42376
101858
639020
32617
262317
165018
429713
314001
389318
959729
132463
145895
921386
609810
608480
60034
301325
631420
236443
404806
714627
160731
782019
384142
93411
502466
177050
531381
724422
820360
188178
85570
5167
343548
983044
123629
169413
726661
60026
25682
556987
45211
128614
133233
364816
175004
680310
722336
450738
12492
186623
655374
510206
300716
480534
844980
791586
90229
411710
450074
308836
583921
10235
624258
594107
307959
464517
39541
559387
101825
570648
741673
251086
619947
50984
710028
483518
773387
816434
9904
469263
911335
276654
263891
576617
294039
397217
602057
80019
575160
420238
485832
678267
716810
503308
378704
976914
83687
892019
380213
556948
112161
904176
186250
687717
623158
603704
923436
616215
464818
176666
516200
499592
930658
269228
195018
770152
537392
605287
873795
860057
729376
89487
432054
957871
375974
974410
81183
172695
538785
130515
527648
722899
786168
514822
705130
870115
564240
418715
463300
534016
181671
346288
3899
944065
806672
517054
422503
243489
40587
599854
837973
894168
229568
55940
903766
812197
497816
445817
246371
575341
18168
461223
533355
776125
268827
182302
630587
583340
78027
329812
966857
184668
187580
857784
59358
295967
624709
158375
677469
162741
364284
348920
16563
871860
721004
163954
399133
791233
569910
827869
545169
881018
189313
211766
650122
806582
775391
702716
641267
354686
672551
112431
173968
175879
672184
559299
664068
54038
231659
940961
884555
570903
26890
977106
316880
241529
337115
217086
284518
815186
980794
541531
292385
941583
594625
315440
950049
200342
165539
335237
904494
702394
875096
440169
464511
494810
583858
207903
477525
474519
607887
579175
113028
930543
237799
798116
946706
649275
578757
678575
498104
439233
381587
952375
577862
852087
946702
746642
299170
319573
493144
346789
527152
435605
173036
314604
229838
332554
454124
794919
400374
540698
874710
124834
483975
280346
921045
301983
873309
665092
516404
752993
104988
224663
425197
819543
891276
541644
431904
471332
178142
811248
729951
774599
416269
412451
549734
228716
187552
578091
401000
393358
524492
605045
5508
733959
900086
204266
779542
437429
739861
533162
42666
20939
565558
639528
971020
590385
28313
407970
759291
985881
39225
706363
12347
924704
567209
414070
833354
766172
277146
805393
399530
598344
124985
742140
463965
256073
555061
95220
874031
76636
633310
878081
434669
944031
343529
939976
301683
175801
410640
536398
560483
930982
402774
174346
190130
593762
457448
656740
19420
774257
947615
671824
772856
65289
210402
952130
708006
594269
643241
325069
739812
478280
580060
16604
118976
52818
20826
139787
745384
498657
441429
20515
455581
780798
902746
254704
841286
569027
823470
145921
717345
293087
469652
152444
28436
245830
798892
546907
416674
580599
111029
780615
604217
452651
752115
596687
496807
925399
726188
6853
546989
405214
203020
460341
425516
81879
179496
472771
840188
119542
797023
712160
822492
728217
981533
57705
748547
70257
727545
264604
796245
108619
806398
121911
773681
454330
609159
593071
218535
84131
913668
24649
729735
34213
911513
419481
938324
238371
590629
401493
704664
285807
619295
274453
377617
714132
853917
968810
695113
409472
965679
435992
92931
363020
539368
373873
474385
213418
529084
211919
649283
101290
618373
249837
944058
163433
262560
59811
800090
265238
187380
492860
627294
193378
328915
883573
110789
672068
304696
907413
485162
770854
748720
460963
603057
306415
507862
756553
444253
359725
145527
602947
816511
786335
800468
683908
888777
497565
148549
637029
276161
767653
541754
953482
350993
485059
60573
541908
679035
156828
554771
906620
578729
486231
797794
435026
922530
165095
314412
750611
462169
3769
239258
513312
999648
967671
428052
606369
719418
351799
489004
788213
387981
175812
257434
373460
16246
456903
670306
123396
490359
414289
462802
930804
673867
68359
392615
889657
210138
819114
668368
466850
79496
957889
467402
683578
219944
290598
484778
840217
996175
374827
210361
65767
611011
820391
913209
432111
499793
345504
618566
168091
427709
662486
184536
49554
544916
928682
948325
199019
206494
544169
711651
832716
452336
816058
901227
767203
535901
838687
265401
978944
717133
20395
724496
459598
617445
714369
690170
775213
241318
24772
81837
358573
504146
1632
278410
58536
287880
427124
60095
362172
234097
272283
95435
468387
114451
92054
597985
475761
624451
58775
694182
29482
793015
770860
7573
936766
452729
757255
333314
1827
496184
213734
452860
805580
936313
243939
286667
772747
845547
250458
855448
673664
953047
138866
680364
896189
14454
412554
366865
698616
651356
542082
636885
212907
156243
494819
275756
34764
854979
580268
476789
404388
559820
413946
389525
917391
214518
274259
828160
864783
717696
573647
559638
769612
581525
32227
922281
955948
108124
637771
216157
881035
41838
239763
144425
886743
729763
425923
195834
603083
844677
781221
74614
687558
483558
259828
801437
209223
460302
297827
133964
793736
689420
66119
270620
307444
970029
592993
365159
70021
920651
102412
831018
344062
925949
854719
879430
239490
644652
21056
725409
983952
588101
898470
907625
505756
729418
925641
581369
663690
976835
618824
94676
344521
842643
713718
299917
308554
9573
405281
917641
746972
343877
653377
216093
509990
65931
831354
507153
786624
833842
857934
488006
308654
981958
160098
65075
979449
316348
69291
496395
514924
406940
371445
815931
741480
200217
452880
919311
650981
926337
415767
204084
320453
534287
454942
146712
775254
941982
390775
981870
828133
678392
248545
745037
298425
413645
70286
502456
30131
421759
996304
471097
551040
182042
781791
554790
241592
424289
620489
608005
806742
41091
28151
666508
992148
202605
74327
941569
615971
189177
262059
85056
452804
709764
88238
353627
213638
20700
770910
253851
243100
958168
7787
63141
971098
546051
800506
778808
47244
827120
215958
221971
696499
218865
196596
708339
208029
782114
752993
691130
661024
905376
877194
408107
373235
880984
936999
550226
693096
831546
142214
426177
418122
572427
223280
167412
80527
353818
331641
89622
535098
370762
11689
114717
788880
397838
423490
654480
658804
406836
540078
872937
416033
728536
327495
103189
856644
697593
656514
491159
872436
987176
195065
527821
713295
201820
169363
108747
155506
26275
799570
203812
255444
979187
959416
180231
768063
775775
141719
302213
195437
219365
997108
324528
249211
686883
234647
144031
519116
179114
344818
553551
294525
7659
365803
611876
58560
503694
424904
348749
629463
149346
312118
863685
443887
355631
379510
429109
995095
592038
583013
157622
917915
135738
444710
185013
701057
883912
448622
707696
568479
433
957547
752924
582615
394312
939154
688361
64305
292903
966660
581213
899475
811292
259868
288989
623647
628737
576983
421451
86505
632553
998113
328264
113684
194678
617080
30746
735816
87048
594815
713449
139537
947344
645025
561444
585367
440194
857376
434689
748662
467241
506105
507041
585594
616532
831798
525841
269240
922158
142352
232941
704907
617772
748542
134047
402026
76447
407518
175877
865827
954921
931711
868145
881718
231884
128777
489993
55696
310878
788297
142415
145443
358937
206493
932347
213854
921550
614265
369285
658894
334714
162835
794047
434193
26161
462769
759902
179058
689719
636173
134297
505062
717358
672225
483177
220834
376553
990101
587249
383255
366238
965123
125752
959691
574138
194915
546065
999381
67407
73624
732124
624821
811305
216534
729701
997518
284350
867758
790185
334080
797251
679927
599289
875430
108443
968411
699832
905961
703594
30779
153535
991551
268872
834176
686495
874948
807506
585407
602502
20467
128666
507720
456570
557633
489790
695180
637507
494486
745622
815720
235814
266537
291335
288018
199051
142262
556085
7006
969856
99615
262357
833262
920726
43421
719072
23476
638825
522593
112099
231653
217982
943691
495411
77245
670276
923077
291454
942568
866429
883006
649533
469908
279606
76223
508038
776145
802610
971755
886270
121185
624293
465623
779948
458402
865180
556419
590888
988437
874170
619253
78962
474378
507036
238129
971679
207850
585182
418455
601901
721569
635895
676569
902584
554790
226943
635862
256646
340904
503506
964760
989501
111254
919564
571367
246196
55243
617523
146696
243814
592853
420533
151829
635523
781856
463494
842490
706976
6724
324395
510537
260943
915048
204437
722683
225546
961489
560165
418692
208009
170955
768334
381714
198131
65202
433433
934881
907441
346717
341953
248189
555677
334312
123646
926806
139225
123485
681119
354041
193277
148031
159184
423857
897640
751602
927804
778489
638199
770442
747339
12188
161620
907438
648588
358379
142246
420904
258351
386331
345574
641869
343209
476664
745617
988548
855290
389194
89977
916340
139275
703171
578743
223758
741296
830625
835963
585332
817550
651174
957892
211076
671126
968562
155243
188550
641007
347322
120217
881006
675506
943527
613080
723981
110351
985421
434631
381851
245325
616454
621480
704793
540718
284331
981523
596134
974320
892910
698445
200416
538160
586519
504692
522357
713898
988569
322449
641477
807451
501136
660368
216629
495431
648986
871563
650771
88214
933135
463490
164193
908186
353118
709479
798656
99948
638021
283798
231803
553332
235372
678562
865964
839238
803999
787659
168591
44713
696807
788939
925793
896116
993987
48271
472820
493778
339272
955459
692114
787556
845266
431878
128651
872965
769446
60797
775198
367337
72806
180611
906752
339806
623087
863934
621323
393525
214611
495821
54214
529850
881134
636893
224205
107806
957863
881627
833885
448246
990341
249924
918206
786396
800171
994904
531533
860787
907954
751981
841573
118281
805665
421535
72874
953877
569931
359077
56945
749855
383366
953919
610191
426943
421699
6219
399229
608829
651471
303351
119397
754328
249893
199569
56076
520994
861613
462587
56923
765768
108693
130490
93835
180016
75083
274413
964460
940219
717460
426266
776659
979370
478284
268388
297630
88220
938810
263833
335589
107189
629391
745896
325631
805723
291003
229487
931118
320858
368685
25907
651112
48679
769573
269289
701763
290754
256119
502065
464444
511028
111646
425954
675619
567480
692986
167040
499367
930998
810279
244426
210170
11882
529404
92144
248608
659236
271005
944290
209690
945960
955773
383940
34153
883253
634484
847486
343105
27299
948217
306351
628812
568293
701052
226241
161303
999086
8611
783703
410525
613489
874910
690083
849582
884416
89001
739989
381500
209622
562590
928750
792130
786224
978996
932147
212113
986261
318360
551676
178105
183223
581350
203436
970768
401266
863684
477307
543010
942385
978395
234670
153525
765296
505459
565160
982583
858971
165610
272794
115654
67158
688273
120791
859676
981462
123620
966210
986582
978220
843683
419688
106143
150114
994897
702890
501181
761342
540808
354899
364408
871204
367927
270920
55586
988631
851386
217181
612808
354784
887892
131652
830451
494215
412620
687968
702619
301694
417953
767160
530281
297054
479338
606919
948200
429256
502159
695984
914311
964973
883102
70670
420941
573354
687243
493225
117978
479627
869319
445702
253653
789873
941563
540694
352183
397390
86881
894542
686003
947916
493631
865558
25345
27917
623617
676827
427782
982862
960307
935231
78882
890341
601880
498736
785685
162921
872937
741142
582350
822256
268589
253670
865234
554291
535345
623508
236358
25806
216805
537445
865753
564196
154259
637922
269584
63968
342397
895784
692143
748438
809617
223133
739841
132871
250891
470973
905605
527619
51431
142994
205173
467753
433794
121218
104435
984714
305229
66946
419027
724972
217452
889193
389503
170218
772209
951391
443531
438009
631343
823156
533846
574469
118142
953805
329241
956409
827659
672184
288015
763742
517657
659873
661953
419355
975000
511006
244333
663963
546016
328869
658834
749644
293066
726045
580571
337859
993771
918609
198309
83196
718830
101953
636271
704767
661069
4051
216733
337823
625516
302119
741097
464413
23826
454152
175911
988073
771332
732477
406707
205512
897536
876928
929849
844817
281939
797702
94048
320913
141656
922877
67796
764622
60173
479316
584878
814953
325651
206259
3778
938076
986946
271948
171910
93539
538342
137545
694682
753784
380571
619429
12984
166710
743680
618455
539706
689503
848347
382248
435906
330745
605705
884326
136201
407251
536096
27569
386056
466789
779747
654386
577596
101333
987489
618540
487514
696726
798442
843690
873231
858987
785519
213656
130034
257674
164213
165166
263945
206747
221238
380743
554229
314143
349204
861776
964539
176494
179002
660507
719023
147353
818769
428243
503167
845934
144860
67658
20889
83417
529201
892847
121146
631783
310165
283
772756
31718
534002
936138
140251
285481
378103
882599
178989
877096
403405
215743
419676
340675
652529
170392
211673
856871
525298
379803
913342
719881
934729
233196
576311
574928
358160
888666
808974
770447
356257
829042
814099
773360
707724
30190
762532
237804
644788
336011
848415
808886
412230
237944
598753
435191
324311
723690
998521
52468
558042
690636
449582
328077
586426
30740
966825
27487
330906
734129
669761
340872
924135
289120
917281
580426
917398
420190
300312
700809
871295
705528
134845
555886
328726
825598
721597
273966
993922
877526
688131
336805
318875
556780
53634
142300
234373
596359
236578
421161
704035
530487
425028
270198
339514
835371
781108
414810
608228
14879
17962
920995
376366
587506
942717
910133
998158
589525
732965
131787
795780
989472
227115
437212
765579
62975
809839
982938
512956
550537
793493
887316
339072
264561
409742
169660
346288
917141
636414
543554
52683
879092
486543
836062
17107
574333
300370
163949
958276
72450
192909
421107
659122
115339
657253
864319
971838
249735
769193
816172
278196
316381
292216
138435
824708
928097
519825
202686
888924
178595
637365
366824
517342
1377
779131
473888
158211
347612
478704
963004
224332
786632
909672
376201
41056
882076
154726
442929
980103
402506
209571
673846
870977
554057
427391
885530
200004
523597
191361
249505
260881
308824
660492
87150
528114
638250
875105
861450
86354
52820
570955
109060
578680
976171
991531
878962
249378
914071
125984
38741
852666
500939
394066
437851
958007
813007
862748
272381
504019
404089
218708
567945
844516
447098
358328
347322
269978
140436
80630
636483
389588
599145
628247
446699
975967
584175
26698
775697
809548
972928
520329
59217
950188
275790
281834
681791
143274
882164
266756
552080
311942
532071
989820
332505
380522
237899
424555
160495
117802
904802
658093
103661
363677
462815
576393
543123
1938
591769
714872
655691
199409
912283
584660
732040
990192
105816
769759
958919
830190
645372
869612
525687
130351
556061
625901
636917
730741
826640
81051
841648
236279
906392
857276
575276
703553
62778
721172
543138
382439
463852
594154
382404
13607
247979
514805
157725
333018
973228
788516
630999
468695
249258
28679
92375
295333
224542
603677
891330
719578
668685
70778
231267
859988
258043
318997
189157
901587
672573
583916
46138
931570
450348
252308
922910
463040
510582
516320
558070
465983
677390
60269
78034
700217
292675
27849
528978
246073
395502
634814
101220
370669
762694
382014
338603
609878
284686
815084
978363
832873
839149
260165
707329
295302
543262
117033
962688
754962
344062
114698
913206
329459
172482
129008
997981
240423
844939
754534
593613
752257
605394
191492
155390
320258
17406
419930
407980
555280
272405
779062
770963
80021
821518
174035
599322
487095
256516
828702
818636
520687
157895
5861
696385
259401
647053
19807
570971
659831
838470
94226
548012
66001
750029
191013
930293
691245
206266
778690
339273
632471
150420
820327
635921
961325
85412
290250
108648
669914
643365
995879
137446
411373
237911
705127
546426
739093
760242
785198
262577
902203
2808
300801
232851
478524
4771
810195
436140
849601
120894
748331
466024
70397
815120
865523
413784
200323
850482
819999
880081
828354
5762
664119
473971
806814
312432
572931
70599
898155
554486
549651
458882
831624
493156
535336
545447
834070
209497
491522
230280
13908
83470
781895
818540
9433
34188
479629
375244
396844
13630
737284
393976
687171
423073
716611
458711
790423
126231
253485
487051
755360
139355
55616
675187
353842
125711
315258
774218
481268
525554
628135
421420
1977
788781
919372
646521
94588
345612
167082
513554
204861
902858
403567
526017
970866
489093
340926
41525
8300
404368
941145
979434
110600
855655
674985
145575
631693
438333
164715
113505
50921
622898
891510
908413
248835
119648
753644
492083
908924
471381
819901
833998
631944
727387
486547
838096
393314
802994
525726
259058
605169
340191
641468
374728
311477
406877
791299
116931
423853
63666
822447
387984
383817
492061
721635
758943
805191
63083
418653
456894
734253
987689
825723
989795
594594
243828
954532
237128
86568
152236
107221
12977
233721
87687
161864
16905
152702
921858
876290
327594
870502
705586
971002
859324
88745
433464
943521
757365
796570
214290
54162
52414
733794
379023
126616
137078
242334
962011
430358
914063
145239
161976
361943
470038
337050
65421
96947
996497
617396
886680
806362
157761
598540
264576
490752
955015
315933
155206
611621
608803
411982
930457
292736
276951
945775
152520
101319
914282
890514
788882
973726
748936
675460
825753
567513
407559
504487
461045
125232
477892
202157
622245
840702
291564
659251
697249
464182
497687
193399
917387
496931
861454
440
974275
223321
177709
215337
630554
300157
444388
754577
761118
386606
218135
443074
149843
207823
246117
969715
932931
751475
513350
698493
532973
388387
691150
236462
410329
508750
242126
962382
432075
187534
936090
566188
905366
442451
803172
904675
738183
970670
10631
743982
797570
398012
643808
510053
293355
662573
929559
247700
61435
909424
954747
492598
548338
502525
696907
317971
872427
376382
527250
808371
711691
962651
422826
888126
314259
934880
960608
25137
305302
534029
853176
737471
442308
306427
683847
568258
142116
377702
41279
528348
997280
363035
172168
805167
688378
516223
603208
522996
891101
495993
784837
227708
803854
116605
870626
587009
967809
721718
978374
245672
43528
368528
992090
238102
209254
116063
680368
581548
411010
167343
349569
45472
826871
615273
33743
449529
338376
20062
615017
991015
493233
168179
581453
318716
794776
736169
491239
784139
731747
272584
240632
159708
939683
380328
753042
993289
433773
516316
830527
772408
729162
545723
974786
169780
134724
131724
241397
595242
778337
14093
861777
393918
85164
735648
419020
542984
797230
411475
741405
224175
888316
554443
694171
108255
840362
44812
802947
158122
45981
355046
248536
851513
802622
961663
469221
255148
831883
908282
215262
533654
225415
172418
439333
878734
19922
954869
297512
731315
788819
687727
433959
407680
714705
557041
258451
196040
518497
169774
921042
325582
79930
634930
751904
657219
461796
291951
133263
914588
697807
549862
497519
834448
327360
609326
312904
846251
124070
794404
421828
788754
238603
163056
112746
802260
456550
807855
462469
183976
349261
612866
214499
583689
490055
774707
506169
423531
237312
139199
695204
663960
24726
78724
704906
634988
38096
529096
280799
45737
664366
369059
539971
62520
747547
294475
956425
612477
209407
396346
213779
450773
951601
302654
102169
472239
703498
524316
41032
523396
533204
421282
194631
479028
688034
672072
418900
320638
911609
860994
479053
21916
12396
496933
687051
859961
895557
849971
625961
850384
999071
569477
794338
471138
118993
83092
808280
933780
28741
144931
59569
971298
648678
667149
262172
785668
704695
874535
689970
723420
490561
490513
652471
361688
10661
196062
397055
727530
135055
905181
379373
259169
802571
673028
243223
559332
421489
992440
977093
229579
185660
595708
586136
590490
397177
218675
21064
298011
701339
60051
414086
326103
367915
828648
711872
293104
3932
836674
771395
781662
440189
747837
326394
472004
382471
311339
195092
63918
325910
267488
895620
784426
339061
730713
358306
233856
672146
171593
97647
257039
452112
335938
905077
435589
957755
395644
508685
149498
375831
396550
662394
317034
355409
679622
335923
860493
480087
852846
105535
827861
503683
814910
870008
512771
704562
371759
721009
54951
577396
542595
508404
66162
293532
310823
790180
845369
4534
357249
120457
979608
659420
680842
597537
930513
627693
181501
749136
305663
474178
317690
197932
395197
440646
144582
139116
108920
227891
666602
250915
987811
855380
237691
876313
994625
821110
68725
983624
605279
689899
736897
351600
525092
98234
187670
695703
55040
464294
306875
450209
936514
262617
515755
586887
805190
62765
974545
836215
606347
50520
795378
535432
609251
822065
855530
18969
700291
874147
108494
132165
133754
36781
910321
363908
212671
766867
240514
194721
64675
292645
698770
886675
979429
308073
117876
781179
976676
35175
274045
537401
212783
857234
585515
469099
83256
574350
48098
290564
264552
615330
223441
196
226636
807292
455028
403609
454252
327643
8050
938898
845116
120797
575974
649980
206444
689893
55931
736027
343066
134696
901552
17671
983591
940309
34427
454432
74599
891934
319114
248367
977138
675432
607332
852570
959064
98187
194734
915396
390321
505542
622858
966847
724305
534466
669274
776686
775003
682113
847522
148732
275181
109923
4235
550771
823673
525653
962372
268154
821875
464342
218371
292334
490662
247527
495914
189083
245730
629199
794180
626071
814096
776328
985710
722043
829414
110666
88786
280127
166773
271793
218383
904881
408351
246285
65077
465874
640999
151046
883692
160013
736353
248106
94004
242068
428552
740373
684998
298393
398638
212924
101658
202471
88014
514070
942978
831642
650429
993831
527412
499009
96383
797674
918885
400910
964406
238170
427216
665784
232566
727517
507605
423470
463859
275597
855551
667063
160860
226789
113566
428394
361345
42949
839699
421703
336494
758114
677098
613617
650268
565581
535329
102921
491645
483678
640007
772264
235510
881021
37376
659192
481065
287308
643109
114672
445871
108276
358856
359210
489765
174155
998997
765794
681630
163423
836691
595533
631030
21218
594058
217556
695942
342386
934399
78315
221683
641795
607067
383442
128289
717675
731946
489064
283973
931337
446015
759655
525401
708883
769076
362368
241320
264251
422862
195668
127945
724158
221120
859916
615080
200777
718278
75541
274623
581320
499826
756923
765733
220748
789252
354465
91837
341143
676721
626011
793359
979591
488326
209832
953971
474397
996454
758671
446761
880746
403439
641300
462534
835413
607675
751383
826953
982155
2755
306826
694284
852099
749021
759245
48086
474989
721510
734760
367629
749750
316602
404964
453513
771962
555296
387590
508803
622535
659267
495529
881004
169674
164059
380215
472794
371737
311403
164932
273181
443228
499427
47047
650992
546137
383269
660341
279115
12186
40356
746172
139669
940476
642473
746969
316599
253783
428336
761942
43788
902533
701295
2083
576244
316625
626550
358736
642952
662910
455601
147813
503656
20209
255499
731231
551855
319163
967405
472583
576904
542791
82980
706095
195866
391133
255457
555084
508959
630032
879257
681579
536210
12298
791181
297298
438023
331506
231332
450036
18580
813815
75060
493071
486317
838204
742943
235942
884494
823712
196890
301654
947793
909993
618505
19736
849375
329804
395526
879058
237059
804251
552257
52442
149018
823499
605249
305736
574759
566369
982601
841526
260483
846009
825621
201687
499953
304947
661123
106033
276752
473274
886543
884920
982121
821746
355127
852488
724008
958526
702077
205055
329640
49643
606283
676469
305191
443836
859504
377562
409625
871634
754761
104106
342360
951864
492859
228111
342904
454793
887068
927955
119289
143486
710193
335743
686870
895896
866834
773333
185146
947878
455210
514151
639634
170548
245147
32979
195901
538192
126974
369052
440480
256442
889352
201445
535959
86759
139784
610764
10822
301170
569932
983904
362061
94304
334947
672065
320922
472782
845054
209171
830936
755001
581680
498590
792965
157738
557077
302981
431585
388860
953294
410977
749442
867275
536874
50298
490948
641147
635424
984034
690334
324834
503929
503469
422737
90835
117066
616336
785465
93768
417055
804757
47238
957803
559796
95864
633604
719617
660252
705314
479638
312756
273989
335615
709569
405307
256403
406398
504164
32424
207976
697252
803526
388813
161797
130701
621832
130700
577994
696065
278649
812666
76697
142639
139208
183663
703449
49737
950100
790893
706838
108411
794080
334059
646342
693513
957538
796605
909159
464900
530746
827617
444227
609512
721152
403624
424981
21397
442358
820990
376582
66664
374556
303897
296400
303286
395811
119738
214276
403556
61881
47971
676646
986598
313603
664790
750262
977938
530729
46341
260810
270048
835594
236827
862614
942401
755601
837413
556110
188504
218079
107039
224994
634905
268328
90967
784168
817917
443546
764928
260120
471455
556215
656534
29296
684726
37124
891752
187384
504496
721241
469767
910432
159527
354009
235593
383493
579650
44604
623546
319122
994091
548168
741985
71875
937384
576415
120746
807365
428824
918641
985461
658106
225485
466705
771130
662360
412864
33125
618582
581873
334901
192440
401527
477261
796012
725354
443553
791283
653633
910919
200538
341703
758625
787636
16952
490829
868649
335685
105221
292364
824156
395756
508364
198477
226049
537037
685187
728002
647447
559213
683348
946756
470390
747016
216330
434229
553540
454145
762836
642885
578768
80052
531193
658063
680334
715112
486745
590883
484464
845088
594588
860127
147485
765968
833017
89398
386512
442605
151269
690195
197072
517341
314902
901014
605639
422990
246194
911868
974722
456738
191001
847838
240964
759496
966668
977680
290119
760038
472504
812138
334608
498
301475
768483
351021
707744
188146
428056
346510
228214
482580
338541
289214
502907
577359
701258
119612
110413
74469
599943
713594
957458
360994
465826
699377
288583
213637
68973
183839
407220
272457
177989
870815
726848
156494
659516
552547
188961
250281
374488
679439
442027
661189
9973
190773
869386
491700
862533
594217
659531
726422
939576
902145
966548
870116
143223
560555
453620
826266
483401
388267
193493
822591
367129
220719
968846
647634
795407
72464
94613
358610
900762
610535
165458
940074
701647
365898
805070
510904
437099
569890
411530
269305
674740
133290
591212
237906
28606
864902
406357
997501
910858
422654
299982
261646
372937
684117
942496
21793
197502
23626
852866
360483
628417
699946
804717
321081
489823
233040
229132
319376
686111
410747
155343
629122
530720
253066
797663
653026
131102
580118
894892
31780
646547
510316
867297
527788
884538
46182
167225
443121
946798
64932
670443
502350
208561
487340
65729
912229
290889
975644
477767
855088
892933
824904
768670
594854
251934
900084
620720
930821
641336
672367
901694
764226
467144
2186
291860
630667
320655
612980
504094
307829
263748
256755
766357
533127
535503
36097
337874
971618
412018
337601
195203
656011
216514
527068
441659
843159
381203
690685
824419
194482
858739
300773
724878
792075
487628
466731
310571
569632
487021
580308
778387
450401
553250
498378
731330
787588
274111
537149
744739
85413
476668
537747
498436
461975
522874
105357
813737
183243
300260
765815
977468
799579
368881
73291
917538
907316
361989
959140
1192
58142
501047
92122
539100
342762
196269
649022
401913
933111
769764
746995
120058
999712
623372
267239
346831
657157
871120
350509
176749
887605
11699
49017
430656
916789
474326
811447
637628
537775
628118
924168
701905
116346
241938
181337
919165
930114
986506
198178
827579
859988
272035
583481
36185
331785
595719
60688
701799
935308
395817
534609
944075
628489
182182
637204
872626
390707
875527
507259
19425
807666
814819
343659
650345
182440
198881
851175
534457
845279
601115
103178
268877
489809
573663
908577
823173
255314
105615
11811
440400
256542
909288
472334
382279
663739
574239
98782
591382
871306
539815
403500
144853
57520
111248
583138
156277
575835
681161
522519
999893
128883
330950
692427
321268
439967
545021
468928
803905
483249
989642
215667
509967
706735
834866
629814
477924
464831
961348
839147
346865
574318
853147
873695
363419
598045
412929
254144
140919
831944
40814
719932
517013
73332
361198
703160
422835
122613
854944
285034
258195
2649
834906
588116
738535
484981
507242
466974
583272
208778
693239
889870
178181
314259
927239
334246
564857
407021
446554
455514
366517
584995
708147
58284
660413
958165
278838
482982
716623
405381
266925
420211
184701
361855
234468
928219
49820
244578
574837
278426
713493
614094
613662
765275
11224
715436
705806
792790
734961
896596
140543
128515
777843
158943
239804
468025
555792
811083
97796
711464
682379
33604
88967
165487
406276
226005
94029
776091
883058
274667
900086
947709
204528
222401
595676
226343
848110
310061
807956
330563
594952
336199
205204
914831
50291
320881
761454
655673
838611
223880
59962
834578
992107
32550
682451
447666
375020
197456
502776
193577
173998
839171
176210
487517
858940
56790
592916
79301
822409
101772
556222
900865
425921
280440
860541
37203
635451
160781
808557
901054
618826
128642
953918
986489
363955
191262
608308
293584
288056
159269
688200
660504
449555
970847
263916
107725
34175
45953
112172
914250
672687
565307
774448
447075
74914
38173
839070
519394
980558
682790
78108
704221
513657
628843
660467
271344
90855
820769
864911
648349
1134
530759
567779
442812
254693
422642
440809
69408
800571
21302
332743
976585
696292
275118
286669
369471
531629
793705
52635
298001
925297
555569
127520
893034
333604
725305
281277
787148
403980
815906
763271
347884
187536
464362
384619
625322
692969
426994
887085
517612
878261
930794
98057
331286
121450
806619
702202
860647
752167
703760
468824
418867
625318
927010
533532
972857
901902
227871
461631
656800
609061
155030
861249
249235
811171
438210
325510
100022
462817
292305
534875
649155
774641
978575
70422
160006
926919
299060
836314
942577
569748
679302
135033
412765
169459
561516
867445
740702
716540
947473
230879
382977
188343
154289
535073
227748
328619
469892
386455
669938
262228
258307
23063
342842
668018
242971
208977
481836
47230
291053
998866
52143
336120
77696
510243
435553
338139
8964
163086
108780
589106
655684
684160
981249
995524
676135
158922
652149
721707
529698
638850
141236
401731
606846
179270
608358
426429
507713
25248
908764
90899
766780
885829
713847
68182
112432
911736
973142
342883
30814
782860
421433
28084
291946
600070
149623
449042
641451
372768
308248
808104
575058
161386
79952
687668
129652
705420
497561
470742
604213
31078
341163
411531
991187
273368
277339
972467
754956
687773
729165
419598
57901
292882
621719
435461
356537
317845
85492
400101
816050
507336
284194
251622
464326
52469
975193
30122
818841
63436
383528
223873
65195
29575
214317
208233
876006
961966
356592
893075
739591
570614
855452
272160
970790
990917
754780
276715
747427
714001
404431
933631
64303
548262
369767
981353
811892
493894
66979
353833
365346
309802
120230
338882
707608
114791
652276
978929
330987
326892
39562
104762
511509
853608
103575
951517
911805
737736
640986
416936
70302
824030
739097
811302
877143
708317
319099
794165
271695
411393
195011
102965
461827
679307
119017
709404
592302
449002
689111
937575
145940
831286
191933
578539
539434
36053
384593
3338
386917
375872
402214
463041
6941
79904
792808
461917
850846
767762
627442
751565
860172
637386
181260
277779
880816
306963
854788
30037
265827
846836
462887
849680
694485
531119
269724
141484
826107
390243
347998
83882
850259
771921
190613
821177
222165
741691
687695
32104
793015
212072
334879
858039
60445
801413
749842
868934
357340
58853
190859
237167
58858
555241
862586
413487
750371
444667
225981
978239
267130
94388
270739
942529
127546
158814
737785
178454
100216
428627
316579
402636
491928
817668
49752
599157
31352
624662
627882
823698
632316
337638
682577
597870
601335
807597
729508
346888
772658
626431
57139
608489
920157
673262
449091
192659
903888
519883
204583
281626
281340
746188
891319
10316
47666
551369
777008
597643
114063
942177
954728
122364
78404
898873
666924
483032
812478
188132
446199
699872
41846
7455
378065
755181
475286
4723
998723
63653
436038
207485
655090
623754
347923
143434
462176
922924
219452
852444
900858
194623
443544
161866
35678
190343
741351
321859
428974
402991
754675
770482
145290
839994
428386
874686
636781
557905
119451
699369
575846
392186
812691
185176
511088
813353
892595
382705
797168
719729
80040
261088
357900
246931
341254
418485
371363
355063
963802
458599
56236
309177
347786
903036
305838
499866
12139
665792
292441
291479
667424
464306
539264
209111
20969
86207
598004
531389
219535
592422
585278
239517
6442
847738
997240
202444
747278
197126
966216
383825
137168
373770
820794
962039
463672
899236
871481
824708
268805
984778
280170
913348
570455
421812
549862
434814
593661
182999
622290
72648
878683
481291
483292
134199
10424
86925
261907
424174
564514
200737
43427
935639
356094
459024
961900
663088
430192
891023
435967
187581
689059
867648
857396
18076
675189
863057
512875
588405
931842
303747
207581
409551
513036
266437
166366
159104
19780
597374
475505
472253
42295
39978
908167
512271
135576
5596
767446
151335
399078
5473
721555
70088
768442
138053
122572
235106
376559
989423
604771
932415
240942
660007
460394
520214
211796
632120
26008
366973
303171
97713
319334
340348
843138
265221
249993
970429
259601
304082
670348
151263
606926
802687
804681
357929
273341
758270
177027
923
4600
539825
93859
820641
305714
105065
94606
624481
503657
886025
486239
522291
976552
908297
660038
297136
894198
220886
109884
435043
110687
366039
643810
830493
951004
906059
601782
956645
67041
622990
246640
225420
605251
438330
114687
579613
617029
819626
921947
618803
241470
244250
934471
452006
685864
668650
920549
296669
405511
758274
868213
839111
451059
107343
62444
647333
72644
475562
4269
600190
309978
348442
479334
979830
987783
327792
432394
142265
17433
879249
613862
517202
447175
764817
205154
34840
756854
953849
768855
797575
25769
770731
766535
831916
913668
702429
894973
820602
206395
487873
404482
750779
318172
569733
251449
817248
617141
123766
579096
117113
731235
249087
280323
640128
891512
409872
808966
159695
619272
819098
964527
700210
746640
907446
417606
281111
846724
753125
846443
156642
954996
565170
805386
789661
632346
619060
699004
827277
805634
487152
398461
773151
200790
242139
607430
194945
339653
691004
165703
904398
567376
563376
424963
307105
977329
920264
78151
659531
351720
308236
930120
302367
960931
356067
804888
331882
843336
908362
143365
839616
782243
186306
93134
264049
536231
921159
73603
604315
178787
606778
484600
69081
474690
3040
31141
303257
367678
992899
197277
123980
256739
148662
792681
133494
922044
916150
163905
668453
628188
947564
709094
230974
479498
57744
131295
349810
640586
251495
240910
840656
195268
516204
262829
995317
746964
931789
104043
177950
670701
670476
760349
380638
701482
308806
116258
437994
503731
607953
830808
626834
91592
779838
65141
913611
197997
241853
107011
423143
948338
877472
797946
410405
151966
853496
464123
158117
680312
155996
587879
411700
517169
902280
490266
144325
173937
27041
224712
152961
176956
967830
967858
264501
89089
437987
645636
443562
119295
533551
74190
594
970196
682390
521245
344350
162340
295105
602997
690861
672034
618288
969390
843102
713278
103065
327848
678726
126059
317994
864877
576573
338380
674027
884961
111635
633594
817855
543080
408608
565620
524297
670804
903929
804132
390316
406473
419519
668490
218986
770736
68625
222151
194606
387604
447969
319560
909349
122460
119780
688269
490246
479461
969955
389013
932595
204348
312303
185576
154615
881141
256050
624321
891759
331179
37088
936277
918790
521940
289035
928516
165209
468863
240790
918427
30457
996013
331073
801924
274382
830666
527204
832139
383960
334790
199543
676749
448145
638228
85838
412095
268911
925247
981986
617240
931781
353956
369737
171612
871433
326224
425288
9734
105136
220854
438399
532242
936182
900749
417602
611108
454330
277956
784584
533784
455813
140195
867453
364711
877867
128192
897394
993010
128458
123738
358516
738607
656240
378261
385594
272749
683353
995538
389304
676741
646549
769322
947152
294175
615752
547400
135208
703454
784075
912160
580438
679785
34801
875088
286136
999959
804964
728401
752481
830646
983277
821401
858926
315832
845778
330001
802742
114043
455513
764270
462495
981556
596395
920623
522446
182327
725652
36657
115894
424677
246119
767090
303250
261234
72510
754848
39149
753297
228063
105245
651614
306623
398139
550738
218898
977193
53968
227309
856834
707323
990958
373368
670019
683207
877718
360471
770043
808589
185533
372254
953905
949421
927217
254349
17470
244902
449811
338985
672
261322
20994
944311
332462
393088
375000
864792
630309
540533
468238
37884
209120
193889
938235
884740
2982
303986
484089
313208
685150
546583
613288
252193
918045
600170
719052
747141
902560
477818
876114
843517
712213
41460
39344
457460
623059
909230
790890
296766
152811
906961
369392
330066
450070
642720
685733
701606
679437
531497
591994
106662
673464
479558
815673
792272
818110
107472
488414
959535
642171
72738
181535
915761
348880
156421
517517
731815
468052
534077
605650
861209
241639
995695
898842
943108
809575
429421
265103
405810
55164
871840
808828
482548
246991
302545
854291
596669
793048
363988
360586
666782
988947
376081
397855
842265
657300
386224
243389
695205
213170
62688
639863
231038
395103
847429
908081
516581
880984
323260
169118
350139
991479
517771
611555
492342
554662
495402
363354
473405
122414
87144
603059
672038
17837
965820
650614
604682
156070
165993
23460
505281
980978
869580
769787
325311
49109
121669
632215
522634
35372
671296
629557
34903
552706
467999
757459
942464
783937
802950
730228
980517
704837
361154
7999
663196
234892
650071
676487
852438
667594
933220
762086
489679
821209
66485
306946
220017
493262
893413
962097
673734
980455
356014
678713
690456
546208
508623
114480
39400
331812
763992
691266
969927
396257
800213
907729
734355
341876
593749
27895
788753
883524
953366
92838
960804
501419
965454
951345
371496
583054
811096
991460
251502
395277
268282
769037
258452
777622
765839
783774
133183
748692
802133
757738
60152
498821
427541
852493
379168
823658
831467
26793
875345
810647
391409
911370
679763
490474
589132
223659
195576
22680
423058
678994
392789
676835
102871
758166
546333
926632
186195
289025
13659
98836
430897
926224
106699
174967
175606
594199
116118
740465
973900
85569
64937
864840
312683
9462
162225
98716
231651
987413
992053
313137
545160
334496
329551
827884
636602
837623
133384
941721
718927
378109
435919
962857
602400
866263
183062
12153
782061
510419
69322
277517
849453
293477
270701
132891
576823
741388
568017
360004
837766
188499
610418
852702
764204
187251
938801
38444
910806
277845
646249
539119
647864
505974
133104
987605
72213
908836
846828
996432
77932
268965
730319
499522
273986
304758
912560
962260
661001
562545
563463
586790
432618
364552
689861
735392
884404
229421
926222
761319
249248
796756
236948
351532
887040
446224
542033
496350
5892
348570
563552
153024
220585
318257
609977
993365
206783
492315
700423
653303
278165
796617
636648
536263
147715
502488
313473
603710
26003
207092
639994
481314
794828
646551
815901
566613
327773
583919
597959
64583
470883
193950
932104
13964
998807
781787
620445
552137
649047
919413
912519
995783
342799
693240
901767
380329
421444
306152
47417
781114
797757
402666
681802
658336
398094
742275
683672
313326
600386
722615
660388
901397
751844
714899
518710
367225
402794
563911
379918
780066
830527
158699
976066
326089
993323
681506
36281
286675
24738
139164
714434
7834
507110
499509
82642
651622
410073
123067
205144
407226
436451
703437
24383
934859
616764
307550
459776
283852
298966
408793
116640
418660
720426
798431
608461
592257
831198
495723
412817
640134
777616
279767
68657
260192
444226
721591
661348
432310
957730
938851
980531
974462
962036
505683
595626
382829
242974
901667
255160
393862
853328
621621
110184
750356
826446
828725
129980
292531
118555
464312
109155
136776
927363
171006
851928
304080
236421
153494
209559
277142
476572
769696
673275
369279
107817
577710
150969
896959
708415
423620
781171
21934
674122
841087
699258
534069
670940
780434
435107
454434
257942
154603
982148
289372
348399
858996
522508
946416
760100
819061
114108
185097
405756
372502
622214
2942
303031
780162
213696
773894
142803
932840
494021
990087
572218
376027
892201
952843
751435
678617
553622
585491
877763
115369
168775
354630
952840
66781
463393
275458
188498
325943
387625
889620
9526
440232
757798
884418
515216
461364
63316
288709
378637
395569
369346
796500
73491
626030
896841
929883
47437
265007
419369
468235
970902
171479
134785
384394
693825
587103
510187
762635
982467
366914
685618
397561
328446
624955
753520
170573
410282
210470
327369
932032
360226
903171
966782
977690
130697
615258
834798
103848
593367
100472
294191
639435
253507
620055
150469
338861
492111
408859
213309
836879
49771
270713
666345
868990
969543
89778
448696
944485
374712
128317
707761
900219
954438
723971
910476
395869
456528
479428
440557
205238
499676
805655
268734
131866
126015
44174
895784
36338
788133
998968
550573
222354
461886
442368
435301
892903
731909
553522
571858
839756
239854
455902
354530
456507
519468
766933
782082
644256
154268
229520
330522
993929
170897
247025
483816
253114
239869
126177
780028
230430
206648
481432
439502
912215
175792
303995
619895
489334
783790
471839
735506
56454
286593
106091
792368
94275
489801
297116
495090
828520
936929
886883
871303
565094
873770
442857
912323
921264
215537
816882
587096
392947
239292
742879
987443
774948
927734
59661
790389
252657
675124
5404
666060
706713
952099
3914
494574
375063
588368
161085
663410
113338
643988
346015
454475
379792
985946
283811
894369
325056
449871
864167
867981
624247
294436
213298
770353
764027
582915
607900
863859
90459
254412
640909
705172
453831
915082
944541
75184
379388
153015
133275
869524
997911
830248
190505
501367
533131
725590
555205
749335
108206
721931
403106
429938
818350
797670
893364
718557
956384
140810
761931
305347
587257
970089
821143
677054
62805
268648
227146
612171
87029
57456
935835
25005
454726
168657
752998
939745
230748
881682
708464
43065
558078
142873
519945
252760
988186
241331
24266
547529
547033
745473
970366
57340
447437
239744
489501
379997
760711
137075
224691
523410
919174
648431
830368
434386
797258
990659
997496
730653
150022
156034
483339
480987
736755
2414
910334
18069
231169
735618
716696
344714
90728
318747
411033
906671
693853
523973
94532
960263
861345
347486
860414
639130
791795
440873
203279
82197
312806
509682
809221
383486
329741
506009
344695
38161
2002
90172
929639
418556
502054
959685
993409
668660
412370
747533
265152
841394
782125
919019
443504
975566
461350
29086
471182
827126
232769
763858
50059
237835
206047
182162
975983
233816
42613
33547
573851
133487
666847
201017
286567
243746
895309
163377
889065
255131
149979
46793
586647
845081
52351
199335
532356
406343
655324
849061
446726
781755
173747
131870
158841
87368
307705
13336
126172
996864
745283
358542
887064
975433
950941
311512
645217
598554
800187
667065
479990
333651
417351
821893
998978
484855
678297
666349
257381
578631
371461
626984
968332
365691
511437
566848
840060
715871
61239
124471
456367
83721
364026
636628
61397
82739
456082
776845
321403
512825
598003
666834
938505
485616
164698
994100
19813
165792
241406
28912
70582
361760
889701
36828
457987
631821
121620
678253
322681
665766
823711
10146
186635
389447
756062
479569
669492
492992
227840
264268
920088
167314
584953
283056
517192
112837
208023
858122
82404
48233
998515
573605
411
597799
784194
752884
996175
397890
577163
210264
729235
943792
346547
56975
550742
164047
22900
585467
338073
917254
47020
288778
583452
896185
149713
332550
623127
480360
891075
17275
831972
49701
192634
817664
779706
289456
162718
683300
548243
566704
187958
346999
652015
891408
701304
39794
834162
322612
482943
206147
468201
876887
921690
805433
565610
485827
45760
180617
207577
369707
801570
101627
20679
804072
24729
582580
44660
183246
232319
582112
773877
802859
392025
870395
824433
118300
803569
140925
45125
518219
914371
775328
675464
622920
874445
600143
130536
119363
369417
643693
794739
757348
414327
716606
677618
411015
315731
484918
869936
849495
776359
814300
416216
183942
919481
206939
7996
299302
349156
332453
600754
555879
104452
119236
561113
4909
832139
573567
580409
101133
247089
677541
374984
652645
10696
887161
975497
208085
84269
233338
342095
451934
892378
48397
470304
77461
824025
327049
745524
67139
446547
732511
646237
52892
505607
17316
203136
220442
359894
437949
705281
906742
260922
279590
420797
961027
139351
699679
241521
496615
559914
22707
854712
817910
641374
938598
284017
992237
705533
918842
42559
219527
596227
357278
938153
407551
296015
541620
141794
514147
464883
241661
814116
784146
354730
595044
669109
408530
386089
210531
730380
544976
981326
636310
605325
198197
506933
316186
503727
237281
898282
61729
365950
956678
398968
461462
197308
112356
645088
713575
823459
208284
760741
339380
252550
811124
256324
753490
673493
687782
103234
395771
606847
258213
797213
128790
683250
458221
667684
501279
50558
973381
333922
43571
439831
80340
61942
627323
803705
375581
605502
324978
735142
101081
767154
189972
436619
987440
216589
40101
508289
18195
513445
105819
526959
26936
815708
315305
424652
828083
177711
411304
196098
621230
821036
710372
522286
608773
666496
893121
183044
956544
471726
788937
480976
941934
922908
501907
340503
267034
748615
986640
791644
378541
707735
159413
559614
726240
560334
259648
776702
665755
927577
887914
446687
80495
515785
606696
963046
967725
782811
891741
182529
407329
666995
475167
902212
12718
348584
918948
663758
141255
814392
640457
893194
800904
599644
475262
706769
893871
705207
52242
125229
746361
480616
853335
847289
501661
907263
870642
78372
401119
748107
283457
170900
560915
547729
107945
851751
400431
322714
889851
838100
613067
913444
106114
362544
337015
257272
244843
182285
123833
716827
652497
386173
564641
722526
619749
61236
607179
797712
148471
19531
153969
840788
747939
415201
811306
350861
713818
815964
924995
958517
561996
615565
853113
651725
166895
640498
857040
577007
241007
838420
639250
411583
988338
658641
163495
451648
609862
614836
696206
444611
231082
794944
842294
634490
401206
541516
803579
927786
631975
321864
176640
626815
924427
692445
17829
147065
826117
442035
331429
498628
651390
867340
433487
981478
87401
788941
459359
69970
99696
139869
813113
730329
95680
933094
464449
731712
91950
912697
719705
719340
427204
707918
273848
997754
7532
300137
978339
980267
928312
938391
749003
463997
949516
133912
819460
222997
79849
234583
191773
476439
987030
879060
403360
846488
734701
168290
730279
677355
220927
737228
105113
33752
94437
483987
83712
475883
299428
348115
145992
531816
85756
94531
1751
900764
421517
718107
834627
299598
618407
2768
173556
962901
65708
352955
682200
587651
455332
283544
515324
219135
439709
225897
807374
918448
453309
767482
908140
188629
120870
82880
561512
315186
233924
805723
602075
113189
148790
735867
152290
805463
104598
405214
361402
632462
292903
446391
39796
225118
900890
590763
51092
813311
872509
250676
841164
14714
448769
275944
436240
270014
896742
684564
826070
564943
524997
738562
105132
936350
195321
271450
946677
133939
626539
756645
194369
631175
78585
434348
224584
342894
477379
404543
822147
960945
151953
633170
979816
391738
190756
814081
162560
861288
222552
59380
616102
534019
432050
422045
76190
960969
218252
6494
519055
925223
343194
504072
556575
705923
18904
460095
850473
351862
698130
349497
715613
240407
559695
517029
691381
879858
736411
800872
267728
275992
925616
340802
72749
431312
446016
494031
664965
70699
250402
156778
73860
106165
292758
299756
269414
91976
266231
174738
911211
998842
188348
464956
779382
170422
980970
853586
350344
481320
742170
421953
219667
914642
437602
266467
840446
617532
179555
328573
208628
419208
520495
974882
772201
558371
712917
439540
142571
792152
728650
508938
971424
939391
771253
175918
847202
867474
865878
775229
310196
600351
792980
240305
484383
507354
514595
263804
431085
859594
547343
720522
990849
301476
314535
593257
739153
992885
458184
244869
391042
87544
487877
220492
881183
403591
181424
224880
608949
919278
102728
859979
669901
481564
732223
366812
924614
779059
981094
731503
720975
908670
287863
983707
578559
915842
972991
400485
28305
289645
805222
908290
258111
603372
464860
828794
814393
376536
859746
371816
776706
150736
865394
152990
933928
467682
407116
285349
791710
220642
658015
775010
773367
718557
110672
106388
634881
20264
863721
790649
540092
658001
708065
151824
37046
926519
369220
906938
52740
871798
891903
407866
16159
540538
856394
981147
529688
916533
676466
976113
954425
700907
314626
457975
375546
758762
119757
771224
956957
61080
490715
994953
766566
680228
310510
930579
716986
327262
929071
956910
871443
235939
414010
617033
490142
964849
105731
237159
375154
937369
252131
438755
106476
570002
484355
24084
836075
647785
509539
530635
55333
614230
676680
671993
555364
757867
588288
498286
478497
163494
757523
831740
39739
611429
776264
133370
814676
771513
34640
325924
598217
819154
155667
350240
858187
348954
108310
732955
947551
397471
824390
264914
245678
848040
750628
678381
281865
924712
215692
321861
944126
709264
146723
904262
390479
783423
239132
968176
914581
566869
624168
515000
757169
794533
753976
671563
225130
681737
42672
150066
307624
363087
137961
828432
412876
683984
874723
532617
909738
964513
463878
586813
245924
214883
433171
331890
553508
734006
747692
579856
971445
833098
914044
659909
565759
881301
762948
938249
968157
971553
106371
887227
256477
353533
828737
978602
803795
175251
892473
124721
74138
26138
938081
453562
717160
5794
839639
937187
339917
227468
820265
728253
140360
241820
573697
620977
282886
706727
346476
917949
461240
730598
280069
26012
688912
996333
144578
943876
459735
936117
767130
570057
922478
961685
346514
322847
597215
714896
822947
347964
93855
906823
64266
708124
457122
347279
254508
153118
541467
860317
150755
49932
214479
712158
445417
860920
417493
680996
428896
888961
161196
272762
57787
243509
75960
678424
944653
499216
778907
488242
898348
524259
375084
454059
257281
867088
448791
524839
14191
519858
809233
647677
48414
55449
604790
690764
504547
260083
508416
273509
652174
920966
528678
528421
567439
670425
930447
762726
174725
281843
438193
971340
35173
741051
543691
974202
571715
84478
451067
125543
587840
965839
354108
503627
719825
624329
712704
475635
261863
90992
168422
507316
56064
476406
119448
933756
348874
401689
300100
85124
13295
937065
386165
654369
496385
408808
126477
599738
815620
51018
727137
555860
763794
44379
808817
191945
976943
76224
785091
153944
267818
34837
473626
498261
200940
347254
745752
802369
46048
294617
178349
611956
801471
712728
852475
547063
249398
800717
667272
547758
366135
411287
31711
926322
959001
705401
691011
762493
375277
549024
418449
18302
621214
498565
296561
550477
511556
473385
690872
682489
593285
261629
227166
263548
44840
54372
696727
794256
271736
683152
809872
430170
635473
288777
303559
690757
480970
303820
137095
196842
182846
841808
237311
338539
471865
980964
493374
504479
742524
21236
244750
853799
21038
6506
416362
11679
983455
477680
312924
908529
526073
820116
413944
336771
713157
91973
90671
919824
21911
302906
558864
393044
506456
654130
940385
588769
547182
536470
289238
441615
40010
581690
6636
296785
11917
195714
293093
990882
713303
191841
961888
623389
732014
799165
289108
753132
475400
317487
136617
950681
290422
963494
350323
838912
873069
545259
809099
682277
993585
209342
505676
898018
341472
686880
638119
7225
687192
551914
532196
299976
692294
731995
84150
330842
421708
894831
158201
833113
485198
536106
764938
187298
424410
211828
746243
9969
935793
740702
420369
727099
627382
402050
855284
951259
855282
577033
383187
750500
823426
898887
534970
882837
503390
957056
753393
590442
661382
737166
493434
989839
777802
892250
326630
375023
992503
944200
665492
586731
53209
175023
17991
109543
565874
442949
241891
783806
911093
24602
424196
677397
364991
194043
374203
550349
329299
56631
528614
739090
122128
272510
294315
96017
436914
884452
125521
476742
744001
59269
58939
847603
189529
414659
88257
163820
235223
441003
448236
602831
406429
735478
586638
445138
170499
28715
722236
146997
520794
825186
414122
637718
816606
307363
673057
362467
572599
979372
112415
376106
78124
927185
987403
913804
975525
267966
914323
784080
209499
339800
410852
200339
624030
29506
330757
552733
153218
985212
125265
793232
327527
10725
283663
420602
217700
311777
250927
113417
188048
670357
351459
927646
130988
70031
975256
71802
704752
791619
949264
459029
524593
422128
980574
608013
129067
196194
673725
345083
818929
559760
358796
305186
820590
512485
412394
897921
10391
125980
74666
240008
800879
271428
608115
735847
614582
762723
224887
45889
490543
533303
233294
765311
790605
301272
623086
621313
971705
744185
333257
649648
387074
425869
965827
722863
10274
456902
407567
59056
127465
606392
729381
714083
404233
253916
192994
150280
887933
426993
139516
864614
841942
588989
47903
963348
262755
911922
605097
771124
551292
613355
350847
565504
956523
747221
523338
335804
24760
318827
730706
614667
614672
109465
455157
518558
476753
671362
509059
702279
551348
298653
510649
30188
851352
929210
65113
372054
678055
118627
284066
713705
367655
960541
321969
401326
450847
896398
575156
144268
33059
306552
749318
221270
165247
816803
525549
867005
521660
225177
821996
594150
469074
18763
242820
928919
350186
605329
348110
362378
632269
709391
236398
649956
237807
777075
720373
249407
732114
125018
162325
523556
843353
824786
831041
130132
418474
676090
48033
774405
301886
483974
701231
760746
798664
498079
193905
544619
708927
577639
814291
678772
657226
974106
423776
483113
465159
694416
378397
839415
174072
156063
117954
938310
16651
685085
836502
165835
607493
888963
91750
819001
87946
96493
651425
369111
801611
58237
389203
831277
56140
70624
418876
895832
354769
831656
459596
685629
121317
39833
865150
315610
567366
309375
574030
376312
917488
426940
301784
547389
323972
563744
753551
353438
569173
707249
578134
955889
307856
9738
449214
356000
174597
484639
513501
653817
263766
345630
200967
806371
84154
596529
151532
940972
255215
483936
487438
283197
116410
386324
503261
39023
115676
660406
969584
972406
326739
414838
829474
486459
445193
473960
71047
248392
685533
834760
859978
29341
685645
919518
408100
170655
770237
162877
238523
659376
117478
189669
57813
798426
180446
809480
146615
459876
429823
773354
846942
782407
937335
965665
490201
502779
924460
60220
945537
354794
138954
262400
655511
266694
922858
331469
958200
835062
656224
234336
941503
617387
399649
886962
550135
328657
495247
295933
3643
974306
29603
402654
191789
928020
671350
294102
866255
356467
236780
852266
342465
84489
777597
8683
376599
513529
796001
899472
930518
604267
912856
517183
121484
93153
324819
990186
623625
651304
377090
221334
107837
871915
50811
30391
557551
600162
690884
27000
287128
268967
243069
249814
164186
173353
559789
591404
150752
498937
606567
682313
180499
335362
442392
630333
752245
254102
583280
564467
65374
675619
667499
587640
479505
997380
466235
652762
5947
620980
103892
720171
418823
222237
257363
119525
118304
459598
150284
861991
397828
281292
509167
65694
595778
885951
930517
122623
238160
903501
539693
235504
350411
283012
683134
689606
795211
670001
59352
117289
871714
576142
740187
26516
476402
94743
620515
251961
424168
126013
973775
716993
933785
709556
198573
965873
579639
284327
301699
449256
182383
23115
866940
825349
286371
341265
648302
372133
717567
867509
452932
948490
371002
523764
430733
275991
528875
529882
571487
160695
991237
52409
236393
271326
409457
248694
489877
549288
216327
961661
738070
656157
373032
435540
930259
103126
935546
281613
999087
38521
620289
317846
581557
495007
919127
734378
74205
725591
89224
664170
288893
769156
360204
987398
75279
653345
760801
322325
344283
373477
860037
918853
618113
729154
187021
66412
983589
327111
588837
915133
588343
733221
391845
306134
251741
983438
553611
589301
428864
351993
829467
38795
66608
792450
854352
379433
676149
294383
379709
19479
173555
142094
144133
759172
437113
749177
342707
908055
763366
999868
631543
713891
311352
426445
281534
520442
113266
442681
33901
830168
567785
412320
548153
469056
757740
39639
722597
125285
2574
840107
394393
965758
139154
462981
159324
171900
745521
745001
808558
132056
796426
702168
781189
331397
181415
20438
176994
514629
718119
567686
915534
646744
281422
965809
910070
933647
418085
574501
878304
846974
944207
909178
186697
362383
730026
56816
921245
994355
970974
704820
322258
837876
105349
270785
249890
202279
244343
8548
989539
242685
990641
388312
882756
599544
692577
516431
274854
454522
538064
567826
113428
635192
109420
219007
822753
902222
720625
452466
457949
430573
774580
63359
33139
499439
209676
571419
24034
799499
491933
692442
52694
693796
883394
975698
604643
217212
465878
779935
814173
192837
121311
589952
490198
804824
651352
395295
465845
690175
701914
910894
866671
11884
487078
53485
75173
498701
393745
550088
741466
905399
97997
248348
46799
82559
248015
306586
816957
559528
33442
702660
299567
790198
802696
274709
77305
698721
58504
632317
120856
491493
181913
57802
277928
714166
719529
664162
394108
873553
401226
428717
365853
703790
686074
351439
805986
270738
55309
230547
247657
36928
545849
245027
178863
475023
296638
547508
59858
372759
495088
200510
746464
762437
291938
293865
985115
267919
315505
528323
537868
185409
298154
630126
425856
787765
305241
453015
429219
547936
830319
791392
611512
483081
773903
711136
192435
126806
433909
100928
513971
910911
302147
575878
378783
779939
356714
44526
350620
174073
994161
769908
86632
535711
893477
912623
986070
439502
568413
812055
593830
225583
240425
226343
252160
131142
252055
228574
408845
778444
430625
721887
587827
654300
303158
645624
4547
226787
74815
877440
363578
105886
362584
209702
316591
99183
135892
378996
923903
47804
146868
140415
655233
192751
711819
755157
843068
438022
807041
833043
272696
360182
866292
994531
445810
433917
372088
853782
222249
89283
388991
639066
562709
340460
62100
698520
463287
593213
883649
890797
988811
603944
942993
56450
27483
372021
172528
371978
177197
499599
514478
688663
422109
373737
281506
715226
919493
627851
49259
912757
370520
688125
64402
809470
367566
900622
555979
642835
538809
323841
103131
371605
960823
69973
962963
985987
497088
287728
124602
865971
708895
150375
715657
116270
126846
927405
581967
563049
158362
443861
664757
705820
594197
760965
539356
133121
958890
111801
448482
713835
804027
669681
535940
897729
465926
614777
412317
785237
186806
474323
458125
718309
254870
243458
108149
284077
610464
921525
617886
604518
527796
145807
658169
10079
920164
598159
129537
364279
42412
144417
881149
992308
87295
251840
394657
96772
196668
68934
791124
153293
66495
906385
508429
141427
350548
668820
977366
496358
97223
912055
117235
212836
877335
328300
399324
309714
358089
236688
802213
195379
462232
943417
955902
403778
704905
205474
150935
688178
984029
609392
852700
628864
547424
763040
485022
485169
500319
721232
59665
812462
123702
554150
317042
174840
819975
510497
546561
999817
972807
743418
178988
285513
457970
15670
342796
215017
566623
489035
53000
235744
785006
86828
345943
309312
566301
890995
483620
613940
327994
255466
526410
467288
291955
666935
704446
880821
896201
988769
59532
732504
415459
682371
861754
614477
209407
261068
173961
137533
495555
914543
434521
468385
974898
319278
799468
386658
933562
518719
659587
382223
16489
632216
510692
933178
591552
661276
747069
371760
364576
428450
222819
934546
909921
704030
470835
420564
443138
145134
573145
976082
569594
601091
523951
943690
588013
839146
605693
405882
40570
767350
435423
859095
967857
614796
820420
299623
712226
941579
896658
280124
942480
230805
775015
918221
214341
736895
489979
143794
326719
144273
536865
465915
324360
567610
176044
214318
314019
90131
114030
372892
347426
863694
476
487583
399701
56571
677709
712626
474461
186934
353121
497261
526238
769905
885119
163675
103379
333786
823542
305722
941179
689128
967493
7886
814193
396039
652918
788130
89881
848606
605796
486684
844150
666297
811998
509372
645593
473752
677348
230001
185268
671699
330766
603544
410445
855656
463308
259922
694734
136739
193224
394688
622777
674921
927144
206749
632760
386592
163759
205625
800274
291134
696451
368334
259770
409965
872073
938817
359170
376216
738860
89142
562861
981781
372349
737680
519393
968623
253621
533700
394491
980302
214293
785752
235965
822725
756078
307326
889826
430584
133949
394759
540883
868200
168622
299718
597618
214301
5889
122434
971282
647215
695882
554263
750026
155888
877906
614313
654047
368185
646556
657094
654046
113424
278658
535255
864651
575027
215677
852099
918707
277252
134723
979553
604638
497040
167050
991767
65697
359741
883179
43924
920016
1232
526306
110694
732880
255193
485170
915384
202057
841660
437093
655596
862203
59740
215537
889937
532776
38437
528630
269377
652463
485430
444132
95002
96249
855018
922426
329751
365964
778562
73705
18442
362685
556144
252439
591480
913730
5122
730175
58705
863333
908521
237237
796810
16149
178214
209927
958105
212375
199056
123583
264652
50906
900036
497478
574023
8039
475753
288099
778904
215159
346078
394976
779576
915422
32579
220301
461729
154726
185697
206622
78662
387703
698295
252207
363252
527601
182306
884201
226179
442716
897576
499004
560760
327159
780704
870924
960827
669357
233218
256616
636271
355365
968583
195893
406515
521912
453116
761513
355381
295742
126697
260147
531310
230017
636376
776568
403901
389587
941252
866425
269988
687868
978912
20432
408537
257739
775360
23769
707018
559181
792104
387246
393841
796124
275248
514378
94863
833359
664912
717967
606216
855631
533134
861218
544282
380873
450689
152116
689979
347583
887040
391004
631567
338042
652524
222496
544387
63258
258519
221075
546953
459597
478864
147928
660464
448158
237581
654596
414814
684901
649587
865442
358317
76893
899204
365776
211232
467602
404517
831238
329345
529401
23627
771575
635992
933018
674434
44304
852937
666984
998170
763997
408651
70577
504558
135499
482497
21360
425554
23688
184055
115968
689240
585542
23610
153707
154431
683423
810964
30881
464633
352979
585122
628484
25496
167852
210196
62048
641812
667714
960257
811448
56571
204251
732901
383867
157429
308458
837688
477910
125875
617016
24235
388963
32308
952928
671681
868799
447348
71732
338376
718777
983025
522686
91316
800677
101978
28513
609110
904081
43863
641821
630270
618319
601392
997104
811562
550897
412699
581658
11433
488019
64228
83066
499472
231762
637563
234388
28312
413659
743125
501620
794707
525598
444736
53419
148745
892384
820104
860728
823667
26224
137854
708419
993619
588081
983467
720258
821486
960726
864913
786366
113575
604333
571418
887792
323962
947730
65120
639685
242769
519492
9688
616129
789574
948180
892827
763776
156342
284089
209555
257495
699902
855233
868862
397336
579733
879458
110434
502324
73862
942831
175630
221179
993928
922598
804424
836608
282427
233190
961944
549656
845569
836925
119664
194880
484087
736031
543350
270174
155471
483508
375216
153504
870732
211016
647371
388161
763096
159462
766856
148010
442821
483710
876356
888437
814686
911939
927714
368780
186986
476882
563543
963376
827837
175500
955281
826390
813050
526212
371781
366380
673128
948564
875475
371513
366128
258442
334105
896546
430961
216832
34001
87368
460416
764553
654119
386895
21567
247751
865820
405690
932376
636058
986384
906226
623703
410163
745455
504293
466465
686534
856763
283019
932885
594590
91761
462660
486910
939402
402843
153950
130674
564341
786929
309170
525450
98260
894189
6253
939133
879608
983466
4205
783835
659971
856632
187841
599844
796599
991359
947795
280963
330922
564492
150690
109994
80406
298429
222823
422347
659661
375877
748441
889392
902601
258525
216460
942199
171169
352584
928884
248494
520024
336960
818632
665223
104464
311362
473794
833592
404508
238643
329667
808753
157554
988526
277650
241659
229567
371051
51973
98666
684885
404749
477176
964350
507328
615432
498938
458524
265910
503980
731528
736356
335532
336787
145777
32622
483269
885155
707160
208870
25125
856385
793880
263809
106340
164819
794626
246875
230495
162351
571329
771375
726056
221733
223455
461746
994461
248101
345760
117516
788950
52111
379724
697524
738488
79574
647755
107943
137447
89295
974632
957316
163992
695388
766328
809095
28484
189359
532436
797664
488120
320317
469057
881199
619593
171201
730993
173599
106854
909226
256931
223004
132102
82851
38565
772274
668607
542204
174265
821891
743416
105274
624406
746149
442551
785912
735045
475734
887956
831160
652268
972828
836175
551946
603752
72062
844029
62679
17235
832280
649885
180746
162405
487775
518600
896156
474294
437170
106055
281787
713569
829528
110207
556439
312261
629468
764871
849353
110949
168514
975066
113248
221359
442981
721128
165640
918234
54446
98695
587417
36712
197491
612166
240186
590731
877417
150434
546096
141412
799944
8850
775751
573734
718842
7741
844891
848473
29951
180620
431107
205243
623456
37465
87131
377793
19853
393926
608301
94779
663509
71787
301947
114261
913730
49639
471916
727161
120527
209431
379857
475090
694983
30885
620626
45420
161084
22712
148281
489271
649376
127625
232923
221930
517123
586774
379038
989765
24297
73391
215660
922542
599047
499373
880819
530173
331034
376770
312342
4947
430885
774060
997427
803685
984773
664260
305553
360343
450354
478195
949158
996419
795092
403395
164547
916056
77055
893715
576797
969375
149389
437541
571769
86297
523735
315665
969011
424261
449040
68317
70826
4350
765181
589988
112139
950208
743700
613170
491641
713035
854129
897202
740566
592288
798831
901758
78513
717992
262185
387798
904844
950068
142221
380909
49032
954783
777817
479772
597871
368208
438774
284537
402782
499292
554349
789059
766477
552008
582410
592116
284285
382060
869388
111737
813245
232114
720645
692926
675160
556158
477077
131042
125406
200360
497149
354506
310221
921188
452066
573586
808285
707779
320481
423325
725797
713618
708809
265805
63213
905888
821817
453774
527697
627102
289687
817677
539214
353503
661546
803271
156204
113086
372501
179900
276872
450270
353265
37186
703613
325004
593541
10741
549935
671425
55653
14028
386035
823109
711780
747655
219102
727661
422134
126724
59689
521989
210535
742449
900478
845000
910322
822172
15841
296268
663487
119335
220094
855931
534141
655063
521995
664379
253271
951307
304153
442261
538185
153213
601687
568274
391860
617557
789971
212502
882842
21369
628997
845711
938410
579520
426515
666353
273986
31340
724108
33703
321575
891059
876898
726388
566926
638443
618773
634027
892951
884752
919665
842439
690073
531253
247982
645928
625176
118470
958197
810219
61715
676149
190850
249188
976442
585
895972
145658
300733
972927
746786
57312
540544
426908
906104
767788
530411
5968
329406
694485
33245
576904
638890
295118
498752
946577
68652
535033
412151
530532
300855
905994
477556
185554
484128
815289
912423
776141
755102
648483
560849
62224
129394
174462
230967
998316
198048
721399
717809
115697
842843
722666
628578
806837
120254
912061
922626
137604
596791
218650
413334
209892
885502
755143
766785
443395
337539
298915
55796
391551
87014
624575
955010
921042
720928
298710
6927
31576
549631
830314
896294
704447
41294
398461
738664
731338
310930
77098
174690
970946
697905
843678
506680
788601
714542
485749
65278
866748
746191
548597
92774
327636
976416
150945
633427
464953
818256
830907
988620
620692
410040
970970
390476
2607
507132
472611
549430
423484
363530
59559
200165
73279
660032
671193
584418
192920
928298
645482
11823
212593
683432
694211
495296
970496
567150
440030
764809
836281
901478
370434
386674
263764
96112
921689
209384
682358
553993
640431
917965
912767
149129
947273
884815
144623
107910
242208
974742
209653
17175
499961
532183
482070
492339
145634
219206
410166
178743
727626
521384
52935
776838
898302
680326
371147
469450
515324
406717
378887
126681
777269
528563
206982
314676
830244
186724
283526
548457
722694
393690
244228
850136
216949
178299
137823
442066
13349
720892
91947
609309
125817
54516
409237
378452
43139
229387
130606
784427
254295
670929
879254
220497
852362
917995
397446
848622
434700
744039
477305
707596
816863
103601
175864
810385
638579
502815
572481
445610
823648
328551
807507
464772
19199
941104
494489
42996
335398
545477
78832
932535
260670
148582
466007
980051
73602
882937
615154
27420
7829
824414
6075
432978
55936
634464
600710
616552
488456
537799
792110
877024
237544
899210
989601
641745
811632
718689
447173
57674
675258
833529
931846
890321
204996
915777
830334
604932
776111
469217
521215
968353
38419
201355
626304
388065
73405
711849
426785
767422
264902
923254
448924
517334
384401
248617
444682
934824
765344
407691
892303
1275
141587
225258
867044
47325
955711
199206
139967
934857
58087
728744
746337
112290
908058
921331
20988
991964
190377
165970
373246
770298
954626
590769
56254
181681
846445
899592
872770
183084
576099
122354
81707
972969
498246
864668
867902
286656
436226
892440
774735
841668
225854
509201
348236
116546
731070
481433
709219
438055
569176
178143
984977
378430
948880
31548
454664
540566
290707
734060
243452
90049
171533
152474
717451
97849
237671
652819
553031
298398
457312
141981
602401
915291
273607
207649
734451
357542
641362
995907
124265
991077
677022
410258
420685
644782
296388
119579
591151
360679
137364
349080
24557
131916
310961
552070
461860
403855
92873
746516
198707
841882
887983
777591
536616
440176
884950
811610
472266
876273
882476
511603
601987
493820
285264
922609
305383
50287
707826
650001
967717
168778
875526
702096
816009
41137
179429
395067
679723
975440
250240
912482
984120
659033
350721
910507
20698
469480
952768
583938
694855
704648
697374
90286
635875
21455
262338
654591
807315
350308
798958
301796
468448
335137
62589
270873
221891
960019
364987
890749
768979
478622
416288
471937
724424
722110
124395
728765
375275
869608
941016
518813
910876
314511
54141
490808
493375
778178
967687
562945
877380
77362
216139
381078
274194
900178
774795
175606
193104
620631
993736
100816
887120
446431
650623
67958
146648
361454
604225
493104
555405
11539
961074
277997
828542
480233
334942
938261
131530
206905
374003
290169
98544
729341
836959
439660
286577
533247
388551
11947
575524
711072
633632
261495
618902
1141
601902
768516
653403
15052
67543
893513
706165
719948
75555
578104
583136
649530
115603
140168
924856
726808
790426
621293
697736
581288
467708
223274
443376
587406
747522
646204
710514
817107
225239
478327
7065
304198
313795
181615
243910
472573
382145
893773
709464
65337
382078
58113
77111
211495
522929
938710
692542
782019
412177
856353
731735
66936
978707
190403
319073
693202
74286
691887
968403
944769
575060
269645
861172
662865
651387
308365
257572
569491
2045
562025
864892
324504
983436
109175
920020
748044
46467
119630
485470
856684
36631
32723
739887
563941
508844
877471
785438
432203
889988
995342
243781
610418
929682
135015
136165
784685
851821
128675
889702
859553
94880
130140
895547
653316
430238
615955
599972
72055
581715
379422
541197
75198
53909
894764
46420
556184
299193
663670
292264
299711
751618
189509
628236
439230
301045
379866
570299
99178
396040
736189
866854
436990
634552
702885
528345
842391
469818
866176
525115
949640
72777
731617
343540
701851
580766
149252
887017
667045
163390
444862
552163
425093
523373
110661
281805
347257
838848
181145
811548
226076
555792
541199
109065
907904
374411
667384
911482
958692
669732
87538
562431
768466
261930
223562
191287
392664
498359
366797
636691
847904
574655
290474
975026
597422
767880
249861
92908
632950
822584
442010
381355
793944
767562
704972
926130
745337
522971
753610
640065
537407
78625
111516
86289
150184
25530
465360
907642
503880
47138
433275
516021
177053
999871
353454
21755
262096
77015
218231
708940
687499
812769
62545
552587
910385
379705
865321
61446
618879
912364
950285
7252
40829
240371
967219
528216
312800
864765
475364
927970
760255
475045
299843
760884
799152
370563
838590
337313
586559
172126
293840
269585
121098
465727
184496
664290
944060
702561
55641
324969
604900
592836
55735
643990
93745
463008
878699
729205
40012
257911
566843
309713
328082
474051
764633
186803
714349
720015
927630
365320
722510
326178
595779
682784
399817
178901
315372
713171
778572
168774
591954
106174
764541
882533
769019
805547
433392
215084
989303
574799
679234
354283
854090
177388
296404
532417
60657
216791
322407
179303
730067
258324
39121
653414
790790
54365
349338
530537
426554
218369
632886
927405
440838
737770
216798
457812
612237
595703
250381
776793
195148
720135
910100
660510
701571
671511
144730
140706
409982
754755
685684
884750
772479
753257
618141
73774
492490
143979
718354
935421
996173
559186
386316
482841
784297
26832
481243
349781
745953
706910
498908
985837
287390
146820
796375
617556
505116
881655
69879
397162
449525
38748
612518
211594
415432
826219
301765
759295
193158
72814
125189
193110
575065
938921
535461
800206
902001
153044
381256
850540
615787
228932
696050
787115
785376
456936
222815
490193
670856
21806
266624
950493
655818
954245
524883
271901
841633
475966
355229
738907
371756
992204
998663
605047
584914
854378
622995
455568
348559
897883
569721
554588
557536
391693
337506
844440
562247
868055
164480
310745
24316
916897
681928
858368
59632
98339
48333
320459
553406
508742
682170
436169
3697
905894
516652
180390
802988
322297
298410
187236
899130
561033
844161
695466
717107
860253
89856
923382
579655
912694
759245
553519
999018
19061
624867
234262
475932
983834
418921
6682
310612
164391
850927
398090
508488
682146
891719
828965
111771
833466
334270
73613
724644
789505
437174
101210
379927
94808
664673
917899
447635
453224
794524
928920
673479
251404
817446
908131
540033
477901
612411
985420
643285
711109
993745
473252
968294
572324
719854
995769
837076
390801
339812
563088
596994
610344
547243
412336
713282
615650
83609
648091
642656
335826
350016
326488
522312
577740
948260
326379
357205
315232
872215
726631
353783
234308
563
148314
588159
821199
290740
995174
834698
529826
881007
712239
447752
826977
41075
500400
820008
365855
461819
621864
485410
359896
50892
393970
630176
556439
19889
883891
762249
362104
730705
396525
495532
172104
683818
333808
819590
496328
215852
270319
263665
4881
199860
628912
702121
168209
200099
181789
172411
593395
731419
313016
391244
435549
862550
396140
136195
914579
813602
142526
774292
987641
658173
421218
890346
266933
270537
857386
431472
860083
763372
672345
108029
39490
20038
221718
966426
735451
703888
550332
102832
667458
14094
788750
200467
442118
914032
964360
494053
557154
533323
383569
792360
153286
237870
376588
605988
845551
185572
340941
342449
313586
831046
279272
221730
529881
919034
703462
941774
235300
239500
23377
347388
963249
221159
271855
363050
889206
575599
322123
609722
433066
115966
562990
757242
158531
674362
338605
521358
195035
358352
817884
367932
497772
240335
849184
285524
590650
655843
721122
593146
92112
733292
170208
293522
779106
917242
248541
817670
795089
466855
434041
729463
966990
819154
633371
283069
39446
573235
10826
786525
5531
722656
250651
277638
999043
635803
584133
319688
341001
679637
985040
675474
698754
241348
802988
927910
707642
476828
896478
110683
236861
555501
369173
689102
413425
279064
203227
42599
172512
54127
665191
952131
39828
690856
722959
284099
630299
156734
691866
396208
65834
12197
844788
547850
129118
11432
72059
710188
653661
340896
927670
111325
183323
931922
365797
946293
96761
558246
144755
769385
14920
4288
958088
895542
836970
468349
630395
678182
414681
812108
709221
102978
748226
991206
331536
148501
988809
621803
536335
826904
77168
697243
529511
679423
97746
641709
528747
39455
704329
500048
506277
513658
952047
796283
592432
383657
257154
695283
29411
640868
981153
464281
590632
207473
296883
125677
343338
519527
760295
873315
754412
371294
144789
711840
557175
863926
176195
514129
613740
149824
465476
589352
856759
318860
59388
531765
305956
177744
864446
542941
304780
38513
309974
261305
623719
359857
275810
975757
198789
296182
155419
209315
236312
739763
73586
216579
275113
923125
388437
662994
58731
221004
736464
250757
869613
478932
677328
265728
738216
546015
732548
72015
257080
394368
857308
449023
560936
740855
812595
726426
170086
196852
576841
921534
464981
699466
121641
333593
964354
973809
252522
565251
134958
181623
733008
38584
534793
954629
965778
887665
558400
252810
219190
496477
894189
392646
997017
729921
94637
167285
878091
458537
129744
771926
168598
785673
794793
25430
98079
752181
78916
43870
281126
681146
763255
758198
890664
747991
930321
952340
918820
368731
537264
766213
451002
356508
93743
624247
906990
34449
548219
560609
457292
22541
176711
891727
230310
162841
452502
227021
839993
778796
169909
655728
259694
201161
901003
743932
20028
483318
138440
145589
261098
633108
847163
713349
391474
15264
518656
734214
125505
708293
427030
487597
411739
864283
565455
9684
351324
367168
284384
556515
757849
39633
875096
231450
130917
334534
241518
439484
187888
196583
368371
157147
222473
893487
855270
972349
619396
933883
887270
810856
748342
824687
152642
482255
331229
388070
490540
844441
555677
81043
703949
976202
864165
668857
839666
741264
227376
757251
418659
647788
131560
470657
27476
36667
776164
28991
595829
789985
690386
597380
111012
340113
681456
716452
656899
21626
593396
49794
461603
575569
905356
3814
451231
923959
223488
338743
924486
10248
692275
503509
974832
160960
562696
1493
613489
31625
369632
8986
153836
856101
176194
859020
557759
205364
469012
698488
675676
701091
216390
758404
566519
687153
245198
31757
905499
4639
696333
971679
607192
268404
84817
631120
866903
997482
69684
292345
38798
517304
373665
777554
989390
338301
770742
615465
346233
416006
405893
526335
451474
547196
730101
556479
390381
808621
471494
318684
791301
512629
810098
294086
89004
522441
304494
781320
768221
386207
746000
334465
775789
507517
704074
216572
362784
586013
655700
31215
798808
267002
447592
77901
37609
177147
676967
158216
691847
941816
295065
57127
921569
494701
472978
974079
398151
942010
700015
996177
908550
762260
515264
794112
401556
873420
645248
634861
412838
631290
867391
734065
761824
227206
84449
189494
43940
448658
510
184754
931531
12359
109802
16257
850418
415099
11088
182814
42412
198460
399032
430398
128341
346236
182248
506186
61766
241176
231846
688759
237860
875335
406875
886915
247827
873115
562322
747725
49609
21879
776032
387729
845181
709134
355678
22400
46653
8083
303314
223224
912991
399811
887916
869797
52687
702603
147884
957811
654024
48662
995872
475951
178910
637175
482187
132473
847223
453296
289634
484776
424602
378973
829040
406650
516063
968192
470873
261686
976966
249066
919227
66081
770212
782018
361392
111449
446904
110325
333872
274769
577564
699258
624724
962601
589335
339008
264821
799848
978191
14583
885171
931417
203868
239416
15953
161665
426743
941010
887422
656121
193489
415090
707567
920747
144064
578222
707751
601453
724500
651054
836696
903541
751496
972791
566371
649144
192148
70038
974588
180260
487776
93541
314153
204214
17426
531069
974313
231096
526408
156216
34225
865563
396449
878369
485905
778669
522230
709691
329334
65206
604071
691306
758537
57845
970447
49922
578228
20338
250713
303339
962372
417472
411372
165933
83305
303313
105730
691550
149723
217205
342999
420389
383575
493937
435772
341994
246279
991544
214602
138396
147648
715401
853172
180318
702181
213604
757686
179215
575976
233962
934826
925812
474097
500048
763257
530629
171351
858879
678446
976337
677835
874700
947366
624910
603156
888655
255076
455873
200372
789538
988929
943174
829290
616056
377344
792829
606353
433815
908480
55761
589606
691891
663626
486566
576103
933737
969162
820702
854998
355413
5659
162568
477660
547600
93051
710119
202507
627913
905438
325786
151356
768766
154014
90221
261911
42520
232591
724027
81521
709153
178097
326141
954000
686307
323775
274740
663626
901214
682724
694255
884811
222949
466957
292281
879796
368853
724441
535523
219553
150259
403437
369961
541763
482337
610277
57988
250988
62909
917605
107404
86122
612119
496525
739527
57674
26380
137419
517650
712446
167363
825738
570666
72921
602372
71304
196888
367862
833712
529733
940023
983353
457569
626263
585123
278957
353502
896923
992896
532045
468347
334725
921252
299486
548683
393241
72290
424185
805507
568947
506484
982823
53677
659456
932100
132516
265029
549263
126487
789446
37748
542146
642774
916919
58406
149214
611003
432862
757770
10242
301204
807453
22758
318069
452663
638963
192660
530456
986179
802624
985500
979642
325966
630121
994671
334410
350320
478226
788222
46823
709483
811080
968501
138772
948534
350849
82904
120263
884196
966010
459832
832992
255350
294912
192273
412151
446394
441035
681091
315598
372573
492676
703084
190310
446164
669608
745182
53037
398883
310980
950402
678996
467977
744608
265544
87679
646472
926072
860042
913494
877908
499365
55932
916665
520088
751451
481618
766736
196767
564619
861551
687679
466789
391337
975108
210041
467323
782536
235085
907052
905105
598369
284132
815834
663459
199346
132289
123464
876995
7427
862671
15822
12799
659523
549035
645903
725806
394642
766459
602307
226332
864024
784105
499248
62927
659730
478907
618232
275894
188973
395025
967883
636461
437578
430522
744572
600175
40226
748914
505650
995801
686339
696700
627189
202775
749113
700504
468392
928941
495560
396258
20694
652836
133140
892359
6820
949711
497124
829476
916518
771833
132987
342141
313486
646892
666662
520598
900672
487712
139028
706226
974721
53119
728927
163685
428621
490129
129385
30936
990535
119561
221793
162265
255499
430379
131877
393756
538656
930520
214914
899091
566665
974392
565398
438693
340922
188354
472855
70734
671208
597739
562412
555090
887225
851944
727673
145567
645531
864674
507768
695614
909680
197814
184898
552373
234983
344293
338542
165437
271014
64415
385104
117403
580131
862695
406179
63518
270034
864035
798273
708788
185401
430914
454926
925864
715807
327114
133109
464700
762531
204925
806794
525471
622824
383079
270607
903819
231918
945607
882578
617341
501884
40407
223347
879378
728185
431290
4420
583419
161819
568834
513737
447005
128438
374170
842462
599879
564790
248662
972728
16977
468072
272470
421636
295501
508338
91985
75371
842733
662371
108419
719607
378289
811173
805429
530127
351946
303695
578598
694302
808464
480727
933139
135250
949149
640549
721000
712449
183620
730562
180611
966245
462001
348719
442849
673480
805855
884178
412647
821883
556144
553228
141327
986816
553772
522150
96621
480967
421209
503465
144925
999573
581810
786124
4812
243201
599112
657608
182111
465433
414834
244808
280387
393505
120946
296892
38674
135163
575910
606413
302494
233762
448936
740395
521758
535248
257666
114753
521651
393024
554705
394954
299733
999438
566005
451325
270943
829754
727282
369700
242739
610699
391462
848075
804619
195216
980519
53779
235741
21826
449144
507750
611242
823813
51496
990469
602596
675149
682952
456508
928890
824349
804231
438135
627521
761195
98412
348271
146752
447072
187438
670269
722904
382331
465203
77007
455566
22549
355555
596536
669495
551935
745577
312865
212991
788615
828678
82013
392661
679962
577169
403547
260215
231299
691023
238900
13909
32402
628651
788709
189796
865495
346130
76054
889986
115662
25197
298264
15681
937813
239484
627950
647187
438743
357708
393730
930768
283981
853909
843001
571110
372571
577010
317344
177309
860502
264189
661381
779397
967077
774214
365603
683199
303621
618800
317493
421414
27814
593513
143531
241048
416819
182596
877690
962276
221295
426741
681614
635602
823098
155688
337179
863113
601012
627518
435217
399521
748024
8805
753582
482502
529673
121618
371181
140421
848203
32862
301788
468726
660520
712634
636491
75654
813011
21713
538720
379936
823977
798777
673800
621688
892019
609108
817288
551348
632904
64201
607473
553591
985808
959963
613682
134091
998499
900451
860487
662697
478671
461422
230096
891880
406905
79349
139132
575489
345307
974133
482596
757499
857515
290219
760500
737847
367708
16110
310852
610394
86525
975976
888325
800338
513536
699186
455190
532039
761366
50123
742518
923680
85237
210997
185492
372911
537019
568749
924611
284282
678508
230149
126281
770599
730263
602335
162839
49795
186136
83592
678482
395183
264246
649262
526159
136743
792236
942336
678174
425328
981765
643169
320637
399198
255136
181768
678830
856447
954516
955575
151203
704616
27436
779029
143253
757913
17299
45034
511155
520335
616715
172023
631800
821543
891799
194800
872981
729706
388857
558935
106638
412921
655382
603126
573153
60694
536117
865465
443360
680268
804902
558373
397408
638909
239167
798969
662602
720646
58050
426144
230606
154960
401242
490959
158456
198902
939780
902785
46043
56014
958923
313805
715625
573974
667947
7904
915877
150269
918999
915805
507375
385547
363991
613710
147198
403757
111561
345925
475949
989665
328071
298963
50732
67258
48233
999652
226903
555089
203809
297077
57699
139400
754629
327540
138932
414588
563562
393395
410509
230087
764779
523848
417503
119022
457801
475075
385474
652526
977324
475596
216001
916574
137480
309913
577039
75137
442715
238218
545432
678698
581394
721505
860979
462988
883852
906465
986675
513181
830710
838786
298397
117159
565269
980365
518004
41899
286562
541850
947439
136690
622479
696996
379404
297841
972712
355398
346301
700504
29653
412949
117313
457335
42043
788761
52686
462477
676355
58728
525226
449711
545906
19425
783897
543442
82871
912322
217201
421877
623556
176487
723465
689901
986708
473632
517456
920974
713994
551341
714938
830579
410938
444888
784788
678699
261377
877743
753849
890944
768206
830813
297821
982565
855172
8676
110406
413883
258488
804474
760859
960832
770901
155517
487061
987285
681759
925459
689362
163882
561556
783010
747464
521032
65070
141737
118230
414970
46598
395385
598646
84505
842451
846548
911311
960243
460303
563680
663975
109911
145722
613320
90806
420096
406520
206896
512918
141916
259029
578450
566998
265335
739433
132922
36141
173321
865943
980186
228747
968152
360559
86923
286219
615947
538931
764641
763589
546125
844855
643753
460801
907226
547809
731586
145094
187049
737104
146581
497936
527478
262490
929394
834911
844843
973421
470792
906220
788458
207958
913473
991351
496826
588128
725112
306363
881931
987669
840600
682435
628967
21280
445394
956630
53496
66386
528698
825166
302832
895107
388863
657863
954456
194321
443845
209138
766585
648516
823457
617801
78625
61074
273008
158877
942226
81021
298836
326219
176269
158554
825420
243405
95542
50478
120879
690988
862244
500145
725445
855508
464071
805236
768514
577856
556150
102366
500128
783956
514389
904018
455896
985993
720608
83117
891452
370114
381014
265067
900788
103678
500548
638377
713939
515495
674540
49797
595221
155207
433939
138977
828279
761242
936676
229575
638579
402174
60932
629350
537559
30150
812659
342715
248577
448623
303579
563915
509177
630442
579257
509580
441579
94488
475301
354979
601023
714772
740735
104264
484951
109737
491384
342599
430500
319972
894586
831263
796325
97925
708917
200269
346942
990415
176583
514211
720497
454143
647623
492113
663803
104921
522159
788101
350349
167837
537571
696047
1893
573209
239458
371933
631625
510808
875016
112774
573088
582520
252349
318690
233901
188761
652990
671542
630697
191666
453574
273966
381243
526013
136728
584610
248662
834834
14188
839611
585455
433874
624564
607727
247578
131834
956873
321383
253504
17175
956279
270146
521471
916952
922658
124595
586334
13567
422483
52934
927275
950706
483299
236608
277812
483758
520642
242467
488926
446555
869412
251920
729765
212410
692746
989767
311792
314490
426920
745099
228304
524458
358072
337249
954773
523402
953243
263798
18701
906042
903911
854752
1434
553428
461521
170365
288687
856853
182136
469432
815591
169398
688588
594602
879681
564505
723033
652252
294716
442271
249460
643371
510475
730518
593280
411652
152757
586640
768605
176783
326989
30095
835311
827945
147848
507228
906182
551177
194432
971638
840431
913156
928196
231336
710102
794219
553369
63347
626838
601554
305490
979499
12383
531244
65095
342878
526723
712594
693365
866734
94877
202850
380018
972608
432094
845828
764363
216013
680118
345352
397436
747414
883547
738219
271755
792628
149560
206265
425409
578957
991029
757068
452550
187683
592223
132338
518040
284486
657077
248556
500775
345706
185742
588179
324113
155539
461097
858582
2101
663020
812243
697182
483574
230968
940591
72786
382286
191904
678629
994806
178764
753130
854570
160686
265388
592779
124135
946657
937233
476115
254921
543865
469473
443078
51620
90758
645181
358219
315332
793154
136155
967166
760914
197935
982083
95008
599328
319773
483042
82990
523345
979912
19662
520911
291368
937181
256855
327718
284971
754333
584902
198856
869811
486235
406133
156615
604371
152927
477194
640749
314915
624045
13138
45316
959400
608863
320182
202066
76257
688815
498396
982307
923697
407249
342492
871358
443044
427197
851485
771897
794783
862538
480780
967849
209833
815094
612920
386417
321616
736194
800781
410299
779769
291386
186604
566341
352584
198291
139427
936083
319400
363821
318414
805123
957943
832631
737481
105789
5073
973041
36112
65928
198712
33613
838198
535162
324765
149103
755902
635144
663053
978388
822810
757691
426619
437070
162046
76484
248486
401901
192351
17702
547238
571194
932045
197905
695513
216157
886762
818959
32036
844382
794758
923351
867304
894728
991001
371200
612675
719849
793115
375247
751680
807415
762436
100401
472348
471821
329755
383812
62902
260626
117181
381583
449298
669178
7213
859538
2057
614950
966738
475833
778001
398503
814865
899370
826277
643232
415367
307965
326353
644745
834915
243275
94428
279248
334495
997727
159761
715034
7257
597642
927916
83623
374610
308499
44894
654227
528834
142283
418365
863480
938837
31421
339660
347761
977798
309380
739298
364346
889623
628152
190585
258931
449514
97408
149461
192643
737471
690635
440654
192601
202315
492442
291644
405198
964529
103093
916095
819302
79967
256061
658728
558134
732104
309729
720136
261599
571641
218987
301971
350200
428827
832434
101039
215306
449860
705842
998303
755124
626233
75384
983175
376687
387396
395895
701979
715884
370222
124537
451688
600282
279002
654383
503295
127492
961342
393065
957177
659414
386366
18401
141676
743808
932199
852593
515753
996403
674757
298405
217454
715016
720161
140203
49071
969024
543770
48615
130620
389350
151710
395555
79822
803217
49286
539940
506100
788613
438988
221399
861333
370681
916841
133738
743073
249780
481423
910136
797401
194385
571456
428892
469303
740961
494154
417511
15354
822383
315167
438956
128274
965214
60885
949880
962597
339823
790070
551839
548028
458207
706181
202097
563790
420525
964558
773644
493926
875641
220968
918859
797235
301000
485067
504412
325228
234788
243400
513648
314910
807457
783913
576779
840275
111354
446053
856187
130273
958297
928960
572517
623692
647925
972029
611450
59737
797014
994369
263753
462256
1524
856582
369391
938860
200253
651320
239913
160835
261046
459951
941578
570573
268857
905674
725960
435123
942108
923556
882352
175541
933298
564982
748986
571351
732779
973961
941175
12329
645783
726422
612710
973682
996808
768508
470247
478264
72916
896156
747015
865135
106105
484948
227321
566396
975580
115735
673958
426148
499626
273382
385243
256598
267615
787501
633761
422289
334501
729916
422250
232051
862740
999456
888039
534560
387160
710174
541943
263691
683632
555019
515321
654564
339475
21707
704898
477790
758701
561188
845674
275291
558407
987390
422593
889207
369348
536697
442016
856750
398151
309739
337113
253163
630450
418357
19792
777326
862858
252416
831139
737176
47158
484505
93445
184598
53734
826343
101352
938856
512721
439237
36120
537165
207446
852224
443237
269581
142660
525422
526521
213922
30837
916649
149448
585540
901653
305767
897700
882448
190336
616951
545136
886868
346377
104410
146157
217145
959512
873724
941104
335886
335083
59534
438324
219821
108413
243329
297548
33420
684867
768032
485169
961314
484627
536970
520441
161715
695648
405259
797993
669754
30432
353495
240993
408307
327566
172386
113141
134594
404363
184607
962397
388995
258272
45330
355458
169455
145886
329748
342584
578471
880743
170595
904523
914400
836165
834531
822514
8364
988983
241397
718177
970145
561741
955187
500410
365544
431081
752517
923747
976932
83173
29987
582002
90748
374803
95143
593733
737223
786335
342861
703919
692435
988689
728075
285005
850258
457647
195079
277878
302306
320895
9338
459728
666680
625130
735903
959232
126632
981053
14615
149817
874579
156104
378396
372022
867501
685609
948640
637634
855529
567523
690497
828404
456964
738599
815595
602105
322411
53685
466315
823498
43402
476700
957804
618748
146866
157021
678575
590006
635430
914286
482155
796284
422531
221594
720415
454122
548681
857669
560208
22269
10890
623694
782148
677260
195373
356173
53977
532884
516831
522235
331586
437360
399384
82161
236191
389927
842565
980297
61753
306464
55895
215329
823511
529840
64680
500670
652479
971284
107845
606924
280524
357242
593564
243076
536040
46586
859971
647974
236647
285794
47522
414118
960961
674798
118527
981475
398569
762135
697445
178322
24462
984578
818095
988857
59117
479961
321334
941720
739793
993335
728021
572194
311209
227517
627413
264936
826244
659010
979450
562007
830827
710247
538537
216600
165146
895047
359540
657045
306397
429197
689348
564956
392964
543905
840482
394843
664771
92475
510562
118347
785704
499992
89772
781674
265593
33225
327464
803296
833641
382760
947781
547395
638199
911398
596518
170166
990308
985280
229547
596396
557327
255824
345623
352139
994862
674432
866467
64427
770731
457369
959902
498621
700312
797689
48959
126792
290001
419043
619465
97615
500461
189169
938585
749327
480800
144676
406159
458404
168560
774876
66327
439243
90706
811555
247955
429826
784161
558307
428199
796812
191546
689144
32032
442001
455414
399456
988161
879586
3717
577103
68908
271897
921380
204895
95594
323230
915578
731877
461463
963783
42069
528927
846893
169815
573884
41609
46507
712679
290160
655310
244769
56995
969924
846812
287963
633067
24214
51152
525096
831897
934057
459601
994053
253474
223712
84345
995755
969749
203097
289709
756402
363841
957284
681037
144096
220148
514271
5767
78035
360733
491759
97670
927494
950739
431197
906440
882435
759279
472778
573582
476453
314579
672017
126572
184649
502094
482295
927744
708561
850584
174097
463551
595028
244215
936563
998187
438502
356997
766672
172385
780735
772488
81011
17806
185034
967681
6553
142530
31436
43776
970856
818269
629679
485684
104784
454309
419115
29505
25341
3066
193424
12554
317494
457313
475442
68430
48853
83004
912880
708654
635555
394906
327523
99148
923152
681643
139360
168976
344843
790860
391787
153028
470788
151681
351928
949599
983292
266368
293086
582175
356741
46314
907739
806991
798940
552149
76862
844392
377887
759044
601973
509972
503404
894456
88755
80334
167512
842271
690621
77668
513289
858539
414738
828702
920241
242430
294389
579769
788647
505089
526296
179916
985699
332948
73127
235596
798934
937631
222446
836971
173092
858887
959463
372827
341439
375869
829732
237424
424097
513648
607317
595363
937702
411747
578935
927090
914115
638553
162714
254117
678887
440172
129869
948460
741996
393085
701415
840677
167034
80837
461556
689849
794233
378890
845627
987366
491696
731566
606825
617303
41983
30050
567260
203375
111477
977975
113741
248164
109199
549653
1050
277704
669198
107076
921135
46308
645748
948775
409617
103613
879258
891530
274950
560760
158897
422288
899493
701529
684307
813455
947446
664807
67845
780279
956549
510316
945996
295149
634632
223128
463528
870070
25834
201733
794353
495054
931571
49046
713741
946009
863830
707832
458764
294449
219544
116938
81824
156126
946136
433241
875196
309027
375807
710980
240903
521973
553924
149567
438845
855111
268956
391602
205795
21376
973181
329793
151780
997710
678606
42407
254861
906900
495789
859067
970786
277567
761500
642069
986267
7478
592265
304266
286270
267247
477240
720850
184346
690783
620303
604939
787229
695882
693757
704599
760275
905080
512392
136800
312379
933320
395955
813051
200200
860254
881032
149994
693425
765687
147015
290876
187061
873502
955051
246991
266031
630520
537237
558902
149521
322361
742872
771765
113536
988281
82208
231593
238284
256417
656703
342469
677386
942143
62422
624182
373200
10554
4188
769576
329997
970015
797902
749538
480323
21721
710067
463693
450785
867391
104587
415954
407553
550984
568019
544288
505274
354970
92920
46221
48675
173759
756502
995604
202981
2553
840171
409021
794492
501676
22365
289498
733706
112121
293924
331181
657688
69548
945429
22247
615465
742155
31116
917259
710077
8399
419638
556721
536351
81967
186104
65127
460395
885591
38848
500338
489184
258744
860518
516402
410397
115256
497406
442467
337404
976714
461692
993536
556104
137689
694788
493634
857756
701535
697166
842950
946457
610002
675443
499660
364355
964477
949910
679899
767737
242156
49586
398467
850959
401856
484603
521402
921545
253091
93555
797736
62967
2326
501261
922494
417704
82790
563958
438465
504524
718398
484740
947941
353770
463253
159486
73812
563898
77896
400774
727694
22112
575490
870687
511978
204549
411735
329823
875514
453396
534064
227634
10252
419406
233505
153864
874317
268875
354903
585436
418953
384270
916077
985442
41357
374211
810589
678221
486382
666775
666771
614074
156834
817460
669661
174780
161803
354264
15615
738437
883476
424977
224164
766381
967028
47895
581998
38178
214544
93061
515950
166573
343549
723766
67951
554204
550947
32568
610925
23698
199229
19952
508003
426919
809084
576778
517634
858685
557451
290714
245822
659104
290734
96020
117505
159961
56196
4580
112963
864208
166507
669931
350321
232923
722562
992472
426698
532391
347017
124638
959433
865601
88869
56023
842941
471234
635265
441333
900916
292117
33934
176928
328853
839782
295658
508530
381261
524521
202463
490315
705570
979204
207490
528401
87395
79706
903612
822087
428800
234933
567717
860297
956598
881488
374604
208546
783715
795326
674707
210058
141367
47289
557687
476735
287947
368139
721454
975934
302540
160914
607017
801822
542415
242164
739897
664138
281609
320352
218061
906585
179670
221308
834649
604940
670263
775856
572947
76323
804825
201295
435351
299868
577680
112861
530731
705609
99043
817665
449308
515724
515520
767752
802887
664370
620496
66835
910068
370922
288101
510431
976476
977377
330384
846895
789963
402619
579664
733656
605728
167151
225317
818089
423218
821567
377538
235956
347469
872851
821856
414269
723802
829681
581487
796287
800284
400347
574631
603989
636695
705670
912253
417740
505867
726258
735026
66
991070
917674
275973
599098
418135
152154
808905
324992
817798
545864
525393
813939
929602
95281
768007
939380
588747
162177
598172
48682
161869
512045
489754
830575
368646
812593
40341
549530
486910
803489
565055
636009
388469
125358
415899
488907
364892
888888
191178
861704
67897
730250
145921
685326
719341
189687
931676
784345
162578
353230
678347
614333
586238
871420
960234
843539
568741
233855
123951
678718
234843
796355
138877
45337
448630
617179
578965
647231
73681
569501
71916
203318
280557
639770
388631
633976
330611
665720
71779
447008
142293
89774
425025
886062
421330
520284
785246
158647
214360
464901
547409
241708
25603
864618
175726
984836
794564
844548
410551
382153
945885
284829
783538
974716
850568
379595
811670
243366
240311
632138
220191
957565
630583
966133
275905
881647
235118
77473
845753
599501
834691
725206
332606
153431
653084
611179
346519
830432
753090
820541
988742
531294
781730
66379
493858
293392
111981
166769
843138
13196
424990
521727
645269
132132
158811
259062
844431
743348
316213
691039
68478
740619
884938
875591
759547
494004
31626
805850
699963
272160
772630
498331
673157
41713
559108
762493
268606
386277
132095
684833
996320
309725
652044
311341
208713
690186
484135
930245
97392
26419
199052
532009
120562
424356
591761
936491
775242
259767
676784
926091
352928
482296
584163
673137
14072
791479
656936
72261
899083
471471
912996
975726
940403
898574
749028
44262
341247
879585
680574
343351
143590
132894
602646
29397
674841
348237
848252
14422
449137
306067
100531
223826
219592
858204
527053
757075
307043
231204
944753
380921
556876
424675
415423
930925
710655
670995
945738
396736
313530
769247
487876
823007
211895
50729
910264
483253
922166
726136
416624
567773
86067
870781
182838
903554
292280
623872
552632
717782
109707
430764
186053
654891
82887
997939
375731
705393
192328
658271
776163
899661
158592
598455
888925
830226
371175
754570
160789
418974
654351
536219
213135
695252
385749
904040
875934
310193
510131
620633
680072
151565
338675
11394
791493
654640
266942
823125
559654
926991
423891
821351
955091
335266
373139
473693
526701
463395
857848
362803
417490
483172
594150
711912
900734
796365
874266
978698
884942
31986
859327
989273
293536
520333
8479
286747
533015
854365
212662
65788
96571
148826
526819
612255
363645
756243
754040
893189
768024
157478
145328
505304
681170
819163
779520
148565
112993
738206
251270
810773
230251
660312
832222
812406
957030
392233
354388
387434
960671
515972
594803
798364
995862
646118
3772
441530
656645
679860
13682
651683
155905
159728
170130
898415
344250
762007
129505
5973
469405
779803
74589
524157
335320
948216
183445
975267
488765
395125
760789
692644
329408
502586
165369
89193
96603
37768
696034
753965
651857
453592
628615
220076
508686
138196
201763
228714
509357
816940
227916
310236
91156
133591
942308
623415
316346
142183
692072
241492
487817
722822
524390
147133
744927
311762
21387
647319
232046
121619
527578
493995
86338
115861
852601
407187
924131
762983
581862
145917
881552
22766
223238
400543
137196
349862
299678
932855
477237
614519
508187
96381
669358
288752
808523
754473
786783
299170
703214
895706
860147
665243
6503
441002
703743
108158
930253
430987
364898
224060
361823
15517
557767
631345
815508
675280
226311
43997
390671
923569
973740
316157
54577
386899
266640
497797
112137
733659
383269
89277
989094
534823
810766
795957
414990
541851
414377
514982
638599
886410
698032
270887
875090
525822
455285
73928
522935
732133
232331
257359
867067
523096
552067
431949
709039
696456
78036
632859
831779
688455
130836
274614
552951
887473
146083
411765
371089
440373
629607
958947
865706
606276
832177
254013
371459
244052
473918
407113
970102
160337
743322
579217
476775
764001
587487
274619
263833
901970
646236
794182
789213
407395
930705
752995
351141
897516
39574
224237
497270
422314
956442
670855
164412
804331
276105
623057
873463
739410
944391
365766
972243
825032
246746
222453
409686
882367
746468
126490
812915
661924
598861
100569
982843
807329
488255
738838
290675
909836
735499
691507
911744
877359
582825
182247
695935
823988
794972
975736
192881
73453
228660
477333
641108
901886
945901
89234
657357
804264
268917
640000
481728
439538
604875
796200
755714
827765
645955
641380
757222
489733
174118
197659
957364
438264
153910
192919
214008
423892
971534
497861
136630
341081
122792
364872
737851
174887
851385
274106
710094
82125
455735
153280
839494
456944
492410
684744
572853
697685
644480
937122
712002
121675
533899
638584
687892
473528
110117
60907
504298
832702
930500
536140
970888
225993
509896
947956
596556
280632
52896
328129
653407
637349
390925
695341
932039
831635
949695
18124
378712
956915
602907
974562
393739
431123
988510
123422
108199
806243
777819
918391
733531
308006
935136
947490
976493
861490
103031
897709
327501
117667
135240
673019
536451
149026
672796
324573
382664
996749
485500
647177
14896
399044
90616
256825
458692
736655
995267
762338
557358
270127
790971
540879
384717
464448
81607
228314
164457
836551
150746
604167
41984
202334
389140
809021
754303
52665
26887
189538
48140
303636
358230
77906
119872
867003
754746
140219
143986
641525
151198
406359
74606
8078
167274
129735
454917
73280
480030
354889
860734
89021
618132
201558
807850
255068
649895
992923
702229
185053
378931
406737
808153
490011
797234
887739
736140
355725
588421
108796
581593
537272
580564
22610
228332
124277
911500
593267
402631
114778
467847
756546
254898
362312
781450
785774
208335
216849
414503
291559
345675
202627
293187
627966
458929
814038
774514
80089
301273
483821
352638
366735
488445
48652
20807
119718
895211
13399
658884
93990
325015
916547
244519
810649
269000
483804
43551
42594
147955
398001
521207
687224
160357
31519
870812
555453
158553
537657
486907
151743
411817
305041
959049
941322
523554
906982
374556
645095
698608
657833
394743
61750
172152
930221
702051
725091
553861
239468
384888
617160
163609
638896
721979
944095
922661
574757
529953
434018
427413
526776
806898
680321
872962
554155
718985
783615
21259
281144
345591
612266
815358
438495
599688
120181
969135
110414
611421
942580
740139
201004
100728
25011
113543
217475
784727
42930
870161
549256
794935
170881
929256
717063
672825
657268
135528
552751
357154
830660
907837
86072
253437
487490
245593
560813
150939
315512
977088
964761
357691
612318
267776
534738
788420
559094
691647
957981
357615
474885
810540
932796
836353
399790
62103
409179
800566
275500
920605
680275
473338
385515
26940
167128
252048
953604
745285
445254
34773
389524
796591
238915
227231
419959
502919
730320
555456
450918
966789
413553
108390
456427
18875
187959
667428
558332
362471
4455
720139
11644
329639
537673
350514
720457
648396
461966
825238
531267
58310
216670
298714
256731
540863
690878
210927
583059
465925
860251
444878
413207
329247
602869
945954
617848
534272
546987
993156
589441
432025
446111
944478
646584
109449
545477
531121
801779
255024
652749
169841
283091
811233
190891
429325
140194
238774
500287
745037
106693
330493
242854
114197
953054
618767
238877
516934
580160
277569
459148
781124
8911
448628
2807
652434
580596
271880
365308
419608
852219
643629
599626
306567
87753
354777
329311
289875
297085
536534
865147
33439
720929
952115
250534
215287
99277
503130
675099
849910
489240
731906
811600
870664
146172
683451
77859
700170
570437
548262
174050
38670
485942
304007
526199
143994
964280
6387
952366
163472
370175
563812
168101
405640
758332
331179
357967
27801
932984
456580
278628
790998
438356
699077
665577
434485
267418
864113
138775
81388
244671
682153
728747
844468
648440
563074
724617
721200
999029
952050
224782
774310
558014
516771
781105
92651
484393
974570
335572
342622
917877
857937
455277
38026
847943
716880
315148
994991
355646
798619
992584
134171
655413
942421
414986
695537
259796
556066
110773
468939
708371
32857
866993
447100
182093
921881
86803
136750
433404
159219
846442
566122
99159
335749
232233
966071
799173
166694
246828
580505
289404
878013
697832
876538
444795
474604
504244
880679
466656
799338
495342
551345
553127
543663
252811
597428
621759
198408
425727
686388
262666
774026
541381
525410
134898
102307
362060
502527
677603
329484
167038
697816
194792
937946
920493
990511
145958
617908
911068
849594
277423
368223
796136
775237
19524
629045
765970
589234
227882
385333
489130
908641
546727
449267
106456
494378
130585
181872
49610
957063
450484
713796
217845
764751
65366
966264
763018
385821
647817
217072
577464
420751
708052
29317
326039
645354
73918
978801
895736
857819
538848
617891
474118
417624
122662
682611
841368
600613
887906
562352
716631
802995
156044
12052
809607
973539
718810
71385
200819
895784
630840
579749
971577
175626
311077
297952
375087
889094
994729
767910
656817
720083
958966
219480
684425
542463
342683
350733
608569
224184
374943
143078
872935
315431
477376
550847
223654
548791
21512
427522
442845
298100
264712
494165
180886
944654
796980
809843
868133
127164
381915
863321
846451
646525
255553
190358
606054
438265
975898
799301
894958
875398
126949
769560
992559
808008
593699
16714
152006
403568
802739
931638
285114
173476
458764
212422
119681
930495
940694
938052
865708
111855
576357
693452
396847
704125
100179
762658
134225
840426
853880
187744
662572
64436
384905
515272
463778
660984
665290
192248
785117
771825
134833
320891
68224
638238
759833
173947
331055
890306
96799
76949
526007
78533
805853
548037
375516
395576
846849
155968
406014
80182
747145
379681
926311
133606
713693
919611
256691
496988
563080
353229
542300
722591
302996
485459
13346
660037
770178
47417
288723
406267
65251
949483
106300
984865
126550
828103
302956
153042
805279
275316
366049
554177
567199
702604
538898
146878
776310
120053
886680
82712
68402
290573
546426
617821
624754
790915
227604
920509
343643
61891
554978
378637
565814
868873
745582
157607
319909
471575
216340
293678
300160
799041
323439
193647
701393
802278
153826
127587
587687
5881
709893
378257
579035
509629
675881
968336
508061
628687
473482
457258
720121
754525
693200
992605
932204
670773
352066
179963
839837
616440
632328
629681
323642
241773
307163
903972
124272
104753
559051
902455
22662
4492
129068
894185
187287
439840
844446
684380
744618
779835
189368
303728
405552
360331
69201
842254
996697
534449
788266
604737
780755
472238
641403
474686
908384
152570
314584
618308
288914
634739
992448
359198
705446
601842
935170
130822
100859
305402
407501
855076
107245
817610
921298
908403
121042
167570
603352
757253
325264
859970
611868
555229
575706
625341
450402
370106
413957
444780
489244
739827
245707
376176
442486
245053
636891
979119
141116
808906
213722
751567
181673
308044
764218
578049
678797
68248
850357
64245
182617
8677
414247
296043
212298
53811
421062
807274
56560
142408
311807
573641
159066
263445
410285
407402
28769
829816
850424
801799
49421
698843
339912
870308
787047
665209
866853
669348
414492
576065
21933
533880
605130
413779
335664
594930
921322
820007
627500
194936
369755
745741
785440
394643
640327
220750
689743
160295
138868
756978
642259
190333
132073
339419
564634
497980
471994
825935
19458
761847
493234
480211
821965
260640
250077
238130
958529
716121
970287
247197
213919
690219
917204
468204
214717
640719
196373
320771
839746
904938
194084
112207
379326
712407
791492
707952
487204
624924
195159
331889
340772
236925
56070
992818
576617
249135
149319
29415
389868
208037
35854
816121
747763
247879
610834
759946
155242
760065
49530
397590
467356
390968
400420
712629
495950
334806
868306
296252
803320
880838
320882
708292
120353
583804
602633
559426
814358
651691
882427
248597
671622
420250
116025
203359
657213
150097
482631
555722
587387
372781
515049
635564
813809
681747
899561
227909
839319
135233
964808
301541
393645
164800
604479
105131
321164
835126
304880
929960
364711
397720
906158
767329
664547
961020
896549
441075
109905
231180
548072
219281
144068
539095
933526
19625
895572
276033
421415
907685
883565
490075
744152
510606
398868
383757
594737
45578
742520
586928
88304
652742
137137
661368
576532
260847
89879
887246
62087
124569
428929
245180
88488
498563
189913
548290
431029
79538
712793
644485
402066
108089
325348
251047
718200
880666
23107
368370
973437
408967
709114
639149
993531
373633
485383
196689
187104
918050
405174
754198
548690
671094
624420
118246
545148
971907
879182
199091
157562
859241
266964
798948
119645
6372
351824
136170
789083
427951
487309
348273
828438
939203
158758
736883
305415
492798
219261
282150
216199
981662
223444
397654
675642
757292
880651
729421
28504
119541
966967
84398
836889
729203
358555
760225
295613
663691
937285
691368
697653
100400
260039
571984
765681
667621
387025
768644
348039
437279
652840
794300
557629
285448
115525
543122
898483
742496
191436
157941
661168
918782
213607
654902
245639
358453
63039
927808
550437
145170
812183
597221
578490
121601
823812
67987
52866
730446
190605
843365
145327
480521
398171
792662
444021
425284
439389
82064
728817
172534
467387
491682
150519
384642
411572
65041
520118
13265
503254
413509
553610
988123
911769
382820
134367
318853
235161
968700
20284
584357
700271
79130
812979
759457
613674
553912
902692
25397
585391
273298
406121
400211
242410
585753
776801
863076
652720
117953
359708
146349
783795
309749
929952
407437
980769
968426
368214
242594
769305
106449
558740
165708
514442
885094
587080
969353
998058
411622
387773
671168
215761
611421
736333
802649
433840
898589
996388
687881
152624
509131
705132
116459
287147
405395
827547
685578
239425
327803
771029
982523
874904
492437
292862
29607
71412
987855
812960
609063
337007
947172
395830
806280
887317
71349
67987
919085
185438
631026
74994
910356
217161
816242
600731
394737
582801
287203
758318
783414
623822
750427
296207
709684
82603
649485
916910
818203
387584
754775
21681
420381
729996
339063
323137
459953
250192
987166
631342
447156
84170
622749
107136
654250
995085
526012
178779
319713
599993
986922
649293
266486
120285
805134
659000
784433
387174
442235
271383
676108
870849
556099
319598
959569
271765
677859
790098
324065
80726
405211
302482
479760
754184
35361
392577
994414
660305
68907
246049
208225
707768
850474
650158
386670
706752
969047
356996
335638
550747
564901
934957
576797
179853
227798
94475
813926
126494
537642
141918
209401
923067
522418
377587
116775
177387
662018
453738
231813
929193
309124
57826
243923
215266
665386
86083
897537
322828
859835
793703
209543
199776
140943
589926
112498
125686
573206
838460
917823
344060
382290
63577
302752
499539
49829
739462
964507
744071
670852
475503
986578
589352
878859
210513
623581
942857
363115
199553
123219
963157
165950
247062
906216
588361
463931
484724
744112
906897
30789
869366
579202
716163
130142
240247
352184
246066
792184
936125
781074
357168
360492
418691
72954
298020
680452
590882
415586
827972
463282
619227
342729
864878
696548
235395
16477
573545
366703
186315
736635
681267
380712
234219
56466
341830
847826
582955
685861
714476
505521
364238
689390
521275
963837
39579
94176
424624
167410
607433
741638
823780
739972
36038
682503
236653
162096
113828
999242
642516
633582
233441
332598
405486
101187
347601
329490
651033
373554
728618
544588
518101
487186
102956
437973
485308
816763
583083
466409
64863
244250
831226
186988
577855
982757
57270
553328
114469
976552
2732
524755
798942
171709
792296
611014
782679
181849
492123
2792
235793
585923
909096
862352
46144
640097
48843
843818
533446
189547
832934
613560
262471
43328
16938
50234
789224
528855
431390
464681
791721
855630
142863
223645
468509
192734
180372
420814
190402
266800
406525
402807
106689
765704
610968
327894
982979
40480
184863
119568
682541
515920
384577
42098
271674
156968
49739
690835
829044
890016
254643
416149
761615
952999
386305
354698
165474
604567
196507
65203
298242
607498
801323
127459
789565
308806
218799
763458
818224
463507
954204
964525
593222
154030
856816
103099
92749
426454
174291
297947
654134
732291
162857
280729
913705
276214
630455
943871
825603
380779
97071
609560
404269
378028
27481
469712
233178
375616
769248
46199
325277
190400
62519
670756
887460
577737
679014
281462
531925
604557
698613
887798
336963
270660
603123
503576
628301
58817
584035
940128
802003
270879
280260
423906
140950
316570
25468
842465
171499
662585
401248
666905
546972
479081
221474
731417
647131
714278
267992
427079
952612
25874
529125
9799
986606
180072
829062
537911
543245
26634
763579
678994
43687
455542
936655
250804
350864
212887
525446
848508
264261
626552
786211
798669
69826
963475
738963
111343
802688
614152
107513
127636
747215
765161
115159
779316
802507
339570
655830
80025
414782
169302
821938
10103
453394
346484
636804
187699
299185
303784
44205
515332
757563
478462
188892
100983
517987
650946
246845
568908
800935
234675
341375
121470
820393
189014
224639
135520
904751
125542
938710
296163
552692
177064
852540
601652
428136
141981
401431
63874
219467
834705
35108
207709
210145
917265
737217
66490
237651
430138
111828
91091
64802
170219
465308
204907
341960
577308
161938
844143
362541
54408
295099
142840
284099
546310
731341
941550
546302
814454
963387
666438
418227
725526
481951
57963
1356
829428
577475
455995
684838
595198
598348
281704
281287
398005
532484
728703
27583
588928
849603
339781
613658
843613
517368
64573
89662
415794
48985
646279
502888
886402
675749
622563
909054
755323
482322
237522
257616
114155
336601
890589
36335
396755
681882
993647
448682
970580
843372
588957
721826
379014
770501
885897
50984
131011
203286
768443
391729
146069
852004
674936
252869
709769
836411
605502
465795
340274
66294
560575
957883
567925
48389
504004
223741
483440
365260
784670
821965
312712
872554
476292
913330
257486
875927
42190
452525
421646
115942
209741
685319
705907
815274
320645
563331
219098
262197
461768
518259
779313
610491
139183
397991
856844
854870
355896
517632
616132
649763
877367
455074
157324
898953
799290
515912
257937
380122
107582
547633
411085
454801
193607
853624
352297
759483
23136
879041
826573
682867
753903
220239
435781
634630
810740
623219
459025
23093
124382
226335
440329
867032
664522
193753
875499
400159
211289
261003
445827
134388
572716
802743
236853
639548
896447
140295
353834
512701
833311
857090
691733
308570
661641
152795
570657
878457
373153
628708
82169
907653
102860
147104
779955
215759
786474
865141
547226
260559
677555
754880
645142
480521
797421
22403
127930
459339
327175
517753
13098
31507
526549
530059
770087
413453
154281
320283
708921
302521
778890
222205
814776
224875
898644
939909
580086
504172
538348
595707
811532
198718
961053
56299
698944
258237
387028
524185
300304
248481
984820
460050
868062
559584
9431
808606
169463
726832
177186
15314
235713
175018
825540
319490
2241
635786
921611
160659
992967
144915
424931
4909
746422
139856
885227
954128
747892
433140
87029
310206
801578
475683
995738
122838
741880
123274
520184
965185
828921
993513
495178
75333
567214
610929
431842
460151
949833
228039
863621
154189
503448
233896
700323
414418
491340
13928
418929
252786
758182
982483
585061
656949
340797
841524
406862
64713
121262
916595
430093
455159
131232
92249
934643
468856
311026
370672
691961
776097
474884
827910
433814
228729
802975
742352
993921
585771
674114
113578
867459
931222
171530
42172
380279
119938
165436
338553
23969
212142
285106
833921
224169
104581
903329
35942
282547
789678
870467
725516
802652
180418
253157
564074
477138
141081
317455
178413
986576
440893
31371
590267
42357
440512
91988
409684
109120
505770
792796
885013
856938
784010
925242
761303
148192
86317
448431
948212
584156
949933
718227
33449
350431
394529
661601
6743
54413
765170
516380
976356
140388
761997
29660
863103
929754
325940
241976
661056
938451
324400
337617
724973
593660
172321
772153
884633
100423
40821
737215
241830
548611
395575
466776
865452
537047
261055
800812
460466
905627
685768
777722
839001
962322
907038
451112
714905
592200
340534
422443
689186
251589
979864
177743
81956
295403
684407
458083
534442
607921
690913
277829
100577
934972
938961
59078
325879
601431
927714
497529
250527
521935
910174
164893
226033
354158
602677
659684
751917
569042
112009
709535
856224
81576
702886
216009
95327
440970
659535
737965
334960
80243
117555
275764
966729
497051
728319
984975
537712
827124
284237
3197
261121
502783
988730
46905
377230
496267
7509
282884
616160
641099
621298
188106
18204
288275
640159
610996
846657
388527
28782
980425
373454
631392
340337
178241
750209
359668
252548
487080
707449
713472
688516
319724
950781
521725
318686
859523
899861
752317
565378
926907
561430
544840
365301
905375
294588
966359
71046
875075
766959
989996
831064
49325
902760
179148
650142
671968
305005
568155
417510
661510
322168
666898
76620
992377
70518
708191
856911
127854
21803
238617
96256
85246
232882
436381
200406
877778
546530
146186
395423
506731
199309
753943
943505
422668
286114
178060
24511
679876
914674
938467
788455
260700
89743
921340
394728
111641
408272
409015
885136
15470
827058
734514
611795
335425
810265
468511
935641
768920
149108
562048
216238
186400
211518
710082
513245
218394
155040
15347
680726
516898
594163
244066
871244
809310
847716
495122
186012
913023
268785
496730
380263
814839
91600
420956
917504
310967
903790
601184
737409
202467
119444
425868
742264
310357
80550
626050
472767
908491
809542
73174
744297
306350
400725
23530
43352
422208
313433
278888
695660
905953
848954
606684
273686
866173
232423
927404
874186
543253
780950
779764
505875
164393
793512
202882
736512
55423
190506
89323
756668
554451
635128
584648
55164
457244
626556
855761
425553
902838
737428
258068
163549
666032
963090
371857
381090
450292
242461
592437
609526
464143
862324
739185
742803
621917
989651
778295
203083
428882
406126
359633
118296
600231
23770
476317
540241
853151
967819
223209
599609
60020
979832
350055
889778
705443
696347
37453
803023
11793
353172
163532
676359
827544
31981
914218
940100
682739
818872
240382
783195
783810
925269
217352
196887
284665
213584
102506
370862
232811
444583
228231
135829
370543
424616
310519
782191
908588
277241
73188
316064
552455
101234
677828
226497
808101
184164
459315
329004
905567
785661
87276
856950
770562
155971
353443
119164
480575
985278
417091
424918
602422
526067
642751
450281
762073
767818
836183
513241
693056
427409
328873
849243
191433
606553
716657
811112
420714
682686
54431
182669
281749
117317
952084
707103
400838
7070
951608
351437
865900
473544
553466
311886
552242
326931
131173
86329
807272
323457
704028
609779
55955
512198
442418
983746
379341
352495
422824
935040
264346
991199
173252
512108
819145
449203
718986
486683
835332
236103
295642
184268
390708
351570
940069
571736
892307
557933
224845
195016
38223
7217
557913
832065
443672
70397
470993
472474
475335
46615
407996
852110
37610
699818
170100
348237
248048
607725
321187
895789
447470
727141
405468
304125
429067
417920
660568
371322
839630
194786
731403
21531
606658
419582
313378
387591
23364
693850
741916
233831
265513
114420
775682
212501
313230
206275
345604
286451
394749
429078
864434
400601
94392
244121
861907
612070
553830
687351
931366
21815
40855
607065
183091
74166
162614
639435
726220
819658
261514
769856
795877
979820
909736
208236
681485
238554
600633
924239
380104
264484
128100
995858
301579
259683
49560
244938
176468
645769
316407
465753
823779
895508
950178
568819
785368
815709
948061
117118
415722
443341
420575
24403
295169
318382
444217
283682
8946
432479
216480
15346
98645
53730
490073
458501
79875
739664
789760
105625
186353
666796
518644
314571
587172
196372
755298
376407
502608
488275
272493
147130
247889
809044
748215
575352
311685
359217
967247
338426
451844
263466
992375
132047
283580
434802
432016
856339
822958
392930
345636
274477
641663
933009
234960
966642
765820
97275
76876
586407
866093
944221
105369
120163
558868
295203
199110
139283
128963
375609
158686
104087
359255
804926
626993
298634
687956
602903
185853
941728
920158
688224
539321
581544
301458
54460
744831
262320
818623
280013
216020
475207
762501
741311
468757
256669
771080
146815
365695
264647
489424
584202
319066
982175
405312
449248
489859
737673
129200
806487
790037
69200
248618
670539
334643
379950
574846
18035
633781
487978
179714
325647
691629
184092
748458
629501
175765
570700
365887
741227
941462
300345
322943
686439
226103
802357
505362
572691
553184
383661
848996
215732
668682
473223
639203
941225
943622
195428
383511
491832
353766
87621
142040
474948
260364
389769
345585
818331
656589
544212
699920
750700
713345
841548
371558
822294
608938
988285
105889
245083
808062
178588
339011
926195
979922
709097
671455
700093
660005
436589
471152
569360
17479
522147
763606
820912
324580
954739
410670
603228
712113
155545
694284
885060
799218
427301
844568
187544
374373
963995
786242
824252
743311
250938
530915
839448
402976
515162
114226
140427
416389
966254
418015
407935
70283
854570
211151
191511
757483
325118
486325
903238
871478
978111
432842
374521
898142
133607
551528
965236
999902
869747
554248
209723
759623
843883
419542
31718
759848
707326
146286
742488
101082
766219
69622
725129
163365
31932
479320
242494
665298
6413
226778
26842
644495
953387
117019
770959
622200
32759
287660
567853
64264
780073
551752
432091
875291
28817
17650
548579
141151
593017
804394
665190
16791
44839
736011
836593
35339
311423
514564
11496
984912
950276
738737
349215
927087
234111
766165
489352
520949
548152
540534
579206
624663
969633
35797
418016
105599
200787
260169
851153
670327
933807
694967
356412
131761
758183
386928
421116
562352
448597
878055
714906
600279
175817
95501
381080
719820
799904
437963
765802
23945
28175
802011
588804
600703
779391
122564
541838
715559
391955
854512
910389
451878
812997
449579
294171
54491
253870
904954
310702
653129
127908
715222
620502
294300
596221
249796
3720
999450
979570
776146
839352
304807
379103
554288
693227
488628
596007
905064
901866
826182
465077
335099
567314
125279
699037
829594
528201
186443
263072
949054
171403
476040
926414
198884
548386
605010
498182
505384
775476
99787
942041
882045
517686
801732
368013
639175
857279
696747
333438
300885
866935
83409
896094
776510
188526
504789
766748
221783
221577
663730
466147
974158
529303
596515
748729
442534
29441
197103
161224
518223
404384
467604
930490
997089
966633
823060
402941
588917
491203
596694
544102
273696
831289
393147
18481
161805
842379
439423
545191
750390
639903
927751
471832
664959
269013
184845
598920
272751
26680
974244
227942
856395
96080
58666
595895
254417
916244
776586
113874
405646
404028
293995
64964
719388
305141
686265
536595
344060
966638
242446
274272
198412
493392
666556
337382
656548
960970
879609
987167
988115
314121
321192
566981
958769
329479
723264
426613
561569
57979
451227
312880
884134
391214
565405
358588
922206
631790
716991
820904
277534
942363
210231
489900
127084
340958
319750
567662
185619
243002
623389
91617
493607
967610
504941
599496
783253
409610
937546
408217
35942
891170
471483
336828
768720
263837
933792
676530
479289
73128
374912
406803
162185
642902
455919
546800
771882
765455
405080
40727
381343
350825
670445
38644
388798
29519
238376
954836
304715
317405
851388
230277
120371
727886
738845
154778
904482
963021
589673
113931
795201
521703
579441
471544
21327
85346
570792
108238
136731
709031
572071
896003
133980
349978
533979
520059
496941
670922
468364
73356
218855
983812
969482
690719
251485
663426
144118
956077
451502
730369
319466
519145
273803
97520
720582
965693
708998
762756
763992
736940
897426
965160
830183
126934
603165
338
72669
365210
798791
658481
679182
818325
463037
377219
181673
261577
273591
672514
652218
986778
446218
716478
280409
32945
753066
822342
2291
75523
703296
791424
797234
969260
921508
412568
536716
809205
689463
256661
262053
744373
258272
737031
518498
838739
943073
949789
8267
656105
241813
252883
755996
350404
295048
194504
363945
744392
349811
276845
44715
438064
362130
738906
365162
810676
179108
373115
591945
98819
694655
983463
712745
967280
765453
865937
36795
522985
175079
315351
129190
786209
134284
612792
720785
57040
360381
793571
340365
910864
129145
204458
323618
850600
612112
70869
336117
976166
819303
162515
361299
61989
527047
240524
167836
625518
127969
822097
471374
252475
2466
482421
644461
492311
855471
438645
263372
971361
897086
722770
108283
163951
340432
712512
254222
405774
485390
991287
824069
322984
441215
928550
870173
529599
997412
299079
198066
944533
474097
656717
905423
148014
195304
187963
69460
343405
664915
206542
988995
721564
499613
564058
208999
992071
837709
838323
275745
350087
475168
868738
219088
610076
661443
518583
111324
463348
176298
228637
261728
603400
638864
649545
406257
697894
870091
818988
159631
693193
446155
73928
811816
212900
932335
55743
478403
45438
419459
745287
31311
851638
66202
408890
532617
31656
7044
150922
239364
764712
874669
763538
576792
607595
798290
887943
391465
296966
562976
369485
920915
159246
335659
315174
486255
847390
84936
510277
447429
717750
738375
316609
934094
360448
724240
60261
217636
462959
294169
697252
779720
530176
702273
158378
776016
564131
799244
23309
703147
249202
672444
599650
416914
972703
290056
304556
285325
217325
631163
26416
396383
713749
908460
346340
508688
557897
256662
682501
721877
512852
77523
187144
273757
429152
667578
388584
472378
813458
122961
135966
746538
648528
588145
746799
761794
816418
817141
592223
822518
537654
943454
564611
125127
762685
420487
95348
987913
735220
664767
251744
97680
772285
487368
54458
3767
364651
871787
307153
542092
225373
609590
646591
918491
206785
672852
209656
8022
886458
874119
560258
275422
68508
227268
202307
377136
252244
787498
960950
717551
891941
171041
573752
279497
967693
719115
409599
56009
322054
875242
597481
768889
204520
234638
15986
518578
509035
963256
45952
638082
958411
864209
524569
465464
727556
198720
252468
12110
106493
760300
642285
881908
648897
483342
903313
516149
179432
295985
668121
947272
533332
994377
362228
336694
810839
679150
327869
564514
85170
142131
828940
434682
873273
604263
580392
823033
306962
276264
111066
832470
715100
945950
674077
939212
979307
586907
22385
405319
514226
984269
786958
654888
698554
369182
795702
69109
318542
984488
274467
992096
621433
843800
317216
471282
733799
685086
795508
110612
200297
152142
353337
642042
812244
578006
136010
926893
205385
256924
871642
501043
457102
194228
628066
242972
719067
379451
557682
549996
144754
484499
25129
759456
857445
616507
483456
30175
233019
704649
179776
162110
897581
845191
689812
409584
570315
402344
730489
960329
231228
647973
59025
203309
899362
222905
191319
794009
840796
929653
328877
56269
216677
305920
366930
950293
41370
316207
389167
608179
144152
730493
35088
183979
408515
231527
654768
311659
225060
420391
905197
150548
302890
636746
372634
89833
624017
211504
262259
34771
341920
984480
486059
757326
519116
629830
859106
166964
234106
59146
418355
333540
393634
798541
467177
268751
970191
23874
638097
651423
784707
911463
991210
649987
226743
208927
236025
111707
918207
846574
59897
136765
663372
71120
377072
792098
720780
135798
775837
438897
106220
187614
259086
954085
844605
157454
441358
437661
199348
712428
969722
369344
205132
345213
804148
633546
147718
566648
716913
100408
930512
292102
233966
825484
501956
999513
395392
96381
628103
10854
932040
486271
616594
794496
891140
301994
630797
516690
869315
281225
12759
921657
190833
913474
877922
926012
744528
440413
982076
312809
831112
753138
416872
930829
411285
180532
26155
418511
589150
205908
750562
755625
879270
368211
53008
711940
739803
297127
200886
909296
305228
710665
992155
826749
665080
989081
970027
609208
942913
651183
795580
839621
530688
478591
100587
205654
542514
646440
309285
818949
906191
613465
660802
686100
500987
133408
117963
542462
286677
910609
527708
787321
640238
823631
968229
404235
762132
896762
396426
363782
838860
260341
189035
343074
954653
590226
453629
819317
798025
283421
565207
241809
235223
232578
949897
938234
461579
338907
827367
670530
493816
666970
831715
535748
889900
848080
179992
258617
257289
168152
487779
161594
804659
784034
858156
459858
782117
843615
608387
615935
329566
712454
568677
400582
919482
931586
944733
880752
571099
440504
356359
480100
103110
622904
534704
317154
78090
684095
555097
315865
394650
790118
62170
376550
751932
626732
611748
144683
495130
1179
76255
820807
999286
365721
296498
90487
131899
76173
151328
481737
872942
633067
377871
291000
618179
949982
407653
883945
148492
589265
532811
543873
878924
242907
708179
492129
233962
219652
433398
6527
645889
610168
760182
765858
105364
816903
367778
979193
141023
273111
329464
83417
876169
111527
635748
83026
390453
281408
687207
8748
358071
880250
138771
56131
112548
28648
570162
924476
530882
901729
132295
16099
33630
742636
225004
653219
813373
64007
606874
135329
503850
991636
325960
647093
347246
265441
723178
553349
289630
924370
484378
693056
894350
326957
955220
275060
583459
210050
214044
964557
812359
670453
972154
188587
885877
661226
163621
804446
878579
728523
19902
585665
731168
935096
55603
275440
213731
163404
964868
928935
445635
738312
292706
216056
425621
79263
408435
445864
759824
243230
93427
672360
603261
158901
438324
539499
531145
250725
219078
915176
975868
305224
730417
930222
199940
871992
273439
950238
739947
650909
504535
948746
607656
747991
559716
608873
776849
220932
17044
726387
4590
435182
612572
922847
555752
966292
466649
532151
461536
408148
2481
213652
640732
361010
426776
84156
119964
53767
429294
351252
102027
156296
77894
764484
25617
69618
4994
452646
87557
921487
859418
78441
513344
662696
658875
920328
393548
116615
228748
347299
952188
329384
950475
206455
595861
686268
383126
110271
780266
255513
313670
890534
784005
44737
860150
494759
595905
604492
550625
3907
160821
698933
518313
349598
886475
232255
895732
250103
97198
99714
26225
160770
586978
590870
829497
877156
107053
427994
246800
14794
366131
305314
883978
475047
922335
327483
678858
632392
816957
947611
769318
840021
745190
215018
277286
25638
979346
935975
943148
660159
425041
811513
192237
661482
242965
225939
628637
406768
528487
724482
46505
379059
957754
720150
267678
386603
471453
821035
137767
203259
172617
514707
206515
668399
425946
312161
794357
689813
99355
313940
253317
667572
93434
691167
938468
159213
628251
79825
582941
765357
73544
838118
483270
241869
648581
444905
945766
857414
317761
628868
655088
98388
292649
564134
573038
655782
612823
484815
994745
799934
448296
694331
488420
345899
743596
757353
954745
351009
180470
577606
683419
988978
873106
593531
376778
915883
943382
83472
793029
795661
567505
720251
27210
902887
959265
790025
328057
470349
522593
43432
989911
41463
362559
178318
77038
100791
633131
259722
888657
742744
453291
967013
604924
778704
448715
575476
427162
571043
563442
749309
37025
821140
561040
635396
161561
701895
537972
326641
165306
458360
258106
876383
117554
416658
282273
664387
174661
659309
179579
393015
381583
212967
576125
745250
284261
654174
185782
533958
132186
170247
211357
989862
237341
189294
315715
418514
80192
932426
25511
422097
889619
271996
496680
322729
622383
622308
518293
719309
966350
785824
516064
397412
762711
231906
38322
658802
432505
109101
221656
418277
503533
753836
193882
265022
667229
803311
760556
709914
994403
826691
816446
908829
131306
344300
595054
544826
457841
65409
878942
972192
693614
473253
578847
434116
652303
222749
481164
436295
50395
255891
751988
847237
938487
494566
4399
466745
682821
500140
563089
451536
101031
705093
406973
925193
516257
434513
142597
114141
585661
963775
387888
121543
762766
239675
265420
706584
61740
526928
610711
525105
923171
301006
44761
956125
232201
730718
574476
527417
777400
937270
267879
482480
24229
686567
852041
739294
461986
649875
751295
116310
914028
800765
998066
279231
489778
290169
644592
370009
687843
1282
878421
181021
758770
410090
178965
441731
647785
389804
769961
25245
572199
337885
558484
310177
692792
42945
16785
380676
282255
631354
331867
613953
321762
215900
126104
509624
789218
118172
92003
638324
498390
160038
743797
346501
400083
290253
911919
435596
466586
284061
269638
906517
350030
972556
200395
86366
142480
244175
775958
822070
396281
779466
477518
124673
554547
578911
487896
407128
847220
170728
897434
443469
141720
825599
184299
5452
453659
278458
607577
815581
268016
22900
583702
309381
147456
232902
896767
91212
699522
683157
70922
389338
249011
729029
863820
271099
277235
150604
721061
482882
608316
592673
443209
16585
808383
76818
470315
834070
222045
519477
234055
975001
905982
213046
943693
11281
539346
459664
298981
64463
227554
497367
656419
463955
489490
211761
329481
220626
516277
453477
18995
815897
81869
266315
720803
840139
272157
332195
169001
887814
109037
189954
702063
590500
536218
363175
705823
451678
76247
110636
611377
896202
71108
501912
89684
886661
275561
789841
486200
249579
514639
662191
480758
301059
120379
444971
815453
610872
880584
953782
204762
738946
321248
562470
86979
738084
574166
293771
439168
222542
97251
360672
518550
781090
590588
481501
974161
460563
451468
6058
410126
846570
35347
533677
533090
948387
411483
656772
35179
275508
73298
760783
103729
519021
895241
160868
450615
550074
939720
859430
956900
997382
529355
359215
726089
669114
775837
746666
480143
550243
470992
110590
640382
874866
724695
808037
813548
393628
811008
431259
327936
593634
39184
63857
294882
288043
661244
592064
546625
834701
265218
209083
32384
58858
513251
665182
111294
179831
869437
212419
87296
362072
422408
884243
415805
568295
244205
763545
445895
231188
471486
296242
55761
740646
32150
641825
209633
497888
375822
148991
511123
236607
226777
293263
91015
3295
81021
273968
585448
42044
872367
93995
702234
836886
635465
489260
414975
840878
625770
660686
227558
689198
246314
819471
991633
470565
891128
173667
758178
847792
693011
24612
633185
294580
904289
941990
37868
207303
660271
272745
631484
284398
804678
641384
219984
707521
906534
383886
250808
429995
748386
791240
889215
675982
922071
665845
222390
384323
55178
678331
186073
881279
689950
748019
881633
556561
813806
673348
61093
471303
81101
571533
938733
533169
266775
556348
303893
168701
371188
329916
304923
449
136169
128971
135621
103256
759194
666729
110834
12643
946336
893484
889339
327985
361795
231601
191557
108217
484948
589037
669222
810692
925866
877025
327537
446504
206647
899180
994976
711790
962245
431290
963741
16661
976083
258330
758573
31664
344454
355758
811065
298730
298510
531259
929914
154218
154774
654752
925377
642449
96231
484260
573409
103776
447194
611368
607418
484791
504056
161595
376162
571896
31600
232972
710705
993994
613555
682746
596521
642106
170032
582152
875712
830139
239655
767276
738572
521934
919468
893254
577290
458813
688123
11886
869003
174785
214322
139110
404988
137603
826095
378415
745872
339839
975750
334519
522124
616325
594847
829167
17263
611161
622507
427003
736507
725179
483521
312323
805604
874689
353177
687079
750356
69280
48483
675407
94745
929865
393093
520863
860012
486767
750640
954442
297439
186471
639582
743806
602786
716393
670954
366781
796337
148787
214795
393292
989342
111885
176558
364484
624374
350247
575088
968325
246163
21342
77621
810762
9534
313693
786983
313496
193086
840480
612111
850257
307842
735508
625737
32869
39654
573339
635687
803752
2149
87276
613541
317118
807388
32598
887108
627570
688055
934628
928901
960294
8890
589084
793027
266149
279534
319074
446381
224084
788646
89082
778655
581319
865004
97771
996701
750257
246285
654782
739756
783667
178686
50726
523916
552661
969386
490169
315157
693650
706521
910108
598124
305869
214654
485374
395491
783266
399197
915259
38891
130520
600535
197280
390006
223154
489939
488526
784365
799012
292619
94327
37131
372579
633072
192134
755412
878357
787067
83291
431798
459176
360082
528308
867066
581503
84435
572839
974887
527494
588031
382091
853300
890470
7494
418039
272039
916
911915
588002
892302
973060
58195
162666
660249
849532
602480
527344
792210
95043
98692
972768
600891
970616
757013
460878
743555
807806
456748
14204
662884
188693
241417
177336
531868
196868
572966
610210
279301
434098
738470
386891
354579
877461
721690
441401
92906
971329
846000
254856
962778
574242
423353
149483
966904
820037
944277
540687
645594
247632
567550
421408
39790
845394
520685
660772
887223
607285
705772
728774
101670
712784
180345
291374
987281
72473
655636
539531
888338
969720
664934
385074
532287
269494
468814
66016
341313
323028
605705
215195
547859
880632
524476
574903
537369
883267
948193
933237
62042
168894
774156
615046
211548
465522
769369
360301
363867
281366
657460
447234
286885
310243
511557
93778
41429
743236
800118
439140
485994
442793
460514
355735
192131
550843
151835
880103
415929
193322
559896
852558
577113
119201
87994
730567
758844
340507
98553
122029
183237
978639
905839
14082
958711
183495
764673
483149
18992
238479
541606
448666
666246
300360
38613
648165
77693
790748
751951
139281
286434
875340
742790
811603
467462
829541
301673
289068
541082
462033
6093
39763
27044
270921
547705
482800
933532
921576
773518
263237
359077
118875
527121
656232
280683
659893
483287
986603
293653
834719
466188
544284
952167
188332
499039
725927
659704
275275
750541
364826
404938
118486
912393
203713
378891
641927
781637
631088
335271
983433
519392
448543
170184
517100
614444
353135
760747
803891
534426
932171
902304
341640
101381
788458
919326
653392
845911
620016
404736
101592
175324
850036
788320
5486
953825
475549
679951
924685
571912
165221
238318
996208
578348
818431
354348
220807
415211
980949
416284
899847
571860
593066
811569
823260
228910
46559
423385
821818
256867
586641
82484
444945
347400
388575
177520
118815
302218
539529
32003
686879
55158
460084
714243
234655
119844
745482
396517
348655
123649
46590
132496
887605
904632
53293
100381
585502
108925
622944
255214
581167
238454
213998
931176
768313
663814
224190
639502
522603
411894
307819
2299
778050
446850
165440
745404
189275
788222
271330
112903
714856
407971
724621
45660
760065
54970
386230
865847
669842
207332
820560
259567
290099
399300
484075
246766
321301
643145
443318
367373
28951
256219
199781
108556
904376
542305
707694
583723
736039
587437
164909
125927
951095
237061
372263
521172
880942
320911
53355
72404
660477
537944
92692
444017
451145
622209
622444
957853
293928
678534
583275
268291
236455
106156
389917
758601
718152
364679
108833
623525
165897
66853
64653
618265
513183
416986
117167
626700
695874
751849
920495
791943
877089
179148
899152
662152
48759
761057
353877
219782
529845
502257
864000
982786
734879
814685
798965
484615
98355
440167
700862
203198
397635
739226
217576
944304
634404
964695
5066
907672
513279
115326
240997
158500
211397
1269
263463
809096
556095
473496
174794
220735
351491
260285
523545
110048
864962
94178
151763
697433
815103
89398
608360
371850
632282
87169
785952
971648
908874
158832
736539
625164
547754
531457
191027
517696
54954
182919
99901
205765
188838
127514
515183
268636
624531
232991
940635
217455
677078
299632
294618
604627
901551
862375
740996
584797
609106
318156
267227
378142
756182
42200
832839
296124
262150
680358
339068
323438
583318
905333
823288
979091
82479
680284
917352
893808
770731
231243
828266
88772
863261
204857
448621
648650
507783
87728
488757
880395
754095
257073
383419
482717
934283
117700
972593
343163
775961
775329
216611
843842
582411
221236
499705
630982
912864
696273
587801
265167
52814
704052
599913
789299
789979
317235
336946
657809
364043
983746
378080
83815
544500
634467
730918
227985
613549
783336
790270
334111
154149
461862
855758
483601
467728
297912
25254
54194
891131
919405
482278
752974
873153
972559
519357
486032
249558
152721
215372
99069
209600
400084
528808
328647
765862
701654
736255
114895
721089
640567
263762
912890
278639
129577
878944
530030
656422
736692
780323
253290
652869
951780
731251
59840
344454
528400
826889
52079
632464
147527
293151
429217
961769
670296
973938
638141
370633
437758
986729
707370
656906
639846
629136
901922
985787
19167
522877
384750
837907
619485
632019
545220
136130
453738
696677
694521
743459
752746
263602
426084
269198
784777
24398
31505
203403
996931
394658
987807
261985
632655
448778
801591
116812
772457
302748
448681
466380
774971
763656
833508
211802
991463
608347
497682
706486
385075
238366
530318
334747
438098
572059
206851
938324
586763
306175
283362
475945
12872
169115
198719
777329
881982
799557
936329
672715
377523
461339
474596
800808
407025
408807
768933
238847
743749
436894
699945
369060
382068
709763
26386
175667
345212
264233
617439
315174
871234
30741
307687
923654
424285
705665
442994
64319
654269
809789
698740
753996
929913
47729
135399
756753
986165
741437
886020
679303
964972
657153
951325
194897
175648
614264
729882
611502
111835
529343
122702
652104
78944
93556
273461
227049
698995
318778
129037
476685
590274
421592
338509
673682
377903
303681
2054
820171
944827
582254
928661
660661
438096
531943
216706
834305
596331
958242
277497
300816
549412
343554
932642
915773
610523
239104
732767
273043
418241
225895
653666
640543
456192
779449
693800
506657
576200
571759
285845
907036
529143
518174
876205
647309
860836
212341
352556
342648
38537
395427
775940
963741
422410
203221
708273
672330
718246
264349
285114
761482
706553
152366
410118
409723
878123
341700
909207
274301
39801
813665
431208
792007
307678
516081
164703
955859
760413
603599
345263
347833
256942
420832
714510
242202
66563
576349
506125
913267
776309
223535
147353
548369
259600
57331
819532
877091
214071
657757
432817
752235
152950
946616
589203
283279
478626
56011
299136
943500
229999
920
705503
791882
811534
937790
642155
119562
973376
461246
121483
596475
736828
376154
501840
794669
482873
918617
298186
503837
560025
127720
870663
551790
371890
576090
426025
565305
553785
427472
114787
454587
261389
360820
825872
883373
589982
358175
442032
484913
762616
696091
23103
160680
866224
168962
782900
466272
679273
704005
248211
141227
89795
427721
87599
53515
980834
834027
942976
385801
971798
316260
331484
456612
383020
473160
76309
623975
429648
559401
370544
903955
571997
859352
301117
271420
732739
961163
774232
606832
445652
852442
820538
203025
947179
401316
165564
967236
521593
711502
115114
214402
22765
70763
371456
254540
25024
703352
281028
127611
104346
374590
177535
338293
318500
921114
559257
507708
990699
783641
128272
961760
987437
974333
995669
795797
955524
100253
608259
711455
449388
13224
959612
925482
734835
905930
306530
25334
575164
988071
31343
350191
286831
4932
540018
718490
24065
968901
467431
763884
834139
874065
761905
826037
289385
61777
109622
418105
395970
454808
886871
517407
273007
773789
488203
419907
555802
688611
167063
414502
678165
760889
347308
357253
548995
383453
27997
432839
267623
651708
676859
657551
796231
147925
961550
857650
106300
336123
959346
133954
54041
831865
781261
737993
692214
812111
540265
640146
513048
111515
896562
485536
774974
255315
77133
740546
501322
911919
285714
22718
865035
378404
911912
620010
767139
543562
109884
500379
809881
736287
673438
831476
531134
902436
513144
12192
317620
682213
49067
753242
652127
62998
668039
600553
754604
417625
325287
252394
420985
345373
555687
55301
773472
5408
940868
476418
710499
819476
56526
437620
88245
978976
776780
988563
530019
429629
674732
568936
969566
376641
155941
498209
920997
320057
780651
300996
591187
262510
938510
39936
535554
435338
542064
522975
445723
827796
174305
192088
245500
578456
914137
655554
985220
743330
504145
523746
568766
686184
531134
837413
879591
844487
790315
864809
947357
371750
918065
54133
348327
609591
118614
31754
762651
589852
329344
903761
572464
739558
273236
141235
927585
940216
858224
439239
341369
943818
693249
506854
766785
406921
471041
294939
601732
811100
581328
838647
614460
729346
117934
450561
750427
40727
642259
55178
137911
521078
189483
846557
339858
984695
155954
574549
263941
793689
508967
141578
476681
160251
573936
151139
830370
370757
994698
555855
277353
346980
686250
26703
628148
785138
455925
914667
219428
525619
560345
975173
764298
778939
248134
33738
460662
142894
759885
60164
9374
697824
29331
270732
373096
57947
620465
50717
757525
583038
719340
697988
158857
771074
48588
832820
849659
576216
957211
669879
347701
817262
635195
629310
253512
305041
686436
54105
204304
738733
555002
123458
746015
9199
739783
899475
516937
63115
201818
248536
225932
891225
438267
895551
388825
852314
958537
513644
168707
678681
869683
929449
352707
646509
675599
300667
401318
388955
285594
969551
847636
118168
295885
860243
161661
527340
867544
811234
306593
126513
327805
549655
667516
880763
328204
707843
619789
280146
173943
333561
495170
588570
968401
145798
514
490260
642344
954110
256854
63037
925243
539249
961141
334100
656153
781501
128298
366841
8665
66173
636452
866225
807664
632351
575194
171590
563122
158036
889433
949643
212776
469280
970923
520637
287178
99857
125542
269573
200665
494156
360462
30427
555419
941314
181223
848260
3444
115138
479260
379900
44766
369385
882565
223854
791877
371828
881753
347679
592706
631286
271024
548331
820593
144229
718514
406440
528561
48974
390242
556007
428727
818921
539009
449817
540559
282823
883360
307597
573105
273895
684678
387415
805308
48425
293497
303629
988113
543514
799853
65195
925391
883054
426438
924886
27750
479883
326348
728509
672026
616705
222762
773276
71126
928344
255267
187995
895338
607299
177810
620627
749731
427440
545691
764272
798982
709057
168436
175857
547817
771668
923466
15692
994285
899454
672785
177775
865243
60567
321643
906658
842330
421039
125364
358088
948427
697695
31144
92677
88769
559737
35122
461113
296480
142497
885074
513065
527121
787765
375081
510463
110559
694056
52068
231464
494961
482284
213251
271067
801124
698829
896261
331066
474180
731931
30002
399952
297256
385216
908612
667707
125671
163568
988915
235235
757626
545405
387420
626600
964336
815178
818317
495002
780680
19096
178159
729569
904238
71612
783440
624893
221077
430641
202061
751272
671661
514442
57369
756504
397249
190592
533548
670433
647345
836905
615626
508790
129031
232586
76014
422480
170231
125315
601491
811687
549112
733672
648480
883549
954489
776689
396526
265786
629570
711175
833719
181138
249512
952126
290396
713219
612204
514850
826322
693211
375025
291818
656939
668950
865369
638026
848061
715524
388475
144932
654833
186313
549378
719774
586666
297342
674469
291599
634703
115190
927870
905810
364727
486747
681738
872381
467568
53238
619964
369196
530028
732493
121598
803702
657545
791334
57157
534209
417659
831466
473167
841266
187288
545253
20412
38140
391488
825130
549190
823002
392295
190676
928991
850904
521793
777702
568550
652042
788809
155220
121925
1632
156141
611227
80681
429074
56281
94475
977247
637237
317150
203749
671752
586352
507391
391519
38137
71688
627352
27972
599153
66134
779628
945336
400439
775195
674057
932313
43344
959530
510362
17666
323034
508995
677001
486953
651272
11712
596367
181352
862523
829032
404313
549977
833337
728802
85784
76314
208588
884995
310502
972591
676730
611144
994896
134343
925660
356383
51908
155095
312477
559008
168600
343971
211537
313945
1268
147803
605167
588166
156318
351970
450605
352928
813472
794985
875446
33100
117592
936826
456843
959924
751004
688977
198259
430387
193287
172516
711520
523882
124005
439236
455200
467440
658231
37596
772732
627366
908771
426901
757233
647015
677947
88540
784456
789855
543272
508155
708884
924467
842803
329508
163016
532830
208687
199053
929778
763356
487623
84468
181784
945790
56736
126788
421805
75550
455786
241616
420720
193965
88456
953724
11170
852904
638937
775227
353762
942505
422947
120050
2790
84890
752028
333372
746904
471428
104852
204167
470091
566213
429890
43867
163800
294752
331881
504635
455449
170735
533990
821092
847810
539635
250201
860338
842711
460812
367790
41442
922445
951044
649863
136946
309697
691205
99335
643109
279567
655147
629694
82018
9489
457076
9836
341756
279412
165332
28468
818317
417848
989285
584927
808059
157316
567420
307017
537180
289123
325911
386988
823350
143903
382194
254599
69279
998072
782329
816810
452355
543553
313367
258337
385796
465688
127788
297978
9404
830976
770270
66613
870686
734877
72455
450440
387450
348619
106188
565708
729247
179930
152717
500423
467162
25898
824
751766
37853
675680
39608
768887
10427
989250
96075
727985
456528
411765
316850
409440
902910
55120
255553
409889
652882
795100
635478
214166
329284
732778
807910
635094
132765
521105
561843
941748
714163
85059
613018
38507
414096
387724
212680
793955
267313
688934
938893
87202
988586
734139
118025
308434
442343
322552
892482
484394
363917
255625
903960
566204
445438
889719
514000
179163
430395
669532
206732
848743
113061
285631
460827
576823
203484
691344
187373
667489
643080
350465
144159
428328
904630
180670
595381
351811
198170
607499
274085
621766
175155
964409
316048
411184
394572
883013
904844
485904
826910
366605
642588
216852
314067
249584
786625
307247
946661
86657
888425
466918
401893
34342
805446
339192
52888
638803
21434
575144
295740
66719
486638
817000
187176
240832
626562
167204
707857
434472
298271
848360
925288
503611
532712
629678
404769
283691
851022
329992
429135
873202
20482
47334
52331
126635
997190
554309
664820
820174
905373
914100
118000
240966
671073
412100
262352
805425
622195
791820
999345
127411
985932
310422
201407
870135
868658
632170
964212
645251
218503
350132
326910
330231
94844
213268
515839
47970
758690
259971
249582
577153
873313
972125
179099
915093
690305
545487
566159
35168
575142
47965
462545
380412
398489
643088
753733
248727
396992
233595
256880
559374
12976
341225
209751
675237
778137
419557
772420
54881
261472
213286
732522
756674
109706
435988
41504
698721
153747
658043
271625
318881
726047
980555
133397
867989
710600
718153
200672
205166
125270
634967
661240
507615
793868
554714
447676
607951
75807
521101
659999
940730
967234
318882
514124
71525
199836
808720
207780
102012
900571
732222
266850
385354
734306
116682
177824
999187
372830
661430
369267
799825
420150
20847
656432
333578
49313
616956
991442
469066
739409
313344
732788
181826
740237
215787
642168
574333
664284
404867
153994
913787
36381
973322
862143
535340
961460
425549
756375
588362
534303
854345
33441
354387
282854
124666
625278
619874
728113
102849
572605
468073
90483
409073
371430
81229
146500
223862
100562
698078
763661
244898
305079
591090
879580
870997
500226
42525
754648
420233
782621
583886
777806
715064
992656
557897
765801
858410
150019
783932
937857
197086
261218
107585
133642
454996
755929
390447
609325
751349
727742
703069
962611
48416
668175
467445
879390
186578
498768
327536
210322
600945
644183
792819
909168
778933
298211
13702
886724
166772
222502
896109
649108
668488
410403
160421
890009
750047
253874
798012
202570
258206
506465
919373
311251
740979
891573
841751
476261
640758
730574
300922
290855
40122
13736
761613
575434
205622
172797
223838
847482
43787
783560
27335
631152
546418
540325
261417
634340
654404
606037
994056
980128
451620
679389
330307
871408
445260
948941
49390
515701
756019
499614
93646
905049
178200
524533
267248
257437
3822
110404
497958
201295
159460
307664
475679
230295
757456
543629
666466
966959
949303
461861
569063
197875
135419
236055
820562
576654
698402
863612
864909
539092
850367
223909
825728
890606
441087
535905
866288
738352
100882
767579
299697
808327
681587
749471
169609
543246
137110
313917
593571
44095
307694
326790
4973
300742
873432
643892
928910
718897
892071
410982
756103
46148
538636
248840
344165
574954
421154
730577
439904
913926
711764
969638
968532
223334
805676
372124
466521
949401
147064
244762
116673
806551
10010
859485
533165
220511
110509
983318
167436
221598
102224
991790
214961
281547
999568
663529
933584
558160
10742
932776
960342
529634
618345
926473
9890
937073
349250
617321
62563
325627
483819
151753
837711
399483
58226
482766
470333
758848
820080
326882
910751
670360
690640
418105
227424
993195
848574
600494
610646
106915
517422
110987
286052
873993
68166
177767
48175
984363
86953
177258
879483
397945
614881
97772
529697
943344
502312
344444
2991
640814
478547
620605
819036
97443
550876
804778
885414
34792
63690
538361
227658
868714
699071
634206
14751
718911
296094
747814
576976
922265
699095
271876
997364
579480
82448
961449
394508
561337
910257
755404
515288
359276
49868
64073
831062
974596
387624
988069
686744
619912
66281
702320
290753
98982
362461
843651
946908
445127
534629
447977
274072
723966
428286
578906
564388
978009
473003
137763
553315
856154
788865
781345
718284
238848
976846
705323
658337
508862
509671
598800
944586
322253
116557
853174
554574
306525
332603
165409
123501
185766
614415
970516
982812
493726
865874
787474
301533
438851
219814
883709
20923
512407
795275
442592
387935
3308
888270
50824
398290
597653
721678
917388
884816
341884
438700
239534
298821
764754
567374
185690
990567
285793
118800
548299
3567
548477
897417
418957
951605
790041
104053
730717
912743
348341
801156
969452
486309
719157
574398
694018
681276
184909
147793
579648
754814
386841
987833
873214
930363
88393
479370
267027
523550
361338
710365
954930
404389
451295
843349
206001
806846
24734
556109
672934
652027
140407
394784
280106
277042
504287
129236
638847
838516
145707
637731
129870
365416
271656
364840
33160
201795
643271
533859
28975
125605
347893
847976
168877
125395
829769
209642
222434
697229
136855
237280
840507
893388
700897
555922
932285
340378
31021
648578
609122
669261
702770
849977
228442
866337
458284
693165
543538
788273
374415
537612
435154
936658
573528
224871
600032
200461
564478
150014
153091
90038
704648
774500
465090
962925
375608
899407
264778
131505
794277
905534
471118
712540
789670
41351
223113
634623
405162
486844
894815
62554
696165
171129
810209
818296
75685
728077
790960
190885
24003
87171
216441
650125
735028
808140
813982
47347
245503
575178
110837
889418
141385
418299
158377
601780
880524
278976
54654
396564
571238
186185
975475
64786
669774
760800
299584
912938
328545
373582
549759
220017
343002
914797
292519
264294
419361
356364
416498
834289
683002
122552
636001
187195
132446
913645
840534
989417
962599
907673
460766
750070
809892
782793
130386
801323
243020
196339
906386
231678
573712
540831
910450
350661
943049
38450
252721
787989
797201
878104
840740
417979
775789
209869
329586
669270
645992
895241
496248
972623
328251
210822
318157
247543
156199
144943
124127
738299
842725
702630
905660
947206
267125
437682
852013
432628
129236
350020
298685
994478
618889
5412
148119
205158
941725
34045
473421
560945
217066
960513
664757
121724
509772
457466
544494
133932
716661
883247
103936
427990
414813
207791
319393
68247
194710
28220
517908
293074
282365
41111
699245
442564
148812
752421
414639
20933
960333
350779
862358
299486
284137
189643
699632
526081
582623
724650
524069
710697
952272
949373
565720
173327
915382
500224
350694
982598
253301
641970
455884
495092
225034
29857
503781
965037
298336
713805
577104
280301
711745
582908
2032
2866
70313
446617
652109
409972
127927
458826
511575
936706
416893
291405
901451
530874
249334
629069
231535
283557
383959
464199
129335
890029
117886
481363
39178
977531
52231
772562
149854
294193
397630
977651
558399
27393
324334
588897
238383
314984
497944
845197
272168
491531
954367
176851
400573
917356
627296
995531
742238
399561
654208
871151
128826
189009
660573
621476
63039
669764
806534
829991
782781
157542
822407
972821
800872
748511
826684
687255
887420
786994
773510
563304
536123
722840
998108
604996
767378
218168
370105
589486
464666
187078
976307
999198
557050
877237
175724
578758
504297
239194
483553
528640
918801
837279
287264
546518
682767
692128
206422
605165
709207
178725
57158
56206
657077
507132
584150
935954
190510
786867
582532
727658
190789
679535
556213
289737
663001
696556
546670
970734
474539
654226
525596
481105
514622
776944
446349
775785
497111
594775
457729
621080
321508
924182
392795
480244
215673
445517
113842
478259
928437
28400
405381
610034
293891
864922
847755
104482
133245
339979
587239
649168
448490
459840
247610
491791
475432
152174
324819
378755
300581
526874
832577
377549
48007
26776
53770
70286
310444
587294
313652
489370
799883
889667
555072
959611
509881
619418
851958
898271
534280
328933
199900
542431
453578
563704
937728
349932
734643
257260
880821
949400
167516
363068
851354
389566
196964
823103
490197
54736
663281
390466
428255
487547
837396
999233
892537
160249
230283
571586
405245
76723
222688
37071
482319
238672
206638
581070
996594
968414
334979
542590
533111
273884
826529
315664
402192
428833
5599
607584
128322
665901
26605
693710
127097
911243
394933
518141
861365
314335
336156
802472
747362
764241
948519
445852
654982
215126
612539
611094
628372
806424
932604
135993
396125
176002
708951
815148
180262
820073
632284
598158
698324
602010
921475
990679
95172
867836
738704
803404
955255
733154
961936
894494
78187
740528
769859
112096
420869
644710
758996
251811
152297
441678
557315
629424
447980
607742
249059
453794
862945
325835
683647
50269
675792
166346
579288
264815
402693
451908
641098
815297
472964
543285
218445
620025
41434
901889
627926
572976
564430
528628
691549
333963
513079
491892
926586
414968
824167
654470
628841
858119
723077
747129
854892
359074
55417
276274
828880
962987
9920
734613
105031
657456
917023
594894
427572
854861
517363
309305
520774
290015
178855
791796
299195
475232
633856
300286
499334
606308
174994
268876
839948
428207
683734
210664
621383
793585
722003
83974
89101
660447
116280
904357
444203
24302
65484
486046
414251
386094
375100
793997
631862
481474
452755
736985
463826
386040
164233
741409
985419
123977
534258
148484
608432
202094
589079
204621
76149
251740
800866
695994
790454
348255
30194
496807
526491
683151
269199
987036
597526
912176
730167
149744
795593
297516
568791
10840
189509
446693
5461
987216
791086
882426
833418
982180
669370
521624
367693
170203
720536
483898
991082
824641
582061
346622
497650
776208
856889
412709
422124
482618
269720
100903
834601
399062
15845
47281
874294
281444
159097
552444
747050
811710
240273
591819
377950
585566
453326
823361
764796
5254
433493
49820
943536
538192
287830
422482
969724
238738
372650
8966
542696
330605
674710
225127
701206
64371
452269
252390
418548
140338
721617
746258
945930
372193
829978
628945
903795
405350
540943
132861
581416
509186
975760
613272
40056
524698
131607
16622
426964
332579
594323
649350
708102
205672
241588
438148
876738
578427
263365
203294
925589
552566
725234
152185
604474
561772
647019
170015
341259
330802
45729
847519
515157
739971
123630
2818
799108
389204
391377
60581
44605
587445
907222
906040
468811
39393
133780
946961
720304
732450
466384
374766
68253
80227
362752
81989
719998
707668
15081
196362
864684
325172
314025
673725
409798
894206
239505
642924
649882
562674
158954
550284
381948
124350
198809
84848
165049
232905
469917
119524
157734
230813
235764
860585
661393
170414
895389
991436
451353
4299
655993
860133
296730
11360
4107
787177
204608
66533
602846
136813
816573
597159
594118
258488
608789
672945
240958
213251
658134
14871
794737
228239
679526
218014
152980
118307
221748
183947
290992
224289
840657
259463
532221
337348
314775
495787
515178
663865
678023
434030
145210
415830
120113
170792
284232
909627
59788
223810
813675
386692
94565
137469
221748
741928
331124
493979
378580
765937
832523
521198
773211
442456
668456
244475
367131
779324
430185
597449
795499
166911
505503
967116
462023
360701
341051
929961
65621
304170
924004
802790
639106
149575
503211
717680
989451
254017
692054
217991
873752
655974
87193
488714
317826
909252
314979
488218
264694
947680
351443
962350
951345
885840
529995
983667
613995
54710
467165
139421
983120
807257
131555
429327
24297
463457
843499
867555
525786
893807
553038
202838
413252
99479
560034
713875
92746
40571
852933
191514
6961
464069
87450
419597
784161
19136
411984
262359
852424
25108
182109
71482
678686
656028
604363
680499
797891
480997
566569
404363
893444
21126
196450
279357
680572
236695
35754
849407
230679
612943
564628
970927
869234
579966
434688
288283
95838
672739
459442
482861
585092
600107
977151
686769
532642
860167
56865
857285
504627
456168
496617
513244
423277
207834
956499
734830
768932
106746
814901
374976
94540
468437
723346
304651
792859
659295
655499
991436
503949
218189
739253
643495
200641
254095
667462
635833
37761
208557
95400
305593
861087
107389
774256
940681
48698
117183
284648
821791
150048
412949
33096
8778
457294
680226
315396
775140
461266
762877
89279
555347
377937
935890
113821
34683
715301
584789
80566
486916
540446
999972
547430
888579
985578
404345
603713
493319
442639
186376
62052
791618
532372
921787
317670
412435
560064
345800
993710
46508
184570
331243
536542
350565
416079
783429
846573
960924
761746
278609
436755
339974
763806
428927
442269
31959
405623
971247
545696
780170
822799
723339
31690
580301
768868
139265
909076
924109
633734
808156
939411
155033
367287
420222
412398
849077
859755
547132
649002
534910
883950
93526
196001
150516
116069
950289
770706
469673
741484
881075
679505
580293
10399
94107
412127
469940
654260
973754
890772
552236
331526
439218
53049
887262
39340
714761
770994
590456
603208
955145
394712
932757
141468
26360
753445
308866
780886
11631
445193
562542
298092
451802
245401
584685
222626
135115
598247
402409
157353
323387
178220
62886
43297
949341
504738
667439
650047
932000
66671
66082
300362
239170
242299
976085
634175
948492
412066
125476
625685
313390
457157
284569
783963
564407
639867
247286
151293
8944
658085
785121
124581
584534
485536
778668
702590
710003
64915
983489
990803
100696
335143
426791
621846
690425
359830
240627
656573
197093
556765
989901
859207
691488
234891
847646
873117
950175
21948
879379
128019
637791
785823
948945
33101
601186
18546
20341
926334
602567
343055
675142
570060
713541
562336
559546
58128
180611
156271
204257
936057
994519
523864
886770
605200
756698
845727
379441
541142
999781
76254
532985
706441
874730
99927
32811
469829
535408
243624
678195
680008
331180
839708
440500
927694
625017
956894
503888
938267
62645
500040
529109
500759
594295
933657
167175
610835
58352
169861
854150
48042
25309
34215
480476
847298
89190
946514
684005
274482
629654
284805
40603
693693
392568
873788
655677
303549
567434
475747
721052
896667
618145
58982
161090
918779
706201
940387
578943
805876
972086
81985
43729
891452
978652
884698
130351
840675
941159
966100
505266
572086
504616
429389
654241
50756
895485
257780
798423
179965
765324
704309
186515
169910
466459
594764
628892
912264
393231
76091
715855
774553
726400
120918
689287
759474
786357
97596
859367
60047
151361
247328
382982
175158
185401
327237
441464
429311
102480
462664
897397
243890
69906
989719
916969
178061
291513
313280
833368
793828
535087
11876
980459
849251
538785
454474
209306
35632
526396
347471
927992
355371
492872
145979
627606
38871
826781
167728
463829
450898
723205
916284
938252
190272
904496
994125
706257
132294
242766
234884
363432
114290
345293
429410
743814
51512
407023
143007
595328
303448
737734
70297
312213
696219
647887
805417
380692
151291
617705
681234
811948
361826
60848
438611
713614
977739
115515
886556
328448
345221
653998
587933
171521
361686
389436
711737
855317
432828
624508
469273
7980
305039
539111
20254
455155
552066
482156
760558
932278
764040
737712
569200
206896
690899
361061
679634
375153
409207
601734
987527
564330
920365
723628
803919
644760
675380
238800
842414
734987
582866
787230
50622
331538
546489
462386
757728
614917
555332
471985
243278
755823
286944
754247
693324
211606
723464
399544
210493
266023
681128
496293
248466
564227
889635
192734
856029
330016
258608
690526
640324
659229
406687
106535
795472
494247
259130
62395
522917
583169
803462
130676
153100
937139
908649
875649
791468
637457
533605
533757
199000
455398
741314
898029
340482
34238
631819
17302
395532
825741
224366
328825
555647
851071
945479
278956
282389
427037
523958
692311
622384
967256
476460
718343
82158
386294
848517
645042
403604
626262
832655
215304
607591
553377
33642
351794
806873
307855
157319
874665
198880
360403
139730
528822
481379
731173
106540
47362
212366
10026
751953
604569
684870
294017
126169
754943
201654
378092
883546
169775
389894
829337
794090
548204
139181
326093
763906
812678
308637
273708
255678
311340
732765
119463
585281
56168
544245
267650
567605
319163
734658
820928
392944
217301
397353
807918
731954
882097
39080
391882
22923
111883
462600
392782
243801
987711
607343
42140
323631
359231
868306
155975
509330
626929
677063
193531
216733
625635
845752
708683
172164
557612
780404
969365
836853
222688
110367
58196
493530
77167
600586
828994
973947
214106
604445
843624
859457
372435
988977
939331
849493
390577
755834
569172
653799
981197
696545
307781
168715
219004
280752
413939
335613
762856
400615
889692
256069
246349
21676
565863
841142
216142
96670
931402
173840
266801
788234
462043
153477
97022
548470
266167
489753
507119
340123
523721
320482
655444
359793
590776
666415
649350
338850
363119
171333
13509
948448
612170
993029
512177
549330
377818
182889
374305
816809
192469
612909
897828
550226
554461
46858
781650
546244
731051
159133
5965
98936
738584
125863
569753
986745
255368
979373
15446
336145
403571
300544
859606
429347
280081
888919
25503
995671
733538
836696
122878
640111
354455
870773
417798
126393
532832
710259
467620
51485
911763
98822
994528
529046
290229
12505
52658
290621
319017
877482
402558
727937
887602
676433
145262
48307
79783
288416
81835
204478
488050
346598
498040
211252
28932
780430
971947
148099
91033
897829
277064
888326
850659
957625
602491
411000
85014
714460
670450
72387
490895
651144
891605
368118
532514
26652
100963
539478
161982
822021
6506
639883
327359
303800
384163
301499
805840
854427
714663
547828
572987
195459
245906
522691
995663
129176
262899
294242
315053
212821
956076
3917
392751
182700
396461
267765
506804
146567
545415
660174
779724
446184
154479
393027
543933
584753
732946
769610
887344
920640
905103
573393
470587
212722
457430
246103
196172
963145
771483
755096
57646
962856
164982
914656
881147
196475
809626
947585
517087
39795
775280
336416
417604
777391
657423
643177
735455
806582
164058
224163
53719
872993
345591
815965
146061
107478
865447
783816
724620
108590
702535
653087
439951
45880
414178
585216
56297
396567
361585
93342
408597
713286
15408
267216
784858
684028
332829
79297
612698
807083
689104
318474
310648
729890
322866
26461
167780
152274
614299
134488
803909
855213
250188
996601
947201
543658
331909
175281
986732
914085
935685
903249
250058
983204
589660
918753
119811
557749
889454
96208
469026
250867
78726
230597
933961
807591
957524
978452
805109
84362
303173
317836
62378
253928
844477
225133
263483
66465
672308
962230
153272
642122
14954
803741
128372
837232
750344
493656
972657
6140
974677
761880
602411
998450
803985
226838
875646
717652
23601
374150
653044
530211
394424
935591
141807
333445
225519
780732
837807
209346
858881
361237
543425
265704
100789
791814
747781
258639
548360
453689
365018
675831
707494
264992
686504
117837
457349
894018
403785
348493
78239
542199
63060
697281
984458
673135
651208
350887
357877
997932
851922
809200
943937
256080
948731
244901
279929
596688
287922
286628
9136
952136
166193
398793
216950
297129
61517
855272
944182
200525
587423
318198
643247
629483
572939
623943
234957
418214
273642
432753
606819
282880
527896
162768
176712
611436
977947
74659
746955
17088
615406
923988
767507
656073
107818
50837
731608
849849
203088
470502
572088
866363
146165
346035
278519
421223
561034
696665
781142
483857
218823
537353
500046
94588
772020
980037
856617
265068
724116
334280
409662
626905
172526
666563
41095
190911
466169
766017
576352
11794
816611
292843
845343
758223
79294
644264
27466
400366
95751
758044
636857
964724
377813
323922
587785
797157
223899
814900
278842
648662
212890
144439
129830
591071
833958
592596
611679
458479
735698
346864
687523
115259
822138
445533
771646
175311
528814
679609
368765
239045
362294
998452
625738
99538
790791
990384
888361
281405
543744
682177
997774
139500
373921
381139
883352
333463
277065
557547
981550
381149
133737
416070
166197
817397
448395
372637
808555
898557
199993
889610
23779
143790
382731
824068
890973
316017
235153
886982
79297
810314
170264
315407
731832
340787
924317
748162
555751
413124
967372
687149
766793
264781
580083
378470
218984
792518
570184
66962
354936
908574
819603
932159
786640
51055
247929
672049
349382
798227
773863
65850
110373
411856
898519
931138
586126
25518
709762
155495
755176
154410
592226
270269
36613
424195
827875
222582
686035
31985
285733
35101
882107
703477
602608
308157
177305
258252
610101
154910
191385
187389
875069
220911
627626
783058
215793
150335
785698
878179
23109
956261
260782
936397
625985
400960
118516
976514
814637
354457
538311
951418
737432
996197
995526
736392
436421
968294
568209
905095
850739
217456
456105
805107
426568
80073
852004
290516
588249
589802
308361
579860
282520
973282
390478
465138
376091
340442
120619
929743
582853
434611
798554
170918
623443
768779
365102
230809
8197
842015
264717
210598
763878
237386
5196
624504
870586
24236
138149
482138
571012
414502
126231
76742
719793
867777
455003
541660
480804
308142
566974
406510
740831
861736
45983
808248
920010
22134
906183
272237
2532
383308
477408
821996
143683
327761
702612
116625
749769
256700
700419
277096
287269
174359
732384
773757
9987
363110
458409
165647
214865
443617
299073
613987
787439
546908
828331
706676
909107
568584
796453
957575
471126
973266
731807
788509
305598
910185
411350
393794
824424
781149
371858
85251
665393
85603
727160
813501
296770
228917
492429
978255
468822
132118
228744
563441
813610
399987
690321
659422
802304
69349
423388
369837
691087
823123
202653
130686
897354
842677
712487
293647
150027
282867
497701
473966
659548
531179
820403
763977
224482
152978
24410
328033
601703
148210
684262
470557
518658
753681
978662
470651
219045
863090
69504
930721
548035
413941
485614
518226
807068
785561
892121
178364
242342
432994
509008
124142
195610
103829
376997
587814
365912
889825
9956
610568
32759
483160
895281
323627
250541
238170
877949
496718
842903
560850
495460
291112
636775
175130
777191
157853
361191
252858
265089
641868
104686
965198
983656
39301
100574
835525
731169
340440
75030
297093
735616
943817
157499
604844
620027
877791
746462
756914
255786
154779
252362
345450
260958
403206
239597
830439
41115
691556
906977
705468
733875
95748
408213
855259
969216
11193
175516
904158
723965
182435
866258
132260
2625
469990
100903
434132
493082
490109
897417
11133
91650
780839
994994
37278
525249
228671
538507
597249
1182
821225
430075
9730
102531
648680
567057
109549
309548
83725
415562
75653
460427
604490
702335
253473
138812
993125
533294
590258
835552
642312
827555
863839
362136
553269
999682
446289
520032
726550
319540
308043
636933
460018
40300
872368
142149
250108
933781
721832
135169
142598
758938
205086
159137
548307
645201
482657
704388
792265
585029
516202
865698
689925
415710
932413
477249
700361
36015
294184
534672
215568
231132
65064
603876
61059
714534
673515
542156
389060
856981
304369
455443
856103
433984
309707
417681
707392
546300
68934
673070
803031
307487
324001
855605
266360
550000
537081
525904
256999
511725
37254
24742
245105
665399
751742
58445
152734
751198
628951
482350
926403
891909
240170
398196
68660
515122
315443
505072
625686
648948
199861
274381
876690
102065
36410
492075
625957
988107
714424
268698
719828
964463
808463
298292
840573
644410
593647
923863
240649
834695
546647
25341
867774
905945
156728
518458
767537
396898
342584
906578
139608
197422
14866
696821
956670
179119
901338
928856
798607
885221
783006
972593
637075
309866
678441
260047
512184
296663
576225
560723
145095
229655
330768
424079
917113
206278
790079
721913
567715
58757
181310
157131
3468
794589
346369
66683
816223
181132
815205
428626
879547
796849
359568
665836
129576
234897
584757
798731
965157
18436
944759
878487
737885
748671
14565
439094
3576
275006
301156
871940
384397
280590
790058
829039
858292
446132
897702
255026
811641
672318
786366
179948
261550
643620
927344
78172
313752
412889
482010
650556
860745
930996
462996
917111
918478
235382
736955
152583
490942
395639
884361
913263
427443
34546
434656
644754
482133
869673
83302
542063
65809
308790
794889
802106
289705
889328
404003
903191
786598
831158
323705
520309
278696
702555
786718
287813
120286
853742
470005
923030
294992
756196
344787
195535
161433
474789
981123
456520
285683
908720
887459
364421
183659
940587
437675
312335
825907
680971
745358
164209
881814
5724
650489
96844
361350
247853
726776
567640
605329
925340
853624
189495
395954
254393
33063
862583
776964
489050
182071
351077
573009
178811
901698
697800
12425
328847
937224
42561
464846
947303
515987
451325
471596
210494
42875
744404
593766
596255
496262
134913
609195
540211
879271
998206
95400
583211
683431
859836
274743
364486
247585
457724
662069
334847
217191
457101
253937
343895
223171
953122
12543
714106
528344
262031
121325
658960
631270
349984
683725
251939
330796
442134
921521
133928
451943
280703
184565
436780
60409
621873
642678
113436
278885
430498
188577
701425
241079
368423
285222
745782
155457
150728
583690
927031
448767
311100
338972
184008
19548
552198
692223
657199
125645
180715
316774
34415
931996
534158
438879
741938
155839
763690
514950
749970
117286
797228
302362
942596
687956
505707
282092
962081
656741
614085
26931
138322
922926
264151
13885
353880
331329
322392
280192
278646
27727
399506
355151
327867
104296
573375
409448
297519
612767
452092
989482
873498
957833
786476
948963
447468
978916
815596
1992
415436
470099
91054
1662
537600
831687
505908
15700
602613
571706
861867
9492
665708
462677
482466
550127
178049
480050
201317
638869
537433
117947
911610
378342
654120
378225
86775
207234
984157
44681
208830
902524
430122
22193
909143
284654
330163
288432
881192
113446
829330
78955
753235
21758
99333
567747
727276
906122
628213
91356
663894
657642
217827
701049
545145
149246
543281
746883
632801
614073
455115
241961
254326
886543
557552
133728
317268
826312
655585
479371
52359
858550
462948
357111
173156
91651
376501
706941
652294
855524
627466
749259
696228
823146
613570
871676
58316
799991
516969
915490
742078
61517
404458
353766
792615
546434
644306
31623
577337
454992
624893
245310
84195
402505
963039
63938
646642
607015
635889
195751
355396
16769
154229
114658
98468
37338
769640
114023
362055
473044
495172
388787
344034
164610
241135
153894
766438
256987
671939
110344
38041
847305
545211
859244
259730
245729
884214
314353
895441
505198
155819
337061
731961
933542
727658
683653
354026
307006
712779
931936
478911
855897
744821
131674
559585
652572
50572
88075
519750
480029
921080
576711
572938
244601
262991
741625
770664
921092
311262
524776
777045
940059
840537
503132
163001
20566
172764
880089
162890
535578
718045
55370
645831
501451
8049
49785
242255
459678
220279
453883
84956
884940
390949
843881
869919
820962
531181
658888
442488
124981
406859
252810
317777
650420
776878
12398
160537
555926
35136
833602
180888
353714
502932
262665
387956
336045
646635
9271
615103
28749
653923
213656
200186
66476
961405
645265
797547
248329
723913
990463
948694
750329
231920
28796
352859
862971
250334
699520
835948
396328
700298
232163
575912
116041
992739
364224
919705
38467
897305
948278
156615
510573
315716
920648
667639
241986
39349
577508
877507
109362
444312
511745
928855
981651
260290
600929
678789
929333
380573
182134
390982
706194
31853
958241
757390
838564
595262
802005
484170
704721
241324
207514
98745
659586
265167
81966
474660
898769
686017
363398
448380
409312
447117
663794
242958
30407
198773
270366
812709
177445
445280
271796
497148
926040
426846
864863
53534
916679
432282
926763
372636
383772
950363
305352
402858
527375
603894
765550
772247
584350
810388
896666
936
288473
552540
338998
613264
226713
919740
123542
911245
202768
529113
696094
148705
205628
742737
720834
947372
718454
80361
891110
45923
382695
1368
481060
988079
466905
461871
193003
550884
417963
490659
104836
41244
578911
358585
637104
755248
136910
699084
256366
681874
635451
991806
932249
822282
658180
608889
714093
293259
56628
915617
122218
484913
762934
880280
715281
731866
352805
248557
380235
820958
973886
616546
175721
321516
463671
330136
300742
92290
906665
115801
510089
421064
732840
810434
253767
724554
595699
256843
902213
92177
921415
804276
573851
864924
933006
271118
453236
108544
145076
557924
443825
810649
787866
823172
373037
918892
398500
333677
408731
795931
375214
773270
715404
626691
866203
93657
52109
379254
905485
186043
475758
763856
92017
462616
976285
720888
268785
503087
903280
534645
217933
338376
373441
217450
137284
327550
960947
263727
685100
999725
363347
57038
767969
100408
317403
155479
479962
731767
724240
589664
571287
668476
1482
461341
656118
679040
283796
920024
699429
883055
358313
32077
933938
618445
51743
640676
189695
245955
70560
81227
437713
498186
586322
35376
94855
72627
90521
601880
428775
309904
933298
485727
884692
899459
641920
882380
179164
140129
832612
445456
33454
916866
805125
434587
499625
111847
609519
387739
679823
75528
675351
635411
5016
657786
57852
654548
774179
430906
299754
542106
689031
65881
337049
332165
604936
758403
158578
672305
494181
216941
918449
150837
668686
317915
974821
944757
713588
312907
61013
945060
569400
656769
639357
951834
883461
465712
80694
9934
962233
337026
271987
97712
29950
947652
852967
872166
972472
764785
924228
676576
559639
289882
346143
776858
493323
937262
583088
299694
250775
987692
470709
920851
235455
169442
710773
473462
85915
525792
240098
654707
428558
43263
609816
847984
510032
35527
743938
562902
89190
193153
398683
464685
905140
33818
235346
938771
785321
481009
142343
254553
35480
704574
105971
168891
125095
158430
653732
950009
485408
315135
817765
982486
333157
547300
717372
94572
449472
456469
691532
215786
668760
834279
417435
121964
145152
241763
831022
826741
688426
51094
931025
125708
117817
113333
735603
351472
906036
109354
874541
923960
97814
850239
689059
4428
483970
196198
386883
893178
809683
303394
435179
626678
735378
497110
943783
280049
145985
674216
151768
491668
719252
702290
18416
717145
991743
910853
528729
36166
698090
570489
669749
966407
405058
667926
256000
706600
914537
210168
958866
502892
885261
693731
202689
578124
12758
476995
280996
513359
744441
348957
995762
262082
883690
593688
381192
757461
645486
588066
1481
493394
185934
308097
805151
862394
519143
379254
961632
769086
72735
835279
216013
635287
17522
414730
157620
249794
941418
477281
649845
327068
21613
372855
464417
713813
340720
221789
722686
301844
889994
150913
982247
380648
714723
975347
10960
225957
968459
858389
225704
512547
747943
285151
46935
957647
620486
544525
834215
680812
804433
882725
226175
674602
291873
861288
614729
319777
93803
862549
318453
546538
485206
786068
304599
578458
594029
814662
95340
450204
292208
488102
379962
461226
641989
311580
392661
624872
712076
692638
491069
960413
481488
969923
543845
935822
516185
137958
858255
717945
746014
447859
466450
91947
995287
566097
322557
43838
672049
4460
974102
54387
740763
236446
770043
878696
162174
145913
283114
902006
692361
347059
354268
601321
827754
51311
390412
490141
430616
251236
423381
594033
413581
200044
577977
781739
958033
354091
866110
233704
954610
843098
449586
13182
849552
528431
144400
240176
858068
971243
738107
848141
208769
259007
491815
26981
132003
458076
68183
299369
262691
705494
884352
535198
990588
733492
905933
343422
397704
525718
888252
62123
337844
675331
774885
901200
537107
177807
758875
775702
564045
830757
340075
156352
784696
836150
864962
823268
297663
587454
82603
921991
450366
378160
564277
309139
284656
816190
717618
604919
455808
210887
421468
911195
705787
172316
98067
405247
592999
48432
415490
433519
250989
583260
573215
440549
436977
220685
625296
136763
554050
625419
777771
667979
530605
880678
226902
368933
340268
278271
915534
127084
979772
836464
618179
724813
108940
354137
44575
364381
755345
579528
922535
881615
551031
713092
801658
809166
122161
826806
621431
157629
308785
464565
399292
734089
612340
974381
805897
881383
182132
482346
292034
765039
262273
352135
224531
123348
405866
449517
728686
79615
629141
916618
815920
994888
377006
736273
693921
271313
687996
530343
569690
494334
661199
231985
457089
316180
888214
848503
390192
464749
327949
260981
846452
227222
123987
626494
719921
84869
854937
399949
33955
569658
128759
612010
240191
766000
960217
10102
573816
495168
137366
350483
401693
502163
56929
528690
744479
767426
828824
616634
148721
417292
557690
742994
899592
661363
245110
75339
569730
647283
848990
364525
610147
227104
441146
930973
254330
832667
270329
40871
766690
915184
848387
816366
406756
405455
374570
344429
493690
897062
383038
642601
740142
753303
648511
483381
9057
976539
323949
394785
947560
242419
502012
869185
302673
838918
800612
956373
231811
846876
853588
227738
68355
577077
623302
178604
518483
569863
996910
4182
187637
504339
311756
470328
851277
50083
202657
383955
296420
937442
902525
108341
152457
952919
280631
727740
749458
589120
431479
70088
136384
493255
249389
170113
947712
462435
824356
501889
232654
502926
118001
502624
188020
281950
76805
230299
965809
331331
22754
630176
607924
412956
182763
669753
462919
15542
683859
868946
795849
844002
302327
330985
55636
800305
661640
378513
453821
67470
625889
86178
414585
906553
420343
255808
241692
438300
412334
2822
228989
114315
580104
771536
119734
298845
829816
961570
751304
665505
353173
320889
822235
370495
917290
295083
930402
715245
208490
934461
987485
781514
577
990977
57912
588634
314949
724458
999569
623839
869579
272366
379095
460752
415894
334486
64142
307321
831403
702309
469614
645486
649088
101411
144427
49645
984339
536069
607376
808207
492246
201018
97413
166827
305543
215252
514607
844808
257182
68945
413814
27196
527776
920454
971106
805925
864337
127975
678302
234499
958726
863797
395679
284593
919704
749508
522974
277950
767797
738792
152961
370860
682256
482364
722648
554501
20857
915022
643714
215700
723591
446954
565808
906183
292913
466242
569025
275167
512508
81527
626765
160145
87182
480774
783422
594813
490466
828178
549016
60040
637973
107593
875865
644376
532445
635894
459578
927211
702361
113059
464022
263380
878978
153513
823330
255892
264513
205398
714074
647761
498459
677817
581117
674357
282183
921612
789870
872038
894945
68222
302588
658397
239606
118685
676347
311013
297343
149725
824273
248883
439723
577095
692749
141532
159189
691137
141105
297207
173909
982198
443280
971727
709554
48610
986002
971141
162997
616699
724501
478081
408601
803647
371118
418066
151774
169111
169613
729514
582780
238117
408574
950383
725045
222831
788172
250239
289412
649639
977984
298627
21361
794518
34887
276974
73798
83429
204273
485267
966300
215240
673430
545505
274510
342343
976851
344636
904975
667882
488690
466808
160472
435009
96936
992948
212217
70989
427319
684497
54673
744975
906548
473230
104793
97450
722403
841218
463962
750647
626494
912372
600319
650662
880533
765338
715717
432139
693391
628269
6030
409229
894158
475429
717269
525606
275121
440470
756029
310935
905842
218279
54914
922476
35568
921514
410896
358055
831688
717789
80242
398604
28764
288701
686115
732552
536117
842881
639553
113087
107653
502778
581791
904369
710533
534533
51961
590536
452477
740329
120002
852928
38370
565972
859418
717235
216089
133037
332444
439552
690458
169045
929363
171031
731376
388672
654860
130852
322524
323817
743046
894038
685401
632503
638214
544459
938683
532842
75911
2522
941489
29441
833167
601404
464681
277484
818781
260631
969170
337705
166207
171241
58941
459774
462080
696846
365533
763857
963069
755757
785517
55719
81368
119237
967728
252471
683526
205712
129492
818987
6532
823057
467248
403570
584743
635135
972717
361668
21520
380494
33728
128436
551550
747862
882005
7147
45501
116258
211975
518022
585852
209752
109772
346894
200892
175552
487470
770960
581221
136626
646132
459161
750131
798752
736095
87952
480333
526653
162000
27056
940918
961866
537927
868064
205980
700219
366214
923376
240974
864906
49556
756274
889739
20887
138397
819123
317045
504186
147382
739797
374693
352807
475007
594890
346776
143229
614050
793199
254278
732075
189303
118210
30291
434111
986890
302210
503263
956877
639988
882210
982200
539576
353701
352041
685423
980896
731140
768425
311496
838568
703789
352473
668746
797538
556121
675410
833463
533146
133596
939810
761750
571132
822023
251152
204716
806050
194093
538158
348489
280894
542467
829076
329982
907489
324961
224638
143724
297253
497445
637956
421303
344829
228342
48370
15450
944535
145766
273795
489428
857067
44849
395007
557825
212195
155554
644398
107651
638119
643541
713336
26527
732228
544535
727642
421540
317304
234729
98183
891461
301020
319140
417177
845512
341294
609846
390066
13463
748219
600522
843124
114228
596709
424006
267480
207242
247510
958510
1903
362142
333634
279270
513459
667556
283154
896660
888393
283886
998962
248228
156630
454208
419576
698917
283963
782078
600431
197713
465006
222406
552512
808041
990966
655258
91836
597247
730819
132086
920585
845453
255143
123265
883430
176579
347573
882206
714076
745374
915381
325409
183491
950196
212864
526111
868654
931148
74878
611166
582644
903721
11194
274347
249052
555496
661215
286283
790372
769087
101074
222857
780270
77477
906155
484334
576776
673297
438161
850255
211414
58330
398512
920448
78942
413245
322970
390374
511152
614845
547447
927019
866992
347301
681706
87754
975681
864937
997763
966218
94736
835371
779482
52871
503354
543129
935374
896939
518491
415475
535450
95292
827636
583402
962385
410448
215352
387172
783734
683163
853491
988956
470586
167145
415640
106279
837010
958439
966245
495249
951988
932571
899061
31526
31087
241588
758306
14348
88421
248507
628692
314061
579494
876457
577963
518259
224169
361619
580421
579980
804265
504385
306860
93453
441626
253596
67935
945747
770438
302021
620539
763845
55753
995266
984262
765460
563109
519379
106713
33700
727683
986403
95911
383301
404679
37210
850157
213978
173454
657423
189624
157978
848263
224731
135054
752757
113259
602633
482682
636046
683482
528105
78392
51303
134419
477699
522232
89499
455568
875817
560338
527556
317564
63078
600263
71868
973778
118354
647216
654529
683155
396615
897990
141362
134051
508782
118157
352246
630721
244594
532061
330620
708706
794903
497550
207516
21864
474531
339775
618588
924356
893050
594115
665040
187109
698824
604458
959385
138075
928086
397863
453965
736717
593408
195363
116983
550547
845054
739293
51573
446193
442974
954428
885824
198833
346514
933811
542665
699164
978725
422479
440382
469268
293513
298400
312107
958993
612749
447553
429310
345270
278186
181702
80419
171919
199548
726978
944718
18410
63182
897906
176598
376143
809230
327946
387774
547101
599840
375897
785104
533378
652366
145627
438883
240022
25564
117979
829499
576021
555001
375747
674511
553335
275346
718402
146853
591918
477569
248472
617498
783483
423459
884481
531774
970478
753288
688635
104795
790136
526723
931638
525975
874606
754144
163288
740783
368988
145205
534122
400419
59396
241809
121186
711921
895922
713234
928141
412281
858301
532435
855257
631295
704476
177154
12604
505615
288162
756815
149125
450683
676695
622208
5373
343296
818549
808737
638905
960903
38268
653977
13247
734791
478962
657176
574419
729863
168187
85101
517725
849729
718672
390580
162680
155938
505631
764588
512473
580271
723007
302311
612762
667905
67983
717082
371938
183857
261930
916500
585011
152078
415368
231052
316880
852299
491700
724691
233801
993526
31461
631720
39844
908323
565308
655594
244202
101415
474585
385896
467275
470656
981210
10517
906671
390802
320178
376535
45658
940940
123425
255998
28090
5097
937685
921490
110928
627539
255709
862341
330297
468642
38342
9863
978008
842113
779284
162232
454946
985009
125215
758585
690886
863911
527303
244315
140983
314257
965845
659449
144023
551479
890159
292258
798913
687676
916536
104238
321779
479363
232578
907442
951255
68718
925680
126926
337324
847489
205677
788835
78678
144869
272963
764130
1278
690313
83737
175680
356199
356835
410252
947461
997327
962004
813352
177860
598973
129706
489987
30757
922542
855039
979702
891870
35798
136830
597177
399872
744597
587462
697882
202669
925559
950630
656922
281384
435240
510856
762404
286405
429427
27499
926570
167359
769333
261193
11294
245288
372258
784023
829834
545275
47859
309547
347341
220109
820139
583671
504691
729378
21573
557235
923823
312732
106172
196953
458040
909007
505974
985354
602621
77168
915918
123278
502469
985131
905660
230265
508903
855635
658788
800745
377251
539188
211832
830635
600220
730308
703562
612989
170099
610872
816561
516526
528705
171828
305367
396002
782320
711194
787550
842738
904567
497796
436909
114160
312624
7820
896987
478215
413527
273160
547830
324289
136353
874515
181551
438883
460214
576390
982566
234099
654925
633734
676494
17882
239523
938935
846845
579876
621912
179471
444115
546339
256614
102213
68164
506099
780990
440679
66179
994905
961921
798091
900300
687621
545496
688669
855630
320951
589936
542232
5684
427198
588757
346320
210063
714330
744362
36139
126754
707651
264835
505200
347593
912323
521631
604471
405638
825854
334405
137664
572137
838034
56313
572448
268956
565657
570011
684630
183880
852299
513757
660540
261864
801409
596383
927385
691304
566804
480745
169619
321657
680484
182596
486402
427572
874037
33525
930527
435624
551219
745943
270747
953922
721622
416916
127756
87768
156704
111040
89858
739154
153091
430674
812856
373173
265377
512639
739686
623437
478059
362293
545204
596343
477674
784689
457864
191432
330332
589245
769216
245533
146742
202313
261756
924289
705673
27301
958610
42740
355775
832025
411301
232222
500868
980962
536144
53776
445313
283401
689979
4786
826371
185504
176912
455183
384442
847196
241096
927610
74398
781834
684383
408347
626604
510064
914790
154457
852750
261633
1655
679206
857817
235899
146562
325986
792752
937377
941318
809709
697350
719696
889436
842380
262208
589313
546669
691446
340664
95706
117572
628156
192094
645297
562686
756756
222969
313246
327518
791937
854923
402875
107709
739616
801875
610874
840222
647440
348076
366500
223904
252095
965459
970666
382092
367630
633606
760169
618639
963808
897671
560447
854529
143492
704320
58756
335139
961788
934336
678824
839528
584042
823843
646631
321194
254166
861520
325035
579965
811550
276892
67454
253921
732923
455693
751529
264913
630507
461945
75438
139320
323649
812364
602079
721347
892933
129831
462426
387153
755849
342886
628130
923080
120009
436730
594074
283521
263805
810805
924128
386915
577471
705253
676995
986829
365332
966679
453923
719277
763097
226301
590436
194158
631180
602218
160654
42126
421875
259385
914628
693261
91052
762766
454303
176321
678803
147380
844967
829319
426889
85542
610861
594836
983975
533673
437512
724777
13631
905622
880426
885029
974475
583734
332958
246132
209781
450181
740640
353317
63810
883033
911577
803866
7388
657372
600245
480920
777274
432949
883555
321086
578350
401862
461992
894611
166283
52366
180448
231608
635120
378798
828755
900668
894838
398152
55920
685582
421874
488707
553705
966733
867239
696043
31850
491260
821707
805814
740791
7441
291316
73057
646305
562220
950495
141177
125028
112869
570333
606006
390880
279934
107995
65666
496370
564088
618252
803223
797487
90945
162869
400965
881212
653962
562004
223379
343629
214967
608302
385533
909048
352432
761012
366556
447925
30229
568337
537700
187317
106830
495635
115271
101979
51968
443763
716534
22171
94043
963843
459399
317550
837200
982323
335794
176239
834272
986751
824693
734741
664592
902201
706008
957774
359737
203374
962379
491124
688315
437368
17899
24750
746129
872032
164259
321574
357952
322221
335727
430370
865002
599117
910396
923457
480639
352095
819691
901652
269459
875931
783285
809239
350922
759455
825897
966795
818799
272598
46288
767345
19044
873159
277105
388261
723444
979512
911984
706836
806468
690812
955601
260507
922601
799968
650138
73981
73107
496302
400791
911489
811238
656988
959223
386662
176425
589205
984788
952772
134615
797089
272528
541249
283539
205171
671578
339116
772217
852879
537040
418233
825040
202902
259583
501529
956123
72815
641989
536054
539982
302868
675416
797320
688286
188854
591839
51479
825073
793678
238526
41357
456437
147650
469615
807927
355597
524271
216907
569176
262245
113113
604457
123498
985446
491500
116189
859186
855365
413422
810082
123518
183862
927684
242834
745214
329471
412510
51921
174397
491303
565503
974538
72506
359885
662316
58321
170343
879444
739057
450920
4541
300476
32650
933021
729914
342860
27189
60177
614905
437099
493266
270355
668524
186575
865907
911786
161463
595917
459206
259633
81964
264782
721884
663453
988319
856994
189781
309211
754918
35118
421162
935636
728751
627905
510999
286674
717566
981573
197027
201020
497857
272273
900813
82749
895057
753243
199509
351555
488775
294539
187108
182948
214393
272554
16217
974363
752144
959673
205808
796015
678151
463967
279505
492916
836546
505338
800627
180843
749961
90902
484011
529476
566751
937531
310357
259461
688643
189280
475485
994818
856642
387838
241003
321932
915319
640512
551977
60967
533857
701910
309874
655858
904223
965289
358104
759019
509066
395241
45074
61899
303855
247682
416576
167821
170215
661804
254813
810701
719125
652129
113152
515851
693244
99626
893263
404366
628027
16019
223104
858533
910054
649981
451405
594377
104577
804050
510004
858398
437851
665171
149096
339928
190917
777997
906071
952763
851502
651946
858777
595578
845148
901347
409394
847937
335049
200659
538692
518158
305368
687847
576788
355514
363122
773298
699766
664982
104705
724317
143832
880048
699209
603643
42793
605301
65886
776443
746724
609200
266374
493303
528381
14257
584299
141673
752870
357897
81597
92092
388862
938737
324258
5632
448023
39498
246171
483128
292898
793023
685748
188238
984826
603910
297511
457575
630601
84102
244815
204624
176539
158547
757892
196631
248573
701460
652375
446199
272657
625222
633515
781419
369393
458649
352238
462051
369406
285112
112243
835732
647940
590438
489646
706282
886475
382660
675211
200409
650621
81135
91563
581777
633391
401542
264507
123728
320846
512201
248179
141713
761255
861980
204648
910946
249426
830379
398479
205331
785404
334504
411279
583242
166864
398961
344513
491124
493122
306252
989895
387222
833272
21524
714374
467201
702868
184685
434113
370084
577570
508850
727571
872252
515675
388273
272137
293222
843220
711372
398618
18260
427398
285184
198531
807198
455034
656514
111811
170096
469521
619973
161840
224162
872173
250968
648949
371301
228608
708461
38697
862744
716655
142325
670220
141178
936546
683046
647776
80763
58411
853086
206050
440107
238480
154081
47204
818068
14647
943103
502792
723171
712173
327121
15643
306624
694354
434593
982411
811264
98021
168233
209414
333424
14696
81780
851953
982418
659759
170337
121922
311908
532747
661447
895035
158811
844557
14386
70660
866351
605817
866250
416739
159376
447753
528852
865306
891894
91738
779858
332957
704150
576056
855174
874158
170352
611393
173013
897239
626565
733560
966406
977731
640038
986664
968617
372154
127848
378994
110484
181560
858036
213366
174985
764840
771579
411418
46771
775170
520390
651962
825359
852158
61227
445164
171624
917427
79963
303278
529019
98897
230745
524399
878649
561591
438917
778806
306986
652402
986070
696947
529326
813395
12455
779360
131614
168684
744168
846804
684562
976871
73269
985060
119100
115650
601475
726006
73778
869738
561911
810595
232905
270771
799569
602824
332700
658482
58693
661034
394476
188920
136810
681603
980706
526123
73547
796077
661103
438722
208284
265770
903188
667804
662279
249486
364542
840254
699043
138954
363401
475944
324742
586197
787429
218578
391857
292728
616726
537992
588842
252727
958549
285599
744423
70935
552212
74195
332710
860945
790943
665727
231705
317265
906206
645495
86783
621163
972471
267461
315278
80923
86736
891199
416780
613943
529714
472641
231038
815091
21193
707149
59191
616464
385991
916155
742929
343651
56745
195166
335866
575550
254162
92213
321702
383229
883923
774411
959522
447407
695116
209836
133897
957470
586219
919364
781327
683709
341651
377173
68602
964269
812185
948372
795057
585707
744104
822305
762093
576602
871044
24226
271308
243113
513643
858491
699012
610657
569560
706923
497652
245774
502561
214726
197078
932103
208448
650123
174225
204955
939950
55905
869484
509593
551147
900723
243164
390076
45915
403941
778174
459505
366794
163889
656224
655303
884176
234339
666553
343666
856144
698349
917113
67644
639514
38055
391867
645321
795760
269351
309528
78661
232934
832378
750485
580460
313570
540732
304508
705589
501251
437465
969544
666652
381791
445024
220345
997643
75812
372481
331016
573476
921632
832739
106741
157677
440731
137316
273980
834521
121506
784558
949285
427951
518623
814002
887803
227673
188707
206532
236116
198731
331974
586131
329679
33102
734630
244931
826653
360616
834955
64041
837429
402858
251243
538978
807595
879894
777737
990993
290971
727402
337847
341811
868607
1549
520637
545248
30433
517333
259986
5216
59754
560883
671175
189479
583128
924348
230403
464047
497998
467476
6761
401328
825797
364985
717078
33983
522976
586794
715142
18944
826462
81522
171030
908681
470505
984980
396196
890005
466315
284628
801042
730786
23168
356704
124650
393832
211686
992218
808027
804982
702801
909635
244322
57066
211387
403909
620356
990796
97176
173340
380023
165703
258184
899235
194593
293958
988582
255671
581944
434023
306941
969226
919752
616287
84635
395590
801875
561898
430717
124251
145874
448556
746665
664167
73754
921897
441819
127681
692826
133790
410455
992226
655361
666490
706269
756081
464508
788092
823163
405546
997405
502058
414012
12458
65047
825451
868286
596953
460197
23426
242977
328372
343627
64871
586588
86198
155125
358340
77801
174050
126203
26057
226401
682928
243142
90604
795362
902673
3340
722176
432556
396833
766135
309553
906187
917865
850916
65946
257199
149645
216646
523203
344471
712920
709611
384890
103916
667042
801175
813004
79594
495964
528076
463776
253625
616760
394923
371313
172378
398263
907956
164006
292348
567120
130986
794448
660719
873530
677778
393087
908208
812375
922009
591873
140514
918333
460821
976249
865310
783585
306340
110679
90081
661538
389489
284793
745380
902895
364885
276638
587145
436055
44633
499971
958897
365740
468826
936348
976938
939666
416325
847728
371782
926505
389954
195857
228295
709588
593838
95927
342454
246118
566272
943161
685202
41129
544397
45799
411622
494026
948582
703110
48820
412772
47583
219433
298957
857639
15723
788520
169218
961509
208867
702848
715380
602553
33701
113863
440584
987604
733849
263497
70711
288357
827791
170756
71938
106980
591748
950205
836290
271228
5828
57598
675997
608211
937577
35884
692693
958583
77121
95368
805434
883942
784078
413506
170112
200826
710566
206965
225131
412335
23739
878532
815591
937682
892853
900303
73780
521865
858491
128273
625278
326585
225873
462105
655306
961879
847771
145186
435533
437839
628352
524625
103831
373194
52778
855372
797228
756832
490409
931634
683315
542938
122103
656698
743560
147682
871190
146923
792684
438409
194390
913205
223132
192309
171059
366763
311935
106790
500443
435038
113400
684899
269324
1367
550236
422021
602652
201200
210621
27871
181010
680911
42597
975176
175922
946496
888095
23496
903319
403118
9454
38363
438584
593406
845985
234916
399244
182025
772286
533041
790922
831539
242203
210983
504138
205804
66125
330
88455
504131
835511
124651
228294
950306
108356
643055
869455
544554
816303
711351
13978
824300
580735
184433
750662
938688
985105
479547
897410
253638
353037
943151
638798
466167
782587
463631
120156
591143
749870
499982
808592
115161
125022
25721
922535
750078
796692
954176
513203
293452
558078
831845
739716
288952
319714
540992
449955
169935
870063
795564
659448
856822
895151
671762
364555
143356
951641
277968
212135
146969
554372
577861
373403
513094
411061
709627
397658
842232
515801
154738
176386
596346
186766
675525
632185
9830
226267
127484
333812
55551
142785
185261
960657
467822
955113
362511
398884
497688
975292
739164
273103
133656
283154
178658
559819
295710
713090
326503
583683
322019
693720
593655
892191
426696
662372
393164
339358
117898
749871
824344
20444
647588
589321
662769
390899
185474
392062
807385
484734
517085
523175
197929
28409
594999
810268
217562
577860
870837
50375
863472
272390
475092
285459
667268
841134
58569
326276
464684
627861
731898
885601
442441
705344
948434
729676
719724
969985
299333
681330
879717
244732
722912
665949
500970
303815
809163
716774
730081
203371
824991
424712
235018
717896
364702
99473
630476
639892
939219
272945
97370
564996
647
270197
163266
942275
897053
301837
799378
636191
73227
950921
662375
724995
297845
64163
152467
669471
1511
118325
296234
806244
606383
143115
220010
415851
858069
914195
539396
640949
151417
176945
484491
961997
729095
758383
608056
386890
638616
185618
939224
751601
740776
900999
800402
755255
288880
516028
527001
19811
610208
458380
801066
597714
754683
810962
503554
319444
866446
381215
322080
886772
50766
127750
509554
205909
329933
253972
114143
597624
728153
638941
323952
980570
552817
93489
401692
383482
692709
285806
497134
60153
617481
910767
149397
420313
543253
279586
500104
299432
409884
424184
621011
813174
139943
919861
729219
156481
973422
733799
320106
119346
68530
588403
588688
217728
683962
157386
678454
126835
328808
470971
210568
663811
113526
329635
251486
240543
586386
649855
765039
459209
444756
300450
508947
417886
405336
801666
801842
980723
481021
461036
409102
885916
717049
715928
32555
340038
609302
331479
718487
100868
882316
502824
667481
521447
893372
776043
799418
86085
408071
877357
220202
275676
97737
478562
911121
112913
472373
195952
325492
117905
966286
325927
144639
192920
73536
919823
549813
557456
372953
890075
480881
194001
316391
71417
94615
922567
639214
526539
543325
332914
492102
688303
451567
111494
48079
629434
900804
813170
321363
846468
409019
665854
735926
990365
982769
538381
806236
800862
471330
71298
326743
389786
823416
87551
585163
896498
956021
149385
880993
821895
809274
789767
293732
325963
820850
938665
414459
596913
668510
35942
142147
66947
881533
832285
872713
545425
140247
648093
224609
973703
607270
782144
760741
446488
819810
706546
389134
341014
375016
453775
313512
417956
902534
197931
601845
58755
100197
47979
724705
769416
364563
974992
880092
252654
71404
356500
693017
554504
157349
689069
357219
723471
749173
952622
487575
169817
690401
32461
74562
837931
676450
293759
957207
974757
785204
626495
575245
871707
51646
388014
357395
110853
746137
716309
437233
559820
256382
479750
173629
609412
318545
831136
25590
782009
889604
207152
285888
160546
408233
993908
895420
225011
758424
571324
388035
731406
319097
86698
482304
148505
947887
922712
164455
559915
501410
493912
433942
331231
781351
918678
514822
141259
829453
898522
557741
220363
286726
133738
912052
198198
369520
104781
935696
278451
198783
195178
418559
51940
554057
656206
114721
373375
906990
200268
565617
506878
476322
825662
723870
787821
200025
871082
509194
5920
8269
402304
530398
977287
377263
739072
389256
524250
935720
82233
459666
317998
641994
514028
626144
642474
97880
338831
68166
888979
462766
326125
693060
127503
467115
436703
884664
149705
959333
563100
546312
11463
597430
183580
151154
952627
342167
315791
815568
941893
473758
308054
912809
888109
689256
881401
286500
760601
401490
435393
608727
236515
598241
106036
705532
779675
696322
839595
302148
831724
304235
589265
43718
508525
84127
282106
829776
699782
550225
97885
73566
913149
551520
852976
77033
778460
938113
429407
702422
567809
930235
46120
366863
295362
709963
588374
353071
141946
704103
144663
379543
61429
503839
904828
260382
243827
786720
231245
618213
37981
509523
5511
432520
541698
248482
417012
246000
848843
650907
749156
755717
499267
896237
635725
222977
357245
98830
901501
146080
693985
27839
651511
987507
538327
226343
778546
142228
743759
960476
122922
318964
254826
238529
832608
301840
708488
943561
767413
193090
197679
895066
834975
636724
309140
408140
429893
789807
969930
699472
751165
723153
749316
123438
803103
375709
718472
224294
172742
292717
812851
223032
487011
859202
69027
817792
347581
427516
700036
190457
558089
596389
121659
858594
321569
549671
489768
990717
305253
195358
569372
424180
127915
774792
872151
784599
223843
541145
743484
413824
265228
541420
207891
483032
973197
108755
328955
662066
668337
738447
649706
360916
912130
160475
548130
131351
449280
47203
702579
631652
202431
904786
93863
662046
861274
971528
585805
798366
540183
440747
135333
440601
780441
800085
2917
409694
868732
174059
686950
551100
238289
144653
494318
264385
886710
871657
685914
794909
454736
425194
483368
658404
278631
692943
895775
440370
31327
904150
820187
546088
85327
790102
482361
827157
420672
464364
779355
414065
866884
164621
991192
840771
948912
702139
318723
67618
562167
357395
891094
193624
736292
17794
382012
546722
214515
156568
307192
408404
208461
6773
683573
160793
229855
288224
923754
992472
655574
652086
507049
491315
769401
592063
104261
883817
445026
598812
117598
772443
111578
764701
398411
670892
993936
847087
343842
42881
744246
180914
855974
744999
485113
492009
38862
244436
203994
297611
10798
500102
160814
19894
505156
705544
439662
52355
406562
114579
223804
56116
912499
960785
912755
808138
718571
84733
660329
493107
41807
635814
954308
429665
266526
921297
172150
203574
306011
174270
774742
983067
497400
47747
615004
318320
420960
19285
657145
958878
210081
957798
687569
633480
384245
646888
124374
369503
286700
968431
175490
351188
482999
441076
191024
18217
45587
511221
581592
677217
134351
772858
414629
971222
540092
267123
596725
74281
125041
700094
255276
427859
471480
721540
153845
284954
827865
331395
369943
652640
972928
176166
232495
142358
565965
369296
285904
948621
369080
765815
310452
890157
235679
345197
678173
854334
631086
232571
839820
626468
526250
620902
95197
410856
833754
445011
753789
949488
41106
195334
853194
569809
680605
337222
768709
262011
330630
222813
873334
891411
70339
620924
545501
833310
701695
883259
233488
894680
137027
296317
137846
510181
48320
653809
486430
365151
934523
214134
255165
409742
149973
528662
646722
519669
388406
893299
411672
479753
191702
560448
509751
696381
380328
756134
999975
804728
867747
670342
3475
377000
439982
148830
574086
489392
346407
441285
698180
203901
591951
399312
904519
4662
400534
749655
215829
913170
763711
264530
219578
863043
995504
523164
950568
635792
867353
381402
871207
911360
144574
118261
994874
226930
749538
107714
917072
774730
717970
228099
597412
235142
773643
360967
997682
872238
626121
626156
311829
770922
219885
598597
392770
568365
864073
427862
712219
605455
481612
427772
848433
422841
592581
906218
236889
891961
615253
278862
276265
888694
786294
619729
344848
445949
926817
44541
149327
784377
7841
669434
649624
806850
995762
263025
632641
888908
444437
805714
693861
378368
962739
433072
625175
202791
784235
966985
407684
292163
299514
848036
570404
847608
845638
852435
185053
775463
542407
723160
741812
191836
830611
246244
660400
230493
809860
436922
733197
784227
43271
724979
182298
783525
705028
962522
76272
573903
343589
676663
537743
196946
694150
761065
608854
794581
995383
506156
843486
184009
145840
368123
974965
377626
48850
699983
806578
68289
373270
798725
74745
888438
486868
460253
400205
617155
534706
593502
841357
358644
486503
473496
466509
638891
966635
50818
985618
629071
452157
827201
403177
711076
489040
814218
193252
107895
880403
418974
939186
72688
608092
411508
931994
262025
964592
126069
986644
381022
75697
16993
638404
575770
139877
65807
310484
590097
135582
552785
782573
473005
101900
813878
468241
362111
718171
134632
330264
620215
177418
750326
988548
346479
626442
220653
815107
7713
630350
42463
340994
171385
347573
154117
467369
508678
512530
716160
750006
453577
22996
718395
823737
649840
328023
493677
159849
16861
644486
549051
565154
978526
407210
311866
24444
809666
996756
650962
847177
564545
605795
548542
95402
42202
435635
389359
445774
527674
794146
500176
229385
137304
168512
915045
385933
598302
948690
94221
399047
133825
89027
802982
96408
863601
730216
443983
420654
28716
221614
430601
919935
578606
323299
97078
934306
969923
105757
400644
148874
22460
338571
674275
73823
910592
440534
725745
976826
168250
462899
660472
669181
861808
265032
982157
192974
148403
916856
216153
938030
470130
502861
514484
369529
190314
205249
280749
829884
678073
811497
491622
130798
252048
909759
534428
519693
973957
707466
833605
954902
851208
52844
212882
418017
627438
750536
249108
846358
359913
747022
220539
977360
887449
300004
587321
750668
643643
134066
204804
918925
226943
162314
618939
819472
304888
379379
867488
47143
229549
853009
258755
863989
72908
666162
900864
939461
613438
80439
80223
601991
122070
666717
18393
168999
296098
946983
280570
745291
82980
971114
595170
599402
946715
882164
339941
559812
911034
650586
958930
240513
346810
524509
794577
478890
256971
50680
566374
574846
516646
765257
908626
573298
805310
25433
144600
230409
630740
421962
518109
751371
351786
670108
514600
301157
521231
98395
488074
743261
880857
902633
29655
951087
832497
3364
894482
630985
885192
705523
302823
615840
942056
543794
751185
216813
189925
152440
510300
513288
245170
848449
444996
475423
913487
923069
101693
90771
447904
735476
285068
405743
10265
545300
909074
889541
141206
743064
947305
777639
525191
431895
169383
755839
462153
578855
790400
159180
917775
333932
167432
949433
389055
796608
99413
721499
192409
15232
48771
270664
230034
689969
213521
911950
899903
75918
555496
586135
175789
963887
297596
737111
821965
251159
24523
693935
730508
305114
325955
268834
343361
727209
85824
137136
363712
315900
602291
765652
233164
761563
69918
910487
912552
561288
228155
787920
404366
580812
747389
846009
246521
915229
72750
781742
711517
791784
260215
91140
456887
801793
328318
394051
787710
692069
259497
859010
556601
251560
573762
377822
100202
939647
9779
405462
317480
745452
243824
345606
962698
204738
301811
408702
583679
776340
140579
347583
958139
239806
204430
555281
305804
719375
329301
796611
126219
993810
276455
642241
514605
292407
132709
847435
144889
451363
106021
901592
73748
84625
93010
717382
526200
199331
300209
233596
727107
192009
37246
618654
201196
209100
162677
651116
591184
312888
718444
186424
230250
939812
381213
881089
438178
204383
574082
819953
45436
529977
310809
296880
993905
781547
629255
133475
916571
423204
357721
22277
920137
930289
927525
178592
743794
560711
873103
37223
607047
578288
703399
615283
357153
453137
255536
420056
74010
573396
178364
71716
165303
479798
216883
527667
179779
558
816434
445810
650551
551865
547023
203310
478613
658814
535419
635032
145299
789155
18881
660824
74421
266476
963563
291722
812276
596042
939075
182937
348698
890504
149751
448567
266223
173837
624406
561782
860557
635407
963959
574662
423824
673877
136760
219339
615210
810470
205220
696922
777747
710611
605102
628433
740637
811102
902298
804048
657509
317958
533627
393368
917285
375344
170135
488062
506983
502260
196070
545995
123348
763649
562297
619955
348843
916973
148024
923760
689805
763868
285764
289979
767860
365260
458363
519975
709316
421436
370393
846234
979258
333239
916475
645032
67265
76481
147200
558285
666019
997084
687560
209351
278044
914999
584542
960782
466379
722036
790834
116209
562306
367893
194175
157775
550140
672450
590859
346030
340974
572665
759181
286587
464566
837842
270056
694175
308528
128238
545622
712954
878696
505788
913440
518910
180073
248295
453705
405099
461940
114336
391627
187618
208012
362819
449977
370152
27566
169192
105411
177466
302559
373833
564888
255624
373149
61451
104358
650831
645815
29739
912380
63126
885817
524806
92177
878788
154751
836740
123230
909404
688618
910050
109542
453143
984497
276316
159766
513501
572303
795827
95814
672927
383834
620640
420767
60371
333940
338389
710104
179789
661018
720684
501529
799799
960346
98287
57408
777837
330465
214595
77953
414007
911154
632625
882087
660068
742771
19794
635770
141183
84962
405271
990009
893169
782821
758578
84103
85171
151998
563045
522914
812845
605021
6373
994958
380272
279951
344042
848336
915213
671573
934038
62742
19344
192911
299007
708660
52764
491863
25051
366857
840420
312107
548359
339520
78659
288898
145396
890994
100665
178303
935150
271081
238083
652227
99594
969792
750934
879645
479340
584614
741879
871068
710515
862401
55866
314758
883009
777902
678037
489441
663018
123431
820960
287726
48184
764286
485099
353205
125785
616966
108348
566012
867558
845008
536931
550161
511760
494483
282876
311879
604713
851173
963649
361213
153100
547622
331465
591577
230315
671292
763873
238676
137395
643704
891269
549295
72542
114839
411132
507652
438100
288997
815309
795255
85759
721341
110817
242443
224426
660843
194871
43345
987604
720370
558269
380155
894039
935721
239762
155278
519792
253951
305878
107382
660394
545056
989226
445107
740652
371632
218569
416498
884251
985141
455234
600758
726381
625105
457489
592501
948428
88172
689177
337215
907810
833136
237697
476633
754247
582830
242152
478824
790917
929118
759814
271625
70660
627459
747488
634429
129879
892525
512103
400450
429729
101912
657838
847869
790949
910066
571527
629714
408682
232506
189177
290326
231687
215556
228191
619740
660816
761945
949088
556076
984797
514427
843718
118098
315059
336581
868093
907858
849426
103089
311531
953081
501403
994804
501030
713294
631323
431812
776278
608872
134840
635257
159017
708633
482742
990929
789932
328520
247655
685006
771341
388061
18605
678074
158698
298005
790893
586251
244309
487925
981330
313057
867111
984474
650043
151979
324093
232495
757699
367978
278100
879481
630442
558734
574141
948301
26532
507132
923644
275809
626366
645425
654147
706815
471721
415040
174022
10773
101029
224247
342651
715306
72075
910176
630960
188011
123191
741091
141832
249891
547472
367689
955795
568394
760501
913883
457481
784372
915461
163241
685923
10026
971083
855590
734167
940246
658117
566832
645358
939287
734863
857454
234051
215285
105969
339
60890
618030
24769
205631
754330
735727
374774
197188
872360
203102
484875
254789
99234
859540
200716
298619
920501
569448
560961
204817
242844
447271
892212
799535
462710
513055
933279
418453
48706
966170
816567
203101
907321
259816
97615
201699
39431
473046
738987
361856
250856
17531
162914
999985
825948
774960
551278
264918
434694
861599
800148
875799
234471
477620
657322
788897
800689
724785
257418
477006
367499
331614
725138
213603
103712
39389
510996
584306
424484
627676
683105
413728
525413
845667
818349
622401
936841
597645
725599
978783
689898
738899
146360
619866
109707
401924
483933
863721
796597
922065
694274
325694
233330
27588
419061
519880
721829
596689
787397
766802
540804
139269
694733
529737
241908
534171
459104
229659
738495
558957
415762
206522
871860
486600
533281
86975
512860
601048
599743
111020
949076
988930
884349
326794
66316
536913
393749
468337
628635
694791
701588
97126
90108
126165
995042
611934
229993
557287
422768
949473
132306
202390
362556
878538
991354
457921
636164
298155
828399
821942
969413
684749
142692
567945
147758
549652
519020
843975
396134
484609
946389
778053
351671
607186
762847
915089
761301
723844
559384
85322
129807
352568
980181
238796
457489
70324
430030
56067
729363
492800
280151
963809
491618
576304
327671
704874
887113
571202
13543
296876
200860
28125
508713
133581
718752
844474
499329
248188
221018
532446
218452
804490
411507
648005
375836
269137
533956
496859
320454
26962
838020
412771
47977
428893
69451
425083
243810
468457
854274
246838
989712
789764
404394
767465
956329
299748
333189
462338
253687
565851
745060
53585
158835
706665
376462
752491
177980
731051
661706
255331
698356
935346
448970
699705
372664
518063
936244
888911
61177
607241
342925
480918
933244
360017
102788
620232
312426
45325
527577
957902
198740
466865
197928
501121
931528
466988
171926
877389
612616
327389
646807
983154
678381
533350
581209
859940
358168
129369
789328
538195
770640
985296
245023
483973
696765
269145
169120
301150
812160
595661
181840
717697
753837
178946
385114
275985
852518
53014
930878
826193
522773
64108
34910
427817
500165
279731
317477
793610
180318
213986
179220
375336
138363
283904
484011
160358
339178
47583
414576
767376
630015
364073
120478
629185
602645
337426
241261
255205
178146
758189
966778
907801
138294
737435
320020
654063
245072
300637
375267
473101
443805
469707
706740
779765
959182
285918
279204
819103
68564
343335
767465
884610
312251
61090
550968
967282
181088
159845
115414
24611
744593
401459
252159
945803
623871
161198
42092
924518
194338
468328
975429
54867
592810
340890
540963
45531
710429
556909
466816
113298
539922
963446
884926
245143
270728
661759
572561
526646
540771
445056
248009
91372
813317
180141
693951
1674
499973
294377
868124
152242
988687
339672
201153
238718
757336
641490
97942
573441
635451
192627
874162
819045
674677
490383
266212
788467
851002
332547
144476
865458
617138
582694
344953
425766
602643
943647
12784
644921
5532
494352
267734
444984
429355
892464
916170
60468
783995
33591
687425
877769
194878
316082
979439
744827
96659
673014
413135
639228
912740
347121
418831
729546
487583
707292
474267
982773
770575
767628
647941
486206
719062
350248
303054
770395
564233
507061
911700
833944
349672
743501
803991
378327
980280
902575
141033
29496
795519
556015
779506
616915
696988
85646
238621
882338
550656
509924
445347
134652
518349
465338
553714
741052
637897
543860
78521
712960
317311
680427
710739
173517
350834
937113
288077
39824
897471
125422
818070
636096
119182
122239
898562
610079
493172
415390
549499
788126
15337
612740
445380
985248
448993
235883
119531
925719
32201
257977
625099
384587
83103
665366
666491
518841
800878
979998
229527
763864
844901
127730
687528
652534
928339
771625
332083
524161
658370
507684
172827
930082
56685
150080
805555
660676
439070
445924
595940
845299
757097
710393
607928
877855
315326
195001
587329
870911
290543
807713
642920
46482
825215
314880
654485
820800
14563
960242
699384
93856
567128
938086
296307
399827
634400
814362
959012
514445
422042
450153
866386
968692
339581
653562
468403
905632
400689
681498
237655
932227
890954
180836
499893
486434
290273
40349
144464
807617
745873
446940
142470
883549
651915
386406
809525
958227
428695
304792
44938
178142
733864
28861
502823
226621
556249
32640
193456
950643
239498
16379
848947
490984
397714
533869
984178
108077
566495
877642
903374
801757
975921
798253
223889
439711
570351
456425
520599
243847
569893
44605
671706
108316
82779
864293
970905
163828
204051
158221
231845
117756
45982
812385
88456
242068
174235
741567
554578
887831
579085
154766
79553
401848
729688
148072
842508
827592
495768
324403
152332
158292
452638
333837
326152
77034
885128
764901
249819
30652
361852
873959
4932
496222
855425
246927
292810
819370
565050
995487
328778
127939
460351
754668
264350
85558
989273
855826
163756
770812
338330
761991
88648
431900
311127
934157
974599
929709
225348
764865
536289
679737
41258
951441
950018
773694
734663
896139
453613
232206
908354
467152
693325
648278
587721
531047
331162
198203
903369
262829
404260
109856
253001
86058
64064
915396
846244
376640
826380
31881
280097
938813
846880
434831
33904
381839
772626
778431
150339
654167
820774
94820
955015
277654
201745
760051
22206
539204
265704
973675
96827
281727
278122
412503
78073
64673
570726
600945
679127
799722
740042
754337
817524
353436
286218
313763
344227
247654
165929
240582
654987
544952
708775
161872
468574
155765
345991
475775
409268
914951
245692
976682
273091
887884
134064
386822
413373
102829
175792
787397
340294
542800
759351
327065
709713
505379
631765
609047
302358
334617
739131
194230
181810
266418
84198
787830
395226
820722
66982
631965
18493
986803
195402
224476
80246
672790
950442
511505
759851
482453
7313
524006
601541
171892
455492
698838
873100
863318
617203
437136
680734
29356
27451
336884
624587
45384
159958
77882
953168
733392
425888
150002
89071
167053
171398
180838
688167
135907
406669
337947
331541
398491
281277
132918
277991
875420
202856
151164
869240
608889
466970
63538
556237
989924
547550
160547
542635
773951
417963
930048
906387
375891
825194
758753
634204
428954
223141
782378
80235
685686
230733
140489
281745
467525
415400
559195
438336
226636
293717
15982
966251
834640
325629
294689
627002
298307
450904
621992
699943
358492
154841
965036
306872
612159
776056
855375
518617
660892
470297
16973
154261
764564
303006
689342
183345
65173
635014
381368
536165
283462
699072
664081
180728
940830
193104
482177
372855
640527
935197
355686
598545
415520
227156
634722
872210
897113
84605
344223
674874
573975
687640
567219
988921
166783
519795
789918
537802
136015
747467
453296
498537
669456
923100
564552
878450
489256
401928
724535
539608
132236
992032
138498
42302
245586
614033
832838
798901
83108
297133
548534
331155
2961
270165
293440
435756
676413
700609
108367
760304
348665
957676
370089
252001
828653
503774
549560
420975
354034
116695
714085
48753
622844
461717
315296
47746
23220
81155
102524
243766
722148
367998
100216
639480
695180
993220
945241
294913
152914
935035
632690
938871
272405
172316
532614
591392
908706
319674
797316
338305
747647
179315
650544
198295
612453
136946
443619
785329
428428
982301
25961
306472
350942
233570
549576
119165
623629
218265
196256
12685
969600
587798
969134
553267
800872
992335
454314
616890
301554
863076
856849
900285
511253
238095
865085
354398
712714
395561
931951
965855
748956
423893
465583
32992
271701
576206
756938
598837
657240
508105
874746
733859
644941
867334
274148
738936
48246
226809
797435
383044
165217
384655
554498
893943
829302
157215
27502
352408
138736
45742
962473
675552
620328
919903
634547
567345
250381
912501
102307
6390
788016
7878
968332
523032
565116
928639
988923
321433
721411
382542
520732
795921
799347
455408
778684
799555
757479
997463
96552
872348
875738
183927
792949
172679
818422
442477
18777
193455
939595
969676
542327
10322
813467
366342
471736
391678
415761
892468
791252
199660
768402
936642
854705
591414
387436
465594
760866
9141
109548
22635
206224
138235
680524
617973
859446
132778
879112
479284
579206
688815
22737
353543
805417
672543
412379
357500
877860
977836
417553
784346
251862
499587
19177
872266
355613
496262
592785
540898
751129
574497
59400
211791
425992
493771
404874
597407
389009
437211
515747
453865
838300
404740
566437
471897
81374
854447
323061
558876
28210
613299
558399
135204
740771
207604
717130
677208
721606
150101
619237
264796
993732
30363
847297
248120
489718
334559
219161
330919
165993
214127
314635
152703
665025
691139
225035
265848
816441
667159
816813
762842
188424
879914
629471
821959
587167
443537
395769
442146
367503
112120
929453
530715
424328
616310
554137
46361
784060
916684
412603
941762
324707
135291
712004
64362
689367
178687
71621
778325
519199
191403
306566
928234
835976
815010
454070
53367
423919
762351
293308
3483
49116
628738
173228
553236
889161
155528
398165
240486
338240
38181
806327
661348
877474
867217
732626
725342
539203
274700
313817
883367
90163
176127
316165
283265
352856
278897
240455
759335
818295
611874
465237
283959
827985
485896
126182
492731
634986
848675
263224
275347
73317
47807
193998
9792
687243
229126
526264
330831
484714
967359
119754
467040
227610
588519
421294
99538
848667
716778
643862
929292
120026
270142
49289
867179
151058
171421
289439
853507
484495
626525
167688
844116
667278
726701
329862
214667
273729
152366
182139
581105
388782
39851
296092
220084
873463
110071
714565
35600
757876
566370
566951
66586
981116
520535
712028
162345
754435
991189
630491
913633
53533
97544
448583
995101
483425
111812
9762
2233
965993
150429
243103
629305
934133
945701
108948
882201
669999
902275
725902
667953
312777
380076
538623
395717
674754
773825
117010
573991
518536
175237
952351
928265
882744
374393
984506
133411
212673
577750
183206
790397
855846
786663
210407
330266
705506
61312
54965
130753
71077
30942
187212
140648
659773
789085
896673
734656
700432
280848
287151
712856
376261
839552
887534
913710
382083
528068
970213
77529
709969
344058
191127
672396
261213
5407
551961
558023
130328
312273
546371
404768
817022
931230
997637
904234
236915
116616
516113
767167
442889
53719
890550
291631
74463
905115
389517
172293
336931
535421
409868
141554
250295
855361
903863
318553
375857
558939
733879
824374
725373
398890
709699
340652
129438
596693
418618
122345
572753
767681
439443
234936
215378
714156
806060
480099
373944
970729
627006
881602
259771
756216
998450
141540
174998
939777
148365
87001
429063
748781
820934
580571
103796
9954
196600
692247
818727
456217
404146
200347
666554
333405
889068
725917
69326
566690
775829
330661
364405
44991
146759
908184
172656
870857
852636
9251
539474
3726
519258
183296
515331
197419
67593
74792
935328
315594
813990
313557
78848
229692
807984
465266
175378
53615
312479
866146
595874
115340
337588
924906
472634
232047
988268
816444
784293
445764
564430
330017
405903
357819
282916
479938
32136
614247
110662
670738
117799
637688
846161
174876
129355
184147
78903
451428
960509
248715
776880
976957
788145
805183
713103
812583
683755
440016
197807
971170
614271
959420
71564
422611
333553
193628
443374
868434
689594
428406
505343
9422
320044
79232
810686
925213
126445
754162
898316
821028
793567
855110
814820
684704
346336
723727
492712
818766
4781
846963
65430
286205
93665
292551
14169
441326
965083
593414
705020
754917
677246
30316
91833
246543
383315
363957
161008
971791
437641
530029
436723
890407
840220
380852
299134
643071
429074
494480
988612
208853
494050
938607
473892
746626
449264
391543
97530
954661
712307
739788
629842
604654
919096
200222
574520
616713
995967
987755
37291
622180
571011
290072
258224
856671
16152
801320
539970
528015
462060
646678
122599
992815
245551
918037
807005
478949
629583
265186
300851
29868
668764
223746
822261
662818
838603
858013
382656
7856
193942
743863
578419
194449
82496
237191
72774
80961
375351
554998
640052
177988
876626
177205
597012
816209
226553
974587
100742
562137
596259
220058
412232
826807
138106
389117
628648
691445
473564
934656
874452
476920
298043
396332
536973
837130
556004
246862
652858
588418
566877
479282
941209
72210
323814
621377
632848
375981
200930
670004
721058
419347
559120
880180
795197
730362
225777
422544
446192
399002
872014
983130
240889
644949
415378
341727
618876
637314
659730
482880
885328
75733
774894
715569
147380
986924
916495
217806
892959
488440
989456
20245
670005
466822
576633
928964
194005
959465
660966
930832
62799
369798
419782
492735
203891
131580
671935
935458
158725
954926
209839
926451
732940
135406
112718
70727
251465
793479
430639
163887
554181
583911
234021
694577
582084
827175
681794
217182
221461
649273
198203
263824
89995
169645
30823
361154
61382
385248
780390
708236
388970
274049
244958
756665
134834
151105
663649
544071
7837
114263
952875
547130
564550
402605
629639
975709
767121
332522
275280
560534
238337
475357
216533
291941
910503
16771
556630
233401
977654
905653
953515
796207
659249
469745
238852
677031
947525
213506
361355
81797
241395
669519
68966
621825
984037
698942
562264
386284
943394
493891
142151
903232
660573
398217
381976
994658
751528
563579
320054
318646
908038
509103
669170
293919
667805
239087
258500
642450
308490
190886
582448
595029
636879
187684
14916
474138
59432
16270
730750
396530
500923
374949
154058
524016
912813
73713
23912
921883
723665
694601
704684
655694
644987
986114
584671
788272
643059
45810
260355
401420
942149
81823
94964
205324
913781
366345
303594
516183
415440
568145
658267
961796
4062
915653
111357
902521
907828
743561
574761
80741
50918
696931
286875
856342
720473
154722
146134
266231
184438
549292
332005
536810
986554
744675
555516
237438
612330
200500
797628
721357
881828
91900
318677
624885
740625
578454
303430
948209
335799
177285
207232
564435
168235
570747
834024
264672
462499
502276
569211
817992
824426
128914
621069
354560
762476
941861
591274
406846
519793
812374
388637
884880
502183
390529
972495
252058
412183
477133
725254
791530
152442
479770
632975
188281
173669
457605
34807
208705
555103
59418
31155
583093
413395
376407
595039
623778
481441
506201
816163
885344
805966
295718
959218
913012
211420
879574
183212
209926
936309
409950
914084
650233
105921
113786
386235
416876
468183
208823
193771
439053
556239
411610
914144
139157
709302
716272
570112
360995
961563
527731
882828
430585
446150
996246
533022
366413
629512
207854
624978
332621
873646
793661
24129
676147
495311
690011
14185
69504
331845
940803
272360
405207
115384
557303
645479
35449
175701
961489
152724
818649
347742
277032
83271
328284
608028
806555
772998
385007
974895
432253
390756
878916
65030
501853
521348
360746
771625
553776
588731
160071
236723
828573
181715
71669
985502
223781
7276
187319
148151
62702
753854
517719
610736
247146
403513
143645
522260
864488
20557
801581
323029
782711
320773
57598
697217
120498
116238
823091
984851
459437
641366
220952
481702
337211
134480
88058
251076
127769
141140
644386
110813
145530
146850
66352
828563
186735
643271
121937
218866
782323
264664
898525
206653
46672
184283
183055
709475
624178
767686
885474
171665
819462
33951
892164
178465
273231
633922
113529
514032
210053
120449
539727
308749
355817
130725
539002
599629
62506
22355
849227
198267
377517
233610
58961
175660
347517
332553
78988
661489
469519
924814
835210
392935
844912
121720
510817
944936
659405
489358
782600
132196
200415
21400
929170
52170
574769
73451
510727
172767
300303
303043
660384
197042
770765
187784
740895
313126
738673
885043
628681
811310
592958
421642
72257
293656
711582
368583
384131
113408
527658
534295
537849
964709
869145
594366
909693
872728
713092
756951
233772
905232
890066
915513
856291
561307
600069
547702
345753
514735
642655
706941
507993
818143
276658
544351
442970
894441
846467
869102
160828
417196
437274
919938
489569
104566
347241
113877
529830
273660
489495
487630
18365
757731
612839
697371
472105
976443
569418
739383
730068
789771
40381
534347
163024
458951
49568
784049
779816
807326
10965
675603
271651
420912
976593
13298
658645
765277
362114
149059
495521
848312
919005
475891
141326
699163
222851
890955
534597
222676
80783
613359
356836
456317
21759
374465
741571
617066
809468
729443
486977
199483
151559
97369
566345
847504
571778
837964
730023
89244
894809
512682
733376
574291
605771
95659
89715
148413
980569
16367
837835
705260
298825
375363
442846
678154
184663
988035
47237
833676
45561
612313
521207
181251
498189
386723
503428
452689
599202
799347
254828
979448
269088
261488
683994
959630
778389
863833
685120
809485
206236
453226
142544
141319
651756
959831
294739
961270
264378
228533
865578
935089
929228
574648
967648
458427
848348
200983
503720
672246
870309
272716
846711
598133
341901
227959
419968
782831
195118
750690
157449
543695
890050
152863
926503
923175
379371
366030
542938
24773
644125
365499
633031
320990
145577
653988
174414
957927
778726
647512
372999
71427
34558
24762
696030
176215
765970
734181
592072
233977
693515
242921
99361
86150
617150
902644
74980
736466
517243
535117
760518
598714
743219
428153
190447
426582
436547
712448
802262
103243
911777
490185
306680
501821
191330
596066
274484
71457
713509
771740
716486
649712
257120
253971
272094
479159
967493
557196
671260
723915
862672
673463
300075
112667
57392
336915
846711
231262
721295
345585
498444
612331
560768
455312
192524
805607
518020
869927
292173
653720
541241
298306
577613
165656
595744
336068
873682
637350
165129
723659
80034
2007
893149
84208
548252
762154
691208
186029
977906
875768
509889
702234
518340
10698
109623
764368
750105
63749
107097
667502
197948
955328
818434
680122
233585
995382
275520
125087
625875
629719
653312
126420
679947
690617
182935
896030
45423
113004
542639
346796
838452
554794
279820
153375
938578
601517
673146
700781
517363
809819
204885
111067
161110
83101
845301
54951
522887
496013
878900
570760
872499
387725
147932
295053
117930
328245
288498
430946
794102
854628
528793
460274
620370
772792
211237
519142
334281
634584
361213
403531
386477
82094
371884
333713
498288
879154
730628
389999
75554
958498
198063
628644
947463
737870
936915
931737
336596
734799
164769
371235
79686
189336
882043
643044
175456
38756
532160
464977
15103
965007
601333
662093
143451
630593
815889
87988
934492
474181
149093
140149
538070
700855
40038
475799
521507
121948
108888
634588
352348
325388
403097
598082
479923
83146
389192
353510
273008
858804
862672
717572
176326
427093
319892
618073
851346
93208
810169
217321
120047
991384
337674
372253
655672
853394
901708
319044
316699
92732
191328
784122
355606
838959
614478
312998
804946
792895
511732
824093
749400
135019
496138
221028
804980
148912
312592
722898
557349
908536
735383
928276
720061
593839
804457
522443
84699
930551
387351
694224
734275
333809
652573
818327
849175
1596
667187
830961
840501
451066
220211
546411
644140
992909
130337
112788
853851
647458
440860
765724
908904
517923
108448
507352
341530
813328
629366
299362
578708
611048
463353
325342
333871
781889
296964
154519
821298
153719
520637
205383
374576
992321
578873
28021
227775
818911
339403
450489
588752
282735
984748
124699
642736
951392
431368
773210
614746
157181
124451
991496
904630
821035
455462
638226
807858
913518
909386
983454
244284
779237
364576
975757
641689
425174
436858
118496
401829
955428
208249
784374
883560
74205
403573
473971
401168
670064
347138
555197
399761
931196
438949
51232
165398
992835
334163
605138
159906
879549
603618
128464
385800
965897
903567
230759
599619
641598
91691
221518
154099
860640
126050
291312
139445
327086
638569
459336
421341
694361
746436
809190
957842
987727
203761
50318
303559
659380
357044
309311
91218
254962
609408
489425
184106
865703
979519
794040
878530
990013
993918
43621
804220
605720
709496
852491
537420
588328
888701
567999
617130
119517
566911
341496
953651
42682
473529
944758
560413
191555
384829
487616
911125
505616
861464
937285
50423
504772
790435
856292
824169
869847
202025
196231
755541
804110
466864
783914
529536
543245
993894
130490
17612
949571
125034
170072
553222
499459
257203
194748
468973
420275
70753
662326
688064
782941
674334
178960
251586
109603
996273
533776
180750
638543
649567
818010
717136
329160
10110
870322
212455
594657
226007
350
532822
540684
624183
879337
934433
874476
829842
612292
64074
336072
821717
218312
473960
239323
957575
236311
654432
266440
290202
487584
638979
507434
711636
115904
203204
12874
556821
470150
259796
448106
7364
202447
141468
689982
162586
259472
213398
82490
698315
645618
430089
222470
501964
134744
285343
285903
713029
830076
181284
629751
536853
469367
318109
717356
714364
312031
117059
518550
463850
825802
867675
895914
429473
37041
889587
202908
950217
390257
881466
3377
766480
973034
949436
866866
490299
727626
641530
854716
39694
410596
398242
496501
826900
895098
949616
833945
31180
705498
677921
423474
534448
59427
259023
541926
921315
988969
794798
40682
509174
427630
174497
294229
219670
337361
568570
139791
963478
883331
179661
119592
322581
544435
527151
831429
451468
345292
478544
642805
252918
460180
817842
279265
422492
243189
135685
306850
168764
961753
110561
77101
115733
449262
952735
31977
510546
304265
568533
233441
533137
401062
670188
90581
27278
496846
41311
739883
956401
60561
948241
778819
944688
56499
437771
365928
744802
318563
754706
390626
445218
643878
463329
271912
676828
970131
931208
84978
162359
326583
967457
301293
559839
408088
363946
830664
711213
588375
135812
842604
116342
527151
319111
471688
960237
501850
682816
103434
257845
992018
919688
335529
480776
454709
251586
649759
397245
968065
486128
700660
706297
52671
878578
560758
435125
171325
739677
62341
509799
361779
232564
647114
374224
345223
956294
411144
310369
655980
592995
993483
389707
414309
563644
258876
258978
138920
146710
81238
815852
611997
360875
149171
789068
587910
565597
509504
926214
628856
197592
167568
871982
457671
523459
272012
298674
768896
600418
859207
621568
896783
158731
349615
672917
516033
345026
55647
450212
38692
143156
255058
148895
532875
333516
223347
512676
516590
839094
572112
488711
899566
637038
322860
934200
300469
933764
200563
441425
594428
105390
333064
115967
802918
366281
393978
81610
512330
220782
352470
256322
981710
292205
262998
133128
248238
849321
925495
428086
713436
281104
180520
772780
800130
882100
896926
431160
976739
640011
387205
761697
138399
12096
469584
763280
758613
164275
724209
851292
31138
581652
431525
277424
814216
501399
597991
979803
645803
647508
141316
310132
529973
679935
513742
482856
372824
540351
532522
826786
989235
975405
360645
483285
80398
987242
9507
372329
477184
256669
277783
104832
476016
946248
225935
888035
484472
17542
346759
442958
653413
705827
788062
488212
868635
423959
56902
430832
198678
291297
7188
531050
654283
471485
679863
355106
944748
1
577733
854525
93899
980314
470257
59177
979798
537501
546713
668110
516544
426316
860988
965842
386241
924648
564297
23625
402803
40237
335890
975480
394397
477167
712799
238852
825805
287311
452127
540668
348638
43674
354362
976000
14042
459902
830978
358412
690936
581417
283079
696229
256518
335488
492233
425310
29410
932664
173896
893639
815394
594005
471352
171699
427348
705149
914001
1957
426207
611384
687554
329239
987400
882567
738053
248998
944785
847517
8910
634717
938107
939134
703517
93916
90797
705523
485235
52452
295981
599399
118945
603970
248778
461922
391931
306006
908636
268319
723564
677696
624035
647307
101219
926886
386189
958365
802027
344611
649556
774156
145113
810127
923715
363186
377374
268583
633048
634875
771452
820377
907781
414601
548630
775279
609745
286312
866847
494677
328156
963561
823925
405064
400255
506781
366278
683677
225297
870768
742384
546668
369863
16671
517223
299159
779315
250583
262607
505722
523501
537964
19114
40945
298767
829170
997163
576320
732953
335868
295849
962467
996661
826287
258479
777715
244950
686337
363696
753586
209850
854099
700824
439539
518670
278569
779517
664809
19120
954690
185140
677962
7567
614296
452673
977695
406638
12022
824870
712875
817672
80049
187676
671413
413454
327556
165280
527988
791692
869644
719460
805015
767849
991708
932518
859118
394061
702590
795102
273528
420829
12167
615185
336074
28705
193942
157699
216792
458055
248361
130057
296035
690305
620891
395900
499391
710281
324478
31434
522304
580
895313
436518
196736
841668
360926
544608
757584
909736
13491
96399
141945
919006
59514
933290
80365
2505
54007
475318
341583
5629
492254
586074
200860
503719
469327
723150
710260
168010
989359
791794
653129
828004
632036
814203
491875
220463
366764
416328
880397
665923
876251
3154
978784
245913
82927
764418
954281
268522
415249
333021
45050
507573
658731
10778
722634
549792
15392
504725
64969
260470
172013
30108
173125
994127
372058
495077
731634
638989
104284
206114
128153
37122
917194
368749
320416
650287
808698
30686
929074
543464
491448
926652
643978
511955
750050
214032
501473
188623
342947
789525
806002
222001
642698
573515
278694
589929
615622
701163
334498
580867
844288
671156
959593
665673
927829
853220
410670
978055
106799
941314
345274
248359
267967
528088
703990
932666
427160
159359
966550
276503
934507
434962
511714
174878
571995
58692
717474
396438
53628
662990
787878
946356
31341
426752
348655
521213
215247
955385
206973
602050
404193
668530
863478
222602
218618
873012
262512
995406
95202
370922
48667
161502
40717
733777
13326
329505
702004
440395
677932
76217
294097
238035
546995
744709
503224
534476
848097
686080
717005
604402
999939
458951
562278
575153
920987
279287
866174
543572
809773
726325
917842
105622
706790
472135
456283
52949
861674
679071
623657
569764
88441
462584
786841
689279
628092
716441
608243
660954
723506
902839
648098
765138
290098
222648
378512
579077
148700
696465
732126
29245
606112
594320
763901
384967
944938
81206
542316
390050
340265
283324
712654
133267
329275
270134
590055
685845
56055
561941
609395
967342
546710
716935
494179
930013
761726
264697
35829
69424
424685
615100
31982
651762
339070
212357
213623
661248
159387
575311
557009
105213
511744
595867
171511
79643
288679
484759
720655
980122
261078
969181
953676
471310
55809
446866
53219
977496
932060
587695
78119
894199
789890
758492
988739
815415
182203
708792
850068
957959
590701
997622
847201
407016
261602
766113
762935
21954
282802
527807
960997
274257
75021
280468
860945
852284
376487
716798
208950
786246
446656
192893
915259
546781
451471
640149
179312
572368
128267
608652
224615
611806
622421
318350
250157
530345
440709
82865
714724
709386
417807
714194
151230
697726
95057
572766
745240
82045
444541
816685
399921
895787
599198
838984
952325
744040
713672
511371
564554
349826
305889
483046
591238
874506
21061
374717
872587
831684
37787
425264
152465
696183
266802
386549
970734
121445
32534
246240
504692
14933
953205
206596
689511
406476
432041
653364
503065
883162
610786
346339
166692
835600
956145
494057
216772
796047
669939
538598
628942
445563
803544
175489
867281
825615
505295
957770
237896
984843
592656
510014
94840
417864
370885
685032
629676
893291
61206
945252
458379
759288
238736
181375
201427
698494
392625
289530
590772
385968
211602
788269
91531
276692
519217
884105
513273
878356
345114
629622
117216
992178
757618
56027
937850
247385
549088
832251
660245
460814
582104
446140
386223
194565
337798
713732
570026
114256
817619
727932
145963
507059
85974
475126
198037
749458
265818
749995
656350
905099
377800
790813
491914
289121
149617
401179
229580
562765
368058
601251
367350
975545
297829
497377
92184
477063
835576
516182
707965
126347
409228
502164
361918
145178
673331
592614
656385
762298
174279
787532
318162
370744
798219
385443
80348
508569
215553
581091
17155
588008
907208
183747
695649
857646
397358
763191
324060
129344
797722
896665
760865
263218
297295
109798
412031
346090
153118
256479
239714
432143
823467
455503
724266
368351
619417
379181
783335
878496
557013
479447
625331
475310
365820
409342
568749
50035
505386
661921
420749
585013
986080
890098
731433
572170
875665
656852
710083
979366
49353
523718
844108
43733
602747
424217
710906
226436
489701
515933
357057
617273
49250
378138
402416
602979
763276
99578
496107
63243
682059
871748
457985
580458
373631
411587
855593
844309
552326
73413
967390
849172
942826
520959
854676
305360
558890
804366
270613
186026
246243
401176
153341
874664
621787
404625
913102
189258
520362
373402
973681
648571
294342
169091
501898
585379
685097
927345
433270
223385
156001
548315
116836
435894
935284
525998
856141
293125
403757
965009
207377
889302
521863
843074
799984
25713
377077
938463
221921
407912
369164
809409
67282
194182
886350
308803
294013
784995
927060
548640
535524
554777
427799
88250
845609
82769
796763
646199
70028
152566
6328
362374
28737
487052
473862
291328
948461
26649
272676
13161
787133
787009
431461
272085
528035
36912
823192
138919
76782
264560
427379
381813
519173
700122
652956
583368
896705
329705
217747
613567
103652
619626
398334
474130
365689
139471
278610
828148
412616
25571
690524
291666
477942
174873
370986
398585
286775
627837
515544
789908
752434
196491
445882
334034
868720
944926
279523
62694
11839
77633
875280
45864
138281
684514
780596
679065
596812
939557
35617
191556
923798
35156
569744
840959
620383
858419
99725
331281
513251
129905
868674
229293
280474
131707
130845
920413
107382
855467
357025
70522
708537
579935
152967
471575
167472
558564
722830
823998
680079
458768
470054
121874
695210
572718
942901
94740
101134
961236
41731
176257
825338
287569
312201
210903
408509
391683
144849
716152
290157
490309
216777
69096
567809
100869
962346
239153
870796
398451
716992
154342
509015
551765
240981
34884
184473
584311
3070
582515
147157
248768
467329
60396
259280
310240
636065
720310
92654
113766
734536
908169
82345
250414
750161
994963
519532
499192
447087
91992
374226
784339
858685
964596
509238
783415
851810
403708
181750
917939
90720
428547
614217
409467
384826
528888
906298
478691
792768
716781
251265
750057
273528
655282
616316
214700
732331
456096
442191
413371
657737
340274
260373
857289
78329
194253
857473
311100
101057
369248
997974
277028
211407
970022
885823
193993
600738
959560
113996
216221
54872
436832
757321
252240
896404
835289
221181
663234
227531
951858
923836
888340
625644
51361
14441
857751
885930
96468
777420
94950
429671
222866
44044
945040
505982
177792
346441
383213
141293
932096
517656
13586
720542
26996
731420
455263
507728
182368
447037
471413
203366
315502
821064
218309
956492
386123
523811
257924
632898
401198
654315
792314
63367
503160
477420
88442
120802
876214
948796
359532
489615
32324
701748
236934
978117
91021
524364
205465
431200
327725
674706
338952
612208
146807
815687
34899
790301
404754
660502
746129
352885
681918
546482
882044
84244
546741
821451
445286
743023
536620
388140
859850
151485
62328
462388
756797
965890
729806
163886
563652
531961
197859
274768
242687
746973
401842
31053
193090
248340
600284
917271
935876
570617
471529
646388
505712
395524
620396
103036
494041
856024
709
788845
782795
4073
300096
314474
9148
572681
430363
778391
105442
201037
897829
450185
273246
900512
620034
933486
549653
795556
319819
126585
279776
787840
327122
40583
22297
484746
409155
348563
877206
692626
679462
579730
341106
555017
99584
730605
942918
171981
898458
131993
231159
107282
304985
660948
244585
495598
242956
842429
761426
606273
462533
102416
740841
773758
545822
484542
247100
727259
765597
761701
599521
71953
780082
816305
104772
370000
56669
428430
268768
809475
838380
71177
801929
746043
213090
666882
171045
518522
988660
791120
172283
747295
98092
528433
864867
696105
665968
476396
502237
357353
200606
743110
284734
156104
8462
240797
3782
476082
515513
906147
561612
324126
578295
115451
458266
526396
801380
701545
451861
227066
899484
995961
752661
11442
231014
219952
766803
958579
430061
763814
220544
77802
151721
977544
657906
253996
685213
272745
705273
449891
124473
189952
475088
210068
224479
475970
75567
465801
6851
715229
472254
292895
445419
512910
382500
404974
616278
566879
263484
427984
369529
796929
8233
271632
25636
460993
249792
643121
468036
770090
852196
965208
732417
182456
900976
706391
144775
120052
673164
292502
770530
330801
461026
800096
817283
731489
997419
448968
204512
932180
920355
302326
753143
934543
613787
303249
403826
595205
294061
725898
454950
655413
290825
960003
883637
288479
985838
431515
399188
878116
74741
89944
670631
286905
633927
514607
210057
957703
365743
487410
573031
198627
597386
434006
804428
243557
937371
101664
251255
673191
232123
785708
763048
279964
127085
877338
104122
60042
608976
245462
597801
47461
120430
414337
946037
77642
240689
591553
779680
220116
245108
358306
535505
303775
490743
293991
799067
51671
979181
218610
91991
432123
410800
142923
167981
365428
739028
460304
753714
216844
488665
820217
673131
587533
270522
470599
423024
726775
316066
69833
269868
844701
849790
718667
704769
308764
255406
325659
333192
413433
730197
587001
671542
29910
100175
361562
218970
421841
167170
588121
767746
685945
76749
209083
628862
132142
735070
794141
348668
627604
785504
222844
83474
703795
468689
954529
299675
69807
460017
37735
988024
525791
67286
885098
233272
121867
573469
339598
218322
357703
428283
797097
931855
886118
303537
803982
39493
338461
151710
376567
578429
968310
438318
827278
154678
135725
459440
457432
806979
541611
737158
872447
714447
24284
590709
51962
732481
746607
343580
933531
839994
148010
657986
162869
948155
678567
725512
742695
689892
503918
338429
813577
572311
353776
91984
157235
200315
669342
40352
453221
952669
840100
749488
459926
548528
97926
949622
957660
599157
959189
174226
48372
96310
47309
823964
481967
198124
529614
105110
155002
482112
741877
856193
511240
523182
12887
173003
478174
870150
353818
262245
66490
593741
747759
785907
418913
628736
680943
626333
643012
471096
142673
280451
680142
427369
926086
137165
298317
616964
790706
648032
891450
318589
334022
737708
430822
581094
587838
37922
749827
694522
344308
327171
649933
239543
461920
820756
805331
27746
783341
626798
714086
475694
615992
140209
972829
105911
184871
549977
261761
395497
190372
483304
607388
867070
928949
287683
597657
726116
57978
678233
247192
898236
256386
734206
153105
108031
105801
974102
492706
304187
996434
277036
887990
547515
501981
44386
195156
313925
726278
50499
200705
375293
476218
604660
329619
367335
819350
565578
508308
769866
860126
649077
70351
626287
63766
575897
370554
844297
96961
180349
102335
418030
137203
376732
177065
680067
179157
257881
280872
502007
21109
331216
206657
460646
817927
989256
378324
639773
294333
358084
621899
5565
430846
381816
892509
937720
928325
727193
196668
224953
278489
94413
512481
882272
518565
262530
642609
795115
804339
566299
674380
871408
879561
515396
334771
501766
262176
406630
673491
717508
423165
252342
749746
535841
76015
236776
178613
793083
508004
734082
792587
524787
874919
755275
400954
343669
940218
555554
852420
62549
608331
688426
903413
818709
989463
159779
701836
129411
13976
306900
560132
811199
430508
846052
594558
667290
295044
972553
674892
646491
680645
111064
661724
836571
759934
3450
268607
719888
658247
655103
907861
190630
909618
721484
875287
823305
937585
118768
10945
60736
155460
268373
468954
184819
84828
91026
638881
531853
850641
373725
754518
292924
294781
691166
219106
118549
32435
106782
528931
896533
238815
334814
658392
363011
482876
484869
318438
330225
514348
528305
146565
258464
420023
138862
415946
462211
580195
544708
183121
160476
842283
876906
648646
607555
820000
482905
302032
678725
322649
238268
209371
13289
841560
183107
518337
15310
998331
733143
594709
624816
789019
422312
908875
143049
691333
834530
148103
426388
882195
918653
732801
45228
459814
806132
533585
573012
24257
710605
560092
354128
504709
547735
38875
662768
772613
178802
372997
356588
332293
431048
75161
186411
533716
468826
204042
272606
623107
152565
415494
53385
796161
149443
117157
408418
838868
90237
888875
813138
936310
616382
950009
643224
139274
634611
728919
841997
147193
45615
217814
83202
981230
865051
886629
517509
130474
469514
439155
330563
49156
790443
922171
202375
819649
504920
309809
960160
14668
654987
260551
734817
96722
510896
397276
82370
740860
647253
673474
202148
723722
741821
821482
968370
510537
751508
770862
968291
565488
364414
340411
228251
383389
477129
403417
56689
684519
827328
111577
624588
10335
780833
975194
888870
865064
298342
726135
960947
389680
201599
777041
599962
298442
826913
89396
193186
263466
214072
765352
553000
971836
98168
459607
547916
457249
212753
414549
24876
814087
877185
437265
943816
539939
102723
932119
775493
15694
472229
240000
894989
37369
540855
185271
914707
918735
250847
32808
808052
333670
757706
964039
696249
357472
344317
718329
35257
732644
587530
311459
72540
371764
781341
46350
581370
329708
993782
542580
868769
618646
167153
472106
706805
222636
932737
790825
232242
493419
249211
889274
648142
314256
628302
197822
36601
783602
705553
411543
883334
17723
339957
779191
63267
290180
32729
844931
52420
537612
852669
812515
216543
947477
328526
233769
97680
95260
758687
961947
745564
352563
79225
299742
862930
728700
201609
762241
127373
826436
837431
510500
196823
492729
928856
101316
268712
342730
77945
82532
37132
725722
480476
957848
161250
770336
742079
702065
724672
588381
487831
111680
957044
138875
763548
218697
867046
721919
175998
515910
227417
293099
819125
294228
665872
853171
762934
108158
633037
261017
38273
701925
790004
676199
524823
97929
87055
733385
279433
321462
37803
128068
244780
587917
760671
132247
838441
429998
323436
14956
794545
542463
956416
449851
160205
149532
387605
115900
542291
767707
141111
796614
985844
100154
263138
498441
562547
612327
967817
62053
487088
842988
939571
425765
262178
691510
211520
454939
495268
632256
162314
570776
452710
732321
40167
373640
989060
510254
511690
640616
839219
324557
875657
828710
902296
879063
390905
161620
955251
608489
777845
289223
391480
111944
852030
709906
410750
244142
658876
