89856
640273
840282
993948
515015
478686
490971
554498
296323
422998
943863
554594
833448
950154
77741
128374
956452
138445
824254
286408
939292
769372
45761
76153
310341
897784
827523
370654
560739
410517
120664
568517
417116
220138
174082
190869
90040
757737
708413
277715
508728
142601
99429
137985
697167
113406
599877
150049
467265
249099
328509
118359
994391
204205
301135
847276
507324
936632
763718
856367
942584
580352
590915
113398
637510
397102
90277
583298
156819
188594
283924
992256
825942
465879
379435
550828
958854
490226
993728
160400
192253
512884
129808
652522
752423
196511
158284
392108
569766
246357
263546
700765
517446
462668
942282
53789
620632
156318
922038
384197
143789
470845
963028
982253
18545
498500
995131
507079
764833
697640
73168
261352
893610
460109
228524
268711
74976
541045
968299
344670
16663
750355
444756
961230
71138
73982
714592
444319
583398
835841
49385
169028
512345
648399
937264
70973
640732
572820
823307
779958
288883
671334
666409
871757
309789
706458
193347
63473
31380
532531
287074
615205
910435
253750
101639
74916
334751
256345
890746
753311
358339
729497
34162
59170
75500
613995
776733
966036
597549
997514
488078
719389
630352
563247
754625
640930
251626
147551
474315
492012
727834
590686
180834
789862
706142
806209
671430
153989
449169
462241
526220
757634
409413
406700
131781
904963
482041
224789
318607
920088
937015
148907
160247
564256
505997
136648
867722
309324
133349
290400
872311
593211
107523
334521
515170
585925
967579
120761
462151
619540
257741
777051
88393
608427
244798
327484
699543
439114
542612
803538
599353
579562
118413
521915
201597
29667
608189
498611
577208
898414
673378
554784
998075
441476
463589
782344
34772
947813
495856
12450
505086
563188
711078
600778
731174
293183
262852
978253
465370
495133
590482
538276
579408
148913
858309
155390
75793
329291
109684
166454
697152
847725
833781
293284
175115
214378
988500
550095
746797
714986
37423
958400
734109
127243
296241
247218
697686
817762
929641
48037
725828
228831
913158
365713
140488
677518
648945
500728
235048
734330
351111
536980
549526
160940
125746
330288
913883
839953
552611
240787
258464
930617
339182
514198
109785
481724
159809
71575
658255
752055
422338
412870
822792
339444
571525
269469
195476
113000
272615
115820
626231
83925
805833
787794
584814
335632
121004
605192
313504
357917
421030
217815
869219
820278
233983
400746
815591
303594
961003
613630
176451
946531
153251
226101
647514
777472
708066
545674
652713
189792
439353
867679
656368
119616
965903
468851
452539
851132
263865
949039
583820
860530
781426
118431
68071
666116
622263
610942
686330
532731
196673
171242
659494
259593
628896
947638
357934
582951
504241
934366
943803
920605
518716
476757
392073
967456
250668
238651
394354
923669
954603
899947
978645
631028
242842
267440
818211
30919
484074
925207
806790
917522
707290
487519
404014
292301
287821
250189
156088
595981
332615
750940
20285
792321
329476
439122
636597
346071
320117
192558
701511
852350
351704
135614
234862
861703
530994
249292
828553
975781
852652
610360
826239
902611
556680
802913
511692
715668
673470
511613
762413
715926
238007
432457
266660
924528
23397
937498
306217
987786
698301
303057
331373
567004
510866
944620
586251
20495
219983
511226
514446
366015
589457
76391
992217
888034
576415
471925
645559
670722
585798
733323
917440
745446
646101
502247
914980
121807
59634
581104
618839
720286
481368
517543
784537
897683
340974
445627
766817
960752
209540
575739
847205
817851
866028
4006
253000
216035
963827
657310
459937
48570
18875
397627
711204
234145
721206
531132
473904
535809
240513
68953
65588
277685
388379
451700
75582
947910
118848
165485
425314
450574
173286
636949
154435
315133
381907
626298
726529
627386
864793
327265
420095
588513
560880
783825
260175
678123
565934
935180
77565
672043
354277
812761
292725
321205
282265
773116
833618
91481
49884
430664
176452
608845
687112
27915
678364
754216
223961
964839
303415
412683
108260
911872
844613
241690
678200
288657
826357
980776
135440
770073
332543
973745
428273
352499
701133
123840
517222
533316
594566
818289
420182
182990
63289
728145
8447
941025
954147
289697
527185
572720
773022
935034
409193
942401
239334
771018
429224
270910
251208
236796
379120
976489
150057
364918
491003
313325
956144
13692
403415
386255
837713
523826
49282
543299
590903
422590
404830
404891
626061
190092
162449
362842
992426
494891
625147
120935
468503
812884
996821
187805
864445
162955
547811
556671
527216
755999
977301
89737
698578
448587
400000
657122
17765
664063
79667
250349
720305
293368
649721
645118
600014
847179
487339
943145
865871
533570
161135
405559
668427
527965
715921
870002
642249
368442
957372
103904
829831
90447
707796
685580
747879
849363
843699
232191
922935
952124
1471
945742
884571
370148
67621
316045
470425
295301
796916
4385
818049
113507
780952
656691
449271
713801
854385
186497
873055
370091
237903
393998
24291
739498
897036
666810
924708
97143
601927
495212
93946
305871
334072
399531
997930
972068
779125
854732
832483
466076
517440
149446
757749
220850
115850
684513
872079
604603
503433
168269
138163
865411
6641
329679
894648
568662
415762
237398
332923
272922
130637
404972
405540
353625
353588
287496
552464
959069
44349
836736
32288
953076
198115
389659
920861
508307
128730
890245
812039
518359
639597
652636
701817
815910
640949
816167
757818
352372
852919
173286
875490
28450
456731
619396
421478
788929
248325
687081
511555
951859
577362
35884
122499
962866
467825
17254
171055
696811
661211
341217
933458
772930
263536
837296
699749
722809
925936
120472
98588
696875
962642
36076
746124
781170
81541
375286
232183
185320
901888
641361
519862
745995
769672
322324
739521
808698
502462
177513
728862
933788
67042
858043
632740
449440
259432
806029
384363
163998
383925
161896
251795
925724
427318
506413
442285
925997
841565
898248
131273
209205
587898
180037
295581
309063
655794
362685
415118
41519
424542
300712
456542
424715
797570
117334
593075
391956
880296
578553
488512
719611
798680
671770
971602
55278
521975
382636
917433
969273
239354
502846
807441
743689
776005
121033
790188
586445
402340
642153
482525
156341
664356
201065
891492
341404
688015
217463
856177
472706
855747
66614
842135
511666
519598
382515
564302
634691
414888
731823
836388
614137
535405
157530
826178
410507
398582
780065
177623
693951
506482
321374
194979
484978
286118
100846
900834
716148
163102
292577
858579
806159
158414
488842
394915
550568
575114
85941
424571
61439
598431
673400
290083
317137
957388
936034
692241
682781
196000
526225
480146
500803
485233
349856
307924
598727
759286
739772
117262
449077
561730
589656
148492
65119
458206
371703
106266
408258
337153
139110
618893
539335
858030
831500
162473
345317
703083
319065
554802
68835
38937
82012
56338
115835
823157
414193
906339
413786
694890
24023
545114
850436
28176
528416
485457
163925
653445
296641
306736
600098
707366
904841
839735
766782
756907
517999
505897
75609
27932
866116
689560
632130
747508
218439
242122
731341
861840
175511
630341
257551
92436
178755
849596
296070
391515
838717
587862
887062
122584
880494
246871
195310
723598
188835
472301
881993
469608
904420
601305
56337
995510
737573
525432
65885
50948
907158
402990
919195
78617
439829
760366
768457
871945
407556
783527
934173
644279
550004
328654
8773
987371
953024
313732
299657
171788
480631
450277
654796
287930
506289
896109
278321
992458
685058
833734
973017
396959
573325
41138
735563
561761
905072
667921
658605
661853
637149
911696
505263
507449
672712
611630
488903
227410
967740
787692
184918
330676
321993
838609
288234
122805
172696
175959
946461
324590
761247
723573
347930
417943
903599
830154
794239
136574
455466
446051
760862
741220
736339
472745
697054
914804
666302
81450
323263
289825
126182
332290
257915
878555
348317
590822
761095
711277
970078
261324
304313
93814
14270
603514
132803
410433
434753
319082
599517
8068
97993
297815
102273
106994
820202
924200
96208
747133
115608
63285
208594
870444
670082
475322
741723
678100
555576
98775
387784
852150
374983
225409
828329
639861
97829
982153
106553
726130
886727
884167
978504
603590
864465
162979
647482
506267
28517
174079
707687
969447
710172
885252
509219
353606
534163
437448
229145
305011
272989
400601
246161
699555
975510
718633
795217
746495
571543
751317
717471
274236
505221
29844
674852
62872
290244
880696
3051
364658
389450
626468
38281
305478
399182
881419
521943
939845
486942
337568
784859
94989
714064
148384
691909
634250
547152
879864
29653
510632
280537
340883
346649
615284
116031
806596
525588
666382
22120
41357
955323
646989
124763
168394
813145
125871
849392
293949
42642
850427
730279
778423
599684
261558
364181
815775
708169
323646
990137
772450
828889
845126
457965
290807
482381
839214
25400
61709
315710
107325
904704
309012
354700
810302
622045
134181
191098
742838
144072
339471
747447
736126
503282
292607
95416
466816
913841
567243
956160
712402
706581
890651
584065
677162
292313
276532
292636
231165
893749
552163
313989
185593
679633
14722
931586
591067
750355
760170
129298
271341
235865
174581
777514
646496
628610
717870
98138
299522
479399
981720
497551
750811
420904
772631
127474
878442
283040
486207
206637
819639
775546
530680
323021
279957
228701
573322
327938
302966
424643
969739
246660
609322
58920
25570
203792
301494
481373
432823
527504
467725
918523
274361
897689
21038
309237
200203
743822
825561
642759
934924
247329
450735
648907
390145
992250
274917
815338
916386
576816
550628
29935
197758
836660
468097
74807
348107
309837
341844
514885
940174
474621
637111
465842
536227
353411
715613
153857
341610
489210
561356
742481
679822
987423
391928
627691
362931
259696
749438
66235
552379
26479
486650
381724
578037
895237
325573
346892
856804
591108
816334
725375
375783
573893
147411
848847
406666
267120
350269
741200
611880
10586
364438
865026
4922
223625
10984
245088
631425
795027
169395
271445
643020
385444
451850
873166
686566
265373
109514
564842
330016
539610
295032
960974
848886
501836
374518
854806
763617
394501
959842
350310
541625
287379
207116
419742
957764
307139
886289
288876
493471
767559
792856
457339
837639
342898
577065
445897
98693
411231
869029
113942
251828
890290
670374
947640
773552
384310
356211
796172
781213
307686
963104
1222
683537
389959
588800
850922
274015
577906
25032
289940
971713
648304
62722
359793
509281
473597
415338
714960
985732
47343
881769
643603
680211
358448
969707
479487
416840
879783
161695
394291
619761
530166
477963
179318
592740
94876
486729
138345
784704
553209
545505
562459
92315
657074
777604
104827
297869
456491
953891
662632
590936
175345
10986
582565
403315
67834
51933
358760
470897
40195
8397
241489
483027
536217
501814
934072
459303
65972
35000
475167
211418
834493
885489
799239
444065
858097
717363
305822
55104
708637
591079
159317
744886
393993
498301
218704
936389
338929
635727
114679
874465
11374
638929
452522
660725
225844
215223
388369
716492
375924
706468
537936
378722
957858
572873
865882
472264
900689
14178
835485
96430
365562
656649
765915
162128
2267
810102
241881
774144
167932
342676
275695
207372
314828
830848
992512
69131
493163
928736
203972
752137
77313
968222
803137
781836
158987
489664
84697
536643
892086
527334
563452
822026
578787
282527
879613
875356
506571
534119
720579
869270
229436
6593
35094
752676
165314
362797
776025
260554
139489
538567
810391
661137
48701
276412
168437
120588
696221
600105
201095
736774
464388
447186
768639
128521
257919
300539
30337
901773
371965
944103
770514
13564
791832
448682
502702
66398
722610
433581
828152
930918
330810
109054
720716
133784
635534
61009
456945
803093
375483
884760
807018
468805
810143
902842
484523
804191
31792
556083
618729
563352
177493
418439
977162
961573
901682
682404
251836
862063
960833
86675
216737
830803
596187
611162
127208
803474
271703
148018
291575
703132
666057
993440
28612
749684
108268
282675
2819
616768
235930
248729
190330
137391
531895
559581
477552
293319
415406
904321
583172
919178
471955
702132
628377
723652
207016
526128
420335
344692
26747
524466
434189
952660
149036
300311
605530
887175
853197
558544
891852
933791
86370
139714
347511
415687
360711
879996
24903
568595
652785
12758
953033
593955
305101
297698
199203
812846
580868
801362
667428
866864
231840
638950
749558
667890
425800
63375
848944
655731
476263
904613
591560
904752
879787
786370
517734
790229
953770
861881
999955
900224
610334
945142
85904
66542
838161
609908
858627
52420
680660
155157
400333
672956
802473
44961
895735
965226
391872
502494
311306
563434
33822
189063
39549
888361
412698
708845
424969
280204
514882
845031
372441
622656
763802
379639
512989
608735
652484
788155
156798
90171
889339
668237
428076
346635
836153
63415
541138
976176
519865
596246
400235
559394
573143
309450
422830
343484
812499
67415
933797
856608
242996
674011
870876
379528
201609
418988
533364
71850
374475
966861
892439
28999
847198
305869
442182
73361
808694
722557
209933
282935
507798
84748
384024
766798
81396
466369
895200
318045
267449
141267
47614
2501
13668
624424
389920
437387
125390
187688
601177
911428
134728
999678
806162
271580
313760
112363
581598
388162
110915
815174
850348
222132
322044
871188
46933
238178
661467
731712
485718
695937
4976
30455
410327
858287
755511
768354
606057
352958
616078
117057
364367
981152
961376
940961
204979
281389
475942
401530
437434
190035
634884
233191
384113
92890
703759
563906
415974
154578
225454
6171
874708
296604
267038
995797
216886
151699
681679
422686
896252
317525
119916
954313
416859
798193
627448
787402
357951
845295
215379
684941
821084
52214
700573
805107
462498
880222
102641
900842
104783
177747
964050
304039
491678
863458
17444
603715
339869
745507
314449
167407
981276
403907
847180
845078
734977
512365
759474
966926
568313
285205
436492
498041
652041
380833
999345
508926
883330
202868
459721
412640
245331
533656
849964
74424
382648
872262
580840
992659
348561
969941
913890
881386
355661
523262
374484
107194
958149
124680
589428
55040
467685
687636
321013
447699
27333
418503
8678
704285
18390
874575
515577
739191
520375
477972
819103
522720
399399
97533
111758
362714
645973
56476
634212
315426
827860
186359
578021
77962
673962
49972
98720
656692
437704
82336
28785
772077
894291
449116
841951
641955
934496
755236
451237
446469
718335
394749
600270
295542
739886
776891
929913
783021
14703
323628
84221
846316
75956
105509
417573
201754
645622
608806
387292
228159
221028
508012
521252
540188
904953
527444
955008
639717
655782
535591
505458
398684
3375
662598
673567
551435
745170
853555
234638
993438
862497
13177
164495
55578
601009
986490
855224
256446
109163
477907
689483
384565
790591
321453
667699
363764
971897
795491
484013
339382
988844
942603
957380
565330
126154
415715
295540
715189
531158
235034
587440
171202
360304
394744
275968
620035
794063
193834
272002
74954
816846
808238
392976
180136
342813
583063
23234
265161
391256
323646
374666
277354
38132
911109
85566
965305
415189
294409
881971
461320
425918
293476
388164
659117
632864
488091
321586
510712
400787
671531
986533
183569
313826
981483
606417
906798
934592
816606
987636
573935
699865
571287
44603
569046
767876
12617
976069
431462
643476
803050
712127
603159
241806
382212
86574
626034
521653
439320
13963
503567
67072
573551
271624
288233
993709
34174
566577
898203
440494
427125
407022
463098
99586
372196
451620
226958
254239
981194
372284
257517
675723
43068
56059
341942
320458
946799
838480
237927
400370
292770
106925
416796
314970
895082
440141
128549
191153
654811
372179
786690
22891
329552
268947
481341
615765
506712
211434
756132
16714
561917
275719
887394
539902
537010
754189
839737
412599
783064
446353
244895
366556
671533
285886
274418
566886
133714
912472
441368
733235
815927
328349
216631
471353
333605
389383
790350
888279
896807
474095
801518
39751
743830
653964
650457
312112
74816
89112
250485
847064
373300
744467
13357
681975
951789
563873
680101
149159
402265
462
899671
946103
44548
232178
690575
55006
772070
833392
849023
114956
773445
497112
170816
291868
929928
383212
473766
327654
454938
76992
525822
18290
271351
235834
555943
556423
313046
401785
502794
278497
284147
476691
488055
636736
909368
785270
224605
695069
787271
236463
351846
594872
401447
944521
745709
516748
622472
781646
123869
721764
894836
181993
613607
712071
180309
173675
555615
598543
765853
138092
452468
576856
944149
441994
722698
595411
466438
365645
652854
232122
860926
146987
516053
38494
587327
817254
383049
489116
267338
861011
40081
329262
238211
417591
529348
749789
46401
927370
191274
642773
218932
855325
287799
52817
628915
43735
275237
393397
19682
475675
224877
948154
682045
785734
753761
412291
933955
142164
737129
91663
326273
816226
115544
946568
413369
223758
820330
823736
329136
858362
670172
792347
745809
392496
12072
95055
292033
426911
571932
413927
323584
324
15702
183328
512952
440932
111134
517483
394534
357749
941088
791337
508194
4252
4356
952629
204684
476305
353580
298074
771285
767968
430985
838437
119783
441480
250074
997718
157874
470598
567811
563952
133396
788588
916166
756592
56868
567786
27104
717722
351388
425838
856578
453038
548512
291816
474602
128698
595311
43174
463838
266313
926885
535007
119109
280889
966634
658507
998754
399786
475451
404399
790446
735507
681171
332663
984976
997358
241845
203451
571707
270099
667033
992804
535396
69027
860081
408744
287455
65947
619222
570992
7125
861832
58260
358043
683556
823193
120271
859612
107923
321744
112912
79423
846128
915155
433904
933833
28233
966559
55327
86460
807747
354140
939921
22009
347482
309387
52295
604736
573109
124763
268149
949396
225253
955739
372821
23930
246074
50827
759624
911071
134722
116235
956516
766425
195679
592117
326558
900678
860804
321478
811413
444433
697484
769527
248825
377683
869942
504554
485334
377173
249153
563648
260673
194932
548640
591431
694301
330013
706330
871249
584970
507576
411778
466976
954028
379554
39821
396221
375315
201298
376917
49831
886988
649757
99945
684649
422019
232852
311630
965252
594451
436939
903063
154380
480684
307061
726428
355535
310240
663467
439450
751727
324554
710795
619943
399761
191515
972541
408784
289262
602179
245969
786257
585991
439608
961796
411376
733749
56741
624930
698742
218142
700338
777989
364299
417732
343404
929275
247725
420151
384722
636165
860428
300587
378747
892028
313094
694564
516454
562383
230650
247821
888864
58407
691979
959977
561548
38955
714547
550433
318162
802655
243137
480763
753063
501287
511601
123436
634548
884202
770022
390660
514662
262226
48198
482759
147345
402543
143730
956892
96129
578299
734752
303263
207455
61112
785176
295889
95485
315254
538503
100719
103102
655281
889923
215712
914917
709782
449756
50951
440568
742758
355099
217273
785936
420020
171162
342280
76160
197064
73343
508478
653152
932518
964631
236709
198581
765672
381259
277699
75646
917832
708929
615972
114078
933114
982353
407759
142241
674102
856162
628954
519340
554707
450465
970650
620230
242383
586845
711922
386749
184939
87362
904524
701686
454707
782641
565798
740821
626204
670904
95300
26821
932614
325299
194564
487396
583008
655038
240334
89806
69290
664149
31849
180165
195030
5323
910187
958202
693192
677603
978825
460026
436349
574735
917452
231864
144455
245763
22885
736819
699638
165748
710743
405187
858067
181490
552466
11462
424262
442591
174816
14177
449559
465163
475128
218677
453457
586798
998129
298784
268354
876800
902672
33837
665248
663033
467330
493017
623878
473056
135717
857923
599963
440402
251904
315247
309011
960338
958931
546294
357711
969415
912842
966926
441248
796758
869643
812018
27241
277852
928366
656558
817762
849288
940812
407241
214521
152788
633264
904974
440979
204446
586987
250809
644848
69223
79172
433979
457580
355303
222988
287978
431585
371274
179662
117641
879466
18635
870949
436207
969667
59116
313641
728086
811788
509519
76865
524162
121644
989108
127836
322891
736658
531024
258107
490057
296215
859398
528614
596636
724223
867972
479486
234325
407839
961533
423218
719621
989976
139902
836620
260128
492737
325232
903779
41740
990371
161257
770739
612812
170205
267118
172617
495556
82600
702217
404696
976360
924021
278787
491690
753285
624115
179839
542320
724396
348781
367539
334266
656310
285839
299779
851586
594425
578441
81340
380578
414598
358540
278698
281318
155419
250865
389142
98364
909932
682809
202591
261576
711497
733167
631027
860756
939819
412650
487339
377317
499361
991598
140609
347624
924754
91058
68718
988491
366062
205821
692324
52905
229302
15466
219877
692317
864676
28298
108543
182776
927287
844136
807396
648653
453535
497255
458090
589097
750530
984456
156443
854880
837225
273992
254394
415426
889099
360742
17427
54317
451571
641346
763133
939132
534352
329953
352560
343517
23193
335821
758013
696577
76635
810458
973166
391852
797856
102659
239162
969580
210686
407986
242405
524198
823353
98654
11442
147019
536534
932047
40902
892138
715837
894141
637275
553568
676937
498518
177821
834346
411440
170335
11684
317979
835978
735026
174351
490217
958528
768613
284281
560545
699730
328075
198235
150843
14980
248852
452606
384392
215846
235152
499419
463495
909567
947089
59089
14808
464853
998957
415169
596360
565980
636962
119113
75594
472761
696341
91356
418183
769841
110323
342523
363020
823539
938680
128210
792290
954110
608270
560177
693307
567728
402317
49125
740616
657837
342113
323379
603368
573544
328393
536304
390906
495377
592124
836608
372307
888475
688678
744617
206731
642920
394448
535763
547058
173780
339933
197406
669537
459931
368432
611040
28330
166632
287915
289594
993713
405435
253907
686933
830548
867765
636815
711358
441094
824515
785359
699612
341369
587877
237898
480074
208761
291546
153951
425237
109270
265258
79837
488147
27578
155151
318366
127326
993433
256257
435598
748140
371781
355165
368777
300108
701857
484721
677794
818239
37998
494694
117825
639601
348865
5195
540964
867987
610645
60218
962630
403670
915965
229545
302300
594245
341042
66191
311164
140607
890954
712944
440089
33936
878474
10119
670185
269484
942610
478992
752807
831751
232118
761327
497652
811220
991918
151168
616281
2199
628003
374268
987239
834665
677481
621188
374144
694856
959628
679309
492654
86296
588163
102697
707056
263482
641474
61742
643862
887752
836331
934597
776514
145002
900964
198353
132110
796632
432579
453561
526796
229100
964006
243156
928232
805090
438944
660080
20330
268016
131406
685055
223320
717244
819335
449759
222072
368447
60593
463621
840563
445620
541681
416837
917398
499516
614458
680128
678257
85521
390983
983914
646626
178917
402851
532982
58220
788246
420453
422881
291008
832848
982266
244056
598814
523648
370843
196935
652245
27697
249373
367423
342054
80132
54887
793155
6535
135056
229309
239216
85123
383252
154043
361414
967742
292117
698462
841239
132695
436377
308285
19658
265702
331454
775125
744908
925348
975927
603649
713941
875178
63460
355400
146450
101074
401230
265169
779316
809146
195324
248497
385301
908839
161972
916389
108418
966533
197201
663771
330089
496589
120445
91755
301344
974847
55820
288803
828687
532047
724854
826111
579260
455068
814510
788600
346738
700891
56611
910387
599884
96978
255250
556890
979875
384705
556230
234952
68626
510427
969134
973470
456226
481329
311833
573107
937943
542128
730768
829480
192982
636289
755471
651352
475441
95182
620642
550254
274833
472485
107545
272850
145087
714292
136872
791164
310415
292340
632349
44713
342313
709923
337278
618282
659253
161257
31422
201049
609314
576860
11100
427239
826067
160479
465561
590481
759784
324901
865940
797041
931364
998612
310275
775345
823744
895620
944912
151258
367499
741286
773389
10122
833276
555969
224918
203524
685014
138904
689666
897442
501302
238120
331013
665189
889788
889229
116133
564973
197524
392068
773591
309572
130336
524555
659318
317332
461636
929957
678367
362489
419533
167930
568683
470385
698366
339227
238282
350128
96377
853154
575801
240336
430791
196087
487839
177318
130692
290544
304586
400176
337706
710032
119233
679594
898808
272112
516229
995007
314174
756604
741673
464733
528776
769236
335307
400289
474149
789266
36206
390898
968018
498027
705333
738282
825160
585262
741566
811630
874463
997546
260825
976350
51549
640813
663140
532520
611360
594854
804036
12471
738979
907436
482818
883081
77552
696856
111423
317727
655202
126476
100246
201933
507030
719063
702220
264753
330670
436657
34230
363904
548609
19616
682408
458940
811619
316606
206613
886850
953996
552977
336200
42175
302887
184602
631038
776515
235769
589929
314269
723118
818732
350253
836373
878342
537400
149258
137426
329131
177133
101859
692379
140258
402911
712183
876298
800845
969965
666599
694248
548923
41072
911189
858405
260124
745085
946281
212400
700749
275096
900973
771897
518226
847989
309080
207937
930657
492075
108136
451226
344283
687864
672424
929281
443158
78251
861457
406932
127701
907890
612941
293233
128217
910720
425367
545005
346704
211162
898941
430382
418284
438911
174919
1318
375119
87538
555954
118444
423650
523621
140373
266488
214341
258500
842085
601275
468000
536731
978772
730777
976920
602916
988372
2180
669726
591537
134009
208310
129569
957746
628476
991627
702500
175268
957723
860408
280746
630039
632862
325612
668557
835034
750261
252993
984494
670404
280638
476447
90438
160289
357026
526510
485147
132792
557599
851445
325135
645878
422112
609684
708499
811705
703240
429402
190840
892922
207181
446212
319078
116631
911681
137939
694181
63740
557485
899081
876376
585518
516054
110271
547915
439539
820385
306022
364065
113058
694930
469464
190128
317123
122544
385370
673256
969122
737989
290481
199342
80373
915073
367005
694279
472615
962238
544438
434927
754944
387103
416098
254666
794035
230161
782641
77362
634885
39859
41173
791919
908117
845522
855041
566020
990028
357133
41436
417894
261409
840408
934178
749768
915273
166107
679000
573201
934714
509498
323113
148655
698843
107888
484770
11973
610826
62548
525511
865344
609609
287422
136784
707847
972102
512067
482947
132816
320453
317147
210607
482640
663084
404068
645762
812811
785898
859136
811272
38089
752005
950617
870016
420649
997440
692292
618013
950351
671845
958851
277334
52472
700660
174245
1130
374767
348776
992392
680884
801305
841698
496063
749286
894122
652213
153166
747557
411066
819341
446930
606273
989426
309244
813950
654223
691744
740515
24767
849317
515691
232121
445505
62706
403104
565179
729355
701048
410474
882992
806022
176230
25632
43992
698203
776342
213049
943344
762617
769695
519835
256357
338230
315864
544528
440211
392397
844330
78234
378488
611590
135697
45085
347386
834419
749743
192826
777297
76886
541581
218109
558482
191776
77678
474796
897881
81428
101138
31168
654867
82762
905988
664176
865637
220240
811040
451688
548989
318699
946405
363097
475507
810107
86194
883433
720795
33980
479841
179467
786217
388329
17661
655914
416385
941499
993953
419328
112411
910287
298990
12163
652624
455781
111208
346494
237443
206916
132718
61
117487
249660
875092
762657
100936
123011
176030
13012
786128
224577
577052
726487
108218
47847
723037
204471
796339
690362
423889
607711
542865
343214
535615
94406
360667
669421
450783
784841
51251
744183
805269
879699
275612
590435
323594
282808
175916
397571
64297
35937
972431
624101
129843
722466
527093
412726
212992
922280
641945
576002
94291
857998
496815
28310
810072
688590
944490
453383
640956
769172
222759
406347
40169
184494
921209
164228
115869
46880
105490
737053
299174
636885
368650
150669
568828
358639
332303
917689
242554
898815
965290
935990
307515
622800
706089
184108
463053
390046
248815
743830
874069
89956
155732
514853
604287
685395
451706
634628
341343
984159
45677
153591
61289
464114
726326
560861
884169
931460
663677
258004
474848
881474
506648
243323
753181
236779
549876
874450
267187
398522
107870
810686
670780
953918
226031
517418
643690
828293
849298
742535
53605
620854
645427
31347
909063
490750
254726
197752
453424
986851
926513
818347
564934
14452
520535
694709
558540
653857
623618
964590
521054
321831
122797
734821
664583
324964
886827
803964
655743
67592
992310
230320
718916
199020
103384
814775
464083
728957
8751
50946
345539
809616
247841
409378
295551
202458
273309
389702
508638
415991
428233
624226
503201
654248
582605
780716
896904
513882
71420
217536
449425
793633
385498
809508
130574
381572
764942
958117
614817
973425
585637
910048
366103
934417
519424
923037
441183
553654
667100
391573
152294
78961
921468
511764
217296
802305
466741
86329
495444
111462
700886
67419
188532
693907
502065
554054
171224
383361
321546
714467
242118
414112
577948
960949
546048
969192
998274
73536
233083
610958
542601
699140
208695
869715
804047
218087
111743
138166
42135
248432
928511
39562
940269
222767
939453
675426
93680
17019
41014
8488
746497
55252
364950
180173
590087
893798
240786
407451
526620
442607
683430
433638
624535
551287
500070
702624
53494
548158
25027
633100
90920
741493
28125
592779
75957
290210
399935
220882
79499
707430
882748
277181
218534
494683
324259
367612
207322
453783
934433
720299
178560
126798
863284
532672
596923
871380
512008
107166
643686
840127
138224
34886
216284
682986
203586
532653
272419
904662
968911
822312
984949
774188
676669
377156
814637
528286
1539
30834
979275
503595
941889
953695
206052
139969
490618
852642
500905
880828
447151
449103
191953
507789
218649
658024
229926
464950
391106
721523
204841
555057
95424
299495
377763
631920
663055
720896
256010
525440
362954
945330
839564
12359
332358
768954
313466
515948
733771
862095
517076
787157
193968
997688
661101
587851
707154
136119
683067
281019
644848
227171
218301
974230
968614
712211
370121
146711
132548
843766
292465
203300
234379
497792
925457
687054
881540
210495
649720
100979
30652
755852
750257
353795
468767
802716
472621
674079
711024
819766
446350
937949
594850
32511
944594
645480
519510
738993
634394
894597
613490
375338
238103
940272
336602
929121
95312
817829
147150
47667
325201
529978
221472
314843
849716
413545
323728
966657
256581
627308
905926
783785
433300
111681
350122
732428
765724
905997
149411
100676
968651
979933
877931
400608
596334
383431
453324
475927
133435
896623
24058
7322
515450
474341
860747
394242
984656
198380
893591
792041
12713
319510
696296
152916
921729
855178
915806
253901
800464
970728
835490
319632
957520
344771
991813
345371
417964
281037
55540
28456
201798
998737
37210
253431
56933
426393
613906
36420
465850
260079
861191
95001
810061
153729
768427
847548
436937
616222
539152
661384
802976
814748
995686
752729
19292
605404
85714
767841
617796
543590
411559
654296
528231
257838
630531
19088
244040
500664
414921
565030
493605
141783
259766
622996
479590
36305
130914
517092
716511
376158
504149
338303
584514
812559
698116
280100
162852
608844
235175
674420
122410
209846
604344
122153
759696
816491
997385
838375
52757
444775
224898
114603
2823
607687
59511
24224
328998
255785
351586
893392
433144
429424
436738
482743
183657
686820
146127
849396
130844
222134
996184
258073
976466
961505
747067
775073
682869
157547
586880
28737
565570
961482
617107
428695
346962
140004
927389
470271
850499
134255
249086
848133
737415
316728
476905
266676
206793
475647
442459
224909
769015
554174
17529
644499
698416
59210
458821
920067
897228
139987
668092
773218
339394
142214
283088
28142
948282
92177
869309
797750
967152
199814
428106
870278
238465
686425
26783
891130
433494
965956
694461
395955
134634
795914
471837
93608
660153
56151
989481
665300
633415
186694
406609
806029
491081
564605
561420
393141
754292
429491
45548
303177
690401
229586
236571
731159
255578
956728
849271
337612
43076
890647
431112
451755
543656
525755
981722
594330
748768
154988
735548
44759
295194
823849
162515
377863
111500
214101
756763
319215
274932
256750
17596
573180
479690
519543
435653
85948
893190
4216
677255
950063
556999
526428
295696
919352
226151
731448
201091
561902
503192
891435
856081
786704
179386
437664
718934
726421
560701
520496
997906
836064
844206
449701
521090
484306
784352
351897
455258
779130
648440
973310
820514
294823
951508
473719
984874
149791
371416
35554
604139
895784
467543
141049
181500
853251
82907
572046
215661
826680
575314
604084
500548
849356
913493
426364
735570
205456
149
493085
296944
570004
580516
112045
119707
720312
35166
517068
692330
618274
493938
480800
929512
74635
117457
740090
386002
9268
407921
770647
595118
744503
60798
734851
172870
214584
765534
185624
178432
820858
26335
405669
473243
45838
143360
408682
479816
809190
447577
955071
537186
887047
927399
257363
184972
611933
552184
593106
936486
293224
670447
927136
687979
139156
441205
1283
305706
213735
31164
903965
30303
635540
171953
39894
176174
889644
547454
91096
783355
46580
890297
141620
627816
835089
352108
55458
889004
581344
112513
263781
592525
902882
637898
885517
294778
885525
46635
643158
540103
398622
241189
315822
986501
388769
309823
855508
416765
80883
817682
959708
833993
831719
978930
496655
692176
583237
836021
457967
905628
633561
280801
601559
428122
48359
804662
392065
488941
8764
607252
208418
854063
222559
730058
135728
638021
280807
699901
423235
8221
189158
347570
681305
130887
58499
425528
179188
114605
882341
392821
311198
418032
853963
186699
433293
822753
769081
365798
199201
817689
993357
784997
145097
408438
169520
927522
296774
476722
874920
256544
576648
323873
149897
600528
203828
255175
366476
260416
746183
735379
320760
151712
266516
626236
628092
231475
610793
425143
554590
692303
808400
306130
51790
929905
961072
122580
649247
714517
168418
230953
805274
921669
545950
263841
438305
360977
152606
699141
449724
22764
507671
354623
462508
685620
1812
125934
252621
835984
119023
125466
337188
241139
875564
316673
35019
664573
976562
778896
193654
318144
711783
110381
332513
249311
238183
64049
14680
16019
315744
81715
872482
827463
400908
477567
645131
814819
168524
983334
519629
194791
27038
919983
863258
605485
852411
345323
444681
430864
853328
238566
954074
221548
185302
249402
904680
756987
696656
406717
747306
330014
509473
320666
405989
523261
128839
696893
223474
806597
634360
216680
171943
468624
902167
126435
783461
337891
734739
129552
748990
374992
42524
123676
288064
579900
994499
187154
285923
852923
304366
527626
920202
634647
396084
791934
370745
456368
156699
279996
156500
846653
855147
883768
389968
252720
589998
199161
937401
887800
271431
934260
817182
968928
55341
2038
549212
553429
158146
809146
388742
540228
664020
675226
946158
396770
736367
699939
822035
155397
565788
192769
651814
422576
731323
363481
622714
753964
9336
691318
784201
234065
929773
92186
160413
484772
911188
177590
245282
505754
29351
798646
4997
514875
636438
356531
547208
852962
326756
392588
11749
803808
680799
291919
74588
985409
50746
61520
581211
977318
458377
604060
295049
73105
126616
660168
937392
195072
990631
367266
875205
407536
735494
868681
108180
908738
640841
28825
274892
670395
126953
245182
82405
701670
5495
823722
242730
785556
684797
55073
157734
9988
151795
150577
663983
420637
847963
515200
95818
688088
878266
293565
925113
278458
889523
451064
246760
615743
573313
502286
399536
761363
738064
985853
284229
386233
921145
127638
431875
166990
443097
196240
725264
275944
534348
938424
618349
172569
613899
828358
424158
490767
126688
549132
477812
416285
52801
67912
279860
263060
241873
272088
139302
673163
293230
688013
686075
676415
824120
31895
733915
388627
968928
219808
781003
822776
243624
181174
161976
112167
184764
11232
386402
290315
297837
958801
628456
795069
469318
192890
753068
863527
936077
12346
160162
197066
927704
106225
245882
539610
346376
682866
674408
165638
358695
309783
2828
578902
882010
132142
270851
588974
776195
393040
867146
979823
736117
664594
899209
988797
165908
827669
263748
629467
291209
32249
95513
389105
628704
228142
342263
202544
145918
321130
601756
476300
985602
186615
747912
708520
52278
227300
86915
349648
819186
50139
536136
269791
906317
322643
878349
976769
676673
568092
721200
271507
959962
861335
271295
326311
17563
169864
829156
215267
198381
171204
433387
703241
785732
940613
218994
387857
38865
901212
580716
269490
941597
333509
770321
640063
463305
310486
570918
474414
133407
803794
759844
171381
160468
411418
770888
20045
224221
352771
904438
210137
691306
212547
42891
72927
428227
196740
367166
228212
818174
112155
712177
137783
429274
868754
195354
792243
50044
209825
810313
465960
594691
505660
596309
908900
711690
104134
516199
770442
14137
376611
17954
613940
517640
31530
134958
331445
398802
345722
233376
440439
779985
507556
994823
245699
745084
32070
719190
606048
147514
848695
446825
426066
191937
663070
843317
277379
748944
705949
525009
808768
105669
755819
691611
571354
110300
652800
212232
332973
934660
139241
124556
940541
130719
265915
172578
806011
207447
702500
185145
948968
300120
906525
629819
677905
997741
112763
381946
71480
959483
997989
53689
380883
739860
417504
797141
756142
170297
804422
964559
733739
421807
351446
293879
484138
204028
742564
652853
946435
275838
490161
33399
506224
745833
274837
670642
472904
129435
311833
805143
298086
47262
316833
145109
602280
858937
415494
745924
40851
56051
260546
913653
729492
94693
771844
710355
258401
289723
595684
150325
985726
250503
436977
196420
13084
970881
399077
326212
206940
738463
789754
174336
872177
717773
864726
545558
754211
118986
85921
136476
374383
131678
650551
251246
833036
780027
362617
692310
600968
337328
330622
185110
28689
291716
415399
290260
991120
865397
343376
918051
776432
169549
511843
27178
506813
892061
243590
346995
835047
544025
738996
346706
132517
743760
345706
161584
146230
877510
165559
852211
594562
955951
840822
13643
164063
369610
195865
588828
952241
960216
934555
388355
201705
972984
183383
182023
186221
859041
987383
547358
650840
399803
341381
649241
192664
189786
99741
173868
351926
319320
406147
421726
854003
929037
752593
610185
497677
271918
663177
72015
877729
460863
47305
805978
259434
86710
236252
146381
898407
271470
703788
565132
448539
708996
414614
42596
350766
315090
28566
64473
906033
930054
249121
84363
541759
254366
348242
179140
853887
869314
185276
348000
426693
944445
484958
744025
996824
355161
207156
518319
885454
498455
730602
410352
800980
665992
629804
834345
109578
36043
311192
854505
727499
667300
431061
508462
804810
698932
358461
423663
730519
758811
614582
361989
870465
657511
34142
558327
705814
381431
60004
475489
55238
370672
885108
326207
485478
13211
814602
423771
260048
622554
517224
677265
506663
229957
479074
420476
760184
682854
169559
57663
503868
615692
990778
528178
592890
574928
82318
668326
229961
970914
187312
511831
590707
249422
179086
283309
65142
317009
140086
91247
252324
743314
949897
388229
380714
161663
126606
927656
934509
488837
481698
106792
338128
636075
359821
33689
963730
576076
892849
91675
313109
588143
872092
556229
138809
37445
339388
748334
882023
368638
589106
346839
974314
884808
870399
77624
940087
674789
93339
315621
833997
473639
447396
256605
861239
459083
228979
598447
777967
382064
992011
563018
215325
790642
43243
208031
164284
931815
32515
403445
498270
804917
382531
56713
836230
533071
352206
678367
889395
584010
415053
193449
870332
801312
711969
120531
479766
310464
785264
923369
486451
512143
246240
455526
468741
290431
876962
838170
948513
667658
476518
107382
803838
468428
294508
579703
550108
180155
82107
25645
719169
411396
621226
531879
966046
694786
868827
587710
107345
109469
70024
78138
574212
681021
371445
90404
286194
410794
273413
905257
204170
569346
887721
807335
735724
405653
769011
910615
509648
60641
595017
626328
966726
182821
527988
532692
64855
594788
333080
57937
434059
764472
564094
610006
148356
502799
328781
143479
626120
105287
597656
941055
818588
896290
183953
208826
81995
153702
278234
153820
152454
327316
135356
781905
906085
716034
813424
456610
641612
386135
793499
658369
27624
882787
663704
108529
255385
282969
636141
178132
492010
117289
393950
979859
794683
774206
522592
880036
348288
697681
416870
36283
988002
891496
370456
323151
441475
247215
789986
766023
313439
80433
886569
929089
171726
349107
17879
778751
891749
666093
369879
857071
339069
956518
717149
75478
255179
192043
611484
114136
905326
134891
467163
267238
157064
702514
279586
443588
880835
65536
893838
193526
450485
500742
448900
588550
405342
187324
371074
346421
162062
658978
343889
894908
166372
532433
633687
647677
677105
617084
887369
775115
453626
42376
438205
486354
591452
593734
829597
948453
461962
388105
404024
125283
175282
389929
220658
88004
250174
676498
718236
193669
195959
640329
331742
526062
781635
800829
725201
47037
673231
322886
16233
770801
449096
583996
674127
476788
188866
313014
342541
635173
144188
791966
813155
524674
557947
651822
833014
827567
835282
560905
932392
826725
278019
327672
917123
746170
816896
871103
147278
981960
905674
688220
581314
705597
780411
320859
1943
483071
169823
923481
748023
671097
218108
821075
526036
974535
167282
466985
410133
677626
29949
703541
221035
770312
154584
632642
67202
232339
171516
192107
501524
516948
291719
241554
740183
513252
890935
695865
480983
310247
416981
388736
331294
520981
311662
379260
177103
390502
817724
894128
36946
678234
990116
513578
538665
597858
455513
342716
654433
291630
984094
747734
452069
514772
112872
192893
134893
720282
636065
737962
914003
560544
898441
142849
45958
904429
436279
938412
243095
369300
57726
58708
63473
945730
827499
784572
926246
970151
5418
502009
348452
619199
417223
749330
286214
649916
546962
743856
476871
918354
199581
505922
803281
134942
269663
713968
838771
237684
174651
343353
758194
77315
435738
212715
52918
306407
626868
208510
676005
293452
184430
905934
776525
150073
422110
854196
317627
414976
972650
819711
228265
638401
130958
235476
904851
323222
912188
12575
793770
817950
810461
784757
938850
453993
187510
381640
951846
784573
487910
13190
455851
935107
47627
229518
250338
40721
865093
946319
521095
632917
344146
612351
794519
564506
441689
160566
162334
126202
118274
928101
517422
197729
17986
852405
747564
341049
373940
980736
838724
556024
595107
46502
906300
509570
592100
531213
179558
424123
634016
894137
624304
896877
272944
545220
264341
600467
887969
554298
402422
362688
875862
819091
375811
948847
722573
403662
13523
377448
87418
338598
541716
919435
697743
82163
902684
689212
848093
677792
437278
647467
171924
837829
496568
646654
147046
565537
759016
694366
796042
509429
311839
845083
668637
664575
776622
198269
292067
799698
426781
951016
690474
320846
736731
184106
617935
154114
67855
183653
503322
595675
673868
897812
827077
519046
380132
172731
22618
309418
780052
777455
73914
938555
692316
274303
876409
658045
852210
939134
997223
120470
23884
883118
57514
893837
914715
157387
783239
916133
852056
629425
900415
221328
288374
794026
793814
591122
451127
609816
971375
110643
231579
650363
183954
150304
931635
399584
805072
528032
350995
597223
770366
682030
710565
555503
783452
690359
894619
933984
74714
710001
765180
229908
51184
565525
577248
268579
255275
553467
288503
505097
847560
980433
793923
630774
883641
357816
367142
315827
218756
654140
799125
372652
814795
48941
112364
933726
460838
64414
74780
768606
379436
626170
372415
821955
89425
894910
926156
964657
666025
986582
541798
826947
798091
267352
651791
246548
959889
697815
865337
411370
919803
40485
837757
549568
447027
381737
560421
934639
956587
82585
942563
479416
942114
658515
246053
594672
642438
321758
662784
53960
818292
156536
121353
31992
839451
869979
475523
945032
698814
83857
195826
100475
576215
51888
412366
803096
724377
181365
888851
657750
659087
618937
577141
124131
872096
982418
360561
300305
673779
249417
599871
373598
368239
207475
103716
88990
694107
646062
207907
560391
767333
151930
137683
755289
917054
909361
72268
506984
468898
917732
301883
607815
855733
837460
90390
370451
900425
777866
763945
149977
277436
291347
493966
565413
243967
305372
512314
12008
660977
890790
718516
248069
411945
589285
929250
160888
593555
628219
703932
751075
880433
153356
150689
617783
433667
228989
60936
171835
357698
659534
274127
652476
426886
143954
939695
599825
578951
500615
944145
997578
614592
429782
230905
79157
102063
424808
966689
398732
186169
617378
309089
195966
258603
387583
747273
377432
841756
552009
161041
588560
532782
168244
615144
588846
191923
834903
597992
138584
912748
731143
555371
391288
718188
813906
68279
167308
392411
349781
813268
253193
681110
590459
216639
604781
666740
10386
22647
80608
794020
426059
652724
397766
408946
902094
702263
544484
844968
441592
179964
994604
982545
838770
827533
323750
716441
710575
172017
70013
295376
385730
908353
882980
543757
948761
888410
310243
704751
427674
287470
710850
717951
698200
331445
299728
107889
94514
243010
511632
500553
217800
575408
267201
749275
595227
307131
274121
942122
266048
553130
42557
388786
582657
201578
179151
425090
214416
60599
809813
289344
296169
869683
994674
42384
11139
822681
76643
645776
511858
323595
49384
127931
92380
573447
574412
14573
290453
478648
139475
836997
245978
836713
599040
884582
678823
323220
838976
366872
968117
675289
328822
543181
478868
272842
444196
713917
726176
456867
700467
651890
150755
664087
514079
96864
256007
596997
607873
337708
716150
709065
813498
219341
630608
386479
56889
400208
209160
843267
479210
156213
967836
369668
962620
625975
44654
727799
518348
905705
851588
948183
942323
791740
804057
218729
879913
63837
989149
840046
137620
477947
875088
358514
336433
680166
988214
489602
708574
821715
542520
550331
275905
727932
157655
467900
852121
739940
21197
814141
971551
601976
5698
102649
930968
858449
426536
150663
597242
456855
996339
157127
404856
587839
503928
347959
907180
13492
819553
23525
623968
771476
883915
172095
865657
585489
923004
530694
356609
44472
159300
958625
288272
342222
385391
395470
696469
117654
852835
184499
557446
267952
275997
937363
415586
62748
740035
442076
597471
971547
131493
346588
530870
134902
820052
246420
838791
884184
654239
727653
809001
228822
515943
454311
723282
873807
122142
544985
728352
935151
380576
464114
30082
895245
653165
312470
203974
559540
347075
54564
313727
923199
981652
56172
228050
289886
215401
401278
141149
81973
138387
447198
784709
543075
532425
422099
107675
866144
741603
439518
420843
592639
123954
690184
837408
358099
76730
702164
963863
671534
790285
186900
591806
902724
383044
487000
305385
846191
586141
818049
355249
605388
742892
663859
403913
454402
382143
227561
547998
565987
559763
609890
597994
320810
748844
828345
435798
78180
997781
307986
535562
321644
968628
438576
90386
78159
983497
109668
618542
571214
504515
38240
20854
115777
845759
26794
761896
277976
813470
421932
538320
161469
51841
505768
376850
134997
527460
966280
136407
935526
996116
362771
506066
746387
509198
601724
753710
544578
719542
120277
750614
374750
899313
469921
318560
921464
704863
222022
163863
884104
294968
556641
449059
309266
288578
383092
208599
273700
709100
872250
396247
504956
69642
943004
919268
198086
940526
810876
967302
53314
310495
479342
777365
898372
804985
753926
727395
826709
475553
604940
684041
994487
237474
38348
330637
115782
730793
380874
126957
537786
792217
735251
699467
469385
73804
405999
697716
303337
944487
924275
703182
582451
14425
141811
823198
261923
621360
895188
176244
708348
151064
492094
594675
358473
322288
504689
257409
248765
189450
339887
272647
748924
14463
894039
894565
795251
340269
971730
223414
688738
232399
845862
108987
908666
420535
220008
18854
865568
272938
606670
38469
45585
716632
304995
792265
263713
553398
946195
790195
274012
594938
228966
76058
945165
293107
9418
285339
535772
511042
413128
564765
33938
270776
980697
733759
405881
438030
239570
798881
799903
460539
32890
620364
661113
644662
405884
453439
246947
932168
61495
109911
933189
382796
796851
232345
859282
416134
512815
79647
396330
584542
825622
927966
71839
147640
827279
615888
845269
321393
40883
117186
409731
99959
686042
139964
800918
218053
171086
491848
171892
241594
391393
335201
515933
335829
962459
883769
36142
618319
112587
108263
993088
464533
635966
107372
565165
419297
121550
40416
101938
859444
159058
838846
433200
565554
630899
68873
654349
161881
370782
761049
89016
518431
555413
831301
525897
395496
750817
914606
912710
989729
158370
966950
193858
917244
592198
840188
583007
999560
85080
609445
601333
149868
234928
664457
745547
571776
594889
964455
532994
939719
204591
640165
847954
118541
783575
251960
735403
962394
98249
714924
242749
171088
252472
748752
930195
998630
541938
29314
302810
29441
774002
981907
352192
537516
68115
779798
227256
310580
647071
214090
973466
70883
225350
718369
73574
568215
132394
187052
337833
231421
621463
893414
647672
430639
530000
944794
379161
340776
126404
968625
177730
305632
950368
508188
719225
72777
701118
972634
204122
710436
835003
786150
244279
595968
820582
574721
861977
812496
479763
961495
939557
466984
354000
942737
642906
27860
186031
804470
132663
6549
262786
436414
14970
238521
185061
985077
651522
715477
563701
442121
44438
565666
521311
827632
416894
850738
131219
976952
840143
896653
73238
523500
845829
829228
832119
952032
77832
24081
377177
798746
350929
7169
705839
78685
550310
787232
417735
756499
297857
542503
164669
624406
328079
172932
30992
268507
102484
166286
109777
208315
494571
77346
53431
484127
539051
42207
213456
657480
534886
732796
115474
640953
256395
584257
234320
954945
835499
440552
682888
32681
946904
635537
811225
743542
140009
838044
482065
403547
236507
230375
819556
362430
249106
203428
916346
278885
483709
842005
777823
670845
371159
714983
569374
927047
807945
605736
883943
792095
605484
240295
874733
973355
485165
5223
522893
247772
968394
20735
57768
833700
332793
276945
69521
282548
426215
108197
401762
29680
672733
521505
329961
13362
522943
414119
160832
751608
2991
144459
968698
204587
138382
268783
194553
989389
81698
809917
325853
651006
178067
218945
462103
868586
530704
714785
192091
370706
924751
402105
484084
848950
402417
353239
180657
147740
18179
852560
716669
8704
941665
268797
501517
851609
284597
760534
571442
390211
939613
898281
225486
161549
703083
7414
588003
452065
464646
322730
123911
655756
232109
564342
174772
73066
854172
239692
833596
93487
284551
869494
866969
184852
100611
466898
501410
527836
283012
612654
249178
151553
241665
293628
239203
134272
602036
815794
630480
934462
959357
982145
760344
633173
734630
16623
878181
323456
970241
947347
348684
876831
969262
485677
14104
673318
787129
799263
150911
576744
648224
970380
993654
159804
646257
34828
911264
506249
94098
991881
346977
302452
63899
557689
514834
396450
296989
77624
689805
398892
5446
346177
960167
31263
463260
391496
32445
293100
253863
652280
323623
786547
263084
407556
786570
380454
75667
795436
469642
343261
810666
924494
148252
451830
846018
151846
119289
154727
172535
768804
182510
675362
372878
618409
207696
596195
28343
398301
55054
263833
575601
285487
27487
223151
91340
953322
172378
666677
505610
957489
497572
598704
945951
535
983619
238074
688728
122205
178385
780375
633560
115337
135181
271702
812796
923679
551116
519073
726816
111167
441997
319969
284731
398042
636393
898576
677350
844562
287721
975644
465274
561646
698098
754421
819414
687094
893211
151540
634688
923441
546655
4455
30627
651257
716654
690109
273718
615224
301982
555595
666622
81281
933758
280888
958121
70669
102923
343691
167771
157264
282492
94159
55047
515767
140600
321121
239027
931393
583528
770454
879965
777463
845030
576715
473724
648649
677460
738762
51295
912455
555146
704213
336434
598008
404519
891091
373344
177755
959432
245332
603986
451064
488791
451907
870932
810657
214779
188007
727321
104010
990125
740437
766549
586498
767467
909942
7880
354829
996869
445681
188443
91872
633300
556981
805283
58681
833226
985508
518210
142232
234853
307871
416364
136093
628670
829546
217735
477887
484862
250236
613676
841702
281839
760742
407883
674343
657840
885085
345195
888154
439619
189286
682318
585304
269953
53853
979442
429014
809133
408545
38836
775065
225253
113759
894928
9621
671668
703482
294339
940326
734917
114516
54801
368106
695538
802684
878563
901369
295163
108020
673096
985217
698771
434653
436188
210947
436179
931329
821958
666788
869586
938109
253595
843057
631052
404745
607136
227570
116670
936422
733164
850025
947092
271843
208876
361192
518074
80075
455296
927820
498127
679918
469955
112345
350136
686474
436393
729971
971217
894678
113089
14135
372285
734444
958425
237620
580702
263953
726656
896778
603424
104610
13606
573533
987312
511900
534112
618741
349707
637383
454728
916277
388913
648192
847874
879413
458232
851490
706905
52287
693308
419088
42567
540515
454516
990178
863443
969975
602784
685930
243861
36719
915678
268962
295061
746324
223900
419059
208274
270564
325416
173540
638878
513223
443620
807517
517286
595945
412053
464791
136144
316920
961562
503331
473597
5244
886585
392595
304558
152845
771989
112969
152706
776438
183164
317466
123933
56421
755549
397470
639909
534027
388759
32535
217446
557206
267372
632379
729685
449672
510484
940063
852466
974388
652654
823426
38662
650581
299665
532404
520972
808587
417985
261281
35692
306483
671421
137022
560226
999009
219381
810447
551486
721981
7257
913298
417732
680567
254157
304972
809459
827368
228473
454765
53667
972615
39484
2338
808967
765316
824192
477560
338515
310980
655336
593320
494391
164154
57895
618179
112712
343903
175658
328827
670592
408461
38453
295435
586012
670461
226060
162052
631140
290843
232839
990069
548679
748611
182793
148855
861092
597147
619018
711826
837093
457229
247375
883727
174278
208351
975739
260380
159092
188464
425408
713749
672912
912209
521134
420725
921938
108989
604396
720792
816586
146167
78852
456684
491650
872767
675671
126964
966336
551920
811122
16376
423976
788089
840185
45901
20669
927734
494848
642812
691080
141610
584569
357458
987985
905243
133575
703044
293450
903434
592945
803452
779468
315214
623730
40836
959032
629708
450093
61710
79168
356117
391485
938141
374846
570908
177707
19476
63554
954834
772473
110233
962729
576928
525659
709478
954856
724800
962501
595948
70248
481145
344031
626596
38732
153269
702678
54387
817166
506496
805516
928376
981063
342687
907055
299318
395149
350923
490727
918425
113398
11593
771881
258983
529083
49575
592297
657028
873208
424789
553516
372321
586832
972637
136699
407363
313966
536256
972787
521452
687590
329967
81274
672488
788857
347299
206988
842677
485687
943449
30515
723727
338687
315565
85205
121624
737122
847698
66791
45537
822630
563308
239552
812632
140455
961226
955976
646862
889751
90243
52175
399970
399077
762348
198202
700559
454972
629811
886872
885328
861218
249051
645522
269356
303489
195540
857025
635425
927171
60470
90458
251505
24534
598874
267140
452419
618639
318997
764106
250744
376362
527058
179820
278156
537392
831563
98768
868964
877425
406180
885334
591930
885873
575012
84489
354593
854047
4304
230385
358519
733760
329702
287941
993575
808683
669875
200701
672984
145261
27537
74758
843254
190412
605825
883215
451163
834601
950625
56449
7065
772799
536393
778635
190950
283592
877896
342618
338981
79870
175414
991656
437197
678718
797942
680748
483384
155081
884619
26543
704138
872549
601363
670143
49276
817377
847779
134012
890884
303285
488065
210639
807651
257095
110264
580475
6602
914442
930652
152395
772394
443969
387802
737835
886295
118434
478523
17363
10840
938581
412853
665694
797197
693531
626926
686521
355389
375820
778894
798903
530556
144889
696639
643776
349749
771312
385476
370602
270298
505821
861747
131936
762469
667469
998288
111870
506249
614158
887496
327167
320122
716147
349511
670094
466646
812980
126326
809912
455278
61617
409428
774723
507893
337559
258480
683992
406980
485980
492673
526747
198728
302372
749666
12571
344457
136197
261804
756645
694999
754600
777394
825523
322003
602374
700051
262210
65559
558930
330944
421953
625091
763062
724939
484197
755749
227061
188519
11609
388292
279343
74562
523731
596746
638083
458620
523970
301003
159758
852226
689828
412918
688978
420300
591731
694999
785779
523567
41663
978758
52698
83551
241495
746672
39612
545029
826977
936831
986485
936121
278601
195049
129102
659356
499414
948882
74270
627733
293080
788127
719884
654566
881022
428120
857650
58154
114500
822841
649693
491821
166089
18902
766641
232104
949054
262632
402345
779095
589435
856759
824317
746873
48236
965222
979676
386468
904168
166486
328921
352386
145890
476536
5858
792364
446008
361971
687914
484129
577577
71726
533929
377122
100900
87482
293241
684718
888763
648479
343585
82517
440566
639426
446831
673532
313092
28272
637502
179116
819085
954313
771927
502678
128674
499147
635444
410087
232598
433210
134560
144068
45606
436585
486586
570595
777875
842536
551000
809157
138705
12811
700935
393491
706776
864338
268849
428884
333271
1850
658200
72969
521224
22047
842494
832166
30174
946636
401255
337901
866972
969569
185590
499816
808383
978080
303797
463874
2523
343828
201648
689730
175108
181854
835904
321253
765475
113437
460581
985880
987560
680953
581901
508047
972318
144205
934321
43845
237722
620142
866143
831568
479053
748828
114578
363552
821561
243077
977853
795796
139456
90288
53223
597880
35736
363020
499759
94815
864731
734614
128369
823449
993851
232417
873025
423826
267091
64965
653908
326279
996184
364710
383
841893
273902
943840
894423
461312
527767
345036
916919
640493
46534
969522
92703
320188
429970
260107
644793
683221
881862
694577
913272
468654
126165
338469
142809
670438
455979
120573
128396
814273
451806
110824
53419
293889
174595
478751
63400
221
937693
576938
220294
549792
868785
828492
53566
798177
380789
800205
406466
58075
991718
681122
207197
298984
817273
423610
978169
190367
229353
321127
235579
872518
647919
78439
81865
379126
984080
570959
981547
981258
738768
265875
463631
951491
982980
661940
580198
11068
846149
894022
481901
562180
535553
647581
786886
91933
725227
346900
667780
777872
106962
600889
236294
467307
920016
623704
130298
890521
651225
520739
22979
515740
754995
480315
768629
250985
867396
683613
476285
203039
355911
677100
162910
453158
21593
123030
516374
220256
267248
399590
501791
314575
390762
44326
394385
361219
562819
215471
551972
472189
153953
235663
576788
305574
310474
142549
317277
123365
638581
335355
517350
609
660862
849841
347130
683987
391602
128194
532721
659910
546149
419693
131822
172021
764323
613504
716003
962126
218015
145835
140664
2925
100807
500226
258044
845977
444758
634219
606989
964251
728067
314565
580179
299182
80201
203684
113248
549970
726292
951163
323554
952831
872517
362643
561795
683575
239778
865271
231005
31348
607325
269938
41309
264193
551039
864112
649907
792037
637553
248258
674931
94138
151335
357181
470987
789467
759914
686146
148513
995259
663232
184343
396041
91731
277753
326772
902816
444723
370777
732379
108040
563770
75357
222110
410688
202401
341932
797700
975070
891313
154843
736454
353196
397781
753309
426356
310109
192138
117702
281781
204970
812402
159098
519339
708046
353800
823862
604597
122458
45614
476794
808462
519093
954915
133266
309587
970356
90128
169920
396833
890642
195713
594824
147356
185996
471217
34520
383821
298268
813758
489809
255267
146255
734651
338038
54042
46277
492324
394416
989049
491205
77100
881659
565749
900475
807923
471793
604147
428495
441556
23793
378731
232098
898330
37292
676008
247783
685202
413836
201132
509596
665275
980224
318000
638628
533466
358504
309576
501827
547754
560410
838565
470261
183729
670479
210293
782507
359982
418734
673637
863907
59439
721906
832774
224931
69055
249786
848909
600465
851387
510253
847413
418546
808453
925383
53503
709373
608978
952965
136665
787803
8479
591401
751965
497214
876673
353450
423216
27419
308121
653564
809675
348677
408293
860599
521686
183655
643252
680998
411696
584798
879090
209391
548491
444273
227297
970586
186677
480174
195817
929599
428849
529698
677318
837393
653444
91252
822623
185281
638603
406558
554167
921040
133641
289673
382652
301172
56703
54469
117885
859366
726772
818594
935545
347718
839124
450541
136722
696172
511029
621066
933025
501708
966132
106795
214499
125189
905598
241770
507088
169478
691051
716617
800012
132765
551684
139523
401526
617118
394213
732686
245983
644332
840958
381936
178517
985255
888499
426619
979741
273650
888676
685031
565694
382879
228998
335498
386362
656314
381616
214646
791896
325807
901746
267887
898524
853272
267872
793735
734425
661671
722732
387353
922205
751981
644849
192862
541450
688453
265996
156399
51204
671583
97637
457495
847174
553260
277452
899924
408783
370339
500094
609195
945211
871535
795846
264357
800044
788533
531904
324585
866151
997509
416633
44279
419579
682396
153138
151806
443803
74515
398467
970395
137101
793321
46237
121072
736507
595368
535016
9948
610791
162614
768075
800092
467644
182202
996745
752062
189119
44520
75784
401149
60452
963115
569518
561790
850045
84910
843940
927462
135693
496712
984124
936918
133243
877057
220335
820740
214690
86533
670463
159351
709253
829028
803067
728094
939936
568068
784353
295758
553306
420900
621533
595159
282582
601293
176112
995713
139688
263447
668140
962344
516773
540181
647003
848689
32339
180574
883200
142376
461567
338873
548021
438456
240238
701668
895987
428550
150379
379137
26481
740202
138431
572894
175971
889354
516927
257055
122723
808021
64255
217866
666797
766937
556708
946159
933573
485122
184792
862898
188083
991728
4374
999671
13678
750643
248612
462440
889559
555878
243809
925861
28956
863269
819572
593801
945597
908140
894500
70357
15531
948365
283014
988924
62348
302733
542737
641035
197084
637341
280718
346866
428973
870384
390442
548338
364431
1597
134317
876517
728458
64083
215749
212069
955080
884755
662268
465690
842320
546959
117385
941988
915565
746558
80066
244897
670445
170200
223151
513947
660549
506964
507577
747793
302162
519484
315201
170145
268090
388649
626061
925775
357617
399585
297309
483572
279
965129
144732
479813
321855
258569
372914
204991
107723
357819
489526
949804
269235
951054
32577
266517
981924
416701
592541
815748
207877
476776
176221
42869
169812
499340
558854
992857
710511
784676
783339
621702
234223
723483
939478
525182
747567
672620
348578
507609
933098
240984
160870
560722
609410
773699
729548
141932
63325
731180
955071
394879
562730
66823
82563
385763
280002
189945
197214
576055
561961
176815
751348
803471
779891
902044
872304
863224
537923
486605
351134
950824
400623
385706
59095
921159
61567
614731
344787
660756
617173
122292
744226
461750
250342
239151
937334
84960
434470
560645
427608
276831
503618
704088
641915
555715
849415
827872
473390
705192
839392
75648
42794
182688
411068
56260
519499
683518
806222
758202
731100
203393
205294
241001
437131
713436
533725
774130
844732
15774
248550
841474
882105
547075
234911
194738
344326
10454
25679
472059
156690
275649
81065
439065
216202
289395
949687
218939
555528
845868
726546
507299
136553
631976
2253
988384
485693
636518
40434
533030
622999
843347
398180
891271
29379
94552
493027
895440
561943
685053
622702
658946
24162
325880
923907
898476
251906
551958
701890
35106
488530
981317
843760
602844
281152
791611
900823
323948
811900
576775
791242
879581
158220
683698
293061
992933
196924
531729
880115
669192
715507
783722
324490
101769
781921
871745
189842
969164
516501
352446
23107
939725
445035
869116
324427
796087
522210
502000
956142
607778
933132
67764
268872
727468
282270
145007
974894
392499
495207
879011
166003
767468
60766
89235
33478
875747
313940
126735
636409
728271
992328
880414
298972
14481
528793
400134
710280
193737
490518
461114
655671
545365
66865
865761
530256
275687
171475
262015
244162
552770
738441
500674
135302
761873
507547
55851
350278
848420
334973
77719
743964
741768
429599
119722
692403
135681
991135
531223
170890
339046
266143
90189
527831
182618
152816
825345
456968
853474
73197
261588
77412
183464
234597
640482
360976
50059
973296
681766
844782
514721
217378
223181
348448
324746
697374
472022
346410
678386
43394
834082
815350
836194
606784
323485
60080
823683
501644
95817
787537
420401
200305
770468
822138
920504
55679
324598
973238
357614
470751
295353
442210
756589
348103
405092
155881
622122
944392
340502
810279
413559
85892
576668
772079
456017
199422
888415
890280
260583
262986
478381
549586
725096
855459
886882
649446
945351
242651
217010
420316
945038
377261
88214
84166
556380
757678
934097
880410
408189
285794
252190
535949
314276
709803
78968
745882
621511
931805
432325
471009
278487
650861
300384
241133
119131
206919
112578
267982
24552
876158
169292
740901
810687
274718
980275
20990
85763
181277
291976
2455
706581
619824
907811
212223
849294
468411
954155
179610
923736
670880
754117
909057
858345
341241
254103
280902
964125
457696
665080
346581
685552
212715
395830
730358
984341
3829
878851
928174
813813
489879
480252
215813
96391
421366
384663
842147
374984
68406
75049
605652
115608
642829
718994
179755
498545
692402
367046
756866
726724
986355
715768
812639
747314
653990
441508
684018
496611
354423
589882
490554
925191
422689
625954
109320
387751
861688
103536
985244
243559
232482
687590
52971
456218
254630
441568
745410
357826
719196
969504
476484
248546
946564
426422
310159
405442
618035
938380
583293
308159
904680
737612
490439
757516
304125
586350
890307
16265
708793
628513
612110
427902
14658
987989
62212
598452
484528
603043
319660
713456
177532
146458
413297
605901
903703
9703
951755
802933
570647
409504
211709
365691
529100
336429
330807
646936
62065
425299
957083
225153
652094
616350
509404
313633
819611
846891
821763
441592
328494
971343
715788
822416
664405
899304
193581
144471
250352
457278
942902
540958
598933
25300
426323
297645
539047
371153
447983
178432
67136
855878
931443
966242
825931
147804
42476
556837
743919
742491
879179
396412
266534
669785
742853
803509
115564
46653
724635
169173
404114
357295
238516
806097
406641
341662
613798
622183
524732
931373
257491
844312
534895
5563
540208
170434
437284
626765
304865
174429
301188
579034
38976
164306
170522
452468
153085
249523
933187
547534
248671
194523
104450
993966
686249
855843
753584
23280
530776
594878
280720
935988
989384
721906
585537
696741
571253
737012
912460
159463
625439
53022
403677
845084
221319
412559
879055
538899
251543
180447
994848
432846
54686
46397
975492
791215
783865
506088
735061
999678
165389
85062
400167
509913
573104
977700
284730
17081
515047
761611
115273
50525
978762
272187
113343
722581
154244
414599
730185
161004
491639
177676
710726
708275
132284
811727
384092
718310
857928
205811
250660
639166
15786
575507
181509
754770
797360
357954
570910
954282
895146
581148
378525
1122
302150
977033
296557
241336
412314
749902
81292
767474
700225
22799
609274
898159
967132
803109
367629
72264
274810
48344
502370
388194
36946
707129
327790
720787
101293
571167
483826
771630
284193
90108
730893
816429
232311
705434
48235
260410
772462
289016
434011
587674
353945
1019
356671
979062
311075
240531
406108
58695
687475
173611
943697
395934
742890
528780
769125
419854
706057
624335
344953
480631
878064
808381
682396
520815
134209
689733
856125
815054
47075
369048
611707
42198
968803
512933
853785
987005
479412
13420
329421
847577
798231
401281
578231
571559
657046
63136
696047
392632
279594
600103
788215
54457
435388
704116
139856
498717
98568
318747
763432
159721
619806
123460
313072
323676
475586
998112
668812
79800
819060
708870
487140
394737
59146
58670
258264
143089
983417
355656
101520
800454
425458
838650
62704
673065
677096
382581
331883
821228
297008
672371
559023
954623
974978
616783
365438
209758
806620
748800
259997
207643
56710
105715
602533
869059
51952
39557
980022
714352
913335
159770
181003
751147
286598
978716
930985
258171
18649
866516
511026
722255
240413
765534
580438
435779
511476
617292
419625
399186
919317
871898
854159
657049
366927
65609
921811
100164
125741
737626
433687
725399
218421
588776
692134
920731
973195
599586
159525
654371
409459
873316
403816
489337
878580
733938
93538
375786
186711
560145
213684
308971
63759
690113
82598
431975
738482
726426
400435
344358
877669
465537
197182
25499
191703
632904
139747
23498
974628
140448
670121
387540
792409
651003
215955
536736
250263
892674
154133
864552
124944
861040
794532
812893
356271
873161
469030
312056
191444
739835
864521
5663
342397
912143
217456
718768
31552
316044
920519
643372
75380
806249
767095
134787
317744
761964
770933
631544
229227
605795
595317
946160
473923
224126
373885
375709
276889
426375
27732
748033
808857
811200
627545
60642
344663
118040
772015
671433
868117
913865
391062
782838
156961
816337
574549
935203
726107
7242
105683
145459
467860
94184
562182
271927
160466
849487
142082
677725
472817
343951
746419
81462
390244
152829
533094
183586
887640
809391
881473
389851
552697
360659
215763
838554
954701
319468
326
366889
257023
684139
363185
230662
469495
472614
590474
766193
90596
216631
101753
635091
707803
799476
146631
536203
632281
755910
67381
346582
959140
831848
202345
912985
638672
103102
834308
810894
347742
873615
328271
661001
471807
631521
109395
537702
341942
855920
748999
988177
470619
702154
506532
492210
477243
902986
794261
403379
480349
321071
799690
218031
406304
557208
174636
657400
707136
593694
110827
391109
440375
755662
566130
651255
503808
961281
783612
471942
65270
694362
875008
604684
252635
257052
221512
113646
605686
929893
338528
645283
745619
713291
957993
3362
908014
324754
878605
276716
687850
878279
37325
766067
823740
286843
192822
725862
157669
191967
285746
377562
538908
916473
807930
395350
315465
918209
721449
511675
379246
247258
50156
209102
56545
108144
234390
182308
205108
208170
48208
375465
819253
790540
749549
464140
498064
471725
308508
131274
83091
35855
631607
874582
659338
144480
265144
401442
475657
477644
43402
56973
471112
130173
338941
177833
206696
924016
889236
524839
206292
947957
761017
433634
309443
142467
564433
722436
40665
783733
85929
696601
117741
6437
679695
959918
111718
553700
199742
607205
848382
855123
795377
343193
107624
242785
286872
114664
91726
602273
921576
134497
221043
340230
866573
905739
250680
136254
748219
378832
48954
518953
140898
524293
868184
842869
475072
392279
773842
255448
767632
379219
267341
210280
217504
316433
190963
623898
676992
859006
624439
402325
87318
737669
584566
13042
993103
595994
816633
157715
338864
546979
18519
9053
302154
487043
394551
42259
115660
841091
252276
454736
809331
307487
662105
241761
168412
993195
597003
271804
939705
385184
788038
979233
630882
418503
442431
306252
390787
240705
131369
954644
313588
587185
790548
402467
202278
207302
67823
437842
399160
253864
30830
673
522857
804542
305159
644112
876712
508634
462486
717340
791048
210882
700192
459865
86607
279644
861876
604329
320686
268661
904749
516822
196234
343918
917973
559442
300665
6531
178020
754184
796168
503929
332966
326110
422393
138980
369210
915210
356042
236946
163702
712526
141232
802839
168104
301585
538915
868726
200888
158236
731154
866857
739561
406381
460728
293646
822974
293307
629446
624494
100537
142855
720256
772970
47486
714588
233316
325124
870551
706979
232388
660295
670033
842021
727861
565012
417923
133149
788704
79755
640430
360249
28982
224210
303168
404269
505152
959301
716595
692916
716756
424634
213394
407717
320483
762991
302748
956526
974896
316307
537153
42991
333083
407982
301577
479093
954011
856685
184340
992593
625675
885646
752444
573269
138011
15204
72790
927210
356519
202375
629848
78737
487652
114780
888980
465396
858295
28605
816739
849064
397600
505220
284829
46658
975507
76857
116356
402771
98151
978581
7232
932865
359719
480243
903941
929411
103431
577874
428945
407928
495216
683529
657873
719973
407804
110536
851171
175241
123198
204166
568630
85151
771576
724109
461518
667120
82864
542110
381476
275858
663516
385153
535658
475392
556346
316910
409452
68631
598012
880785
420626
249643
762977
847998
479106
734404
702943
642929
410722
371768
112700
383936
507835
18982
415292
453919
503417
235852
97781
245520
124815
529414
968510
86885
260919
78564
514822
458483
970519
977446
326849
602581
780543
521815
70396
563162
473039
553027
206610
25100
196854
652117
136567
331678
584533
238930
91697
402481
359233
635436
657575
875971
156200
879172
621842
540404
518603
388735
401296
856502
830825
153219
432151
582289
710204
550287
155270
666449
662044
181877
832727
917965
250754
45876
21809
392340
39720
565878
660890
4213
358987
331746
67338
27435
947090
797471
526107
179555
272521
473447
222748
72620
800134
966659
796548
898554
300588
183273
493315
779863
670030
643118
643764
16551
549867
276393
519983
716822
925527
859046
83964
223456
399995
403844
469282
798268
685427
133484
413277
205350
167637
386222
292397
700360
863057
800825
215627
639748
788084
697015
906871
969440
635975
951683
158188
186255
959508
969864
749813
123416
558024
763575
748762
181221
995636
986340
908018
753515
254382
688958
294172
827568
495700
164521
215817
908926
787440
871994
697904
531938
27767
566606
325989
769441
562540
434695
57284
921657
647970
4964
645895
919503
298398
298300
81399
700026
157658
225815
124800
541098
582502
491305
956189
118070
266346
224684
786738
621954
670406
859737
470520
192329
89370
687170
665746
371597
554145
168207
294783
771608
798136
293907
155305
745453
332029
189066
930650
123088
206675
715122
84174
642095
721537
473154
505827
766700
256314
608267
887212
785608
229303
218858
112358
527981
234112
780327
888642
342616
202699
44142
540449
119585
913403
56871
923934
378792
710537
303860
336196
535262
834432
212807
425824
389357
779298
751133
828658
547013
745896
207130
846525
369732
252327
784194
941950
636097
563278
669265
248633
957686
117516
569017
26478
61127
387406
724086
599915
142323
973478
186319
69755
774678
676039
167467
903548
669272
711021
507340
577742
684598
69978
323565
189992
392939
892154
540916
532804
104314
851432
724
556730
545883
733705
358275
760555
891264
537238
814930
175828
658050
804088
240110
527362
944237
519500
749233
527396
212004
933062
371942
177596
288051
503473
627416
493680
582639
315476
269461
32573
263500
182193
90308
340811
451579
330151
231584
559963
787133
162103
215760
78812
303177
75363
946277
780062
33942
639666
784303
78494
277446
213329
375740
291199
911471
379603
997294
629018
287942
319449
708792
929772
520426
801357
378229
379822
491403
97032
585509
132226
682357
336532
761796
168649
979197
766667
796873
721041
108486
187742
294712
647148
282480
965810
920228
302556
983391
542564
373253
949802
896675
598381
241457
787861
544841
125409
910266
99496
158013
158226
301733
231524
271194
794449
21506
901981
66704
205268
261549
207649
220145
286963
228575
354322
405720
240077
866673
876757
948982
614791
813679
999907
341754
460980
64277
975933
52765
163601
945513
571388
574151
28775
547124
992454
237153
613203
803294
666141
242360
341922
954085
750801
272458
118422
573562
449238
617201
762054
159032
790320
344105
500513
629057
614347
20480
517971
750007
137831
444185
931904
622036
79088
389724
510893
978535
437675
447870
906686
126316
50189
350760
736922
799174
330086
543814
196714
850139
975866
554735
506241
918732
551600
902764
703894
301712
122788
410727
402028
7212
370455
36978
313234
265681
483974
912816
574086
937554
483032
636068
851125
750080
834608
851028
612894
948195
788963
325337
217492
667927
495427
86854
868258
753154
324186
792627
14280
351598
364659
230885
105252
700295
75089
122523
524012
658674
609091
634679
641112
984583
632911
399624
719965
619117
532683
638448
134419
695249
610380
702326
996728
276291
894133
9835
16013
888813
411441
269489
875230
504432
290363
460204
185439
2332
936154
682953
863474
49484
357163
923238
890758
939228
369302
171357
251417
964553
970659
473520
688989
560419
501413
770130
145401
883697
985300
464016
546854
616353
142137
459803
87930
2090
890434
157618
40834
4288
187445
897392
134727
638835
493889
241391
901043
841765
518512
573336
541453
837094
583097
400521
525601
504110
907379
640737
574267
683894
523747
98667
101329
592947
546166
594852
394624
470064
808906
206378
249903
809862
973094
793476
930320
127099
969163
984776
407365
741045
344290
126445
687711
682457
165268
609966
747521
210501
491576
949206
930275
101798
851047
792622
668466
809334
71596
954753
683861
959893
702872
955273
299723
54019
28722
204216
7792
32184
583435
844324
851999
83360
716718
573391
122352
479031
275318
905042
728098
534780
453307
470950
412116
713493
338596
770639
749550
479679
771680
551526
173853
712175
155440
302017
59259
652426
777436
870145
431628
774462
126598
722871
983140
345979
974811
360755
15975
303506
773349
546539
462505
535848
66237
336965
321204
934998
239518
693762
958695
210529
147669
201862
250363
963729
629205
927944
895969
131184
491304
330450
550471
695712
796607
791029
310714
238937
283114
669069
952230
524159
395811
316204
146296
123740
571396
876262
89892
352447
658521
596345
285698
412720
101840
822614
217299
475342
293261
236496
249890
900040
220506
24800
60870
394164
156028
998995
226180
798671
263776
863569
255249
454802
368692
762378
337077
808877
421331
507198
626890
821026
930584
960617
279332
90497
4180
985162
185483
169084
759898
893967
818339
622246
853367
86047
906285
764621
401023
309379
201126
820976
122626
329458
358861
54622
801310
827575
408386
164142
264430
321409
976394
688981
633952
507079
540079
938983
542245
888726
455876
937133
505537
426872
583622
397087
427714
892675
844382
132670
586509
353275
911492
349328
436243
178788
122941
605049
922659
625641
357765
192563
280410
618530
876167
888490
561013
122438
35208
106295
233735
429037
40996
11126
37830
101439
516785
169862
442303
344831
784192
930460
229162
709230
309762
51588
694680
923613
995334
981558
647432
502739
70560
120401
288666
715286
760166
504438
290779
568794
272340
492932
885759
751363
517263
182891
616172
212569
222470
823727
197554
318343
373301
401147
833881
318032
139140
423135
178132
86159
55500
386152
17297
444136
3321
415963
756850
221713
365770
824526
719253
814007
680885
584994
4239
898894
244456
389472
463672
302072
612651
662511
907424
424081
740449
557488
798112
807829
944750
623670
269130
95407
198066
93029
422786
568607
610354
848294
484198
428230
530840
801860
158697
594257
531857
373734
313533
945472
268948
698601
434414
204626
37827
379161
905996
428943
69929
70989
755969
569521
428708
976924
647745
284208
936476
818431
282206
34025
804337
771589
734139
905130
562675
31597
976537
597788
967434
776227
611725
190989
77686
272922
557714
441242
577905
611394
625211
400438
815025
284390
783873
775193
916682
169446
824186
107399
830191
972876
919403
612347
741849
351372
41652
82096
633280
140061
705065
11661
438086
142382
866946
422891
748531
87495
717544
603972
594331
852157
183663
127353
743260
318225
529635
532351
102916
694054
521723
427752
793615
537566
382187
512266
995789
598160
502613
942030
942754
687911
239839
42519
92839
877530
969504
658572
140655
724163
659891
506372
703524
430943
262894
714957
587983
333409
301165
981209
939446
763443
11463
571974
283295
404938
41378
67464
183539
826532
639779
891125
810878
420385
90621
284013
217363
406075
339499
437540
644813
821092
520825
808846
200879
13435
12987
907238
564461
658986
947809
723994
189316
664670
264739
938198
915908
245284
130518
25387
818478
470749
848865
612444
85880
162398
41161
738117
788717
996006
804711
692585
71793
213628
264252
926102
618658
492133
376475
714487
8667
337535
184964
484726
869266
616509
442897
471628
546273
968320
777
185254
780770
678606
421267
193845
415987
962609
443268
552275
659672
891759
6937
105293
388160
181281
738496
409489
185376
9778
761681
120757
331516
404918
489306
133729
62084
838756
851863
397339
227099
580018
283841
316461
978802
941707
532413
108597
354515
849648
534197
795977
696186
562664
921988
556932
720989
353317
995403
160498
902733
242933
297889
613012
677557
522273
44839
589776
847358
353318
234104
148280
596053
183437
417152
746357
499076
340457
904868
535760
844093
813
290207
247516
577142
70439
711917
30980
758957
753181
260959
537389
589453
981890
439951
986375
251945
22229
488494
890741
20133
866455
878201
1366
144564
923879
462666
777456
626619
988987
502475
147705
632533
326717
172613
507585
645360
421440
723606
160063
226196
501533
201153
358390
379140
938030
442144
709443
515389
143847
222900
723654
829851
480908
163933
647147
561115
947218
255269
806740
772091
480342
219382
8484
904318
599220
122604
90347
904523
972550
884997
191849
916021
658105
355701
732609
348566
200333
475798
147452
465620
296233
914237
737718
219781
391064
957672
761897
243695
498788
8211
758036
204008
15245
698218
586503
327388
446246
899480
37582
387501
469005
633213
632055
346485
238533
768895
787522
50919
533810
903608
509029
754131
445488
655373
636857
923208
375311
926942
382468
468499
322863
117401
183779
269414
145589
724905
943444
28116
857191
602252
346782
899513
972330
371139
240989
714167
304597
919138
420398
663131
392497
295815
938227
20253
497615
215975
571587
60102
565766
607172
767217
309548
882568
873659
261624
1433
70689
72761
324928
334410
169675
534670
955023
550931
100080
874138
805327
796832
262141
296547
619255
521814
676254
570377
879193
347927
935580
56017
22984
172324
557329
2077
190500
632798
265924
504636
362308
986341
679077
54046
123646
414305
501478
802656
85845
566815
959475
225222
681664
409043
814160
697478
36691
338684
685774
325953
651533
685093
288810
909901
175293
759303
637506
936237
994321
808460
912309
608354
577788
813742
12246
4442
146115
264446
533003
804231
86501
565953
40008
700363
115301
388405
23460
297935
616885
255537
854101
978739
814657
189546
504013
68576
525909
186833
322864
777785
835179
595930
672240
818287
787925
237208
88391
925939
251907
528644
447504
771975
726322
985821
799939
247662
396209
232873
30475
313090
344657
62361
192710
314148
612009
668234
50328
715917
402243
580008
787308
207619
475495
165165
942280
958184
236481
368967
566348
644397
361905
248088
672775
887843
854640
526103
564598
883954
757530
556116
913370
599202
243932
771352
612213
103959
302394
812202
474849
126618
617853
154670
858636
548049
319288
839721
845843
879377
63926
68704
802234
994698
773634
376221
133446
901473
585235
640019
282103
70811
78545
906521
752358
194484
752968
419474
663286
40208
603880
172142
659770
820233
231670
598409
292451
334183
205012
459889
940068
755117
414951
46277
229924
618704
878314
257976
468255
255427
356687
756789
9114
687853
846541
757085
221825
769660
577931
128811
446559
87379
926695
380537
13560
929567
799331
210204
614342
412039
66540
434793
837775
671874
953737
445979
683295
856194
184989
840973
241575
812046
68312
388385
835762
920045
504896
957059
452096
795454
857815
395464
844609
929317
784106
918192
494575
754144
727606
671370
723080
181303
662007
996343
35367
612242
52046
177414
9598
52388
197326
334719
472754
956421
928483
934715
344403
644190
412895
772720
451703
292733
160546
799755
341170
638217
959590
519798
372467
11663
219045
189625
127486
528314
523623
44028
590401
153058
286955
375083
559190
154683
146545
732594
839572
464494
992994
536615
220114
409284
773533
938952
733882
881343
503007
199705
325957
20099
851982
345904
469208
529265
287010
78220
911611
256533
975345
256991
390642
653237
62357
957420
129914
562442
126076
69259
650465
649163
997579
947402
878658
236196
205744
816302
85340
640518
620483
509335
823183
84248
675031
212161
556146
443467
713763
806310
719123
305355
51400
280577
18060
189521
252671
412654
75262
913173
435169
253422
909101
787873
651537
132102
533624
142017
251913
526150
375731
490006
678272
443879
771107
319946
671413
912014
812437
127326
856923
549805
243995
368288
639265
180169
975396
432888
741405
36950
63415
23648
4116
21566
664076
246452
421736
205376
26311
934687
464415
158645
189266
899125
330828
817134
274325
64479
730204
335034
341397
240753
620991
82628
478758
397592
334192
453144
540366
142063
596387
562886
869240
283760
897611
917983
614482
564295
228677
711581
545731
699586
41892
24159
980684
345445
739417
289361
374394
547611
665983
678698
329989
442631
957121
266575
18121
475575
420073
857173
662302
859322
623493
174819
398934
787080
834295
559286
837074
621344
83866
276223
431489
138159
11853
428455
373494
937900
806493
700018
244133
223553
737875
684737
200827
226083
527958
299826
734615
572354
12799
698530
773864
92572
589752
430930
198564
234284
78799
278055
187554
250049
155613
436043
62996
500393
832205
105842
211493
724108
15755
851063
932971
648596
281163
190948
440009
513674
671795
662160
927844
604860
879014
583907
259648
19866
243182
23093
162550
253153
88325
534613
117780
994543
390592
487654
831569
467444
735321
463459
654443
776585
972567
391426
568671
227995
807772
387447
515588
212224
891531
237071
329413
513130
835604
501437
807161
556281
518365
443442
373217
942378
499022
453221
421821
183981
851257
482098
2635
562709
425637
130718
896221
512233
902902
86649
77398
377687
55802
355676
726593
723784
864978
130578
130509
23375
504443
365203
931049
681594
669560
619564
976760
282891
95838
283002
430641
414721
256187
754324
406102
480335
938020
901641
156047
143534
983450
706047
327459
202446
507928
697402
822546
670951
45372
765053
832465
944687
484367
19787
797922
613988
393331
776518
190288
289352
991336
695865
717380
85037
752635
984113
402375
556646
431435
720709
775829
363037
146617
425847
438554
556163
858859
126323
135308
290914
881341
55284
603620
799694
943814
610182
871610
924410
525890
849254
541500
545510
238945
558213
251274
404086
277547
955435
62065
609950
627022
806905
296259
904826
651270
653639
285776
520442
566119
567916
736131
560187
528970
408603
40922
694512
48914
895402
309955
300735
180890
703599
43216
512424
720573
761667
447703
551520
281601
716456
850281
857852
116064
690439
966061
44937
644725
466897
299928
847096
735424
123784
301258
210102
183317
807254
339720
300634
975783
443803
534866
448824
363821
744132
116897
187858
468655
854614
281343
729582
943599
19723
910146
235651
992246
969427
648230
44173
490490
472827
560710
884352
89385
707755
937335
800025
385684
198473
417346
494351
627451
321148
266491
479849
772145
912395
98178
440425
295276
52899
713686
333158
747883
679351
269137
374007
673924
913858
512260
209739
603593
831336
473647
336150
336214
997434
133597
485094
630202
515865
961242
10004
902272
144050
83474
918165
810393
137383
262472
407472
273959
567694
798127
143114
133864
528530
775465
879581
50685
273143
352281
735751
502614
52156
354343
988799
556349
959385
870095
907106
200891
943080
398182
848875
895914
593440
545451
940738
954521
45563
694214
404203
12181
312506
452256
506783
959514
588351
473630
791288
950742
545431
11323
162565
467414
569563
629184
466941
54480
336939
689187
812625
406156
325147
755322
218266
844143
711658
776218
491826
749477
253997
963600
896542
456426
509131
489467
574441
4278
91681
30148
404940
867203
803334
398780
614984
831804
640296
361616
793366
196803
613525
955755
630710
141855
338454
573161
644453
162689
921206
609139
145578
672369
759456
745083
632398
259034
574630
899542
71979
867694
267422
278321
691741
456119
112231
908337
790102
881916
339209
460267
978126
197324
873210
597052
555863
655593
357437
514119
132174
293332
81830
258633
425645
210610
623224
243354
156798
841112
390895
159619
64170
292984
626969
264118
601520
358823
890526
618414
593201
905866
557985
696292
444199
856669
914751
63979
361654
803103
498165
702889
596123
65310
269278
939442
970817
674842
555673
979330
67186
951833
502409
23063
352234
984454
814838
345705
25224
796039
960592
925767
555998
881818
3476
304463
31527
380778
484872
222922
752280
989492
809568
696994
273551
248464
304963
142784
412392
808607
861927
514438
685295
858384
565784
207910
182127
398926
543256
892189
60393
904522
508961
223248
870240
800992
199110
106049
804881
53992
765047
469038
542913
988124
837795
672774
794414
850657
360120
311241
228391
583732
967174
953147
920120
228530
694785
694020
299709
802052
705381
454247
1303
943589
639092
167325
752701
80017
67675
535565
374698
442955
206451
286443
279860
509771
141987
692522
912509
992451
729122
588767
858562
890573
426970
383796
63825
931251
704296
174533
702167
494874
827200
83034
533975
760523
545966
185985
523639
640927
419063
672968
87157
69383
938526
578900
303990
747510
797634
285153
345087
944299
808100
583895
698109
283166
811527
581317
713342
628102
700720
377660
703618
854341
345229
637323
786668
962353
87026
609106
205971
113216
568446
375941
759926
580943
558428
316607
574092
508367
818662
140736
175352
904525
275427
142661
483035
200988
558641
262723
821124
799008
891454
928319
795074
347834
837360
657165
36187
993675
524005
392035
197653
703527
826708
221400
705393
809240
977746
600639
97015
935180
18033
922330
526957
358044
379395
683773
841633
212921
53436
957313
642662
42421
551477
563745
236827
459755
334221
742132
171558
953549
726506
108807
784896
572936
703069
612502
848618
489430
715492
978087
117758
233440
885193
904260
670560
626829
395047
510803
401107
770539
291212
495059
878568
744505
496442
438005
994257
141198
714504
659605
460691
187626
30118
342355
597786
561752
398206
243922
100070
154364
732021
593101
203747
537406
320272
596881
402391
582867
802676
104859
125749
16293
734405
593358
844238
120799
163824
198737
373351
73558
213509
761411
8997
619351
974524
605980
782821
742025
9561
150881
372136
853887
127465
268483
383404
846621
934188
263189
952982
520163
635469
139560
464970
388443
236300
160069
121501
77851
945852
767239
65058
553336
433896
614162
971937
19911
728849
14644
274470
481105
543507
665494
850421
532306
962854
776030
982683
938158
623743
389221
586143
705585
901654
214864
445464
607937
191555
15053
983128
963683
450626
341740
242182
641830
84117
617815
73994
402799
495113
389424
332705
718434
737808
440517
294352
132907
429389
135538
64948
963750
843439
529940
309880
572401
306612
345893
24161
716747
753487
942457
554051
138217
498661
554964
744983
870613
990128
288870
299812
291715
17158
824356
892121
269746
494708
929475
756093
458747
656772
455379
117885
22650
119583
723383
630372
76310
533131
915901
287210
47214
729108
194206
843555
850785
80329
887571
737560
342714
580062
851921
859059
276599
518639
522916
431763
409908
738788
319716
230656
276857
804271
448917
761976
870301
581234
51361
32360
694165
821630
89898
556918
890013
24567
226127
161339
584769
179539
784957
903886
807816
642177
692079
937915
763134
328230
260419
336403
934109
16258
19962
207965
15191
856241
492492
255082
635459
995086
546406
568007
166945
526770
790529
762955
864203
480922
950688
626575
127547
845735
964518
663677
133171
745086
83025
142529
206605
384847
370775
98653
464991
191987
149851
286937
382858
667695
293836
502231
189472
202710
49051
459589
820015
588490
265431
205163
116718
965987
156966
773412
558531
262952
975330
960617
813935
323705
677837
696393
375703
11856
71731
692405
787184
665948
871387
527991
550405
230669
520297
894211
491304
930926
894995
6886
496819
914027
504254
129691
707577
954612
610740
700412
609679
67194
366532
70422
748400
682199
406263
460501
133393
989514
281770
721694
460482
105631
951309
383932
606206
223341
717366
618673
552015
782521
814243
926638
396896
674361
861642
147679
857249
12210
576543
251037
264209
562754
238946
334087
216171
244410
552993
92971
345839
380067
677393
610077
362315
697890
550917
532778
318182
165494
670665
800039
407690
920221
816734
996706
233003
544342
595281
49018
830680
603202
667002
803467
858621
834020
790926
656257
990418
237639
726050
515086
726628
200127
340157
859766
90622
884039
279512
190855
491764
987530
829300
79207
358987
832893
453464
615941
874312
824553
446374
360562
167124
351750
212249
58760
906568
109059
247454
667144
718491
493091
38859
680322
227301
362049
578688
507885
230607
581684
442585
197014
633178
107725
950669
636533
408456
56637
645862
766876
341419
55892
749661
332105
95688
78372
211345
471066
327910
600452
914276
878496
952953
908592
280562
904524
43046
978958
889519
430469
612723
86027
69980
773340
758029
21156
192166
556503
709748
847297
727131
246954
836487
450491
553161
732228
263975
419647
450933
676164
14091
630602
968117
405004
836512
348116
587435
211630
131994
775241
543838
196420
238300
679922
720566
958876
119680
331443
875284
635663
698243
709741
666316
433395
994384
331715
300160
490150
685159
609338
754970
980299
249642
652538
437349
65297
600900
752625
266057
175150
637111
573271
894817
252844
810880
635980
837946
268890
821288
712413
245675
48611
553706
9381
471628
702139
234364
423184
455508
147445
481788
875323
787219
945457
51768
71543
402376
826355
621530
687725
601248
709776
83310
271131
696396
823874
594
411068
209725
510810
60217
57862
454655
489940
56923
473165
227439
962182
914493
146885
210522
704819
815320
481572
17524
518588
137129
994982
419186
333174
769748
586282
201284
907799
411766
896570
273458
944649
150726
3944
716178
243937
256102
815955
471268
206953
680268
576585
859594
909401
390407
253959
263015
795109
645105
385947
789906
224560
584688
815658
613559
429022
353576
525966
7754
858375
109569
250071
572649
306887
397200
315955
698830
42994
98724
577128
183085
279397
72239
565437
83440
617783
73040
915513
930637
120527
705785
157507
972672
419407
445890
108904
31146
342702
421449
87291
162822
995236
438211
944279
613636
723262
517668
27712
880068
758289
224807
912040
9328
149707
226874
200077
982070
209893
808906
695167
986529
928692
281446
797056
808467
25567
632658
428612
658209
153835
39979
681175
671947
845490
626609
196062
886422
468787
873398
413429
26568
194178
683810
463032
186368
105952
210657
618077
250927
152165
743017
47039
475447
556698
583723
497077
313630
39971
236373
482401
181870
55961
451074
251333
924013
921334
130239
465871
600052
110186
113467
834741
425391
751434
581706
220219
49200
597032
927126
599250
785200
113085
537059
597338
892450
79363
704636
206792
746677
844256
542911
107619
421031
479420
301186
602792
327041
980147
920225
784334
811955
244966
677414
525028
38476
487916
513747
18390
468949
180454
406286
752846
671947
544305
521129
435063
120056
90932
395406
685660
338669
771480
158532
659183
496798
783127
168160
785126
30234
362094
805834
56960
506789
892012
903595
569574
469812
45037
560752
349356
286340
426272
295230
205238
74071
308291
266162
800759
727948
492848
34451
878357
961882
89425
119255
681897
738984
486000
643854
650850
663500
310569
786927
925257
39583
562944
321534
339743
61946
123343
786966
780642
417551
846040
808152
660718
715237
447161
57200
169921
318577
480381
486785
163735
125774
691343
307309
576372
717658
550921
812482
305024
130604
206634
21572
671372
979317
599462
386451
410419
321522
889304
654265
304091
505099
549011
230418
511835
60427
128854
303704
799862
947901
535325
505418
56070
780447
686932
203897
902260
559814
659303
153903
344484
485198
982516
692796
195501
833147
740514
626718
513221
88625
669579
421580
610940
175692
406997
110943
871903
162845
603678
334366
154877
977538
552149
154980
747590
643617
733478
14448
289551
907456
505485
391689
439217
795076
867340
6860
422354
687429
308279
168084
554747
838922
223661
42436
493032
777702
175393
877811
977183
657390
919958
547189
762168
100181
2921
679234
619643
720615
718152
130182
536230
226206
663489
413317
801485
154724
632053
737832
525660
278438
754795
23655
23417
893137
983872
14997
556036
438189
312188
109507
642048
485906
133697
173010
76875
181962
817437
37977
431625
766149
213182
929454
117791
591795
989957
873493
833563
620674
9971
223811
320113
365428
278336
989581
592161
726619
546698
730226
542452
854260
982058
425601
149220
318046
728291
649001
32603
827125
687668
626203
674772
168016
798541
980829
46622
925203
984990
33134
244991
876913
420298
491218
20405
598785
767738
175673
978904
88124
262287
256208
97435
600209
725743
255075
513137
507685
142721
736429
346316
276010
603763
440638
669120
543643
124792
520519
594182
738385
721872
281477
930205
241349
252799
412488
847563
723235
947295
625375
166402
316807
755153
685986
497245
38166
667343
871260
309193
973884
862621
248403
410625
541693
879774
297716
981937
405754
908867
364256
363068
263235
865502
312077
701209
951379
717077
279258
806168
727084
169713
636084
232707
468432
732374
274398
853215
293593
550413
918880
327058
453878
783357
874702
325982
814530
443641
949875
916363
475458
22835
511771
287268
640187
128909
596410
264279
757806
89488
88828
923328
293809
991414
136106
90047
58028
951905
301941
376453
866988
795631
495139
822574
262375
907045
394579
298248
138061
871624
900462
223411
548103
646410
865580
818784
908302
753057
929600
215227
830571
491956
729762
593125
265095
428591
245623
416090
742574
380279
694942
536306
245028
256439
755609
593731
390180
605911
241366
914531
869169
981326
986138
269707
71963
28814
27913
656919
669457
170014
208340
82474
972829
231942
782655
833774
471616
962915
959693
297401
489322
477722
241931
181451
729686
643433
270391
73460
625472
990681
4107
366162
893252
71056
690601
173880
246996
699907
597476
212971
455894
976840
960808
421382
597784
27145
801800
330109
862705
744341
949858
326910
716853
385232
729841
332723
103252
548619
708847
311908
498063
361646
928165
99002
689048
619666
742160
137054
352774
388779
773297
519488
837298
609186
494322
701684
46577
889473
212016
774326
683629
27208
971433
668302
19874
912029
94660
676943
289331
752863
758263
40953
279014
993691
123928
378174
468611
247191
991684
356450
982020
842572
360294
907643
747577
907378
278629
886424
250683
246579
620972
959358
435402
287105
3863
221582
252294
621187
40951
248834
71750
2410
50946
530070
286873
644259
938010
280131
363159
586917
443576
682150
666850
352745
532853
645504
387646
931258
495989
483862
539147
886178
812080
654137
751387
571012
833246
755552
161332
846472
94079
559217
907555
68592
194436
975390
634811
689610
516189
82796
585961
483646
181600
824271
926965
214279
146
279026
576855
954942
310550
905363
953843
105234
185583
878666
252659
560916
531444
494313
608832
447599
604943
649663
896029
989173
777457
876343
578720
885908
947094
83038
673805
423527
480432
237890
965264
408681
543923
32053
65943
390212
337212
518257
225930
616519
716703
379221
673000
452471
246539
866894
565631
758332
416348
142481
227336
782204
577085
265604
462812
660485
695736
844924
705495
68068
615836
107425
497992
89107
343562
909038
233233
889806
215324
717269
96802
660038
41841
888896
962636
318191
471641
612785
307588
789364
736602
347978
303543
570443
258013
475689
495108
256866
36024
908011
17179
758072
24089
8786
297712
452809
706315
725953
905883
764897
545384
690916
947407
420882
480092
300844
792437
449217
108689
501560
450084
944154
674748
236239
371967
596516
625860
791562
538668
631982
838538
762895
25516
285289
709081
252727
576476
350288
166572
392977
433543
164225
348822
526592
739366
233711
699154
463359
906037
247025
912487
55557
635122
702130
211959
466180
798197
648651
470693
639883
216359
436078
291873
483019
482272
52217
351506
226102
376161
249066
277726
805251
370730
567410
309017
206862
231738
348386
800199
920349
356065
864770
475024
239486
475139
102273
572927
442636
367787
409862
513654
115216
129481
163045
528306
41987
836746
532333
214775
512433
668178
966878
518360
272826
91481
974519
215269
879027
476895
711150
530801
371753
300877
627513
262974
153093
214826
841225
164232
201803
743990
119575
878379
75581
193702
801687
699377
738076
513277
634824
720316
592142
394948
308525
792908
42331
816486
540630
508142
434129
239210
241559
498562
464904
423757
71258
973479
370624
813179
139089
461765
939174
437802
322243
116470
58614
350484
271880
890385
886010
812943
820688
15829
674928
416970
341341
432175
37705
88870
292177
191272
490062
78382
26849
963759
273117
494389
793577
812286
119826
900171
670682
334314
463937
450395
281230
339532
316127
650532
845308
33864
34176
312082
188743
951287
209914
721784
156081
984565
78185
858669
706541
713736
585996
290176
691921
534571
334157
134552
923050
57463
591390
866221
362602
865261
34239
813405
545084
487010
636572
392620
351096
145607
579922
688795
698546
629652
429842
571235
913581
892689
831710
237966
667757
735233
879025
642611
72298
637547
81596
242444
949344
192646
669706
924405
641283
708544
380548
30532
695440
406251
187793
536319
202495
526980
295829
693438
526741
979810
736539
8734
17110
993400
761933
610015
540183
476295
888608
485915
997296
727139
999565
424996
557648
129631
826745
592888
161324
295575
44470
737123
181904
362715
860258
653746
19158
387891
672301
645199
462195
806100
989625
206718
348462
870493
745242
761843
101933
820494
939452
10765
539688
852230
235812
735987
954558
196726
855503
666442
788582
609128
258486
228368
920318
296998
467059
286040
292479
403336
465469
261986
369170
827358
120143
690454
178811
547189
263144
370845
759796
583434
521387
978396
310165
929033
192870
487566
583854
52928
217519
837117
874231
938981
755627
918045
396255
413888
993448
191685
810048
10742
316138
310731
820084
741620
712835
434746
881665
580340
748315
96627
42159
435631
831312
599005
603835
403679
355510
204042
882788
465968
877119
542376
38306
41026
218166
986016
80950
67293
637734
581326
541405
418866
992279
460190
796318
829386
946040
804287
451
429006
989656
994119
824356
122994
428366
882019
787742
104830
965497
779897
559075
499834
200674
560476
727851
343541
492734
956267
385161
460850
32527
146310
799256
193968
95017
470510
911444
968085
951186
883257
150917
192054
691011
531950
930133
759429
776843
101955
925955
387864
350867
132912
65008
49810
728124
415087
546199
524208
960804
561811
827354
807922
741000
786306
894711
106595
479363
68945
316953
283207
948149
681274
114635
300001
539839
866684
883783
417054
131242
252496
96621
214369
749671
741379
468367
270636
656689
879988
29801
748775
290063
991084
321582
496593
737269
901717
486205
522944
269258
711385
679474
210646
447365
146840
930841
863298
44016
853125
587454
337584
210959
99806
110112
745230
722842
611014
873284
868540
164133
874752
876069
666000
726689
872138
163336
975683
907067
450580
135022
540475
299938
997339
160611
64885
162406
89831
81268
523918
813180
630621
116414
408623
766174
773122
722912
548883
577871
27853
41682
835447
862460
493222
200527
547869
801214
769153
618734
580348
401724
217426
711119
798919
794862
421676
631792
665560
440252
525946
156959
159609
91844
174360
439498
163023
351611
954575
965170
257764
865259
806251
473470
497999
189274
841211
16044
284226
640715
769573
728034
496944
528798
101347
783523
872025
215250
943326
891741
953523
532843
701285
814303
280759
253422
226442
322919
304773
89610
991833
767769
839924
402129
937334
327564
459706
347811
523346
355839
457268
629163
165321
130729
249236
45059
263196
795630
367396
762419
178182
988141
50811
255511
251453
402358
959803
513310
806406
126553
496323
575662
708085
768474
900600
303205
601728
448832
406955
766395
553599
749388
237735
92355
708291
784839
258458
920720
357392
643317
254238
85429
56120
607333
957282
486692
909973
559274
485945
217335
3426
620068
737855
805965
716598
515703
402724
637069
991
784926
938966
73862
202391
596824
40847
43575
476262
576960
55544
22378
426643
136058
219320
674235
520456
666313
593054
701686
449345
610814
3367
251166
929712
18571
138796
731082
236401
720566
97259
606123
265893
778217
999984
496296
947245
27046
258655
273962
280389
793815
436385
299892
528442
828163
767209
778281
789642
325597
993954
700529
73302
610935
292983
443319
988294
260116
634110
798922
27001
455578
405186
671971
85287
729382
498923
998662
876374
203386
333900
52673
166773
549969
269257
924689
57177
700308
995875
723172
563281
204389
885474
918970
74408
413400
86749
318052
138486
84481
125545
287343
856931
917992
813084
884378
862778
168793
47613
102466
966885
14872
557450
237151
74059
626098
794340
735783
569090
211183
502107
687376
306739
761892
893394
933555
73673
385445
172687
161996
671957
968279
116705
782686
476866
623459
334830
639283
175728
101446
304728
95489
44847
280453
527372
346024
421593
198014
640807
415192
80844
297562
413252
778896
29122
4831
100198
33473
231183
87074
868927
473361
372023
632409
740379
873083
773738
647951
35948
25939
696669
808752
20082
368487
587270
757060
396999
754690
984436
910841
237892
323914
289160
613656
195924
735497
107156
139098
819923
568264
333070
43348
739426
306647
667184
151117
214282
693354
749552
849072
525961
217566
417047
589276
70142
660313
107841
726041
268270
657294
633520
458406
878129
452832
35148
333358
492924
826782
118779
965849
587979
715117
751385
64062
809515
320067
716948
920821
852577
717391
877415
553866
611515
869367
431473
958223
292017
913657
417265
448841
439478
667763
362657
24138
338081
844861
565804
60959
220787
830772
140876
156319
49284
636498
149508
721828
539471
463737
590007
426774
891350
81999
667812
840482
303027
141826
442559
269514
341373
6508
49132
37527
732883
383442
213402
63657
151240
321351
327610
886511
728235
826798
736603
467313
865137
90076
289380
214026
232514
141660
629421
705972
288093
412940
546682
188220
531176
215012
793556
927444
185304
774103
494982
325383
611321
907922
3121
596039
209498
294177
459213
647778
797017
30193
726972
24723
165574
232752
904396
932213
102711
694352
557322
607890
15016
378667
107261
754138
315020
264641
286982
922799
298996
95900
539474
86941
570907
271060
369145
385831
278412
561967
77814
140604
572848
861536
201091
325705
955064
589552
706833
513512
973539
740794
897441
496758
842732
582736
575618
468994
476436
739836
981991
442208
431943
18337
84644
290782
675565
586175
132485
372110
226576
283221
35723
601282
822373
188512
892420
210774
547321
151234
624454
566759
54585
841022
359175
940962
290718
896480
715356
923255
904307
324666
908557
900075
430788
426248
878033
185421
818597
810101
592107
766272
103388
358710
634144
719095
316460
704213
695571
5504
84287
571336
393663
200759
767151
116159
186641
942107
427889
417789
782496
908925
848670
299486
564170
880212
958751
102903
311660
417966
805941
887578
40637
847809
610787
729144
708999
404512
343288
994401
581828
697545
338940
73704
545361
972571
811511
574626
567377
798372
807257
419213
115745
235097
248265
167820
876403
728991
461005
436816
739337
51269
2962
531219
694288
199893
259865
663870
641303
924032
896830
773931
171562
250550
347558
910404
329103
88855
119557
493898
293468
344003
923658
85682
744243
879181
88039
552234
627868
861967
641088
615289
119549
933975
450095
287684
876920
453631
503218
30252
903073
535963
60530
295765
705371
502475
194992
562818
350094
347375
598158
410332
580422
230712
979922
918123
666592
371821
904793
667161
238377
281390
203092
921948
197991
345793
304848
134665
792260
937698
841510
847931
296629
517319
929156
606697
619019
629391
944069
726241
11432
372358
262651
269283
204942
419223
42767
499932
64083
961423
519232
33150
712625
829386
953159
195896
428986
161852
770715
88343
447656
228190
79568
135353
949266
673074
877723
573993
196859
411701
410032
958044
391749
721185
561740
957575
231747
771164
124943
533595
272620
129024
324993
28766
873770
138632
969717
935335
578770
126035
282250
700086
669359
356504
534734
366894
48759
102631
648446
649903
856607
945560
738985
867604
393994
931538
263155
95238
613597
389561
668212
706939
982958
74101
466624
724495
860122
262940
390850
187453
518005
722619
722433
343162
326172
624006
600261
905134
489191
994777
78802
787279
649083
60202
370771
119644
577532
942798
149586
140212
217439
438564
950692
540817
77917
441058
214114
633380
596419
888954
201489
359565
265382
625640
1827
638838
790965
208283
18327
290126
430759
821693
631163
588445
689683
720929
745426
426121
408734
7624
432400
999140
919630
710352
318017
504495
735741
448570
174922
175472
38826
469078
885960
818859
471594
650061
955541
292672
425340
113803
482793
969377
113145
138183
794396
345069
802282
794480
286857
332846
992820
496310
830415
625836
125486
783985
658545
275884
774483
503282
673437
84872
424275
378341
825418
206700
416260
233759
588346
83370
118582
970954
905951
625339
937443
187114
687322
800339
391237
323723
969630
591583
385794
619209
416819
872158
410243
543804
249943
411673
168546
843454
628351
606209
396801
353370
920379
464035
488568
192146
377079
269322
139046
163661
345821
620209
81705
373019
834776
760803
192104
726439
596212
244977
901261
619768
328865
947599
467280
60835
882519
325836
388015
797777
597459
346285
621882
889897
507199
636773
17354
167129
19311
892978
556177
641862
695559
750806
352333
803534
80123
430513
864919
85174
239087
649784
611800
140341
925565
327508
308570
128092
902996
481817
459196
976032
58749
104481
473984
889670
597753
941317
584895
963177
690247
241271
811452
226091
66114
571711
470997
19126
186726
529424
400789
492014
680755
827398
812519
993205
193706
8383
870502
28058
404212
991187
717135
558559
218658
70897
15896
396709
216847
962903
755546
316086
229538
883757
441705
145967
767472
28479
760900
856072
673982
134102
469160
673729
149412
301745
548351
915051
569165
858981
126645
921361
15130
425998
508267
648385
794982
519601
83973
452154
709988
277616
222687
228723
869029
768680
565852
907270
179382
44651
72350
79480
662439
400789
414866
900773
601574
551885
750690
883276
104649
351194
383886
951285
222314
521247
258005
525947
425068
222452
279629
136570
665244
109091
984978
157717
955828
929468
295067
941988
638905
549653
820264
986041
84291
461730
843031
209357
169565
82797
888726
677388
503682
223218
405619
583930
259016
541977
266448
679040
565017
423440
484978
181783
641947
408901
326456
348880
569138
249149
553512
135997
119323
944148
613797
907648
353913
622097
304701
743854
254061
241701
197407
322335
984670
267776
201962
664212
107480
704016
836320
604549
981456
115352
702969
704775
193349
971625
309588
441815
681475
351551
404296
139718
154818
489914
514265
70272
985515
828278
21254
477690
199738
390922
485503
875064
11198
274650
843253
962232
552510
546777
416457
836350
185270
262495
552486
674621
114367
71715
202986
739615
860812
66773
557055
589105
327568
620827
950601
549934
56381
953125
774968
636327
779496
989807
971260
93003
434185
294483
195288
246169
864606
457800
339152
941215
105070
358459
604284
370669
434219
520584
323967
296796
288177
376277
995217
364340
615083
596619
714039
838654
68180
254450
871061
367911
32859
549544
181786
347662
885792
573246
292313
231083
436252
763824
893176
544667
55453
995326
208385
573772
797678
761835
332118
606913
446997
128465
399361
118594
332661
823007
93993
154660
431828
199537
651425
181424
560119
398922
461787
100019
134250
95409
278906
472482
145884
711973
121477
873895
461350
153469
842167
330508
394988
452129
937715
690179
611548
201183
494036
164623
223508
802027
642211
395283
572448
495606
596194
181557
137953
806633
480645
908463
723145
543038
146240
684850
675010
246395
823739
945078
557038
84556
302755
450467
411209
465725
544794
649941
556203
787537
805134
500624
20074
748737
561767
154240
755997
937236
656858
972970
307131
110743
832475
645685
55265
216442
331567
103055
971250
125959
898079
136958
514200
915135
67272
412995
991529
548179
374480
759980
449318
226748
857075
488247
342365
936247
175291
610526
503278
525153
431950
426692
798058
8490
667233
215418
662807
370745
46667
137902
795344
706589
822196
441520
871689
294378
850220
203234
111537
262904
490264
504316
484272
56436
649735
957306
34768
707105
665186
834530
307384
303855
705090
50485
313938
336886
931164
994482
569294
128463
338711
107265
766912
260879
473662
100931
198117
311457
910481
492211
257795
586879
238134
566073
342318
413709
255053
995339
683238
147602
631457
416704
938526
986963
792890
835827
766232
758926
154639
676560
321515
226256
527256
875838
559590
831539
671426
986985
605199
457080
104508
680811
686340
348285
137711
768854
712707
304859
529866
229280
276677
912094
666811
226028
339717
948578
836985
643441
351390
162630
751230
423049
466002
304976
890002
308824
176679
622109
376579
785047
559339
756547
525617
902268
171353
895045
769989
130696
775444
674802
562882
242924
499600
291994
716660
843865
920528
355182
775108
934627
79881
63795
929581
513745
342694
582947
528457
928579
212645
503264
359621
404160
864094
594133
52980
274076
299044
925419
985278
674306
643204
279717
688825
453795
463339
918425
809232
62203
729124
147212
772639
335485
597438
786984
632865
75675
774091
72540
194945
221684
325957
507344
330764
806105
169804
127236
454024
690173
702667
582212
656798
447993
798584
39306
236722
223930
872313
644144
635987
188104
604132
193872
529422
318003
491295
101178
574685
442588
587943
179985
717757
181661
116012
405762
569437
446166
72344
842786
782066
862549
940848
905252
270824
786529
72275
996019
394418
331939
563424
124530
632962
863474
172085
944782
236373
164986
855954
117308
367973
690695
2715
815764
354946
18484
342204
307337
114939
649194
59175
416004
490870
805015
735289
318557
62495
782702
969402
819318
676413
744404
160387
577843
297952
723758
341050
542297
603575
862532
991097
124098
521406
59794
846605
953659
295316
489259
867226
404922
358186
211850
338844
384383
197272
148151
884488
573893
955466
31507
118545
15013
155095
264896
970374
597384
877810
55599
156184
496071
570873
949319
646458
234849
790443
263215
737441
634968
538999
624632
458859
612136
776367
325674
837916
352933
291547
478186
471427
729008
112618
970564
617979
999765
778948
835163
577357
920900
585915
646250
118771
367339
475487
424246
496951
5228
330480
617746
416250
421376
539694
912846
93969
962856
454221
660926
565002
563723
130437
827170
394444
582257
708869
107639
922844
76890
806983
393817
645052
604732
993535
409939
867182
531800
902125
643589
230166
731192
590162
513328
172541
842055
62974
363170
761266
286348
813640
451129
338443
251397
496152
736149
577609
625564
798686
877086
145881
597448
10021
838126
383863
991683
951362
42461
837677
337763
604582
694760
733306
848728
621267
251773
455949
256705
904364
641446
897072
775979
711652
672975
37698
75559
834264
633142
955229
872006
601913
736238
866390
637107
955490
928847
711074
828910
233992
903677
352533
891937
528079
406739
990598
464672
579705
257965
932431
778242
823481
954191
450673
284502
99558
645174
578132
306436
561355
587896
299371
430658
622683
988826
999926
374639
862850
494382
722209
663183
779990
542695
40842
371300
354028
640891
531104
407589
675783
561971
824935
931550
305260
70226
386455
414819
115857
788064
729636
472946
282356
865106
207065
308900
833799
848343
12702
822672
836872
381761
724824
189949
40431
869198
784751
282753
276353
283859
619691
89594
315586
202692
280375
117160
53575
705314
430088
984486
773033
318529
109591
829443
44950
599669
930506
798465
726913
679385
229425
456298
991674
837755
518059
75977
373976
98279
965673
281548
685778
168015
482058
757428
77165
967828
275814
614774
861007
815411
251495
703922
529075
105679
666833
382989
470966
590550
916002
415981
264654
60691
551251
579472
18010
153168
979903
154057
295699
628838
301339
2905
667426
981411
272931
587174
106764
473622
296214
457114
596552
383737
310103
293787
969202
363707
725493
157538
892119
569514
636868
747386
862064
960762
234474
203736
26860
573748
638582
607633
510822
826302
433770
1468
857334
236099
561945
619172
120931
97279
936939
458090
118518
632808
718654
652534
372330
185404
68903
404183
493567
915492
200470
330495
753645
186114
562967
468500
999798
121436
166133
462068
965717
353380
526329
24072
563218
225955
79056
601987
410423
216450
794186
333304
370781
181237
736575
659350
420447
200260
550668
695489
847344
196663
667451
506829
258889
72926
515969
188121
482938
682234
954208
196678
618402
627148
258861
488467
374970
395703
493996
741975
97163
915860
796503
301913
887872
174547
798270
27279
210966
753096
327560
547634
2671
60058
210519
729850
47878
385923
591242
555003
207806
906308
350427
597980
160915
987689
217449
393455
6705
895668
455249
132978
582307
902889
242485
551906
868964
262645
138270
530102
993746
658236
521470
148671
933440
530622
436366
456922
305386
911589
231126
289614
217411
989165
787659
635593
173739
640240
813074
271474
465021
998669
597667
869610
541700
857588
443081
735781
275149
165777
951301
573726
145687
343379
503186
843516
91623
239576
612548
464959
345976
873079
731018
430182
239376
650601
344914
775585
970478
432788
947723
637998
128672
88182
391366
160787
465265
89771
939254
944118
462910
21722
763670
10524
968105
797954
703337
175996
252455
964125
475741
651712
193013
425006
652617
798231
662376
92844
266582
152953
70817
217867
209401
483385
703519
574051
926558
577792
260142
146879
807904
513323
808189
870533
143349
847235
623565
231293
12455
622229
14598
547391
526717
842478
445156
2621
523384
391221
177870
123754
495033
730597
781959
17095
43520
843301
343613
993928
539663
80581
430463
81767
641261
507479
513804
338756
752198
614056
862790
600695
577391
979162
108422
293236
324936
598815
335689
299930
465915
451028
57863
193816
481696
866487
342948
639100
158851
248071
294720
329690
859005
335223
288169
253013
614526
870862
629488
526605
736877
143646
87257
332965
866726
797278
777515
94127
786210
483623
497576
585847
172021
139399
646999
245353
756784
318277
373693
616543
40678
348723
351146
705803
724492
71209
773167
366910
579834
385379
516909
127314
912846
174841
972936
464890
550767
664695
99131
99300
643503
426328
274181
551176
35658
693028
392578
762960
64907
688803
690644
760036
796622
938301
507968
171857
10528
599087
722773
953877
895618
716908
461894
618633
319757
621006
76889
395435
134191
888247
665272
115976
100115
831881
931941
689858
663263
800061
736075
381443
808407
694564
976239
351295
880735
600824
171845
383391
806557
335262
397663
537487
765949
233851
535425
333669
504526
826608
939599
154988
952330
575027
980711
518157
874930
986059
836939
498457
928472
907176
862711
47798
121974
554972
945810
502243
379196
304570
50879
497705
533543
683338
842642
917792
249869
627173
445216
505755
822965
939379
137455
188209
371042
78207
541772
888489
505457
753652
49788
340737
404248
813495
410634
675291
804046
622816
172031
800517
559818
524886
439536
771747
901731
177349
503921
16443
780694
491967
890791
741725
789222
237996
510844
137581
899294
425071
50283
298510
715890
311320
819003
97773
888452
547903
587208
31463
617858
553731
988604
310232
885036
474847
862493
505793
320691
596006
262977
221653
969789
874011
458204
952864
58245
673455
597114
336789
923552
11223
569928
576690
370010
336841
74444
483154
437631
696724
146805
52815
743605
331354
633228
669841
66694
218283
48138
140152
568892
920574
112452
654690
822181
908686
18242
681561
5110
751503
369965
624924
485708
858763
686950
894728
874638
847518
851955
176419
683565
14794
841108
778950
985805
831480
338996
832676
355390
406988
744635
246714
530019
132963
830400
60117
687603
163244
696988
16443
708446
694176
249114
837815
68359
75231
417034
374341
102512
749672
554548
974421
370612
257973
632810
844223
33645
660145
246839
100804
355253
998423
832947
59069
672458
341096
329272
297443
754187
685896
866223
157946
275999
909686
220163
267354
423605
360167
992632
816091
347493
717181
824660
989852
241205
560681
512635
39792
705465
47066
782745
605351
785874
532192
864183
544628
530134
940706
937841
489216
212176
823672
157119
833994
508894
290470
904623
216185
23673
425014
618483
644928
282834
682993
154838
736876
913239
2169
79754
498573
17300
111110
725214
145534
540727
354299
893899
498963
893804
359140
259757
607007
927591
198031
461071
235295
293567
303236
223775
487687
940599
584546
172993
879654
468121
241431
593151
231224
301820
521595
562013
852488
333668
566666
868298
55936
307208
465596
158963
985935
683566
966403
710322
942773
334963
383840
19236
768046
979559
841763
849177
585784
380436
555965
492260
319107
761184
598083
801489
526453
934792
185345
730358
979927
375116
318393
374882
334367
515882
801655
51379
512602
368322
600914
982724
305526
872728
844225
80963
424361
903224
937111
443232
751938
679220
913180
854689
301322
409481
430474
77778
330070
328992
319521
253082
921708
242608
562279
176489
379728
720512
38720
65486
874
582794
648037
127077
201493
55931
503364
421997
388358
930008
714228
588280
228311
371706
68884
342587
163055
464698
845375
247429
925008
842023
929261
911565
223741
331380
775081
997924
859654
954479
27306
911305
461233
356908
864145
173403
804999
542528
607870
595113
358072
142633
238671
22118
358124
369035
108023
691768
755943
458581
214198
682223
720023
872194
983226
288531
480893
810684
46546
559254
835318
419867
621067
666664
12261
510026
655337
367401
749311
549578
742468
524154
939507
933392
577020
78380
912180
45642
985562
599898
630308
271168
654084
959507
687198
311957
501277
252399
791200
345836
45303
402627
950612
218343
35189
546415
471417
690250
552642
401108
257267
615870
552488
863203
403691
503986
714702
851601
834340
500508
190097
6502
275612
809309
223549
746933
846618
702339
990952
430502
443995
549672
164011
732911
845779
283895
378046
743137
455138
480463
370799
707294
804436
165375
784191
568361
32213
24177
203865
214294
82352
276708
771759
282656
224770
524754
25459
392921
121791
26416
752559
576508
67424
94548
814530
46686
217192
553584
483448
401283
501138
214844
301892
428621
827737
515250
253917
300048
629539
747059
734066
976961
953035
673543
705162
72204
920777
546306
795644
644548
758593
465410
951304
312245
428133
521044
967761
709653
36167
242038
465208
113753
85566
927543
307030
188901
64692
684667
462101
168731
336395
913947
400300
318357
19178
131433
329205
330093
94376
200592
496940
652921
664019
81242
74374
763732
141276
838028
810795
322391
897571
255852
121362
100967
374939
430051
573688
800744
36250
550077
456253
82256
577216
936012
344795
522198
1729
562220
925699
561288
969424
695970
915222
7868
308457
76190
220477
218782
712571
139552
66981
616297
109233
940663
995290
879665
193052
488035
460415
160860
513087
964828
240680
632817
628790
45420
96148
402376
802755
784951
440266
871265
815798
711387
228174
92817
933305
946290
159872
966231
843509
176628
564114
425293
362085
190138
900964
646906
755381
708637
736126
434564
288982
61693
213161
938371
35553
994270
413034
936496
957349
37868
374748
86268
944463
17567
59689
83453
969269
113721
324965
803907
68607
880428
498247
933001
624754
632922
941572
121095
200218
978164
823114
238629
290516
68803
435798
56393
580661
451973
112690
333201
180890
497775
821902
783261
533710
199378
23354
135747
661905
165528
87742
695526
237579
258605
683991
897569
618893
599738
606734
581852
854591
192012
236533
368065
993836
890259
965505
64649
587367
934087
116543
78896
982424
326565
187957
324231
413926
214295
849686
668712
424195
440498
869664
63619
845903
373849
729366
86551
100714
521279
363093
399613
198809
887817
543958
103006
857619
585681
502335
321861
194409
135239
382502
450959
275281
790514
926627
251135
101774
699220
257168
65454
429053
607916
989343
780447
46781
179221
262553
754865
108796
884236
258095
280429
663899
268943
521406
608576
317821
228896
260964
689730
608881
669609
407225
173876
439353
939449
59117
848713
341943
531628
635964
272731
928883
339753
637008
245886
125963
821253
305203
849138
567160
872838
82542
549554
193080
131202
313091
267689
27550
18405
480132
934852
784050
601040
974799
378338
191302
776927
254631
486185
447382
655427
991791
302450
298714
843918
292421
712356
272428
897934
893880
771486
920017
732048
480936
437646
439910
663558
434809
754015
495209
381443
638899
346703
525600
151778
664697
252318
95721
539335
696868
28706
114400
710205
473532
246136
773670
941887
818642
147669
99348
766226
429821
738874
958268
201807
169647
85638
410328
217471
68467
5157
484114
362526
990725
313510
88239
527874
155214
962411
531417
466005
831162
642169
970823
310718
291832
256751
459083
621855
97357
861268
977272
575543
498837
832713
357549
156583
619224
617629
159619
237649
814725
419647
941199
358428
157198
983374
618964
243348
416991
332557
331336
645551
544764
635058
664449
809642
835894
265501
969532
70866
340041
217446
346506
932511
583061
160399
309912
544891
328183
736217
900569
390368
253124
921458
523666
235742
555937
883275
672449
77372
120258
309384
746795
902262
325885
726353
684545
997989
50442
378566
987694
666109
809882
46543
129152
553328
890000
59921
383408
788847
430112
967612
264656
820496
345859
764673
236496
860299
953556
139681
540396
111966
383114
54113
699830
209681
110611
350490
239995
452308
912777
106924
288597
445188
284947
659474
87629
154956
746395
30865
991658
450984
153895
978251
425370
958917
296214
205680
216956
780228
754681
107988
653000
755550
766220
951899
327132
209634
755728
741200
805091
754137
947974
916373
232740
666378
95626
560245
511781
13785
887369
773909
509561
171786
421024
24842
341869
654883
185234
46340
531851
615216
30502
767079
278025
977824
739355
665978
812114
643981
232137
248632
754670
872601
615254
970372
273680
200691
608977
278138
139900
377593
212270
727777
646163
547448
779678
443196
413820
662542
513995
332095
572721
919537
734317
810143
841059
530504
714508
174658
959499
506295
378770
918998
666895
386552
248844
545918
901772
497572
418173
414246
990086
283346
788639
976311
365545
409174
704823
688742
191163
132267
105875
437415
725409
685867
591203
631424
510667
732218
67186
853112
639804
106243
828031
594926
297145
418906
517180
27781
569678
964161
626018
742269
941879
973574
649903
424093
97586
108106
391678
644748
593183
841692
398081
600512
859600
35459
240092
460174
339315
402778
822369
407199
459993
690390
106212
23619
88738
345124
305787
870111
119431
434541
670036
621762
130116
587771
63219
538390
914976
103669
725894
802354
149786
398854
511398
936588
190834
967324
82668
423244
800017
845261
812334
531963
205910
204628
872725
936666
805693
828344
667548
358416
158574
19853
143527
818491
768928
452372
140094
777895
130920
73917
583588
159260
170338
930318
323672
645649
995194
97563
319271
754879
846040
813941
433708
840401
674406
31264
719846
457783
996671
497851
680308
437018
356085
15684
903471
768042
624447
711156
80676
940627
314045
812934
308076
251853
106
381654
739754
215186
180125
268388
724321
869739
719164
758967
425456
451492
113725
187870
823851
711134
802970
503250
822806
369603
883601
673975
108992
795604
466709
488833
15546
492958
142228
264692
130931
611659
236966
499139
997873
170260
675215
467418
92398
648532
993585
893367
697037
979320
184401
795123
444087
659475
81347
777375
937814
432526
645621
646665
350446
1020
235670
460446
161043
654284
288097
696809
606219
486040
3018
554618
237888
949274
228163
616674
907490
619581
237547
602202
726551
116049
462996
810179
920608
142873
681583
44104
968329
957567
40535
712095
454348
943400
506550
921263
572100
881057
78040
625228
636233
532280
660106
457245
942444
712680
988014
769951
748304
222188
426974
674050
41763
99636
433659
578097
454328
81845
679121
698415
444483
374747
772264
140445
797168
311130
447274
648024
12384
688226
764652
747967
928640
226865
63899
804626
254472
408194
944516
532725
367693
96739
74943
809236
656644
742692
153337
714209
869396
44587
893277
751482
743510
637285
578271
407333
680492
326039
846309
5949
716283
517202
441873
276966
528774
699077
294575
288123
200296
670829
285560
537610
508142
907559
916929
597557
688911
509605
208579
641017
223496
331455
73095
295179
969624
646625
328302
62814
378581
296483
181658
199937
490218
228662
573565
697254
397806
279801
507836
488510
723681
979435
545343
560575
358661
643452
475416
92871
900375
958588
25869
135898
334953
456245
427268
933512
286813
26900
399242
850410
214592
839169
825663
189770
418368
641873
910050
440546
451595
154513
98997
574845
592774
229827
572492
758138
878567
614501
180280
471664
934640
781036
440842
984299
223177
275536
246854
315219
224376
899457
577318
530605
211071
217207
225543
429371
293266
378727
756469
986175
612723
18897
20110
910046
183404
982646
452437
381791
599144
632231
721365
772114
928559
852985
490223
545613
400509
736853
643139
600594
951741
621292
432631
601548
350887
346887
285159
622904
618099
107132
629097
294689
3064
355004
57339
461572
651622
193226
635276
325970
906652
729414
636707
200787
402791
204007
44400
6311
593752
85576
410989
447719
173185
843673
737393
880811
928780
502454
108049
952101
497399
605460
976051
381355
469679
873560
130544
216914
917192
518082
566949
538805
221463
317958
583895
519829
944365
579963
309888
62107
833456
945388
72762
612792
311959
632781
127559
344109
415233
558792
588859
124199
903219
840820
606087
575170
382061
445991
585826
404206
585383
201506
74965
782767
207597
984555
167204
485438
651988
341432
910804
287373
521944
20999
465950
840936
347028
910538
135214
628855
574492
546560
300632
87328
993210
188511
698136
270601
631876
169901
928516
135867
646998
22447
93904
258082
427442
240760
709501
432240
20528
635874
520096
319138
770979
125339
576779
567323
586378
473815
719066
278316
415024
745251
648732
501109
189729
279770
133403
208228
453129
571440
229002
406428
567658
272427
825354
543346
379705
747314
481816
843537
490134
225598
488023
408189
718183
730925
303094
908788
929424
784757
747454
846833
426832
474229
935099
678474
310843
474343
277380
502841
575632
293938
354536
578807
867894
826461
139510
497028
146072
303581
812265
67460
369114
622159
536750
170307
243894
9217
241172
720473
65976
823146
528527
484009
363794
970746
140073
707843
593180
445004
600774
233129
519020
505209
775762
61231
863567
728646
411209
894395
806625
49597
168994
568044
486862
40089
33945
155544
535973
779674
525720
720941
295126
291641
129409
27129
51208
129462
679962
137732
701273
968653
364822
876955
769139
791110
493564
636136
864391
452524
179382
992636
13033
433237
220600
256815
769608
879072
201675
297503
571400
12222
406389
584212
182590
366694
971463
88900
771079
583660
235011
488882
465222
633132
47399
628336
160376
186016
729946
430662
343477
28946
142834
962219
363205
135275
321504
424688
513500
738025
969721
984444
92980
690351
459233
67570
837957
704246
116438
620719
385188
197025
683927
975983
317429
946863
317167
305295
591310
304010
320993
957357
754282
463164
495793
599275
802887
465217
393037
787091
31453
924919
247831
657556
241211
711282
305744
106283
128511
121900
148834
889501
290609
576985
592457
278944
941308
298777
264864
426842
880907
25223
102788
927297
449404
470382
181543
969633
475908
362204
811251
933180
480991
916750
391448
965643
844785
761226
163060
525859
284030
954124
43486
93555
178435
867800
259471
719978
4591
772014
280750
495285
605185
864668
156023
2598
730431
533229
355015
948336
568656
932095
206790
600846
196663
897010
20977
381572
431660
96893
254595
623102
765209
18522
531263
261204
755758
983458
349789
490223
170017
906035
91086
898629
525381
281741
239790
935808
966918
244988
926982
945533
21439
393392
722426
290415
138040
145192
583573
538660
284287
334797
698991
364704
261409
516763
286457
821157
656389
218426
51813
667732
706982
214379
375348
469229
349419
188573
600413
583283
944549
974752
670039
691371
815844
271921
666308
671426
227830
667315
203066
414350
182718
728575
128686
101805
501100
284946
292159
4682
765790
879973
403676
801342
798803
683546
255060
342418
281096
78930
838649
370851
151601
367387
922543
723614
645333
840839
753686
877163
1798
64024
370513
717479
806332
839639
852211
254921
322446
11331
576390
854118
800140
651175
497015
965775
65403
543877
618081
340568
320814
643374
315444
469940
876349
100019
985154
868860
31013
391157
548134
461454
17980
90649
341137
671890
274382
793944
746098
482136
393049
417971
864577
63197
881378
524547
529129
637357
748915
603310
961680
42658
837681
521334
968900
654922
242781
506027
468163
426471
467815
263937
72999
472143
545002
69308
371884
36340
247049
350344
174175
497534
320676
827941
864422
521812
235574
982719
667366
655418
16590
624219
169172
640916
958567
735662
218844
191049
540902
455560
880487
346115
466801
98541
753165
23314
238631
411204
763479
455344
426943
71401
152815
693023
798656
278237
885350
561775
436314
717021
565666
618780
541088
459344
478307
352148
97699
2457
380720
952661
462636
652621
685794
173429
111509
522430
847180
984187
770372
605430
579589
529963
359493
887552
478165
475808
691331
887455
475896
488785
771427
174882
53073
589941
681726
714447
161198
485315
983096
952316
3572
735507
148673
541502
632999
956576
477736
893496
758744
715823
673239
154453
366700
833992
150127
149264
713796
572771
219585
318192
75534
815391
638373
63378
696424
463275
361339
588318
396012
292743
143676
30620
782748
439589
689980
244255
972139
339177
632766
549343
354918
440848
139571
41509
871229
2924
676561
137951
74930
141709
504653
108691
69981
165692
579316
648880
149465
608225
674923
304896
170319
928516
540353
440058
494813
773168
956590
689269
460962
228596
530731
141814
712744
111939
839789
308202
822767
866427
70719
97583
140370
790978
212027
452044
926361
593613
893924
143682
859802
594746
63075
657338
23372
510621
108765
794909
376361
245528
717549
541955
322303
585188
840259
445763
323540
913324
922136
353321
812660
653592
728461
110597
526425
177063
553631
877344
117365
893045
342793
306954
980510
742812
282615
242319
238294
970167
347874
104968
41398
66434
218956
522765
926775
786909
315418
704008
627485
359151
451593
54436
75201
176295
39886
592613
872185
510558
4559
443794
772454
354265
330487
583629
835801
270506
491066
191811
938594
37045
983717
732862
875319
465168
667616
461911
975294
212996
836
995593
718455
828657
931667
610722
945929
634381
196504
598738
205031
738189
181852
287718
601695
643036
859074
523022
395135
200776
513856
242266
118244
783740
580922
517508
65568
850856
394812
192358
857863
723133
45524
754700
248343
410772
879818
626788
287937
398958
784382
748690
297368
986070
85020
133472
350421
864355
379517
833491
883141
964890
290781
105048
543375
534512
713013
903645
363622
941420
56501
793981
512199
35563
834528
534867
436207
87421
34819
950448
399069
417517
806995
996199
723711
907934
14946
804421
755452
526865
864510
487902
397981
699139
21542
305090
71193
267315
694954
270223
196219
635714
644446
512480
40370
353522
696570
185507
924085
677201
905169
751497
116048
80815
141228
435478
458064
516618
658307
534296
999431
77451
877271
79604
149181
238249
457839
902555
938611
799340
227309
715804
475221
436044
402955
225684
243515
21432
478583
691968
221276
666802
178377
870771
301392
162519
775901
566435
269759
633084
628370
827677
52267
689333
829086
876377
187544
318383
894539
937448
886356
112445
668049
140937
625894
195632
458449
937436
914583
814942
663532
780718
831767
384581
856830
377523
912782
351434
581562
466129
496065
269658
458723
768024
27036
463729
618341
830544
885346
960505
340110
502508
703726
782346
797740
140378
510052
703888
518147
335228
598202
326155
322411
966064
166364
963759
189124
913419
684161
758379
928216
33445
744072
16327
569739
96846
586510
557990
621825
515999
196047
63339
837068
375531
805045
678520
48848
257683
920450
211090
346998
957176
43159
531744
191305
682124
523487
66002
556912
761218
742107
531999
638088
623652
2058
524774
884190
969346
684276
309046
67526
439624
246035
758441
994394
312681
997855
284203
326547
115063
453685
372632
503037
840981
220131
260036
615322
823620
920082
623572
444630
700057
768528
932873
917153
592655
934841
897373
153966
415801
389186
963206
47112
279632
385762
876759
186316
515690
897246
188998
359047
389260
634223
518216
661676
847638
450257
102616
355954
953692
925803
661975
881096
487318
294870
98318
654390
41837
366603
722959
615826
963061
175214
172345
655195
531002
278577
628249
930357
596531
597350
266989
992257
531860
737061
824261
616664
369023
582614
512323
592357
953242
379996
206593
29404
323324
444511
651025
634395
727296
333236
952159
292827
412732
582058
194547
186514
979724
96115
40147
415401
846791
792749
929350
530325
433748
926924
425715
673748
808341
896998
509287
687942
788224
628315
237109
314086
779087
224927
31095
535971
620622
838502
968563
559391
877585
504682
410201
845443
747656
849500
91945
241725
906411
804197
291378
184023
932111
63383
816629
80757
444443
924789
409832
405611
136724
642139
725910
598457
223251
882508
835428
556644
412057
81622
532142
64625
491001
853604
411727
225985
35379
81824
445504
827396
253473
636034
668759
434203
32650
887930
255537
523342
970901
27830
777899
829798
748440
141264
822410
284777
810189
258072
69819
175984
501669
552185
336756
141286
662071
713290
506872
591519
435665
441715
519034
542994
707823
676282
570009
986741
170570
909673
525002
271604
711
509854
882964
377421
213008
501295
506868
275275
320128
786807
120992
512156
318456
47426
956264
252881
265359
936720
311993
88562
75750
487370
188924
832828
592217
140991
599899
642553
121361
927704
950692
39545
729398
838752
864134
581042
780866
409578
906487
78002
240305
302686
190392
464444
290964
909668
51888
959111
794565
885228
209845
178511
166709
855319
639210
358805
521761
161285
211906
857210
917667
62780
36259
233780
112805
885041
433445
189866
723760
109623
597369
838962
567330
683521
800743
769124
178558
964117
190191
723227
869086
859216
864657
487048
447043
274128
67817
418226
785485
418433
535154
699278
932294
811208
292331
529526
72472
16453
638166
715914
715103
361353
85085
198944
301529
300500
731664
521192
890682
349769
634889
917601
704477
739568
183473
936946
98772
295656
958683
384230
872544
650535
919565
334727
549052
960879
99552
515733
797460
398032
907581
494244
200915
186068
271111
298639
858713
563082
256983
994972
732172
345010
298338
638510
582982
32514
302071
265825
975980
936659
563493
583686
655966
609131
588218
73595
836234
791143
282086
340453
139163
279173
511613
221068
470480
680076
130587
255636
526759
562712
98529
414228
783735
922822
372510
137365
189853
863544
951754
310953
822222
168773
661868
517861
590220
822016
556955
942716
422388
422243
813281
588857
971763
100633
205819
809688
455961
63973
212413
338754
355974
230130
263378
635620
414145
817015
413985
642923
400679
407494
465164
711710
767680
89906
465746
167703
697133
969499
112148
271647
440126
997656
166389
292325
260128
392255
66202
436891
362547
513171
546896
999790
610618
944331
81229
650847
221932
867131
43023
250883
999911
463905
646625
862739
429636
42127
736828
478385
16581
936048
588426
222904
476011
179512
732038
392190
962532
137836
281471
292713
125666
995147
343034
668011
170567
818648
125239
616603
945276
325317
482188
786225
883105
272317
150702
219358
194591
992718
597263
542918
780121
926322
155489
466203
268352
215289
978872
79831
320709
283540
618765
37013
535210
567808
897118
885709
461426
889420
882035
605098
285047
958217
774460
118474
641306
505550
339735
49873
620052
214565
553389
997738
114795
452822
904892
829724
280257
448397
680943
427908
304839
360618
559401
992117
252238
37413
618016
690153
883838
432732
207078
980514
343199
627195
906308
998753
531029
84679
165951
794882
985257
876871
245436
568306
568001
257103
76735
899151
635058
14506
855567
963354
543980
768035
460918
944155
9044
110320
485797
434706
705839
798204
627316
848853
261753
728976
512134
382475
571670
106589
983498
4291
543328
320744
344863
728562
933599
69906
455503
789959
894294
236483
702524
113261
411450
456819
323737
843996
636286
67797
241487
660124
487113
756384
331071
813592
255113
852987
65447
724763
832289
593220
385054
914025
438718
245116
177657
124860
546247
886611
840400
253018
67251
368588
351835
879951
562932
437837
198581
986061
404305
222086
10179
568540
31697
879547
652398
255679
999571
658863
553291
859621
362171
386095
484700
51401
129863
708344
11632
695527
909695
565254
881061
469786
142923
555642
612878
617879
178590
789414
747567
119424
544336
928249
138917
31270
192714
534210
595491
690398
710490
225378
702807
171966
408871
378899
676330
931125
222398
425678
200486
325956
662474
907166
373299
278941
337187
494271
466682
908886
494397
710386
282539
585866
149313
540768
500633
650252
434488
808936
337218
557385
478564
168583
305517
484217
665577
280867
452780
263618
193128
333364
279297
395561
41069
609232
920221
445429
247934
989009
624963
22946
364500
301924
55180
775743
836326
762417
431107
869669
599520
504802
965936
793172
711987
296787
766706
719403
871366
299988
86021
31939
459146
95773
498532
762154
33323
600655
20680
426359
725410
628707
734222
91726
269415
329393
540726
225266
592452
905183
713735
108482
883781
257380
34897
836882
452172
969336
595915
311527
473472
971482
917146
204942
468517
813757
825843
638169
62024
382160
686615
244727
330385
776041
261053
285871
2426
647565
391694
547961
29407
772382
164618
524921
213099
41506
351944
581977
213618
508587
475354
327042
60702
193513
540111
449846
619776
126984
968145
2445
973192
684295
258799
761865
344016
291799
989814
188760
383570
253035
516024
844007
821562
707554
298158
736478
697047
323919
681913
663035
795434
315681
687684
784526
924257
989940
464454
160910
555806
582899
697956
740311
358319
579111
914995
574081
332835
55905
652443
206686
488306
287424
145367
590927
552795
879008
527576
204547
451211
245855
554505
237646
969849
621261
350638
299938
807951
578415
835302
742252
933698
366960
232719
999117
344834
41765
343816
824371
977997
190523
203346
240916
34591
896704
191311
528519
583172
280202
478637
25535
529677
806344
82972
939812
822241
711075
265722
479119
400299
2000
566929
304866
118065
266805
598262
657603
720516
318325
496530
703731
230739
112602
226429
232654
219227
877790
559046
861601
586106
285910
354639
452003
840353
559100
920981
557394
804646
564503
188238
923307
401529
680585
17259
617798
605039
161205
816317
977995
878970
841611
766196
769429
346554
223089
19906
584353
163564
246671
134493
653234
425472
120439
930980
271237
6985
924592
99481
782956
989838
804446
744076
80010
430589
9487
43225
538922
115007
514020
174280
986428
197159
887834
917714
952876
212867
7348
264195
519328
488341
626503
859707
437647
670492
299873
535566
430201
279435
982999
616203
139590
653339
92842
735130
870399
990716
845141
695167
52707
834279
974710
319035
487015
266703
395734
190481
482574
71797
739543
818534
154208
785307
393721
449025
441866
712208
953672
724211
583314
906986
300582
323408
45556
376146
353905
26075
449502
144185
5264
193984
434757
776425
631007
949370
804258
40886
395701
570197
398541
118163
49166
780557
91444
832448
422106
644438
706936
157985
669345
360117
723108
43562
367761
117323
504842
89847
377573
401522
742908
925496
270580
129088
376164
357962
139220
365161
60993
737312
601385
167873
14526
263648
189645
27422
724656
738698
355933
628060
236077
605587
700126
486458
348163
632336
907083
458529
551004
126094
930556
37253
279788
365630
335604
873700
881812
28301
670215
935276
897239
754386
258470
415161
488053
456097
103689
438140
613097
217789
997432
620983
427964
113513
179381
86692
779333
724127
505481
95926
604350
175770
469610
778295
187971
836494
195589
253648
95785
728504
667630
102119
561080
376143
25122
236066
370951
714010
190709
375435
987187
373339
354140
344908
249531
920105
763417
539865
882427
520475
887487
219756
294979
768864
74977
710956
968980
842924
646043
466215
737206
273485
356348
304894
924088
876444
142287
584032
136902
36302
354628
587182
806816
580394
218816
899070
595773
55125
215614
578107
971899
523465
159904
236458
617409
664036
535126
992647
533235
265693
473129
121678
208465
79377
292133
308693
515949
476923
570273
988118
787590
158083
368236
14539
48838
459949
409238
467250
290965
167410
837208
873712
670040
155500
181089
37970
969290
307946
840958
844846
949813
84771
534628
698408
699404
494216
399901
132176
836456
704306
127758
333737
501277
148987
903457
954245
998265
302760
24211
407372
375000
81476
584667
161115
914471
936776
836278
376520
685235
622518
641995
516420
907309
971844
368256
571610
382141
695798
85849
668500
268479
117829
368135
365052
712798
341179
780053
62208
252300
167904
392170
138479
612891
250062
870204
472096
855739
969185
568338
152113
840272
378315
46643
279277
438319
846724
657840
357511
216310
356382
583499
35651
784645
886966
491011
774772
817757
132614
174589
456544
728083
496024
35985
926655
158576
353877
434414
905890
583080
272252
101994
1713
64757
444910
286313
328973
969488
819365
423081
445652
393996
456325
661033
685442
91471
739275
638196
982900
308141
505506
884302
367561
899618
266516
330361
50081
409196
313629
130980
545223
576771
680220
652401
572203
112566
78307
723618
462920
406244
226605
740127
846628
682515
570223
980774
529334
796144
856647
577679
633697
15780
648977
904059
567071
587471
218457
659097
797625
693539
481962
718100
841842
21344
140229
647325
225860
55207
150765
822544
401922
222973
858271
61829
97116
635807
178080
532534
51841
978045
978158
870216
199839
787220
100696
287160
828293
879531
229930
748579
781162
471081
116864
947505
664327
845393
186107
548127
429599
65692
286866
528105
987423
555186
376128
839888
160223
23812
154651
202765
859016
4936
647557
293074
788433
233746
541755
737465
517922
604556
48523
501132
663193
463314
747554
340080
429866
687660
198787
733422
994976
893737
105492
829983
603843
682644
405843
681268
768658
293974
381926
704991
534640
80936
471119
393570
635995
10930
626878
969010
964055
67589
311040
135431
263593
328370
141974
30147
702079
73349
325984
703548
165485
545185
819000
448232
345810
161657
854492
584484
730521
636264
605187
842273
225819
973742
650960
267051
707170
140616
951524
346007
792777
756395
463438
663241
434495
588060
232157
8928
36330
353199
319319
125694
325671
456538
742082
735671
508592
799285
901087
964885
325079
80336
797750
130950
438191
310129
12365
366563
47817
215272
87026
192221
975196
760721
839160
640518
412414
778086
190270
403961
709327
147134
932586
748904
204725
971814
484853
55168
208961
243994
81824
825211
530352
777953
416453
76545
364302
214210
692104
118716
758198
808294
268972
962487
72052
162572
735810
451057
324043
850658
364412
510532
179858
289031
721119
799981
734584
347227
375767
955383
976425
901887
760932
747849
922441
703086
936883
72584
232286
899511
516999
571242
589706
799382
22806
116313
508917
819182
68464
766399
881865
702182
365082
22580
80983
857821
402297
92674
304407
25483
19690
305041
925836
83829
16366
32372
308550
184460
508291
238990
958785
767331
429006
846754
390635
258700
89843
206455
565315
371726
570375
440164
37213
920644
691293
368445
714434
807829
264317
3290
734964
405195
700275
258368
769550
896402
492867
622063
64458
757648
306490
916104
887581
811739
502431
595480
430205
278811
774153
833093
492546
810238
668426
225811
855850
337937
278409
475028
239991
70978
972590
610538
34931
396271
852086
630010
90836
265642
735270
175727
369210
300556
941019
229096
446932
498162
236608
286912
218787
496217
459034
263927
698263
198866
709758
379777
965461
154721
200098
858795
367066
774584
908048
799910
556985
535819
409718
650162
875072
417168
260251
961192
915321
586581
207468
177188
147340
79421
760820
951373
722754
397144
740587
305410
706916
957342
895845
538978
611202
902920
808363
792376
94095
447372
33895
885122
870377
308275
743032
547420
785847
874648
919014
894094
65260
604799
665135
858670
759656
869007
896448
858611
428349
894701
501951
36120
605198
851831
313029
32745
799508
497114
929577
863406
630010
890129
228856
873969
353448
993339
403968
60908
280606
849239
253131
365652
130614
297822
305129
606268
153740
919100
582311
515496
512761
206637
866268
111407
263354
476593
343457
501835
566319
90859
629408
445441
330816
936476
665221
153127
346010
881654
426770
394583
856727
278176
206735
666671
384956
517637
945694
970881
866523
8665
673581
698846
635289
455402
894084
577338
590538
510430
852350
337404
882616
87311
935636
208293
622019
943680
587989
301018
694626
371130
152370
871887
686215
672583
479029
880402
911969
915466
103506
452146
428731
330617
718358
323722
999234
568825
675836
641453
16996
849492
755678
74223
69907
373017
162569
893262
197800
657233
204201
835964
537637
980057
409955
196106
929875
130785
455170
691762
56458
115008
821128
44673
741135
292849
813478
216031
517527
452142
815944
501885
977578
194727
233351
505753
500195
836831
193346
774961
624276
838180
489735
157826
966726
724521
189994
378363
440093
193537
490040
730819
645210
205242
257862
243684
307579
501972
797730
818706
634621
944285
599403
133276
752897
352170
100797
688046
191437
883059
363844
322624
88681
682444
40882
777759
379177
379900
354315
754966
979595
832060
737693
799929
523318
163790
367566
604685
132003
24438
811725
867607
899287
947417
197163
131072
213710
53297
433602
894433
138420
425963
304467
31665
716172
584670
908782
937672
706676
270183
223178
639695
508671
761637
817333
249607
696834
952654
790821
409714
694251
117804
129772
870177
611914
536952
70346
545307
373876
37265
161244
746471
251708
878489
899891
938359
516194
661357
929600
903345
367496
261502
683050
130842
504735
888017
410498
623585
274529
158991
350414
985734
302455
402889
620034
553829
222714
113997
798797
158307
493718
38749
848462
877428
901195
7890
657639
402886
216589
618509
488490
516429
677004
767125
269489
102252
703182
661138
923722
387197
179511
177445
728462
802557
589610
989730
764115
764247
288074
472875
690231
399051
828442
135786
831261
739323
420546
334634
743668
993746
956211
378579
491891
263505
203553
152896
672609
603832
935983
979903
918864
186573
12777
101028
779562
66315
608746
913610
821283
686250
275934
74599
813710
86983
606818
937803
187724
7921
543304
430901
426782
91472
832566
502866
28316
793329
458798
990611
701311
740401
391592
553321
543512
413190
170267
571808
509219
477989
268507
172053
101174
63635
347548
653654
682900
877900
491412
682708
932639
549513
505535
278727
608297
273586
111740
53087
819243
16544
722708
744546
833614
829197
37979
681895
990695
913691
242672
242029
721024
807614
400031
6488
962897
225222
471909
998026
141646
55628
334483
723226
145050
51065
210955
847860
375001
189934
973223
19469
456611
333459
850170
305920
513172
453951
401582
207946
246080
586817
119692
423967
329092
476937
33435
333927
242743
691638
549279
127960
670400
444029
931778
726065
286913
212147
644369
27600
670065
899127
949725
253424
266888
149950
244994
993219
195411
510204
476676
788072
831783
445740
278933
153993
208434
663420
370995
776148
473709
522904
383726
98900
796845
664786
39303
456555
938329
985771
634996
65774
209270
662657
222017
97565
125278
332116
135632
433149
590800
918262
539713
171028
33888
214671
844652
961729
906831
994442
2635
67829
729845
148640
115701
268562
836187
162687
486085
210718
240229
544534
31641
361700
358572
585664
739574
389479
732970
687434
279945
743940
559631
941859
126793
124771
479408
841823
961976
700569
280159
860968
236359
382302
353621
135297
118105
573734
892236
445880
320992
316446
269994
230248
678692
897092
93463
329832
228962
679203
975343
999124
742737
762794
334739
723509
334335
656360
713306
513936
712026
919783
21925
256008
769099
68962
733265
854256
672509
852963
155461
60913
800828
831166
575466
163477
803960
922851
854266
672942
864488
820452
710514
701477
167755
59332
395745
811106
799241
331960
706723
685269
473337
363389
567207
650784
341692
439125
734187
472481
206982
760735
239818
913567
347069
210514
674603
901968
207353
316502
195803
591492
22828
873663
89781
297714
736923
411430
89470
999325
616714
53222
234445
444643
340534
76016
472551
493794
865084
218252
114985
40263
444887
14957
136670
742708
180358
271598
713521
308045
894092
162799
71356
157280
569105
219271
857470
262191
493222
583396
901867
547803
290406
352006
281694
60462
374840
988372
653930
296644
530672
275546
826446
770711
788245
883104
723846
423590
185277
643624
122878
334082
959701
554051
74530
571509
710589
597264
633616
488911
318096
181010
57903
328590
652929
592429
803801
798377
42657
207805
969844
630201
711997
438163
680670
416325
939107
34381
342726
940520
289349
349585
883608
631393
886839
548198
864464
914743
29011
840623
274160
740743
952380
161732
223885
866731
367743
854766
998851
884233
485973
821183
891400
1845
46789
517388
805086
451780
108326
16073
544930
803438
39618
555199
209218
11807
675671
477420
901772
616154
949687
469623
115873
193994
508239
970830
505032
597543
401412
530462
416862
772353
817337
304750
321323
381421
794029
517529
81041
739337
913282
95910
907038
453997
824280
383493
66368
798063
451480
218280
851480
507795
389261
143548
298791
950990
573676
398083
610917
311349
77236
148048
163696
591815
861104
995358
48994
255443
207834
540428
949051
455
993818
408505
367741
599191
226476
380280
464855
412422
676895
943216
41977
245332
905657
227987
587846
680708
357112
445945
316136
135049
968435
590040
294333
349005
501023
234082
968878
780957
349870
807291
936993
319092
251730
787926
763844
345186
990432
110699
971402
984920
488527
898967
362035
732051
26655
383055
141187
194723
326422
49090
990740
152087
19877
762763
464391
791815
343274
891344
804182
467646
918607
925178
783877
967553
710351
871633
855991
931648
152473
210419
254493
167128
219981
953776
181129
392963
531619
299909
744993
634845
469803
190964
556718
304531
58415
853372
156564
611882
18548
793338
77532
25002
869919
270812
253869
264037
193909
603133
520538
749927
849787
378594
689493
802043
369404
851408
904064
66648
879145
876424
256612
694183
534746
871713
899771
122866
851891
523456
197991
693994
766882
333750
201350
574229
701700
102709
480477
105554
561575
293424
980209
354186
614186
80207
962100
610165
367873
717580
999837
550982
718677
24813
252560
802741
888840
636638
288893
966822
654870
75370
885253
350715
275991
84886
749846
221427
464417
339674
484631
728765
48714
211965
233599
782173
56202
255564
379264
953722
759615
109686
501281
511873
449931
918407
368490
411834
776920
727103
251256
28517
819388
104206
818544
440656
769655
143151
850704
897400
435673
518558
772001
629849
6209
703735
876297
646933
936064
320941
47613
747901
634011
64227
109779
300606
349935
484842
105653
857514
879919
439128
807730
781218
859721
220609
23342
602782
702440
794069
791098
9689
102482
320278
136894
32411
550769
254068
735315
505444
526894
12870
275693
417522
116601
40359
319797
297712
329637
273003
67701
642939
590193
137149
458029
804881
549474
677462
486915
341656
802571
140572
161622
459337
127663
53077
29043
128887
580605
177670
927840
867392
77369
687084
941846
33423
497404
312086
50381
681802
709074
951901
794799
881503
137601
762882
232174
410150
603497
518370
760305
614259
851975
338264
312681
986236
303827
475119
28867
484449
349258
771778
602486
677084
886726
912051
504123
428870
320136
387396
780125
12354
589400
830485
511718
642571
530179
228282
589689
318998
261315
728120
360702
947619
134589
473821
316087
232038
909732
508921
467378
50892
241275
28092
752023
304684
544631
935405
943137
77451
370370
843333
319913
499084
276188
976678
375134
523378
731100
754555
483217
45715
939029
839533
657517
508956
170900
919550
690052
713403
86917
589446
736324
343021
720501
776136
643208
10596
332465
510385
928715
369236
428366
638956
474679
987162
397698
873700
347484
509065
682928
480791
171772
236435
880833
58643
787778
575825
604397
847441
694803
94575
553306
191467
63101
839479
480219
999866
187277
402808
175001
660560
854077
197458
888143
295183
793865
981857
394543
61156
341090
124292
84514
633124
682044
905225
395373
911681
793602
56887
439663
866536
875242
304887
886150
441531
557666
447967
184146
520294
705513
563612
400657
673760
191931
976188
402858
232384
439844
134294
737029
444217
636022
454742
498839
930804
52054
46953
960891
763208
985200
543489
948732
74521
141515
341125
207343
621770
822326
743961
958333
269600
439266
391301
855935
616052
70922
354052
553026
844052
399756
701228
742826
71224
502812
231285
729842
3740
320974
532263
13329
986879
878800
633892
732856
945206
645690
111055
790904
78445
702718
790168
506625
160187
905978
774758
57349
591265
755756
489759
769980
695520
397061
753367
311616
448564
66198
12946
497496
177776
556007
608247
570513
7351
974567
984532
197832
48468
614589
896392
687301
22327
85309
631377
911618
799949
261302
950323
534025
906106
962152
958273
798523
622262
244627
619339
358188
552897
53610
883492
930924
107908
403430
968654
539297
831302
76728
633924
570256
540679
142230
242468
720890
930045
483255
984504
91875
900584
180185
691552
207790
111636
330175
669725
636836
691627
250361
12796
875091
151732
555739
599645
843411
844652
996815
44255
440548
194879
420999
406441
843699
102051
742218
598168
987835
608338
54320
87680
461000
113890
489321
164897
643799
950338
830519
549800
891674
358483
162492
747998
366679
952160
253613
416433
276400
362812
938470
346397
620861
69431
344216
752247
200405
611772
925149
349846
825260
441034
374444
613726
210262
913933
736808
650986
77034
499673
9043
651094
414594
804418
101984
400166
76254
90650
239525
364182
374440
327176
638063
481662
594706
652865
826672
634402
944667
204646
666771
121876
215473
880698
741488
455238
825777
972606
415067
382768
989194
450155
935319
411482
771711
438156
550952
325383
133643
254773
239046
39102
529118
418723
724461
317813
775174
464562
60306
172253
460777
647285
221296
922117
14254
475829
783679
894187
647484
613769
866246
798310
428762
449103
22152
637801
707062
292100
942682
174324
914113
342214
361492
525405
886647
446819
912870
690039
302460
893213
726082
659036
551842
63100
890871
554012
941256
240848
852958
708546
309852
277122
30189
910463
332416
611606
163560
407606
210570
834816
111416
863651
317734
784415
865940
281961
960919
440154
199899
389302
842714
586582
591556
41429
835883
911441
172909
422672
100129
77982
951951
245183
642612
929853
652883
509425
655007
129878
645630
147190
292192
294098
474567
426760
809117
694935
455689
62356
355488
556382
710163
76520
419203
588530
555997
387770
71847
28103
863574
574866
875230
443828
413144
233557
355113
586126
173949
129328
984539
886307
441227
856605
295260
912336
492938
969365
312201
231487
424759
930322
943865
421441
903505
576959
730203
219844
146512
399999
575611
625649
441013
682071
456163
165924
13565
761913
860574
323401
74607
684206
351256
975568
146773
863775
236129
712460
510535
791871
414480
560685
12706
726809
609668
385688
302936
67761
564614
157280
10785
718042
918730
518628
51920
192020
993620
471301
939776
928863
269496
792129
35501
998816
234298
936113
531807
209263
428307
98075
257920
747387
975317
709429
611471
697818
543206
177015
583213
547569
573480
805467
148245
980477
397049
406708
163369
390587
579286
99624
573927
75706
555674
254988
907834
910715
598948
956123
501677
141890
100183
127697
87994
315580
880188
535338
984321
959436
646978
889010
827284
362804
237349
867017
850415
481436
651243
670133
334341
763010
373387
242788
809973
792255
924073
250300
559771
848946
647804
17761
254787
146891
101009
976003
751417
297718
846184
361824
533052
319841
883132
947869
463505
950636
222241
689149
314291
296364
540869
321211
750632
200028
392792
52746
543790
470690
253192
523367
568852
467641
216997
656151
500134
666687
313060
101890
126465
809309
889791
986924
544580
709582
664441
381644
534247
89550
284288
775819
415845
807777
850219
984474
264981
470654
93922
328624
693463
698326
353756
810911
691561
174468
755523
369234
58713
386898
53941
668965
423125
344869
166052
873121
936734
99655
932509
617299
30811
366607
693798
690823
221962
765295
84159
516518
200593
990810
67147
902889
458867
34896
203785
893433
309726
779399
465978
707749
819553
116855
185063
672831
152314
623938
182587
841748
950733
576895
599627
547397
43377
250402
691639
28294
629797
327433
546728
170867
757984
571173
944249
788554
627782
759555
130802
755401
39606
136438
610159
787173
432448
169955
792031
189988
824052
574633
770536
268503
440982
710955
194216
59192
108077
864379
915991
225116
228218
23204
738632
402516
87110
231956
97230
796518
572245
551460
806907
274979
317814
193094
427012
676005
355324
116490
956736
948007
410759
98445
913999
496129
562491
372926
353559
931454
754643
202318
861418
571548
835726
277236
324932
635743
28231
611354
419376
626514
742370
943847
740041
439835
313442
647274
699102
656954
220056
807392
617711
50014
703031
423522
918164
584676
55618
485806
167293
677356
800230
207695
857364
31066
227748
272940
487039
769702
34406
408235
864961
781025
948531
875200
774336
576133
104446
593686
931425
782711
454809
705048
103951
922331
750663
690140
854171
278932
895726
37292
688317
689687
360171
811571
111673
676650
24064
477313
459357
98239
115561
934843
718375
501863
108300
530274
243267
38197
311054
130494
244145
402736
322946
779366
756997
449139
326972
255471
924424
476965
605572
926319
843516
397521
474086
187180
110013
518049
347366
889318
155907
32892
644049
252798
491076
660537
265391
114690
877174
558526
411669
20886
295922
468282
603991
965632
612020
781243
412954
165135
6527
203244
448967
941097
93662
725231
128795
610224
243845
429139
962075
113425
341333
691058
83685
706537
64318
376938
106082
82899
330879
993078
613912
314898
404809
259368
789276
220312
716225
528069
737444
311345
699428
697341
574587
799823
395014
13893
831181
470450
728883
917203
929570
476851
695670
672885
96616
334382
590520
853455
165864
717962
367551
79727
342747
509799
895960
406350
886934
720418
55312
427558
788064
855943
548188
72618
917156
61268
8216
277735
28802
339878
268460
25013
580159
521027
841739
448601
155421
546243
895125
904699
664390
648347
760797
886334
734690
252487
836228
398849
225224
144468
666308
850226
910864
176519
189193
410634
205383
876013
929017
922984
629500
323136
7381
656590
1463
732979
495223
254706
336841
97179
898747
55490
867135
847354
820282
559416
428976
416936
740850
807509
381558
31584
129537
42748
397113
757284
739408
39982
374438
960398
395213
801758
336063
817269
197968
904945
425293
774840
446559
633300
816944
909354
892621
916217
271575
922394
668285
762415
652234
370813
85252
993116
626212
222202
475884
976794
142431
21266
622421
832620
117896
796651
400951
728348
112593
168119
672962
352562
32837
280325
600102
512978
482518
189860
317998
740915
672914
854191
8967
29048
181876
584442
756255
143021
909975
24088
924137
453727
842117
9158
605821
972055
713390
801015
254555
297845
949556
670780
63312
922918
789155
83920
426865
416514
662142
945981
980612
550148
505268
738415
295743
224487
668402
298131
406504
115033
530002
263724
451867
10782
78961
228402
726314
418884
183966
70886
143710
716223
342318
982967
339164
57568
81516
820810
88995
726454
137005
214570
252722
116481
840386
330060
875015
405263
771016
826173
101121
772150
176089
677482
745447
854189
176165
152716
556993
266439
504219
99950
391332
932748
323072
947868
964940
673205
387043
704810
716193
528452
656935
107102
644828
932990
818431
524859
462595
917830
168505
75819
965712
26648
655153
671815
532656
626462
328294
957254
231527
277426
854697
105025
38928
718449
500593
182751
508418
797112
325964
95266
550095
545214
703472
830476
397670
978958
448880
774255
629208
699615
834378
415504
191991
374993
708701
423223
679963
396870
980983
904214
843198
892443
790285
837268
702407
628674
6212
691508
831204
917182
744172
143847
240592
164537
856268
778218
58356
632133
261720
953757
618666
949549
285375
725346
364892
305656
763233
798190
319563
289850
103134
996783
248044
419478
875081
521434
271724
329939
931260
275664
216852
173850
534213
361132
362952
557961
890174
244588
847850
763704
910523
517689
626076
66502
996124
796884
278114
870686
355393
161951
93925
787532
27997
218118
948499
531765
74660
632328
752164
908984
252510
289446
113080
168480
649117
714022
184988
860803
377547
594628
725164
496186
44061
689078
55890
179196
885284
816986
587500
424537
39106
72639
11852
931857
317561
71373
642777
110159
738719
962834
243794
997061
667310
422249
262579
162725
272888
610249
236784
410104
668407
122535
144798
176735
97090
517705
560113
271077
353372
815465
305696
493949
934759
635330
454757
4572
646774
737466
272992
877493
471936
529131
219163
294670
433072
177999
480616
312572
249240
28168
999655
658431
277702
915018
929124
980668
513199
842470
638109
249491
457480
713203
298145
135196
244020
68507
696339
590467
809176
952127
157262
828413
693322
636680
619042
42342
698215
414603
755837
907833
601603
821080
881318
112875
683131
755808
579298
148644
206951
638272
114681
544411
735788
203182
554962
553229
406702
152447
637883
700249
62498
631506
751365
934843
952961
881501
762764
342819
288408
63954
645013
64561
278652
846701
408400
270032
948316
747741
988540
632044
523503
365324
401770
716881
423692
362829
496857
240865
288664
988129
24256
760306
693785
537190
428971
745026
2665
312221
494845
945623
337095
461078
409236
873847
605576
336570
221513
870529
403691
747061
77590
44967
470217
637566
965459
178761
515947
517508
926105
798126
880950
219830
457287
694817
538945
820591
342371
676454
107655
978365
211608
784920
149304
337485
829597
199776
411818
796276
189559
953300
603693
613404
996053
671593
511163
828105
896728
340439
187726
868039
142390
271624
160780
921074
242676
260283
460190
155810
399888
136956
628510
188465
91393
143288
713518
390953
411478
253887
315494
407247
810235
745755
243557
402822
664155
361927
404681
157282
171167
739022
28985
402058
769108
788546
463775
558729
197802
537813
6835
555633
323800
535895
295091
605356
204765
921612
963183
35872
333730
335145
200640
410302
893308
902763
966873
663912
364045
319381
250997
554237
594186
888836
186800
987650
515606
30832
38702
645901
808641
935878
423186
661406
960011
299784
116707
311952
83944
784381
730021
41189
960881
465597
892662
366555
614232
34635
742389
155151
842149
713733
66509
886141
883467
190198
299873
329762
618407
41033
444246
469250
358484
915929
319415
105542
804781
82723
960969
605693
339296
675037
547309
261955
967019
751648
171179
946239
963383
532224
770529
339078
21837
673468
108551
2013
785529
330129
962269
519195
914362
229161
175988
832365
246882
156336
351766
88372
37712
419976
210324
108617
253128
215698
647082
184352
777260
671725
480912
381194
669978
307067
83296
879380
330465
284126
127454
9229
767968
172867
423145
33893
542973
415764
980797
415153
103487
121553
278691
782731
933513
171001
443638
917911
726580
577378
734673
895136
379911
339496
808986
77792
182357
444226
901094
707358
99316
781552
722056
781810
559445
661264
694009
430052
362373
621841
251557
897843
791231
203390
366160
344049
441195
361788
809123
268043
970807
69903
222295
689959
55441
963926
99197
396646
572670
570775
275687
531785
566042
374773
113846
187247
673965
218622
691970
995324
862629
251297
732127
857750
645494
511229
861906
76169
88459
25364
826064
891723
750951
949342
479279
30617
458845
342330
503788
166656
297256
599999
982616
567351
682792
307697
554911
155113
297402
54863
960630
875409
338610
251850
74977
499583
998391
169168
705310
837751
870844
665413
896369
100792
157911
945811
717261
760090
191103
706328
456924
387153
727527
369790
127723
767054
943537
356329
702133
172996
638161
89801
576714
74632
390143
532430
189532
764881
828120
83963
436774
758111
776274
124436
300474
747129
584346
566705
546469
225998
921676
146165
507904
376317
95054
204504
53014
907888
103242
790751
281261
696867
869317
268014
304371
294339
458593
829876
24967
242289
307883
801668
728288
971621
327074
558660
255902
419823
392005
956798
101547
498329
483735
355220
747150
329705
690803
789264
767308
245891
916229
92761
331707
570539
920428
687042
131428
743399
43563
250365
143700
71426
283654
867757
727935
850861
175615
817497
911122
38721
652461
697276
322132
397472
873269
338425
606391
874105
543976
131243
316481
508137
635577
105563
675794
614271
57049
698955
889809
270168
406961
711087
147575
425
716923
759611
992888
389147
233790
413399
81929
520721
997412
547184
966482
427205
900793
637096
284338
711376
675138
702573
423785
454088
80760
488167
452391
484099
211808
694411
192494
335738
538952
605709
960166
502474
670751
773426
654589
179923
888817
314499
308664
38659
287679
287325
485531
707309
197879
321446
448433
610451
992469
735642
37049
773891
564438
699971
940397
667612
70484
794695
232624
119346
160323
886427
27155
78727
613638
450774
303235
898362
301935
523872
74195
352956
228242
793993
407970
458300
745476
81270
594793
456613
245941
601910
531491
6973
838439
126514
479321
521518
458698
906115
637513
621666
823222
886174
692978
71175
848452
188522
39039
928882
629898
801714
473550
990559
801969
764214
454939
485783
436916
731484
749646
779754
42870
990276
917533
928412
251712
349881
516191
223644
967255
67907
315631
547439
695478
975641
142713
727276
677421
610419
661028
462176
976534
272254
109724
274641
165743
899753
165754
118816
580953
456093
279891
209096
503148
103561
671514
275715
156405
11227
364018
119563
361741
227914
293077
316798
410583
993168
552922
160090
790293
671093
702502
901672
718055
624519
728562
136182
397986
964646
318644
344124
923145
343099
947053
472288
910443
523721
669518
106901
427800
268892
668360
499998
328897
697309
59375
45233
503147
58503
578825
141942
937616
750644
956857
994223
558418
714193
661571
580081
708573
817841
731707
198096
639960
977981
299279
386393
101191
905864
515181
400888
101568
495808
872850
838266
843719
163904
484529
979309
589897
94019
828412
826276
565553
736372
399121
851991
958443
275681
654980
711143
434739
64653
538757
387326
883929
779044
77806
229717
202387
530313
683180
289167
902846
474379
556359
327683
971443
351799
630927
672087
488962
311559
25701
204935
964750
611448
146915
927493
811333
2553
277801
800123
597497
454399
747269
297772
138016
38518
608638
785400
688933
748881
507645
111550
696424
281602
769113
493467
355673
141510
685565
228753
84716
792280
95544
42692
929785
743301
202657
3742
942900
254559
396005
811537
113220
445899
689455
68924
349954
91062
175986
569639
371535
485412
371798
70505
796050
737064
593277
588265
945165
983600
754416
742913
261723
130232
199211
128958
220104
900959
300609
882820
923596
649367
611245
618703
729254
551861
886263
671060
777682
737064
766463
927877
89702
950662
455082
611444
325647
90242
898726
94863
602978
158330
358875
835785
969761
619885
880815
843226
113293
102922
600566
56860
156194
764515
314741
582422
244
302080
804497
531158
292
760656
474905
733879
818943
378747
1645
467011
406963
688915
192457
299953
372526
943272
212594
386063
325269
23738
262651
586747
374301
808457
937332
495691
824330
207753
254768
431373
472130
632690
445106
580136
352653
251571
215540
342305
548460
625094
629971
558138
333714
370527
179546
785780
109635
947070
249449
780918
491016
916580
580289
724166
186188
259554
753327
31347
18583
346636
72147
342613
488612
697997
889997
914156
329312
989012
513027
405798
122114
204204
360080
362877
121217
449130
450444
312956
255159
31039
899188
488481
526800
479021
406838
580702
496814
166295
364956
728442
370589
857456
512850
421909
656238
141078
549205
877256
575602
145719
664250
683946
719061
639857
518361
691056
75220
778104
363476
588460
104412
331504
65159
537014
887553
63899
413198
596456
457879
190060
781293
498562
766577
933434
26848
482286
997364
466832
111872
307103
233558
504993
45391
847571
330360
869593
843616
24823
638110
55630
602726
555625
86343
837269
578647
446360
55981
597490
915580
183431
116379
188391
274776
53361
987174
828589
495026
960775
630921
677569
484993
554901
358689
546965
691636
791234
522433
379879
601563
650550
868787
107823
316661
471190
474124
616882
511895
902570
338987
171828
148341
478048
263822
675914
184080
199786
688272
93581
989500
395010
755523
43755
952333
799245
887782
80535
989469
810269
259
428257
802429
905681
101800
865568
481206
53399
850751
19275
713018
950226
667788
184423
651116
861782
119619
243163
305481
441296
562884
630879
47537
390851
94964
268115
517334
134125
415929
162796
288768
482248
6481
512521
976058
765996
789200
515235
974365
900818
326196
720419
683254
26035
110886
21902
217751
573518
557776
478875
65463
953929
360405
860134
462534
149871
227826
105021
204562
820056
655407
564118
529359
314854
651073
828771
468358
384299
70719
663230
711773
433128
960511
965375
512575
895665
390733
741997
377767
861100
135047
13713
379918
835640
283096
833702
686703
135018
314063
987692
192307
956530
252827
135196
754687
967388
429733
590965
360662
649394
846794
223477
944747
200768
618356
336227
870215
464560
727700
462985
668563
806355
374973
969344
647427
632384
560096
331555
136351
583575
640288
594341
871023
284895
190033
654335
254403
951245
672850
339329
975836
212838
841540
318730
880890
683835
415014
748115
890051
459283
491535
653349
342029
238375
624455
496235
527240
882759
398658
520802
272395
805466
725561
905772
765625
314434
575974
962244
979600
354974
797661
979469
909198
274345
5058
453891
205568
812672
110187
291282
209000
531904
310931
161605
665674
673102
747959
945751
302291
743152
211024
78246
354535
296152
664110
201925
867270
709697
55022
224240
652377
884786
941912
490203
580767
612960
291223
670435
56751
821105
60565
46502
834857
267610
957875
48238
436157
86441
459682
320264
510551
147807
702177
779443
134182
569461
446803
484468
247240
451967
540860
512646
631700
707630
302616
231279
508547
278768
101848
423790
868027
912562
185594
968529
232570
33605
141059
772259
570971
452062
911580
37441
808584
631160
651462
648910
802813
935828
650364
67260
211124
712928
148580
836747
924531
348086
987121
403471
972334
981307
361048
474537
664985
4136
8364
939160
658191
698533
204888
212584
618200
243537
435705
488904
874522
619679
587798
511417
584735
902362
556284
782179
669695
535176
870586
140098
600426
485933
536566
755709
849492
236647
706923
535255
746109
348918
546176
404670
260316
873054
90373
396865
187816
799269
477004
331295
157698
418679
740514
169850
846914
485610
153833
549035
533724
773979
999763
229039
187886
938359
896253
346494
70186
629398
607782
963900
267995
974657
505162
986633
10965
341076
299743
130547
653886
357439
942059
604427
765810
152294
785664
500501
238744
793321
441942
44504
325503
329534
329155
603158
506867
764857
672857
970582
950242
866093
752284
565661
796838
680557
742814
389691
724079
561196
57529
915137
229262
280770
862185
80
551584
365711
417027
44108
897941
839034
844118
669744
879708
26003
484445
216956
581165
818391
224093
319817
306994
878097
76705
539452
182483
817693
322000
733657
485213
973256
475368
217647
409294
755091
250457
703153
820607
195030
163520
612453
719086
756482
275070
682421
744615
428223
647413
274275
888847
837492
35231
194778
485453
428452
549770
631007
431445
209333
676276
502694
266963
113485
560447
382081
173552
710421
174992
154548
885827
584927
580362
907043
492055
214116
287651
594732
541845
272486
346783
823122
725262
853812
91569
450574
69351
473932
12843
718026
967906
691354
719517
664104
824773
345439
515090
121020
269161
281261
26147
804635
661472
41231
202998
87947
332036
713093
551383
219481
739032
736876
221809
866890
420446
304124
890600
58857
51573
678188
810390
183679
279211
308912
936033
822433
327527
203298
461750
518435
23212
391295
516324
148203
103627
143880
842071
969184
946728
85384
149679
433088
184806
972854
722428
955857
603698
974128
417432
289519
173097
359975
959458
369348
916647
329434
94866
412374
268525
383675
40894
161659
753134
942701
775592
488359
592118
816815
543041
968038
515256
326290
470271
848293
671154
378278
814870
746
904319
450483
341653
655780
270393
134627
305632
652188
658696
264701
395526
672267
562188
382476
336190
784582
902371
162590
474243
883797
871639
38120
148489
328097
116839
306951
201754
844043
290800
615329
820050
344537
215864
568170
242867
880843
693207
964803
309222
569228
702531
611132
237903
911108
568310
231226
188939
392842
126846
972276
648713
119351
836065
856151
263426
128918
189418
592330
86870
701303
658452
467979
479429
474594
716690
431480
894150
660649
312569
159210
177671
180759
632459
762684
390914
686980
105825
976553
872505
710922
106740
997331
783374
212754
224840
584288
888705
987655
439925
786367
716486
128749
90579
346249
251778
378570
682945
201410
155938
415490
82834
231550
46424
512961
63765
191008
752627
860753
492224
644670
155994
816907
276345
731297
112038
330218
424192
79656
104601
965563
497083
433547
498558
763568
616351
728125
968221
187796
992441
554795
993243
837722
193943
452706
891564
109006
285525
569293
123575
299564
186951
530779
113477
713615
926400
242047
44516
467138
951485
586001
677214
395379
303281
931282
314961
643910
332654
150157
521963
882693
290157
73368
972484
10100
745018
34234
105368
659394
324095
326886
22495
717212
198826
875366
35019
636444
126398
548179
976414
857760
724276
111488
493029
233717
896139
547767
255188
689137
237427
619355
498047
769311
426386
141037
979763
254805
73584
554154
221871
871586
391110
180304
966210
517156
777310
996225
468802
683126
921254
472641
544102
731718
947095
468762
687361
334340
863741
450655
586972
569974
858018
220941
935918
632360
687323
640268
353338
553089
991662
46741
919813
869809
268510
415151
340979
837831
900501
258322
717886
794655
609582
813548
393745
315897
619420
784513
633671
377252
673210
743085
254715
102808
292463
565637
352139
44900
651133
516444
302958
662908
840999
432737
12079
768756
78077
824294
705286
116938
399813
401275
246033
476381
551048
959545
879156
568700
439350
220379
273930
71514
738358
124998
647558
99293
660238
851049
994027
387221
254700
330623
710692
872586
808015
900977
908737
777454
438933
847897
233166
210865
12193
351842
407378
419315
571688
142475
142881
806805
230361
614282
179038
177384
778919
529101
444305
641991
835124
377051
386145
22401
747483
745689
185902
452462
123290
244905
353997
124195
689435
820653
556257
745664
487261
779561
503378
345254
610883
298119
387757
998918
600249
333108
466648
89621
16959
865767
80816
462491
718356
642561
525953
213739
594431
229839
83489
193517
553468
248621
833001
282711
719042
937222
746385
408698
138349
268214
778087
170361
286413
662352
270060
919316
319370
562171
514443
370914
566770
226231
457783
32989
728481
347262
437728
649815
462220
300997
161809
676683
130538
831585
154409
764686
642559
357575
664179
406437
997510
583276
224357
105136
701178
681035
581234
517443
931073
387781
432716
944597
694646
227426
172857
891153
798801
72821
793873
711434
23733
282910
851026
596428
467862
791913
88351
17293
888134
514196
546332
993731
349018
587886
811998
392975
200701
884251
665683
598230
885201
185780
848750
8561
853885
298763
542220
776570
656919
770956
25320
960647
394927
20415
997623
880435
437494
988201
507234
952471
160330
75539
893470
652888
448607
901986
977833
887002
405003
106981
898210
332947
132718
803182
646725
222906
975227
659607
113795
836957
546472
963686
884858
142738
422638
590027
317462
765445
179517
956422
738499
679345
464128
45925
498574
762474
490376
981035
603095
657942
191255
412493
544693
400892
145292
176597
659686
749620
16166
689641
969905
96894
845430
299495
499547
639215
23013
518759
390402
800007
505375
383586
67416
155805
807771
103472
4928
948603
373897
101421
801790
15110
401751
107445
231454
92438
846943
194703
611365
788004
412848
859110
37931
192545
512119
788978
39581
335651
952649
867446
167246
672570
953360
729058
33589
755809
548305
558104
957447
442320
718998
732748
516530
271023
19004
394308
667059
75621
519707
833983
977364
125645
209101
411698
706758
819850
395101
814637
581910
907825
81294
985821
698127
999205
303493
571818
197613
657729
448660
449472
801785
119469
582627
267755
121542
951827
549821
82780
521862
444204
170421
800137
350921
283252
506291
247536
934868
317884
534302
950971
851930
588126
646311
66687
307802
67466
359024
621726
799572
115711
861080
912141
605737
95702
5157
720880
218702
71480
425548
487586
592684
109168
838815
762896
120472
478811
204755
173317
566122
63804
195181
9664
643580
801196
394249
822785
443329
794606
56519
38499
953087
617505
73043
647970
15850
873167
291470
169982
440735
47970
643998
803513
576185
922613
203215
161914
808404
251016
66084
483348
398812
970254
959551
313312
855888
861601
351336
995462
66777
387221
358909
218459
116737
408938
844918
51300
34450
624091
990676
232121
578252
585171
264038
699525
676418
596031
970936
606058
819729
451071
452504
711489
168062
408822
967686
874111
51307
377216
932023
84147
171254
568067
542534
601579
617390
421214
528376
539447
97267
91455
708714
864261
452329
164049
272665
4587
304728
834642
788302
745668
48164
893762
517924
328497
895972
72439
831543
153921
917920
878158
611051
227755
292908
53372
201750
880888
483611
466754
507339
19646
807970
946687
168644
67206
437963
113951
337451
481743
64786
429617
451717
516204
597792
795159
43388
577544
769569
296534
84807
696586
286148
667789
966264
954067
277071
564611
196578
134052
396380
968665
56164
110365
38707
509726
940310
947168
987781
678785
349712
628500
379011
370145
285522
462406
525657
902273
109715
804201
706635
900887
853097
537854
82026
153987
350353
499279
844146
607133
252508
520853
270019
442407
167543
917305
269306
180834
548501
196919
839340
179644
820347
310751
432831
978790
722791
662774
667236
991108
610782
826489
547444
457534
675473
258625
867686
180468
867947
479170
122219
881358
601466
739309
146663
863921
732215
14710
776139
849229
250483
934575
353491
819475
164512
710419
694937
164804
601978
381728
482837
474917
440464
348443
385330
595727
284467
495671
253005
740258
981626
810320
881292
748250
176814
662162
106457
469817
139353
693943
896122
595236
93926
60077
438223
838922
838965
239015
569919
535678
962344
535934
864487
552927
995508
621271
85773
799043
513924
829042
107475
939633
721310
603435
523588
365870
699302
942255
345925
843216
704800
303899
205739
225953
740371
603571
994086
753772
781384
255931
315738
707815
126642
894326
887694
311036
262631
26488
639805
196214
170828
717930
514762
348869
628432
65242
728401
414574
340559
46268
29657
736017
362198
847810
81253
31640
543110
52947
869097
118458
653521
720234
807130
63081
196322
712270
461086
93662
600537
110826
7779
810046
589428
382920
52812
53225
715849
494574
684549
807904
424431
414037
253559
552464
629245
366338
923607
843775
797162
552708
896153
111570
593364
377929
555459
957496
877660
768156
288028
158391
29166
466431
110531
76625
158110
669344
279067
124498
733102
239612
99172
753401
5420
311309
349861
596865
565688
30641
847941
645579
470819
789081
341178
370217
432948
339498
410649
332041
163076
85043
857931
344892
791177
449932
566176
724642
206383
105735
15805
191348
948002
241110
477937
673134
143529
156345
763494
469207
203692
216609
758963
344686
760470
856166
964238
368435
715221
379746
74719
732943
345918
186600
490287
582752
565326
807204
318975
375461
974604
435857
210230
429891
578506
788049
945394
445938
128841
130540
611647
564743
436156
935720
86117
876574
295077
878464
63835
615523
564188
588165
278874
273277
504750
756046
361549
76440
654498
603933
79780
392590
423255
927248
278280
826930
569289
141888
24937
494584
111922
324602
31667
154308
685197
180952
946526
559118
469365
248123
294053
710510
65005
13542
470990
121097
682617
446842
544104
974616
799017
778634
901651
853202
172661
263514
216121
555766
527172
25977
309531
590519
300103
711160
477382
721795
550466
962310
986980
727538
458219
513065
349230
831048
444907
724507
486783
863462
19457
259903
28100
36692
579078
223486
985296
572835
831307
474755
293452
239106
33950
852751
444875
85280
526892
201977
254716
849656
917504
126598
202745
38718
327081
814433
388796
849508
182330
380663
247729
815241
612203
359985
271718
914559
148125
167503
234142
350263
487291
771870
645317
291851
405500
397845
683199
990312
223748
917138
587482
910614
947818
997612
82593
154022
274517
942196
813266
112439
753343
736013
122535
334628
811676
138469
152528
947918
300627
54799
555586
847297
39339
386303
733161
118277
122625
244705
651385
189124
993909
120598
471522
274706
979941
218828
501730
575134
36177
587256
813108
200052
51550
103923
86438
468973
665398
551790
578120
960308
838092
790612
715648
459829
756349
960827
872740
446546
577989
206078
210406
457762
884057
895515
224416
344917
932857
71742
309339
453635
597249
817831
479889
412602
819771
158514
189079
895326
386145
432402
117798
138667
351600
168732
503687
94743
847653
602239
140187
836946
263831
568530
617156
732975
802736
948230
130420
674524
679753
271162
687824
171917
494241
136174
509696
665016
50682
571407
888406
21497
117969
697520
821080
155797
731192
375386
908075
777051
506641
890682
631134
587366
893353
899256
342289
186176
537582
841513
139201
476769
83023
902234
595185
854741
381679
496525
783541
334651
701061
898944
52510
987881
798802
813352
692925
587757
543552
480701
125718
710063
712724
60271
345507
165042
498576
283254
771073
237625
442088
237959
604923
367622
836254
975458
302898
757373
244028
360200
392550
489960
730606
687242
611619
934164
117689
343421
919178
992600
602844
62474
583291
517045
961537
934562
652828
284441
231584
638670
155593
699070
917425
494308
229400
439216
895691
822229
681287
235435
602974
553188
348996
191842
822858
625457
12505
437020
193626
394739
946739
975865
390048
305413
799501
491283
749677
343191
423038
717952
781485
937925
939547
288499
852189
242244
684682
800642
555179
602553
531812
62274
984553
670756
635718
904398
211500
801785
424437
962727
454343
180559
789803
905461
429663
179697
690626
163692
824235
889683
139068
938378
689227
515807
702509
939708
921281
917612
656325
869664
628944
720720
330558
198629
906352
898636
559134
288271
308138
368294
729833
272919
918102
467860
856615
248367
972207
12884
412877
357155
986832
261465
863819
753307
498318
75551
145329
772413
322225
561631
303871
673519
582159
923486
608391
887226
479431
25313
540161
824074
357015
938171
616299
525330
692635
651398
351771
336396
266467
131568
424931
658718
415983
830829
868767
483864
188937
749194
695005
242714
952383
603234
76586
31443
318396
953385
127861
748708
628418
321829
241443
720291
22023
228285
420654
811323
393449
228842
100922
302832
457678
798282
87286
542016
831388
863507
502507
553573
447954
921316
634340
535863
958209
331639
11834
648175
267691
753715
343931
137095
991734
194463
968951
880189
967949
15920
205158
904757
164820
771651
630905
415422
238981
898022
481788
456621
307372
985488
335396
621605
902203
172465
818363
73977
339851
62628
872357
703656
229616
392194
79693
463879
341879
803024
540722
924284
308606
406232
356808
513062
849073
493269
926988
162010
448925
723783
800679
822345
993650
290151
413310
675197
958746
887861
948244
429570
313328
798829
315229
739233
66014
470871
936864
363399
685848
157694
364551
402629
180015
315768
582342
125169
496915
698596
256230
569001
520360
609843
890413
768439
387139
89180
852908
568336
190145
920371
431973
92407
760772
67348
317974
556415
534283
58489
84774
826861
951021
926764
531883
579004
631410
299414
8086
361658
640526
281717
373628
952335
457147
213100
463105
614237
478386
532724
127779
134083
392133
598640
769824
871100
470940
382239
120005
542949
552074
468843
587925
595868
318475
271966
120658
757764
994140
527988
413867
601636
489463
235723
925185
384943
531434
478647
331927
643742
514451
611698
48919
645050
669946
207728
591995
82614
435083
400657
68382
782520
504430
849008
275552
590008
625413
584024
383535
411521
248257
272791
284345
915605
725793
145386
848235
884142
992393
449623
412260
105310
218171
160154
436091
396567
582580
200439
671977
729351
965797
56686
848085
853404
662220
64525
51643
593957
382319
507423
857656
589848
866997
442690
478068
307760
869217
175575
674348
60783
659052
81426
230426
472577
427645
305200
163396
670721
930183
626441
526686
758484
773119
905211
583901
698163
995833
976198
779674
429575
506398
414454
196254
874093
528140
530043
34064
911449
176010
75220
640184
939286
877414
31018
681839
61291
806573
302521
764901
241306
566663
579497
188559
530882
543468
606971
523051
731364
518407
562910
575089
936578
506213
390498
987224
933347
917722
739972
374145
781492
9841
611623
21060
108617
328973
966948
264022
743872
523872
786744
316372
325062
404487
895196
368174
503091
312321
9202
360499
632785
318667
919707
254260
987258
931673
381157
842584
691935
818866
77538
413820
221413
491689
602068
788804
625897
916083
174596
173507
117988
906026
570929
655043
73834
797533
964902
854257
635277
405137
302053
275816
764190
861657
454719
642136
597203
340621
883333
278675
679812
874730
454745
650676
838352
360006
924829
557740
865437
335214
329293
746794
289212
607774
279145
64806
414890
763292
734794
885963
430450
139313
901398
580031
304304
528133
608527
938256
331698
949014
536517
645244
281911
87508
337196
677725
2073
789853
414920
273199
407814
112592
81029
797887
976874
206480
397347
12018
46633
99479
853838
566320
248712
159796
374731
590379
941931
69026
772367
170383
710009
797703
617770
681736
948379
475206
476000
674219
966244
873217
902744
318978
37899
171118
774318
881655
397523
929301
869923
346715
815179
627427
908724
993236
285489
535726
995336
115041
450802
585990
179714
444876
258189
184564
691639
508011
42133
529874
15801
805074
524629
443846
686546
687448
717518
48988
397901
355652
373467
640512
49133
325525
566454
107861
422209
784491
759379
359924
470351
584021
175402
8772
480366
513592
854098
580530
131056
569304
327177
735501
818875
565062
813200
759489
500601
666726
85299
231343
251365
916828
735270
608805
124806
877971
26315
603583
905721
254889
796689
723865
715366
920827
914870
262191
836949
490376
942956
196500
505753
753988
545178
469131
747114
580668
581753
430534
466257
139552
127391
780792
357948
903986
498393
469337
874225
596362
672560
547254
159007
667267
41934
195506
351952
511238
332347
151965
638523
916785
692288
230382
194487
916515
501996
961632
349385
840358
676852
173351
636830
333818
277237
819342
594260
107834
719318
449391
539442
354605
987785
288782
624057
70252
899632
188946
702674
331115
115228
620000
867430
526437
501040
85141
413837
932904
536804
125344
833822
415226
961574
293691
845477
152103
104474
54468
468082
379496
256642
854204
992078
814130
351289
347803
18761
595416
83802
255181
574447
269405
177214
202189
468761
260506
931745
914141
372703
252616
690470
892319
281963
509931
413873
158291
794088
50972
981938
542126
678490
132145
662594
685587
894728
493322
246437
596720
926740
471995
249711
715640
957611
126545
258436
757560
307671
661699
964152
523033
974193
630135
903701
903089
664180
651181
243514
233029
445166
917516
956256
944863
905808
739207
430456
200584
247972
207724
623408
214243
830429
468297
966037
478438
546058
709947
985619
530741
841893
774100
704599
664349
126856
516456
496213
902249
162367
559349
122213
109285
7544
979308
982089
641325
253079
825696
437834
472112
966694
73738
61055
987719
2218
83382
703855
452140
722129
121230
166798
387672
702215
68673
998628
688637
21543
401360
963083
321053
130382
223029
432343
227653
388620
842416
810896
265450
466420
357999
713114
405982
776595
915801
84150
484079
224381
518263
747809
174941
329858
787711
291354
482741
53568
489087
303105
6542
566674
364643
731995
435999
139750
722147
726962
491772
691373
432011
890521
613419
774187
306664
914126
825319
656366
720716
828792
20529
145051
593599
607759
655821
363940
5762
199194
935648
896789
196160
657812
38244
272782
225300
623208
525125
852427
639537
528540
30427
596127
93746
853898
980293
668544
395071
580936
978654
600059
979096
797801
954783
717704
865153
254493
783953
996088
228426
340787
103213
569227
726970
302079
875729
844510
736152
917591
436769
175041
770133
986167
496952
434279
114073
887748
315338
76918
519208
231662
533656
925119
623025
964270
840462
407495
587635
535791
113596
549828
93837
304457
344559
735075
303520
907240
948780
189190
376418
931147
574280
272907
934978
387816
418791
983239
917683
468397
421519
24915
900504
68898
576296
449660
301770
30507
451090
932062
523465
703977
537379
230923
419900
934527
701372
574564
876198
35889
469190
100170
869608
328425
456718
120239
543789
851220
567995
84166
134837
748649
326504
368985
582721
594570
193762
150008
704664
35139
22079
703759
116277
320047
982233
355281
554254
233081
849510
462865
29376
569792
264245
389423
70428
975124
113735
204463
360456
66013
447304
948197
378515
344476
345001
857036
472601
933512
350235
171127
869199
952090
943081
969887
796780
171173
477362
332506
239541
754460
253122
396909
7331
495416
2893
211256
224178
366065
23751
86864
435336
149097
280802
220074
407808
870888
247205
226098
44691
836546
444518
382715
954531
382997
733732
556241
365923
532079
597699
179627
801253
332428
655524
232061
151361
109052
229409
802601
13407
239523
951714
666389
142370
969499
54751
344728
968433
779508
504114
758733
655331
170267
709591
771850
451143
77976
371652
792299
477709
537905
475615
176007
269140
398188
288928
379269
457232
546866
789765
414407
107863
734223
813804
299779
160969
717270
644752
560435
503130
43426
867874
811107
520830
341047
744963
864936
404975
582534
420188
523375
35806
770127
540955
146547
951988
16609
388234
763016
412995
799933
196301
208661
854542
699993
958072
624863
366513
876480
444043
293055
88238
529302
381835
767094
755734
885625
407294
18903
110417
712836
508418
918882
467786
666541
443786
886065
364217
964238
38134
76236
218766
537857
705230
281111
954679
583780
857564
789227
600206
893180
659875
144129
240162
765813
725631
578506
689761
930503
801114
610909
752351
222517
159944
753096
135173
882671
607361
728327
605848
205400
62648
524947
25253
835618
881500
198673
993415
436628
382890
669483
994708
345581
980205
312764
915306
948387
539028
535141
564945
654404
144174
809853
582477
199742
973956
31077
300995
124410
545554
92729
126981
828322
25956
771746
717756
807107
7306
629832
694769
12366
938231
888357
211832
809209
941180
996917
314489
274883
15388
817161
191324
495636
216523
148283
495633
172162
56968
570748
684089
481136
712404
888201
912948
248529
726606
270908
202568
174602
330796
489727
225514
503606
562328
946267
72493
60739
828452
391982
593412
517561
604716
728251
401077
35483
298695
545308
624029
40230
388585
446482
989146
615606
214232
829373
668440
519432
57737
482215
526267
65050
125719
759994
675302
369455
56415
248850
647782
173039
50362
570669
665023
24106
855512
580287
395792
208253
46453
326115
880549
587597
470651
356139
703385
970672
570229
511832
677030
459244
171370
378277
438923
938519
820190
659774
422169
767837
462689
510606
389465
916192
626706
443830
424285
758714
366196
422297
539362
220062
338282
627092
69023
950684
746898
398667
221804
414531
139388
46814
888594
721568
426950
281531
332331
612645
191125
105933
419574
563174
118770
112979
492665
369852
247486
151627
261075
517516
973459
904588
462237
343330
739321
830259
263676
952758
534914
291509
239047
321041
373891
258772
649423
780425
964079
641901
334735
517352
693201
106222
787057
553131
62694
649252
977851
586854
832788
535666
766548
987845
501131
856350
62263
354605
807223
187077
435443
691520
597791
351407
51612
604928
509917
253053
529426
342603
255738
464255
878699
463812
500645
729058
740672
107218
46608
456582
972305
370050
178984
557806
309398
563592
745967
96529
431331
233635
981751
733197
798390
311326
195389
78523
93984
741106
215711
735773
890126
190793
736635
356404
647476
160029
487334
104367
859733
671615
253830
491453
580081
969588
655117
152771
903691
520762
442194
990889
64149
316456
414413
810831
821242
930803
324335
471262
836040
673485
160732
801913
66105
388647
928390
612433
772508
822423
952423
648215
726053
620437
304475
101069
114957
155040
887511
772726
783079
334654
110154
660588
574593
899040
832782
783952
57139
533091
503051
395355
12487
773299
993001
90067
287236
498378
58095
400218
729561
886870
447805
56865
997603
907833
415394
909241
823771
462698
658075
169418
331999
618873
850985
2332
661467
425775
861197
975571
122132
782547
614691
199992
631825
105162
237529
274609
599910
160278
173706
598739
584094
462911
671227
171790
625732
713679
266928
630919
587214
432182
143660
450051
304999
846222
378244
294654
98200
161209
343455
699740
975570
869479
844173
871863
284634
775348
635648
989911
692561
586670
949035
608767
418911
305652
977589
163172
637628
759289
573018
517561
947483
567272
918175
338021
304947
985762
675439
164822
455594
381219
638231
613743
767456
346754
803931
18013
878550
169559
470835
993863
556666
966839
272997
395108
496592
14490
119424
969894
95038
682142
423538
698452
662452
187940
812103
223733
33014
307288
825086
658216
848519
112847
465546
648657
183924
896329
524834
288494
574458
174805
688261
410631
731924
884500
528462
985860
767718
298581
892975
90712
585535
596960
748237
800027
750222
522958
985720
2038
346597
36565
463685
53879
899298
746402
627850
678341
679807
153055
766646
176877
600312
258068
582602
179994
739733
515433
302520
203236
564819
985482
627926
631935
824627
166755
36543
715860
831262
210059
408775
19885
703475
825149
859160
495113
790447
908800
863918
832207
274744
909353
709995
776928
847942
176247
828631
422405
100846
386716
753656
367751
609421
547483
66378
288030
372173
794828
309788
334529
575383
134781
619271
908700
635925
972851
646923
653664
436002
111054
577351
579124
752721
377162
451541
335369
831127
444769
432896
690507
737558
399758
730467
135859
655750
338413
634527
964281
976002
555647
636728
385447
929965
931593
176141
592393
807295
497499
286514
758017
873008
558894
632491
807926
359743
477927
815240
858925
426655
888440
708056
169072
182079
414950
292555
441770
62004
478949
5480
881429
964422
50463
130407
209866
485716
118035
587244
598327
647588
408282
562400
818799
608075
868358
541294
391644
519413
993635
999511
968399
976658
49055
553843
499768
365662
230918
819461
572721
481931
805221
54777
322356
200524
452752
357500
166189
74624
662208
414904
60267
407993
891796
739947
473008
798569
428152
299363
133863
497577
713187
154968
290677
624869
191610
727973
881384
599462
863762
103525
152204
385853
564051
721510
344412
281609
223671
679949
960470
472742
248690
209606
475239
859826
218028
478117
188870
421565
634281
547550
100701
437708
766858
85469
195873
595914
520109
70851
565954
234252
384431
481727
34622
734719
171473
713092
682833
202289
304760
688940
578503
498680
624974
301097
766833
477827
911879
266531
56822
146619
255102
833652
563841
90645
79997
559612
908888
159479
122780
73057
212109
511876
154176
951462
911693
130758
554373
17511
554389
680951
529718
924014
724869
988012
384697
319542
520653
169759
840840
488442
875715
778071
701337
297784
616599
816950
178336
196487
64222
504799
643242
11090
150666
448385
905578
939760
379323
441285
333393
422753
684846
15312
578838
651816
347219
810549
543957
541376
493501
72122
953748
851452
439603
401157
459232
425150
499171
120100
243350
863763
216950
914486
33917
295082
925695
523384
803409
311151
265293
866416
909083
680201
752991
699439
570747
93484
987639
279879
907272
579675
458247
794058
419342
633470
537992
581306
297846
673435
629610
262994
708547
813556
84390
234224
198904
482878
427695
950109
932824
323321
352006
741563
356613
289648
509421
922698
229514
162639
997235
991318
390132
317468
609838
858177
546715
394516
156679
783592
835710
200291
278575
670005
851084
199806
456496
674497
137343
55137
7902
169955
636579
108832
425452
522202
838197
961004
344602
313811
721766
488485
963340
699287
484031
185558
888759
975123
876638
85521
941108
845381
234462
14504
949815
961409
891605
398853
222489
424542
976246
209639
511760
411391
410391
653690
72065
601537
791374
468689
80748
312126
36468
80322
320070
943228
194443
748702
996452
547766
800060
975819
278547
571012
219129
710912
953476
420521
24001
227869
517156
114681
20161
482021
64586
538725
516504
851033
579786
343141
85939
993394
598503
456960
2007
891642
14885
843771
735742
505479
131963
590876
249368
108437
740903
92249
905266
498175
652444
831586
437044
352026
663255
58184
173957
967470
358159
416200
253513
51666
809035
332024
473098
693027
269197
500365
878644
796704
96876
712839
568250
127333
485951
684217
786007
508674
113653
154553
821935
490168
385154
12000
847700
236687
135476
792446
931492
721687
205860
111005
911695
140665
749639
520560
552310
146552
705572
437977
170031
81162
910112
88724
290341
911309
554037
119107
506140
920488
236353
234518
741523
675775
126843
35414
509954
222930
189696
46863
122947
860915
533323
835533
78114
694852
462016
30363
288647
318063
781527
813867
894218
823173
814038
258210
573842
560352
816748
695500
296153
978319
615846
189058
734057
696458
214585
186276
599029
677311
395567
424262
390294
735754
25260
786216
580385
872388
889884
916380
86433
222258
298492
787852
633078
916575
473217
675156
258249
282180
538152
753227
879146
993187
747419
405535
495113
414579
873213
110942
377038
73909
820499
429009
535061
856293
271950
829571
683785
339724
548345
525407
59868
304754
477051
545719
223520
788145
258442
408545
530437
468453
513005
995708
425840
190400
559915
827216
631860
110778
99541
915988
65327
529509
475693
515081
512644
229150
243698
491267
997808
303711
303113
32391
838539
385458
974537
705040
561693
316288
940387
145452
941147
175688
65773
664003
118525
822059
678985
18936
710077
614691
615990
130792
48109
198548
525427
470032
193141
394747
911243
502859
742632
220803
888962
703928
398595
825718
758490
310394
172161
508497
522114
890457
158174
181424
856988
811270
584550
966568
400745
803259
822200
210995
917972
480769
542684
107782
438296
584203
200702
995967
8014
364160
607047
256186
584791
713110
754327
814659
329314
766553
445409
791397
63194
318476
116066
315105
670831
942822
57727
78587
178304
647421
95738
963630
594146
890497
712720
303935
420560
796830
1395
913710
164015
332933
808863
556233
976316
246597
977051
650396
955668
667155
418638
967811
350495
822568
670396
833760
138010
889033
227611
288615
936000
278818
850838
3926
981269
802316
163037
539266
985295
179118
301159
416269
813217
878079
492101
977972
646309
482217
184996
568645
638629
38665
776287
582637
477573
162067
14783
780527
652113
110739
682000
481457
247519
689102
567073
335153
804257
552199
368407
236885
915529
404893
462958
64351
812505
494738
875726
468351
436102
473254
696966
213378
121288
447137
590055
890345
983297
576752
857215
387988
123143
204775
70001
477149
439824
719653
15726
404738
379769
675541
222226
412218
977651
238097
815773
629928
605194
982881
59276
482285
150995
517728
255123
73112
398194
840383
311354
747641
317317
534051
908177
849875
473585
678506
825617
121583
11911
650123
717649
258317
706898
335643
682721
37750
577855
844332
982791
123565
612457
185936
358036
83203
353281
238139
993313
42890
48215
900102
790699
722209
799367
105808
709833
268398
520706
120703
579206
316075
979384
721188
566623
75927
572319
485885
539034
233100
38051
668308
872512
613552
398250
513028
164282
500613
17411
211611
827332
468252
936426
162139
262096
28519
3514
330907
711609
486315
470576
576011
743906
54740
148311
823893
196523
126498
607958
736350
562255
414722
461970
684395
16093
440951
669697
503009
174545
951927
887244
859557
623439
413010
674016
999522
838011
130637
152594
723816
235895
898381
445484
315761
691834
917167
184089
25088
193866
169909
846760
150371
136086
852698
122624
729431
855026
193734
378017
302922
888239
855901
662738
855035
886934
761841
578029
471741
322177
819288
355843
768987
108375
343769
492269
714262
105250
19840
511472
775818
406991
342737
747340
967535
978113
572697
439970
496058
440466
822111
556799
959331
406887
375738
823305
305986
163566
95740
291012
102227
147447
276044
340354
659288
760236
461522
689445
168606
499246
4619
853010
988503
584270
909820
167668
772966
889765
246787
996266
419002
82897
284040
711758
271250
955660
288403
829667
390750
895594
951352
482266
874886
631471
324333
640193
856772
478666
996156
317001
123948
854002
322451
304306
764364
690716
434105
356693
854702
760406
396699
690702
25658
348035
397316
980547
488632
156467
183596
995094
351220
605151
787751
659939
191546
775678
504062
697590
28289
96518
729819
928780
946084
869506
168605
47684
473291
586316
41228
378659
778408
920232
135014
931712
663261
715645
705496
844050
892603
154161
537992
153364
421926
434143
886159
515666
146580
512888
784004
454484
803444
797555
684724
134692
677483
427954
294893
831612
313
801011
389817
555345
666555
296367
604329
805046
370249
773907
648519
156783
901119
977944
151853
61523
567705
593217
957107
27228
246072
916464
359427
758031
743873
8038
632009
220098
411685
194966
793543
859599
958971
573284
252869
308308
760328
466815
568805
508451
862561
756567
649045
630669
958248
108733
846429
599366
706354
650903
131480
446581
731593
276348
342207
452699
847437
240370
805473
605853
132917
846721
372527
59311
809651
763379
452019
117151
169654
1259
671009
598587
925769
648352
503494
703329
530648
928884
589149
154657
707155
182773
691713
45904
642859
816495
601596
155500
165626
604843
274557
949287
272191
886857
53480
728466
722822
317557
788424
746983
455014
634313
775712
86323
307684
116799
721503
343390
273206
861521
912305
870488
390754
293487
186866
428898
903235
664732
46525
619702
890477
822502
332899
151253
532392
220096
910135
560939
151001
672382
810182
657312
233855
274667
142501
827901
885976
332490
686434
273017
432676
326824
628700
463904
853953
982490
771503
920223
947893
464025
476807
10606
234571
193526
768150
102234
560660
831995
680288
82350
760078
611936
641779
261885
782307
912103
972789
731791
565192
360981
731606
578406
773318
420621
69732
70187
214102
415306
993852
520186
571044
301560
490334
638983
67958
844720
696410
269099
406118
61903
418279
851407
3979
777649
133715
141043
145142
713231
916436
843164
867032
828658
521212
704792
838657
475347
875147
76655
162051
522130
676958
584744
381237
213838
861062
606581
962643
285351
474164
471868
792195
112846
119120
266946
607730
951173
492392
399350
110237
145912
501829
596888
151916
127608
412378
970244
349688
179792
985110
883999
581870
534726
379928
456285
246795
42288
489346
392940
92103
725743
880486
533824
559822
89229
186910
526268
144809
506223
426424
263162
887484
259702
813005
595319
631912
508856
56499
882206
95824
744726
53128
820655
782905
203450
952175
754316
963787
348528
372119
968736
793076
736925
122039
670700
121452
820512
71126
58351
555603
280643
544262
856178
972342
929565
835505
489197
47664
518408
14411
907417
289325
78267
126695
435667
962122
181507
471526
813162
979544
647459
80009
686917
145920
189380
493864
204148
504192
212698
198140
886353
309203
355798
366358
280338
295599
804673
467507
416047
554920
99644
94502
175402
314354
974417
363253
395520
213380
958517
504257
681450
756951
830812
287004
831184
249933
49209
313919
563339
305647
353105
456147
785109
793743
550523
235821
842000
139532
285878
552535
992623
242356
293223
737353
504517
874116
827693
203191
275816
217930
346851
716292
621441
677931
294065
839764
425908
451841
871631
193279
447334
886044
626584
106145
851567
677098
593478
483854
616158
627697
528400
773667
864867
506168
185117
574263
8733
81670
844579
388849
956929
96322
327969
675507
980835
653113
672053
846772
23524
654783
217307
867500
537209
473068
134082
664552
517396
783560
140876
369789
508785
628289
218467
20249
393662
957848
517555
65013
928871
981532
879175
858790
979902
777999
189891
103315
270084
754341
539580
209025
80406
842090
249647
10826
205431
306755
89957
309997
810998
359116
923553
112383
886140
296545
178946
34366
283636
639673
449980
825861
44567
433196
569453
291868
957267
277589
24671
800999
742999
487954
459097
399487
48574
518056
287650
62494
225941
926020
587027
712692
610763
114332
190359
597590
87732
932596
748931
111574
445881
904189
48332
487725
794336
490839
810281
337237
846004
194551
229574
25332
280977
189028
124193
520562
153998
232668
474309
519531
644999
429843
209569
224448
245829
525019
960773
373832
891789
347551
704888
565028
771010
986953
891640
277297
590839
694020
912591
330646
955285
832091
655694
538940
35237
990976
882857
61278
825339
383081
949614
758006
5568
716565
595812
301975
473626
779693
312188
709273
60602
806661
177782
694830
70721
825025
890579
95635
713424
658324
582962
49507
267307
539428
374730
109957
85256
432458
676675
96006
907386
288373
106417
320769
830581
508526
462830
94587
870333
697398
672658
936587
772976
898955
824337
135222
576876
986954
805106
385113
912222
289582
203816
313983
845736
960758
544143
170067
240750
156005
105092
52079
8574
122787
383585
831762
427033
93185
802964
748849
983650
194202
599259
892452
554786
304084
863454
92545
929206
946630
908648
461126
199924
221443
848879
204418
769205
374128
921832
474315
211254
709376
17053
18747
704023
142034
598829
883554
365938
287913
492092
545662
203709
529193
160871
227462
263621
915823
895635
367699
370522
285962
599454
993963
296458
612633
507895
796396
143941
774721
669834
334098
482592
996107
33107
408165
9205
528985
621076
519618
818343
229891
302050
448003
178947
565587
829465
256462
753346
257752
247663
831863
297835
957419
588390
55507
473685
746556
405851
299674
830410
39319
19324
117944
721415
614969
931095
598640
160353
6857
252045
913773
566401
299509
453477
580903
564624
203306
147708
568622
876333
780079
979739
264662
399451
473439
618273
496768
543928
874305
733407
703168
329256
175622
782338
511216
121041
276062
798891
664977
137534
772279
103899
932568
455079
833427
199946
212509
785352
56772
665430
514780
571501
393991
538649
986853
933583
884411
21331
774438
336920
111804
225030
542227
282819
887456
882145
371631
627039
919629
695060
108538
314354
905141
254594
887543
170170
669808
652757
486809
785999
76853
691499
555977
928484
756404
656237
948951
492780
729810
963393
844218
873881
854145
498773
999749
408575
138619
834332
173993
757528
494492
323862
379361
851936
891418
565255
529406
426401
933282
860425
559951
22601
802447
847229
94956
916086
729673
622109
798879
414932
853752
953197
953968
939678
428580
278224
222284
695552
269483
258935
405713
28061
505245
792052
84857
980652
425080
529453
882848
195581
602427
281516
953267
5402
35753
456338
227447
618953
808028
254315
859955
305773
239746
140061
468540
467851
982713
937211
305499
82283
891843
518263
753052
566357
848038
228915
463414
944122
2019
3768
271378
461941
26768
680064
381178
423270
584916
866093
507935
404158
311039
473373
277382
872538
639172
207125
984465
3590
644051
312218
239910
946786
689367
836702
270846
233506
637129
266072
832012
929071
276719
19308
182791
566571
873461
28810
861206
558609
848614
252179
53464
145083
896647
574261
107789
483582
833424
889431
25380
946864
561928
582832
395169
594442
545340
29875
597674
418664
516251
53476
76719
239213
825393
572622
488180
980931
892670
384077
847933
28928
115187
838406
374485
407908
455688
618103
126330
744831
140732
54889
445544
808111
24554
641922
415552
427079
608709
781175
899797
438348
411696
913182
437332
324185
90109
883105
756301
349346
178047
219407
583650
753493
154637
502028
896587
48220
776918
38185
511427
547455
909468
24526
963154
374887
40207
181012
752120
338878
105671
527663
409587
478385
221148
431177
818541
85207
278437
760618
117702
797035
696844
698130
440249
697589
394379
957417
209261
450120
109893
783885
861530
517924
968707
390219
918102
662139
542601
265386
24316
564561
638613
762528
882039
754940
42355
507112
107824
133899
345984
243371
126098
990787
347833
953755
641334
809157
67710
161823
38256
44619
563753
777064
24117
939281
483525
71715
28712
100496
994989
624391
181759
885221
779651
594062
907414
669137
239433
652800
274576
713369
32543
58602
685862
177742
321561
858350
295694
831143
364284
881268
461320
954186
273046
390014
642247
238314
734839
354778
85499
697481
134800
882416
299255
253727
20710
172155
109252
664403
598066
634133
57729
23398
13848
189994
558517
747887
955714
118862
843699
855296
520601
27563
331177
596456
399456
137747
225925
100562
336684
783092
996739
83915
600644
21417
655640
810465
181713
887661
584052
593766
769281
165546
983672
436820
943423
882352
771828
356427
794695
541313
462235
973685
494248
475592
458246
734218
129498
522666
261153
510959
861689
318710
771062
49594
797982
816822
223828
704208
77208
373863
873499
306224
449292
725892
5351
891080
224486
720318
738711
635269
307835
139273
686329
31400
512765
847952
451540
915
213786
511817
974609
775140
903985
36130
949958
931448
999985
955930
666720
466833
26640
346221
531181
194002
651685
296040
308164
269095
221028
529882
762385
366273
295475
697643
571073
248063
206253
296198
319302
970536
182130
650162
70599
335573
583016
601279
330152
458284
203411
195099
842417
578694
950093
244228
319965
89714
330146
185175
351489
987987
100810
550152
702295
759972
790147
344235
135655
424156
712715
955118
858641
703021
583863
486313
58233
313638
517491
87886
815759
964344
415895
166715
298938
587861
496994
646127
3872
928180
544469
942360
109716
929970
633902
297098
542621
261458
809152
125708
765919
179685
203627
687949
608681
121477
256830
823604
263450
715707
560357
291349
396784
673920
985680
675903
310959
550817
825699
616562
221546
856251
526163
95150
934448
810022
172196
246630
186966
396334
569532
944147
899038
712253
513058
20966
723521
642900
850521
28885
169630
816120
683795
732823
839167
576809
330068
712426
422404
798093
95908
147217
470574
689068
836400
686044
296074
140436
551742
693279
57527
660189
489035
112453
183062
456647
154308
591037
925070
993535
247069
650322
606585
818625
625232
775256
17519
734551
629
403266
883885
733951
383034
144849
173409
683498
678272
119655
917588
344737
594323
362810
920436
29891
231235
139555
951293
427369
374691
495126
244868
310442
170974
413036
751776
112954
68913
331548
377653
432237
336456
294857
857630
895578
919865
61365
919542
723418
595735
676883
402244
370352
244404
363961
679105
805826
471223
781620
622470
462661
212309
701814
427542
911352
376559
236330
947206
358919
104840
717352
172613
244751
35938
412484
739276
497281
276532
907777
174819
273120
196041
954275
835212
352548
658167
279650
681168
821249
254523
839418
448485
955265
558254
684896
221369
350734
376998
530639
812190
165644
386796
161407
664978
661155
996437
198391
443369
750554
769663
590074
683353
324318
258858
970397
264610
456995
280752
15544
575192
335394
43874
960059
704271
262656
573633
700760
134241
144143
300118
450654
171806
983853
371502
362406
200785
878218
778166
874214
223979
669128
391599
14498
500111
45883
319821
582915
672889
740879
268018
533376
262731
326409
842882
995577
610742
891430
791906
804194
658497
844191
285778
108060
928377
789518
805924
252447
282422
831978
48537
936852
942661
748015
517847
514752
519863
459865
771592
703514
860293
61838
536785
596349
785694
500763
621997
751416
379792
426583
125094
57027
608334
719396
526384
93261
487012
849747
361122
774320
480436
300327
134353
758534
453291
513074
971083
597653
120454
754844
857581
790821
785979
619907
806754
497395
374469
669756
174200
677310
861519
333046
777312
860734
148092
202879
332610
374964
320401
829089
997883
447133
729856
792676
456372
287616
819794
911863
26912
494375
564079
240041
85073
108458
337549
30930
787256
413990
365939
326159
789367
144269
313513
789545
291109
30935
129342
140183
293213
352151
87670
363610
446211
364008
145294
27014
104405
304518
297900
738529
194409
546489
767592
354980
341705
777451
590961
286
806631
967835
864029
104312
489151
533162
903185
74579
501128
512211
602505
676109
590870
924152
212613
655267
318479
494487
155153
514161
392903
327451
920879
736468
389371
332175
830818
803568
522535
528365
949786
109837
102788
672725
237431
989404
466082
909401
168635
468376
6109
318453
88209
973384
764927
327580
728564
468641
598066
935341
56510
540103
360864
491524
176334
284084
45865
725357
581076
841842
154816
444020
774844
41666
40034
5528
327156
861151
83188
640030
728924
576156
64569
629889
990473
988586
695597
605831
886
533494
81792
433390
601672
575663
997490
692102
476284
340069
973319
629592
810288
42957
500648
172996
925899
78561
85206
783593
7625
237604
626891
400700
632742
330883
139631
115643
867750
276119
100468
198268
167039
29575
616078
922143
227429
469771
732306
668834
849136
939083
668266
579475
979243
863013
461107
231840
310075
975886
481139
296074
39338
967824
620410
288568
309327
835569
736724
896616
296732
653236
605287
743744
970628
862777
483120
297731
577606
299007
651028
288543
523035
750730
404326
729379
196216
167776
187188
810765
695168
659245
6478
127233
144266
575622
857749
226966
576010
368714
406779
701195
44958
442149
457884
938391
927479
56238
999032
659614
21154
902640
139405
317823
502194
483270
391309
29834
564620
363999
910465
118991
791311
646370
622138
315410
405534
937707
965487
508698
411531
262002
42296
726697
450657
220365
750950
189509
205838
383756
712956
855989
496235
524866
507534
394504
714474
219811
934581
209486
354075
753289
447853
782634
401307
425617
367627
654911
987929
325474
750557
729224
269638
908429
953376
177284
980569
919184
771608
774670
485756
732597
883536
461258
866198
757016
787438
488828
151926
50181
408818
788082
671320
392447
442443
200482
806615
173150
660374
366286
84592
683088
624884
629539
93039
224448
556742
474914
609465
12179
23368
829621
983541
610511
523655
58211
19799
939798
896640
563487
484489
733392
650263
18939
176568
78248
762096
534074
934585
550637
746798
393154
217239
171096
685190
525168
802235
660781
459199
212166
795894
215354
47816
710592
357293
865788
238901
17668
195873
479969
909592
207031
117593
8617
97976
575020
44975
485862
764913
590263
16053
234082
138152
34720
697154
77151
386024
95795
164572
150905
703134
196340
312323
48360
245741
897969
490072
198690
634287
452015
241577
627037
760521
498822
17242
649330
517098
648137
842736
849949
460832
370781
220413
326945
99991
786603
603236
443208
998766
695600
72776
189960
628471
235441
187861
456450
883531
659916
474282
722403
998344
764330
389410
582637
635881
265617
135614
35152
307584
177302
713712
799410
801746
546991
166599
20750
322639
968295
240946
92536
49388
155050
40178
818622
838175
597184
989024
457003
935478
191959
506392
315365
39125
436792
287937
135350
216458
184156
251322
885095
460367
653720
447971
283848
285979
85299
927877
689037
383653
460824
700063
340499
542198
488935
850702
253760
420457
726245
180376
134215
922050
196372
531925
702987
512041
153054
34938
595483
510978
275371
991939
737436
66282
891410
828157
653700
560463
215979
10669
679746
587500
9027
475104
72444
227744
63145
843792
293232
339946
503717
404976
272828
871491
192264
317141
650873
219736
454239
209536
288001
219235
48385
107660
878417
603237
21640
988592
184906
468098
134428
630962
90002
48184
306986
922921
570775
107645
831220
223277
47347
765429
764803
230237
340011
761037
43447
656524
920146
969207
114431
547017
345419
137666
781411
541705
82988
63573
322174
339635
953469
674568
45834
95560
624863
116382
327956
626349
676425
434531
447886
99287
411758
853982
587651
395346
557243
728628
988069
105070
465084
97177
468034
874246
993438
996339
837973
170094
418831
539533
884793
733688
154562
544116
458616
611747
151054
16818
470146
366114
732214
628772
837881
684932
736195
635194
578793
589508
836686
117067
984149
395439
163930
592979
103789
655086
685597
436490
87323
985327
182559
67169
84924
32948
542588
111132
206828
391096
654788
928263
299834
31481
311553
526806
288955
546151
398168
188253
576890
51879
389320
386792
622285
700036
504592
51320
863490
149235
312429
354075
458297
720513
997313
928358
242379
500571
512015
78674
852136
345209
378211
822833
757503
720937
761743
513547
483798
973620
958031
533593
771321
284079
517710
377437
158031
741471
189058
222556
370888
344585
547058
998330
15602
629974
493463
243952
862187
528160
782816
36715
782065
755484
7120
937220
830485
618084
467203
117208
23438
571359
251726
817412
788138
715215
276739
790847
307679
198902
725396
196628
218112
953958
494223
854586
202251
644900
281543
959634
870303
735736
210323
870844
138763
658708
488240
362965
303105
835550
574466
4561
856873
901980
613943
694386
707218
250555
220876
670051
647363
897340
938473
864371
231344
119932
861288
634929
88072
38302
828404
253728
880363
989783
650635
554199
476729
951957
799653
137848
456966
223437
789935
758730
234857
799584
973552
454198
497715
419881
953997
34267
62973
907301
435559
12494
943067
733120
883618
412849
784365
210296
723713
174190
716947
48496
466797
868241
218368
246035
416213
874560
750632
341987
188463
704599
151699
321053
112156
895332
417427
925835
929257
58940
581394
394726
572401
16056
78149
556645
386401
22352
962749
368230
849684
828369
191900
903096
155932
539454
2020
307395
793506
955905
31211
849749
127397
33100
631339
266889
762206
909969
765046
144790
437060
379098
605382
283121
792427
909893
311922
767840
568136
248224
343933
261725
875727
220189
718921
66466
35389
533810
17129
248599
932338
816336
208980
23254
171446
842301
632245
373143
450012
397904
759838
740285
392132
905033
980701
764092
466426
410378
427623
920613
371515
346166
905137
877967
787160
156453
344734
590564
147956
54593
42579
405381
543527
724608
496614
273947
508549
91838
829300
236411
563833
342518
578001
53
661514
244956
212186
103738
687104
218010
360295
390439
92319
190566
671901
224626
124370
415037
356896
161968
29860
665278
275941
478592
776871
136421
595109
665816
23735
441442
883693
615594
199576
535893
581843
449138
2364
319849
603267
330143
498722
597386
123703
527451
641112
399300
999621
40313
739681
236922
504402
180922
443121
344703
447652
133820
485013
162644
829845
528384
347631
970111
655204
662934
362399
858436
352806
702951
246334
872707
969562
118623
532548
394605
107353
37429
428489
922660
537580
43608
330088
759983
696824
631095
905280
438358
726100
676589
149588
960352
913211
135816
883090
328423
484253
15477
749681
880597
172048
883849
191859
235389
14308
623470
724554
979224
191123
456424
33943
838234
264471
175043
585805
874736
865302
867419
954548
640089
874937
21703
793226
272158
591962
768803
584452
287855
736475
750393
537074
568156
435668
506572
841152
538924
826916
540160
340824
205406
779049
755177
367461
446394
141002
926702
336691
243858
269361
129242
539378
418970
201302
640063
553818
19169
855735
6087
551400
592427
580580
815192
647814
505837
66550
927203
632520
665061
141472
499594
19795
650451
781533
233387
712856
539031
735881
468558
27070
907176
449228
618727
12638
345774
756273
61255
211944
427774
62996
464166
826402
403567
963322
125573
541457
930141
762747
32067
729968
575866
71194
372670
769373
872524
287797
929316
714771
132423
148759
58645
737490
83143
271147
108342
86683
962729
973388
91989
478679
144647
242615
988660
588504
367439
785058
334388
583991
542144
307878
653664
210011
449984
217303
710674
431835
625628
252148
835590
312827
209820
292090
217273
338643
490370
356563
244413
720078
552864
748716
786524
654797
532755
632996
555494
132459
373599
854175
686490
806556
998696
652667
324653
854830
745995
188442
194105
5490
381207
550366
81285
488628
509931
986292
86957
773989
316589
800518
477870
670874
903588
187924
551184
83053
439219
978589
591024
48001
968819
460343
61033
860004
150892
91198
529951
162765
359855
10857
799080
81284
937810
886392
567382
574369
874185
930186
654501
56300
871197
757579
364030
112355
518924
343946
419110
873755
497022
96680
903878
347966
298719
275692
34263
259955
59037
724660
427689
710427
520128
14534
775953
5366
821024
938309
921325
374310
960008
517439
609749
327500
754406
735203
300256
497103
244203
425424
589904
103291
513029
685192
486683
731141
933494
358467
678807
311341
238545
85216
166401
699452
32017
995638
476329
287405
673366
165321
872254
233384
258173
913817
33778
50665
644570
852756
599945
738239
953877
610219
106820
220529
971614
851713
158436
277627
57934
33664
30621
519670
616924
883846
344025
625941
291896
887613
508645
120395
81607
206857
723324
82187
279932
627610
854574
461543
831055
709857
291821
384282
70045
329694
798836
246305
912028
916248
396885
311619
512825
261670
449053
420146
754384
983723
939237
879818
297799
355743
709432
695286
779592
360903
401308
814642
597273
275463
517695
923306
685401
253070
419071
13057
693145
641711
811222
507823
117588
451536
495201
664002
880525
949307
971595
573381
808260
79314
221082
852414
783252
606047
345046
143440
353900
719881
766801
158401
634728
226915
424408
253398
394379
317343
129205
70171
497947
41696
917341
388159
580505
564397
72189
233179
840156
297921
430940
946259
211977
535615
967404
72085
412465
411970
325299
208511
324999
934803
50769
394269
699836
189620
650221
339152
631353
584025
583872
24650
790776
911478
418941
708789
729472
480051
710556
167731
919803
61181
501314
812224
614197
933110
537679
651828
66163
740940
387
644261
633134
153319
937229
52010
863275
477052
816434
627386
653048
246335
757527
452786
848389
955253
474859
192629
63708
752999
112243
125294
198206
774515
154291
847409
81564
772860
894902
477503
672431
435201
937019
760040
630516
422539
870396
553291
12231
765952
471003
164409
622043
91413
121452
308344
869012
593441
756569
429283
549761
395340
734646
55151
468857
959654
396706
419144
496209
370964
645398
126297
742647
335909
539469
757611
929198
912898
393488
151141
237094
85316
328093
830129
838327
289824
504051
768127
303162
474493
662973
51619
228548
82599
558360
991642
26560
333531
581571
201130
184168
429506
125794
427687
321632
716219
257391
84817
689839
606801
326462
431003
489498
680652
180459
89863
941855
85283
98146
747564
51339
42703
960138
349146
265016
244282
401231
436692
792487
894166
321226
111804
902069
378635
213584
983564
159229
575880
932884
293184
446027
710203
426361
141010
959224
789659
284984
554717
827943
740898
30059
442595
884890
995033
816756
510954
691698
264651
553228
785857
316417
43611
555244
834080
342158
780658
446481
69229
394212
604560
701616
716123
624215
627076
886582
453037
820564
129654
126714
510617
599076
771170
912194
574279
21181
441119
329967
985336
562181
600925
801030
761732
182884
169646
318683
821819
159108
472571
381724
722477
394216
163287
869687
265542
730022
591408
351465
232849
148482
878177
852260
223197
98729
594021
768093
594301
372871
403239
930543
403560
798469
11701
642607
407233
908962
231826
985229
920370
933421
901418
486179
500977
9884
32
540765
500005
811917
894788
638982
544801
138838
816288
81707
825806
710538
370481
712045
174952
631371
568499
860201
940447
350151
604693
826108
700701
984337
126412
825141
244903
689308
198084
44379
623965
181270
179632
539095
262235
460447
804226
174976
329154
629220
997751
389889
270801
125020
231690
615657
660012
926303
348296
946511
17087
309086
543747
144160
534652
697347
833632
521735
450816
349158
247692
531959
167763
343976
35275
246296
817102
601200
977457
553739
215831
407488
613609
35356
125576
789875
791666
430851
218351
835477
91882
384535
309550
590623
673283
101520
479873
390733
245714
453623
163807
160734
727366
843500
129274
671208
367029
184980
231905
372373
150226
195677
510789
206462
800891
489519
752025
975010
916591
597936
56530
872770
901533
979572
550670
119389
703895
772736
331409
117827
581029
517241
122154
773528
75190
731054
190452
664616
760050
868991
420664
730657
288363
327528
933296
969969
261169
246189
781670
390333
459716
561060
752379
490043
693028
847578
219588
679724
766341
467747
988943
179385
322399
166082
289347
509865
812065
998960
638181
64701
600773
145741
45175
788905
528191
412512
395003
99375
627023
235085
784917
581784
121974
336018
163918
40594
184773
929533
475317
688929
657488
718318
86368
577219
479874
473860
450000
932325
409226
262183
115954
142715
663731
158002
851138
202240
98066
1147
46282
644426
350936
260992
843529
167560
245511
832623
557359
60444
34114
159698
527107
667855
356541
72405
373991
348469
926739
898037
357876
736734
992310
689863
79999
697654
461760
732386
57277
835002
995560
933867
913411
56343
309393
334331
29797
16097
347389
967791
663296
740076
255135
898763
732500
536203
298638
78539
78857
300323
739861
714440
916242
130795
623783
214276
956399
81922
101424
99858
16012
541548
129414
997028
319367
983338
249534
707251
821647
747894
37148
278469
533736
615896
110690
373726
550411
801384
369673
110853
337833
109025
802574
956017
714128
283549
323811
659601
35367
350322
999942
395765
508883
195177
217135
61532
379132
530264
114531
186650
809962
48283
190886
292582
294601
452147
926157
62526
352715
924922
174833
63991
59756
884738
157184
604452
405585
162378
669485
950562
164618
470428
525576
426495
895286
863622
245480
962245
147782
175155
276932
87334
407258
532965
927457
203589
248135
826193
573670
569055
541818
33366
544715
692436
23862
133403
521904
351318
666873
506245
812362
724525
532733
623571
499512
411876
732442
69142
621171
958163
555656
986383
905444
756426
299522
646503
422928
15639
903495
453317
427118
312117
428602
35664
733402
303377
858218
955521
622818
481273
62059
153763
427197
892644
898787
18154
170267
830680
830433
907757
270038
31484
898215
45762
435912
829114
997512
858869
43512
443280
644652
214884
791404
868276
128945
790714
17634
257506
639980
419910
141209
971971
715469
343991
980874
735291
846561
989815
533236
823631
294832
187680
138965
571186
14854
368479
175732
899051
399
796836
284059
183652
39067
827907
482339
965137
991682
459370
857127
757946
22817
10879
345114
68839
16450
215446
645109
495592
354202
384972
606409
699518
520747
361475
999090
26345
734986
734650
397996
756559
156987
542599
959615
74054
783672
865140
331734
193918
659601
710388
455982
832654
953453
315776
146922
691033
327214
48915
980291
311005
133747
878398
469468
867992
43639
510120
684531
943959
333206
148518
85427
8796
606576
194291
300647
40235
193510
318476
777738
535985
694594
143531
950650
735762
300915
236893
99914
246861
886517
610370
615926
806542
187983
508769
37042
137105
21430
637157
181403
911085
833487
823737
327567
947589
401042
266683
301336
962758
811338
512863
413059
863389
770424
213795
449935
542393
238423
992810
369921
280376
356667
15672
382101
993329
490003
599177
268302
659549
442573
47438
54254
430562
289752
83717
687874
570301
739269
935539
389781
817740
625287
79873
683845
286070
946009
627505
217906
129720
956223
644091
645906
625548
311652
48200
306721
279735
592674
91850
208822
890800
547169
937846
337265
701032
431830
918879
224081
495547
850093
834736
383970
735665
989250
379910
30099
636592
989960
952104
257893
737026
61644
343012
640128
744447
434004
416519
645536
304215
779041
38904
665004
777726
875924
170737
181095
781492
804141
942619
674687
31920
36654
402694
835075
334568
922398
304194
529586
736128
851049
148764
941294
108236
473637
173048
847376
122052
325743
112136
294293
946115
560884
638118
965493
697468
630284
742996
997204
209210
753408
455117
37074
76177
336556
912391
107453
520358
823999
590792
179494
150808
598176
187874
586513
180746
873707
163341
442822
975887
322393
641887
553796
609136
398078
875690
387861
372060
693099
339698
325117
551213
876403
520329
475276
131731
761675
116105
231507
496095
501963
167598
99827
376494
88017
234510
115408
160496
200389
23733
151525
309716
437430
876769
604146
101010
602595
230359
319440
402516
764246
230560
746212
729282
349419
20003
135730
869160
800943
475616
271241
722055
485860
296774
825500
95669
4064
400434
78129
404977
634708
309510
896818
380167
15466
742689
488481
949340
979656
49920
985321
393111
836658
120177
520463
474732
266828
204527
161864
29062
986428
7135
686691
666513
431662
295206
101927
84769
172401
517029
886263
528962
759999
19282
165618
121885
326554
527668
2136
182851
817041
825594
845093
47961
787298
439161
204290
491296
763257
933377
747473
514080
591575
777114
825510
990961
549326
703584
220246
455270
314280
474744
250855
801814
147304
106222
87206
273032
738408
129069
91288
130554
866273
236890
720264
439566
145033
556365
24063
166034
661207
667116
290834
855979
7202
463718
958485
427933
220199
384329
437806
447096
977321
67137
926852
447395
467955
258926
778005
590142
764345
270112
509863
137271
868189
225138
459606
282347
202381
915648
328844
86454
549449
279814
169359
257433
184258
569174
346101
707719
702686
68149
742066
6732
419864
48595
760530
555674
842437
275494
301698
246962
885361
721826
763912
813419
488616
59543
335187
796386
624272
577382
602540
138367
674292
623009
582284
139679
852443
795903
947144
177699
413271
411192
928680
499413
255706
500419
232661
896946
971137
609130
928048
773592
469941
108742
954495
684813
765735
628125
558082
157929
433400
717204
169764
730082
327035
328338
464845
101362
674770
844596
60244
823399
328500
468134
408530
173318
404817
959652
631698
27613
17740
572366
621540
277732
762343
974753
169680
893071
131069
753880
8424
474675
590696
562206
591927
309906
691459
910766
52245
546757
308809
637705
123804
662021
27740
126803
845301
757845
967970
987083
624588
586000
888970
163749
632482
624459
288748
628934
225984
328742
164175
990555
52425
347828
821572
218967
429993
879172
474927
208583
933354
208844
756709
801363
579685
472305
340529
991443
489301
330230
825585
334475
294087
494206
717918
487749
448749
381759
782825
702474
409874
749637
633536
705276
991977
540704
651759
455379
991806
798572
646692
444146
368654
629179
785419
605413
731762
831457
503896
841977
858165
250843
578723
165432
835335
866332
743724
509696
366347
306358
274432
969215
601419
880930
787509
608078
764747
652332
107151
407014
864315
237181
894405
654083
483461
826950
504861
743636
184583
70151
571444
796635
760987
948601
894170
261031
6353
240990
296730
175020
322494
529891
436119
360956
783533
951406
317009
855716
276852
381258
139591
688229
848610
169516
155127
452814
274453
277666
565377
441267
924072
50967
332393
246795
342281
775045
60859
893547
335912
585591
343497
445275
896587
801722
223568
311762
711358
276896
535545
831316
757096
441520
749371
944164
228922
211501
995357
387558
458752
982913
62169
435414
814809
250438
867933
11551
312772
610418
983083
684953
634384
559516
588255
796578
155446
948463
224785
198935
221954
247146
427216
432880
456363
323537
317327
905590
993476
455412
967452
790177
201739
627737
411851
929938
288415
278984
231985
551913
36495
152884
417740
937284
582094
679873
519744
954965
953858
390134
884988
178399
187771
327169
232187
972237
368577
968801
117287
204783
356614
594676
749656
638738
171066
51101
681273
194298
30269
671761
187532
84606
706608
894335
66628
242112
816869
98970
145295
257672
824692
323972
891191
182141
790319
494744
900126
164607
682349
93268
38119
759651
200067
596705
393332
948620
403985
934785
77769
300387
210168
568340
616399
853618
639145
812039
527221
882018
66393
317082
637617
153231
193488
546635
818020
630213
823137
241444
793692
663194
352308
522654
551539
566056
848191
214641
353812
271460
533587
289017
669662
954272
842131
212358
984609
457945
393855
197824
516741
511166
99886
88693
668809
327486
182618
362305
613097
468300
380373
911705
998362
749810
786650
692788
758703
862159
246014
367254
530333
11055
377414
156538
137371
400517
139090
372699
448483
147783
692854
752159
405654
660582
920809
198625
624380
66537
256278
194585
827305
338085
443856
154474
431355
537819
236131
31048
813375
217326
471237
4932
89587
10623
852268
629750
205734
133991
414969
2886
49020
595152
617297
299414
704334
38896
746189
431632
20846
114787
422343
251591
521096
73189
986581
745612
269475
298409
430098
666384
391175
705624
714455
941937
880121
957033
702345
20899
237730
357209
177868
854716
997966
502152
471062
800731
728335
690480
677918
928246
803330
835330
405874
862143
562857
942367
425640
973811
463479
848239
103277
405951
920939
225890
495225
364047
695764
925569
135331
927092
960371
990448
574416
879152
633917
912578
151367
439009
667775
334585
644320
734089
428508
381784
215963
963254
570610
54759
624270
848210
538651
576771
998518
171145
574735
553567
862701
80466
868263
388827
206396
931997
770236
427391
123336
483351
404718
681300
55593
452445
900737
627295
66392
702714
631329
688827
298694
644254
729414
28754
177929
516702
227186
436855
727601
954978
823768
539107
413881
869360
454231
300747
691930
104274
720227
712730
316537
189413
36229
163344
462336
203713
841592
669879
376073
140992
173300
343357
468983
940333
317513
470067
798559
956875
608801
156769
558948
984127
334696
5443
198305
502235
202247
612068
580350
747143
249483
981654
378597
534798
211045
642507
997711
350530
320778
309140
612024
291661
241851
405171
526641
100950
428319
131678
499220
714124
763019
997267
612433
402322
464548
824722
505767
476423
467100
409980
667119
493745
300184
968454
573650
988933
982642
979674
641307
284565
532186
782282
383783
525718
635031
173681
651321
689421
597356
301224
295146
108630
896981
501154
413137
546992
112357
24145
779241
616761
521894
283184
973762
824686
129855
88900
497023
666769
902543
202920
769837
675532
670126
76956
953743
440686
126155
448979
59270
592339
452005
319655
456797
886819
402338
900333
140335
260849
731151
847522
7413
772035
161653
480452
374896
777649
353812
432829
589103
951910
64127
822586
169598
453764
514963
779611
648939
173924
96341
260867
210806
10106
670503
325646
212500
974423
239975
857506
463968
855369
298277
854430
485471
522589
7166
932464
739118
367685
864794
926403
730762
519700
291710
686677
487164
978021
8398
900646
321823
56220
461091
91340
122575
585732
700357
765476
57392
165208
223301
153763
475928
392349
18682
34506
575898
8364
33046
455608
506608
793998
616419
225305
10180
368064
539168
923900
60635
331413
163954
221955
639327
883643
632777
961715
299527
857557
959056
60203
590885
428424
63184
471666
976651
394066
603106
603497
766235
493716
578447
434847
278122
242544
978694
451523
197648
611597
62456
880884
424399
605751
125076
413621
995550
193316
43354
235772
828753
962641
458526
610729
871078
663883
152476
973972
558574
991690
463474
517631
268054
274232
104510
582571
890449
497999
847188
872326
239524
82784
298460
708481
889933
244271
408839
81024
828817
313340
401516
305899
266401
886237
345603
998306
940904
693254
353340
682125
665331
963179
927485
358097
360190
108988
964983
85598
677591
651727
497764
90469
895729
312348
901599
582375
293384
628385
850463
889449
70251
194598
506897
479812
417707
194523
830033
730712
434142
763037
460422
556193
950288
755287
312343
98529
374664
469125
153870
470845
110450
523668
994055
814500
975214
826790
130964
881578
11508
35825
467185
475315
975137
962503
206559
580746
980899
417584
150623
857681
519486
588467
140172
174675
898232
493172
534037
758965
328743
762807
66262
22668
40469
631170
791443
303816
231309
923169
264400
452173
46277
489987
441168
114786
118503
799682
170152
199170
116926
752128
543358
681040
924473
680172
578723
599400
779103
843300
961291
393745
814160
990965
883365
755342
289076
839038
795675
648532
175170
81202
363112
861653
894191
849851
185296
662650
387953
679420
996673
272432
817646
414447
116868
137882
846534
924334
573216
840292
512058
445709
968587
482231
852599
764963
290830
551688
520963
203690
265140
822220
294403
950716
644974
771206
131430
692989
331782
699520
460850
815576
303422
766872
297961
58402
860677
892913
976599
896538
782613
570635
632635
715922
603052
202541
622800
787751
435748
824127
750582
818667
69681
667572
477186
590884
692023
618724
587487
733486
967174
949303
925919
446907
211955
720573
22882
902139
495380
169243
762657
847382
134551
893153
366488
601750
917695
9974
219342
795042
700605
825524
746946
17765
793063
40465
456051
604942
684887
648690
816396
222256
757475
872292
823787
435977
620020
806821
954765
344991
939269
124828
433048
519878
613690
323881
289859
840575
647450
196567
635878
796475
715883
998830
104346
899645
290089
370597
489868
559389
569506
703733
189155
45800
672497
208393
831947
555301
34004
807250
821022
645938
100525
581814
259695
605901
369618
474024
416754
622448
806289
722643
329099
358547
640579
460143
596913
340885
21963
962295
901951
880437
185388
134129
218327
356410
312900
499756
868659
784307
671017
154760
85642
379673
933023
785199
933915
485392
206259
204322
36376
753676
176182
480430
621618
736593
714073
520573
297213
912274
748194
711880
536256
2235
842505
796010
52892
253642
222001
596240
923030
130008
507014
320717
555651
346678
137839
514378
829327
702706
325424
189978
977258
644473
880672
444140
5711
466774
141313
406938
396913
989209
160257
950750
455237
894227
925132
36708
237991
513597
316620
172986
173226
458488
692670
788259
978815
999279
161074
674956
860992
143960
517279
376342
72602
960602
104992
88594
867733
839817
118543
439498
889602
510604
355453
835836
137536
520160
329867
605282
481386
49333
302695
812588
330848
497270
464359
902608
570609
739942
968187
825207
100834
918822
23186
845144
19613
550035
129740
857826
695161
802060
774103
375827
890274
448273
56297
316710
851941
61766
479640
811817
913755
739223
628185
1260
953327
750391
742995
209365
303501
578945
951135
601041
669160
655871
910879
120549
538152
870088
831224
287779
24431
836355
282477
375223
300615
728586
448089
617377
531178
41387
237320
513789
192172
470088
682355
75134
302601
518942
907863
767929
125511
853602
742833
108317
317063
691719
671064
754945
308910
369437
593462
728022
551274
688531
828004
449403
692708
577181
114850
360112
371009
307376
780848
253090
646483
228138
205323
858532
753570
965135
225607
469247
137299
404975
33606
795424
670451
386275
646482
518064
276323
854262
203229
266625
851039
8288
192786
148195
924076
119724
495319
622231
412830
820348
476066
318235
785219
724835
140213
121572
716144
216432
774327
263274
469606
397898
909424
96989
812128
848119
845921
767733
312763
260215
25918
90535
359618
999181
357769
215155
585621
569245
698957
733018
818870
433008
129331
506285
778993
168661
179204
566209
557989
996835
317179
358079
799090
885913
675782
303128
525505
589798
139737
940309
534890
408516
360687
761676
898951
884926
146271
831022
599123
120467
96727
905470
163581
856371
819575
646428
950607
22758
137740
893248
720758
330956
958503
394050
982765
830207
105241
487253
745546
305812
62350
255444
144805
135169
429252
765044
914081
868440
717158
637786
647640
848945
853641
706310
901287
586854
561090
503148
46419
973880
218849
783331
124438
258896
782159
171511
716362
85471
268736
724825
285809
966054
774228
475126
956062
51474
543952
5220
451012
488959
427507
572601
402650
415325
850552
230006
882727
699632
996712
826593
645231
272753
909401
893488
863290
656594
337798
640865
89277
937887
823244
501479
256360
64640
49087
942462
797323
997787
7591
189343
649894
373782
283290
515024
322443
258042
351479
758227
982450
439347
601596
815230
864793
383860
348229
414826
771670
34295
592994
126021
934522
708130
752403
248579
208740
635141
904226
158385
117215
193984
127134
27690
11705
904450
824943
391266
476193
74795
707355
574240
324155
644371
623060
693000
107716
39332
875259
998614
85213
440482
151541
744935
107958
226636
661608
551793
37208
552026
674323
638099
663054
181285
442824
288007
278385
924710
182726
510004
324815
727062
223543
648289
165944
746421
341698
796867
654052
955111
503438
857975
135428
762168
519381
998027
693347
988352
976992
166966
992569
951330
375524
207336
197261
780910
136569
863676
504707
683046
985203
806155
43849
113246
96479
157786
252698
243965
937756
164403
776942
532960
55315
172561
74238
908637
669396
233588
940471
663396
215246
61845
648507
970242
480299
290932
189518
491263
73990
532109
710883
300648
921162
865257
384900
752295
30440
231312
377432
947214
31604
148123
286676
839218
673373
119784
148289
548148
523015
117544
776229
803547
288135
748754
816977
704029
851770
477690
259206
352893
123842
694268
374085
670158
187358
372178
915570
466773
439781
658246
540580
245964
91103
209729
499724
856835
158528
921601
486847
891617
345154
980201
48801
322889
550814
773938
416112
867416
768678
12159
560874
735626
463938
655
369884
749052
720517
791372
961481
227340
684139
724096
154739
436444
833201
381351
152520
628598
616977
772575
472172
643721
506905
814524
763039
821458
211879
883384
385291
222358
979011
857031
272813
77131
844313
245833
236253
218391
504465
20505
345019
194800
601677
11458
847352
365346
590527
782802
256574
189999
288036
848902
74429
222992
743328
504228
565268
486810
872759
410728
487320
677564
942373
355414
94083
609061
255132
247534
436540
183362
955864
275646
277118
243685
944480
875729
923304
838529
123162
576901
414690
844242
327499
813179
801766
861913
66411
736103
219314
453061
330721
759879
190473
285229
519264
627248
491808
485562
453725
92419
75820
690146
254252
368063
692933
781519
628342
370096
909111
510430
846361
529862
111206
292290
804700
334720
131291
426953
951118
723911
946415
901367
674746
724183
888594
647886
881800
565592
244345
899375
59891
621131
387298
186458
267042
310688
675141
147730
433766
394340
142553
87196
601551
107863
816191
490597
524267
974811
522511
667651
464028
485705
109182
709076
579605
285854
266473
484099
838641
18003
832832
665705
928560
476234
704785
445583
418830
799844
157616
595666
939585
645743
992961
297952
359632
949757
678114
978334
159691
283728
395319
505772
246827
63537
275795
200064
794694
350048
454207
22511
479470
633189
161323
662858
90728
840389
434159
852325
672004
961232
978364
566835
489566
924631
257763
408717
304047
653948
128577
866897
211600
229985
755847
917031
540493
682114
242722
861983
994594
926495
810507
423926
168277
794641
27181
387832
971759
253758
732909
119743
418968
36584
598363
868377
326222
725663
993461
922696
493314
810583
330258
847970
179727
161492
237810
369241
286359
915266
790495
968469
209916
180385
560383
744317
758072
317661
18169
754197
210650
572603
384898
531330
518366
301872
587907
273576
855719
183756
620969
241460
419675
217107
216776
798453
624987
360556
275373
238565
562206
824051
496127
528006
201641
996201
61776
278696
866989
167947
127110
37639
207612
490752
219680
868689
210217
475243
975079
992900
916476
756705
498100
61558
500047
84404
375768
469359
543369
418222
789611
298544
964404
520922
794932
778007
350332
443516
344818
962266
212294
943584
760517
129201
821674
784015
341500
544528
756815
258399
583740
953618
309666
229730
184649
862833
110259
811838
844020
255218
433708
816925
326625
350750
325102
189178
484532
201770
456137
690332
280024
734200
522136
993056
981163
387126
796599
633838
935561
355748
831715
982158
44340
178868
366124
620243
756381
452298
937113
203829
556497
949347
808088
783421
938179
699282
891808
175641
60018
90660
184485
302031
149943
893285
603319
616782
726381
698300
238712
543072
236797
23601
699896
287357
81668
262735
127983
306425
197156
116069
37270
771676
380388
775846
912482
382738
285061
865008
260254
407801
524002
14698
324451
85976
784322
383494
855991
2800
64062
818150
953856
363690
723081
739482
244131
8047
475425
10184
632126
474263
970769
990373
501374
607737
482912
276639
726493
915105
162842
241757
998587
851487
929720
1886
241880
707260
622
136830
591532
795016
136978
371095
803555
112847
856484
948740
69944
991914
10302
820161
390125
370161
121881
328046
439460
214030
833209
926194
434974
390381
668598
312380
279565
5583
13481
978789
530711
464574
222511
829746
633834
297499
563037
933237
305846
606547
114368
434450
136652
122992
320911
939231
388241
453771
491248
114917
669726
837791
874467
699396
433464
501690
757327
453939
269479
175629
429351
468900
989877
222754
854649
245893
305540
827692
942099
102627
935180
561530
84882
795817
917937
477830
857032
170951
767549
225578
558153
130734
983295
990386
428242
399799
903615
611148
570135
171939
106844
915292
204008
584957
347461
54508
900863
372572
279440
771073
498600
939205
568890
998409
786893
390061
23100
389616
325469
488475
540486
987409
848089
163756
308570
309641
736315
810224
987848
169384
988611
570866
88770
279425
728415
762710
597851
136929
240502
816090
200352
719324
601809
326911
83667
563970
636070
185281
478656
292913
605059
906689
52927
761348
967635
800708
935237
572841
800144
185492
468582
212561
26374
639300
930731
146880
871552
239569
184267
160964
697233
369060
106762
342658
650816
967092
229419
703788
537297
44105
307091
574478
203692
970139
417276
239688
720941
952153
539730
151254
308807
600197
948590
260491
512213
320380
717676
485725
892607
856468
990507
577433
315077
831198
335520
378359
673643
614218
38679
721288
655937
401962
347720
41164
704846
369679
174738
344224
337049
273359
368470
615316
799123
56873
215795
390363
61348
396863
961241
557403
246288
88257
334668
35877
779718
596523
128183
673598
323781
844772
29738
654428
446251
343431
54578
393900
723420
625855
994004
169424
746123
418700
124454
715943
51432
449186
76489
548036
272870
612464
413702
30592
670248
266494
968324
849258
243271
912303
73251
671517
754370
362790
527097
169643
646083
236741
111271
998645
367434
580881
17367
763868
97336
191537
626068
581906
70394
867285
176773
100362
313424
189556
340871
811982
910905
259693
143078
331374
647165
969807
478968
624534
79127
576948
226583
109881
143164
21064
898937
434474
659980
375592
374062
230153
162132
978597
587509
711578
366846
274535
586746
723185
210710
517742
617136
427018
469753
149748
486343
741877
997532
52335
266
930798
939830
296050
845081
641674
807691
248179
683070
534862
146903
169575
661165
499546
77267
694282
171420
213443
922790
846523
176701
432254
951467
304195
893909
346487
602523
431222
624378
809665
138711
613170
130861
714217
209621
826884
498577
121699
196516
260587
71688
75302
686749
829940
238889
654035
424168
845956
277599
455440
261224
361332
272417
400756
387396
247702
877641
863067
855187
821270
967380
674584
995619
476220
465845
815050
24870
379790
746582
849799
190906
444115
225068
954102
589972
43122
460725
792313
713480
723640
374993
250503
297207
153976
651514
50583
945557
887052
361122
201144
787413
814458
856296
342078
765172
770355
443894
351126
730847
236341
881209
835835
54978
813199
918590
215745
522159
780868
619878
475855
107814
710665
815046
647146
326471
220201
367965
348460
983185
842313
749874
438227
847318
175237
355338
810869
641981
666296
245507
944337
574195
995803
235472
224065
362288
154309
291730
724045
560290
91152
26767
202585
647800
104284
73873
158142
827980
335405
786845
408501
724973
714096
890895
77871
237448
946395
824463
7939
427699
716401
654514
34111
178391
616421
867055
280415
343095
887574
352059
488540
627489
890425
57540
460635
199983
253461
410375
45190
724154
675751
479951
717880
615837
924773
945547
270674
128289
460576
202954
331115
707338
578754
722773
503332
478589
149943
744937
586329
746956
551977
910671
477171
564448
80803
46234
424154
293570
10391
100349
205192
585862
232379
978822
832441
772500
217677
466683
948414
797588
933175
589327
351793
490997
860495
201921
809475
759579
42037
729746
311857
929763
492383
43681
663957
95700
54130
82532
483929
842531
597318
504773
916294
360482
531596
708759
564602
46791
130956
36275
959096
84501
927494
499635
321498
160937
763706
425482
813729
767587
936644
187775
146285
554223
268255
566916
13896
916207
102730
555063
132636
142087
336135
681396
865413
881220
180864
812949
575809
991530
998597
205383
17028
769560
15728
873034
158697
760154
915946
925317
278850
892491
268230
267907
242576
514789
100683
585742
637454
91047
217039
214758
135848
332321
629758
379550
388361
63007
786170
255700
239250
921776
605980
863819
431782
302162
312217
919271
402978
775611
421569
433028
32298
391174
456096
877618
433822
926969
622855
959953
594860
738927
757221
467398
508608
38054
453454
94615
122262
716135
597086
234025
612783
525838
176375
10259
423265
937525
71717
862
35017
844737
777571
197467
249053
197640
17399
387297
496220
439198
217912
974626
124710
963387
577072
669865
843176
90314
581596
505715
256111
144592
137680
901031
780254
571639
724535
919346
732027
286583
290744
971651
780259
120096
264949
621792
432414
323334
53293
870116
520525
994633
45761
762518
685888
420671
342036
622886
827876
325953
775307
391302
193625
427535
983348
299554
401122
450273
577730
643838
946486
144523
890294
648171
860147
328395
400794
831078
481778
746098
268264
651981
944501
13613
820807
30527
842045
913264
77493
583822
280633
468862
189184
960675
526808
256534
974446
803823
14015
11133
780220
44554
543638
281317
738115
992106
612605
102135
800503
363265
7453
503810
427978
11506
210201
895231
49710
635826
475746
874816
747639
541368
275498
769205
287966
794208
62064
266651
739362
607842
32250
234242
312328
89961
581281
125369
415876
621779
141830
423832
2608
470532
183394
727593
735865
542887
467771
103091
183577
171714
943283
978853
933822
461237
234811
946268
14986
3279
967716
178001
556276
721805
624086
96034
996747
585456
718169
729275
309531
2042
320977
571809
416296
478596
396039
297947
680919
152447
518562
21117
328300
213829
362932
704274
870510
728347
245168
536485
372455
646086
875962
947500
942600
695110
154135
788690
317545
368500
885699
275872
346477
381427
791458
884231
68036
756438
914702
54924
869642
816206
321103
230032
58636
477966
7400
861115
351787
658109
240910
126853
802586
232343
491764
410976
262978
102113
574913
681989
442756
802631
156707
284634
88606
989459
282429
122813
987239
711244
259964
631216
682036
938409
89223
782817
535709
442032
280661
236628
413722
687856
444120
346351
45958
98327
319703
320994
901446
885297
863193
638705
126979
220990
847549
325663
570258
948526
606759
334648
907381
942843
822549
741180
624315
503779
567503
835427
728258
239361
249917
619857
214301
121031
672146
259096
153552
387162
832358
809636
66616
977546
922850
523463
817544
799533
948117
81186
877614
511319
297315
535724
187924
939703
467612
674530
825794
699921
447915
662027
708384
721811
343717
946535
394905
486103
901633
129972
590492
768628
240295
279708
644668
298177
499809
646910
640695
150824
523502
783831
505684
816610
403381
56077
437221
836308
905879
245976
232492
464262
767581
639949
894426
375996
605200
338824
704755
579059
183720
10230
526157
313273
736284
851709
38198
380905
14424
756168
591349
158210
574413
969714
5801
199524
58210
190286
323535
359270
697352
335057
624799
533846
160299
135517
623061
507406
497028
749034
721357
22511
848459
81107
536135
687805
275722
624763
798155
22743
118541
575066
151910
301649
516406
320872
312594
987440
690349
509604
832307
187649
407412
594497
684670
739798
507416
745134
635828
630494
359555
530880
670412
541088
27695
595391
686767
472084
929397
493322
45405
499422
941059
472423
532909
674856
339884
44523
975921
170522
907994
897666
417208
51065
395486
68892
821485
451801
860712
51701
607452
257472
420690
614718
988885
269785
467158
413485
966121
215633
707040
745118
267153
350802
123583
483876
891758
755738
519733
570609
974188
721399
27117
345949
695551
307425
788812
14614
243663
267252
895456
154533
425072
278600
426293
544921
922122
229551
206086
973906
32152
164810
469585
796651
419340
732808
93635
494469
656975
671932
703827
138989
14373
240410
952491
989161
201007
258447
605120
662756
658122
235962
602754
780019
91029
773898
338607
186627
315089
384885
513347
701666
340001
762193
312202
258982
854832
208531
62549
487357
830513
735971
504011
737619
798978
282712
538967
736858
935402
264917
995007
248697
215489
976703
930325
649427
794799
30810
655238
261938
470348
835967
625679
138512
684583
332988
519696
428482
590306
720328
875385
724353
944634
508257
98656
61207
426853
527300
240245
373923
108628
279624
214989
337544
181272
747544
695258
845688
673889
346123
279804
588184
847329
658210
356912
478353
507854
929181
541734
336819
300807
615546
872945
25285
415118
129675
454040
591917
179188
431667
434121
61048
161298
245437
138477
481607
205619
342616
92375
51799
743887
33843
496790
661995
50354
745521
443881
504408
621372
942473
958674
95085
365569
107965
867459
77309
65360
182005
906357
380426
890321
506360
969816
434895
459144
100358
46501
239146
900790
106196
278351
304548
968414
864484
79831
814622
337829
882753
796031
735323
275282
424020
81686
280804
478006
374630
483186
777628
112229
367027
329852
367264
350882
977063
810021
42842
302873
974776
956343
427043
82629
675103
67782
423634
563634
63156
922437
876582
1949
436325
449012
587467
60855
107538
896311
266252
823304
768264
996227
638870
322800
549913
567473
437221
615881
903061
960437
344718
93417
348519
746280
800167
221636
289357
868545
152342
860910
771765
351202
831797
491581
561457
389262
746207
708493
557463
287481
909786
820189
370744
317240
195169
469334
784827
578456
497676
992300
912149
461322
179934
263581
883750
269179
415595
558039
896563
598274
457252
502134
651772
412403
981057
667307
60282
697041
37001
235640
700343
509856
352001
946647
374729
793495
405487
151355
188460
332084
289993
349870
842875
699242
670783
946841
766731
229494
488930
942818
922660
291087
957743
611440
369309
873788
127676
185162
985491
495039
923710
408413
383174
455983
978677
227932
806352
153827
221172
366914
697666
869322
741200
144051
839708
846232
107493
347136
209065
212635
321024
891785
640181
848940
998188
332285
155436
167040
723420
496189
84177
150046
121202
102175
765911
267883
201130
128655
396191
821985
601702
836495
805839
77918
48726
278558
68107
422937
400259
878519
941459
830575
396665
365616
751929
385116
464399
857283
477693
176261
618388
72810
216135
345585
318808
73955
839040
66584
821588
688915
954829
856532
531127
272327
52585
766196
240013
581973
784413
152688
316814
554849
932383
470774
357441
148476
219333
646946
693707
307046
74212
254541
640344
636532
514249
22077
469029
888525
775315
155898
568807
129934
380331
291840
162587
204109
524834
835856
563307
771067
927525
488609
385082
985827
1119
873908
761036
567055
659052
677829
547541
36361
99125
701021
425181
645183
970284
409988
703436
517952
792101
311444
963991
572899
588560
7529
963527
848262
725711
786165
836963
479156
843384
653680
195834
335648
172072
667756
747407
775502
16962
493062
708449
436561
826755
80505
11413
846895
893571
192140
813826
964000
913291
60268
258841
841781
657165
129812
890863
598998
356740
833512
499113
124004
236905
197218
108803
208125
570639
213539
327869
831709
810396
929579
525154
67106
270884
225572
104054
511848
762403
628184
393275
521298
339927
12996
605792
346666
892408
379524
83207
915744
402389
813293
844785
36975
354828
351737
587721
625245
347750
441117
293641
470305
196813
574903
212877
734302
428202
342883
749682
796174
784799
324589
26090
194170
40542
702944
882144
469285
978852
919357
132098
897801
291478
795272
767152
431737
494134
938940
840703
866789
244098
512990
67434
536188
61673
451758
405461
513708
953195
187514
582783
234565
564556
32206
555909
74363
564660
961414
877197
676234
731750
278596
353941
771700
197403
866812
718936
954342
192314
657836
573210
337977
764791
542569
788945
114771
867333
102037
258992
203310
457209
276077
548688
299633
443965
474879
533501
68666
625069
832632
355291
519933
383249
162587
673652
131206
578743
211342
825119
654618
612397
758479
111757
10747
830168
461380
794355
420875
201012
491823
358160
589576
689897
847744
616026
318902
755590
787396
226377
972954
223388
57596
645375
432674
824122
339720
894546
442850
727872
321986
503224
186105
224290
294056
156558
664146
618811
620401
846085
351622
469323
446592
559657
824159
926607
216886
63887
262328
45052
500834
677275
314368
158871
417684
720939
310301
91891
962191
678052
304109
43592
961372
914775
747431
262637
660475
225039
280096
984819
409525
691129
732586
710109
743949
285488
31703
172735
422676
627685
854747
973938
71836
455272
768847
662257
908804
544853
19794
716371
546034
942365
712394
475301
871072
760816
768584
866531
197965
920516
270985
322003
192915
533189
744281
714367
801944
138841
381139
90381
721246
834190
722371
742780
442934
874019
215980
216637
611794
551728
663781
213484
639671
356466
825054
560361
710865
588471
404032
930327
47456
408098
411699
747633
778833
637148
689081
716420
992232
67992
780535
741965
989272
744320
766100
292271
761269
33409
722042
666896
295232
911536
638138
665426
831586
834839
213836
633001
551412
310753
287091
283486
716155
486813
407231
151327
558193
945458
709548
328768
97854
787360
93928
56146
388358
172526
568882
475486
579291
648502
487390
32511
557907
930761
126389
285593
544629
127552
904697
659130
858381
204704
509382
516107
250719
581545
360979
465394
406520
924987
945304
528840
912223
779302
210634
143410
875435
477452
95298
393886
632110
316341
944059
830940
860303
169391
289082
488086
875126
312928
134088
242670
931872
319018
926939
682546
701394
298489
845907
414782
574762
164140
255776
86639
851920
36701
701952
268543
621132
345551
294374
351490
162226
602739
915830
980476
742904
662743
955373
719965
447528
549100
923294
290522
222832
647410
109655
552616
644695
318658
680162
521175
827146
462071
250663
331722
874197
320890
101423
738191
725101
531497
641795
456479
337257
370724
542963
533811
417169
22644
878770
85504
313871
113687
16415
750929
817346
358636
748190
773569
997042
403959
148965
906833
280477
504658
304531
393772
342896
840241
935994
928948
773905
689680
3581
742856
731417
706939
458709
892949
543327
996281
109550
216854
188912
218710
505582
592233
634394
661452
638805
161423
985063
257678
185663
32448
777896
647024
140743
396969
617319
764214
929798
648771
728574
129783
406457
70353
285509
409837
90240
18358
446246
486172
964035
67504
409934
597277
336175
887733
824188
307975
962142
837672
759675
497528
999061
685688
480428
217413
170598
546198
720317
256188
278966
253392
687414
598034
809561
380879
977842
526766
47833
119465
289194
511440
979734
370404
199533
963616
564679
10120
945388
281039
532383
462624
264945
417708
758026
354701
189232
862213
434518
167046
696630
792695
229871
96047
462142
662421
4867
413077
391907
165425
24004
724932
496367
466698
49099
567942
554961
630418
463834
30136
761133
505498
947898
346826
718030
928924
173315
368658
623991
575845
494650
88590
468695
968733
695700
601396
29274
378292
231513
675320
445916
707051
9828
750618
2488
681980
55495
308456
505855
515879
765963
708439
879364
841627
843092
757242
860244
803773
685731
455965
562820
608279
118838
110785
480802
302048
143754
287219
762125
237796
369793
360459
182625
712208
341342
561790
104010
469596
138732
545441
31226
373461
982527
757115
430197
488006
721618
421637
270153
34690
2447
102208
520092
704593
144942
781939
742622
163765
135541
443008
87133
916055
299997
584418
73846
457235
161237
418565
333609
988381
495519
621506
893894
378638
214681
498166
234756
797327
80086
776766
513201
980896
206955
227664
122243
640390
587462
97273
791884
35023
457720
592815
888076
104963
906323
468434
385248
516137
710638
980996
870873
340146
744069
438689
388904
454727
974653
504221
814837
436266
825734
578297
869710
791435
766234
697250
603260
507498
859106
703782
991026
759139
69367
294867
883679
339931
147525
708654
153954
391365
421708
164685
492637
221906
987136
195282
238307
824883
694353
538116
508491
925580
984581
574667
284966
420982
660608
150024
481805
491761
300070
509839
161235
21669
992919
143682
655001
881555
936153
793163
677377
451677
971156
23349
543163
908398
726646
143591
916283
532103
48566
925631
557259
589671
507318
509959
995772
503510
829058
275607
358008
753935
305910
88519
164915
87624
184956
10830
227968
975775
404657
353532
614848
140899
134569
596368
894901
823099
91209
946935
440756
505527
128915
390626
423225
853681
660031
936002
346388
851423
220868
246627
990018
835385
763126
296354
792855
923201
768905
717132
305686
299763
110899
614741
567779
173643
987184
652466
994511
890478
13343
475795
242515
692854
850634
159808
953816
950045
283715
575503
797299
230789
744489
630784
293998
166881
566986
489589
83457
385348
665826
296337
539552
204548
48770
946923
788974
969226
970892
463791
415823
993081
908891
334033
919067
640953
79295
595311
678318
5279
154981
141571
123356
343803
306390
40705
238338
167613
963414
439507
979383
181380
234284
141167
417442
176069
114562
64529
435877
909012
856738
508826
465335
726226
698592
307909
647760
757044
350103
64194
239549
987179
411787
740977
739347
570997
198062
230716
177664
349184
424062
976081
834493
216566
210187
838971
190688
642026
509270
294620
371213
159005
24597
591241
745612
708460
553876
897986
869175
952666
431029
917516
251594
483190
818712
86637
313053
404329
89365
349636
81069
526174
508966
716226
839958
104206
204770
922441
516253
866343
818660
41631
56617
988824
572938
18382
320274
287739
533849
388316
276946
935520
125694
157282
678233
535410
777136
424652
989372
509193
853681
222252
683789
580747
66162
585786
882437
703935
469846
146412
39582
803888
323599
255854
444606
368506
392933
646655
385933
672564
110037
514856
463399
531258
567254
663897
22957
659605
76855
270561
836534
288009
646563
852233
402276
850172
418887
393422
27089
887934
253898
843258
208999
10105
759227
131102
996238
447222
974537
921134
513025
7881
804331
187513
838906
424219
941344
176899
203212
339090
490704
729345
387023
360159
554578
757488
950709
486627
635015
198226
243323
113343
876387
771654
30780
994550
984268
773378
246175
309825
111514
363824
779121
490416
943615
164259
370573
91640
478016
254453
687160
349789
561569
722750
80457
412669
177503
690483
975621
956278
522455
245592
140937
862837
941956
429475
121184
211100
484710
229551
395317
778831
567357
572505
118306
265244
462196
393339
980198
222212
192859
182339
765622
109226
101581
865775
572266
326999
846129
191015
973720
92392
255835
213174
399934
22229
789202
507239
51992
779486
271277
290808
418130
781652
894870
86461
563032
910849
304560
922004
728841
66485
544277
665473
151945
660462
178040
152358
75125
382243
511786
360416
809586
705965
343608
508736
759774
224338
981233
740260
189224
105136
291141
721522
975548
828675
347464
795504
87574
287187
843222
179011
758776
533244
741841
919875
651639
810779
838
257527
82543
316178
16750
664434
869398
783097
710096
263625
153262
515426
128899
868655
178196
99526
971794
975472
515510
122000
395064
699526
893026
808710
445962
52571
923961
86928
421748
808796
258050
905319
976475
197814
543451
77211
454626
408497
429002
690816
438089
639781
563377
86006
723119
577820
921760
233428
926328
945030
728132
775025
331721
342163
908350
276622
58160
793009
275983
358307
169569
699426
670639
624645
696283
222584
418941
688880
878890
110832
43536
67767
789893
119785
312171
128005
267159
964991
335695
386895
823579
975689
933803
531864
135008
915115
536751
554336
934508
678168
238526
785130
664829
814695
886466
162537
927722
351057
788121
550534
101417
711493
347628
141584
437993
77736
621665
985217
483423
535340
917414
819561
419679
946252
596974
728442
606432
69281
716217
122287
385826
85284
408395
122649
352747
920129
148862
264199
154348
238356
787059
268817
937283
581122
197284
247489
261594
562103
253973
364703
820204
756855
255337
584856
74600
385443
805585
720714
25262
494667
839839
802991
60790
129386
921145
663971
705104
22146
936617
513875
86150
818069
998736
310852
441437
881981
189627
838973
581691
163177
776270
161619
385762
13940
802524
999119
142682
334051
392537
38205
599725
141691
212327
201940
955340
937085
181644
461117
426511
786943
408453
809921
267610
12200
355955
384468
42587
859528
236916
536184
831215
641554
937677
704720
862244
250615
976515
489218
717337
661727
604553
4679
653634
243974
144275
704274
375240
905138
642888
59674
347917
36237
208151
860358
74381
864803
364449
476596
381536
257336
871252
346279
147356
157575
154647
771915
363287
463379
654241
240357
864202
743788
314981
600475
904720
400769
451816
350813
946446
496284
178674
685103
167406
28990
470242
316821
356739
324759
871644
684122
301457
244322
54494
888764
980708
294491
690033
608247
526174
400030
476795
444396
659407
945501
783985
242926
863932
42622
528617
786218
840258
699727
759245
687920
976340
107431
55532
739682
504353
837786
671978
284663
157073
596120
398744
629293
626605
551778
358879
942857
292958
108138
549269
897420
36429
433671
511730
906548
326442
923986
19484
472043
431817
349024
818910
793361
632806
390683
856375
809121
59721
489471
141519
887234
373892
290671
212164
380076
191514
795697
411555
164981
860730
624077
885043
910391
281448
122749
155306
95904
434557
515409
902787
4630
657029
719074
475687
28165
756870
250928
77064
112646
301984
702811
192781
19053
581072
292538
988071
63471
965262
630940
107139
760558
771799
60761
277848
856483
141061
39443
956896
609191
414105
971726
658147
697886
835547
980521
893870
615360
318424
124601
485859
662213
444811
388673
324266
759533
739606
333199
399237
356649
424559
631414
718850
777065
689368
417699
467337
64195
447686
985374
752021
768957
399075
352671
490112
885367
610415
867850
949558
480760
650626
433161
544012
856979
222892
487237
924777
261365
196989
880065
957474
213902
929760
139283
844196
65306
894882
691647
699722
830795
135313
298097
136207
861781
282559
1239
88029
291030
582694
237593
104516
694751
604965
675382
186310
855523
641576
158588
188815
253371
737191
585123
374657
8403
151045
275975
794350
163893
307352
127809
32863
977776
674824
550433
982801
561444
368528
756233
278399
250093
735714
356585
648410
558506
779111
563794
798742
713833
533348
396985
803102
77616
236984
922315
556328
198762
638786
652263
26594
215405
387871
573
618188
781348
219793
191553
282719
561054
370043
740811
925995
998578
266888
47630
953150
592780
624748
463475
462144
612633
342850
98065
727836
191947
55957
755467
747673
229513
639674
224903
819527
270518
500698
854918
178004
994013
917134
381093
237246
254070
240995
436143
662051
714839
274557
114268
226420
785594
308055
293227
909320
654247
784168
98775
749068
43262
130977
258489
795737
727459
671507
368698
958622
42054
610478
826418
943292
888333
346469
895842
287217
9825
1453
429194
795819
760594
590755
73896
375422
62632
933837
794511
650033
912327
563128
899168
609459
86078
967873
537191
629419
513708
663856
546068
631853
981583
534143
905556
401352
228266
58936
713099
297148
14290
200316
896561
118601
575830
181600
653638
140898
114633
489585
230067
874880
502062
135384
578943
491924
622782
624985
734186
888404
558744
373749
290153
401079
904070
914480
346047
307708
844455
826477
601205
643043
352511
953333
762422
407487
322264
693590
725385
472163
545618
153192
901227
494330
354190
431403
461256
499891
691059
142988
417174
155417
556955
530758
720014
801728
836958
911909
501128
671387
588025
408806
517555
135019
976410
651131
108910
239826
115274
404011
291013
205126
149175
771541
643979
505696
558557
551828
102096
974100
936529
548350
188671
853755
993258
158983
303959
116365
482700
421699
640324
971754
986450
645321
784857
647383
979671
726259
260588
23750
618849
964417
70287
399565
185451
382621
143718
11641
411470
658681
379754
838716
950795
688597
357113
362625
861879
79388
351191
129376
454788
623854
455813
283309
114408
933881
885564
681643
339755
541184
88646
502942
647250
999166
655290
44798
720803
163235
810514
886727
516245
189757
458922
882094
496598
739314
280343
732334
459000
105386
555362
735423
996409
574793
385760
664744
846573
165338
256559
571564
803466
368007
21903
215840
678736
13380
587674
326492
517203
100108
244130
324432
71206
170756
403941
386990
878246
542971
992495
2821
631328
967827
331853
914542
505312
615353
659945
70431
194583
979535
832839
784669
854120
489131
793883
592590
212495
155961
715012
392684
918894
537532
972137
966806
792630
465073
568559
793536
133742
5012
379348
867339
229347
515004
756011
561008
704813
755169
646004
813589
58649
346238
656855
636866
338616
455057
831293
555501
299267
259328
822795
582833
739753
866646
261436
816477
861623
735786
249306
744361
757731
419872
473561
194180
565557
896777
262416
227912
908435
873382
467029
649999
161447
278218
975219
234335
561647
365021
960330
528321
300704
217852
578244
221487
376824
254782
522992
829419
702175
665426
984572
548012
442361
821572
683923
24371
397515
219934
396049
176445
963399
542891
403423
544209
167734
123991
760816
893945
203328
755698
172631
210637
658907
224787
847874
325930
179278
385625
535255
708290
685025
887949
764457
155341
218147
362339
857047
911070
595735
638623
389889
922640
483964
56469
984360
827359
764216
476361
976993
562003
24096
192628
774454
597590
221735
347880
196058
362087
592608
755787
97286
507367
564593
243903
788212
488785
96406
35938
658615
251271
205583
432369
245365
990727
501992
43719
994307
201020
761635
856836
267163
489521
7491
887945
79164
830112
251255
316319
757342
528873
205410
498551
500561
372638
587011
813196
67057
768251
726150
978084
303432
410163
324838
2806
253696
196645
21821
355302
136451
550894
575337
335980
550001
709591
839261
955410
933885
774127
700545
777180
936933
894580
956935
378497
561292
479019
102284
205656
803509
673551
938086
307790
55966
837798
793488
276243
823863
138158
90479
988949
480381
639223
506048
27749
843832
803978
111777
240821
371213
913927
173624
312258
354112
290637
632772
51663
824267
266257
912958
498375
387155
666962
401195
284164
694157
527459
117441
672109
882285
280551
92339
897209
730182
639771
621147
454355
192835
86285
610052
789718
62400
974507
473873
793591
581126
410230
266572
725506
392609
806550
257743
110717
781408
407046
551945
585897
129257
433647
851629
928166
128182
183507
173565
189814
276784
453408
83311
366874
626214
910821
708601
923160
313834
407136
966398
983006
288520
147957
731797
535360
445412
470844
302706
391518
461295
937073
766899
37025
54341
780815
733385
877156
213479
774518
858305
799535
874512
931656
46958
338270
866358
45204
784501
950816
28510
603882
77941
666587
571484
242446
108688
771629
348582
275911
947291
816910
323988
611863
677150
808209
781559
200900
78984
276425
392851
861589
278322
509960
298106
462617
969358
844867
520902
521504
872108
361297
563634
844557
545320
836946
133589
127299
921140
790764
2621
850237
556158
227377
150372
472186
307901
31581
944530
441493
126685
974523
516558
659762
176133
446758
107586
301333
554945
767405
991082
681933
268561
329680
618616
652493
219661
475815
782344
535962
567027
391458
652795
858656
554895
93675
359474
135584
908934
570984
102057
255620
544830
999964
75181
40596
874413
512621
328187
811584
565245
86208
962103
670365
380953
120512
568262
751917
266327
384446
233096
798551
102082
874611
616117
365941
402498
109408
59219
134732
963050
74966
592529
411223
919135
863058
38084
279100
149728
671232
205435
33888
778357
708512
929920
536662
524280
226246
630126
499570
855226
196091
126634
572476
798996
823233
372607
626432
427724
172212
775578
961539
467168
636108
256927
980368
437746
871103
292837
105391
39823
174916
940693
99511
297693
6257
506266
884923
993761
113734
287749
434272
214123
756418
2305
36111
961951
925875
57005
427077
107616
397260
961691
951239
424090
445678
543333
35571
391980
852873
231207
155698
6193
772124
534556
552458
10282
871576
661976
618192
22537
477218
253727
686267
721372
816824
903073
163411
549076
840107
863827
372871
660850
650186
669035
643294
606925
309343
800184
789382
169154
510931
132315
760777
95608
793196
61670
288541
943374
31799
781263
194394
79140
230209
819472
151686
394371
128383
1503
363468
148458
968717
787461
562188
534198
595987
96670
531339
919725
289028
598188
173771
766759
339840
626967
199094
358809
568794
20677
664052
770623
365811
556178
429660
501285
520197
359276
494086
286611
201532
726862
299135
49491
21246
922775
818966
301920
750988
753478
645229
238528
240981
699271
896846
564662
344687
156607
948039
955527
181006
123410
20336
28977
339189
460058
567553
835090
926727
263935
894912
629907
527619
521519
347652
390114
904541
896554
941924
567127
400377
423097
256130
301752
689990
335678
807981
867352
289077
298471
791863
579802
923029
931004
793045
546707
303245
668952
225516
845069
267061
525045
958910
916392
167761
701792
660976
730332
489130
558539
426743
486617
285387
324161
113439
17295
194389
254260
854008
715210
330495
916530
530589
705205
689518
101878
370466
200255
896429
707355
388569
139930
856457
49900
238017
26848
494988
907798
683724
968272
856788
180287
305740
610679
511503
822895
761081
738474
15125
977068
9313
575343
976097
270501
479916
301756
381421
174980
399179
381143
882090
28966
954621
283612
259161
472871
229694
831581
389897
216342
31628
481316
990765
874632
569431
175123
762841
143944
525828
725101
657817
420460
614558
534957
126382
521282
436954
222356
766822
381482
678277
303232
928279
649021
680908
345976
609655
561387
799783
339908
154331
17443
440675
190201
195274
974763
439628
868947
228990
221647
229811
968954
199734
862070
938081
3879
788987
227152
998104
711904
514093
655659
194690
618015
848072
705253
976889
620945
445369
444988
270514
757050
564375
654273
93959
305909
304768
41259
56159
312601
658705
655176
306491
789112
838209
769294
647648
208449
164506
595600
39453
827397
74709
910028
475064
322135
69074
308065
422457
854604
533617
864222
969618
850465
297104
173301
883817
21948
548385
873486
991300
281163
357094
307448
996496
193673
238796
165690
516110
316703
656866
199944
68763
772455
772020
767505
185306
280715
459464
323637
335040
725068
663540
540948
720763
236639
185498
475522
383808
861169
942210
365270
177136
865164
279442
675169
299750
298769
817452
113596
422943
773157
935588
635
380230
273641
772381
492414
366812
363041
63103
282725
414849
734198
883222
986723
246049
879190
716298
577900
657854
935289
565623
528456
275093
663743
872296
353610
654640
259253
789749
512665
753224
879351
210038
798637
277076
674991
680483
476630
214706
194043
191178
804150
537137
932845
636395
367183
58873
958380
323315
275895
779223
924343
169236
713576
778537
948170
756477
756148
922530
609497
55995
883797
641531
518585
620972
444451
64183
623390
533403
277406
198416
616255
906557
111275
655299
541590
89607
935324
719797
82755
119914
850792
284801
903440
732332
96506
139295
890383
993828
444900
935794
148576
951506
887220
318958
642767
458521
126367
43171
53914
484249
792090
371435
218512
733869
30472
687468
339604
515582
906318
680907
806785
681666
276226
659310
889448
933653
329537
176299
794612
744946
265183
449298
333679
800078
22202
83027
903453
399377
283559
408334
249670
819121
566286
572470
58769
474861
762450
644768
47116
579620
482984
362350
6985
431695
887753
434706
267682
957217
974786
475457
328604
92410
58345
622711
988969
332610
897386
854368
528647
988648
631103
981482
70791
663671
493630
168613
937320
667730
906636
775763
443298
263948
257391
948178
498622
43494
100674
286819
454882
793254
585665
6230
208875
575120
47620
938964
784307
359876
231817
676424
860146
820788
358890
527531
421440
88383
976045
304364
27640
20911
807482
887160
412344
400780
312167
283563
609030
381019
74543
616339
409485
743350
537986
794844
114501
535305
31286
169886
865904
957606
942939
416384
103936
867078
828011
229127
820566
321693
246688
659967
763301
687064
317344
131652
790389
72246
730644
589421
926084
587072
425942
257878
861830
584231
90889
879625
276941
209336
667074
196233
224133
742206
481635
474554
839254
469492
88201
323760
661612
394533
120667
199250
795091
929762
168707
553770
624251
135391
159545
278413
552347
61803
920635
673377
391666
935755
615641
610384
945577
402290
433068
423944
474901
691486
221543
47788
126232
546513
827333
514394
641383
925418
621026
910425
753254
114017
893798
37471
747375
450524
911324
457533
985329
654896
599520
691816
840053
91319
152375
975205
45628
167946
359737
538448
502085
670491
62697
532168
404906
981682
43877
280955
426922
304258
385336
667209
883714
540455
869901
175255
316660
849087
151743
761011
987049
780578
47499
282335
405042
183295
971175
656828
646378
974420
274924
953300
775160
887881
638510
381636
541873
609642
831276
194244
844378
467647
980259
370325
71178
283210
781245
793734
470254
321245
979943
673570
210535
229973
481664
357305
588110
908983
624620
18314
589079
260773
48905
433354
527891
541052
318842
654931
570191
999374
270814
614380
854938
720055
447653
340145
317988
191582
788345
15199
109762
812170
175511
700350
619407
357214
531457
641515
569644
460786
4684
47233
88679
708176
90772
477668
415993
522632
620176
567529
224106
351280
952768
711781
216271
950268
307715
22417
544435
411766
662981
139159
901524
434266
419797
674363
827908
511952
321812
604009
526385
951494
211209
516567
331710
222185
492050
524118
232079
152193
993653
535675
552548
478887
638741
487140
153053
573603
310016
396073
746716
170470
532517
183777
140679
91872
537059
230734
684972
780223
182844
259814
221312
690950
555560
751295
564352
113221
937990
103062
34169
583803
183725
519739
262050
747780
454177
728413
974631
771264
190626
596014
221633
111299
171614
607026
965120
169074
758918
549289
196970
618880
342397
779607
437373
506885
441261
513581
340177
184376
135284
74325
298778
304201
703036
179807
883721
321182
901929
286915
538257
422759
980907
401490
920007
631392
870579
73278
530338
564579
41345
747586
308962
183911
597980
387503
520142
171865
798044
10005
996437
821205
687329
780554
487574
528833
41446
716122
957051
911814
758831
355851
143104
982636
2272
423115
899538
548817
785704
203384
886994
756998
921306
411468
24632
421510
906140
968676
509589
521556
294776
115499
518961
86960
387792
185767
769426
950133
958574
816096
521438
454866
309690
100648
949720
886755
863556
475596
69894
221163
997057
246293
335731
798960
393235
423227
253904
729140
696513
546855
282678
777227
269318
72163
504775
754398
863621
962977
443442
867322
477786
304404
189141
980619
677263
150396
968288
660701
878025
841031
315010
950147
407113
33770
792566
227057
410947
130063
19586
358032
504367
736022
912402
920906
986546
578748
408434
316228
50668
648217
988581
996396
129309
603075
724708
407911
314868
697680
952310
629997
292726
645497
255528
121393
227527
660507
293674
18616
462745
989143
969478
64267
188398
495704
223741
605000
318155
391604
485376
95762
772795
804780
327304
97320
603388
313294
904274
226387
73931
914618
894715
970937
40711
945729
679795
649231
171716
105961
681185
34476
396783
884237
736211
836344
579929
732577
527840
972419
133730
973843
317597
177330
329539
214926
90872
476948
396471
266456
265524
875027
250439
466907
183361
835205
504753
435457
635639
509154
617460
381752
553263
789136
394299
663957
342974
716059
28771
922965
45903
727296
803691
416318
147484
699240
335223
524068
794313
509042
946497
164935
748125
252905
4573
314906
98013
223637
878246
373278
784199
366957
216266
103981
441384
932970
704752
167571
466778
954550
18561
329303
848926
163907
78810
645079
146834
788729
210636
274065
333775
88391
428622
276158
550753
647131
86464
642008
801700
114732
583452
77629
249911
845108
527867
551468
649440
487036
583170
984299
345532
147663
932455
746315
56161
387728
60003
104643
987282
966056
302390
836922
670430
881559
754450
823393
683733
158252
204645
501244
407208
181007
584582
939456
637724
434620
670907
361304
377962
192394
463141
714818
833399
870505
495945
646998
77739
249963
482939
666343
252656
836089
595049
405762
703113
537254
448897
553427
89932
430368
171456
634471
605822
24322
853912
341580
599625
467207
535421
316117
38812
337114
231181
927738
313567
389513
475098
12380
94226
548055
444821
248869
49537
907312
346520
366670
38822
271095
179215
954
173851
747900
593028
9792
724026
548105
85575
383174
568403
634843
207734
735944
691465
665070
769454
651000
824713
710193
731790
495680
96680
390617
27749
794723
361624
83858
767160
342273
533703
828239
357873
511609
219093
567874
270822
433449
826095
913960
176837
510928
524365
53244
375386
59925
349636
246091
181629
362017
692040
833191
83419
466471
196354
762933
717087
893443
85962
866722
7676
485376
797314
434866
783129
379956
795790
386169
762202
428998
989939
118818
604232
602512
478347
872748
428124
869087
827746
9653
156269
643543
692145
313327
388787
160308
396789
387695
298167
342507
41898
293412
419673
960686
303849
29412
353469
811535
991003
908450
103508
674620
301785
123772
272834
858600
536738
47601
87985
131659
941368
43696
144178
436415
271511
477899
889419
322827
700947
237258
548001
224189
334861
455964
896067
742000
597457
515369
368784
418094
210831
234947
692167
256750
703988
538042
423913
179902
519269
5454
670029
634748
829272
302271
542464
761790
847887
497025
456918
508370
229809
275724
405330
501855
856390
273743
614957
532074
169934
810180
872710
85941
289151
800863
814951
932801
561690
534496
532080
254645
773289
89736
486627
246103
465943
463848
307019
589302
99883
80532
579401
807658
577891
434295
419324
681268
720745
910016
797964
997951
203572
981114
614420
861128
69950
781562
884330
242905
49885
189489
711756
810928
573505
771425
718888
656575
8265
100333
473607
789197
953922
543241
25048
615546
729276
300112
611221
893215
157899
508724
970132
776148
633559
497359
502508
305867
910752
737049
771906
565337
259347
537907
145839
932373
652801
764511
78799
370905
169154
643923
721833
132262
428581
45858
473654
122148
243282
972954
327184
106566
957567
862445
619832
48012
657291
150855
194692
191906
659642
335678
882659
86374
90254
666984
474638
120391
769470
878150
873102
81096
523478
697373
265956
857380
176298
622501
308952
582412
418872
282587
242465
697228
853273
982321
392941
499403
850660
289573
695951
279601
487968
702703
293571
746531
479139
394516
723358
321641
503627
223448
792470
451633
710104
429520
723179
385005
980581
383830
731762
341783
277761
461397
487612
696596
424750
828099
752423
497718
927477
876143
608833
466652
647588
880752
182100
970420
282726
534909
222546
832929
122749
156955
815006
189176
762462
994097
21364
500131
466921
121271
197431
836520
526275
857549
991382
461316
5778
96744
557721
907953
458708
571495
875854
859015
763676
947844
737290
20159
11435
331365
99806
589522
29223
160530
573400
524096
204410
517442
55283
713900
573002
923342
559644
88484
884944
70727
814881
859007
44951
818339
240376
224223
332947
676562
108650
956758
921244
698286
458843
34277
834246
377809
117302
330912
826077
425218
999929
492845
209218
527751
545818
611051
977885
807518
87573
821743
749693
62982
702419
457065
922836
108664
317688
405733
176712
968179
474633
565870
287223
595573
389752
690189
818762
223301
727694
182703
611892
240685
918772
697572
752776
534982
33246
826947
126965
396907
222101
106348
867935
208527
754399
841894
418266
81899
469900
446438
901509
393040
752160
341361
42625
59226
736920
133912
475341
949829
410459
83235
697664
350297
818047
186697
84641
503233
622516
624922
764966
416250
107281
9471
829896
318631
767865
744986
434815
952705
537193
681863
857887
303019
746978
638084
948367
219875
876269
984301
569121
981653
742992
175391
101907
333769
732683
525311
324129
990141
928015
5075
613765
945294
991676
806413
411341
768975
117333
913897
441814
847484
47491
862316
534506
934089
524354
509195
992244
557331
360300
88174
621660
900728
268448
945033
598531
151682
627151
372074
406940
662398
639523
315282
878373
975147
757772
780730
25858
307790
786920
273719
691892
321379
147725
832439
896890
942957
518838
365163
898500
228910
277449
317247
876688
879219
549313
488132
379428
135815
536189
213231
993318
27336
869412
687995
224795
525782
419379
2473
734202
129959
622628
284392
669420
969975
647676
107983
689443
670941
296178
943942
685844
58745
966711
214085
308306
183498
566758
328308
786185
108636
689034
766642
406611
24286
604678
717618
259002
230033
812517
244607
494027
664605
670527
719328
282771
812158
271044
607958
991609
14619
840040
876290
891832
86519
280299
130787
576951
295232
240324
42941
303686
628485
711785
281302
500663
701189
972926
996379
124951
27810
58071
263071
581128
112309
506156
443651
738428
349435
764376
571440
704592
23724
523597
464129
590978
326252
619801
733054
642257
587611
424205
308868
459312
585927
525839
252160
910438
979905
64126
87002
120069
712333
316029
862190
505796
114035
976863
777269
740667
749234
566061
309634
775867
491348
926038
250281
399368
19101
553076
898874
258293
716765
376695
273003
82138
89317
324464
448659
362291
925014
533628
575891
880728
553876
409611
356431
264213
686042
804556
341210
922149
286440
300471
593520
288848
500311
13814
186780
436510
645260
73841
629754
576630
339403
738932
473367
885976
250595
565567
293172
400180
388743
859051
242986
134245
873661
159220
39527
52237
417327
470567
841622
436557
974304
28393
360413
904801
183864
552353
45504
175575
978944
638211
807522
213546
258217
601274
921516
994175
162182
173425
618566
106107
486426
378431
279427
922751
244300
455469
827929
830593
285879
157156
533261
331208
741022
28280
56109
620868
638780
431563
558199
636423
255290
229471
832856
457764
377146
464508
284430
755555
323152
723898
742958
687453
317265
302380
621890
8058
960515
270953
911626
803397
286516
454776
973475
761577
540966
628119
812294
880331
20071
254504
184359
695939
576575
134393
887357
262456
953603
772334
293217
985750
674759
387661
505360
640303
352113
736422
785675
748395
750888
345693
317662
780781
677546
446102
70141
756869
364413
888251
292233
998987
206333
258093
157554
192094
717780
493061
266679
606713
725960
404101
218570
499694
666991
791520
487695
263299
328189
611938
879874
476262
825278
131453
742647
971213
555359
719346
838333
860206
730982
367512
273628
394712
293890
529676
192318
949101
334973
749558
533418
961404
919757
255155
958571
102207
483530
154084
295823
263854
261755
980114
604939
93438
450697
155005
748924
625209
531477
758336
934600
999739
565221
289378
997859
747590
948985
588347
371374
341571
540348
105088
257401
189910
547414
744750
873129
902428
166942
823184
994229
649476
189741
927084
850570
552647
91790
25808
549839
76037
286609
163764
481731
38141
6847
176972
190977
381481
784999
229421
824229
132596
331031
773849
379529
618649
4902
346153
649001
406489
967662
153046
116069
744152
905432
688547
923172
974613
498000
862635
936660
729925
579991
832962
122064
102090
733942
84299
367451
608853
532304
250006
455305
850837
384529
724979
391933
444378
190851
109720
846029
679307
593215
234154
794178
555264
743232
483691
726459
815293
257235
880961
598384
969612
815594
905439
910356
688246
671760
649170
387412
682589
167736
470442
77885
121401
224302
874435
527226
343981
693679
789935
637498
637445
197588
962881
434736
134735
775720
64953
251508
537683
910683
333895
99527
229424
449168
732350
337076
385684
600017
193302
682193
939991
967522
956958
15845
241397
882803
501308
215012
904678
599278
318242
68181
378396
238129
963791
159060
421528
321430
823551
307380
431914
534125
293745
832572
376131
17547
128083
740306
505656
211195
258571
700662
841173
389011
350884
627557
487260
672994
342995
161949
289433
915782
428902
539200
804451
588954
819016
206290
12977
537868
323443
175645
841814
331340
74546
112052
65114
976096
547666
397140
844151
198164
772197
252774
265069
424911
653810
813921
954178
104514
882108
215436
755482
520761
663341
457761
635822
554580
797471
424333
901100
37839
776583
505492
637867
726716
560639
661522
755145
609363
62639
454620
188260
145632
870103
812293
863345
851738
635643
481276
741756
522772
148714
621907
342652
274572
43885
884762
202002
492897
178569
565098
170462
623714
397553
165438
514878
888194
856076
307579
574565
880679
360862
56528
569811
450913
61781
814840
312182
369016
345779
439388
253533
147422
426898
846742
865749
172483
544217
994449
334946
534600
755642
406348
628316
848779
863012
270205
85091
363873
545740
99474
486336
224161
512084
793362
844569
597597
602389
496867
465360
567276
149070
705252
64762
29987
378536
174330
756599
113890
712869
81001
746163
395594
286693
259608
10744
376396
486997
582455
763309
148957
891764
537660
435311
824709
142979
799112
338826
458519
428361
631849
274387
15739
799488
405496
165670
796391
973279
287971
497592
259372
322373
664581
185496
573293
255679
886449
408519
584490
566454
834958
480176
251898
321528
809692
957893
873111
25121
302037
919672
951635
143654
323758
544531
498921
685757
888380
740277
857711
64684
826164
552042
972135
393453
856907
632869
348468
999355
571900
981532
451497
508029
264104
220161
272637
622027
618711
930520
276443
7009
789532
681721
208854
824223
665047
556004
856570
532922
81557
189884
438525
92675
173458
886050
830933
826642
728158
75503
621923
661007
278477
785740
994268
482087
740531
930985
909474
502928
107579
343572
809975
463491
443041
581411
422185
582728
37402
554289
759530
510373
724814
975383
915799
940256
856372
358202
507047
449761
514313
7678
58797
460982
812397
121817
512841
723953
794906
737922
566897
231340
118273
376904
815319
989613
406595
707262
602680
418148
873481
857492
323457
529233
848000
430977
966045
579074
336948
590748
918431
405818
908616
277322
250185
867054
405008
993106
408823
949673
923339
937165
662635
723151
252928
370041
551798
988158
663603
382316
82303
760272
746948
670629
223347
246205
308709
396670
853577
722462
596982
45501
812208
694860
931775
126282
690840
707815
107017
453052
299994
608498
263321
171404
500357
76124
839050
546283
239750
851353
829702
460975
334835
914543
645409
77864
455988
177037
817298
241553
261326
75605
32142
978787
738574
953083
181506
193155
475150
232517
952621
841755
47911
454578
509081
967877
649971
20535
276020
839524
100989
171428
523023
658637
929352
272422
524338
483619
211064
559717
909977
369985
969377
612365
65552
40655
279723
116971
135718
466360
654879
480301
355409
866738
26576
508492
277342
399548
495592
514757
692243
543014
78158
109762
491427
285386
268337
251096
482380
840088
907380
398442
607313
623759
103798
907754
352847
222728
79804
89151
595711
943852
188478
276099
723975
27142
495947
422883
170428
16563
395225
413610
293625
638902
516077
958423
65301
430696
729251
584810
190787
736269
531867
717182
542859
858177
384448
28560
353249
619345
126006
696477
874911
582054
517599
56618
784356
606811
723979
706589
794888
18736
808442
16713
785467
393752
56334
864839
226809
46637
918674
768127
220716
926788
401825
444550
950942
499226
244404
272993
492120
194797
760972
747560
958620
177703
676152
13510
187580
239733
762563
672989
346646
698295
486718
885830
67436
118480
75622
559542
135524
31132
780849
752700
42905
173185
968314
671783
255387
438174
915654
952132
754954
102241
946354
669956
925642
375413
542907
164732
144163
495320
521066
312263
798840
640010
697178
993158
420194
194273
435431
18120
623337
242426
302453
443140
121438
557706
853466
313091
321176
809170
353705
889563
938249
172209
355804
344917
889980
189907
143005
743088
474541
388871
846577
436927
139844
93487
541697
105901
932400
779280
62919
773409
113053
284682
522705
315580
549073
207649
765429
335359
437864
104249
161170
511882
299114
18208
104638
619903
589958
137606
158417
512965
268206
624456
483533
685865
501390
717289
145897
534494
99242
232225
523001
612837
251539
2768
721467
802632
292997
910475
647232
873856
449568
236759
317556
337270
861761
50292
825292
273382
79165
366544
421900
757088
180793
181213
589107
801641
180265
429820
590659
117118
465123
347608
388912
311544
253983
715472
396325
513611
47566
557708
219629
721064
518611
876785
940741
793283
24610
301935
993915
951727
548468
428343
587202
354980
117860
984906
62550
315363
804841
632045
262598
18800
503280
595257
538595
12286
962710
928974
352259
541289
83007
192168
823282
963165
682902
284042
370998
498132
955105
713942
439230
845820
733503
499454
782758
80502
974849
668181
463017
472123
878819
118719
783524
832217
88614
818631
282243
412187
715211
17679
645706
22151
282861
655074
40450
375169
465212
347366
672254
583757
768786
100845
717001
339762
34995
826218
605166
278522
116582
801600
192290
47637
182378
197942
391570
9437
691095
2887
415685
596276
894035
319894
157550
593865
177389
516351
648721
865594
759833
703433
586703
155347
430664
574327
150416
79157
577380
4734
899915
407826
207269
115280
265973
954517
903379
179095
515780
980894
580632
789117
137630
874091
253185
619112
955107
360978
714769
23043
1427
359658
254786
513015
455710
21578
538969
198202
637959
847977
529316
66302
914612
479525
936659
871177
964052
674335
560561
970980
736941
703427
366973
705517
376385
583205
926377
203656
799388
692423
315694
749170
994813
601207
811274
349173
848798
44949
151319
682168
290722
414067
9673
914030
337563
230869
841988
676911
520885
577431
238552
48355
876482
862830
936602
144730
398690
961222
793568
697465
506766
337931
411032
976272
658113
942212
633414
644871
322437
115673
238552
143605
255446
150517
608231
15955
643444
358086
542412
803077
14666
421345
778397
561368
602422
54531
339139
541770
475189
951987
947577
436546
325100
81923
164771
579168
715925
600052
493320
383343
985028
392825
468398
489911
752533
240148
393745
416623
324341
353821
291263
105616
525257
900514
952851
264325
65278
4327
38028
716351
697198
145678
518985
681956
811436
330770
614627
224167
806188
255213
811879
347891
511826
587290
714926
901569
528725
492341
347419
103305
911504
985342
751473
484372
942437
792828
793423
685488
501966
898046
12616
62973
431873
620412
633827
927525
207807
786589
677804
588841
735866
796626
213109
385494
515105
93727
446893
321302
361225
841082
22106
592546
947897
344652
507062
234133
493458
575700
902180
501724
549529
202219
322637
258250
445027
335970
213211
429640
606044
890887
829138
828842
810483
309319
483270
105948
913318
98925
194685
207483
9189
4424
594209
485824
686054
990315
601569
95383
404676
286158
915302
186894
428756
979218
73134
914088
982471
43490
422086
929874
905013
132725
840616
648045
685004
111600
454510
751434
622804
22823
543346
195508
282078
177988
984709
631078
769417
824704
106888
262941
282480
850447
853290
963208
739507
405977
710974
264477
780640
780002
992632
985221
909695
283338
160580
33975
870327
328880
325954
181474
215776
452274
622434
474372
391846
20688
464089
769688
57238
317679
39165
381740
824520
526841
171971
379152
289450
172705
754514
634603
388581
682692
33283
621991
157293
273259
739832
661964
761130
706349
360278
544683
515326
989234
638304
685680
199987
609106
38961
920155
145538
661915
305110
114952
890498
817969
863686
772138
952748
536144
469310
721558
386503
551534
941309
531899
48692
865084
628249
964592
672152
572746
181245
418726
993185
9930
870528
472445
454071
167724
871650
501938
802689
241961
93477
313717
197585
692572
448582
325016
13101
318218
329815
846692
530171
797058
186554
75462
157896
452384
469243
288103
75701
690155
217803
251545
235326
273054
325205
1260
17256
382276
736191
941281
166471
453180
198847
497590
309993
629596
212311
556384
700259
108274
492527
732119
177397
325798
649677
860299
166940
817787
281075
295860
298549
960564
847253
787143
177609
118803
754293
330500
250809
325437
350685
435436
437511
448889
855992
681872
638718
939031
915598
372037
80064
279917
55130
732532
738474
203324
896970
610382
724069
755570
586963
909724
805580
247369
783086
759924
794805
353421
782770
6600
193375
96442
935375
133464
236086
557507
957476
901191
382597
937775
521278
33868
556216
276830
843438
460351
859661
960618
526022
126547
861975
882345
799344
596579
139055
504590
31082
508197
821303
339055
48993
604475
893260
40353
294249
959080
37064
856831
814551
530911
348720
16714
40380
722615
954497
844010
918910
513340
114258
325203
964308
988895
724838
665091
181853
545613
281104
988327
606430
954332
147203
154653
838423
110498
700981
66773
187776
46304
202800
771152
850341
984668
844981
948362
879323
469004
120589
750005
712094
13806
910381
79259
626056
481269
469893
251748
803824
256157
671845
259576
851805
922335
893260
576636
763238
20673
518607
228089
32935
588229
577827
825499
672802
464449
902919
503957
757103
744143
936848
167137
811233
733914
37138
728037
914487
577753
928744
970098
105212
630744
846945
851045
549180
920178
128519
65200
484387
993947
172877
364467
90611
429402
746900
553540
210785
283027
474586
23694
254413
901954
597952
542741
860445
647044
813046
942423
706229
700303
475909
563790
650260
217091
985528
110867
567182
677784
266792
570396
381410
155318
196067
844838
849463
38627
920248
333678
844344
755286
57826
165592
187464
731819
723727
448499
145764
934448
807435
811796
360980
218268
173454
194782
328078
184223
724702
292068
818535
698837
654882
409253
297398
339604
83461
505462
413512
159972
736899
91389
271097
916622
360979
91161
359029
895949
632753
633375
774411
417953
360327
740224
762411
490115
541111
633862
160188
447539
335368
818941
302108
502829
225194
799150
362549
115834
736551
782599
217016
40418
924137
864342
628473
39167
716130
895092
68775
509676
551260
989246
156390
127837
479069
669311
655371
196104
569782
217578
816627
815425
164648
766466
840577
913636
921844
207516
663922
752299
153918
813820
95902
74080
842333
684701
770253
975084
728001
922701
870003
541069
499137
556596
817674
584166
147905
689653
374090
827632
138493
25964
26440
30094
988660
65688
549864
620095
740211
677906
157312
864109
856892
347899
653771
670242
787796
873269
864391
650522
991526
364103
249196
902515
45847
704548
744648
795073
530663
102853
990588
853054
347712
343027
245773
150110
533791
791329
938791
652289
409180
456053
425333
648578
210071
721447
180693
119725
697345
585410
47036
968397
626820
252488
970214
877986
259792
220147
609207
33905
520963
617429
533939
589238
870581
207201
802135
925237
973725
855234
642386
195246
752227
239465
514083
123247
214978
447908
219408
456131
258073
932330
881472
927240
948239
673715
374006
660511
76641
990212
198058
686140
152842
544328
760582
749597
769549
859034
616378
62039
660386
167584
497980
834699
240251
596177
361311
82552
943857
971414
135247
995306
255312
125198
487719
534417
369084
412716
793903
774380
763006
239611
533365
489636
424303
864706
701126
632437
330943
795203
113417
252871
667106
752989
542393
591195
641497
588817
139645
540769
799449
163809
529702
836966
809433
390868
444356
968106
891325
811223
540901
123919
380826
845758
132203
877358
595749
9896
954441
116612
299517
719743
128922
357258
212882
268958
450014
935330
928624
502414
158609
311853
963948
692201
461482
495481
596137
779616
295597
82712
478152
644056
324653
959692
379818
111406
342882
98974
607010
480924
790947
166670
647292
938099
390272
281252
833445
544648
957374
525925
250165
293868
812527
755425
739360
842259
92974
74601
112180
326229
863285
613983
913423
526867
858907
856805
608865
97330
950892
961271
165466
663875
323302
210709
258736
844611
607950
329305
884366
521981
81454
27431
610076
243278
54507
398017
848103
761089
693254
924154
153518
103128
229551
760258
478536
473260
484417
192416
906421
158572
796319
445567
83583
452097
133481
544095
182924
852818
272026
999404
438147
668003
455296
68524
709785
163416
818201
400337
435703
894232
517447
4206
371594
946957
328176
430726
312422
16071
296437
668033
273367
746240
144525
845816
444166
547898
418173
24111
736645
190277
215670
603554
866167
887709
842891
763576
949279
876463
63757
965204
870211
652924
944517
698507
296764
469654
49997
353456
458141
314504
871435
200202
43134
27347
650059
849127
727588
669202
623288
921290
690830
430527
629047
880575
396383
711886
869473
506127
590691
314295
255194
362576
661951
46545
138578
688212
668794
285146
629976
464897
527202
538003
498390
954113
52508
868296
975725
104271
864844
919342
564078
898162
922397
176996
422001
434247
323181
698012
898390
194422
597272
853331
429270
575111
859872
127100
1349
471117
169078
331195
97382
512000
181287
39756
558378
327337
424166
440196
37575
183542
990962
381936
452593
791853
887779
65818
775480
131069
225687
40745
90686
212593
536755
723880
244819
11774
921048
464287
935535
359419
459940
825117
785611
1200
748066
421400
343324
912966
382607
351339
454125
647070
804106
656893
639704
975038
372567
985986
656224
872423
740111
330075
643950
491074
389032
621337
41831
809272
671261
269087
128294
573921
592954
700197
512667
392724
941830
871001
23039
896541
485580
819744
588787
402380
625032
908921
35508
422634
833899
454915
101949
777287
504075
551765
213882
191855
672939
555403
495460
266939
706018
227809
965757
365827
207978
453943
50218
576369
528903
359540
51432
177649
85137
438279
796524
715460
931424
955273
793371
36724
600724
342142
953443
288418
524158
784507
547828
22011
59119
286689
181663
287689
268187
886535
65737
267685
199336
600950
361419
625291
836249
692429
302762
147334
655122
881733
681966
517066
723399
349647
868577
579104
699525
232090
677286
623675
715421
106672
170227
655722
916456
968640
770476
534183
245948
746038
474205
855564
623658
380998
800276
863973
786608
223305
32601
320992
250178
239166
725259
844193
396592
407217
29913
796658
472500
36856
799001
248920
60378
650714
410824
784577
213772
442251
679967
42009
516537
390739
381838
25915
525794
359180
341400
181508
391297
684490
601546
659780
511061
451733
821273
544078
250190
520145
393047
252463
919314
444287
524946
81595
63850
932572
33865
858114
289677
187047
710668
64418
992070
426240
69743
463542
39108
830316
738602
109997
89662
32565
121744
682101
56193
565102
121130
662421
600663
989077
537648
382426
635094
903505
680291
330345
703362
845082
981130
289140
690272
572023
853254
341384
913048
385507
826196
526146
920197
729865
99423
180961
127965
894255
735360
230903
713848
832623
499667
126842
210303
955807
982775
159543
733618
511122
31969
418150
511893
860984
912158
447384
325944
533920
945891
149261
7458
378206
157970
803618
907033
152904
519308
661351
366673
60122
815853
129167
395311
600377
63592
500096
59832
819221
180608
950987
170523
598439
509473
221365
541719
899930
374681
699700
918026
169926
988470
742070
701336
806807
939964
642970
864372
26764
549955
436738
447310
127644
448363
974848
906777
912179
449085
192045
501239
105241
548320
146328
600772
441332
32629
810524
271292
503204
608719
558731
157002
790412
822866
122438
293038
825840
310375
831662
883401
326330
243673
692341
518536
126679
702095
693198
951275
59966
709158
28803
369137
467217
501931
364133
701538
867356
498866
343517
66168
25274
46293
976225
921643
369750
51853
138755
309784
286159
602278
213859
168653
992053
580962
970181
354484
261617
149100
908413
422169
723329
761527
444167
857881
42208
881139
978739
447593
469187
795692
303933
746496
747520
91967
810235
758754
424458
709561
911983
468170
487767
955341
79548
199284
292514
375986
442294
352452
283084
854935
974546
599254
636190
655172
544572
422627
970409
441550
94600
401164
100814
874551
630144
224903
976090
402784
789787
456547
773065
785067
170447
242105
966700
447601
290365
488305
569572
630685
945611
151790
361870
452195
858448
407511
809913
815649
181864
380739
884946
868688
4326
888896
594529
497062
189545
669184
578284
514444
751559
231457
272377
399415
299815
740376
894257
489125
825451
354553
715488
915830
232906
935909
527001
685925
100219
225616
316279
560033
415949
86189
852222
179532
643348
775033
244319
460879
372477
833505
437658
32280
374019
786577
435454
319409
915514
773402
222860
153982
613065
841663
647098
69907
279733
969949
769555
656367
272856
757108
561467
172378
50672
287958
348049
678550
233939
121706
477357
981572
220608
816285
929416
4951
601810
270951
509627
255661
117646
844085
895200
774095
102363
264248
61013
539398
480401
788874
645215
468184
421289
869560
636266
699742
592277
126832
364206
464771
671145
896392
226478
135899
387574
470249
732762
91869
214776
77782
854485
915647
137509
98909
185553
569517
186341
319320
538709
520549
932641
104864
993504
577009
935220
561808
288104
792386
633919
152689
354555
748070
647129
501063
170631
362982
634083
402679
245301
233471
923705
707027
459759
324667
862852
366660
718850
442474
512108
308563
96159
644418
840235
946900
188476
477073
597565
317423
256728
846298
793587
660044
827931
847316
255783
512026
29147
641339
991754
13373
818043
213328
676121
401490
697774
385460
172974
706463
138265
291485
462451
376796
436183
561522
775409
356120
506070
733321
419527
233418
362526
608122
979957
813298
95840
48344
176054
273039
593004
690352
24685
10705
108645
586909
781894
503221
287488
119849
879907
352441
103703
41086
90216
259808
618825
124600
476898
88338
772847
651285
920724
925791
115126
826121
919008
69796
716190
601967
19087
890118
361614
975769
794557
314780
763409
882760
837220
81833
89457
919095
848835
914886
501934
592722
285546
214942
272795
492100
621925
377171
955414
612014
696259
4031
581218
385843
48641
38229
183971
761328
825688
985381
868533
469385
376352
667966
84521
184031
881311
497325
216924
368733
426163
695588
4470
681522
808023
387703
209276
123545
765717
824767
534099
244563
30409
345761
101650
415926
796621
21097
208130
687519
731078
147792
842933
287364
492490
247068
393280
636900
832045
591014
518678
12383
174375
972215
837698
516962
651107
45516
166720
352698
979430
877369
796921
940426
318810
678698
434586
150040
905207
234884
455056
547265
651213
423401
844386
119565
803952
306971
534442
866589
71232
975928
336305
213889
555155
297187
945190
407270
305153
308420
498939
715244
261389
882917
163997
507606
524011
361597
405133
880667
421938
476426
52640
747801
727328
669335
314127
748265
930052
814429
73340
526157
979916
232774
648898
41798
875755
980556
484151
342019
671335
555776
957569
824243
956092
304679
916626
88635
814384
657919
705
712387
392052
210591
838150
622763
788404
448700
364114
395676
894908
324168
865033
888377
603462
343924
100125
967155
970148
734294
132808
569596
570054
342951
50533
43411
987177
146211
849196
90686
949021
53011
572488
123286
542129
304743
287959
49276
795388
953532
980285
576681
775115
420862
966245
614948
606498
714791
231254
501964
127857
834278
237997
722069
363669
602458
300093
20176
998983
878525
200192
65826
430949
611358
244600
599574
794907
53702
707430
934287
107118
788797
447270
682262
290469
985189
115557
666898
194132
302403
80193
552853
790278
574494
420859
131154
140998
158848
625947
853037
90058
29529
891553
185131
406333
762883
880291
143753
226279
47713
749832
697512
505979
817120
252703
264357
563198
91167
72733
294215
872079
142059
888369
715410
978327
304355
408262
495352
81549
207931
849940
667759
906214
275675
981731
564830
44568
940007
288542
306928
271690
167386
548240
205387
332698
28107
180285
306139
401994
694866
846431
199368
238472
301316
820796
832774
36632
562009
387744
836298
832480
11631
554749
344218
129295
646823
41563
317117
370027
865773
504061
225490
538231
421654
111058
636221
995325
239458
849749
873596
140093
372640
944578
230999
549170
650289
663156
43958
43645
856164
588192
289932
999857
622593
613224
233841
521722
782370
325597
322190
738218
692730
725908
985714
702626
108921
592163
149185
587353
18888
994617
719819
63564
399791
964055
316923
863810
190103
564783
383846
54651
707433
318615
670531
332532
824404
293738
347834
784986
300590
604603
724949
796297
505458
525751
672595
563967
75944
595734
713435
749218
274338
186878
172494
459050
944162
137652
927285
899948
714009
373119
585497
108804
109258
330779
418610
373151
970765
330519
666807
522978
153840
989772
283732
22587
543032
904058
615802
313154
914373
872064
708368
802443
163091
815799
137607
55499
51101
351148
777035
467939
961244
785145
950485
840142
862828
541823
772637
285412
720144
406466
372141
437512
260492
934433
829265
234101
236080
393904
836203
728159
836789
211572
4131
94473
701888
866490
706491
765219
710659
535892
960448
712029
554499
351921
192604
597900
331572
662488
291913
762935
571264
117313
264160
726784
926502
63952
608335
189418
480127
463663
369385
265867
777821
49926
460440
1679
532428
116122
493549
851622
265210
982463
390360
415819
593651
620219
29491
105394
36932
636281
668664
48974
810433
962727
552979
650620
609123
379373
770387
708623
403401
738377
528122
563385
821919
853131
971059
241170
616796
711658
610019
651016
317541
644290
800280
917732
836879
159979
747614
981044
190082
16951
956720
554075
292409
589831
189004
749617
535653
93002
157087
339544
625649
330708
139936
672412
470689
697367
730361
389830
375699
805504
270303
982718
626536
780592
822275
836122
152508
761557
31520
445127
613968
575141
893173
35538
534985
292599
409485
943636
180689
517630
300217
24696
76828
408802
305376
415658
393477
661500
660013
97694
403798
965102
485286
466042
372519
138333
725853
371682
139997
2445
86591
888670
503188
974167
800137
440233
745239
181897
563099
538904
918540
973210
755237
896292
503021
644808
582334
829143
311857
381648
606803
24911
46089
960586
166204
591026
442886
957150
879786
190575
792727
49191
156861
111724
57840
125922
30450
792850
159495
546002
634233
630833
181304
296244
512357
457488
721545
161946
142013
824661
400071
385703
86127
505741
35023
228262
988452
146969
152809
447879
547887
179190
977102
665270
467167
809319
667786
1433
444403
198465
249532
528935
725165
677075
857531
850272
390463
957103
759507
362220
867298
905433
975981
204372
378374
34252
184908
6487
796772
921059
404467
675818
185711
648811
567909
650384
331432
406658
774660
252369
528529
505003
824283
770330
558073
237362
483959
73648
410422
732342
290608
23762
971825
520152
551365
98667
621915
797183
303653
303985
384830
336581
281354
466653
71214
830145
589312
805831
234334
527537
251588
352605
996366
400132
350599
624768
614818
301826
357714
241019
733007
32409
693763
958688
561454
601029
558261
178369
808051
577562
456126
285832
70903
197681
597458
586292
207409
497645
273732
945776
209923
812009
107821
321809
514928
847936
882085
211820
616684
564088
343470
984082
445388
6347
187953
5994
651037
125780
852896
169641
739856
287251
863098
393776
909586
20893
12333
943361
206138
720163
93653
467295
579164
465372
162018
616258
880443
410962
43481
431092
707291
602950
699185
189579
75763
139073
39837
872387
574529
478073
608233
475512
343928
353884
537342
884220
19733
375100
355776
745499
58320
806806
547798
351849
17133
509248
491401
667075
901553
297583
139461
69611
622642
8866
15038
205626
858440
688111
167724
922625
628383
766504
173430
336448
44142
122282
718829
649602
613826
390017
165551
482067
689076
477243
600108
241888
913721
894792
398597
422185
248152
425546
449808
710693
270006
968063
589176
712690
661645
797448
949122
850486
297595
876630
99882
996376
521015
724720
465323
424725
110878
724067
16478
958783
399340
514630
807674
530648
711174
768936
121658
117447
393203
694489
969116
669749
39211
275090
694661
615495
894728
997633
973698
266552
780441
128693
3369
354322
820502
965667
525726
243784
467117
184403
317297
609715
804923
806506
617829
527079
920662
86420
578124
84210
552903
692877
430989
895088
424661
803021
505224
566862
816444
866638
934416
682969
259389
537595
625495
490690
528271
577271
917863
282352
204659
839046
611468
926594
465829
835612
739728
986784
566638
825792
884958
269692
334294
744733
293128
346603
928823
885733
944932
832602
986157
109666
464081
284206
790826
776667
214871
359036
326118
103775
305389
80866
396339
813873
796692
67392
45742
75024
364960
881623
55506
231073
363478
695676
250406
743611
941489
757688
694679
288655
458303
17279
534368
283378
77353
291019
588133
194633
591247
319765
901280
607632
915601
505904
610162
483590
782955
745730
194459
186041
397240
953567
145029
944809
320151
277187
8251
424476
404395
456812
452343
280894
860924
32914
641560
520818
607227
594052
210994
470969
627490
290273
499519
939133
518010
609327
679092
962043
167414
103323
960495
349324
949373
572622
50636
813966
796037
997735
598935
422835
318427
990555
325467
590182
274047
895847
836377
737237
812395
268077
376981
520671
734644
253362
183946
958556
747594
806963
430461
888387
766042
928671
475695
267964
463762
764534
103403
521795
739268
928188
742400
190005
273444
486169
690185
975547
172396
315600
404008
902032
799198
35738
130321
292144
477417
898463
672194
256415
521509
857040
757072
28947
613049
505955
555549
271102
2076
640684
28582
859836
949944
667605
617913
342806
23850
103034
90052
872113
483238
562851
679303
987798
294328
644639
953067
461663
996517
621113
10157
793530
898608
256282
196979
273053
46008
613947
87871
220294
191167
30468
841217
956718
480773
562310
400134
156810
78995
772690
236239
947964
765971
260212
31869
691165
84956
546767
429671
53663
208588
73494
373134
555555
901583
886692
822248
346454
29820
704185
984344
836552
985310
803282
747839
467211
973647
928676
629996
690244
610752
191284
383855
635025
377558
223190
56011
928855
956783
654784
853961
375846
296642
236746
474601
160011
847333
498244
538292
918707
566375
294580
240557
542711
790365
203690
697957
430664
288442
988738
809390
18744
256600
420726
891623
88355
947411
452893
616182
687288
734100
204420
775061
847400
298220
462567
298627
26857
156310
154829
888410
460839
121055
509565
624321
13896
116833
163616
556087
860762
67755
711412
994192
937244
723516
742250
706749
537702
158254
113502
31875
131061
686960
857265
485710
174743
212972
905796
407199
305327
670087
287186
105376
496998
226118
319338
570584
923182
627534
78664
792761
135476
208324
144527
447575
485282
320083
249510
451379
198286
803723
981612
85302
966850
752935
426009
63993
616616
175271
122482
989441
593234
317084
774504
217288
606372
395266
958350
24758
264543
517959
823094
796079
183754
202986
939879
357061
841343
805759
79612
16014
24783
733710
141980
233937
582547
544219
127505
324762
720592
499073
509895
583853
281734
31800
280164
916823
819093
698742
912062
623456
936396
938417
999997
349404
759824
872961
270990
128224
7910
619300
932737
140050
377373
141852
57025
64090
638043
169331
170861
710005
926914
853214
879319
960680
208894
825983
452632
33809
180654
453381
311885
274584
935148
748847
979187
49733
226811
421613
819995
193068
930956
358951
295113
48323
825325
642647
784623
596500
136911
225681
906049
219725
611058
439779
805365
226357
4143
629655
413209
607673
906529
769429
316624
558501
645809
766373
202986
990318
362557
558419
797471
944107
377445
387051
237992
689252
150065
625316
733179
636739
596898
802969
13217
281767
895508
139378
206197
604440
610700
931233
141627
210389
509092
663241
673178
142984
4240
796473
763383
834907
60300
297237
96816
699491
796324
941141
148914
865466
936735
560807
434168
75756
799433
75696
63201
531336
482012
175856
249323
889558
662410
958596
566738
418343
63786
444996
590783
339399
11196
320396
279791
221647
247771
243032
710497
212055
290366
853129
424507
998729
77802
3780
433722
849682
958072
841082
504276
111217
638590
878722
357485
610545
875037
855457
718577
305780
545703
254060
212756
254437
765162
351749
466404
525903
504926
363585
986503
725772
767719
552938
644631
369109
250694
515040
136278
653561
47714
227866
922000
496169
435951
317834
56460
317551
455481
882335
487406
799743
174607
418404
656492
697510
265230
334853
647339
403679
63625
922610
310197
190597
622546
934940
159001
955746
758440
377053
316320
379749
69116
801460
954215
641778
426082
584878
988382
127380
910993
416608
313308
958478
928470
765456
494364
454799
281820
473907
732440
275715
440528
995985
142720
861190
497268
25221
155159
202803
377026
99104
98539
826587
408762
421741
250223
690193
119306
496144
283318
490915
843610
722440
260750
627683
49
985939
639351
547875
546503
522161
886143
75838
870183
312896
288571
701203
253760
126086
237027
870669
598474
813646
540683
229854
748496
882729
183226
229258
419869
843990
30953
957151
791751
905340
311129
118339
905619
334675
573457
695462
813443
256611
526195
841878
51203
483877
363130
40625
895340
630597
837651
459508
462386
494985
717524
351922
939697
853963
639645
748769
409039
716770
594186
322831
442573
603871
589330
517106
700271
318963
209791
792476
17926
223406
466378
185293
529111
586466
678674
653154
181354
477862
724281
38188
70640
356598
407516
40860
492625
669176
979948
879066
570386
687578
571885
876788
440544
964118
357323
279923
616443
920151
933908
206666
77570
103350
36247
119720
457687
719517
363030
988525
388782
631180
886698
292728
305015
365114
345972
412639
579366
285843
174459
892152
231771
685920
152615
382740
534067
769541
392729
843724
423467
90211
795173
412659
856044
217310
730413
121066
996983
784312
191067
890259
504813
713308
419770
882014
260668
769399
433778
758015
4770
222849
528926
723520
129375
770906
503052
640434
801979
820879
683472
939583
275761
879611
910085
607131
867575
200778
416609
710041
122539
946905
223668
17434
664539
729977
821949
980320
915249
680915
578025
752384
370873
87269
585065
485430
57617
423850
580078
334290
799852
634968
409284
701969
118530
421955
564680
46919
496792
465503
458824
168119
489511
163747
486581
522949
732204
434184
771655
839682
350348
349040
618990
972071
78497
595620
225328
919133
255589
971318
75684
74873
720761
779141
337417
570629
745619
386399
398083
884601
573827
117697
464628
808649
773408
774073
809587
730136
735123
295085
417708
728394
306687
356852
725524
517367
587724
184226
240070
338555
330319
815009
654719
15274
475863
910074
505203
799265
800407
868595
899594
308792
366635
245075
45690
348691
33033
482625
738241
935064
186437
493195
565888
667322
422464
28226
360431
942004
966510
114049
327873
29266
302083
373839
874517
274793
338490
226202
251413
273191
461570
782116
470575
632837
59397
823994
71662
934105
66389
180190
89588
592711
809589
651014
281430
927896
994754
304445
361428
551011
730877
230056
943795
524455
350070
447331
462777
486587
409941
912010
534469
155804
620936
106644
669064
622822
517317
184729
871844
618206
337850
638132
96799
374123
471769
40899
583876
713445
718393
799435
493974
710662
489579
116921
31730
81470
163738
578627
630144
21794
263261
995885
697557
589316
197149
218408
313513
872094
988446
776725
642800
591783
734764
655207
230487
378504
649890
12005
492444
798440
817114
840847
603338
657635
331308
909272
219152
355482
412773
969618
388221
952100
892358
330664
422491
675235
425077
44676
409509
833329
935301
73745
705637
415736
124253
78362
543534
830753
556487
476241
582003
318372
152151
624364
820291
320254
598134
80042
314210
724673
790026
912052
353221
623365
740995
955038
163177
411004
797381
784140
164560
27939
378349
582770
354777
808853
543234
628659
208955
765434
966123
922270
870364
788518
451976
333334
573530
754299
850643
330620
976053
369277
672653
5995
516743
69833
446836
735124
69908
47232
935013
342207
749497
49164
639963
752606
150785
254032
731989
613967
239959
112048
366102
142063
895253
375225
567110
83734
669818
288431
546550
265842
544699
856114
508673
470403
171824
17804
722573
999024
922671
685082
921713
540677
493558
153556
761329
284810
442049
80378
703972
647105
495164
445852
248503
713275
854035
695750
8330
256023
423397
711111
91064
374360
629974
637277
39348
297122
913603
419775
25102
53201
820561
609287
127381
392630
495967
780857
715031
477935
979226
314676
743428
992482
167790
755827
686705
458006
653081
967040
543544
593198
537948
938679
477180
292354
897868
919347
780490
700379
125125
769495
30491
69195
865469
303483
263350
754855
350390
21296
795570
410339
3533
101874
443545
166152
548464
181033
418216
759060
896429
661596
753588
892910
982309
870515
312230
559364
478559
953319
133095
832835
938425
455176
306519
250674
745273
75114
406070
335403
316097
696813
172453
718072
64609
943656
78919
977862
238087
746546
354178
444552
321425
757964
647266
491883
182083
901614
955100
573105
615508
446636
306159
447981
791267
754821
537574
206554
705223
397065
789243
49047
672259
767268
538837
512387
808600
32074
344882
931121
954165
50177
922400
473992
159562
997958
778598
382266
906682
79581
79039
424927
642479
93816
889734
215149
951239
6083
774125
160022
700972
290442
132583
620862
246145
931848
801958
375832
95928
219853
3518
819740
110016
838026
789545
684007
164316
892412
91748
734446
37647
615155
859766
553952
997619
680063
911248
389336
618217
954102
644816
990012
154923
777763
438368
303669
536894
356814
73531
917131
928899
467300
818448
844444
228779
818243
449534
950008
400650
478948
719104
182620
287109
167974
752674
478089
663590
917939
764081
2817
118094
535505
174898
75870
475978
860935
193800
327247
45886
533033
152889
757487
741693
762371
978058
475011
163003
330910
707462
825744
963162
730161
925278
451415
640928
485863
699114
696559
193802
340681
881037
124157
485561
513353
920119
39889
84491
249514
41157
912352
522821
939726
375491
624730
598316
550046
905617
799784
149043
517776
833507
82436
776014
550296
520610
679860
490341
590445
987184
185636
968484
863158
698313
442783
556399
809873
190596
194922
716979
319424
919161
114621
163672
641777
19581
944287
523986
732969
877961
653405
117975
151884
423033
856614
805163
233035
551408
733574
70038
676010
574296
647677
134967
883117
848007
51771
801651
75678
688253
20667
268742
599934
123082
265977
44473
307718
881997
374481
6132
632344
96470
584758
390379
417991
148717
501323
548596
278847
877932
599841
68409
325779
998855
287950
941321
180898
608428
556198
900233
924068
234245
312345
497991
811222
352411
533353
506991
95872
59284
2182
465302
872928
115677
799367
594932
65461
898722
693191
742639
189801
865594
287258
93266
859675
335456
795691
41628
843081
648348
248883
922613
532631
779137
710872
71675
430206
128207
336544
976443
542932
897976
450064
895676
940851
240512
425637
970869
832073
774205
759214
346270
754748
741886
873668
826083
261111
190152
500135
194613
239318
61756
226167
703867
197354
699284
585292
570919
519529
328844
687154
18531
320693
601117
29764
155369
632839
150372
10276
443314
207608
792994
161300
388678
213868
935709
444212
868210
104475
706531
149016
581080
350141
565742
87429
507680
548370
728803
231304
936268
790475
964597
484788
893930
799000
454886
970166
132002
531087
589934
115542
533423
729974
295988
167820
513067
397229
533369
824829
471810
963515
677268
731217
900233
984435
537944
992882
716199
940226
177745
422050
225393
608920
554285
767033
803028
738481
391352
593466
270635
467647
319488
112977
41393
359478
732696
879148
834640
808115
331447
558707
864664
951242
699200
183525
182923
315179
347932
370512
294485
601903
883971
791341
843289
235205
936986
236822
340710
691379
975095
50020
976968
596235
550272
399081
564283
901997
345713
760327
560251
98611
875515
259947
492406
740733
753994
945322
252963
435672
848287
883190
26092
608525
418525
503740
150343
908932
940511
488862
412451
917716
275014
582728
801149
806376
122960
421937
852113
739215
136227
527728
438574
104415
710186
242872
272866
619335
28566
946418
970773
586864
225030
692085
163506
318480
893889
338853
510208
749451
132128
833573
844111
722117
323529
284794
980493
261320
818326
711549
933368
829775
244819
222716
906542
206509
549606
914095
415008
154589
95690
540946
641445
503271
556788
431204
144042
377515
738326
513402
682824
17613
876993
401856
681966
142461
166629
903373
344573
441825
796596
73954
529715
664674
227749
926720
66302
670288
241045
54691
184562
213683
785287
678174
270550
429999
700620
347412
106137
122834
942270
433872
140898
578750
511526
781954
473861
575534
762941
136599
546513
601126
554512
370803
854598
493563
68668
761422
972900
475068
1753
283368
587102
823548
481332
150186
788142
676605
821172
798747
372994
972411
270813
735995
346004
857746
340851
35264
338711
368972
859190
492842
107597
372939
305420
462725
668341
472592
151229
46715
72610
990245
547032
475155
259431
737325
527666
109194
767663
423814
828238
918220
30953
377816
530008
640335
850016
897213
104012
662477
500776
735757
747380
676060
918900
692548
680846
123691
168069
599506
32523
711067
148221
239936
40628
328375
631250
259706
255656
629010
178461
583421
457664
54140
115474
533342
635731
176480
356171
973172
459477
465021
63229
118627
416602
369855
876363
452678
789689
380793
166841
988536
177419
376002
284153
981567
321875
338089
229729
523926
310071
888982
887934
747542
195245
924990
88066
361216
481649
723330
154520
313833
840306
422245
828248
491522
651981
260200
620054
439747
795120
530692
623957
96052
330209
143940
789465
725784
569623
48636
901530
864118
825734
114665
975253
936325
491128
1767
502588
187699
413527
868937
935245
794130
813255
267672
840064
561888
626352
842411
374169
423153
201945
712288
850014
671547
43376
158260
787875
315582
46694
581828
661377
573902
902391
624609
598501
238782
522887
186634
700868
597163
502632
717256
656236
347810
905656
408043
360054
328239
275559
499484
244056
721155
243415
254175
808407
143041
778268
284968
282009
381349
575459
960598
294552
956561
348590
888592
222451
350198
59773
719035
442974
107867
72649
252821
43258
773517
289065
730737
244672
669411
166488
299279
391958
788973
462158
833047
862660
793209
548426
533874
655744
158913
381361
839110
298533
630644
658384
502668
14210
969951
326590
730959
501391
25720
894877
413954
307899
258439
996095
433855
140961
707314
795876
161176
473560
636323
776097
184860
201961
369944
363741
281256
330652
928774
602166
381158
931371
643499
453249
12135
952344
63215
223470
676825
59034
956214
702345
191205
465394
844997
608476
130215
84893
168654
832818
225227
436898
143257
967414
463425
196171
938577
504698
519452
925936
203881
8533
61388
631918
840233
993316
684022
71159
81177
806896
379821
751044
174216
339504
238096
837541
615097
798437
588480
499064
650987
144867
943611
712888
362052
427568
570010
945389
652185
179205
973347
343553
22236
997873
680204
161267
40611
735581
62093
131044
947025
28522
469216
445007
102883
198135
637912
220886
784729
923070
199131
946039
305982
415006
636222
121053
331862
456179
391995
824403
378020
591265
341905
585747
118869
963056
817849
403453
53132
412369
569472
293155
549515
284287
885062
566849
68667
419649
829969
690954
483416
988364
495823
960925
845243
574917
572326
879447
10245
815971
299962
541826
594853
228723
341178
850602
490055
548853
855015
50896
366234
673124
959203
605688
2299
606867
224817
328669
296259
220083
430287
39045
993066
633521
81453
25135
126870
731004
9
35432
972164
743460
586536
390332
760914
144606
774258
909066
484070
603364
596139
432753
225727
311865
518090
207078
345430
250186
837240
920488
81520
112304
793510
845066
220739
34002
413387
619375
450114
841320
348857
229589
422087
830170
261787
913479
952732
39303
17165
759990
767846
82593
942872
129890
938415
410805
445513
726323
143439
15368
111020
87588
720693
636445
600042
895519
565399
210388
640572
966883
496180
146860
798667
396833
391810
294185
659558
214567
327418
689169
113439
566643
852860
166352
490370
379946
12895
749499
338355
916577
394777
707121
994339
704471
166664
85662
537263
394118
920475
903129
234389
823182
911712
59437
988691
506322
218666
671285
498462
329246
535710
274080
572092
903941
366106
843669
886334
621834
42883
933936
269150
2228
403242
560489
356337
218053
376091
223766
555016
746499
782977
755015
122345
956085
571129
483791
191013
147370
340273
798306
204758
625714
343997
18714
839671
221744
462070
127764
596512
379399
362319
987383
715612
710194
993462
281684
448680
87472
448994
932777
182475
621212
433023
608576
295373
704923
30708
563573
944597
376174
755213
830548
722595
752295
788874
667361
155558
651576
77891
805937
753082
898982
606518
46709
789058
596445
41199
928471
209055
60446
877458
401404
33738
937619
540040
562154
205396
746372
596100
247107
415095
441249
767537
969648
37079
259775
991610
952345
852443
996704
616949
851728
540323
478955
881581
4109
510437
475002
27594
953684
730151
126098
652191
243443
243995
359022
68304
173607
218258
775988
581598
22303
986398
867785
44369
323608
217417
542208
439745
216103
621803
163757
671872
790229
761260
36824
388903
319716
901591
174861
875516
670064
570582
493649
543613
157105
94416
516463
994700
455389
922332
108912
182838
242410
643360
871656
277473
830129
721931
681389
92114
124974
773611
195939
561497
274724
679979
48179
690649
295965
927917
432090
162680
361871
682240
476509
11871
514267
698430
319514
391214
951855
394373
614522
123008
137290
717072
616003
354134
926559
641393
478986
336546
471251
395629
231430
423602
67425
757491
526975
397623
392029
968827
593508
747698
170646
212280
918588
520314
974292
294969
514101
737900
124288
935521
504857
298031
579043
676033
281118
33890
799495
171535
359644
770981
615993
56006
96089
154305
329648
695961
475776
47157
130824
557845
873777
289246
791271
856146
329778
412481
544129
21333
229186
633272
334518
84677
620494
260664
918680
992456
525949
487419
217483
154682
690662
869966
503749
823690
337697
935929
734326
114864
959099
788934
46081
552398
38531
80048
360423
732387
759873
127146
113925
423846
934022
284232
652596
749189
341279
736270
544462
472697
246563
602900
172304
817862
96556
441874
350747
446604
894498
480718
338901
248077
352371
424351
607532
769468
640927
904796
737083
128638
250863
525926
53381
931776
802501
295311
746717
161972
641679
846694
609384
630121
242581
56417
972539
998277
33586
69605
872286
814946
656224
993844
960434
305603
573740
90291
316974
920114
37064
49367
393669
932919
642111
624364
701860
970934
357251
884610
80855
759718
869090
980276
382219
620202
598807
568086
563950
532557
711997
178490
85491
451423
724831
819551
180273
725414
844330
394551
167979
526211
601988
432084
633834
321635
372149
788398
370183
655006
233411
235539
194629
501999
888797
402667
833114
603601
72941
987623
498383
845938
245520
702150
363837
966486
985954
192131
269175
606283
751474
744735
374598
136068
724565
435334
649807
100181
149718
432417
817937
567498
124043
857015
323595
144164
180803
382976
359098
704177
165787
598344
31360
541703
246703
408253
485280
958749
445486
415317
938214
96133
651079
448926
914660
38602
904832
277475
193814
561890
72357
699064
275175
539664
877917
595811
36365
918425
237912
609767
678735
493088
713892
185198
319143
641504
518687
207762
768642
396742
393223
401224
944739
445033
725805
689705
793000
825447
179272
52383
670821
607133
777766
575208
325164
715266
197181
108298
342959
652385
915680
704147
833980
420657
66573
837580
809894
505810
389027
156794
883460
929510
782577
252176
393299
13706
251561
171828
282807
320816
164915
891052
328991
707803
879198
55077
396933
931445
520113
566112
172821
295760
18208
473658
557413
905143
432538
97942
701603
725360
427391
507368
297165
645842
921007
718433
538776
848573
781438
159602
207028
457401
947715
307199
387815
935726
917264
157794
151574
968189
634555
690393
356771
851835
933915
648781
550447
722120
712783
198016
692224
307215
419768
418066
683134
860444
441926
633391
284504
859476
407152
769688
230596
69078
491645
599501
780323
934573
308352
573845
896578
597550
280225
118057
593085
847925
23509
40131
126910
697910
19439
255294
633059
348162
759248
680874
96894
283353
554618
741038
117173
14886
839811
941018
839882
949787
539237
888777
283893
988393
580530
616879
959342
468764
96164
612997
786695
596114
345363
596494
963829
187286
262655
524420
23407
355549
446157
107940
694958
699932
510223
82643
671317
107076
764412
470827
653099
992732
418367
891687
297859
870137
671467
804455
539645
891227
73419
511199
405221
927591
976471
367202
439608
691709
743555
92487
55623
153589
184626
999925
509237
517755
541961
677585
926810
18436
366494
949824
450634
595756
340494
649499
460656
466670
62893
325871
103059
322559
738393
625261
208123
978887
860136
881717
308333
425341
495103
145593
821585
51550
506756
241553
443957
987593
276139
247068
905130
623162
681581
377933
699852
467169
703255
542425
528224
20254
42495
8123
638869
852636
906833
768354
541741
608327
896391
917177
445109
570667
563639
162960
618608
368490
378758
929708
262738
95066
748218
879144
449576
673721
149486
744581
570901
959373
753694
906198
961142
826396
540706
718017
557031
876357
299320
835698
7455
126010
591866
781282
182262
736603
456558
231359
449480
350703
579964
177785
732785
126401
406010
56745
667767
773653
925987
93341
545095
574022
935719
123524
354776
999101
356572
360499
900588
180624
498450
440081
81269
621300
788868
335974
494548
851488
726889
221690
654652
994753
883946
903533
471798
617427
168879
757843
294589
400547
981139
329097
128777
609438
369270
677529
94505
979924
409456
633285
713481
867215
832930
137588
655571
407626
182825
569142
258866
160464
560492
151286
124082
616051
12501
956667
141316
747749
506780
336858
815517
466294
856831
764284
447165
495914
177230
385736
690445
859702
699938
541229
658401
42711
799598
240077
179486
810064
722733
554313
650421
108670
918395
277541
706637
904793
489856
1048
120767
216265
509895
543603
510395
443874
760045
989419
590856
691518
427700
243205
566184
960438
590903
601565
920857
958780
85304
636114
557880
939416
865365
278481
744193
459645
8793
573501
748209
276488
687983
802040
364428
110932
559858
258065
643130
31420
864415
31754
260557
331182
309548
478916
428894
33640
19826
227145
846933
821395
904709
231350
132614
292728
777892
890627
834616
619683
503500
353009
729282
644435
870247
464655
320847
612698
958882
911784
219008
415511
849372
772812
746224
919950
635898
57785
511699
849633
194775
480423
638327
632173
839833
397357
553261
987460
779807
400147
829761
393602
665814
81589
645668
454094
746283
815248
486123
373551
709530
141420
887920
489992
712997
752166
688086
263154
351969
108505
11883
370612
737962
358248
75430
182305
864695
105323
631951
625871
380424
795956
912766
848367
353660
212989
841531
270222
188735
766703
986949
81575
56160
547153
702638
772130
371520
582924
73955
957101
985318
117143
885002
831030
600432
29187
199556
980482
649700
486437
636753
858477
843109
484699
761427
510014
737921
466173
232747
946022
493927
572450
510080
249174
471350
232332
800990
692538
369008
302513
116538
83989
616781
595622
736724
369018
718636
987178
892405
13284
789476
77133
987416
224883
24953
247739
616805
864644
994155
578921
368088
24939
575464
285979
901825
704655
724129
480655
263204
647843
988153
949642
850688
565437
761114
581372
717741
146900
278626
288530
127262
308763
441275
40089
553158
981108
775881
66314
262808
610963
774908
632694
946150
77296
381637
690959
441003
856040
327781
698256
925860
845361
20320
978442
610648
622136
768337
128204
934649
408281
656727
705263
470243
848826
403181
521019
672961
302404
867928
334650
920207
86079
40953
919511
719161
334986
311170
51313
618403
43763
265669
427906
18178
41337
805864
317030
194535
826715
102069
432139
314844
56924
131342
347316
802343
735766
955709
79337
359659
988920
229226
523007
666094
220830
738534
700224
656310
842764
172899
652022
106060
731014
31238
693529
427874
424014
580885
975826
425168
7995
203979
661035
85498
786674
689483
750166
258830
936516
404849
574743
291946
30500
610051
745038
604250
923075
737414
988453
755583
227722
176493
290706
265739
782963
298860
384137
116392
939332
930732
136770
979896
3178
267927
837410
706552
569646
120786
496712
422142
19414
94155
774839
793953
157979
102632
742363
142711
506881
745758
520250
886201
632537
597923
527224
330883
34575
556027
66182
549240
859568
615343
243241
904195
875901
403997
425059
803320
728164
140840
271872
313880
501409
798159
451390
380723
220913
445851
224409
956840
262254
518514
906035
926728
136076
894218
884061
193177
561774
431799
671813
726646
180134
664868
316156
106836
465864
941152
1570
618527
495785
383760
320623
444098
867641
101187
550433
29638
649914
863587
723582
157714
325468
297350
131781
933777
566711
911204
706613
666353
626724
724963
680953
229319
292025
520079
41838
538831
887967
54373
20179
594769
580304
391374
567692
790496
37938
26665
400083
632189
229067
655233
256635
596952
853473
805726
307874
893814
25007
154999
137779
67182
842821
906437
793749
446285
417021
253746
118772
674073
912085
850544
853738
698419
85038
504359
493513
834901
571104
749958
573959
753467
789432
156347
501383
344159
917135
344701
571008
832604
446280
672838
236108
241012
595557
223263
416975
817837
482054
640595
539650
255510
161536
589509
731803
135591
111958
233630
155483
496966
767063
496286
759604
408486
408851
745812
263252
366218
633147
960233
364562
827880
421588
383190
12020
257320
68632
146037
771610
129739
658217
889973
903371
957481
904755
651304
607003
678738
239453
435575
612661
157846
572203
652981
151691
760673
983795
863376
489879
281086
760057
227556
937420
797884
411434
596969
836510
713326
624049
614157
716267
953356
789882
259805
276804
731830
502145
154908
849116
868953
518422
647414
299533
32042
317167
452366
46465
771792
274793
400756
91907
444254
271325
139762
541410
356670
865051
955333
669823
642217
722054
42729
257204
38930
521164
169741
668257
423010
962495
872230
770324
410654
924757
579232
417684
178278
806905
287215
379211
323095
774859
939587
213709
44303
490619
515353
494345
896208
85245
107630
80843
996733
227753
578254
323243
18306
894259
973579
403542
328593
670914
826314
723446
376583
395566
831544
792897
276781
759515
309402
913883
738841
149613
813889
408425
465717
236839
608091
908979
153495
645987
224166
831733
286416
257584
214080
547395
348225
547011
420187
113750
381606
808092
603020
835127
703286
190967
802242
684742
176419
15594
46675
892135
362812
16737
215602
295626
791603
982324
203133
124054
167992
973794
863603
508018
306563
379757
121923
542319
210225
931409
453567
305493
761926
842978
863280
828361
817041
3137
237314
159704
626477
161786
237216
916258
955427
133630
895707
476133
475565
118904
366403
160997
527830
481869
27992
262966
955453
419957
228698
986278
102072
98609
250493
412041
711252
167720
117881
578081
713787
711074
970941
736938
261935
892128
394883
226112
176562
120597
555583
511214
637128
40901
778353
522964
653524
384377
670554
672820
208671
490204
172939
301017
353080
537590
982808
296100
228085
518594
670124
141620
587735
497069
374774
310129
806092
332654
781569
693622
372621
977788
833954
740696
657128
499505
622858
666711
337752
547129
423803
255393
599952
368246
473816
721917
978135
63988
784597
527834
417228
826628
337357
587637
463051
125239
545650
694817
493992
71097
371870
760310
416600
621319
369609
34648
782192
774094
158612
398563
257221
600162
198657
452336
440881
805783
948934
665735
161271
729856
25782
885601
333758
403265
274975
848984
374202
483667
38963
968173
844008
600788
159454
26998
48631
311241
557814
416674
578244
984113
231185
779690
322366
923206
487536
823830
579817
834387
57304
883049
437694
881709
405057
246379
448815
137487
193768
210513
967623
870358
922239
81418
904944
84117
357637
917352
458830
33302
447920
686185
294985
381422
565701
537250
933737
507516
603850
837767
703450
98366
294868
97625
276430
174095
571258
666220
479041
962561
581610
17044
201112
477395
923417
35756
596579
399375
588822
797378
83202
256195
622072
330530
759267
717785
418422
533886
207017
755989
239957
126071
890152
472747
613308
77642
845069
116987
211235
235930
550427
850602
867562
885462
529936
200670
350278
945414
878566
88917
837334
299575
641845
191651
862292
985153
15925
978374
623398
161330
392162
512487
601748
564441
156920
355376
891413
710192
305950
807620
280642
904743
562271
44063
557612
104265
674323
647820
104585
245965
529116
656125
456521
201148
775756
397322
315015
667257
79268
353929
416282
308722
875639
578502
705100
204770
676334
695071
364322
311424
745380
614399
54042
817607
918257
364085
861875
766179
161092
791856
401958
175285
399210
567449
971954
212547
474987
915213
927637
590207
464723
29878
71446
287730
991246
975365
216255
63685
19821
693901
236137
299692
117957
398079
768879
202224
555766
755774
777093
826583
741001
84638
815393
367089
982259
734078
324439
548994
170806
687487
317122
169671
634919
214112
512478
266983
701450
726520
192435
731063
169049
827279
119596
228266
274852
364888
219590
286036
695122
328591
46116
927705
31173
536171
730175
331574
237276
280449
556282
928683
553810
573237
426963
675908
36611
399965
88822
310467
701775
836276
144364
867372
390103
825591
691824
377261
621669
907871
945570
279335
501544
764476
317973
377565
804316
319147
253251
532280
145736
79796
322912
706804
539681
126274
648907
110507
339468
482303
874849
696316
395713
272268
449964
553688
490251
202586
693497
254185
762155
14760
238471
904670
401629
606617
955995
149399
699250
855665
697521
768298
940188
223724
364108
18000
509960
973883
314799
82096
232998
592476
167780
68485
259972
242516
893753
399726
937496
679884
176779
973842
836892
245829
423226
377901
828884
948666
595580
133948
610923
298385
677197
701761
131963
291517
415044
87347
184108
923891
973313
651782
588852
688262
893571
738002
145660
345377
269974
635363
297315
60129
580329
677660
782427
278285
278525
33672
172849
586354
997178
863167
854571
755487
7004
690673
726986
389946
397066
451666
733871
189054
102215
915938
566810
993490
342465
300759
871693
79494
144135
960170
81231
643436
954968
316027
383500
955217
796439
369826
91866
955095
969050
584915
623830
648432
277857
799725
724333
156345
630051
447455
594359
921521
285380
689527
118845
610900
747108
502985
754139
259352
933009
827384
363521
412611
630876
953700
598547
384743
728649
834352
996720
529979
650656
776366
157584
911640
7456
51050
737479
434061
906259
543760
1062
217439
14653
475835
469568
984672
706670
357850
107658
209066
306551
904129
391516
474233
584505
438218
809108
674530
210201
835045
545114
626228
865807
295811
233469
906730
630878
852955
61820
427529
487646
7064
609122
13404
603637
405919
380296
536202
937188
26112
486654
508945
490045
129592
931333
621345
534450
558689
375219
651095
333385
622519
659833
563924
352813
914695
886466
498810
549726
799414
185009
627843
415623
862059
518413
34813
373488
595290
36665
764006
900618
915182
865820
291360
175592
367698
541791
701072
933261
149341
369428
83673
348192
944984
139508
749552
97084
579244
872385
43548
890468
451309
292618
570765
940499
119037
282765
890774
754418
855838
654454
353351
694691
123992
371078
769259
980986
657731
132815
554779
171852
101682
911131
638141
100319
412860
727661
670877
409921
666792
454559
438181
582964
586548
863786
881596
34438
944322
775940
515257
659200
374048
676260
299075
403252
491826
557473
313991
34297
575806
484728
344916
999988
354132
548716
139286
291980
282328
839752
259565
240575
167918
386368
985193
370195
530048
516918
799652
154916
548270
205272
74940
386844
293523
202726
103532
191042
123761
950033
602247
491369
161592
19327
454416
388296
822968
176620
628536
529322
399648
748522
134453
201788
19890
766024
32507
268996
240005
76177
375129
640753
918198
818540
739635
700173
198380
563681
438680
277198
872903
196987
57599
244428
988581
564552
92899
991886
245328
614653
730040
832893
15367
845558
277960
279546
692968
989084
295535
511051
670263
502496
112879
195120
399693
758499
984817
15316
984607
607480
883289
234975
946410
773377
132228
112680
283256
723766
253409
55496
512594
173188
361257
876234
857411
459281
142204
805374
764484
89566
472090
836781
725449
332806
837626
66534
24743
323235
658634
765111
214048
548496
58884
686519
886541
976904
497706
576832
220518
983917
696094
985659
915825
396965
170144
458580
943237
200095
508388
112844
647674
858676
506447
269484
139376
565544
555150
963991
720952
628879
744531
227257
307298
663628
520685
258460
126435
376053
592323
191833
751651
297490
798765
684523
816161
762052
316848
672991
814404
829251
455763
940263
569919
606848
211682
340495
880799
570729
985855
473863
398388
227211
659423
689886
670170
416145
400104
899856
51747
583146
495718
929078
26786
756169
467108
812315
809046
584134
112813
955759
895730
236642
18463
517589
25861
317863
57512
245527
384331
479022
28896
210937
106831
772794
927363
49195
273531
526658
318601
657175
571582
28748
225444
131419
964376
65333
879062
164305
797061
847245
291820
151369
211460
425951
402842
366808
447234
478990
734644
902986
53992
562650
480455
700146
397694
997826
421458
195427
584954
955076
536740
66359
646249
930176
877203
44812
931513
815931
870614
394639
40225
276542
334656
171312
4013
961566
958106
401013
511081
721431
368283
943466
846633
29906
747974
214454
76468
736518
236000
863626
437387
280634
956365
649074
389721
424872
572551
864654
407736
753406
606713
83610
49501
364222
811262
504936
349986
684485
191089
89776
533871
234920
638960
182974
709763
909626
138674
506953
676196
904362
323074
207332
347745
25609
907032
960653
96193
283434
897426
907811
923210
196834
279124
406517
104943
992303
325561
356854
940375
210101
50676
504972
504006
345443
487112
60039
681002
316533
307552
982767
903236
363410
341131
516918
158065
377109
491224
807628
390421
787497
599115
299346
947683
69581
801977
342182
35274
204791
994117
152733
276287
145941
158263
465614
298339
546990
659574
327627
743826
290215
665186
183403
189576
226082
39120
948291
675631
885249
524515
500595
269449
285384
643203
235868
955702
14752
403453
835887
7651
478584
880311
704353
930767
287494
987726
948667
955323
565612
421582
454221
377646
982261
494093
292674
282850
306622
434340
977999
701070
461297
969099
662213
170001
749101
274256
730887
57080
605826
666100
600085
356844
45656
223970
193990
455035
886831
860621
696980
132161
910208
77989
697937
831474
515139
90293
955064
8327
684042
107612
966815
924611
966666
347813
750408
639841
238010
207558
616662
287260
772885
143154
902236
646618
459257
397595
850769
154614
932017
825479
576864
167657
455632
659982
340764
190036
189236
966254
50257
905068
576234
259466
769845
275714
520112
233285
522238
871278
167637
439031
897229
848471
644157
776331
245128
417698
982465
272501
897285
993525
15667
64914
165473
263655
577919
421021
112177
548998
165420
242571
845520
648516
841922
334597
585944
755326
461190
652160
729324
322282
485153
251642
743473
207005
701279
889618
394076
684279
286162
246148
253606
531884
148887
23297
375261
853935
223728
563687
354644
15357
208337
904802
104251
863619
761078
407326
820937
459884
482865
760680
753941
395979
813506
643744
133700
977762
833502
566301
551325
986317
551122
712093
962489
958862
844225
94951
667990
58998
564617
128576
796746
398700
388868
961605
441556
593565
377770
651691
124750
800512
387668
173713
58430
978820
887771
84735
358285
730329
254687
569278
360975
288472
297764
289235
921024
962832
915094
549273
527824
746542
101869
244922
68181
80456
167467
886282
348576
420678
252291
154304
605866
881261
627476
179601
444460
586185
411090
725355
300621
549623
704774
611915
806390
983884
169068
781115
751746
409446
675002
49068
40337
775949
356160
26923
855099
704837
181930
828803
365730
883186
710307
230064
539809
7144
401428
706555
641953
79247
366346
869879
614858
550767
644854
721238
127445
130142
826701
58024
45568
791491
820560
824050
475867
881158
7782
217319
797312
15062
768869
307462
826592
289430
886831
466191
804023
416613
955705
978659
355041
178568
583911
902967
581831
697591
638611
853556
859185
855489
931117
87407
260544
486684
714300
953920
135411
90381
72643
189249
25830
445872
91518
89253
881500
344293
496139
530738
937585
562071
88614
54236
506866
163434
797837
478400
894472
928192
211010
282297
759503
964520
751215
985187
443396
270885
449379
921066
913437
398678
626939
982797
376883
894022
328284
33525
575451
558610
749340
62252
731090
712947
792128
602876
392342
564136
121632
678821
670481
198593
89575
591097
439984
714121
727159
117272
606867
606545
85161
658372
639581
10069
985842
765216
344362
343182
656929
640714
140320
470803
514244
258513
539487
525037
549674
852245
676946
745654
750852
953722
878119
382508
144933
406408
853083
337943
244521
254691
446190
317397
828209
833954
490102
185343
914508
940301
676048
503290
332209
47992
890417
233244
622888
193590
641434
997816
384841
518844
754410
131464
248797
61140
374797
925686
361121
931578
933394
741127
328872
295255
293147
391204
482272
245463
825389
273863
423917
34281
191912
402430
820785
762707
397776
461791
454061
186799
321609
398025
435521
261381
368674
318738
542671
624070
71368
905426
86910
24227
226075
878155
649818
973448
180317
234163
582041
418617
31814
834720
919161
747207
180790
58576
669828
326382
558210
966417
114421
514446
450479
473107
377077
601732
692861
284616
535550
337765
512986
73589
87969
656855
505848
751897
798306
751307
404536
569718
959425
766234
207877
458240
547028
395323
182654
391265
694543
265567
133323
712295
992742
722537
303377
663627
305545
532045
607104
98335
814350
824452
200137
912339
592621
888041
997613
324707
422436
115764
586097
723617
509947
918800
50926
95066
445090
937178
218436
376680
350326
293368
248687
727380
749218
20628
877042
285413
51618
844148
949743
979146
489955
491768
260824
451359
105735
798639
554944
338143
251012
540629
161739
167847
842604
779053
940996
118307
510215
841655
954509
991703
260316
543119
557297
691404
841423
54626
478166
998101
372900
923085
549134
670780
296865
653076
928332
581454
569042
873147
472883
77440
779366
920452
504202
803645
129847
133638
192524
24077
715751
88807
798364
237859
123814
921910
588118
438659
903567
211687
293057
210702
93298
550380
130720
998187
210541
651500
304744
482452
904051
797026
644171
593658
6446
185365
344755
634198
259265
923375
183050
185230
431782
78013
863542
52352
747383
947202
308962
207597
629704
75128
712952
35205
637041
138724
972011
609995
193449
631381
995440
678308
417741
797305
480588
386946
285121
740635
436744
627368
930669
201405
486274
243481
745001
119885
94686
298977
875059
383176
259993
287871
124701
738472
124093
431917
58884
754379
530929
230286
687738
927906
963944
141107
107205
366418
694074
547466
674689
218026
522127
869988
793248
200897
914807
783649
330706
770092
967512
580731
173952
582170
352511
446891
144689
105996
35223
451899
887183
858419
305719
801770
171204
587815
774101
87669
696255
496642
97688
226632
955667
84567
891852
108417
658942
57938
599983
351965
775366
779630
512424
263105
18943
469261
820119
139367
354346
437943
539015
318307
946808
253937
184576
269073
296364
475577
85306
759645
152734
814109
626091
180463
81371
915957
380033
966193
723178
193027
948652
436350
934954
468773
945746
671912
498199
937588
900582
78118
473643
627517
274451
892249
576672
948314
379666
253433
870804
26988
51419
412576
68614
805174
114231
225011
455293
690905
435636
515241
861832
347752
735154
823481
874656
652071
493787
534500
152361
501285
571952
620572
957783
591731
43262
592016
827118
188736
981679
851157
708066
588242
874620
255730
710108
746147
360960
84040
965406
586582
111592
556892
957
731028
939463
172547
746253
503368
922630
242665
352796
908211
503033
189
501204
328620
574476
762236
535556
831032
196892
290777
352504
402434
844706
248070
224900
954295
48970
730530
909664
409472
164130
354559
431917
820509
204141
776462
148758
873755
744408
613674
126097
944881
90820
759102
172869
735485
426690
332883
734790
849046
975837
230329
256443
116109
82384
648785
388577
95045
204376
669494
711144
560044
938724
880006
748347
338965
233706
376272
622941
745780
96595
701916
454127
717557
294038
156497
793870
995385
325859
509959
652185
824494
906229
44138
765904
613129
571786
489351
24536
326819
388719
616502
491675
985645
595188
674788
342988
369490
616576
613948
80072
493416
814141
977842
536664
92817
939187
810924
462675
757364
549619
337805
525152
28307
144681
939038
558617
172362
93205
480027
479436
83811
554515
182936
918747
732632
406806
708942
911875
63910
138483
701894
168313
245578
240025
524833
78640
679707
306335
638466
871736
852227
871030
162264
360320
867995
900094
387147
956028
567138
412340
478146
706721
49242
345800
440591
910925
133888
431308
756728
452997
620838
100233
18275
416726
767982
614188
766877
539996
455013
318238
155655
189985
867449
163313
449117
509021
540953
86645
773604
105820
906792
820715
685168
987453
962781
29521
42063
714646
850297
484828
318677
984885
242470
996100
180677
506241
703273
717241
83353
312000
864708
943795
627311
318450
192235
178471
215952
448090
537440
946709
746397
522076
969005
350846
889176
259201
454910
839220
606028
225048
645720
127945
609755
79800
393722
294697
333026
932704
427598
190660
438282
19711
117580
623075
931950
679055
470764
856092
106724
115355
865861
457825
911978
659490
405063
55154
723567
49556
780882
498611
207355
645497
663088
216344
610171
84145
72822
613180
394477
378646
847218
628113
478436
169149
53137
37490
337528
343836
460176
871445
596110
417733
62301
611484
716608
648976
108874
828810
716456
403224
32556
26642
746574
71003
721430
881803
986092
415109
384237
830401
266842
895366
680744
565285
645914
757087
489127
319780
576514
697341
878508
131988
934658
621052
406010
926923
640785
616396
236872
198218
192761
708081
380642
918679
260667
279524
146717
561448
785568
766551
606709
724219
291421
761046
714117
84227
177825
68937
274145
641852
700479
53910
141011
611296
707379
36387
82673
65650
95763
809849
842648
882359
483347
736836
114951
994692
145909
349047
754458
522739
520715
972876
981856
580463
631658
665513
155676
185391
669485
726686
336213
242432
783075
193675
988314
131386
584086
751647
873750
386644
149497
113851
97035
705300
666733
653044
362223
590878
936496
744183
300704
789550
312546
363911
612356
646177
101429
185507
284097
676077
41073
343171
920086
767154
984290
820736
617428
868008
134111
306835
375357
831223
372919
437493
671991
699813
356217
363558
20205
516393
348064
65034
986691
243871
69209
679661
146099
299797
271987
906727
261833
990082
67810
106267
271479
695638
299568
587225
671894
418797
512641
603876
743226
617757
130113
620301
95472
660270
150380
671806
852950
288105
7801
683795
595415
546825
759588
90530
308291
385742
991831
516251
404935
425649
731828
904011
542733
950194
801026
392379
251123
78029
15217
956341
934496
815115
923403
434086
15369
435700
645369
391967
482239
97762
834992
272565
518322
202608
138550
97545
932102
749586
930517
378210
324048
281919
268378
346934
112685
591496
563530
796552
713471
59788
118307
890091
508293
275012
698698
364132
205526
508602
110550
649517
245882
220695
108151
22678
577445
474457
51204
668871
902673
133859
659297
661600
234358
28142
484681
880385
742441
244958
468414
808357
47567
607599
904394
51113
406780
312270
205744
937323
997164
993796
176884
273485
632028
928013
378820
787929
672262
992583
319618
772671
272632
561862
566383
984057
653072
338692
609589
277711
47254
195830
790161
172278
521014
503417
293275
733460
295000
809387
802291
149727
164958
275863
639626
309667
678457
454792
810314
82850
58472
632382
77731
113557
650703
663870
210931
26001
36912
546372
742929
190725
706184
535124
726135
447648
962760
266863
435849
226959
397550
716192
313158
670052
976896
648373
19018
592850
169893
602571
493949
775957
778528
568259
172380
683630
598313
524049
929890
726156
36074
608691
90386
630087
733139
556030
447652
817029
224730
499091
717898
170559
377683
712177
398621
495390
345959
624420
875561
956351
29236
136220
706577
736150
978817
244888
659681
615214
201180
953409
47086
931086
655506
427027
765356
921207
838539
266550
388428
587851
793471
400555
959055
143688
196889
362018
879596
997297
563814
85416
177626
565965
474106
945917
563835
723145
862240
909636
753061
880888
877819
767123
138957
593403
967229
162410
605266
753596
303299
538177
439908
325332
646476
269882
221775
41229
565973
597302
604840
256641
783506
813763
776466
891233
720138
585267
229165
198354
756368
480648
415709
648049
232217
422475
549682
940343
180927
420540
907705
542200
41553
501603
802206
227717
774868
725701
913596
843122
343899
978866
340355
435954
436990
700283
998981
153950
129466
927362
420445
798036
588069
172330
790204
611580
594380
791980
446609
707366
429099
498827
115605
914895
659336
447648
389104
779971
754540
73103
884939
396508
979071
318042
619059
473256
852607
982676
831526
28457
324188
811437
21438
374070
539124
874732
468791
981054
186790
297148
92383
891180
746965
371869
520345
93735
669307
975227
241485
969905
696231
713180
754800
43439
545556
209330
612651
551751
69032
446160
607018
335525
777734
709370
892740
82521
690064
675861
502722
798874
495100
948477
108302
953326
381393
320693
495674
304225
185087
324409
141993
299122
760409
697200
9950
163022
174576
791165
578207
218036
71181
884085
93765
471671
240394
931819
500131
39842
746893
850470
637777
625525
650274
524084
52500
543182
261877
333144
36971
692835
902441
309342
623672
454508
789463
3728
37706
722653
564582
934465
163459
112657
837059
389894
662443
832066
355325
886916
29840
641333
239680
279205
485079
875891
211180
105509
956644
384113
735122
82632
478497
76305
363851
854510
212527
709121
831732
764158
63015
645570
599177
241024
835851
283779
388317
909063
665487
387115
10611
813195
419325
832758
483901
981397
303625
588087
762414
6867
595697
384699
592510
194379
999632
911758
124410
810733
96769
565399
37573
760257
568170
638430
814703
404287
850156
793070
971887
236861
378277
318038
750976
663171
874976
560585
268374
561850
267162
974181
428924
420931
879730
625681
681292
540965
792748
549567
717450
374494
546337
415185
545373
935514
969671
998744
557418
379969
12825
224823
892494
563499
472867
904230
187192
813999
239916
208082
469474
189529
310079
76386
885738
196921
364312
473877
4881
956184
503720
59847
456079
558086
628293
154642
805008
694863
359473
202449
539407
402700
762885
134464
443534
726741
667963
789759
752559
477844
12245
210038
326514
522933
973996
564882
637324
884281
301208
55468
308768
461866
817721
21579
132572
8361
770592
299648
760435
538339
117854
569456
953266
877922
435110
785838
358017
266623
460513
599750
522489
135542
951759
169687
159772
232786
284308
444888
275701
38983
36583
19771
122829
684062
415762
303598
873799
327243
236198
957950
986073
679322
910783
225686
665383
603464
356080
409638
103166
351150
902730
452255
446569
891992
566030
572506
815092
955060
176493
905368
557243
148646
818679
400740
289261
11128
978408
808213
90723
544623
183948
301808
813143
931321
42571
44970
869890
800962
606165
201546
531542
504101
624234
787309
996565
371199
635910
34915
354892
226848
566824
175095
7280
369243
338558
965197
77715
973885
592943
206691
34883
936410
835972
28218
311680
579331
421940
18254
723095
509651
549002
357888
859487
40297
219765
26069
906767
343728
5932
247959
286459
950681
711228
389529
245289
913322
909231
142424
687956
720496
691355
670077
285436
184272
199172
672448
197096
454332
170799
20902
634810
822721
772164
883690
67501
466492
980126
194298
232173
83116
61299
357784
676882
358051
855707
595873
386939
668055
247038
826027
725251
680725
391775
591879
104803
494997
311487
490917
239588
574120
911855
974615
442046
518734
17334
823790
111570
589732
603162
277825
917249
971066
371663
8396
99623
501379
305721
219892
134008
46565
407776
920680
841269
521137
952495
691620
528650
676013
656681
681039
983623
19980
182569
472836
690553
888447
652500
462574
589157
976868
404573
993293
362400
27805
537844
919317
853262
630716
492812
121845
71989
585434
292359
48565
602429
191559
14977
822840
389894
974299
522166
137697
68390
248875
593361
833490
380477
87511
617298
750544
118007
637889
417562
487107
370206
527704
819798
576473
913754
713362
205446
597833
975686
644664
889001
229621
72815
615323
541191
449384
109739
453220
8986
644799
211156
288649
79450
741
336224
200924
361316
248567
751390
223933
730694
737094
638415
89136
222249
974330
420511
838217
202652
682835
322494
984644
568569
74315
788064
732401
409142
440600
357325
165452
115658
472653
504165
172523
282489
488544
393268
669840
419070
978822
655214
285598
263636
431419
665415
398633
623202
922206
601649
213990
508225
104824
75315
412865
952939
466589
214883
88206
415297
567531
509120
380183
827000
475823
145518
34579
254754
591464
372686
626360
749013
499107
658041
562280
362874
131973
555290
245766
745652
950887
396581
52140
153130
704091
346104
791285
647219
373774
699660
611765
288029
187206
525976
24648
825882
596810
98050
215624
547848
637280
356290
492568
840027
80049
677462
364509
220842
947721
464284
872205
525010
816123
485071
592735
500363
52705
525280
531682
799685
950465
517168
652138
591614
242380
15464
663588
791715
902912
313014
579083
820192
121325
618660
487539
614662
622036
84758
503683
729496
263594
234272
147840
679474
987965
595394
916932
567063
375662
226369
680589
9237
416540
695779
655153
739351
383969
777286
372911
609287
930806
38365
902690
279966
719090
990600
333199
1737
446127
266063
831133
510137
175565
798460
864868
349064
318736
22738
65885
863683
286629
696493
746938
256792
196418
40887
271
831837
990699
632068
922349
425978
695120
567947
414800
966965
311379
297730
613422
371096
184424
252629
710127
541185
46678
741378
957052
552070
762266
557524
299121
426626
276330
623865
733740
86081
348823
549314
641287
120708
696971
471608
499490
521201
390258
330005
471897
647898
822326
328614
521301
572328
250082
998523
228030
896804
507624
82055
418702
710177
140926
238427
175681
622666
629986
214906
461544
193924
676031
309336
710941
264831
916072
435892
742801
860702
272577
449295
831681
968832
69948
296263
939528
933739
439489
243797
759629
534421
258151
276896
116124
507342
447583
737339
356499
793997
933873
380930
416051
949781
705374
406156
609238
310083
806179
984525
152511
208375
850271
295691
1933
992157
462284
247419
908938
832599
310313
90488
368736
709449
378424
929375
684331
850048
358883
765257
164138
158719
527290
645414
116430
743016
350231
345714
473909
330756
748067
807511
72112
308463
90097
342879
832128
801379
640648
743188
332064
643871
528190
484215
881084
987955
761343
719449
897983
514155
185325
561049
412810
937493
707170
30010
360640
710385
894224
934879
552830
409013
847370
597734
335144
592570
546267
562591
180831
908678
615636
225832
195662
325623
407524
572134
508068
402888
603871
490722
192988
572995
999969
433853
930359
931843
747276
275601
24140
938405
687596
647270
154805
145163
301372
531982
515307
22476
473474
161630
47852
534075
170389
140553
897432
931987
682559
966490
494620
142844
182845
590030
564229
381244
269347
872011
866870
197821
604636
74817
702901
333366
650447
510876
338783
185849
888478
809891
5372
941401
345736
821744
658285
916278
338350
37772
673474
697383
309043
753702
350632
384386
944508
946544
97599
405451
81239
574807
244298
204022
636792
57821
491584
678810
488158
997652
279551
152245
322196
705209
986848
577430
359379
798634
815077
978795
664644
619717
580879
982887
365348
990815
655565
107855
492993
788830
492622
610338
972769
279668
260023
503203
391809
305912
89649
295236
746363
755042
241049
69809
146049
903907
261147
457270
858181
523807
170777
380557
541947
381960
195524
957384
794870
496536
381198
318359
539695
617771
637622
659063
355365
414070
831426
568120
794654
618408
428171
723752
29067
117467
389682
812513
656521
609335
167728
86636
291716
32868
382284
470865
297270
264681
701477
108157
51661
96934
369327
923213
424555
366506
691835
218301
892871
895730
378030
977448
667952
856383
239059
240891
154418
296210
149837
917818
654353
65031
167525
540974
481394
929356
570306
792362
320538
284412
244662
257337
554637
551260
164084
145383
343512
267184
671008
462824
156395
535483
393727
347688
936542
457938
177678
815599
761044
283868
784942
997872
354685
426344
29692
224687
452405
691371
792639
775758
558538
757269
808955
702130
659483
63246
777186
175126
180571
486482
154410
848428
101493
359526
674810
98795
715466
644789
240701
348346
80981
633420
749657
70519
707312
271727
232698
122468
704175
481046
691336
564334
985258
953607
676663
795484
406425
505233
997116
743185
333463
853474
913565
502589
403849
632454
952545
900390
245272
185916
868199
901455
646810
239287
555027
872066
130510
789870
517795
670079
399558
813152
735455
546561
888543
860520
476847
937961
687596
613304
278407
964874
758385
938037
629693
818064
133643
316015
567098
147917
867373
819835
791887
178849
903749
705583
51935
540806
367549
475706
526010
698998
959837
177501
637707
18489
165837
408458
916135
304398
870136
895255
789317
105717
590093
672543
147341
795031
641247
130550
578697
825043
173740
495558
567608
578791
599355
520139
129409
543926
658654
822375
201989
902395
774679
618594
268557
37899
534359
772994
933858
818240
224418
640387
359740
650696
366606
389492
718610
4424
461481
215662
567312
141294
582202
912433
853991
365202
365600
397468
863934
262600
617432
849097
281350
374980
187098
203651
907755
891882
103202
624357
605094
827954
742604
478608
103855
778677
829272
853384
783568
783446
331086
230059
575253
457807
471611
140304
342624
26455
627609
591032
83609
787757
324620
396083
381378
837700
462537
382483
378856
788875
925265
968453
49781
194648
442203
688529
41123
591408
909200
126766
355723
601333
257456
599682
934491
471981
487890
473142
48870
687339
770184
465651
932374
988508
609953
288059
404156
707376
360008
948326
455752
131426
943817
968375
475284
369190
896436
956762
810266
296751
223642
143100
296519
206362
667892
270407
335015
271994
664676
232185
123391
708480
467475
980704
332729
823943
714873
879284
412218
982010
425722
661584
413840
78819
337134
775631
257735
593104
864057
886207
930650
179172
758745
499333
227591
779575
577407
576333
516283
68459
329300
31467
573357
469772
983004
720915
284999
345827
45240
787313
300286
454680
405125
23590
558851
592321
355874
472672
705873
925451
80592
570005
705703
910019
127666
791772
979216
516930
549619
547240
330525
763251
372422
829345
53429
79618
502025
223457
294019
846563
690435
204488
4941
743100
57292
393148
998437
868400
944076
894336
281912
458889
83611
234608
928451
259521
949640
466006
480294
701805
381877
364333
527249
358983
721248
958768
435611
497110
885180
663325
83313
443324
195965
234635
26731
647772
375155
475109
38586
156454
983694
593282
603006
910784
944704
595682
72500
632210
771712
562952
249933
107822
197930
385967
262425
42139
110979
525290
612386
998269
618011
573403
822230
611234
102475
872911
392091
809451
887966
380661
142919
546261
257356
266105
317992
756323
257505
250434
572541
971370
209533
880836
363272
441080
911988
576386
845243
139554
772437
202084
13327
87913
567304
537264
705972
734472
607441
559912
476771
178845
206065
477888
516815
139953
420203
225339
732025
416550
646884
684641
41251
905148
114468
745887
51612
276224
387769
700667
758586
879377
287098
392690
224166
173840
416937
334895
564945
606436
91378
248106
334469
301990
196944
199580
385238
579248
951567
364826
953655
406653
83244
479637
353705
425213
861656
100845
195021
221240
67035
406317
433435
312796
711126
372519
64619
752037
8673
159277
376049
333351
734034
238761
788870
32315
567135
902938
346337
120708
370459
687340
240740
957405
619868
35890
341138
774369
278846
587714
416543
288662
776768
391213
264288
687414
193867
216345
88802
386908
780691
802237
156118
415880
544150
302265
547242
829455
362818
392208
255218
968162
45364
325571
705285
694968
66202
947467
483045
252251
663481
111858
748758
560908
5834
752526
345807
465044
669120
737243
577102
104425
143781
198580
920838
587001
446498
732462
659188
648277
392605
205777
510544
153149
784189
543604
347934
375620
404297
56628
372131
295392
826094
916688
222069
734992
392991
611300
483180
242090
942743
211520
16053
162048
889850
750181
378628
729774
200729
651675
931561
414659
248916
49842
60604
705226
953114
427987
98547
449908
755661
930369
399634
540771
450880
459826
25345
321109
168034
146948
472761
863403
565620
82398
4248
166165
668918
779428
271765
714909
991968
217046
139469
477004
55308
800326
426684
853948
924657
297652
408455
845244
156681
278727
311605
65625
770004
897962
333566
589775
738870
358337
558332
889676
37564
515079
129918
697117
949372
795334
550588
867256
336858
593905
291556
291685
394151
880289
576723
520713
472867
999659
463263
126992
237283
598810
181777
159798
169550
504014
348080
591091
264449
103984
255736
807361
698451
897872
856298
569163
915890
987102
416957
123187
145004
281410
658674
469760
509322
623832
587333
842275
144919
407435
45439
165412
740862
276941
928360
757998
109201
947696
232794
471603
504422
65060
738673
592125
564764
129294
829599
826963
530491
981313
462428
13124
63161
368731
307770
90323
558425
499134
737878
500478
998062
674026
853931
860973
594622
47348
960000
437300
359105
639205
812034
445061
491145
307634
723692
916725
787963
498387
194786
664425
949499
277506
93918
236829
491174
914577
497281
924176
787193
285288
40075
50960
214863
335002
88038
342813
75911
778148
332957
492797
197636
67137
935402
479004
445709
931245
818220
326877
123669
220212
301239
727233
70934
947381
21382
96562
880662
420792
963275
375085
171660
690025
487079
90762
280027
35569
455605
225578
208829
195632
4737
192956
377275
388824
284183
602539
712536
185897
433205
610600
440910
564549
965282
370447
535920
143215
549336
104761
770862
912932
648860
298653
949815
404886
836207
941283
421049
270849
412764
724935
289540
870444
631666
47718
469644
211134
779340
577129
839885
224443
60684
939339
725833
770585
704358
70856
827821
771779
897688
220643
74514
500457
807992
120532
202783
19522
143845
39309
512331
619551
860703
511336
929280
142061
364787
223599
593115
205447
980111
475975
548112
388790
730420
267961
805355
907654
266440
88734
178225
879366
973579
490279
937381
158363
519842
250503
260070
987905
735887
555965
21109
925408
590338
840705
454997
886918
902280
553290
3211
265927
567842
306298
556421
935278
831473
186407
401751
103711
941772
22727
283232
882187
492660
766519
625803
537486
126623
926696
252465
322856
93872
109287
187932
749974
184008
325255
664167
708492
794934
594156
967489
952914
238666
991159
199248
71864
465671
383049
874482
719863
424566
843062
761182
442470
35031
217928
308009
800021
16563
159469
358181
22346
947725
57534
216228
511574
50614
693804
519002
323858
622592
412041
84960
643131
746826
328753
868437
754599
329531
945235
907423
310884
620554
621663
806223
640876
228601
564750
379811
614534
428449
268937
745700
60603
931369
213175
441712
895603
81296
512358
227538
52077
5418
283157
922701
415960
422248
925723
310456
697808
29967
467768
399683
695288
971787
355063
746839
892720
56413
5756
749468
725235
19567
489456
758932
627344
510344
392325
314660
212611
922202
475944
166003
982704
355321
219395
515243
97467
224294
944427
200349
954246
993866
482221
138305
98824
563774
560
702107
29703
873159
355783
601528
33586
938847
553302
282711
546269
825134
966621
296613
733401
671576
595302
737121
566255
978543
313607
181151
524153
302473
536789
603432
480030
778733
563365
354430
538344
11495
990720
208317
190852
709179
37666
668892
450389
212470
21167
252499
359924
322848
185139
864279
70025
939213
536596
102401
630079
951122
6423
333197
997159
191445
379531
197373
236843
428158
854550
479581
344492
964234
91930
296162
460731
538366
604995
951148
31281
732792
461039
475243
77484
402720
564155
649885
148262
715774
888678
752245
136307
894566
623973
442199
603351
349454
59523
414720
958785
810112
753841
236355
244904
938346
610481
218158
218753
62483
119259
457483
13530
814440
955659
110786
588886
817269
628712
721436
95173
88111
870801
597218
430623
458989
837157
994468
432542
912823
11439
764053
809333
549111
535469
27348
717040
703437
589884
593926
686697
230462
704993
846814
652580
33612
360246
719166
872712
505504
9455
711991
201787
829860
196808
315373
298520
673773
424525
831830
857808
310230
174725
620641
768346
712296
550268
625779
868824
578229
708524
107596
350856
986692
926599
190600
443555
634534
954212
779138
674198
698151
571139
343571
898970
739936
830718
89912
316146
103785
342223
256337
195584
125741
431800
810182
392837
318294
943187
164356
72564
279846
783030
172133
451569
139815
146946
567470
626155
637371
392201
641778
526034
134797
314649
381843
292087
954408
735273
380904
786624
775014
326495
1210
396164
207168
151100
433129
824137
18245
15205
844076
126679
617382
971983
662134
347384
427822
420229
780531
460047
578702
951001
857201
435539
324118
794341
567196
94374
522624
806205
407458
709334
971175
574323
129973
663023
604949
929605
96559
652474
115961
906087
555727
236119
287927
938153
646241
44722
867162
366598
939196
561637
888037
108488
616229
652970
530503
923354
878481
315323
793196
988780
147592
465480
832432
989309
220069
939028
723630
120072
1082
995245
694839
19661
737680
389766
484191
809210
573580
20402
585585
933878
65581
749695
962306
418443
467057
687981
254691
679789
289495
667914
711408
292651
146688
569323
661573
218289
23727
34057
369296
361527
239087
465397
182018
900746
499220
687353
669983
260469
139673
758733
586166
206476
728936
566835
360042
782804
114169
538032
957166
200850
341778
247207
475535
439919
745516
37587
777579
475205
733430
586784
460543
25288
46131
418919
437534
625683
561918
514308
585534
101774
893806
483350
413293
683130
90196
309843
209889
954393
557665
452357
890028
843261
340965
607653
908366
797035
214962
922642
331364
286506
437215
988014
988223
729646
263656
510678
797072
775324
597363
84348
453375
84538
656685
218082
397018
536437
458195
670452
124330
338957
314829
104131
426338
115297
205940
915546
802097
652498
728564
300351
283383
89239
145869
268999
482131
57501
722163
980310
286875
954329
88598
26227
414053
376427
261308
526212
86786
759472
419529
48490
7627
805668
465761
651003
210515
58738
490596
565592
76540
98523
307160
166955
441509
70782
395493
82112
981185
957129
384761
860924
981571
762109
882252
658366
195125
576343
809789
513360
328936
908640
185755
213833
205446
469907
748545
301955
224451
437030
91097
356277
198130
291191
568641
594412
13620
57492
487370
868523
961483
378599
378461
885147
795788
440892
617208
340336
977267
429745
96790
90523
697104
282681
808557
353317
679520
713420
994833
707119
223735
53231
609398
711107
543064
412699
868050
827478
704103
30541
335905
249052
415029
142377
269506
797640
353275
910028
294911
577631
460963
633325
352682
337208
402879
501678
481442
466450
458588
144069
680373
337554
475121
194305
918623
876887
570290
397628
922673
253692
906818
625244
404813
216489
369989
814661
775502
332246
806163
444703
406084
137886
228424
758271
120604
935419
526648
169396
676703
466212
598016
178481
750545
367872
929528
270610
351993
618821
807812
426700
696641
118898
23754
486518
800435
903909
561597
43822
656163
661018
633624
355369
2860
502144
142567
910043
649490
860345
859519
935615
467015
824879
448398
629699
495433
770830
827085
130772
60904
88865
165202
184577
319589
860940
167553
411598
387894
154467
381091
838168
106279
442470
907023
213472
458138
745819
237444
859573
708399
338118
483673
576386
35135
794118
883787
15858
896129
594639
25142
924603
94671
961983
706591
270670
683075
443615
120558
348889
97083
699897
687865
239415
294589
407121
247034
45174
137651
238337
31267
910978
531287
92980
29192
539698
48106
202815
486075
226671
857053
484951
823734
870333
649427
843763
619056
602919
718206
439615
226770
314891
284198
722233
866947
519231
404872
25900
985632
718559
693851
870599
330887
404213
699438
599898
571218
378243
670509
476332
460066
427311
360450
709691
579409
406348
391511
527697
59721
229313
252922
179135
376819
552792
734042
409785
586183
706085
306606
683149
569090
200720
370613
68417
975222
274370
23512
502665
752635
392872
762347
422818
217283
450919
735826
592078
816523
181852
48128
393004
459886
295886
968731
967603
89364
125491
234236
896331
478599
216923
309586
416136
813030
459261
897061
235652
70130
344029
526776
808535
128837
385174
395849
502581
559651
297673
204402
413797
545129
144610
137905
717530
511650
906116
682373
499888
587385
881105
306543
325380
975432
237399
417304
708208
784015
815450
875857
597794
194944
639546
362548
182935
574518
816961
171370
348153
531910
638859
473095
144595
76334
369490
870607
98477
611563
5974
530716
794569
487270
623973
993751
650488
482574
272332
278755
913881
500481
490842
244250
475247
67747
374989
767407
733278
526993
46172
8819
54850
521072
460192
668915
223789
658719
853280
735806
853627
986763
323895
964228
873746
64544
305316
254617
76987
838493
379310
573593
541336
841984
925682
745958
375297
149601
156235
46733
729343
324251
257116
483463
532708
312036
775549
453723
717253
30462
246527
195297
432278
990726
754654
741793
897504
485226
484802
61529
854241
17464
572530
612061
330368
277777
937942
992153
579179
772924
689190
14258
878159
216023
892277
153611
334579
553768
832788
283172
330098
727121
2596
613532
872083
787170
281788
283159
76614
195593
582834
910010
127550
630628
40586
884627
187749
672887
719545
565974
482433
659769
610068
78402
535457
116745
902362
785507
192771
599870
422682
911408
474694
468635
849283
873556
814662
785313
409350
342858
72601
826623
116330
227169
107877
705061
854636
310047
787228
142454
895248
650754
44822
513308
179528
651809
471625
64245
79680
151858
129959
792427
843460
589029
161685
687521
841167
67437
919939
659529
132209
623518
77932
740498
692507
28465
366636
744319
621322
982181
157753
787347
196686
669056
895423
482856
222774
273076
25180
191392
856922
760284
17013
603890
288581
957733
913651
168998
120061
453962
937374
375068
768495
357815
448980
895557
339004
538831
415589
616053
527962
968073
903630
994385
584616
543541
547281
571299
64339
18973
876141
214156
542110
89990
934015
254937
890129
121878
534453
766894
256192
523535
241323
863582
10486
84537
633572
680349
788223
611166
411814
73933
946959
284655
347506
748660
469970
968644
816286
177679
905041
243329
206929
654655
84350
274708
363739
641314
832604
514842
254062
845949
362893
781281
859773
770133
804921
491400
906032
804509
450840
43779
696833
237449
334365
344955
403382
928705
481216
205970
865979
902321
801190
926532
352347
711421
210350
842921
253723
220306
991514
811479
990707
767192
341080
153700
65322
333635
804589
582793
43981
773193
408957
211554
395403
706030
171321
550225
307056
581050
650661
923203
842108
970764
929348
933450
66016
479113
706211
838954
361748
369709
191424
668079
857687
968897
184661
113531
492228
822445
394628
718046
845326
967397
131104
530654
332120
81983
330453
933334
592948
177637
826934
138490
747573
501990
355233
12792
112370
553831
4561
1338
469914
928438
956096
671944
173039
835903
611959
395467
750305
521623
93875
556396
488904
111606
592438
433179
73084
160450
870695
366316
895636
950726
957350
142939
939834
879105
441008
443248
958760
635035
818860
420158
914817
954930
943504
340485
393742
935571
241715
528183
564883
922501
530927
905176
349773
576255
763954
495486
834443
946425
806114
368248
95910
661599
498346
495883
672479
931618
469286
100951
407571
62121
762919
604505
953629
118118
840227
526154
971016
172931
415228
310052
929967
882170
926059
409284
978292
936708
892425
527402
319769
953257
237754
509982
742462
348662
310262
547310
455479
736525
774709
206418
263049
798550
468535
643376
478978
626323
358957
838202
613810
247058
341063
231989
303817
468923
631515
692949
730063
399753
182062
76741
104186
295510
41251
772034
170927
640142
680190
582119
394200
296390
674003
296579
872734
252517
41167
776678
53379
566720
342562
953915
22431
26628
173320
811279
850422
843020
497779
342768
461554
970259
750551
665776
463681
514243
950161
179209
192909
529836
698357
328026
830740
672720
289138
588880
383461
159643
209956
412512
292470
873142
364912
546724
841182
510578
290773
108935
241649
10791
826679
909297
485349
601270
443025
5892
713014
998841
322965
737069
586642
475151
281516
480385
643504
267080
472347
741170
851258
717674
750785
51438
886374
3998
176445
216276
44387
730298
347180
290771
130030
157036
672464
552993
937795
222719
214156
73109
975345
73613
578763
609250
339718
515458
782977
321329
816042
425352
874378
823514
453896
372308
754990
476606
79335
45645
276358
727875
42071
358356
648376
37357
744134
59572
811101
227606
666930
720488
822788
234186
60217
274435
341968
302785
966604
966336
360828
110329
165826
130662
270847
28848
507081
18455
763018
892923
740087
376630
877167
419462
108606
274035
354395
707433
479422
374645
918020
350179
707957
641827
361374
581365
379025
737678
893318
895133
58854
701886
504706
4461
63419
250519
571936
867208
512319
359655
315322
7545
466905
906511
271195
554160
668061
335692
565564
706778
703898
361122
17319
601308
139600
849124
182909
665067
217855
14690
733907
863883
952282
503471
60470
357857
792795
870605
749391
491319
31216
478520
301986
400269
477843
965516
729904
688918
912759
423635
648893
314774
704606
939439
214700
450261
557447
536928
520710
717248
273925
715251
647833
119901
938475
306056
54269
689961
41316
356222
626930
327697
34911
658749
359845
493577
359335
526239
34513
771467
206736
387324
962562
69743
221965
129040
529846
36643
94687
748811
549276
512712
470056
255862
718014
508906
8222
441789
687482
247001
234011
957469
124651
549672
802640
192362
810536
195074
29146
623101
961506
354596
539181
442490
654897
69370
117548
704250
341160
510170
470427
619545
282148
453591
534252
905629
455204
366659
188789
400641
826130
734981
552067
78622
52128
650514
333256
332213
44814
986827
204527
201947
621448
604147
697360
439873
83435
993420
564287
614175
544424
47117
585407
117117
361793
422593
406356
453342
527345
640702
700534
751817
13992
744001
730210
123957
806452
956579
397066
451728
578619
236154
764588
749164
785381
326223
842368
551175
53782
910711
402826
104693
807449
939344
759760
444652
621080
695898
311718
623084
569415
516655
354533
385993
496545
696928
891130
138582
298827
240558
944026
931696
744724
986018
3411
252836
260766
402569
65982
826622
547734
324752
503953
251631
956894
425399
452753
7577
634893
337397
243684
111035
979148
774569
122372
532788
481185
620216
871376
215029
171656
45831
570492
286984
252349
934166
261033
976119
58775
48951
154128
365978
787534
36331
297175
32513
559197
365272
75526
40698
461571
423656
596755
370815
407715
871872
77785
615423
146635
890011
453479
120007
178769
888899
146101
569357
415065
408236
510578
464537
127476
161581
396857
34128
822115
244763
338081
842207
986489
918852
351219
702400
988958
364677
790327
601772
268975
985289
994087
815197
470403
702302
154949
843519
986953
107509
244488
879411
566797
947830
323250
561726
974489
519230
539517
986324
900408
949750
590899
645245
421910
937233
768093
443234
724995
153505
363219
354999
361942
681239
182642
22212
419886
747285
858092
433553
42516
423346
668730
154605
309628
980681
724076
593691
822827
844478
427616
803418
497458
42831
553617
473936
88280
775954
547335
841618
552662
966353
607852
956754
413691
61566
216063
881446
765296
411540
29409
465713
440918
346637
231565
295344
917003
105786
974565
881635
74444
949570
211111
724181
349620
862969
229118
563146
514275
533660
703861
583109
635130
371431
904134
563
546178
537747
663505
937655
452460
700783
296168
987731
828723
229914
81287
789167
19678
405211
278817
103178
888737
126941
111573
200186
469603
761866
553344
379937
187483
98242
105452
521262
350675
437368
782309
74957
820111
80425
841516
744813
466631
788538
128901
844203
759567
614638
413227
738400
963415
879233
318436
14852
585103
657059
977711
867901
523427
617044
473241
806216
466980
454872
272046
914754
475910
221400
783629
239764
898950
130133
60629
492601
772516
252681
848379
345390
598798
259676
726910
65781
998493
942848
292657
924869
578680
11881
822007
490513
572758
132652
63502
667187
13602
161267
428097
680693
849719
902427
697153
123580
822666
885226
338447
244626
778023
356144
640400
865294
12948
11705
821634
960034
10130
594667
238222
10817
721921
822787
14899
218859
375395
760998
744034
347414
512441
790503
491305
726075
220105
646676
881799
769786
189057
898173
190238
177322
906934
80898
640326
751105
811653
292056
370429
917661
793306
934616
403517
903981
597583
831555
139942
854782
436652
58966
150683
432550
462093
606470
249001
975303
604449
601881
128032
554688
641038
401889
271558
332470
662578
787861
796513
710970
472517
941837
945011
737239
704986
615642
935171
249403
799300
220287
473813
531712
684309
214224
41275
275157
543554
304998
372804
443149
447138
336637
506707
50436
761493
558890
229196
468522
636930
433851
417959
480429
567480
167149
873830
560903
344374
546116
422691
852705
130886
538827
963779
619682
312707
359144
305863
200665
186684
889499
882561
905667
127089
597587
790243
796537
143290
342381
338738
360121
854087
577994
951770
450831
224962
907979
616540
155743
741393
395436
984483
900754
244151
749498
542580
374619
348506
185330
561346
22949
879839
161336
637857
165595
811697
191664
860947
401683
415905
470973
285055
229144
313896
428820
961215
609106
657031
790844
553304
53076
475087
62884
146501
703682
293565
549216
359020
164893
320189
796802
333938
298157
833679
762961
991402
915722
693383
767913
175336
913926
512622
811822
343860
140282
320903
517294
849946
439532
656940
374291
643359
215066
849302
818881
131470
608869
480378
325266
313264
344029
67473
929195
891417
888165
617073
482939
888223
778499
637975
495440
797350
194118
861638
935509
157143
979092
758728
672172
303151
653199
579923
625316
661939
108260
932871
925847
136962
887216
515476
773987
507842
896910
399737
244099
48764
98753
179879
15625
94020
812795
535812
804474
807697
655816
268683
688390
426027
459994
469904
457762
409474
232305
392481
754052
273754
886247
689800
996858
442276
660565
167918
734888
552425
84966
698138
603868
238047
421750
684310
917328
32862
713254
679154
23547
511020
622911
788962
302228
164788
585920
32066
881316
16214
531077
303034
501382
4952
815702
104765
735806
438777
95754
634091
138612
300646
446614
883095
454284
453574
557559
788578
664290
525104
574903
842310
981671
339324
857502
741551
554003
323255
883193
352195
144582
314352
626112
617667
530111
215151
7782
136969
964407
38085
378178
378097
235739
858943
763989
809109
638629
43060
237879
320880
841750
265470
801315
453476
88402
618629
836315
196758
12055
166583
310073
944631
214043
140500
43476
536990
752706
98789
229387
832849
547065
552780
50097
21667
906738
543799
352213
672119
835964
792302
747052
340258
434814
750412
28958
756719
862543
580939
164650
769468
332405
827192
71350
674305
788153
992325
898743
596337
599075
359485
85177
365240
602584
922258
612107
25445
670988
176402
413067
262434
365413
404920
694537
6046
217710
298463
744155
229195
389684
108626
771581
107459
994241
163134
688354
601990
665010
695497
479195
818142
868087
593595
828515
453411
97383
862042
5701
34267
973182
293013
580394
66681
163700
857366
165891
514054
244858
585274
432591
570269
810132
371293
693641
430992
863566
304974
327858
229353
507036
947618
108150
318346
970066
928548
928702
938486
176508
874602
875345
850280
390811
176387
628007
960609
710461
920076
895948
645120
571127
886114
356013
684233
702978
580593
607043
152904
418032
25451
902745
140366
71497
382869
902395
912410
334790
206843
365245
190676
941545
347140
646245
298994
929719
286560
369334
169149
479635
782813
500378
92974
910393
185881
894187
463858
467859
768338
79198
66317
898043
379417
562380
650074
223566
546341
491614
822513
981545
39300
678421
122849
966339
700205
996084
592348
495463
545392
621450
268274
953100
297102
631328
208246
555987
480229
612155
18493
119196
2692
437966
96516
798916
388573
372991
78641
349823
356376
532820
220850
516303
305860
99706
68610
808671
852200
462578
970250
67198
569528
8024
454116
62267
192035
191441
587194
337561
75017
696529
88525
45423
242122
392903
685842
929567
741754
740581
65462
848624
58352
121359
4931
709195
107390
700127
750363
547151
734714
641235
649824
563729
109947
695828
435638
773683
554336
602787
207392
741727
495114
247906
2503
376929
692841
823293
160985
106591
89076
834547
828686
242933
666482
193157
925318
851953
165046
356857
595535
26664
509288
871755
242434
248563
119805
2865
12812
135306
732744
937930
146506
585466
391530
458658
369678
24646
640485
285476
766015
833112
89999
8541
628317
435426
217186
529193
265505
924566
121584
384892
240898
678078
384052
612751
609236
637816
381699
38180
827403
754194
924897
687672
76958
369662
123311
65093
217095
909106
850690
752369
226854
63967
800528
771094
142021
200523
739396
45551
619511
862029
290225
503323
770585
752165
680866
272401
766266
620085
828623
566113
250199
29216
868397
489059
794623
218110
174237
717694
411157
121785
542020
326998
883380
21063
134458
335251
462765
138820
454683
71243
25387
761130
821820
303179
207608
356720
953272
145671
580888
242685
940712
967643
538963
102600
116272
875581
425297
914894
924150
174786
941981
433518
280622
515273
967436
513316
310929
168904
558199
515616
145260
264433
261859
605570
901333
795136
157314
940597
773176
487332
66834
742565
770255
975239
485668
664606
769456
954940
730615
108995
771456
832516
106691
866023
28997
858301
801297
372171
343322
575080
900935
529141
751803
778069
598978
414761
715456
713517
802460
966470
797287
495324
503309
112768
656970
955737
916205
927990
87983
723475
124439
584560
864958
143674
588202
675894
116493
411367
821929
424399
834583
756584
11522
881109
269964
933100
999340
525425
514946
96391
566569
965113
789705
77091
152683
44387
440732
417668
810195
971940
330290
308150
272340
116649
448500
856469
236726
787249
782154
458553
362167
515077
624591
655868
139596
391445
196835
75689
485893
649713
997150
491138
998094
974624
506017
944494
769553
855009
913609
648381
429881
288507
85693
198042
819794
621571
684135
44044
361228
767658
835520
779688
839454
35136
31363
468567
955848
300873
857859
40128
378544
647866
201496
468817
420974
779409
468149
491695
159331
727246
834773
59256
461572
116753
769556
985137
350645
598353
88090
633809
821712
638262
628146
734697
250564
597204
911609
997678
800410
264837
898161
795749
82899
593762
823285
862121
740590
468702
764231
132444
691718
548223
602949
628008
904535
626553
127995
709105
310753
577384
92433
178457
984293
743529
790245
998383
910348
183318
544052
393973
909351
871773
941745
666828
944017
555005
393272
148606
179633
311196
608412
158696
216540
477383
942684
565442
5143
177542
970677
64204
776378
827483
957905
963287
993455
487895
827101
432750
692698
375514
70456
991775
812051
950821
996871
703785
554190
567773
973669
622915
940444
47327
827576
320263
934474
147962
960735
111994
134695
623949
782343
242872
736804
906622
8669
2368
5203
648404
866141
289626
352018
607346
373897
112737
157633
436593
611062
176433
674798
940697
850752
328749
895378
915899
369630
344045
800949
80429
503696
9667
901804
596451
725941
157801
476419
249062
218233
436424
606581
37876
878251
969063
477720
80053
645548
30382
679574
376213
223235
734870
415957
688066
933198
132656
850808
582020
575187
43470
237759
762291
918453
587410
437386
346266
877314
267985
765371
367207
986473
623331
843256
744075
337161
9929
914768
536116
610724
804540
105717
656932
683698
627022
840935
324782
826898
492159
28466
381133
438108
531039
959629
907169
244689
136346
397860
598983
916916
397733
469808
187987
398642
793860
302657
104941
131068
316149
882653
311941
156021
825596
206467
777908
618439
681932
148488
823345
197264
176399
865699
366252
211194
504722
75780
347530
195753
734928
977438
872510
85773
996122
519750
454912
93719
334624
837875
972397
781512
582430
593125
247931
33956
294053
304739
407959
797766
251588
214557
318109
709901
870420
65775
285747
517108
55709
339142
753859
22528
494760
867549
451923
533074
971170
845601
330050
163804
119914
445235
614113
783664
308472
951883
263211
517748
246377
440442
373027
963698
369451
940808
69705
160652
830081
672763
200824
222668
550003
637881
274911
329178
707286
545477
697625
928007
513523
25125
61676
179205
19799
619108
838427
64569
143479
889844
951272
584553
65213
414955
76778
727120
129139
668206
144006
380241
518731
207147
197069
302024
645832
150912
135218
190139
411149
26489
592166
12271
429440
62582
688338
113751
391707
925803
822640
752104
270095
163906
742151
48840
764820
104603
769153
178404
985490
175411
383978
230176
581925
211554
186631
143082
319505
229374
702737
604520
893122
625054
587661
449551
430590
329273
70217
42965
846377
218220
131765
192702
184052
885402
569179
773267
433828
556013
215356
280370
890234
578683
579721
791486
549188
759109
739066
162934
412608
974809
833871
964323
478888
950615
659169
1195
449503
119888
793380
709764
899190
291594
87804
861570
964187
452640
167672
764304
584030
415878
343599
974717
931809
332971
349622
840942
775708
84471
68219
350194
383883
510579
401217
245619
969972
494216
724088
64263
624408
272160
884984
346662
928566
827177
584218
907190
905462
727480
845491
894403
270969
77194
613422
423626
678970
716261
801477
872948
980257
981277
564124
345248
549732
466354
418810
664473
723354
31447
300196
52135
917278
598541
466776
332801
568796
842414
349027
71968
158715
132358
369183
992558
407975
192604
9933
546589
61242
767950
519178
925269
186566
871322
415537
636741
816833
155833
931854
121243
860878
518117
849850
72078
179236
832124
703192
107480
311837
716477
783914
345282
249757
991343
387409
110487
48221
551392
176863
274170
502227
423051
551386
466772
711872
770963
744784
524901
132309
451180
85714
207740
252163
802265
42702
59842
365534
155663
753165
16624
641645
983929
637509
894560
186960
242581
839132
510017
213070
963835
240954
482533
655163
387838
405641
121717
624322
216683
545804
135684
909653
867054
214105
773824
12846
410645
671860
80389
485312
88236
303946
833995
828415
540230
156551
859584
317385
427485
546260
989617
270191
836241
226096
128545
96996
760396
142570
456060
51329
251399
389240
136357
557747
824997
917240
704044
809026
569789
357760
700123
897150
726069
886627
182639
255368
615369
267459
777636
287738
600363
241998
383082
341620
720645
126103
680115
468100
72474
213905
18542
185713
853578
512490
665422
51044
676468
413890
770051
193396
883318
650758
910794
757645
922768
93805
245536
889084
192038
621327
420946
302937
965732
201885
331952
228880
875324
665345
648991
923342
880010
47763
476494
44678
747225
291252
735041
53789
873535
465163
627657
682168
80291
176154
190292
848479
791007
62588
729312
347790
224640
185661
363083
489496
919722
925014
844551
466169
898073
168963
553
479734
225922
926787
620896
312115
981720
383468
11330
732561
832810
219368
955074
961793
132393
276048
180542
974762
143624
572323
215285
564147
786492
732258
277782
72877
335523
385228
448883
727072
919361
55537
600661
773553
396837
548149
786281
162668
565482
385572
67159
442996
12441
785196
637683
352836
344044
275387
371468
389025
354285
80630
861666
496926
468797
806418
613878
561547
220209
750739
393785
490172
835543
537439
474086
615921
904918
843710
270699
554663
65715
775601
947394
621178
296816
85740
675743
207413
713231
597681
983810
655672
477684
701193
715116
84357
256872
174050
453614
359463
262778
288192
731356
58175
101952
460001
328929
572332
149179
31090
137836
439382
745624
590631
173960
294487
332691
244603
622282
276359
10550
570308
792611
57443
952831
890929
569686
82841
109088
201060
779779
803507
73696
251494
931297
254173
467935
184843
180042
275221
47158
441251
953776
20974
987837
554586
194157
404672
369254
252845
743929
428207
801926
144905
280373
540439
467764
660674
984164
729105
111178
677932
279033
178405
348361
726170
638154
987788
951641
291889
271140
211424
698925
511591
36729
416354
582341
489438
203381
44711
533261
266135
162862
305185
516579
692884
51002
37638
407350
495247
199642
836767
267849
642000
299347
640239
303831
236463
117085
112894
142289
292838
677685
824449
505091
137298
477901
398439
6292
562310
829348
475202
509996
117324
819824
912784
295152
781433
220598
559910
626025
346092
731836
585528
255298
161251
631063
633799
523120
758905
587806
508071
709484
999808
143039
607980
866204
90103
322479
990321
633744
430440
288829
891012
241063
975585
836480
80945
235922
541004
36335
436586
25648
235182
27151
326544
105369
17720
23815
185824
523702
302413
181647
481341
403533
134353
660807
416085
368859
893418
456356
77363
649818
58519
922245
614625
60706
639209
215204
858808
297260
915169
890407
872582
170865
931496
597270
629466
39921
450533
625192
175726
668175
509311
688694
12082
33881
493551
192337
797361
487782
732160
620271
582818
535064
532006
619008
556109
234498
654840
970911
330136
787491
149132
143844
818606
644175
434990
766550
214859
400366
700412
377277
96678
511710
19105
124246
153722
167476
807404
163104
127539
807328
753548
227796
465138
548590
189994
169777
968957
485609
390499
18549
329606
576410
546145
829031
510742
405806
689749
28753
259094
276469
711955
178316
663354
328135
42505
856435
855370
125377
218717
676026
700623
209901
984355
212631
827862
166912
459704
509470
537955
988860
582206
172522
514358
959606
462580
678455
774067
24114
948016
336717
486512
968682
121020
289687
426400
556461
312651
749394
9622
764708
872534
438241
69433
198257
671832
679741
851203
5232
174050
854473
861045
770591
219931
640131
16283
211738
701720
999447
642807
681855
167188
583118
666765
542192
334476
991651
815306
40502
828346
285814
272146
140611
807915
339418
959141
537552
561215
716617
934317
276197
656253
279671
583334
125367
358096
339523
286058
308971
949986
875146
679128
732857
574036
563222
448480
920171
927767
98868
638958
90821
909098
606947
689201
339071
763056
390696
332103
129390
309485
877567
12103
83905
123997
156972
88618
373094
559729
646255
517910
274956
775399
662421
59401
550916
327300
997931
49055
36033
200241
241038
530943
372478
493104
277278
162344
640702
831801
667985
58388
754671
737589
279075
115398
902568
475094
66347
712245
731089
421777
931657
913301
794082
119417
495868
973566
281924
314809
718672
248059
335571
401134
323444
787122
196869
845151
770410
524843
84324
164314
230359
770302
852215
637164
80762
720157
374079
327292
437561
544188
428445
348548
595223
878169
350161
252909
441602
628459
986333
532615
232713
302187
560135
760482
883435
664313
959486
442059
97867
716909
197972
806566
526463
806267
846058
160997
930247
725570
708457
537698
409690
400625
33452
537119
757980
59094
181435
905367
624429
727749
168499
82304
999387
614753
879681
674336
724919
234762
112589
784393
486149
892771
998899
263859
161549
756926
959468
957300
211854
221159
403211
394590
741458
640458
441572
80053
646109
992897
826439
727435
70207
490430
245418
332090
282953
908498
535780
47742
670812
505495
283798
902061
451421
77504
4388
621395
283332
715067
610337
600302
488148
431872
212745
707075
873957
346554
560103
247387
472029
366222
838999
443037
70653
145932
304230
147017
872983
54833
638293
504590
855134
609814
896893
237129
824341
984633
282636
356188
295786
160487
646125
248294
98140
935810
691398
796068
305814
253812
751515
984036
71136
19377
224912
883873
681579
869666
831819
217536
61258
922739
439288
591718
551296
845434
938534
318644
532276
154562
932686
320480
675393
803380
323700
467185
333866
608993
797223
186902
859115
525615
940770
521060
552362
43805
466005
164459
292620
391412
347645
104371
649700
465868
440495
333528
925575
301112
710837
651135
4603
384591
349711
769332
566286
357016
128731
445026
100674
679249
775055
268654
388582
891548
415906
300464
671680
558407
782218
772238
264998
946038
263393
250935
404139
182127
396257
42489
6647
231810
762574
75008
917168
447059
272179
239596
92308
654469
692804
241229
894249
703365
747490
171454
897867
51760
325310
399387
703076
677602
595541
830944
189819
831644
358425
195679
669923
491345
51888
153117
482195
55053
289877
791562
723350
550019
581661
793180
382553
80177
131860
524871
744994
620658
101510
577819
992
377184
966361
718777
65181
641891
3031
115507
763471
408155
31114
948224
596878
354598
941056
926296
227937
193934
748270
212722
262641
700498
498993
144408
764767
992719
613167
282275
675377
17227
517596
784665
372647
7199
90905
449439
961708
42046
131574
952796
669096
121574
387992
852845
715442
877025
238710
824254
631011
377784
352445
155275
835718
195829
467668
315188
286699
978772
598330
562742
510171
244614
827211
150284
510949
759521
100193
975521
744855
303911
952662
259440
689609
615856
305000
713850
318355
570551
385590
43299
194846
371263
401831
343466
389720
17568
884522
10755
307201
483826
962007
611795
650594
651028
963700
406471
972702
175898
322068
186194
325217
750481
527963
465473
212341
674223
359260
342908
258931
665500
604771
815323
454742
742871
428494
641634
941099
484295
132118
523227
964325
823135
852075
591630
750413
601580
388734
159392
19222
739774
79512
871942
722894
859184
67751
156836
579697
862550
118490
499078
325976
663875
738849
383417
76814
898356
72727
176967
337603
192541
909372
421134
647770
85773
196571
819900
421341
643776
899594
419114
603856
517185
357776
267409
730531
710906
583649
440173
766017
518554
882692
603628
747845
745313
979157
713555
398476
284363
493543
159598
225125
183894
282113
799474
995493
902578
148297
817713
225944
978373
591871
834232
319121
420568
230176
293320
299299
52449
772459
222704
835048
377645
201727
429315
625982
29162
915619
880379
570514
307918
892384
658218
706516
47400
646345
701273
763850
107201
692571
137599
797953
657262
588543
791647
201885
124725
13292
75775
356946
67098
945257
567232
436203
544581
459632
564447
595720
270993
544046
672711
75301
360755
506343
7632
852436
600965
895095
648728
705549
293742
545459
804476
184668
406832
957166
319540
14520
376782
82712
935689
930548
725912
416512
27635
852495
199892
103994
786003
932902
186315
881499
454921
526472
206637
361761
171827
355114
89826
465264
411267
419249
234798
247863
183740
349485
309183
975217
469961
351398
540054
352776
786426
799438
428880
95059
26779
185365
554000
40192
789299
691548
953995
866125
666262
262977
342704
850160
771687
66841
964018
522647
850478
174268
130675
164554
429650
831097
592462
485420
792051
672298
630017
96736
1574
805667
677750
280391
796686
156612
19756
637992
794003
581678
248775
570729
92418
610130
821936
679034
68225
66917
591146
641425
354797
157872
398899
129999
197330
177283
213651
50178
833926
808329
420676
751044
141858
243703
38717
111744
746654
367327
763485
902996
506696
165601
322673
347986
775009
65856
984226
612257
28692
776850
162622
654529
612692
763089
131361
384684
745745
19024
164927
843159
447766
747591
592081
641816
217602
424015
587738
673441
459041
853801
827285
260458
410726
794360
360765
805741
693319
637583
66808
970891
511733
505893
953441
318604
779383
266405
91761
805380
42658
206626
925321
758224
312887
442408
79070
277184
744921
832237
776513
851151
80297
35047
178890
503949
27072
58871
722336
550429
633032
104323
984936
185242
404599
495777
808136
764309
531113
996910
27863
327802
325978
945919
832163
288209
974589
929007
232221
881952
853819
429528
133925
680877
888715
408221
914542
356384
371690
268643
940046
989511
761784
913055
246629
362036
330351
75658
529319
310273
94720
509810
393223
761332
699787
218474
368897
71997
519227
468770
408964
79900
673661
32145
2619
96031
773787
733774
258615
163209
514681
994238
251643
287567
424426
418536
586723
935548
503344
120037
296177
996980
968526
185971
416437
247061
252172
718248
470809
178745
765063
903811
729734
465560
868658
413982
594679
101835
179693
870400
814360
296043
688768
702735
758874
766936
612404
920930
833110
464661
540238
198644
279899
418897
880169
835829
63510
493441
560559
333883
910621
223912
187443
132247
747928
62008
868974
357506
918924
380498
320149
165109
62341
74026
146771
973271
602592
207302
685544
981457
426866
964837
804829
578366
92825
374652
239523
180286
929501
367835
267912
238634
440385
607983
614485
346849
932076
282592
219142
558465
805295
807387
595750
976754
593651
461034
986631
674780
928576
942654
767963
921400
592812
255183
937331
368068
885470
880858
344913
434064
408830
585801
111851
885686
111355
37937
16831
713511
447352
425845
171149
929951
604628
881607
315382
689274
205268
764239
176367
305569
706031
759076
429090
762653
327478
520311
303009
450060
989855
807759
731591
733360
827565
403438
991917
480292
415549
687763
224518
976619
265646
896345
362136
662113
501870
551229
169175
21907
533982
108541
226464
876842
853153
367899
424335
286210
939398
789184
10813
685273
530831
492990
77273
116898
985182
342062
6114
677433
572603
837944
417790
438834
25924
154993
867578
910154
86450
51039
5535
665599
715971
395991
800557
761851
346186
934407
818999
532203
406799
596048
629338
323311
198180
9867
897115
383978
913029
268781
845724
116024
540203
925061
577723
351423
419373
878882
142856
492703
470675
553169
392416
765443
584953
590147
751530
285209
922973
730958
622766
385182
836677
754570
662093
202578
339535
832028
730337
87691
787543
771023
486450
949734
333310
554014
547281
260760
546845
301518
438421
381986
697991
248504
351855
278371
248819
452708
932396
147015
515278
460113
938248
182685
159516
503378
465385
155271
861255
250706
599935
241611
863942
788856
525237
665286
936171
181989
732052
118207
513673
213594
136053
622617
182911
469879
9569
111459
368358
23327
883527
619850
628435
55031
391192
278254
507145
26444
827395
169745
450110
57556
62152
227052
211848
894092
748027
511836
72164
987073
796952
993337
415011
725867
493309
42183
891762
82547
868744
135494
200004
747926
425485
195044
835294
797025
238260
274899
793534
246748
440814
855860
406697
561859
849170
511922
922320
572463
88472
250540
599134
474004
518960
517834
42209
757987
825408
4913
685906
883728
998905
593617
406083
703022
611860
256539
60900
779574
756463
696656
495089
962086
585726
118645
94012
938694
814127
472035
986002
472709
72286
449787
697165
944450
152178
867318
77814
609576
611666
760922
307668
334833
398024
770760
661781
435851
522288
949298
138072
173143
663004
134379
52117
835918
255112
487767
768810
747966
338548
507649
937027
175091
299748
35211
230884
24561
981616
473856
815382
871708
588424
518406
496044
884538
622536
476399
833392
547665
931828
944494
317231
549035
562064
58534
116958
664952
941535
884254
544488
882514
74806
360593
873685
573979
897467
967139
322456
475266
356607
407213
564149
420645
119350
46009
359565
526417
270479
49737
763975
245668
853236
431954
79837
258771
193056
73542
292480
985416
317399
10319
932969
236132
569223
563095
375678
67298
393849
754564
295324
837851
847540
839617
62151
751974
715758
932728
264492
365655
150768
465628
885006
252584
890181
976674
226197
3318
287582
708303
815344
537826
674501
463852
321890
218904
867388
767063
830832
523564
276402
900340
599718
166048
13025
211968
410689
298882
703495
410694
45564
67506
272894
962922
951802
168514
110522
668002
44876
425142
776927
779077
598816
554090
675389
737659
63495
959763
516457
656020
592993
23069
743801
830070
690663
77044
741339
614382
180757
705311
621586
515367
797490
863878
620878
937080
317501
543252
50664
649239
978486
857399
575543
674091
867526
288644
445777
747136
498828
970808
771682
90324
516676
278554
721570
719502
953174
52540
587830
639246
975417
115936
316517
30623
792770
180022
100469
191689
36493
564419
821730
227332
985542
226782
682362
341318
602709
51797
364312
406205
208100
433452
10618
580313
486414
477189
236033
740224
998181
346139
882822
95781
164128
773864
572052
353011
111071
564647
401413
3299
218973
488756
863164
173677
562225
400911
341756
648922
964929
807231
807843
117240
98243
913619
253447
796520
159345
638532
306604
851025
103753
820662
704670
262519
622078
184221
630897
820774
9406
691068
516627
643272
665889
525705
798155
408790
133163
852909
136784
834411
272574
918887
77704
309236
134879
796880
276508
440516
153443
73657
294452
844036
379893
293680
106964
288712
477959
716258
702866
249468
709523
498266
594675
381
656909
529576
871074
910788
781991
803228
527628
489981
663488
847537
634331
955382
107690
54536
511820
283635
776022
778505
802223
485598
660383
845678
858043
329883
193775
91483
266763
965050
671378
697317
547257
372998
698645
725747
552149
40442
449050
966082
871363
571155
574011
611202
258158
622529
876697
762334
409005
435511
289088
281241
30128
493665
150904
636435
238438
766901
809707
924780
973231
658019
251118
156095
924601
780262
229678
630991
273209
540988
338040
936640
886920
457970
221284
129852
839000
983705
750047
499190
132241
264149
911188
234507
617676
544531
320567
684036
514155
61082
586414
118840
824979
153275
197979
198415
513159
344739
416650
73249
650786
987215
691700
764604
601392
941342
484718
752197
608042
313474
760945
367733
752333
643920
970566
200069
458134
83384
386190
86693
402460
889038
623083
213477
925257
968326
699215
461303
364726
390271
423519
405515
487459
974710
38083
423258
159760
458203
307085
862975
63738
60800
141507
91071
642997
855086
533195
276457
64034
745938
687154
854361
115406
717333
931416
333526
954664
368969
165820
954139
867996
480511
641056
786483
776912
111221
642329
628413
279482
539244
396661
959759
307612
757592
728456
600567
52125
164081
894677
402653
356357
2151
718422
568708
108437
853106
746985
346351
379713
631559
180759
741344
284235
172646
487617
138940
389117
329936
847273
618250
470403
603543
96154
522842
139363
684621
369525
118082
844569
186142
965274
53828
553811
443706
825199
620171
792261
705578
296528
232404
193514
417220
508115
859626
456217
777210
170166
789385
824640
70284
815784
537764
317759
547550
872816
158402
849315
258660
72382
474499
707325
477753
969741
64065
322270
842639
235633
404178
368050
203393
671810
149033
2679
189125
395557
375132
334104
251325
500212
138240
100010
649836
96521
496688
759426
582853
687916
149229
31792
111583
859926
210143
755165
747910
622050
775738
220541
788331
722447
479996
240368
939195
773876
674642
162683
388877
970433
93402
190941
647092
153645
560324
283985
52788
9665
781074
648288
770194
307521
762366
997727
537860
47986
944186
82316
913672
647629
963026
373569
128337
53566
754158
520723
692059
814809
844211
677706
623264
282010
474634
785916
242467
501847
950392
66760
7657
405124
411308
21420
31175
8995
415256
110084
117655
713030
656759
616480
741828
166018
533036
311168
922181
137074
142859
141550
102311
373541
201649
730680
28354
51813
201741
21001
161869
337637
786370
12772
801678
273414
697189
588988
725418
908678
180577
332978
28442
418757
109242
467947
334846
904693
419310
165005
813451
889758
128119
28119
913505
107276
290670
879707
225720
70102
371977
741592
613880
303307
33861
977272
515239
696314
590367
380898
672700
456350
600508
219965
277523
845284
209960
64707
719290
469531
769275
998397
365800
316343
407384
299104
883149
853442
678863
982788
906949
235040
504866
350653
233126
599037
921189
461208
542072
682901
255870
711284
871364
165343
290636
534266
492229
160855
1700
782650
729468
766567
487607
945315
202783
410417
18639
172255
940465
518075
191352
756233
108397
270712
493819
697676
588316
360687
686534
744345
784198
730890
251687
169924
949125
25789
951415
791804
81972
583569
627348
943525
608007
545804
393670
63956
373237
102527
813699
316966
882063
354732
939277
61373
499764
636881
955833
264792
81885
481494
97484
571150
361556
502286
862014
29607
539074
571757
136544
83351
605157
849159
950041
660824
254496
30913
251212
450467
226156
95382
635925
461002
798317
899016
492467
243189
846559
503137
590272
496887
212015
423268
459034
33164
512742
995413
391398
196785
322688
729634
396203
655968
409819
483245
602393
151527
707403
769079
444845
1828
707338
844330
231660
895071
103053
489858
716108
909828
649905
529242
804914
657787
160852
536911
459414
356966
330561
347603
776068
996406
350851
254992
177211
355307
930074
201654
141176
928486
470284
566755
659597
635116
616466
294126
382442
198841
777587
250192
366077
986046
796719
160816
900150
634234
163345
503242
406243
52144
786791
363195
541691
565450
711758
467051
647094
859914
903463
762391
696473
811497
358694
514746
494672
926990
220553
310039
319987
930220
218085
785190
380971
403768
936283
214872
618542
814982
365802
21513
333221
513919
624479
475970
692783
498881
444135
55271
275071
129235
145989
527427
791713
466179
224094
229998
112986
340383
925937
348889
747500
601484
199141
790838
383736
582918
899899
497030
605374
466740
366947
847168
111616
371303
990378
887835
366790
751471
633808
216249
206138
807130
699000
345328
494643
761546
231160
670389
988431
387762
273936
857127
823609
422445
153272
412790
781898
353146
814226
257646
299979
185240
732351
495524
785113
740858
934926
240059
870753
628520
49934
346387
621003
290034
213636
660047
870004
491857
110200
551746
558099
283483
445994
908854
72765
526690
919458
482840
240899
345707
290405
97859
738041
777734
707715
712935
327698
840463
168717
591574
129831
614207
219301
97579
176534
717935
27246
489623
214087
47979
283106
501385
972234
81775
641537
538169
840028
350401
225831
956626
174281
277162
241463
714554
333739
253330
421875
326463
501008
90423
751918
668191
936633
354250
72984
890548
46527
629990
542776
114682
590993
34797
62521
748479
781848
369217
998043
795110
705019
494236
870346
876119
156030
219597
357260
676998
442053
244752
321363
566687
709559
829320
876658
517003
96062
279963
194605
372962
10282
92010
751081
636845
667125
125548
724546
452822
207713
377446
220283
561327
858494
868617
955728
886171
251656
729959
142312
42397
999020
570643
61990
514299
668011
582613
164127
46158
338264
99207
412006
400617
141499
939536
252418
246948
814680
25722
621953
217604
863369
552241
46118
573000
987144
576794
855101
857618
853193
384141
127504
323248
523908
712945
50226
503495
615376
723955
185464
355355
257899
830627
186760
283517
577686
460075
159241
297746
611485
608492
269050
175163
575861
771766
127134
138086
670077
892004
330005
31729
432935
366418
193735
38902
937712
369405
88761
936567
628683
329525
301121
919015
374364
188417
699926
653139
824479
870799
596289
700907
897257
126998
754480
805809
78727
857674
843945
158909
669059
194427
280988
271210
252037
881867
4049
520801
37909
470218
573760
284224
712510
523184
789439
141926
381838
994038
866454
176350
205883
490129
729134
128485
971488
728972
354600
682457
417188
735360
150795
718273
795835
100339
585173
381619
53254
460619
64050
654758
593302
851565
829002
431700
889870
727223
842741
283915
324070
101974
947722
276049
267660
351940
612053
826098
733285
917409
860326
79144
160177
468845
707654
650789
673228
681888
762629
924863
126800
863078
956207
622200
644184
229754
508061
596137
3552
593246
303591
207947
573448
607156
60023
698466
457463
546365
276921
930140
346283
620910
54416
291856
363044
107040
30558
589655
199190
82544
750274
458438
713457
522571
996684
487998
479430
551611
753266
616918
34874
301273
915482
316567
697254
993761
636228
660000
290639
125086
801943
897706
562301
333892
784135
491750
38778
871964
160415
214723
439400
47258
403312
119884
185215
483018
708566
288557
146979
827241
119011
141525
424222
595728
68779
615159
433791
666955
181740
943532
20878
913096
22487
892147
630762
937515
369151
28952
444353
64958
91997
891890
698924
283398
800894
421317
545637
322033
979402
436168
169894
775339
976881
900674
759391
272655
784115
169742
785682
471227
852684
873981
566735
204924
345659
978906
707463
380136
925102
77640
970704
668235
451148
341256
758132
359929
817054
109975
235958
578307
706267
433204
92962
704772
207438
165055
708304
342299
699366
142269
984053
415603
480538
327800
216165
385341
632183
834180
847529
524799
696135
679388
404984
993158
23071
906730
982870
13303
553478
978021
679814
82756
135933
628693
712429
127354
679920
928114
943685
944118
90487
67050
998650
450232
491337
3266
92005
8975
643902
364436
923810
250932
934398
995958
53136
508019
962955
795067
581988
201412
4009
483795
790762
435832
87078
961998
380506
742095
698761
686205
354387
69606
98843
853369
139318
620621
229324
365117
836898
357687
949636
9710
265863
789323
189000
372412
151849
629719
799044
630368
246387
146404
600251
135173
626357
498660
913288
522819
705148
425544
508495
572934
260429
505454
40134
39885
622461
81656
254618
287631
60976
849976
220735
446712
343084
835975
491543
108944
933145
351989
191998
294781
689367
788058
405872
213343
192252
123467
661271
120281
844777
970024
722741
334768
242760
549587
340523
911819
33636
713211
389412
229146
130596
11542
749345
557460
684773
768429
402081
10328
174579
419281
806828
437493
372260
62507
322812
415301
40018
897841
773641
184692
296371
697141
262512
791646
140247
594711
38015
451670
304189
177307
934431
908804
719825
363285
709214
117862
360710
190017
500697
258551
42316
402607
39234
204524
229486
656923
978900
483931
367819
611931
52304
711095
245807
884593
898482
589814
563278
1088
911029
799891
584028
158620
182976
743663
735692
1274
351788
948051
182307
576582
608690
383184
714167
673876
338166
767623
95241
622254
947498
305861
980220
223116
264544
470086
346162
68257
622705
439643
640002
320466
721283
287462
595735
464769
941689
140865
908072
865224
846717
651838
529679
316546
586211
267529
779145
863939
382778
492202
580553
912871
942900
931495
267193
125384
329839
776774
123662
673929
304159
96624
311878
260175
985754
141937
564673
277264
479744
517468
400505
346115
475909
850636
284832
206263
859485
88965
671701
219136
888323
969784
651970
366027
988005
579173
493204
818067
829231
76059
877016
7980
461170
441819
214703
482045
928369
281755
368813
876683
902984
855206
987540
647728
86458
39200
939816
953194
910037
360488
176815
408847
651972
140438
176967
993759
884785
12451
170915
461042
546388
53352
8164
512272
964829
240063
305168
755935
509818
202246
395377
420407
472837
335746
703948
709330
864398
870431
941821
167071
75264
906453
355308
329653
907442
730663
687342
263652
493516
515974
130490
214824
684052
12562
42629
992439
375636
899520
876669
882681
506282
15318
133535
194584
481004
994515
223990
692973
883701
127405
984305
679001
310993
906802
925535
164277
756033
428432
592969
724769
249387
80944
320684
597945
275681
361276
466833
77734
80332
621570
523
422608
764404
966384
473933
533105
807279
585855
65381
901125
877989
575405
600473
61150
330811
457250
261532
600659
906468
242868
613549
138776
749504
901766
240141
629225
305199
363211
804059
39777
709111
421224
258317
258855
472462
301176
195213
47303
713028
852265
6958
193503
434639
599299
899017
859888
962101
67145
716728
854868
752784
84728
628014
825423
733889
402412
35058
758397
374772
867042
23734
490027
222219
472472
285208
933570
640489
929937
157364
620766
932254
488629
43620
965054
346218
41044
824213
480467
173168
836811
80455
174267
401272
727743
840032
160391
882145
90311
808814
941368
113377
498726
607608
985225
891386
520373
447743
884326
80252
506912
263830
231226
638577
674055
842395
8678
802536
436996
270865
497741
218977
376332
458139
660876
166290
761838
197655
222087
455060
554425
81621
242207
198829
183035
47347
217215
852538
872803
489239
322582
496057
856264
483271
988511
553201
135170
735784
520859
903550
102518
76433
324065
778109
567344
637131
771211
211344
476265
808935
558098
202830
192743
494844
96116
185994
161284
900924
888721
651454
720582
375090
659542
271637
715181
836315
999568
281618
293388
379742
442978
882080
223951
900712
15826
986294
549915
490664
38205
397414
898131
546276
231403
150915
149366
18167
229949
203181
370981
894887
657155
262587
357378
850919
475946
204355
405173
762086
965906
274952
525384
301777
461886
163713
673970
178924
404453
846722
905265
769352
789733
792906
597328
548642
790039
587112
882888
114008
178301
167306
838019
3657
568152
617187
178939
389959
71959
968184
271489
515131
157161
118152
442138
211798
378867
750998
703492
53552
300638
438804
808854
512575
801799
619757
130501
494260
196378
573423
9795
790325
940793
350868
365377
25651
269717
284460
392790
467753
560992
654824
83448
556592
986265
730245
346598
588608
588806
764946
775208
288391
572096
118176
117678
912799
497384
664966
800470
385648
98104
561038
360905
61602
653172
336896
168965
849020
134334
818632
82101
324190
27273
298310
686523
714135
575206
734835
128144
94564
927738
441643
404483
965126
745489
515163
558749
538175
334667
644615
218214
876200
477044
464696
665664
879986
112178
972865
104304
919863
579927
37037
790717
405692
743702
190343
131697
597766
955091
964678
819324
913045
146963
253458
527416
162113
579987
8119
949896
269680
904436
549669
402329
272626
835923
970977
933130
474617
667063
130828
29672
628984
913252
964110
913298
392854
969804
80991
474812
169935
576933
136498
236558
554344
271894
485374
7084
932045
550539
929834
841873
531144
249575
526036
262804
13536
181209
207870
173389
644748
932168
950165
825489
868434
888488
444767
443096
842817
293614
751873
216704
22471
136608
856107
668651
911408
587461
419553
503427
327228
884540
830566
225501
652059
246569
605575
302139
823879
864010
779073
168492
395646
480616
501008
680974
343067
657448
750741
204724
966160
4609
827554
282530
422274
128776
113894
100213
234945
991910
942320
612128
625635
959148
441441
758224
105020
405309
553139
471857
927291
995049
996064
485706
142756
293659
283120
906244
764453
565800
627362
895496
534872
141383
90230
609157
965716
747680
241429
162769
162160
911741
922910
367143
604565
317405
727182
55695
875967
18343
629963
828123
770768
586876
991245
252877
225937
158437
243562
626134
636294
726444
915068
30009
277676
857798
516272
951630
583569
516909
227630
424547
861072
748556
269344
430461
244008
914196
90146
306556
578233
375596
244164
440860
519834
721093
257790
12568
861145
919499
597105
835945
53008
53367
676758
856812
151712
209153
717957
101473
56525
135219
561444
989711
679414
723545
403242
612806
85167
111829
630991
664828
895613
295823
746514
938457
837101
540937
743526
920078
598417
613328
100026
986080
540760
39950
220004
982083
389001
126013
786921
454881
12060
796598
532203
18042
876405
319271
477168
277797
763965
938147
207819
416436
220191
174484
531561
855029
594844
719819
600441
85653
151884
423928
355577
412256
813554
383285
337690
96227
517370
226300
830223
410995
817425
562874
827575
423238
826401
184507
847397
913534
297832
898052
937480
374278
422964
962815
284028
744085
870973
271569
906476
31632
121631
619528
278497
163788
702578
549168
796332
440177
639816
11269
38956
669114
921282
694210
785405
40728
985295
21912
838269
522230
802178
145658
946300
563800
597199
467093
497856
414877
748195
803933
526577
973667
251101
179523
205671
390025
967916
470530
75535
662031
171974
768921
449460
872346
836737
646611
394096
457749
583506
487810
376430
471601
25569
340682
177434
620748
287429
808025
656872
549615
43745
146484
978750
765938
994586
566061
296639
928634
767156
382769
871477
740451
903432
377661
269786
52088
278692
380145
881475
443743
696191
558461
785834
837266
994455
767352
480342
610248
174825
553167
302569
828914
678796
389082
472070
506913
71211
55050
933085
1092
6365
759807
916948
4047
386339
850102
186195
66104
7997
464992
183020
297755
654505
490189
452646
821374
731321
490375
560677
296430
313616
525820
567287
117960
723704
941907
400637
390868
459811
728159
342772
273547
864317
641777
885535
799289
778666
711687
980179
222973
58849
498211
318686
476014
605156
631543
298069
825752
245915
969660
826745
611364
307532
319650
208965
481045
304954
679010
944087
769007
798551
122351
451384
795954
133670
390474
292234
417924
465714
217589
609165
867436
411364
154815
812622
169210
541829
378366
924844
339653
534481
679387
743560
927373
4596
489799
111304
871294
351460
430476
254856
841878
709082
376894
311647
855645
317166
221968
929161
960339
103566
371715
852470
315624
563738
745784
956078
447397
66655
497255
669791
612840
819375
153128
821829
979596
648281
482415
769140
132391
267979
492693
235653
143149
525440
652369
178587
872689
573479
68869
683216
523852
989842
202229
198913
653078
713111
312274
47795
67153
910983
108276
395425
241382
443848
516967
212643
755463
63378
77148
239228
544691
669890
774657
772864
621976
561950
112555
391008
562514
770918
866926
117780
359634
856403
388239
717924
333594
286959
710417
608402
813668
349712
454315
540455
760802
327346
932315
67929
936289
330928
797012
43541
912263
372127
740371
240047
582139
622343
982096
670180
74915
521599
491407
658376
870920
923940
241109
590544
706263
952374
330424
539582
374273
342223
362384
556517
929921
625024
141194
826712
756733
399753
184027
87027
514438
243253
791056
810181
121658
629648
814212
388249
629257
258054
314028
804000
547156
443930
422476
623932
310641
557631
642764
159147
328651
17814
73317
956622
440295
45893
306742
816213
998145
703408
558579
527881
696405
862743
541564
587062
978233
562700
834188
188467
929831
806671
376968
778896
674009
18824
984183
621978
681869
617056
542161
697229
284968
985852
181680
880663
701879
309782
439843
360517
399760
360890
709986
178636
226199
10715
52955
610870
875164
800848
813035
542440
593762
519918
507560
693644
593787
860546
275739
26847
825806
662763
2315
864600
420091
826898
427700
690868
217813
197512
251799
105947
171086
219258
5355
212592
905201
542611
861169
68410
756744
69614
376677
240938
522589
389047
729936
859272
709022
761821
75578
932990
204121
623349
848573
620481
747495
572078
632117
600664
388262
837997
11348
886730
405791
512709
462354
80936
879622
547284
27265
508340
556831
565629
452862
174573
573821
780989
68292
832696
3749
718380
138906
51949
971154
618515
553901
659643
920082
847076
64824
431608
1486
523162
762335
840072
145831
879918
142172
702505
656443
824627
983760
64858
340550
231566
349819
793318
790629
443158
647111
229649
275254
35076
969343
787997
655324
231575
571037
615353
80799
840839
792896
691143
219376
825187
160188
512457
830729
95945
768012
282471
951155
810114
886178
464351
462817
759416
38047
626953
447866
910420
183006
883398
497972
664632
909035
9861
92316
230614
171602
850801
797234
135147
44177
974651
504944
725212
152687
731711
331691
482539
369446
985429
690899
622678
793403
746167
99989
292812
383983
66122
107167
49164
224462
123787
832451
677469
67044
802455
900917
283876
821391
580822
625775
260773
99312
622918
756852
462617
181435
503008
18032
98407
217710
622952
234942
723011
320543
995286
831044
694176
717613
237020
972025
905427
881304
918420
217415
669829
82541
365640
530764
25685
611674
65757
177978
114504
133920
154844
934941
428461
809381
121566
212220
706002
499433
391764
365017
629788
55185
174640
559188
609031
286559
554932
317356
435387
203971
199573
704996
48263
660874
605579
467204
763772
161269
135608
783798
684520
589221
53682
114833
910318
934449
341999
389812
420159
503322
946508
74760
148215
158742
485690
515687
644182
142216
18566
153627
794649
634257
20547
280958
154292
362688
62421
589825
471727
90981
688221
755145
473114
41859
714044
262452
266798
782051
698950
637178
649602
225157
555845
383726
434471
469554
861351
571426
728608
232493
987013
547242
608001
73160
832336
526202
781795
362130
308570
491881
357441
615982
713982
246294
874930
53119
356910
470313
855363
32767
531543
272371
203952
354927
207603
146735
212735
438248
372714
114346
169978
573777
377382
593726
863367
438442
204210
697850
50917
843652
101517
51486
782085
383507
614673
583809
252547
484636
523643
201173
102399
794312
511958
469059
726300
845787
150089
887792
606101
630270
29753
300001
926583
178552
181532
47163
204479
519163
664604
135267
576592
335195
392803
29124
787792
206489
81545
807791
385825
440670
54360
640604
712119
126915
910520
847374
291291
701645
447868
982165
21947
831734
168775
318957
411371
833318
567004
667844
331388
640065
822402
667417
673463
778073
255056
851520
394103
42500
398362
198978
102240
29705
710712
89633
952320
27444
463024
616888
845120
961033
522751
26561
553094
402325
462793
586353
191275
861088
198938
226174
865108
721022
772056
279744
724591
435141
985288
356405
84876
672408
623801
435423
862741
785314
119504
335496
791532
803423
778353
202854
229279
317844
127495
975705
211402
296927
420529
817488
153226
119721
113482
610316
320089
695415
262738
266045
70219
633760
871550
370824
449508
787865
296920
735018
561300
455404
106004
709622
851408
971207
577265
908218
595277
487409
304712
885248
317403
589015
541045
221808
983709
17541
943007
204563
959073
610992
20517
737970
642080
216239
423270
86812
661779
196746
538349
758407
632815
934379
119160
443854
374015
158514
340643
124313
17565
758500
843894
133659
500365
859011
473352
452084
794870
248440
45645
404150
788478
351277
514435
521412
117761
504951
781302
401430
47597
19185
125483
785178
989181
981924
628271
393781
553423
400290
756220
930151
268516
610802
723652
119629
207220
51685
766237
606591
900652
27911
117450
688217
566981
875953
293858
894168
689794
295036
271520
54170
359558
452496
479750
395719
747343
666458
258734
27599
136915
922587
672878
854857
889717
230877
953959
856699
920036
100418
688490
764471
804881
179381
578056
123554
242058
598145
220661
324944
551032
943552
909208
114251
434737
912235
78834
197427
752827
660625
55848
134911
684830
934243
304366
545057
621541
479148
952658
206920
816945
667677
122979
247039
790329
976198
53436
197555
14177
927841
789040
471889
380278
67977
694163
814350
264964
520136
428131
703744
895252
614285
331090
448233
903814
808444
424241
595413
801991
304416
969146
462681
625262
521532
982074
543099
850552
30143
83097
147376
378014
657877
954632
698816
446097
177626
856581
315974
613842
706537
326350
741203
768367
961299
21984
435379
187741
853868
875626
87879
287343
478591
231635
469457
983473
642849
795045
574671
575523
451939
891668
683710
660501
261345
920431
367295
488860
463479
279202
755863
13550
225107
141285
394833
122079
254758
503621
553598
297465
377589
974093
555741
891121
491532
952273
194837
413644
870417
235030
979550
961806
894774
483041
145344
634010
580616
981083
64692
926635
619045
902941
158631
726637
445578
575966
161436
528185
1418
110006
92848
666476
370267
290766
590969
279459
667979
892327
871176
449876
309456
817987
283342
627468
451580
184435
48347
77313
133455
840318
738881
519187
270567
988651
277591
316516
313490
248748
961370
34320
508228
976231
480813
361739
613924
393954
229185
319382
797440
752521
970063
697310
278049
122975
539266
500593
500730
545727
98739
509789
39674
372302
703500
323111
856513
682496
171021
372261
686062
410947
38061
868089
711703
139531
340568
670442
699410
258427
174167
14304
731440
770605
848526
145276
82378
53598
439198
396178
372787
786809
50731
160836
597581
601406
824
556028
698167
855695
772013
554693
465892
380311
68859
227526
953991
993879
748374
890973
564586
378511
636449
376084
428318
529605
161640
894659
231757
267957
892486
550274
867563
469397
61159
857800
284747
413315
249640
268261
970446
993165
161051
280408
430902
144733
679974
154446
388952
421695
923978
717112
523952
901648
658626
753479
801871
489670
946882
623047
547887
35286
461534
9813
690343
265926
954892
534654
23033
451855
203586
472630
961929
709358
413945
112626
829417
165447
754516
297890
269519
344502
670105
761038
688168
465780
407581
678924
664709
246947
605695
45852
615795
293815
428682
594144
222058
952896
339262
561082
966043
8791
441641
49028
169708
796645
538030
888103
965824
415883
144615
956696
185199
401649
499175
316725
907733
220719
567896
269816
24518
581457
327875
984405
743455
717066
556335
130486
208632
50361
760288
404881
870965
805008
220032
41698
68988
966311
500060
583562
224321
5532
562181
979460
573308
597028
254487
614976
688316
226291
702166
984606
344213
68484
125747
495432
295797
301509
60143
195692
784277
71394
126167
467605
25547
411821
874541
894821
913723
638439
473191
754673
697710
686638
939152
910905
820603
73858
353229
835202
983073
910581
581691
31506
671351
93423
663987
156551
857530
609819
889903
295445
413958
515826
172550
253530
890272
112738
965971
400928
146608
809946
495796
910766
352396
298741
999086
413899
736751
275712
909486
321424
636488
676010
614890
99305
378607
979207
280998
798696
933874
84545
445523
935301
104398
990299
325906
293622
197561
790883
976022
653031
807388
36916
447463
880343
183966
194149
781890
585039
781724
366418
126237
711615
541684
565509
729737
191734
60929
902720
871345
525373
898337
272105
829631
612817
599665
941778
445150
370108
733466
256868
262682
356751
517829
593193
985891
948798
908970
52211
863536
545880
436102
421739
18303
983841
63723
207353
321211
463821
141873
472845
181751
597084
962058
862473
986199
766925
976115
164555
477711
430656
125447
700442
984258
335467
14062
63404
670156
346680
196338
674513
496219
215162
423410
396288
338872
513867
78255
721980
103716
932867
251075
64803
295197
20823
521010
606483
343104
230155
411225
338937
641032
868565
345347
98936
831988
173456
288283
275762
110279
699481
467707
299701
508905
101962
140771
476677
935083
722513
341573
874754
675688
838572
114684
914230
430471
266371
426653
852605
857052
827425
548006
827089
354990
8913
669396
487857
247635
986641
277840
505774
884920
442421
73865
572178
611965
214427
843485
562733
241789
996103
541424
805181
858347
779675
798688
385785
733591
426036
536335
706618
980688
837411
131423
598663
765156
928006
837052
580731
933315
651459
65554
634197
289154
680416
752672
455580
429499
342274
521572
651309
786129
229377
515702
969379
746641
630564
14257
968801
646324
82942
350667
163582
744641
436964
44166
831822
566031
962441
732287
956745
846312
972025
176484
190363
530250
529390
397699
473095
968455
167442
661053
478968
666764
412562
700953
495462
116094
136283
710581
61921
233856
720884
963351
379070
49169
942712
130785
160411
800659
584174
681955
146704
518822
560135
934987
957299
237171
451827
944823
23368
750021
650400
115435
485508
723793
971728
395934
46524
509142
287509
278767
804911
344287
646508
352693
559852
619814
682868
35635
47457
25619
416137
341995
450306
280929
686274
401865
887378
287266
910147
249408
572305
24985
695551
796530
938243
617925
218701
124169
351256
193725
406630
945123
961085
988918
681977
730858
699518
787106
19051
829185
902934
517811
711982
233434
971861
292157
974269
822756
932588
561146
177841
597794
207896
36903
641347
540887
24297
18571
488863
713437
823918
703255
464737
906326
650687
521641
206446
653049
711527
766763
194546
974
327851
199448
394609
219061
420027
221535
1548
689311
989109
498400
435731
78560
881616
787475
62209
377309
554603
348360
257688
735904
401010
863304
240538
104906
36778
391963
484385
119016
825435
862051
587291
339038
971799
735654
526118
760703
191402
441897
95876
311615
83552
581495
960571
169856
300269
562305
427852
871880
603197
505759
690445
436244
885529
334261
63013
681222
738162
311600
891748
16249
733390
715696
952829
757749
647628
317568
467361
600830
185429
454464
266616
454343
993633
6052
631486
153796
955363
344405
394553
808669
856339
758581
105234
634878
606038
222464
395991
163851
351435
543758
978060
522801
261428
287732
588330
815896
510527
519946
854453
192052
386800
991176
234365
164027
561454
508234
77809
779633
64551
406323
51930
78750
249760
968429
123900
86498
903452
625550
169988
271071
249128
442454
811885
949908
78465
79125
872118
830346
461539
458730
813944
34598
695536
536613
529702
882079
22969
731342
79334
753994
872619
469887
965190
937617
381145
149548
546972
330051
161569
729923
308799
967109
683198
729006
613148
798949
995498
81334
273333
196303
680878
55809
859800
8199
854716
304776
428792
128182
167764
640690
414485
962661
913757
460303
758330
792497
293206
367433
961318
534488
424196
454300
162177
935680
18554
963178
487146
851554
775418
769788
655979
902033
956598
545558
558030
95851
771567
697654
338505
81307
319999
769065
328468
573960
548593
704649
349275
413277
428366
279574
880591
185078
399347
82224
634583
905508
567389
974574
738533
924445
536967
768671
904675
201219
652906
822043
567115
667727
381219
745988
287766
820698
371635
507806
977100
184776
538144
645064
702266
938833
111416
71959
93762
867501
830261
201678
80268
226139
753980
653243
578267
993679
541504
271920
145274
43958
742276
995677
586964
264359
220157
82375
201699
765927
11989
706087
462657
232665
306188
741345
821594
787840
570425
966431
324995
824562
962223
412938
384419
270300
748090
834725
90319
313708
108425
707974
849332
559583
392613
6833
525741
336423
184927
629970
257141
224760
319753
782807
235702
648751
105754
459048
434368
125855
762101
194052
731861
676282
827843
548985
634977
234585
528060
116479
98631
853800
414597
491826
630102
294897
975988
848875
452122
120323
483823
367226
563983
816319
414770
553601
296497
366014
541487
590448
298159
435170
115983
229656
46525
623288
901655
289774
161992
562119
471718
77023
356933
931896
842714
120650
773091
810209
325971
152671
197343
281264
364431
838162
390453
201328
874484
921275
96116
805051
852397
432909
520747
438205
642284
132528
139519
543328
270669
778494
966046
543193
877211
713047
47566
49678
52139
677602
264095
852643
713190
656928
28735
320352
842533
731758
321324
566912
729205
14871
715588
301145
598713
82835
215544
926947
825071
29345
558623
918950
357067
177852
172519
639492
926655
457725
109094
219744
684508
224012
89230
626538
928082
782916
456703
618377
690515
10659
221687
98339
607574
421098
326500
894348
11000
365015
881690
684296
362748
834045
170208
305471
156851
744701
711397
986300
775927
769827
716304
879521
406289
181535
97845
935467
696315
676766
982371
923486
910783
207108
519194
721677
297342
668168
995034
158984
357836
681325
603478
311458
497657
913753
30408
466589
383467
459156
800926
298164
472806
754974
425490
329989
4334
86316
973911
708762
488836
872513
207599
959187
534091
366310
710105
186225
783374
834694
603944
945217
8475
429416
843631
408867
938247
671497
424153
566646
839957
492181
846101
690914
903154
521218
792238
375617
818391
333129
803000
948714
311761
226498
205798
312732
935581
542556
281913
581380
955693
574518
281491
61931
415943
151452
186730
336127
337677
42273
297560
95932
565271
842133
402638
586999
794364
821475
981545
358279
193904
258826
911261
644048
858183
283190
804173
156397
763160
459130
408829
546106
794748
70380
399263
322619
827830
442142
643785
456300
685101
742388
112904
819941
692756
842471
392270
537194
616042
724629
137862
941453
918941
699394
71049
973248
672522
199791
708520
569275
677919
204629
933033
43654
390242
952574
11536
277860
401162
717633
325202
57308
965963
210136
744111
527077
631855
642207
448920
478445
472544
893611
812875
739334
517890
49861
593024
604973
578685
134978
408635
822777
477976
223872
667842
796189
306369
695487
379881
16473
561321
743705
289353
110531
604172
554463
827535
153134
994702
819154
32560
555252
507201
343099
669562
761638
529283
601576
883014
190220
218885
680067
442634
684890
99750
665360
568395
637490
813309
495490
70127
816784
830454
475771
726832
804631
173267
227679
506093
318709
780500
835092
575835
828149
814770
484056
113176
736033
836612
480446
172768
951569
856261
917830
605400
237204
617133
539672
93448
754490
432443
528605
3750
350205
834516
756282
803981
367498
536645
484138
243149
727023
788453
9271
561883
578402
185686
968021
427433
599083
787050
248091
813585
78639
673697
778463
868778
677979
405521
979692
49149
716073
445919
271266
532562
218578
681705
709483
260323
598032
576902
621462
62450
458319
419301
595473
471414
852655
620178
465415
190449
995640
330455
332884
391005
606171
499967
637665
115076
637985
467253
468385
976751
907059
170892
651815
631350
76548
748440
58977
345142
398623
870585
818421
694305
673736
574584
181174
275440
349074
477961
145475
679539
946749
207920
960380
591688
614665
835841
342690
974762
31451
405567
397322
734881
749451
34598
814142
15703
440520
607813
626289
893515
788521
115586
206300
278623
535888
944513
706617
699147
863549
397792
90203
588468
911533
898969
299176
636631
946348
569163
218869
601375
870718
10898
527356
462231
296166
773842
228412
410490
311569
45459
752237
676069
532386
373126
438815
490541
316891
458982
904110
645901
561060
16122
57124
282616
115707
683703
949547
982925
760057
760962
216685
714153
99645
946642
747338
251158
775543
75572
250421
678112
870483
603432
899308
633480
766079
29673
626322
157522
43227
127178
259114
326969
937917
775740
430770
817539
790429
594412
836826
330223
503332
636873
875807
577866
939788
210787
284041
267104
763059
505391
806013
162832
404994
211495
725887
57657
74100
638862
572360
299024
844422
523985
456960
969620
60090
180681
202841
946392
645063
802270
996616
706431
854240
813125
625888
217671
771679
500777
693772
513532
950990
458920
229800
894860
956306
26292
694333
886587
342261
65114
636119
657645
354894
599583
802309
943520
943375
461254
624749
54269
119467
926191
960969
178243
15010
629721
224450
87523
398058
34120
337895
108075
545275
721218
425162
977818
132408
514547
314423
913170
865781
278320
733714
267307
303273
717592
673292
269283
693297
914263
790721
917876
99134
456644
323826
124542
393629
136426
629658
940900
587489
206820
960175
655155
260335
147170
662198
868668
91622
71176
887939
558658
683561
679157
416332
800335
769354
49121
366633
610721
434004
489823
507755
359426
377141
389058
972822
781813
833478
833116
461116
769548
705593
60385
107767
646167
326622
400875
82498
324662
274706
750615
790516
560080
913156
493708
734363
598748
464997
64540
591921
714652
317036
987970
579773
471146
800963
4875
533065
770667
100113
964818
862844
715616
273829
364644
777939
407067
259644
946818
972672
693710
790831
500356
869087
189567
533948
567898
596625
549847
199022
962926
775095
654554
449900
828901
215117
505074
525852
542085
477280
279908
883378
571121
183213
797092
263065
280207
621016
688003
576316
420170
130246
486214
552113
56755
794839
583891
818178
525570
915587
933445
562266
231931
43792
267038
806409
7852
593517
882524
273204
719058
866159
878884
253788
697317
541211
504009
218503
336345
218580
141970
379688
612774
159523
480268
343048
80817
311568
759245
32041
764037
276903
51356
79911
472847
261357
154934
950650
458290
901549
695487
893144
304136
569136
196804
371703
858871
267658
545001
830512
75435
356113
759028
374335
997557
314665
527220
496935
571392
246395
500687
68467
834091
665476
478055
514838
77064
390921
386665
906740
253553
80425
778866
7162
688898
686347
484957
797415
659958
443253
659373
611310
103521
830334
124692
392500
508231
523932
865950
916724
981912
227607
893245
795330
842249
962335
13553
295469
580496
75832
861780
693821
450172
715475
319679
621595
816558
721465
613468
421136
873144
268192
522186
149670
337488
548384
63014
141291
299120
505343
248124
486099
590094
764840
438154
426749
302195
614715
223981
111054
802171
891198
802795
725242
285928
944112
536732
734689
107618
90238
557365
183637
950479
588495
912626
542522
371147
300026
289504
773831
893892
124183
499268
235689
846773
274995
972971
177542
276349
271645
355344
986142
465499
571869
960547
545614
890633
120325
626620
720943
574129
76639
188252
471067
255824
621765
373211
938127
213350
850192
286580
864876
396439
577896
344233
699608
622050
331195
678228
155713
815291
536841
773196
946626
558726
366619
7216
878110
80178
211731
971219
671977
293168
339167
498180
5957
84879
721736
280184
145994
931702
702823
776982
736319
437821
891702
853855
806917
17960
829188
793913
40276
637568
533186
390102
590748
86352
359675
169285
729037
633657
58145
451733
45106
866802
205506
502370
583800
953120
178138
681405
22669
754382
284737
791676
808996
182857
310149
25691
788180
620315
714898
754893
959200
817506
569678
895011
143378
953356
854273
554840
226112
886577
971826
702326
41328
675788
366541
202857
691352
89687
153471
349215
891582
881347
898916
819352
591806
818065
705048
633103
296810
964240
694826
454405
283531
164339
136303
970406
644166
691342
363826
204442
775642
29165
781001
568427
127494
185169
391427
878158
232135
813640
720509
19024
640639
819048
934292
164894
148082
386663
591924
339249
963753
922522
507599
475540
621625
870984
34090
729619
520862
833835
475793
418114
437056
433346
345899
20967
771544
592661
707432
950213
937452
534407
971286
588166
919286
940881
41171
709572
460899
686689
646493
236019
101559
209550
982149
418095
631437
43446
734979
272734
231100
68086
290466
773186
420118
168453
870876
726238
452746
979885
851776
464769
851881
183655
677775
787891
529669
538451
432359
461947
497653
614289
117079
458571
972598
455231
435025
644362
163756
696079
40381
815484
969222
617795
438122
320143
963007
382088
238111
653444
721472
773677
188240
345271
700514
820414
671212
913741
917266
614913
600851
575930
820750
922956
580453
126700
657611
230977
207158
283800
674425
143848
355101
551199
728990
918695
579884
567452
300383
582304
522938
690701
148446
841063
895771
194779
167164
504094
642289
29063
371967
652784
843100
577779
446607
976998
848332
747339
972059
743785
474360
525838
934809
631509
645479
471293
594858
943285
774380
677086
77723
137761
276015
462253
774472
698097
970917
355040
537947
20637
692705
161494
197810
189235
584388
92955
472799
888243
250001
623770
368328
64138
393499
622496
527599
170473
339935
115016
389133
818434
229998
416329
175767
228255
339971
572376
933282
548575
436851
546299
935714
778445
856642
587052
756686
267742
960721
716518
378656
294151
65589
144207
696440
309433
809828
342657
640864
867322
135753
48822
867818
222945
668215
705808
112054
78638
818425
501443
189328
822147
566216
796960
239990
524739
275478
976382
415286
213574
817287
514183
250614
871990
15359
560732
656270
492041
947158
488998
647439
590811
297320
373114
984935
430823
392650
54632
885276
446882
775703
59489
1526
25972
375976
339522
630458
362515
505953
177665
849680
383742
381672
568819
262790
978068
605297
131255
173677
388302
175541
481027
597025
130527
926017
540361
58343
650855
1899
140805
782255
140814
88927
910182
534648
193859
103383
345430
430418
973457
252649
443432
769471
208091
935418
157597
729459
637492
208592
300883
566267
908637
49222
935371
199290
530524
205208
553429
585805
142709
906206
598874
242192
174536
318230
103238
294778
67206
921242
240656
893924
690513
946480
228647
515943
975920
29504
490938
216546
77228
36128
279012
51291
619402
167372
279475
530365
208932
649585
122452
27967
949478
357096
50972
585445
822690
441920
775349
814304
422481
117940
180323
456401
711015
165755
334578
79788
338897
345343
147518
323127
158734
195685
106783
624944
700455
723339
911599
132238
474572
649744
489336
947232
53901
797196
926847
348626
608754
577056
826855
160975
581431
647593
234884
896256
806631
805134
271101
378353
716115
517945
456605
5589
288495
770979
505782
87584
54474
778567
943282
155666
927657
766392
988791
506004
85631
821134
363766
484218
445898
368764
734225
561897
100556
530493
669927
796434
10340
283373
932093
665052
997193
571892
158218
120864
809892
407645
446047
185614
433735
421253
422705
223021
839245
705326
113476
59199
386766
423923
26230
682882
744575
724694
920038
302547
610597
107317
453887
629550
865652
851804
456549
67472
761992
933939
977914
414205
323903
951768
397197
284830
555121
937096
75103
73026
349389
460278
701204
655173
824657
245950
391091
494862
385253
374835
95258
257073
933397
692692
408449
110262
718249
974302
435496
708593
151203
443963
446688
242384
458453
660760
651699
578675
428828
511956
687602
23541
545917
300052
404249
212682
217690
236275
566944
639489
814480
390935
871585
209960
250672
631583
906976
524046
922713
357048
239228
87523
835311
975247
282673
904956
148346
303264
76552
24179
28125
364845
880284
216236
9072
374475
666249
508146
188221
828886
62578
113791
751380
727493
215279
710874
1099
173272
26322
937691
255190
984366
755732
912522
150783
602163
789025
998374
331138
962230
355325
132929
721863
478232
103441
613896
753148
517472
301334
904353
79438
824684
991581
907437
984773
362627
622008
368045
960122
715461
985033
418880
626677
837059
216741
324362
236519
860843
9827
378161
637248
243356
978759
555137
113454
758680
406598
975855
437748
348823
293430
340411
750306
80760
291412
647598
198967
205779
329393
158467
564431
480425
551289
39394
518602
100477
467681
506567
402940
8188
804077
889218
914250
572247
471003
67799
446375
180338
597231
775365
688619
605748
230492
95844
499853
741887
411340
752039
20989
605305
21644
980418
222945
12233
449815
952805
784425
571422
874302
136933
83089
857513
677680
475260
974323
27755
331692
290535
645062
5928
556800
356717
73655
478843
279036
332288
836834
213891
465784
479420
900269
524795
219071
935372
552321
106024
993239
739436
624486
71147
960622
774985
852858
226998
598947
605444
12366
584155
468397
838229
889629
376128
397420
485260
704810
21231
342666
376627
378741
359114
856526
134992
373273
835612
159677
852231
598981
492938
810541
309467
861461
540840
363431
123413
647692
899367
23032
596477
665520
118445
188308
619589
113411
558205
972072
457286
527897
431253
891707
232673
79835
786583
909376
42696
160598
794527
267514
861077
305792
571571
865356
622359
36233
110488
99868
741806
466650
128961
899875
284620
939566
179299
451349
252379
263241
79396
61927
348093
238296
793905
846017
448751
686631
978734
430658
221703
34553
252041
694890
372764
161479
280616
440553
382660
738968
333888
438977
470840
371065
790855
342042
44116
645914
4801
747938
944699
868101
388727
433566
205464
302779
859335
128914
697471
358893
382036
278153
862065
584596
784157
902274
558974
578349
632492
543479
101189
629781
44197
119051
472279
937852
946558
406863
671866
803593
949005
238193
41993
984970
985340
56961
381305
705366
181978
372385
580598
648898
915916
884553
341292
785980
332833
861108
721761
289223
871811
179371
198015
923539
244808
881516
463088
392952
182568
473079
134882
970063
444682
515764
138218
805869
657015
389572
743300
282941
943920
678946
760568
613497
994650
762678
818009
949893
90007
327030
679912
119848
131313
78137
823637
466151
555376
605338
16293
395648
234699
150021
667631
471616
538427
214881
238272
158465
54378
43226
155550
203140
877259
632905
349802
251751
385795
479555
653982
411395
890308
56123
12086
296868
392507
322005
852780
176870
889375
339720
55963
855848
967018
428462
215813
791536
929253
980395
944
347739
891675
615224
355563
162815
550575
302859
463150
75359
999818
644965
896863
147913
592620
804151
931249
516816
943780
328434
530983
180194
588699
35434
418935
918597
669258
200485
779081
628914
546828
124422
516766
662286
97677
98449
354958
630657
368866
526298
740714
553717
261555
270735
820224
168237
61523
654366
852348
583359
12400
381060
744747
369200
208038
461876
192411
596010
28974
184544
34783
213340
665907
966118
846255
352494
429637
95962
530859
777696
94182
636396
419328
724478
732994
275318
262691
315714
948284
644645
107643
387334
508452
417793
657051
11300
854404
568026
987501
435628
200154
154129
377002
355649
11359
759936
315077
273360
168198
392583
626536
131822
406784
52660
792661
515213
285180
261006
606127
227483
71725
755902
584210
422328
909955
366939
188444
367185
692795
898320
570383
352542
834002
989868
883791
74676
915733
535942
216773
417415
275348
781899
828262
723968
339828
281062
383502
845047
684964
952778
167366
936846
853352
134431
763813
61289
161809
707783
994322
868557
974285
354315
462119
46996
206170
133351
405361
123594
532822
881454
854164
145000
437107
119451
431307
507371
689158
163574
890190
535503
83710
458848
614540
919085
64945
773627
717655
401390
461202
259064
902240
727275
648511
240190
765271
618467
986039
897076
842100
543192
587433
667435
792084
919110
863591
311211
484027
399297
525562
798808
943352
288746
953551
611073
313318
845837
114062
847878
568910
484378
311563
995683
583786
717758
662101
39581
606341
634398
389868
78023
412734
49328
533969
716209
612331
90421
777589
881070
119193
883287
936851
417729
55026
573147
23705
225188
697720
397378
576577
989492
942829
470722
495679
576956
431765
259996
743379
861788
706899
526234
106814
878293
145008
61799
414737
381236
298171
186890
176864
539033
150858
430081
486870
126692
861726
158006
566242
891835
570853
38176
750800
832249
270168
672889
513586
648374
541125
290263
807612
815535
119591
407402
59760
390994
938289
51025
610734
166313
88362
835289
866733
877472
38321
348242
937031
572852
141666
908432
616494
622010
495633
628347
73084
367178
659955
91475
710697
593286
862493
916101
979350
470346
543780
604130
4422
98866
619747
329922
259436
642370
640602
703668
184606
453622
213747
2528
37609
829735
576865
360188
222783
154135
17313
834855
907852
146713
174626
843173
485159
188896
172033
760888
718947
212770
387821
804439
381508
68968
866794
457934
16014
469109
435569
43057
92921
581904
417140
429246
810498
499504
805758
456590
532699
17412
8697
378616
297219
301084
929226
58883
636400
130423
435927
223493
984424
722922
378280
821852
941742
709161
377835
443080
546970
714229
104849
570212
800514
963426
754711
417471
738196
708356
187999
581723
875974
773174
396220
81345
568676
821318
436365
124607
374664
590400
154688
780352
497512
345877
784952
846470
885577
89832
556425
941702
367186
244790
548512
309344
399547
123423
117440
921849
862500
31189
925159
370167
749314
110624
459663
879128
418740
236235
611728
908847
373620
548015
585762
882493
724904
616089
905409
572392
514136
958235
927401
34202
343995
899820
296705
996921
998186
555068
224916
294078
567414
309401
311866
616820
248789
407991
996373
504911
756535
588767
345463
463591
516663
120887
396897
280527
669357
62186
583590
165334
976608
219955
419247
769562
708184
833163
922519
478148
868818
736621
774646
623971
559181
685378
375548
577704
436866
377007
91827
588668
154160
159095
93862
515578
718997
281357
263200
395532
88569
295610
922509
41189
77923
694759
156414
318552
986735
572168
953608
379092
26616
887653
20427
801085
14191
308102
744720
952615
124301
525627
271052
106353
540645
617925
291650
45628
443410
444389
345924
797767
589328
830590
514649
648296
666535
757801
823546
26537
122370
148501
482231
894397
372702
984153
939831
6046
603870
640984
193308
95236
168443
285840
256389
115715
306456
442943
268205
658242
742771
570802
231280
18707
855096
155243
95406
413492
17072
255214
219528
911457
482134
141032
241352
694036
333066
159869
477917
602331
458527
793645
93379
454163
88271
927009
491649
357254
429582
601880
729676
490207
963515
593065
234633
601734
977779
115764
968944
789980
342144
984937
383436
675860
503727
725428
281055
847532
931263
784772
831010
555847
720757
233911
543913
339497
195853
552548
952485
658382
430411
145924
417988
458535
623023
258301
681075
2482
955654
453645
857091
952629
848093
190287
746793
582358
812625
472301
790879
769114
971330
929763
708585
444280
939686
843883
728114
273177
142649
561995
141397
268143
701010
69751
564663
981999
333521
941028
67729
662444
582901
655978
233227
496978
305418
716884
119364
941243
846143
348296
424366
213041
556374
992141
733335
255873
473012
807166
659330
730296
400472
32906
270835
315261
761320
532837
456138
656458
416231
324047
202439
899529
701508
638655
882988
465543
744907
862188
955968
396119
628158
949367
220463
387974
299135
772728
302991
712566
377060
552739
90109
562265
157293
215319
794470
392972
471505
798339
761186
756621
594740
434613
126074
586331
812086
513728
15370
247017
668453
561354
71298
207230
370898
838896
92550
605164
868225
681046
590325
768106
755578
850126
162695
680144
213116
266147
61136
685423
589457
147716
67937
306059
796861
777672
691086
63607
399888
222370
149705
221003
869211
494626
635757
659843
325503
667045
463383
365815
128225
843099
972207
826739
563833
477555
418885
838066
741642
194277
284245
155452
284460
447515
986797
940953
617477
660861
243814
357808
299606
513624
422221
569985
733745
47402
619302
594236
976009
427660
787782
211196
713570
918972
596831
6051
387815
106822
584025
971154
953882
627343
633883
921093
930597
659198
724584
309386
922576
583880
577510
117468
226316
912662
315643
575200
702572
28308
516304
322363
933043
881944
966519
397454
679944
273965
445417
87695
646022
761148
383336
404613
405552
174742
258819
529952
503490
99232
511992
813426
16162
466780
472755
435406
279797
198352
710261
563388
179982
821717
387600
84373
170946
315901
484430
816833
556759
859554
499378
643083
864475
940679
8470
68254
428432
579630
267699
585823
675013
60470
567679
854054
464704
328173
959537
775321
647703
66554
390752
599079
118622
847328
961545
760991
964602
301040
890672
841706
477140
996942
852893
781547
825257
870045
452871
327474
270911
114314
221903
658711
544050
183794
13795
418873
33517
802353
199427
333267
314804
459336
456224
566135
569693
937834
823328
903723
751455
756131
199423
251485
774402
739622
996367
491715
173814
799089
915616
623443
976960
666527
103930
514396
967119
805514
164615
205376
280685
237146
605774
52558
487441
759791
473434
576576
875217
441895
663289
308366
78772
273868
469216
311276
74277
851101
463532
252519
96004
556471
786627
278808
908887
487328
764761
307266
623134
858800
348366
21582
230212
467165
551285
942752
442289
685473
696752
350421
342268
277898
777015
389980
508798
421534
884471
253550
853634
198120
812951
139307
355800
221859
471445
112594
426761
375170
879439
380125
678052
848986
618526
336695
153655
716845
829981
280987
123034
432980
96711
824714
42917
843848
9982
297384
158209
470093
433896
329780
625756
242683
744244
297698
304630
273002
444539
220631
793369
809017
316225
674433
150949
546427
31002
494672
45449
760639
706537
823060
194062
684667
259076
217204
128845
681813
953971
632904
130049
679053
189208
108500
395895
564041
744936
199970
963938
80318
625815
114235
784907
1273
595730
231169
912677
942536
130918
561452
690366
114887
719998
642143
358418
637578
706953
417318
238970
63908
588026
944335
678081
780818
180713
532642
939607
414087
839319
981758
981279
876373
952974
926289
945443
612341
214567
171315
771495
603251
234214
31328
777499
3193
107583
330064
34666
90742
609788
799093
421743
496362
171190
502032
132807
217041
709696
321392
638785
368105
639012
110345
496114
909346
244357
590061
30758
221474
542627
446825
354801
383793
304381
905343
318947
935240
819345
924347
330713
521969
366335
779636
699504
818074
743308
70241
625301
90812
453890
614997
303992
878115
887988
322584
206175
267609
806686
470948
612311
877491
166635
940409
12421
730167
591313
792349
435162
928296
447256
132404
991012
575857
58168
414007
631170
544298
550559
643412
605424
125577
944337
996770
103552
470632
531306
156031
49194
273838
882367
520009
517754
667421
676515
950261
966951
152632
479749
382095
543108
923919
32566
248782
58960
770216
842569
670227
902504
124940
340692
209470
576092
601515
253586
823469
250014
494188
311018
749715
732374
968469
227211
494896
169939
136084
28846
860082
551069
704168
419965
359208
878374
912751
722194
49439
930910
417484
732312
707995
561894
931636
550286
765491
269084
716886
218794
220298
956885
798693
951194
74598
426281
424323
625829
440942
475047
821707
836784
873924
110121
918331
296989
238269
1859
58301
565006
117433
707157
379024
151303
484708
316416
322967
198194
105608
324341
861438
712635
580492
120041
546309
837403
80844
593893
405291
955699
468566
994745
126135
589902
870911
155216
111845
718537
607073
476895
175980
960911
374578
999928
518056
589692
685313
728123
209513
383587
279567
574315
863832
514539
213191
367518
84992
834388
725723
696654
921600
254295
725437
732878
784716
996716
644919
469014
884955
257829
905448
596351
760177
700792
397340
391178
854665
904026
561222
248602
442334
392070
143644
282754
700182
295132
848719
121401
691916
983719
852902
937578
710904
302199
148598
173480
219837
609965
140224
625535
953808
680533
965095
476390
719424
920877
4108
478224
681061
716868
609416
506593
472361
340990
392901
472190
594862
102900
455674
609853
59419
503160
50497
946748
517830
725622
927702
933325
428735
156342
261422
397263
958583
577533
52273
840472
725004
353619
110358
20110
666354
43232
676954
433877
964031
47280
489565
754914
98771
964054
850009
87470
683553
953452
876863
373063
848415
98552
133744
149440
820358
214378
744725
59913
923782
498177
449499
947993
784010
172878
887886
122759
437923
434705
291217
709625
228883
434495
40055
219955
625273
82725
99586
744145
864340
419366
417974
65552
522997
564320
836888
513862
972038
851501
701640
166258
530736
489350
245752
115054
909486
102913
642888
590273
250412
932155
62720
10321
933531
482512
264361
241781
381844
572615
269768
854953
124966
276427
859704
611866
638590
5844
95459
108770
15090
321829
576861
537742
852970
69614
247453
379866
47723
539921
965400
282302
65921
921665
248251
61793
274761
461703
201477
475820
792088
305311
866368
814778
373515
357439
359002
368235
460524
669879
48484
176280
809406
272179
458406
503136
289318
772702
712412
309345
520886
68193
277458
153923
238166
897161
288471
980462
429009
578951
72609
324763
829818
290064
234109
250440
901881
933605
315504
42821
109109
339949
461168
433900
230623
296254
154808
93358
829081
995258
524684
335879
824898
374358
423689
334291
91488
126262
734760
998459
370856
424500
511247
330056
778092
170240
136083
952152
545442
899233
654607
541613
175564
479642
275802
128419
828041
578791
657255
97786
194808
381223
355902
366097
844549
654355
242387
306036
136529
92012
405248
379852
998594
765235
787492
263093
63844
283922
706967
627757
261690
869144
314761
596647
747430
506338
582902
798975
111472
18709
401479
142153
735350
641287
653065
370754
38321
804029
277122
156136
631711
550415
642677
335205
243282
785960
415604
625255
288533
775786
652637
247371
418678
381550
844338
493239
232437
420841
179545
713159
78023
278698
398252
431710
196551
261823
678206
697567
425978
684216
403436
509300
363133
683971
605211
963723
837710
128054
370259
716833
465203
822188
307191
759862
437002
726214
686368
612256
657262
567443
547926
397820
465923
346506
163626
261247
725855
328756
341811
397866
611285
202150
981603
885660
639455
452780
306245
357249
617895
245314
38869
212905
516978
423868
420027
46899
141610
649157
56486
104104
764742
848004
388418
39140
764632
153498
34133
477806
303603
110088
604475
857961
640182
369262
571644
322724
152378
525294
138119
150092
968148
655279
429774
889857
334791
762813
865725
19909
950793
198990
57815
410449
553264
33760
572848
330242
402937
475965
249025
841072
440949
171616
639595
829855
763281
724338
690763
970703
470336
406637
628470
747054
413127
638562
502033
629934
645604
610389
18576
667185
324060
195078
258249
335903
163680
883979
103220
802522
209691
57240
384769
820105
657307
996577
629718
799377
680985
249430
2212
886690
365094
630221
713189
480941
189941
604734
267444
223603
988927
397735
17224
47673
563542
26640
217230
451096
142986
591273
137827
473713
470770
561615
203755
640573
806168
7661
258513
270018
111171
585727
128347
285857
386017
695986
660264
415564
32657
487976
112265
515350
20171
755671
824762
914787
259821
753553
827772
176510
637282
419294
891984
594121
520305
552837
659025
546319
794912
445802
352751
835126
355842
356625
378756
991504
136420
522881
673748
274448
485904
423747
244006
183769
242428
200522
48121
705138
254802
505388
26213
615958
379741
150734
122512
709609
601101
402527
509449
598852
473127
429307
801668
812977
190348
209007
651634
956594
379363
647964
952381
204348
365478
742644
423325
512257
810374
871202
101978
59179
85500
149446
546142
38116
640557
276766
3190
626514
873785
837632
927397
691168
980321
706243
979173
23032
784274
896318
119419
820621
361874
5160
591861
860692
264390
957854
435459
663186
664477
379524
164656
419344
10269
322435
909243
140396
553672
382320
165718
504010
924074
286988
265914
713959
294850
587176
959781
576014
879499
308769
767537
119715
903206
319817
360018
393244
722277
938982
134188
40784
606518
646356
929487
29287
646762
600325
943952
477234
241953
18089
484485
135828
993620
801513
883804
870749
758591
603852
982680
968695
999913
251005
586602
113849
217873
246436
799272
8409
956599
595824
356140
641150
385284
432758
664524
977908
447062
744435
57393
154361
900908
474029
59542
908468
36011
420664
64799
145413
672011
864597
898835
192503
565473
363125
68664
103762
502729
24091
234698
693390
675439
264863
440343
392866
207226
307918
67706
709881
464407
373103
551474
752902
746269
752161
623262
432430
980002
596192
994647
434980
995802
619302
931626
950611
874406
305518
618544
397684
840577
325971
142092
837119
66562
187479
454593
197310
610126
377472
946734
97340
408030
291357
757670
839581
854697
375463
367216
882631
588974
29442
832280
253054
122912
488419
133104
568718
924333
407179
942182
382241
737005
757425
905283
562096
737252
494653
190590
730646
957940
899569
145339
912640
440546
311586
503395
386625
835650
814308
388960
44546
723842
467845
969717
327447
175377
417903
408505
948908
428586
257713
546286
726814
555521
515415
802626
534758
477576
963253
865889
527280
618782
112259
876021
927690
361557
601378
175035
745080
912734
396157
9987
520484
202195
529419
124420
474098
436961
396272
334489
733554
828048
664707
698652
528559
69553
565675
95326
355940
359971
762466
947456
439438
894913
530395
717425
348957
952044
202240
465412
462404
450672
218324
164524
543471
446421
100920
783896
45076
728837
734089
29285
512291
112661
169254
950724
205335
396401
628431
279530
44334
727657
775593
780141
182005
570450
937502
567234
428093
188634
362913
619792
653482
211884
642127
724912
663849
342524
436977
580868
652865
535535
654622
849265
206339
252906
214269
637178
394716
80758
132777
760378
969225
486669
722669
402174
900649
727428
814446
743357
891886
782164
658024
46196
346733
640454
110224
348770
429014
306171
610841
308125
305213
557589
94099
170128
561302
277446
67181
905042
19136
494771
12315
951459
523384
704964
629523
2053
276142
728651
12145
40629
547828
873550
470394
907908
703763
490162
323325
360855
354104
75782
666133
511095
110604
334570
584204
798294
719201
575195
330010
850655
808072
518492
404043
665400
179839
227713
130366
209623
102919
305371
344713
419454
741716
603003
160570
498516
344926
250981
27513
444130
598421
745555
825865
105639
99953
72802
507693
695832
513447
712733
203815
22647
117175
889701
155803
897166
223394
985210
731283
446792
51002
524328
812188
715373
409105
516432
149069
984696
966675
599506
579175
78103
187504
558228
278552
155327
266097
347250
854490
786537
261292
156034
340536
65452
589971
383170
949553
480248
513190
669792
260085
145132
673225
794214
939916
882453
44208
583553
169494
291268
130230
517036
996653
270027
137165
806974
825382
288403
719504
557132
416311
461085
828277
893052
416498
376019
632862
692007
4272
586506
789198
850666
375177
23127
792056
71626
198463
806667
262643
282113
434362
543308
342027
595113
429742
902545
541425
595140
555416
463545
480018
804774
416360
261449
92037
927935
326009
221185
863517
171145
878331
131609
977054
359626
679026
197597
131725
884422
376663
751202
765280
581253
488156
683236
658325
426940
181325
406909
13343
770523
545362
604228
31994
913715
610257
264384
841632
257857
645680
900936
692692
119387
145848
991416
782107
500213
54165
387474
166410
423760
682362
626478
863227
670849
973089
292127
843225
539098
310384
667108
671515
972215
940215
581896
835598
33574
854742
611479
978122
205108
137084
986813
428486
636176
394506
640316
52872
240351
923925
951753
795509
322715
829002
637380
469318
557288
49389
971539
821915
638069
623610
667802
995818
662667
640236
35032
248656
253366
500443
672865
601608
715468
3776
508084
128505
886110
581013
600504
851945
581243
735703
503448
849424
797915
784493
173431
650759
725359
277347
962258
785439
331651
862863
340465
163406
108812
336084
438922
822917
317908
514052
553714
497629
11839
866529
180352
810927
905465
420604
764160
139714
491518
48831
906769
291615
248837
891462
978076
66497
477258
88487
290865
590697
99766
150418
702400
221261
250286
215700
593072
494512
901749
711990
103583
477325
665087
682242
196407
511597
496339
519717
173737
936600
854107
197808
719497
669416
736459
911417
691718
482105
43372
300254
702276
811964
740164
211817
677592
320747
712932
888527
457439
795991
986190
174419
137723
84252
150976
159048
477740
765431
433889
510003
511623
967278
207303
560142
182101
555437
534051
276777
157514
783857
50058
154412
636447
538589
161632
921911
275855
821418
160355
46890
726444
766332
244753
581440
455579
187663
758903
49686
488306
704912
924696
925514
564268
110472
916790
464959
586631
459763
975552
652348
519163
488559
693783
915316
409302
340560
70335
981344
323000
326032
208991
959176
366249
980644
48116
402594
875026
458793
823192
875665
90719
779133
861867
662990
42862
650859
461979
706212
577908
281790
376086
515349
663213
654454
272265
24602
954173
111065
487315
530696
647400
199264
197579
503950
340779
794194
510186
106651
514741
184559
116887
496988
284805
573570
167758
636259
214945
238426
996716
49507
96112
880018
799129
783256
420661
516811
3730
750340
381928
331643
289937
313299
752178
919519
101916
166688
268294
640716
604583
871888
870295
996963
371879
694428
733881
668643
711413
981037
990680
362521
213594
121504
957327
567026
346749
9257
47654
295665
523302
490707
421739
410555
388270
841125
558251
12559
754950
512033
430221
192212
838624
636774
262284
939915
445181
211829
9871
213476
601044
519248
721959
918892
129820
514942
304420
656995
780150
756332
145364
342700
798330
441325
327705
927389
88925
142050
534886
301878
695804
167733
30678
827759
579463
651135
339817
935402
193293
266
77083
858568
51231
741040
586979
226008
143972
923426
597765
101929
761401
408133
179092
42048
786242
498870
149768
303717
544786
830318
868407
610072
324147
284097
357300
643681
290578
531265
956033
70725
960010
216575
691057
567188
788683
497265
105887
330592
563367
975471
378181
82312
327353
642136
18298
304946
347826
626449
823306
543511
261377
438253
600179
5879
683486
890665
225466
321774
2164
684686
451816
899551
772329
743865
905253
785676
385547
307767
209199
115272
853272
581962
347703
653763
501098
954057
43160
47237
968445
709987
851957
366902
983454
620228
286381
273305
131570
924624
807486
793625
724577
689804
344243
884156
666141
564508
943755
845300
680339
863783
568104
630036
742252
499222
895536
478944
684672
262780
304772
744381
832792
39888
96539
799239
860254
839893
692474
606273
574307
58330
777874
573671
513933
757789
554038
949600
720027
589707
828983
370192
93719
498979
314014
422025
343703
791032
687109
935585
607535
566549
251858
740382
27702
349114
804369
767950
121779
642245
780525
427252
455973
67756
712779
626716
513452
404071
456004
244496
637079
923307
277308
335075
97291
50832
85411
925610
420940
251540
600200
956939
187115
294136
962069
928557
680268
796680
679275
220111
968339
990712
960155
882356
574571
196266
34429
518652
228723
332876
821297
333839
681989
415
800624
710834
544547
141586
111117
497979
86720
530892
691470
281057
814313
478345
5217
539053
838478
572956
675645
18893
36529
443794
83286
623943
522666
92023
13500
650699
164244
80434
909713
827361
551704
643915
755685
145409
671188
235086
875568
351489
391591
705415
59115
203561
583771
820716
294731
232802
123632
581210
414939
524237
594817
11192
120757
171569
822549
962744
832860
646028
177541
740412
192185
243722
601349
159317
435889
781587
343120
244006
402271
229631
215860
197671
768627
419109
981815
545861
989286
47505
674341
544743
260825
501459
184759
463948
713545
495028
464866
49360
323697
983428
325369
480718
190589
342927
134527
602206
627174
208238
621005
847551
733742
463417
468636
42960
125626
915418
519152
597945
997127
323005
378658
772007
467722
66915
606280
644212
242344
306582
428994
800676
697615
103479
362084
724299
725743
341747
336315
796621
820825
384916
121534
875902
415154
255028
754003
505703
946387
308812
304890
626794
497857
674922
881434
478141
602436
27009
897638
745362
418918
26202
639596
203415
951114
376233
631994
604953
570150
433850
983213
911556
243230
281674
949975
921477
239870
923634
795212
74960
306260
297726
48970
832509
485160
529436
461570
953805
6489
319664
979591
787979
781334
841541
970322
525838
167925
57757
326447
956315
927155
291049
181320
370151
124297
557652
76620
984249
900583
214969
195196
260782
769424
590454
5906
665111
523217
993752
4622
584765
466143
169269
425054
869956
841804
186201
683689
85933
755366
493720
455032
673973
92844
222083
332417
153499
331886
791349
898962
343871
935040
220237
151319
416870
514778
401782
928712
251866
229711
353121
525169
169710
955816
605716
409311
579743
523933
83804
820004
367766
800559
959006
181512
225227
231781
508748
259084
116995
630432
364147
51547
531257
224541
293360
408336
102427
426823
874819
349662
294123
750519
34363
719136
859910
654601
467985
687614
412674
219868
8465
636920
358640
7845
129907
521042
819393
884528
399560
8669
217668
305589
444560
950621
461581
656211
93928
583836
666546
697132
235232
387594
626415
346524
581483
516815
691433
970774
837232
851439
154191
365789
127421
899929
136285
207005
225051
271308
791162
105380
470076
783591
41474
576576
978577
684555
117662
207221
628472
444462
404494
874459
739859
496511
245064
390354
32372
763953
641082
806691
52532
481319
233452
342965
478307
805242
611457
475369
844313
853994
258972
815506
516843
517790
856032
727380
911545
57305
74639
3480
933797
358396
805716
810985
874078
642610
64476
155118
471130
256379
144094
897092
508962
323609
305468
577016
659399
720913
102337
830750
796594
422878
832906
819024
687193
193976
126850
509318
768974
428603
862470
538639
693233
764024
890087
638954
343558
873557
77517
333187
883361
615265
266360
420493
136446
585848
58338
930040
807341
11279
998913
956496
854506
751453
761129
518130
462795
225255
297357
327851
665106
321638
816869
998382
76706
847574
668588
676146
863823
414302
759937
26854
703438
803351
887469
69522
628235
805114
216324
774603
185946
359531
906340
177234
916165
517980
962331
742091
206084
159327
614181
766165
88650
311116
735378
228682
448316
236939
757638
812692
711484
187839
878874
272810
148388
612624
891105
910694
350159
612946
29637
876933
95185
846551
231119
721466
963078
402766
78469
340719
815176
734486
896109
278553
920058
548003
407408
194870
879489
322699
536090
794022
40595
215342
94462
685668
760103
792960
431670
383007
999500
713525
763848
445625
195030
338567
180837
431067
72307
386663
478923
408051
974363
487102
53962
155147
102054
728158
694691
346311
915191
144394
939531
534203
542422
55710
867408
118950
799580
988700
790035
373391
977351
921941
159667
440507
378413
49329
952011
208584
192014
58011
154129
656042
643906
259979
234015
401727
731025
115889
224078
661200
727457
485755
862654
874470
739530
575427
159667
347015
685958
61464
658330
496396
928836
481128
474089
694176
26331
796615
200676
878743
487643
571742
142395
32936
498240
902451
679633
694665
416128
11408
794263
760485
587396
404371
166231
241341
786803
823250
153677
378904
451113
606440
562927
418024
578566
275360
8270
679227
66787
47741
86612
755034
418784
518820
813485
491650
152537
231079
314563
767292
124663
305903
329441
767323
495586
552069
226745
364370
808660
653437
19393
727727
140937
240447
330935
580024
701267
969587
151366
506401
775625
626697
247489
751335
321247
578658
685388
388363
435793
116702
299162
969518
98938
931459
63248
104838
810817
347974
286856
860794
194162
421114
699891
828320
813931
796050
80406
190352
420333
914516
911093
313701
152274
177565
862989
584144
334302
16459
195962
129240
223341
86794
471801
128050
4684
947646
818696
523064
135332
589450
152298
363465
559121
138747
973702
926782
937426
672981
188655
228548
543449
141048
509311
690203
521025
871341
67100
487146
865823
930835
295196
963708
61168
897568
894021
710683
987442
6614
871213
195015
936784
235845
689600
933907
600693
926774
339488
601949
766658
481147
947815
848104
873306
473297
947976
39896
419802
319983
934035
179913
755430
411758
188567
476812
251551
425172
953825
225790
25904
938494
587555
525575
492104
760938
866480
763948
586274
121566
210148
726034
383103
135289
649441
48464
940918
763668
123764
463855
420130
152085
394069
218113
8249
481488
901005
195419
116028
977561
801650
344112
95114
748010
549710
349643
346064
161837
880478
933544
251227
128488
445622
122608
3086
12291
774594
972944
681327
311926
880359
647861
979867
959315
206663
630565
873818
847725
213987
926205
464973
605348
344476
968323
273796
182350
421970
39335
182956
954820
444717
489883
429029
317830
711482
663756
11058
592844
162029
280059
728138
857258
740229
170237
645387
806366
765389
872395
299406
890682
364734
821959
982869
735208
507202
345036
596129
742943
950163
484080
958241
925729
96514
680793
410372
894766
208916
482808
812208
714825
830918
271591
454219
237988
894194
945947
672054
595306
607306
195846
826585
207657
275136
467084
532761
736859
19464
91871
298598
333903
507829
816249
992370
285561
728512
894965
165500
615954
616040
658955
246218
729261
716275
94054
696629
140632
517650
476452
255774
26155
172386
853545
443967
646256
608207
338592
761948
910703
84179
495888
425751
190868
905372
205910
62947
678719
659020
920005
811857
512872
531418
599191
565638
464237
575254
631502
744078
32954
279177
235819
372169
477268
751034
941450
686979
993218
517773
769944
110498
925400
924359
498162
151160
60961
778860
303004
687992
949288
761353
678363
297798
43555
998094
310384
295527
829757
322515
20785
492248
702719
626747
993413
939386
834778
714358
368571
791914
700947
996768
224968
251823
94347
309767
531483
653517
663146
45578
199583
407542
472552
328604
477324
44192
218360
144296
335978
690418
877713
536463
210980
861656
431385
397132
527557
588534
823600
932537
982737
227832
106135
598635
623682
256200
69372
59959
625950
609817
916067
168152
202993
576480
15602
415657
122413
89507
605081
904652
197274
621609
568220
361837
472315
899729
740798
137505
119167
77887
869260
508648
496096
53809
882307
691921
494556
800816
569567
749181
687822
210977
380865
903675
965609
351931
261307
432979
126608
839955
340795
178206
401236
480019
278483
132242
654922
112713
905633
168476
142024
543643
297760
569766
410045
752153
369993
989880
662314
619115
847463
132922
693441
925353
438774
246935
7256
544713
475831
635902
717578
257715
506707
844930
501930
91121
246953
323618
429797
514498
940726
457442
465715
230925
164384
20696
609081
952371
657183
809475
729471
447613
190344
194580
507337
588469
814520
538513
77844
279824
126937
447439
908015
654216
607828
539165
244851
161800
563795
809408
443104
388929
870513
749720
700501
610394
904193
838625
855979
565700
86456
507285
126127
662955
740664
848367
648123
920520
769082
668875
330928
939219
293014
291049
592914
503254
219442
216145
601344
124829
260165
897616
256462
285386
473351
928224
960513
7813
160503
264998
217510
294032
414280
63060
953487
547256
867945
942191
129515
788327
121904
447339
599105
913623
506530
929906
350217
695649
450977
188035
696615
580659
394738
87799
880453
695136
275242
729055
83339
37458
820597
505610
64446
549403
429699
938275
362930
661928
794384
687862
732781
378710
426126
99731
604250
283807
806448
126795
497319
460909
962197
371287
849852
685903
591888
871577
479639
960969
149264
38458
949704
712005
294833
909682
231046
813288
872350
115046
310573
268032
706528
554795
968789
214425
38664
865512
563920
49263
774133
228762
432703
214077
698691
872690
606033
557364
322384
442393
187162
932999
876
160147
128716
160035
519324
238913
232468
890108
97291
828288
265619
51331
349582
525616
791607
434356
794258
370767
183542
966219
876325
457923
971815
487830
957661
917558
428925
171814
21289
579611
574496
308703
124338
245776
139561
52719
202029
702940
510842
502427
620928
478231
261496
795765
362510
331625
165223
498026
574369
937130
783136
998455
628083
774185
131569
855164
976793
600265
254929
699561
333901
89029
296190
202773
226774
466835
202293
350701
276054
666534
837390
394825
479152
785230
547953
779866
161171
82875
381816
703424
545448
699295
784035
697592
611860
796977
941810
904627
788010
493261
420707
46337
878768
574328
357064
884844
410764
447810
892484
14882
47308
770372
808610
230410
368463
641289
971473
703351
242130
812681
520576
547386
161243
272913
421330
712529
414652
11454
123646
238846
725124
562087
706375
83699
589704
641051
38034
845161
569865
120639
317673
70096
614786
43674
785931
512353
148369
105772
956653
369359
772863
416760
919698
415644
932590
100259
914434
908231
290462
321141
794730
976546
294491
808060
915983
120450
509447
686223
993456
962705
644544
578800
393912
763517
534253
914059
642013
781715
126762
195931
248600
380518
733453
572204
174465
115433
510293
895355
59590
933789
838959
434105
557767
892323
921572
962222
24530
258803
744098
153211
359926
709284
934456
415174
10541
591041
405500
401452
323940
706575
272570
772647
8897
377393
534728
115810
803174
921028
283195
502514
465239
311330
242735
165036
896389
224017
227107
829537
860745
287436
19393
749176
44396
501867
273338
788262
869986
430705
586320
524620
733400
782706
253229
738732
628835
145759
883057
864009
689303
632688
22089
145563
446713
997740
291770
17068
733836
709720
618814
783634
768327
555066
36485
670665
265384
783816
998236
158700
339490
364210
139883
347536
372146
49289
871448
281342
872720
514954
141578
313802
523712
289099
903752
71508
391879
340097
501567
237339
572923
386924
422306
684537
379444
304800
850860
707455
112671
692080
786561
571309
827377
867448
897906
968654
784823
508167
763552
23982
349644
650663
350135
792761
185381
888651
752860
732658
200070
348437
783394
64780
714775
413761
83509
611433
863057
783217
811097
801644
797587
758357
550989
570813
715793
837046
300233
389785
909675
953120
765031
48402
956188
158890
544798
602026
725577
468771
137064
623880
745273
520603
459014
338645
806564
529035
861786
267830
131812
644002
720945
227686
786376
566829
334307
886190
665736
573217
431699
554884
860178
73544
740114
690238
880899
28742
218464
632177
162417
234311
627410
639211
169125
967432
637711
915656
12582
38782
435572
989045
699376
157862
246808
158911
38404
46826
338153
473303
660505
486189
920053
610276
437360
82932
333509
66437
200901
672304
77988
508642
245345
355308
769213
559533
110284
943119
815842
434235
885024
747599
137577
672505
33530
808691
172529
438284
412233
403906
820546
723017
143880
464269
960018
677198
663688
483158
771684
102075
525030
254364
330187
230480
323805
77828
570637
511269
186868
260965
499235
723584
512792
863984
724892
921750
408452
17787
439520
393313
399644
136808
192722
962202
413082
161718
649359
296724
178463
837220
906452
870709
458027
570173
329788
855057
447464
987845
897958
850468
768097
983486
982709
494444
468112
137879
229617
596897
899924
770674
583242
953298
929409
241873
919357
54814
106450
137564
483792
805259
556665
612369
504311
630342
947735
114952
690841
708791
341704
719010
159596
207232
162517
546958
217852
609299
612941
750199
475211
29741
36333
470093
726099
294387
48060
19695
101735
557479
527668
241266
229303
480519
972954
129809
679986
394946
969711
832241
276422
611096
163711
100879
380483
668109
899222
611272
805213
248713
957906
434564
542544
710735
886932
142528
646558
139800
670416
487479
511476
164492
482948
653101
240747
585372
370886
552088
993962
848766
127541
21291
619112
75334
682897
12672
310479
569758
138215
958689
74748
75362
577253
89394
868963
575194
256844
354559
888336
235029
658051
8094
561928
387166
438407
171393
419470
665822
911872
460698
923137
796174
106927
374251
801506
104726
274628
481257
243252
332487
10252
470732
225276
294194
92680
851126
944232
277731
188505
966397
945804
543613
549271
394007
24455
522611
804864
801633
486404
263200
511117
955020
315613
954308
980064
754148
636697
481628
207450
1022
352854
101277
700298
252094
748418
292044
566016
174146
57731
680381
667967
111599
391351
356262
35280
391446
904405
693343
379315
847170
796082
429560
6129
406880
702240
666806
461901
37260
505009
69996
874457
261492
322521
681395
878692
865387
715313
107974
575249
142924
93464
132732
153987
628425
660724
865826
604212
992271
192790
437940
44645
628823
211388
526456
26672
187404
723120
640184
434937
696276
810829
94874
220035
867902
974817
994077
843230
549382
831470
868594
183038
536135
474443
96565
762920
488446
845736
139270
29445
93366
875758
176329
626009
411734
806661
990454
562701
16771
312751
503197
425896
447859
579345
82234
176156
149392
95890
245040
237885
195268
99676
348454
506828
508519
122176
78843
760050
389379
981430
293863
411336
761728
74498
709743
358291
542897
213297
251204
4813
417081
32835
839801
449054
739099
385955
161376
294058
312990
457297
547648
639044
306393
22112
266484
828608
541088
16475
294755
837541
697995
471427
430103
997825
520031
704564
275196
706455
894044
342758
616247
595252
559203
680078
175905
605216
651201
745700
962271
836399
881436
384768
389727
980023
650616
410526
223857
659099
492711
835776
704511
502598
622667
458674
56299
336436
368713
69417
471108
149802
966156
104901
20964
318726
474355
459894
825256
276273
740184
900794
38989
613872
764222
942788
940580
777690
830742
382777
894257
923364
436398
616019
361958
899416
317751
850728
269879
427172
410289
38789
253786
384527
233909
634548
418205
40262
561567
598622
754531
493653
745750
970057
339004
184177
194233
476801
750688
615602
292839
385685
470024
649885
146027
104505
489770
643231
505026
257737
561167
788567
79371
710317
1298
39242
217163
29719
712951
795450
779993
841769
725797
255184
269868
110900
584129
508022
428415
927836
357033
43713
540062
338839
262602
101196
236945
550548
899167
702624
739554
101304
661318
106383
556683
106947
772096
128928
726977
467281
402053
262308
398743
939837
105346
212071
807185
624992
828145
738562
85126
668279
117586
152846
202608
968227
977099
571507
120532
223817
299737
744862
545416
185113
274354
664657
723366
873964
990777
734420
485836
961095
177245
287433
849804
150973
335439
271581
745143
814832
893342
82330
859969
175479
598576
114778
640209
130012
788319
593174
998184
336764
692141
915037
326699
371025
624422
39264
848334
462733
197777
838570
758879
399452
618770
142828
589420
567692
523359
471734
715923
431177
951069
728194
943716
579329
125526
364395
171828
742374
541849
326523
669249
694738
814447
758113
17533
716932
501621
344897
848633
412168
579035
773478
875695
741365
564856
484179
513516
9488
889607
837111
434456
485839
981186
978622
236963
113079
403417
263812
772494
34534
756623
227684
443795
815597
253106
476655
572787
269141
155765
908089
701082
502467
370283
536973
442992
172022
990050
810880
545086
255852
104474
506659
855547
942756
440929
350866
685107
954495
333324
924905
77203
76800
687123
30614
385683
260658
313226
331466
230528
800169
74232
944586
943269
588320
746966
72994
218901
57346
395877
758328
710232
910596
647276
358974
849776
388911
747277
265985
606278
421179
800067
932063
819254
693207
801531
39829
529652
787974
364171
410614
549721
652003
673171
695480
907598
788037
235951
421225
743572
701117
553750
408319
738989
475772
537618
811468
682154
99858
936028
485776
41490
170705
754451
354153
961196
786000
254105
122853
10474
429515
264586
541368
736050
590184
872794
985929
913865
868500
161930
412390
245854
737676
982215
817240
867377
56888
442143
313234
9566
19697
330592
941315
999626
107747
717455
107659
841961
460942
224450
13386
780585
808935
811803
21459
292030
247003
135073
340735
809355
920627
386684
200094
757226
810834
743757
176841
615192
473948
833192
782867
713664
135665
93167
825758
920866
845079
128076
994569
16608
564470
381834
444999
494501
801468
852433
558667
857138
59169
254716
457119
434758
714309
377369
305620
789226
470133
270268
160084
85142
291212
941184
903507
121731
348918
981851
78756
387790
453328
47709
254952
628614
988971
118277
497441
628882
48880
188416
447972
986690
761885
227007
234349
372208
572781
855091
982925
577874
804246
762792
415934
499360
318188
275259
781079
808284
223587
990138
749594
571267
150129
708182
696171
958414
422610
423047
224412
383845
783845
922237
538787
571681
442804
352574
709613
717244
115793
870624
194699
629976
357147
619941
602059
126440
611104
453998
976098
523007
101212
94238
104772
22131
343456
514444
885846
406382
416334
493220
108411
525585
960321
885019
505163
131972
185097
320908
518050
100190
653012
460404
843220
901806
617896
87751
311742
347748
782092
989932
480440
862943
740615
948188
679718
66836
548928
792786
921454
815575
346372
116464
280708
239178
726054
150958
128096
364895
590529
210687
775377
182411
544345
49794
579563
894153
440352
807393
924252
375879
972372
31306
871453
587377
774085
235848
107652
163353
857525
510077
198262
163520
628504
659070
986617
922692
782842
85579
626087
985445
120576
788969
386558
918325
563334
312734
416661
634460
552872
166089
702249
850757
551388
573979
639958
480745
656316
774454
794465
279286
950242
254880
335666
11995
958637
277156
332255
827955
892704
316805
30499
370955
670377
825312
489645
390418
809214
451613
437077
287900
416163
513169
74281
186002
479945
434356
564774
538106
44112
536698
468866
230239
924781
705936
520102
973021
223399
511092
374713
257099
468027
83249
929304
948293
477088
253814
613090
311892
556645
482578
788271
655549
171126
146639
66208
374691
431997
888680
777489
764057
472612
777191
62187
622152
120121
846175
104471
351097
953387
259715
428301
638464
758577
210978
288330
418246
293770
637504
582688
520561
268575
39186
158119
654322
967556
713941
754193
447274
515037
7947
357403
32570
109469
495699
881696
688486
171370
631396
75080
252581
479133
301286
165149
125575
991653
532909
288062
238787
414027
709586
109292
885660
899600
181488
766850
749424
382834
866872
95553
905245
814541
593778
682121
272848
387295
233680
728036
215019
160612
953520
709693
453074
15264
808687
480942
461011
305339
551140
623479
945520
929478
184320
577098
9673
427867
690752
159362
950314
221475
814348
199412
290607
569714
908016
242910
683408
419724
527732
724413
457613
318155
542169
717562
731959
127256
117043
704068
526872
504087
927454
786745
600192
321631
997598
192573
859437
206103
63022
144726
404668
711077
458862
763796
42478
3289
764767
690414
557387
245393
122605
984063
630467
644467
21508
932230
995562
812614
504483
94730
91036
282156
911048
788968
319291
915264
588683
774010
376340
173832
562183
577958
757024
296919
90227
850112
632230
232834
274894
483293
662078
577852
337081
639733
253232
192209
472926
454772
62330
328828
145998
778525
318896
206629
15529
650651
90366
120186
404214
336422
902025
926056
305491
604814
785204
953910
82886
161896
683839
459390
410481
843666
971785
398666
857828
953635
798390
681863
339661
59700
57259
445352
889226
154246
223222
715034
360415
389262
150155
101663
449219
171236
578154
990282
611669
135876
451868
112086
588908
707454
926939
476066
773003
518848
716625
861133
103860
570174
138873
58282
530579
553083
824290
908768
934171
533495
903186
393377
203247
881973
702151
523589
583926
540584
11609
822658
477265
323705
523259
876746
657833
273848
706592
479105
521825
757852
874682
812634
410155
154040
472861
343949
756534
748029
625538
661943
317253
100070
719336
471373
632603
287748
146261
362238
830930
898726
730619
994149
97356
976100
166837
618984
927616
461832
877936
399792
399862
137242
31591
800453
53390
353479
356678
788292
944378
409261
598896
587456
413387
438790
157084
493555
319273
751342
372378
637279
298973
826834
244148
898502
190088
176567
835119
787650
660727
82084
394097
771906
613006
869614
27196
639841
541920
203998
546264
664420
907489
406656
307343
16336
359795
172619
738002
494950
861276
75304
32058
863357
594713
246433
649960
978554
965004
664551
301453
684589
801808
367104
623493
811147
108909
467339
705950
508164
199271
139505
807288
684033
949233
819562
441924
430716
633919
344873
498734
423163
980921
421925
850263
447722
758667
176581
82235
892564
797081
906536
47410
944958
216976
60750
844050
709984
676824
823526
807217
888705
175397
378484
566536
510701
141165
766430
67379
448150
134836
844308
132180
737989
446530
179419
431576
553723
107383
220660
904082
682536
28213
377837
769411
399047
634555
192643
368699
595412
995858
262706
639192
851243
267807
401244
15597
924031
985113
283345
505087
319987
157141
804225
500073
35416
231742
661819
237279
746820
534368
15137
739599
431627
23459
633387
622499
802717
734740
344660
76707
604028
955231
459684
245560
51479
555993
998427
474059
49480
429882
862455
340428
907623
97256
364579
4047
300105
366766
522172
507856
139161
397131
55104
570967
988944
354727
40149
328631
883924
260833
53236
445488
267179
988355
230000
937524
903706
911127
567207
819463
755422
591955
941187
518399
107398
568559
473517
746347
469675
739799
679312
709200
898445
666748
834629
420366
19916
271941
265824
793186
676096
57380
220118
857413
882613
97155
835722
834929
733958
802716
273075
562307
115860
347176
182186
47292
786084
569071
986517
516321
470867
779710
114540
604099
575478
728951
43749
933401
705810
687170
461888
749513
782068
900962
109873
54277
294319
439266
613797
223698
557360
111341
877554
667684
524031
789949
671328
306982
1492
123372
903054
631958
789524
350502
959875
396492
992231
94912
367698
514650
383286
995297
268329
297231
794054
905054
453942
997590
626156
154532
537973
856956
123372
944014
882459
309391
904370
785431
422808
448929
897196
624233
319117
574508
126914
945300
390794
723023
301427
501914
924546
593655
120525
571175
832846
468569
840393
619422
76058
582171
874625
590862
234096
785042
814158
684547
372767
501478
575362
716281
220551
982546
431423
968620
615364
27208
106226
510347
261493
462641
221104
603594
435880
115986
815147
808982
331620
335626
124816
219940
591506
402744
520833
965603
863560
449337
745450
111952
594291
662287
112642
60775
832097
838813
100192
458807
746665
543567
999991
182991
577335
328086
407984
17364
356024
426385
359522
550644
988190
465799
108849
523765
176784
471953
485248
360871
878386
755925
171476
492216
975244
925100
26502
230886
75161
685669
109092
497871
250927
332323
540390
45220
677125
242721
358664
445052
316070
344278
164360
23749
914033
499892
235774
866005
478538
762442
101651
990878
873377
125641
190495
385280
104605
126563
857891
405241
740324
204303
22944
533943
555529
573865
783186
503758
317971
81015
194892
183429
10086
435143
298737
70411
676177
594740
814092
514311
429363
412935
917517
97549
48266
393145
590881
523500
219802
247382
957996
360420
817334
617214
798694
896949
806830
853318
21839
391378
437269
514491
362192
60789
428845
219526
472048
49164
588401
988523
377135
781457
333695
660268
513603
889207
414113
649674
677676
725440
847415
759723
13366
944299
610242
693527
943371
687883
579023
92380
206194
341939
751870
933906
114472
25038
470317
930745
214169
864267
664070
365182
234875
257589
860579
402717
149960
140256
609689
224
690646
979263
175208
361477
927572
580435
254269
457021
924451
724094
73377
146897
509454
50166
648834
411487
559144
961621
414044
242947
766721
249804
390660
341521
50948
322232
110289
620094
463856
30157
364007
297118
555633
45103
708001
68167
30170
832735
441626
436821
254338
988050
164121
935879
367032
961758
880663
608583
971876
162957
386733
613255
819707
664852
649566
400583
964702
579741
980287
228915
994128
316353
765055
108136
939986
677970
236631
175383
322077
517523
581775
620802
794555
164811
614569
621796
81923
593518
970351
919598
573743
125820
44564
463467
344796
992486
424905
333252
901981
705322
696223
957856
208379
459072
429396
439011
543181
951404
476284
709656
884720
424948
399565
853545
701348
617580
427335
485835
516419
800173
453630
946870
192479
228
730374
590290
273974
784454
657593
28014
365524
247201
805799
690985
840262
661838
59739
977907
142454
201667
468870
168110
260200
522373
706187
518766
819920
902906
913830
141855
833997
474972
478202
662790
771654
235466
43765
349728
372960
276985
404770
448806
446809
708551
501194
602354
827716
118576
99592
610619
971745
974553
301928
648444
158744
316170
607995
698996
425746
985593
28666
125190
745781
811457
43924
582720
313018
8434
722583
619064
894572
599425
693559
961042
186686
167328
110013
438239
12233
790889
997902
588576
790242
141811
75222
980264
137173
146439
117074
5279
512640
149869
743480
852835
323533
613471
632707
977992
830285
783711
355550
532992
426862
106852
582060
133142
804633
208560
561970
139796
890026
973693
185250
320389
833293
118293
504005
599573
375729
672833
487108
47636
42348
839193
267410
664153
448043
970107
126521
583363
409044
172310
700608
415579
972154
421862
431030
115157
760444
845498
89503
933494
222331
325616
241784
430671
871157
568835
482535
908263
720259
358715
49092
379319
544683
159619
372414
560014
660515
527959
435243
991701
507043
503900
89136
35437
835301
731145
480905
911156
651836
204163
289654
860071
566798
589639
129539
827937
248240
863041
669810
442178
659228
499257
223302
212651
424465
697325
467119
440677
231112
291833
27085
895969
360590
985138
952226
154842
710147
660435
541401
646935
846381
811215
936237
385740
766137
942021
681912
170592
997456
438034
100953
73226
533394
829632
547456
125012
357362
646875
291865
362242
630510
761124
587090
51148
500521
284063
47307
238534
960742
404231
568217
895009
661923
96162
251383
673930
423248
449711
190218
760240
320619
941819
271760
921955
360185
258899
462884
921944
39714
639187
878640
520777
185898
758173
159983
181561
21448
667878
257757
489173
231589
499306
705150
380470
117810
947839
280200
168195
621030
156039
731055
284020
372883
317312
150795
271473
661796
504118
437031
621208
576309
461975
681256
156894
172687
108647
904728
993676
862462
403274
543822
238699
768977
820287
827772
227771
267310
485228
822933
319324
341263
307603
41689
631440
733341
52516
475326
322648
71527
431917
491132
946810
25919
447213
388661
638948
25265
948486
751680
101611
841121
906384
466513
372012
907840
284426
650630
686483
166251
529707
953872
460090
997344
594966
652604
913065
728733
534893
647773
368892
878423
431101
580568
140194
297364
751063
875788
81153
146981
366526
769564
737975
731588
573500
26330
753724
433222
614927
107089
299875
292028
644481
97775
504063
666092
763477
666189
684514
926951
924701
530461
361281
899207
296489
700527
601523
137927
268121
517408
558552
610239
222740
369631
762967
645114
845073
846045
752639
9141
944274
390801
617871
311415
875441
693029
759377
596936
492627
661760
725153
32719
197945
938993
827851
190411
692853
556916
848146
341486
987193
508709
340557
619345
334859
768702
909741
356568
466836
250062
122137
580196
541528
400633
869178
37102
124609
346918
435730
191239
809044
763081
152903
469417
257349
870412
183230
218616
260901
897180
532067
696155
948665
483471
786756
830770
226151
805741
877085
515059
500554
302306
141807
258788
667044
618302
79689
896567
675955
192102
913512
422525
702620
446683
577402
199560
598468
560804
974207
772770
74430
308251
29320
700707
225182
302482
261282
887091
306988
370144
207436
702493
48245
609867
435107
668747
231035
520275
182751
589668
451916
669785
189814
661439
243568
898219
425758
944002
109243
179565
482928
301915
452099
707109
88360
307931
889452
492386
160393
873770
166623
412490
946781
957995
627929
85183
146394
323629
997791
4141
673824
742218
775120
514099
439391
392544
517075
593260
568278
508969
941038
934873
200630
674874
571320
945645
762917
83925
488999
985588
958622
440554
266051
370784
638965
182961
844604
55729
859384
10461
175510
636672
707954
682877
442562
163177
948745
499380
411721
556947
469639
60883
513121
783134
208053
201808
273250
10023
273059
427046
704274
928826
400837
362056
642972
760917
552824
397507
778144
750485
744162
593711
871908
563520
127158
732369
337703
920494
616087
794192
356310
266324
58260
25362
6872
484206
491794
594099
382468
203529
536263
104674
317490
760106
680162
279319
665007
248030
243721
459316
502922
199327
478330
341048
648011
175200
61458
263194
256900
412086
693612
566856
845055
682466
284642
835899
91542
424127
3823
702454
185058
603781
822901
915036
848459
452407
827225
880556
213247
202223
446028
117530
422462
509188
462117
349195
872337
565525
427114
75436
888218
506613
193774
123759
394823
958003
848852
404835
107041
103748
853169
775086
741505
503439
565392
601450
213729
993045
52559
681114
397712
415035
620134
12680
284863
971382
840328
680892
9721
66450
514850
608474
390128
818719
119616
633305
807090
888888
67919
443996
994619
460273
593597
945070
554211
961756
579196
407967
921912
480760
234918
373429
866662
234872
510267
44369
849747
578411
589317
863584
488520
124428
926236
50554
671625
289704
711942
412314
443717
910760
977782
958586
70120
469178
159797
74251
553486
52192
182750
50958
645139
458453
879107
710802
320774
314135
775086
652298
432188
470038
123394
550154
306240
416695
600063
669790
919400
867845
102308
297031
676611
774133
444334
590739
225006
382804
514047
571608
241926
541007
147482
37773
588343
994463
866891
895748
915507
840719
596387
948680
934655
690731
998945
377871
246247
14727
768621
592092
499410
135209
917437
226100
867568
25812
705242
685370
388175
863793
777853
568169
967949
327324
965011
597550
652904
286921
30240
182048
901041
897554
458688
829405
886752
843678
909064
669250
865600
49263
938570
833222
850763
230343
903927
875444
685520
907512
339103
689347
350160
238855
237589
739347
96105
379580
558894
508166
750954
729225
1320
268793
274309
175700
259750
903902
842146
186979
37529
298423
126672
840739
769019
228721
786710
37589
406261
734043
241384
158806
534561
207553
462581
163721
671593
843561
888285
302627
764494
822761
77568
367762
466565
38947
544690
979019
271868
887391
397770
495599
23418
850371
701786
433177
72292
617969
624441
770374
348763
486333
625723
819042
982979
457674
569154
375723
682079
326528
347118
81092
737048
172268
533616
820760
697501
89907
446396
33321
303267
811828
53852
398196
768717
978362
987042
207939
581096
958810
238326
821135
685325
515375
911181
737359
456617
930928
524538
373921
799450
478315
188510
708116
160559
934816
975676
654800
936594
510461
84647
488995
742978
182897
532700
61480
118200
505198
272812
868246
518251
663616
72786
907106
771311
130885
328803
310610
43065
320712
166755
154144
42365
303230
358131
735623
384888
883036
780136
706092
92554
613267
159352
858924
838523
570154
232654
800382
22558
271734
172477
568965
769298
414967
562256
129909
686885
336274
523584
765855
130580
755303
557311
453338
897390
942478
513521
546448
781910
312691
70842
794018
741607
717515
171634
568121
242610
528754
944565
970346
802722
794595
626072
253637
374017
137363
830902
814651
966163
582186
532968
187113
853472
782111
773010
983429
558160
260590
246362
129764
160686
649209
842676
477541
503631
534265
609753
987710
21580
372575
154391
301793
864746
958603
711233
234890
751643
997608
446598
1192
474014
248354
779167
701157
961
590597
605730
592724
714950
435571
721332
545654
368996
953793
879515
138473
691556
601968
117874
531566
703916
540547
222773
163861
934105
780033
996348
531143
630533
44873
487365
74672
394344
791821
235370
793095
837018
84845
689969
162107
120118
359984
924290
376635
855771
391073
790131
591266
851980
644804
775040
819070
372279
101812
699798
106812
387731
41050
250062
414001
678818
330380
47607
466439
45910
74431
703884
780994
220176
645738
825797
716206
56771
947642
941513
450087
968951
759851
1984
634116
546346
759178
611719
769697
828305
403140
385917
366408
458300
962281
660282
130172
486679
313923
671264
199905
325964
389389
235465
485707
379590
291858
827679
269345
746833
218532
397323
900462
312349
338229
905670
446724
56034
326805
981835
378189
768221
887880
528045
679663
536248
942787
893188
932187
602439
70147
93955
382899
850606
216138
660581
576085
892961
333752
52358
49993
145988
871106
791950
214979
739825
242769
924552
125589
811671
206905
139665
905204
580287
991764
925355
578916
991210
625595
727153
734595
985687
363424
42853
414128
370145
929035
745509
978582
673540
237615
772733
263768
998144
600104
579541
357467
859414
396372
185995
386090
746351
916619
443292
715850
505884
791996
974011
448219
542136
612389
944900
628008
30570
104238
796490
972619
750343
495971
394956
576704
871572
269773
139591
398468
505705
901740
146405
588265
305584
585042
85075
983865
405773
345246
540912
17349
618648
733204
170657
574409
950597
85526
349633
953213
489765
27009
671478
950202
843141
614439
192095
974855
235764
866916
531497
2240
161251
559007
464001
813218
939685
450399
97059
917429
367829
38471
52881
728214
585494
41264
751072
993184
524405
915681
490349
233143
935916
749421
563500
134257
825152
674026
272544
2976
742025
368905
786855
938368
129618
261527
674861
530618
883926
22031
416961
121171
648043
532761
236612
475508
598523
632227
976893
231766
329964
323995
158282
795722
123745
249414
637234
669986
491034
770816
84821
318271
427511
895568
758724
211320
405850
323751
484077
921700
836393
956662
298799
554053
669171
710697
696268
814801
415850
3459
237372
493726
731278
448087
879966
574697
20459
43808
717706
887426
47353
999166
66497
682328
779361
167821
137350
236701
490847
955940
254790
990037
383106
676903
672882
876801
282065
820938
460846
421602
278984
841890
831905
642284
572288
495273
279533
666761
507884
300942
248825
489734
214143
893495
592361
400734
877803
891028
308015
715169
261125
731617
40059
877185
74756
922488
175374
328569
997865
355600
303276
407387
4536
679894
436784
625780
267620
766950
535737
648413
465480
236710
502402
459041
441426
16639
969104
536198
741114
148089
764036
819450
487088
189555
835088
161820
820628
782843
259654
839267
624287
723088
748044
959919
83295
850033
867180
767018
118431
302881
61064
551002
910629
313786
419755
839943
466132
763627
571194
538883
712370
256656
718601
148827
480004
403308
184074
851481
308822
272966
269024
759602
113239
712925
868881
369811
790112
422024
941594
880323
758677
913007
275549
111860
3428
404128
991222
855020
402219
828367
88683
748363
629814
799597
624577
447672
805733
881507
72811
972268
63788
678059
689310
408538
361589
272395
873088
217850
464672
954928
706942
350577
55402
731043
733501
749023
239595
107498
13544
316228
203897
853053
981608
58063
137131
505123
23986
960645
774328
853930
208633
171275
46525
604991
133893
173072
223261
75183
312412
399513
90498
166139
217052
72682
655810
351825
279530
648526
344350
582317
803397
335620
629348
224140
817396
58886
162868
234760
756382
329910
480031
371989
971640
564136
539243
253462
802968
392710
474483
950877
695017
924708
757419
579134
188151
222177
890242
712462
459370
804214
968864
48893
641616
364638
126607
116429
625555
25186
507062
468142
431497
834688
486335
409464
269610
497207
311066
328580
446301
443442
474011
492008
691307
71055
291455
408140
724117
951690
740172
818861
639872
588362
22294
223214
853454
630856
219933
134678
939145
510744
244180
412011
424313
819990
94141
614120
744085
587566
780783
787613
898326
893831
743801
71012
289894
181581
284513
519675
918712
983961
391045
85251
736625
45888
871779
619348
619523
223413
302004
170619
337179
558171
618803
409809
938161
984043
967547
157689
651196
743039
9678
613685
116744
540473
310066
681893
383903
430418
905973
663710
527588
32579
202962
486371
716160
595465
628972
520771
808307
190361
861175
988302
288268
681824
273974
589941
688372
273141
81118
720381
191780
878302
364378
70816
211703
515580
964776
930176
503641
200212
401504
101832
386463
635642
749845
486178
705777
741660
206420
500174
55714
801064
696330
861350
946144
784283
37698
396395
719367
765992
90187
573770
548944
578305
402231
822385
174694
561348
189440
43785
463257
427525
569990
733967
160683
882548
825524
33938
812552
612203
787520
124555
997011
206039
115856
3924
213724
591616
394938
776263
711470
485622
604388
314548
342212
39514
681419
47294
336411
89030
162847
934098
408482
494554
862282
40325
677454
455588
550993
598474
229834
284267
673875
496205
131340
425368
509743
635374
726339
407746
681283
184221
486572
815252
335183
663950
240068
23901
309943
648473
655128
437492
234855
826994
654456
186950
909009
391104
491338
179134
866834
589915
307642
674255
742450
240615
256847
54689
422154
707784
816089
707733
445760
858368
552582
358071
179310
401708
54485
861823
582881
648408
348514
654852
614973
493114
81247
747006
702910
400338
261347
818230
675865
819612
557724
798348
829185
199470
283681
946917
513477
365300
101026
860847
339094
396678
232257
851922
45415
431075
26553
696564
678637
356877
192444
257577
592390
368256
32027
731318
242934
418576
263199
319360
436364
511070
622517
145622
75235
86902
454085
120964
517321
768035
561730
949097
473986
347166
527897
296476
912966
463287
646960
508862
693005
614188
865495
258212
920152
768945
741793
283804
265934
131392
431441
660237
185527
113351
421920
363196
269076
391296
262638
578027
594392
382431
260547
514332
572167
682276
40192
837299
661994
179984
244390
111033
214124
648820
297922
922685
487125
170020
412084
96405
5856
285515
736283
705154
131258
27033
308192
3377
703258
653655
238491
648478
548791
358554
530149
486803
687339
744022
839867
301455
866338
261066
336907
809153
462462
591897
225567
485555
101515
925241
587491
849988
893850
200836
412116
726350
812924
868140
687687
222630
836700
117516
579411
784833
939706
153305
719645
685491
632000
397111
119870
981395
749378
110120
718675
204539
338775
482655
505568
534124
497550
581235
956513
841678
530447
715951
635503
471444
282896
931462
822220
354174
214064
381731
780939
919800
328500
891743
741215
749856
248795
343884
171262
727205
136927
400174
193841
614603
859211
348873
301243
812682
554932
215958
810467
511318
607381
733775
134560
365754
114379
420969
95393
666462
528297
870114
326582
696295
144121
297392
528862
987965
735568
449689
925165
686632
220941
600608
882074
276307
488174
151453
303203
1395
894158
576422
189341
852673
792575
475945
217052
662627
754752
950940
90426
89257
896411
53579
3528
648882
473054
603664
48655
237167
496499
427169
709697
948351
875998
182275
572993
481274
789011
203229
186124
382922
940274
199271
802882
930099
757408
65153
662357
211314
433411
112544
718605
62403
644121
435683
579637
758333
803062
704580
726181
603033
908312
235754
356141
608272
721320
203034
224155
24610
167056
673038
297706
171314
556595
59806
207111
373326
957261
308059
55617
609997
587945
357179
911244
118290
635513
10670
198001
88429
626069
319311
712918
112736
776083
101686
971045
222718
572031
669610
893468
454575
963191
949556
936113
924881
310374
138446
756064
10425
358107
158970
371282
878231
583173
879856
551595
266871
824141
66671
714545
279524
576592
396021
118868
246695
155064
991626
573918
4781
832182
698102
44088
413958
90717
770258
925014
490506
177630
613756
456128
995222
47196
900452
580606
292532
759211
433795
166496
16281
734698
43180
236839
542599
847546
529530
600467
31827
247642
837609
368138
669185
629857
516225
701986
455243
88151
726509
809803
548289
396271
423850
850332
942090
240741
135515
24888
28808
641584
46969
308893
679641
133413
21095
122313
542778
207016
585571
12873
849543
895247
248281
779359
438558
861332
780562
338831
143713
617207
304841
318726
720345
274734
454366
99560
718712
208394
267812
296308
451575
316840
735253
700118
513694
694416
397861
144970
848738
292397
887923
188584
838056
949161
840668
454160
51048
722597
153770
320114
601645
442130
16938
412474
828984
148911
62107
348439
115396
529311
571394
270055
406245
264550
535771
63041
332938
371200
293290
88798
657121
956446
63087
976676
172953
301693
672695
150097
641923
371941
778575
464128
791378
403260
516756
696795
588225
843652
323366
869918
721427
330424
552251
389315
478326
707646
634959
714960
602753
214984
944249
91449
180956
407053
996889
408370
647743
345312
263534
749526
946643
178026
880900
198893
370292
773833
289994
776413
961048
700803
487106
592624
325129
438056
834001
388990
804750
321028
816822
818679
171560
930878
444503
832847
280376
915281
932279
926982
361598
477668
231045
262931
541436
680775
531406
829932
506681
611020
781649
586421
662561
595456
250931
694339
161225
701061
146057
788619
335761
171085
842387
942379
220322
782837
408009
572181
757335
349820
646348
456788
707065
681758
418943
276156
790882
523281
758191
307890
627266
104667
677677
181333
67264
649550
209213
356232
41656
587041
57959
503902
747043
849965
378282
343072
432852
883585
75472
480765
827231
181602
317597
503567
301460
537506
320929
968902
316649
194651
916013
335923
413046
822153
141090
854451
327641
868289
607653
772534
170169
786578
332526
998507
187944
906167
209344
813578
514274
833333
311667
208829
901682
380247
890669
930540
316340
308484
281967
577124
336757
613050
955723
264355
145014
950953
489588
427458
544016
375790
335406
98943
356721
57834
705060
685286
196292
469887
516696
31068
734063
63591
915188
977096
901046
329712
294848
962206
332413
41816
160045
426697
264362
134144
950222
325109
10793
470032
703718
190454
949513
155304
641884
976600
399299
628222
117835
351428
547419
141977
988918
821963
948064
660585
982489
738770
976205
570368
480154
798170
429010
710513
281438
476395
922348
432452
938873
882333
728433
835283
16829
561283
728040
970436
607475
27508
414612
836451
413352
349367
73554
110362
449630
961098
96024
410128
35300
833615
727389
494876
372608
389460
897111
336293
143880
268606
468384
644568
61136
277521
418546
77444
499069
460702
945489
725525
338936
605385
819848
913387
548286
197173
679051
46422
383573
436303
694459
322096
718681
908660
734153
968599
228853
857536
735986
154822
674861
938420
223208
999760
41367
207171
538897
283256
304938
825081
401384
843503
49518
158216
714242
774379
200787
108209
613419
163424
364638
51020
805039
761885
164350
651123
360372
969222
230077
173905
577156
761450
557970
375746
987369
228800
962835
407527
452849
299779
169607
900362
306321
860903
634841
656936
460774
146614
898473
832159
5590
571276
62269
270325
481941
225003
22741
853378
510660
503740
187868
417020
620916
913827
147066
53341
679432
427453
876550
675635
60279
527609
797721
575428
232689
942224
264318
570395
700377
191586
88837
941683
688689
924143
404535
306879
727444
555118
709411
257428
374364
61005
325847
126260
385699
151494
95659
785848
848167
149147
633911
230169
644103
35374
951908
660251
440234
382527
17376
775638
17215
397186
697643
430434
253342
135452
999439
254046
861069
419706
123948
247773
219103
439758
238641
494830
953656
654119
312487
56647
571627
501356
684967
957645
66692
795829
335660
39939
56673
970887
920771
694348
905659
30313
80671
273054
424195
65639
294665
236933
429671
261859
263092
905553
361203
530450
442990
594334
610836
400346
344883
792062
844665
52934
2396
900293
25298
694180
724981
838960
404218
982332
579755
233778
748081
761005
110628
780189
83202
695525
701225
512490
145540
829820
790014
296613
898235
21614
73491
823799
820062
532595
571987
703377
706163
97981
520153
858227
879383
756110
476162
493974
508186
63347
210333
953852
734598
879776
493887
915474
230592
305129
684468
940350
169224
346203
916048
669899
232923
543669
137763
390383
850040
153286
145866
494453
371071
214308
148770
455307
504244
500870
700568
771434
489891
491135
814428
169565
924446
366360
804148
923889
10850
654472
269933
213432
2136
771282
754924
791673
999415
155515
981666
694391
508230
679847
938718
898780
167551
407375
305340
901059
527247
579489
782843
759199
141627
97525
141676
665098
831068
773671
745927
889390
709067
71701
32920
648586
305623
58806
505814
935330
591603
464789
379348
647878
79021
114794
205265
222396
962585
836243
183658
412492
812364
87092
180591
737513
163908
82984
375890
310519
468965
61282
69563
152957
779614
706725
921145
351465
199018
538588
206996
778106
28403
861974
120766
799438
496465
70818
153128
428808
843631
157699
277424
554013
360014
643985
436663
573052
257763
626092
673553
937368
669532
407645
363222
594515
910593
12298
593813
588616
582261
4182
638440
469749
290267
35347
354851
974339
9749
547429
261094
278836
805095
517812
290770
851688
102394
503693
87384
25036
526461
252310
714413
986016
80678
226540
849242
389730
538838
5083
757295
788508
355739
116665
442199
804295
672527
632479
11911
786267
246749
397189
636177
332596
821667
612601
301845
391010
434227
724092
234326
443597
732276
63609
333034
928259
148006
293091
90188
434464
982467
303209
206540
880601
730112
742425
260901
269477
479155
457295
850863
598984
286670
739735
438699
653565
664841
945191
830076
656319
253470
71154
430261
961972
895406
211050
31629
559799
198017
590357
215599
440320
958571
263947
608366
230642
949705
992585
708502
944513
766059
173429
69342
810558
934540
32687
960633
309377
786172
21264
574731
255602
253791
600258
424889
695412
682510
711868
90201
420782
953819
683736
123849
665142
234801
28690
925083
528476
524122
680095
875502
242833
941147
765160
702168
201971
201018
861410
673855
542006
525472
937227
573511
919664
112536
100930
61221
688640
555639
123971
139730
217052
316374
914047
590236
151095
182459
151700
30934
559499
389782
158318
502896
790600
995687
537337
902817
961113
951357
680002
546112
865487
124120
808553
163251
582892
28592
957509
31742
549902
972431
303316
201853
304055
349337
503965
899245
793909
463468
652516
34276
575794
645090
799305
854113
928154
912563
101822
78654
418340
628856
107619
326914
734912
259530
492736
648083
444059
639369
102174
399688
349906
117752
796674
256989
138737
758342
548551
448448
370662
618856
619415
792584
67270
182817
631558
190277
667387
254883
575883
7282
424714
343695
692379
872199
44861
450137
315940
449579
272241
705927
704035
398343
527486
202968
735522
828022
924926
861313
468178
229400
784252
274771
654784
35078
485307
412472
872183
459807
370144
644060
996019
126785
343677
905448
295997
282324
428026
170857
61544
415296
241826
824399
663142
479102
740039
427474
718151
543372
546835
733103
763792
894650
880877
250000
584116
259938
529924
781770
782066
74997
849851
91200
329290
905199
750833
704613
847901
882604
768812
649758
347936
511189
365473
323781
127996
702963
687970
893386
872774
133860
343204
259380
267286
701738
516908
248325
327046
337249
840406
518908
415433
386569
96066
963252
281829
932929
296219
119594
301838
951765
902661
760732
849953
286894
521571
608268
883385
831720
236738
247908
359794
121537
620517
299443
661496
494252
100653
99541
32010
108549
184037
108529
45265
277920
618472
187996
221207
512634
241967
256348
961958
456465
242939
564679
491326
724880
112347
365833
441585
828002
774555
729795
22367
713383
941449
954513
528010
76228
350821
389092
52821
986453
597348
955790
646622
490046
250273
126493
667060
972063
64353
180766
429623
501029
11777
12099
317259
764349
800126
90527
644152
924196
606049
943501
992482
968730
283205
232369
213663
139957
726086
283542
927226
903698
574536
947639
957700
742
669153
200729
222609
56114
411108
483733
436054
652437
234955
745140
952477
856187
874240
954674
294114
681972
261448
70117
478030
818719
872973
399223
159437
554437
391494
613839
909966
680514
593925
456911
213270
618141
795868
123318
878210
394681
475949
855268
8279
627685
118733
61054
223047
512782
114325
125608
651587
686100
743621
355055
890935
614201
409620
244297
949927
723574
306904
801587
991460
35752
757006
890810
226922
210279
459463
947798
272153
213240
761072
540400
644814
307352
543548
975109
749214
536056
447792
334178
992495
163465
723338
869007
803442
656493
446159
64328
54144
821388
630256
944998
242064
172936
863640
714909
407315
632648
940117
720990
421612
86513
838624
156957
569935
595187
390602
575725
930933
691327
489221
338759
998009
170967
737805
709161
212755
772925
289265
11739
705134
96973
497602
747853
936295
657255
403606
439772
476068
160964
811321
439603
247311
255018
852978
558606
95790
603898
599789
733786
675489
543015
292170
804536
207095
806721
657537
440993
52076
842543
346991
613667
274691
540091
634306
706250
420860
30984
49726
83098
603315
367198
561577
59832
666453
762662
734553
510760
252415
719665
478744
234992
648629
252530
760881
947484
946939
957452
869082
365851
526355
817542
124349
236423
48532
583836
957477
942146
566436
360111
230850
627195
441106
755548
64472
392976
544786
961001
409162
862670
721814
927451
259583
913555
751429
505318
12782
77269
548506
69180
562572
159931
825244
825671
732495
237161
398453
716977
395101
39961
708530
846432
461142
17380
763798
488832
377339
988641
151515
867256
300665
16036
588998
113150
972182
914600
22566
14534
433591
35655
785257
454101
349579
339045
497242
153909
333208
446509
354938
198785
343584
333747
106682
756384
396399
992185
202515
874830
871940
969357
342531
954390
574426
504271
266277
593820
499729
121425
478891
474006
846718
886679
498874
104411
469452
480317
266465
764052
776845
469240
27703
970959
662113
779189
310993
768178
646657
552605
102941
746828
111977
820090
991775
762247
248928
802867
267205
977594
918117
293235
603432
218651
728120
116776
382754
75025
678785
335080
59654
434856
626529
217773
943040
384606
403540
341569
628746
446362
701376
844917
444488
480188
128028
580107
987394
908047
342528
217715
702843
546011
83013
655154
516978
334168
502744
537631
148725
373245
892896
313160
861340
141749
408521
296433
876265
58931
147501
772348
432954
356701
774431
2660
817384
994339
472019
22435
992384
950643
822957
520884
144028
155333
533476
362227
666269
892433
566291
182624
655302
351905
59484
629442
910072
226624
634361
716648
888390
489554
357473
97931
152756
406589
630867
16655
461137
685125
87361
333800
868142
137782
42908
213401
42426
340154
996088
415704
228475
668874
741404
873294
484587
158529
555369
919930
624685
321548
663653
750325
472362
886654
601698
947984
73037
407552
915215
596889
557143
695398
507675
618621
731679
556188
109185
502791
713834
485055
885493
806151
999587
567304
491881
459278
513399
786083
11644
683605
420687
964446
305920
794045
870827
213693
118182
14192
783192
699754
912520
931623
288333
632329
903891
550662
224808
582890
476303
874914
363904
518680
790989
272354
548134
912270
54956
532035
383997
918089
47431
964853
740339
1401
230398
789667
568859
423249
759904
446672
402409
129405
745522
52829
865545
237427
361823
685223
449692
255715
767995
445965
479888
773960
443189
221647
401882
965216
880665
779345
34451
186040
79232
378047
940140
262689
180309
688459
827407
926143
898564
282706
584916
539135
233472
33437
804573
790696
73521
566148
149071
75851
175993
843372
944685
403477
830242
233328
303634
406275
505638
591581
546827
508596
842649
85272
973775
960026
446007
504347
38876
839434
610438
911260
752687
611252
474536
405390
973727
180076
340863
9728
389334
500646
603068
899556
549613
895553
499783
756203
245283
941754
603141
563467
604090
392129
604168
370914
350703
259432
109913
828916
508948
787832
304410
86161
977291
289374
606171
180562
186401
90563
780348
954497
168132
581049
317946
390936
65955
694545
337495
938274
374752
877257
114730
731262
297524
378466
183424
332931
471968
287888
132078
935549
93260
647499
664821
327892
220030
840387
354512
805069
367928
825904
503644
782250
426734
674823
1636
589805
296994
372808
884233
68795
779294
914612
976394
868955
928398
806813
854838
72861
143543
152085
207531
410711
358424
294216
618249
488523
802971
305446
310777
232804
267448
413496
499347
41439
19623
304404
240241
312391
270591
488620
482574
152472
658032
750912
475353
970821
807321
951796
386780
486166
532295
423676
849796
923433
885324
712179
967948
672536
492983
878731
382218
670715
358517
661983
408726
609092
121539
639589
278355
779785
765071
381311
223579
710495
821803
97584
168651
727585
400684
279468
829288
231184
815845
702024
893356
358420
325691
237968
117617
869857
496549
675255
486457
737653
219331
567465
84440
902269
977303
92157
480574
40472
557412
201414
592165
66547
582241
821704
883347
188947
89242
628488
439308
102193
176932
61693
542424
669119
470139
583394
528236
879369
616634
73581
485752
164151
552629
254169
928780
364527
703542
84384
824680
754775
4755
8837
912670
892344
935465
121805
925670
936062
790135
509261
289086
130139
106137
126495
67580
159820
553118
993518
682482
460980
25993
284081
881020
356708
201569
551157
694760
132732
884149
315026
717379
795626
315504
811711
976700
401681
782164
309570
208247
54854
994838
426368
593841
669236
532758
479218
917899
905951
667450
216248
233141
810885
594982
590216
582264
601121
968794
881471
354143
946185
283047
846360
776323
440183
735503
967610
52914
575076
795128
44267
200764
37520
932173
155427
787993
80415
165938
763323
382842
603421
383073
607108
306282
683618
90534
782644
118625
130321
718899
623804
591846
621626
187169
557877
483741
894111
776644
943672
980980
581972
839529
336588
249638
804991
467374
141370
673515
982399
729342
636669
898557
105194
828201
561942
406662
968110
445980
299067
408491
733144
349505
237551
367279
934067
579318
519149
355397
210505
975010
242878
712887
946117
622394
259946
688428
435576
707983
400203
382233
165050
20560
286397
224071
354217
269028
470321
961532
812429
967452
491489
289353
776668
78425
958494
873136
998105
777722
180293
333999
188630
207807
950864
971117
581467
796735
692808
899008
981855
764034
862296
926617
906803
118780
861245
810957
3582
373863
95002
983040
169827
545723
631912
353008
834879
83085
290571
888155
55054
454530
965247
796046
667309
441710
899825
641612
800186
360269
154026
614423
215767
862236
931750
15454
568846
64341
595843
624642
949390
106630
86549
885382
573332
935437
561814
376979
181861
5106
937467
880166
211511
219105
780769
815831
700016
621762
773094
159687
707526
508791
87445
688868
821701
967281
323769
588827
77039
784687
172562
512028
1789
304789
146022
420547
102724
359909
112750
610344
793203
159964
144753
888644
132792
867691
248367
461118
222723
409936
539379
270993
339875
267793
370316
560284
321548
306197
699861
905415
131513
746911
775343
602508
599534
853927
519056
187049
678167
314135
588981
139425
408140
775327
965491
804713
753206
877749
564523
895030
119819
195053
729564
399905
385909
29680
205587
761843
931408
948892
613757
996243
402130
536568
60957
320713
950150
63122
105304
453486
644337
111607
537582
173298
452757
385423
321923
430666
294035
568658
887643
476916
168299
370603
461413
72808
683616
418279
721646
60637
248375
193626
124342
187124
837149
195791
207776
301829
926184
604265
415618
358853
550390
211098
129629
827409
23922
672319
154150
838809
912821
892631
484099
218475
412744
269471
52113
687195
104200
640715
54050
677965
287202
172194
850116
889439
539518
258742
783868
467701
288953
750271
79186
911330
220426
738196
279814
310639
381446
594053
266784
157004
111294
924695
950053
173457
326
111837
666149
466479
924433
3055
552946
104119
445176
482058
141611
557703
174617
808004
339766
554573
86620
497386
682060
625465
601553
754104
442541
741315
272053
345203
295285
973654
774612
564647
414407
731672
413896
479161
34661
244246
422367
11432
923426
543825
202395
848868
662638
784671
592786
581131
787857
252544
575990
698940
802803
179838
869743
817306
597399
235839
990500
153375
370280
234795
583705
356314
144556
879284
648754
703238
890005
401542
994198
604233
589686
956173
266607
685126
671251
726749
819789
614495
506449
280323
187818
468746
765068
294886
280584
645326
329351
208024
658039
973531
319806
440511
280947
551492
2456
232602
205737
493914
824633
731698
174362
518822
475763
659808
551577
548418
62364
536117
843822
486356
714106
653449
466781
530536
70939
696611
343233
265577
327234
359298
139921
854716
733051
522758
570564
774842
205392
652606
158801
285640
414228
876431
398800
240276
977372
16253
83644
724717
339022
188569
803161
31807
470545
789703
669426
484202
583908
751403
608444
102783
198987
945008
409175
368151
980259
735092
388722
998863
67863
665683
555277
953507
732459
107727
802266
568294
350325
358361
61949
64091
665452
350783
290483
722356
144025
840689
369486
436324
425322
219441
459678
39139
385061
764311
902252
158654
996026
191102
546720
439960
80881
334287
694402
731777
711746
909927
824221
347888
322755
833384
43071
490528
299708
512473
901214
484677
472598
442363
524949
547498
71410
581097
903819
123625
453975
778986
804597
492038
149571
865687
940081
26216
808866
515555
418387
887412
830237
162316
267005
720135
91209
909405
762983
280528
337024
288797
538815
184009
346573
44568
716010
427600
229185
96391
364968
541478
201698
619358
909845
442178
845699
761395
679819
73683
705711
537158
314469
792337
95743
801777
646239
151167
56907
123437
436249
401343
636541
889534
94906
997649
995521
241276
328433
62314
814808
404736
575959
749165
460236
170087
859889
204872
696382
21254
109713
83438
846555
326506
216923
5420
486701
987850
542565
301354
978574
649484
888760
781505
156855
405680
49844
67571
249334
712541
391439
940427
743550
275974
760381
549394
997464
977657
991276
404203
455736
370180
876583
910668
415210
924484
332634
498457
108331
264203
761973
868959
218260
722733
69609
641001
409521
582951
186511
494083
171120
167149
811944
228745
887605
581583
173951
619050
191563
286791
464363
558399
976564
692193
886576
727490
689057
838087
52165
761068
256765
320616
915697
208559
181731
530885
298383
8461
354097
994456
388080
510483
411316
217121
263327
311286
361858
769998
805567
9864
894823
931270
162321
54551
930295
165138
183634
168483
361347
941096
900737
16889
845542
38806
874111
309488
557503
249031
571470
559615
927481
765685
999932
129594
188357
30892
601369
630823
748585
463991
855971
814593
359474
755561
258435
315528
97541
14857
910192
655491
615700
213659
723762
416788
125612
818631
156545
745270
881258
607081
505676
577365
498446
51508
242837
971273
801255
271171
320249
639985
944430
921918
88653
60648
32751
570725
520548
926695
422050
245116
510190
807031
315992
382739
495931
277968
734993
704497
613341
819539
997034
215197
406250
167713
923763
745352
772064
430998
507103
680666
503012
309414
299157
293975
245795
318290
864931
412206
447321
954822
53522
601438
112432
223186
817620
466885
750400
365507
656410
112263
592885
781086
163906
290967
841422
662712
594926
711461
255042
643893
995888
763172
942909
490779
343969
225975
434568
118034
937553
495415
10822
292218
251928
798115
221658
707945
312395
319973
795046
121663
988234
519869
949935
169960
641207
628236
439452
213870
86465
510975
545885
273464
426462
916310
595689
156964
975127
585168
611167
82620
670013
407797
132814
29527
731641
240768
877392
350671
507393
981158
65169
486682
8935
274823
473517
265415
886539
582128
773944
154327
180401
971211
427543
63094
216429
594212
882635
46164
965499
239256
453454
737381
313643
515036
61718
599025
383417
881255
284022
724888
608507
991101
485284
700070
152947
136474
156117
730319
363140
746679
242756
2439
590402
765115
918098
793984
171170
52673
161032
732225
676688
473794
945784
649632
507808
636447
254337
783068
403484
953678
908656
717273
350524
96158
294403
693368
796403
713128
398794
193874
796518
99604
780455
234130
94776
382981
177396
809644
752320
673314
143491
517118
33692
626306
156224
311873
672543
836403
641907
976684
800485
653416
501154
604773
168392
435196
265940
332580
372523
503143
24879
128935
73139
388732
368131
180300
787414
147036
559584
659406
685387
641275
33761
396830
52961
260684
954892
125085
946860
615756
597137
380724
374938
370216
65584
827345
382307
467212
292984
964670
878623
347210
844074
765727
653809
18275
991228
758408
770273
552884
4345
308473
255880
430847
866117
71415
378276
976533
793855
289352
930891
572126
89343
932810
592893
544197
335615
812592
818322
61442
982677
682906
131026
419205
927006
136656
629091
562300
394743
780060
447453
72065
802981
238081
879162
611939
855572
871835
657449
922319
395453
859988
940993
172764
122336
717888
252242
75888
586865
110486
599384
295569
66895
798156
477001
242700
364783
673870
674958
908860
737367
92762
326222
510391
735879
824763
940581
751899
820850
985695
24947
910768
149353
580183
232209
701946
393113
18476
690399
744734
534955
645400
502713
703854
403785
807016
770952
213331
869825
585068
264948
933206
10306
814039
837879
663883
388610
544314
262157
899802
618178
665176
490760
558187
254505
330085
86527
66221
651533
877216
366374
279748
119569
180106
102074
44045
115752
336961
709523
48719
378040
585854
782555
867071
969497
334312
632861
46831
970236
520274
584823
584341
615145
315608
206250
738612
700640
999569
835792
741481
862561
364529
755309
471316
661639
864382
763805
317985
514512
137389
12717
940466
328760
57497
824710
197035
767106
59295
91909
884761
793880
217240
415590
296064
208074
370036
414238
545535
863858
10159
913927
414370
487736
293171
780918
353412
200882
610058
558568
376415
580835
113086
963931
921138
593188
528528
889146
644493
547361
790353
598896
310332
677754
642207
537438
130382
961225
306048
145255
404929
105283
998996
196648
994443
634615
605178
44037
361543
944820
517954
575903
744763
649608
305482
730594
998722
531554
483639
900026
354587
356121
360722
95141
209676
204678
207100
367779
784116
142347
768719
983563
793964
336631
929939
952248
91737
809090
820186
490976
273682
545331
549497
507332
582184
813089
14435
625475
636886
149717
176291
404874
519558
433039
458742
460774
820734
705824
419458
430586
294565
494516
319479
840972
209142
654258
784961
530809
544960
19324
90727
557833
963415
519377
832003
697693
796187
947730
802398
632261
871906
515298
121447
805998
792837
784742
190608
595833
432964
619307
463238
775206
648471
371623
421899
571503
609298
940120
2801
697201
866035
515273
737140
107461
419723
301043
208629
79470
839559
877440
188175
773674
259035
626091
75672
681451
137546
722371
313782
877472
904468
736525
411547
894380
68091
528393
987998
659256
108020
982157
824951
218852
669863
814414
69335
260632
258851
117630
840226
313721
179234
291215
608586
391032
70003
636117
860873
526020
851274
712841
693563
800543
731424
143465
943957
137998
134472
855805
612422
394282
690000
725109
610920
999188
569488
461167
557347
346886
757522
497044
666335
75652
349341
764514
265955
168240
156448
17604
60943
843389
705144
63645
12082
961596
934942
82467
212105
142418
718640
901864
916181
343691
209498
295477
707991
596679
89185
458063
772395
422546
58124
17499
401726
965010
323375
469597
79982
67225
227989
982492
12989
396699
128329
470434
53296
807993
598337
672479
46346
722811
717288
10733
578272
506973
830983
255023
257561
224128
526607
12370
258500
6529
862533
139445
228566
946663
823370
120421
41790
105910
730822
519745
285927
457440
23217
947197
920266
148699
509245
837186
23277
813774
949219
541553
509563
282917
784585
275592
457857
100868
185677
954462
690947
997783
716145
476040
703993
546824
595363
410270
286825
916810
624615
561367
871906
729106
724131
168273
697618
913830
681095
607982
776197
905678
536151
574808
681850
506278
563734
878948
959459
383317
369232
471636
350842
679704
878661
433271
396027
63096
941997
847467
439106
729946
759916
247875
897793
138357
939540
447683
79005
355742
397649
863752
101030
365759
346165
665669
1073
845094
986657
597927
553684
833977
448076
382874
951934
389832
236019
419429
505968
497467
384925
83825
739740
103658
153866
420583
631256
399051
935928
875575
956095
786310
555153
183860
468709
967525
954228
281116
999220
267751
634654
751670
91880
134196
304245
441620
332579
407338
831793
973304
448045
986773
518951
994003
414092
628798
931828
697000
294332
960154
156098
608336
456204
272099
560250
785110
136789
657732
214406
473346
537687
419758
154241
158515
566769
935368
432446
81381
434557
440387
825266
683731
801094
505163
512319
411126
921318
799065
36509
191275
851457
144741
177255
603250
490520
512889
689024
473810
798346
146145
701984
531291
198510
455807
452415
913924
555525
553915
703132
58546
597983
749527
748842
871258
250189
31328
216984
64253
246335
371072
799227
817746
572281
770993
423643
572226
169206
161740
289239
263565
862809
602048
381749
155850
850572
395998
788490
171467
890296
888336
12674
799646
757535
485418
126733
897648
416665
504088
88551
557645
270377
54071
49729
886723
536251
349825
898833
92644
276156
583136
509107
491817
143254
206243
178874
293107
838279
421006
759064
439789
879773
463691
13413
965966
503824
146239
778511
172091
547259
210040
36319
715401
118585
395074
218980
152544
977368
378969
90814
708347
61565
863352
934665
602123
241044
973328
710563
811387
247089
76948
81436
300879
601608
698161
599993
238950
784453
667675
614757
948766
353289
24963
213813
967894
488066
706213
13206
186574
374502
664637
831318
155051
224972
644441
688267
359768
369639
200522
887587
967110
504095
550004
851914
356883
98702
395141
155442
872009
150100
730690
568514
173949
996375
570941
706717
874648
149210
220195
982797
169778
676217
157874
7820
837530
85310
530567
919343
831218
843043
317589
192944
198135
408293
334386
118934
434719
548226
842955
37187
430427
254735
120120
567897
706236
707832
63722
546826
950642
714900
59073
727868
42927
74915
14714
66261
685929
908712
194054
338024
764223
970717
297910
961211
124147
430488
871953
963764
535573
596152
172808
692000
330369
188299
915521
95456
102655
718144
886479
401393
563656
779203
660035
965974
174504
431867
942108
915492
845631
103196
177689
591978
149985
715241
568751
687867
456285
639114
232343
216153
74907
853829
324350
141695
500574
63516
85664
690571
679786
238339
108527
261446
4223
644093
916397
752849
157315
800594
963865
622447
229885
440303
142021
137065
800445
109274
351878
822946
564762
313936
150278
808375
350996
305340
753140
999634
424920
696790
497050
816588
722529
653334
279502
485372
306491
30100
775618
81633
351714
601150
857911
58087
487754
627253
227150
49306
107640
566084
85119
241828
53837
22141
587042
345988
885731
778802
327467
439758
791312
216205
875123
893016
484232
930701
750257
357832
594527
407709
552519
86072
394027
376403
497209
752323
253063
971458
794104
748911
236405
433020
856029
553207
314907
676647
263601
186163
314094
263034
868969
147366
906988
927125
15983
757860
236355
725051
654747
422174
277647
632813
281280
171276
33345
101091
25507
765109
775963
846505
895175
247390
433751
340437
138532
665933
250471
827873
685173
700024
276696
484393
915312
738767
400016
203010
179729
7587
240310
985268
516752
877233
738480
948182
586417
683023
966215
301829
158778
217458
449960
315904
58430
175898
33220
440739
385048
676698
943510
3134
522996
689735
442756
67346
675719
228093
589087
888551
538078
923849
670725
35341
1236
714934
353702
576429
305118
119095
868899
599050
99456
387694
107090
9242
866594
16535
379678
730299
176317
500244
883276
377620
618352
407829
307224
667785
110447
799459
74110
375194
869019
506762
395476
543577
192428
954977
40212
744390
79498
330103
558328
896392
961915
434908
823038
123402
719287
467721
416395
39472
775768
336749
816364
296757
311085
214932
249143
624675
752174
724406
674960
770733
822089
578586
968775
350956
147355
136677
584927
913460
536698
131523
350634
253651
745327
654961
843216
807014
4097
528868
807022
909271
437804
398105
990682
810038
357681
323386
913221
551731
233095
617386
943866
512374
463407
895853
735747
384091
427045
326135
565418
277837
184178
36048
384861
923518
399519
429088
665963
924672
934660
300893
687147
136131
277246
889613
639163
474476
690174
277370
270886
447438
906750
385586
542303
302791
809551
462712
182762
878265
321423
929611
988762
566820
212982
11600
307765
744861
438223
737758
181299
15085
281219
956966
885349
817801
637968
348669
340019
653161
731929
486216
553598
294150
240984
771523
707876
875189
190255
656494
497377
5211
248091
571284
70290
82316
597961
581689
956501
510469
96259
752671
417741
400065
735491
429109
904642
452859
989992
238877
2277
148866
201414
363416
800241
626482
887384
851601
683820
983252
83600
783427
308621
72596
99535
744519
730551
7707
40561
147645
173475
625929
132223
477655
475485
552848
200712
715965
758949
188528
776713
770336
375030
816394
760265
165983
825827
654180
874690
62031
107676
547128
780025
381163
669584
997433
476783
913048
650413
17315
306672
620498
397058
612157
11592
663929
420486
682670
265045
520882
569970
376825
274232
171579
116553
862807
280165
955855
287928
288880
544090
984498
329879
148213
584237
755226
671311
253085
257021
65530
175190
157241
890698
692972
155542
611638
349793
127097
946669
415151
502064
929416
117197
540653
982584
24162
419842
904380
437664
130846
723476
209002
673893
986222
338690
843487
198767
7556
848047
351828
531327
687330
711513
961394
911173
68285
16835
542087
350159
338509
515381
434215
987291
900788
533850
33757
963661
81608
132615
31565
378748
143039
650587
442983
215270
456246
582337
426762
808964
266270
632018
539379
974457
989443
875096
871584
528803
165562
826926
319237
658452
869287
164867
990890
256283
347816
54077
12511
194683
732770
466425
532573
776765
852134
542641
343483
380897
765311
299383
329609
218800
243994
246750
672141
486637
365330
843831
925528
563370
912856
371385
792451
539318
788604
476858
439051
766196
547162
873370
814150
482823
400483
683903
402945
960105
419079
547258
661689
664795
501820
295368
583666
786231
644590
551797
241014
849185
326915
814619
650797
534940
918665
521865
200406
371192
816511
16959
219808
446057
105341
445781
516007
715508
35585
538618
833870
335106
30870
946714
45301
280471
980450
260377
906263
893020
414797
293309
676035
135768
348362
632808
422901
2045
829187
544002
274193
914079
300197
481205
840123
750527
673285
123282
835797
319046
611629
882385
904726
976845
969416
395957
87556
693785
797925
532878
265678
566948
680747
887768
117704
490326
639962
139841
284035
775123
482297
602888
991304
895790
173730
447233
169265
769659
380198
552053
860069
85633
714974
737766
483310
31502
609679
483823
767225
312485
824953
855434
700521
900115
241980
513452
632663
405920
215336
177163
873130
877856
763616
397247
395280
920105
126761
217158
958422
260382
434196
894562
81002
463402
521094
87069
199466
672137
794593
391981
988712
884928
794385
576690
36989
907053
70453
898587
928775
239417
117671
726569
849280
580009
808362
278604
33532
177044
691311
232361
965567
897519
925892
4797
679608
476484
95194
446683
560990
931457
41137
556945
480422
604525
612962
459689
827550
244341
465160
737355
220201
612645
743052
223168
262935
916530
839884
760785
42592
475060
151976
129038
917950
897457
766057
782122
182692
526355
882829
739651
306462
669756
737651
815360
924038
407024
465503
256596
351008
951793
695403
384351
467987
376424
355531
586547
616709
925311
870331
481715
335185
140747
857863
914712
79848
148775
924342
380173
817153
757788
524820
502650
769534
289020
525147
617759
696797
908110
126334
504214
88727
891619
783313
242298
574424
584967
830104
875495
226780
469331
587050
875671
918371
44256
841601
236459
592528
591638
318433
790603
336164
436898
509347
358500
996497
98566
349726
725584
557246
17482
899632
602260
425751
307280
807726
264706
403853
778437
972966
177279
790257
483123
101133
944991
215400
139380
741962
770092
517580
358850
808030
281862
444576
664873
17518
274020
489773
557661
19118
394936
362237
840424
479596
563377
409843
145723
281910
798938
437125
210470
455209
22368
933016
548899
201816
742256
747575
711117
164373
151999
521647
132974
551839
532963
728905
881781
638824
83423
573861
973447
110209
592636
661999
157740
276004
496850
441089
852138
601694
995174
539925
318447
134487
648173
669157
380647
767359
886511
623585
974382
894103
130055
395340
912287
371289
204039
219252
91595
345477
960568
870860
755718
733514
313470
555367
127771
725005
378522
313747
58911
600152
523082
560976
785891
728482
304587
520812
56131
1911
371710
937916
412891
834756
224488
631801
894682
993601
816340
841332
746478
754875
444179
45623
996191
132285
217188
96058
148536
647066
554414
574207
616287
107290
403434
396939
200454
941759
826781
614977
124154
247090
311107
976732
567321
930255
26056
355784
352160
817930
938223
180318
32162
134588
477334
46010
153685
367502
497488
188027
523719
393920
817970
682135
131694
616279
631082
985304
853084
42529
733448
211767
74193
848486
973856
430931
432811
877549
651336
861454
525176
979112
647869
520325
747180
277245
130722
645482
678254
92209
587112
548223
608908
206195
998985
553136
850768
20099
880173
214926
681834
212925
690416
954980
615884
498758
921083
285880
887509
724689
737231
886239
56613
97999
498208
130301
615887
85233
78558
964441
963244
960795
964110
962201
827084
360038
511703
388254
916232
389330
66137
215486
807795
29063
467000
906906
353583
988486
303351
201948
730459
710577
10814
624207
511018
198579
562366
21787
613583
25293
568939
293915
981588
676670
539496
287005
295178
393615
349185
917685
99291
853048
440849
277182
666619
100146
192324
272751
721725
662554
192183
702549
201474
153599
176380
926450
786316
278984
497657
789554
274480
776581
368880
963398
217322
773008
851737
230560
607307
220703
618603
833225
392525
37226
544569
305954
895687
837363
169785
105525
798907
669815
203809
303927
724813
451119
83499
724636
676175
180099
337271
956823
560823
748620
883662
863853
150514
286596
973444
231157
359889
807821
490104
249390
558946
540826
207414
719613
620634
61694
442427
504321
95341
852879
91544
419732
389568
160566
794031
576161
422966
75350
686042
919709
616743
276375
701804
211108
168239
360974
839375
793328
349794
803851
752012
320568
960797
2110
407594
232355
628344
414470
14573
309415
826583
143768
179455
141955
948192
191368
60973
79637
355975
159991
643912
461656
148676
816026
765292
833598
512614
677282
639453
342054
932609
86029
648781
305083
442627
784393
179194
80168
906597
835776
726260
937915
520381
370757
731964
476501
388208
627545
608136
862923
873028
994265
617124
252637
690515
621640
30834
635089
556763
330741
116754
500651
53939
356553
939740
883402
10456
121199
376714
200034
70182
460064
783923
585425
11682
669194
132018
807968
505716
112092
239909
343385
219954
209584
955217
434688
11671
487958
174627
810671
215954
502137
94033
468753
571643
622833
691551
406907
499808
946276
456446
300962
571902
187161
9295
117309
541835
336219
27909
368120
182896
312966
366312
675153
548052
123313
443061
806675
762708
621240
951651
557869
653967
58596
676288
242223
603933
793785
324154
884448
588895
666653
180026
856126
963569
997536
195499
293267
154748
740396
805017
966256
987433
16266
907188
886857
220336
880078
487859
480940
976462
380001
402261
24671
157333
629225
878082
514902
168413
127063
357712
350414
702552
136908
302115
84937
327428
942953
697708
648806
870201
642546
26194
141532
639458
850077
415469
337171
461192
952637
808366
139167
741322
176518
844125
883481
272105
766652
894203
356892
10496
628797
864006
68697
359440
125543
114843
307160
241209
136103
130997
389900
284933
218655
648019
126225
185951
602803
259448
164612
124001
652913
302732
341887
599179
379034
613344
43887
526735
943185
115215
58324
75592
598623
782336
52757
475403
335393
590855
672510
528086
644559
335467
748311
918182
814121
754754
747298
657125
8640
475065
251376
514751
518942
418544
888160
730005
276627
205378
507701
613707
920285
564322
847763
687036
480051
776353
937942
913869
46958
834060
523919
925791
285588
834097
866461
952286
465475
68162
138915
266742
356471
644499
17899
719142
744696
54334
163479
410156
528419
616102
944575
993760
469010
915608
194348
335069
241643
20813
686256
123226
283074
612620
391008
573334
357996
688684
790128
913970
735201
425975
360553
774296
984140
895723
796873
338521
420403
643162
217719
191893
126398
984561
246369
991571
594598
868181
17268
851441
227067
529257
577975
504885
80145
199660
682629
416897
242120
332160
343525
940005
666871
68933
276999
743951
47093
608228
685150
56349
848451
800360
635092
774867
71513
599366
900206
412136
399436
781565
446270
998843
52312
346200
617471
384675
313424
296209
656784
15076
453215
184528
210320
179773
700538
929169
507474
63453
754148
108899
131709
835510
702493
440780
199555
762347
367144
657738
954748
485091
646392
568884
5854
27711
324598
476479
225883
649512
14385
843613
827992
616129
112035
376000
249861
298556
126684
178109
989469
359816
295886
459595
879612
527912
196724
41962
966680
462239
144095
773728
576221
427848
378782
785886
899561
615170
22921
933826
766241
503751
471082
754678
364590
216350
737993
188341
215576
19623
467731
292078
611709
511444
789222
561921
382381
696695
647420
56678
967461
187317
880945
369901
779431
853018
273394
173983
619826
287687
634884
141060
388131
21638
591662
214142
890792
923134
139397
119763
159517
832449
979858
861064
141701
351363
430945
59368
639782
236262
528297
275172
351297
567536
526995
785492
879340
761950
402985
170204
272398
840338
536924
965866
286583
623207
148977
250715
631513
750117
979082
184381
10151
190672
49677
496943
444425
656219
85683
105701
155193
303034
918127
787720
291709
812501
851384
718970
470465
898904
960757
1975
611856
461799
549060
591831
666031
411695
804712
943855
641814
200664
953485
802520
196044
425238
194872
804999
675486
555295
697295
94235
567099
880503
925826
674870
167727
18727
80341
34242
159546
625932
812556
265173
373453
601227
249394
541423
183904
532514
949189
483872
830066
799770
777921
409223
697502
630936
476039
651125
314455
643539
585642
57135
49344
400288
573207
487314
89770
394346
309662
672337
375083
740157
847521
21594
283351
57217
528536
436120
66590
328323
935166
637841
483970
479727
105435
719022
176819
235418
512495
426907
9160
449212
952312
672773
934556
833979
524384
616960
184835
143074
819783
24843
799336
811760
901736
379691
881541
579725
805674
555635
737725
901208
996485
330469
655705
299739
866319
708915
699997
90656
876579
28638
325574
219997
17004
812288
426467
808266
436371
457637
709837
683859
969859
576339
557061
882601
349525
660138
23144
341236
517277
36198
635217
667171
626128
950914
598987
601059
24848
126775
242737
730541
157334
448675
374053
998330
617595
792324
698921
321682
574563
907939
989661
431682
59847
779661
510357
783660
235037
495612
94294
469944
365541
900629
409774
703273
639122
356299
967149
12426
691284
397857
565891
634567
886334
498956
308472
15191
571673
199670
51074
870167
434948
212767
634310
593907
386054
781918
15918
231357
718642
966342
618979
935839
708661
178404
992039
119789
694848
117540
63122
276564
814604
958611
744359
690352
583822
244990
603603
922169
50809
258554
351169
272348
409195
597949
999004
946024
682933
448746
213538
575391
932810
317034
416930
335277
194499
988341
975826
192309
987852
331057
981263
57798
485231
955889
549105
80492
667003
375774
819850
243875
487376
384307
700028
805543
678474
759906
86900
557543
176584
75796
31751
390871
603736
578766
603431
159269
699584
64111
771841
35203
914411
352661
186615
988963
531055
955232
97077
499073
511351
62158
662578
799449
788434
828742
186885
139578
797335
115696
629345
660787
89906
78337
208367
74793
795024
804948
336391
58378
380707
758708
175626
616796
358546
999222
953310
699439
625345
498179
158023
210737
923128
38580
397983
762656
918642
930134
577522
483226
506308
6220
477944
822672
406632
335380
642607
933977
737254
695906
790869
395107
515486
171624
287743
152388
51892
123447
371225
180590
171608
152319
958139
374017
732208
173234
178019
142011
208485
905863
898517
110219
136455
594395
952140
292099
309022
381106
147675
211947
295950
902938
299109
923697
102694
493360
135605
453438
3973
270908
113659
34213
347497
861304
477092
887093
181653
490542
689173
513966
776799
413183
600963
548816
406163
232831
720625
166670
521607
832574
247495
25506
656253
237346
848844
142970
55342
119792
294721
654608
940921
677481
256921
509335
696744
336657
823640
883345
535706
355019
193926
659773
482387
972767
71248
634606
64605
912030
252732
800439
975768
762845
46855
469187
482469
879069
263453
423745
251627
983883
727925
347900
396356
316322
508102
585544
10952
782254
522857
167576
615348
820012
477836
357293
473590
807566
139536
874025
221783
374298
418113
932866
536965
146866
341935
851410
843388
653806
609581
711178
276753
173605
976869
160071
810715
219851
288534
746557
308478
660596
947372
465552
290645
203255
509435
109185
463163
962670
66135
409477
329014
759129
911122
993394
347137
834530
935059
811090
710581
309755
868367
485338
342739
669091
251367
606325
217328
14792
807198
283961
5054
660935
758325
548795
31475
532943
169254
705917
404887
807779
976505
7750
878703
718078
19717
905227
648001
629200
895495
500553
91652
281063
866840
911156
480870
398697
805582
34441
518713
634109
604274
807552
665147
872714
712345
172701
996800
965911
175329
914470
444542
984210
257801
617327
754549
839084
153646
286737
88697
278945
187998
34425
801885
65365
858459
566748
395774
28762
81262
361544
800553
241998
372068
285846
624938
95458
223530
857212
986098
625397
496064
681727
887076
505566
855005
850885
850108
376777
684448
701128
710556
187704
763758
201063
354485
891819
978284
73687
690254
425115
366746
672374
686836
335776
893258
391296
483455
288562
742396
964442
158268
116556
508632
78028
274620
466476
143048
134796
821432
292215
159215
983605
834463
6458
953673
825495
5566
683084
347296
625767
620939
462735
575848
839127
896206
93525
223800
663105
465325
804703
340773
782396
449170
239552
193789
10129
546107
388640
665821
267464
559006
729436
662640
387867
108982
911627
873092
911244
434094
307804
920522
485138
224681
827291
993450
970095
675948
382290
993153
687325
396969
632332
564600
709414
691241
798645
945410
707027
856788
593181
869425
611964
342816
605211
167286
908223
912020
796174
579827
400972
962104
512575
82431
958684
41179
942818
402613
298113
437184
462971
432825
996441
390886
487198
688905
477404
209715
543438
30907
269525
413948
308423
735001
664814
684020
250072
483093
519139
495022
631591
825386
297753
540688
209817
567890
178247
788118
662345
818654
414162
947584
970229
5877
920823
947162
847544
11755
122978
408358
271537
699069
632923
488871
705859
20263
389856
882444
227958
776866
877837
62456
742588
461373
372472
308970
896077
934167
459225
436302
633715
833655
973478
496351
941922
346504
839549
155511
452799
648500
866555
315444
63361
775259
724266
510409
253301
786160
797462
270686
592667
76528
107840
881253
801710
955456
650092
755323
524353
522019
12053
302710
42821
84309
812225
296593
803431
702470
703215
118321
164182
495798
190316
733715
129314
969449
614469
687637
996224
983176
321558
592285
806570
312660
529217
423658
122211
660615
63803
629
506840
386057
650304
190723
352162
232075
373158
278218
688937
720324
537871
310717
739746
434310
471289
252470
821816
351484
766896
328576
541833
969923
507363
230014
194247
606433
888019
605434
285311
579494
986151
330958
942774
714206
335325
319337
31279
550319
607259
20095
881098
282518
770019
488655
618503
831992
747877
961746
357799
310247
313519
237053
134835
476916
431552
437427
58390
349548
114170
24779
65701
947440
666421
172409
787392
314549
750192
495771
315216
89172
347874
367074
587695
654606
950959
337819
4520
900512
492470
995929
960787
647359
911175
93057
337827
568049
884082
322418
683451
981512
29498
231183
560634
761595
257577
380778
82456
427746
775613
462606
373096
512782
899200
342889
640445
102594
236789
186900
443753
188754
615598
681345
909665
481815
174459
689216
770684
530892
962300
710125
681434
820553
584216
511354
715361
710425
265798
555157
611555
737658
929736
971957
955675
318064
228088
944134
825110
983878
13051
461679
348015
413090
861714
95036
72435
445764
106959
954541
585379
248347
746852
849050
643671
395652
625303
254145
633919
434848
327954
470126
715077
642128
611798
197702
132879
922064
919248
779183
421216
693869
13380
719839
815454
104612
50982
809280
52334
756633
690887
317949
385339
466416
389868
127340
69334
381260
578875
865240
122743
287906
287759
760810
882786
271033
571306
129459
895845
0
635658
359256
373054
537163
197268
491994
12633
880556
614573
400128
596918
325674
925992
55268
847529
92385
481177
795800
763451
516789
697160
679091
568686
876980
789186
46651
218654
764488
886729
500848
783555
240981
891435
946995
350163
166965
703600
121681
434884
245261
557740
207088
37743
448524
543221
263445
985296
487232
114223
504848
864490
645140
284867
387909
631624
588202
783022
889815
487070
683857
365942
666802
988429
419811
297207
508149
759237
720126
367067
862523
950277
819101
650984
889541
443966
48530
651314
465413
401365
43170
328114
913609
406855
350461
424751
82371
206056
24216
681497
741361
580356
330089
939829
400685
486502
239294
216049
122643
161846
585851
957529
588810
565245
195054
565346
103473
839237
829136
58148
227688
763356
435291
216677
596600
512951
904259
682576
743968
131890
678866
615365
42173
633077
129443
797770
254933
64819
103098
728415
629568
774412
484479
949550
279603
744914
739605
333921
687530
583465
102939
139470
990385
334856
158335
995406
571600
54748
654138
343979
381777
821387
754156
633399
56943
41301
442900
326969
808797
438807
626411
105731
698863
759530
532766
531231
920041
455080
439527
561255
805859
14095
627911
637108
909973
81853
188514
55535
576069
559387
557366
147075
555466
569879
632377
422579
699388
63241
893903
982983
545018
201463
593509
174754
555159
566836
717357
561455
405089
922403
856502
89786
600272
957913
283815
233499
849032
449184
897751
139532
513803
518872
608012
932508
124478
684537
457807
839868
25110
357555
185192
643959
417375
476982
587708
994367
161001
228749
256639
348194
795087
469093
866007
963228
930021
182252
75919
473925
960509
745045
609332
52779
584726
394744
56080
469114
318050
976789
889920
644568
460979
652089
917620
863374
243393
275385
166339
586656
666714
542235
985257
407933
410215
131221
765662
716177
941014
265773
593363
399672
288169
581055
536780
267726
584923
641309
389396
802
64106
941968
998882
911433
505926
252157
348999
606478
238868
616995
159056
915015
705183
270849
45246
882627
22044
802453
553375
509727
402520
212414
147656
692408
641408
887683
200626
678714
504268
842092
656559
648919
671690
302606
365255
226132
200963
810085
736691
852541
828491
906969
962101
400185
404202
749155
116178
134008
269538
226825
993197
658696
742493
164805
45698
300551
904501
214148
744763
896435
647135
348490
101682
470429
674165
853426
642116
77821
619678
836179
71182
164446
180060
432511
537671
716026
923633
925669
17338
413664
623087
451542
498142
906769
883099
828132
444819
354859
522109
923815
312444
13181
665159
646105
558451
240761
124063
604577
517613
870535
62539
921901
327980
254902
883960
273656
892891
639565
546599
488043
201737
579648
122037
194207
768005
675006
356613
346305
309650
271655
550028
608655
772807
325979
531320
59775
155974
121390
466942
579390
656278
327927
886143
867989
306720
356488
487062
271336
714819
115384
811840
714201
818388
183195
242024
604681
662389
960147
574351
117503
565456
857856
398549
628129
539761
824851
975142
317086
431102
855872
997700
172014
295507
484114
840044
943025
276030
653720
106472
343604
34132
956029
330929
471123
470190
307637
855934
974072
377795
820755
957741
414849
222499
570936
10253
670912
708686
959079
826502
450588
974575
530483
765093
545108
49720
387993
300168
948836
271003
100714
930402
989952
528482
691361
548524
103101
154539
940947
488169
387407
408964
964100
320532
430125
311327
649877
279463
473745
703730
70491
336906
394971
777966
216140
993303
5653
853337
138963
748166
63505
810890
137347
798906
980271
305472
570279
89383
206011
964960
67768
113502
643571
748874
855464
884214
737062
723671
597275
4249
726647
471856
817333
958440
635521
499982
142222
246028
486228
464265
537986
278170
491230
622239
405478
573602
395430
488836
227733
793684
970929
746528
778728
667472
929607
389354
542660
191753
563215
831583
885260
14676
357271
507614
617975
485715
453424
786403
464253
846008
102518
269726
422892
480312
177198
331311
363671
234447
303432
55297
987757
626537
832003
224896
648295
715828
951599
511288
453915
785344
579534
110283
12590
702799
263252
842895
183335
786303
705998
738306
432670
520721
652767
70826
397011
24597
107301
645582
836570
700084
172729
121802
897204
824857
265429
572755
482746
286461
467089
138952
878258
939087
400390
506544
400004
957820
227475
161750
487366
247008
203774
335806
508276
48777
742514
104067
13115
850467
607462
602638
44532
342534
600991
32501
231982
532889
827276
770030
49252
893089
790414
320430
935630
384618
699419
745378
87699
437584
412152
651273
309915
455786
138851
10092
656771
387220
465747
237819
965162
89432
482519
177350
953448
774521
133851
634452
897503
995227
244298
597731
560617
106962
634189
255805
262193
157061
937713
414964
656605
532670
519462
944826
864809
534098
724579
138271
491855
413992
547815
242215
251682
11623
449051
54535
784699
298432
497236
196476
268938
369301
37940
876489
592078
451140
989103
631307
185375
270421
773227
538938
598952
477500
916545
513918
836787
672202
108513
235563
917533
151286
110162
234011
183464
123652
375062
596391
132719
693328
370603
353218
860276
62649
390638
789681
368213
842797
758107
770411
32350
545996
82543
926921
396280
990523
74222
988905
569086
380296
274689
70309
880624
505973
929527
776619
591808
872163
101036
753401
857162
532765
24711
12472
982241
689661
676125
418546
900164
743614
527027
892784
59056
368352
147488
881588
464975
61426
388305
928335
692558
877183
121063
443617
8012
654423
835323
89707
717550
629497
264065
973778
648079
455130
212874
680179
745365
4052
330147
525405
492959
472686
475099
484527
414554
947140
970466
847503
841971
267411
830989
98884
356391
227491
879094
440881
288693
846289
987009
561135
366069
88824
703353
441925
718531
997500
116056
454343
470163
516210
639909
418056
168552
645743
552760
481917
209568
637292
623833
900143
836071
301907
501191
138524
384012
198184
519188
766187
287728
819991
871405
74123
710362
941398
188920
191527
268328
218486
221334
403911
24225
86284
102856
480518
909925
776886
701229
180908
718469
699660
989609
947752
706863
999653
972258
279339
96002
183747
752996
130339
757824
186204
696357
865682
425505
159494
476962
736971
42500
982718
352295
943625
82753
620372
638766
530220
886298
170167
339359
90961
620047
120025
369718
649484
21840
25150
54979
453573
541837
948774
505226
238124
331882
972117
955274
782042
405774
332540
524891
579397
660891
616069
371184
266784
250616
840576
789437
645325
303177
261093
23090
220288
404416
933957
388453
235697
8397
122898
874317
844861
816881
537351
211242
665690
776688
519221
453443
254645
780453
256108
516679
910954
42479
91714
745557
839391
591497
158147
353431
916606
462456
280693
143241
50701
720605
995590
478040
626283
871466
965588
328741
469865
435377
803609
838888
49730
484184
90930
439793
869369
610409
57738
145994
128270
633542
619623
721273
566684
83962
6033
975714
54994
414634
16666
475784
911179
537450
801295
41972
647373
884012
662201
961390
688731
657875
272592
350568
35959
367269
931837
167739
787128
367007
510218
225993
929667
697827
315945
810945
955625
484621
823582
270464
21789
141219
766281
803157
426576
179754
855380
201437
219051
828693
282293
984909
98792
907353
7840
987662
572110
280604
905997
659587
463367
542731
914401
942438
352415
861515
177724
954128
466139
569159
631454
218903
547252
558184
902710
642769
430447
628707
443529
252215
288602
179691
40187
979749
553316
688840
391038
217214
476570
911360
37780
449069
349754
978737
136770
433478
844662
334656
301011
960266
792902
296812
644229
165706
90090
369724
698517
857250
502075
730263
497314
155623
381933
635698
44416
131675
981732
532323
359324
246237
835183
744021
860679
265822
509221
69396
896417
692621
826458
838344
724451
172437
884926
385407
342408
704892
685331
841187
148121
142956
418570
765899
931860
321679
220665
974828
674360
77331
204090
20912
71024
198285
673698
364319
988825
959609
49692
873082
428786
118496
187362
142951
98015
864786
444759
260805
392794
615251
749444
938657
178231
981970
198446
284162
943761
844564
924688
711647
522134
419824
808635
776881
610797
112371
392966
33443
12799
301091
536563
328869
45993
904161
305823
377503
558972
795368
67365
416899
250287
489010
355601
289595
759138
21433
609340
810946
494735
579354
443913
494350
961679
786966
343738
983915
377927
414835
676016
405155
650861
924224
707517
797721
139322
171317
103271
466486
753134
172536
924028
764474
706171
188028
819021
124596
469391
301892
816264
435021
10241
154694
444662
951230
832151
10474
540237
514402
775666
533681
445299
94950
740823
308723
715152
676892
914778
878657
972814
305071
194153
613225
85936
743473
281330
378775
366924
425744
379570
11096
814118
206888
329243
761338
39723
760946
166753
396880
11655
462105
34658
469522
873571
424813
938288
675233
606526
436912
734332
958759
906151
61774
251744
63837
392788
391403
689864
345766
53154
637844
3902
54105
196970
863831
548818
556508
325884
975854
584930
250219
886715
861654
722955
123448
994005
470974
320940
182189
879581
600987
59412
294541
298886
703192
445256
294776
346622
920427
507378
949197
306468
586243
989224
632489
162536
400989
440024
196942
830526
314422
180942
708448
370687
747995
939170
999752
749468
319964
666497
388219
727423
728735
65494
826133
568512
195216
882516
710431
746880
54390
262499
795632
723494
408481
806372
156207
206260
66751
758627
406006
896517
124943
206616
478802
304421
919021
741274
698279
771853
627659
505889
983537
875833
342336
826230
595429
65256
409978
4025
347253
768944
809104
700366
200051
913595
757938
440550
680909
312225
7938
708837
447478
779940
187515
119669
50406
233986
168975
258535
199863
986107
837584
144449
884976
174047
922436
783144
855647
17618
127515
472427
121887
620384
228796
534761
132026
686519
890491
724385
161575
604741
535527
269204
888116
235183
448961
393497
478783
765418
963399
424637
137630
42426
702189
745748
567326
229701
133869
72289
700329
483347
390326
818269
300097
451365
500416
339496
698537
226543
186687
964297
682530
78514
909365
122467
332306
394618
301666
339703
876546
142641
264727
41104
148798
507743
594217
834383
209247
215295
801024
299987
659237
786047
370895
878212
281150
130195
958686
444797
447396
158454
7874
78740
569186
854910
259759
62023
27254
70234
24292
626692
443282
979691
832132
396500
761405
369021
473861
541286
140887
333281
80321
208244
780985
957224
75754
858708
439482
756670
952667
972957
690959
600032
406089
480692
25226
353275
126168
904242
276739
898915
668298
778291
587156
216108
573906
183230
8701
361257
646023
653516
73384
969023
898676
560311
395144
114916
562508
126720
347226
655034
250234
846269
264910
8258
749655
151901
487999
700926
551029
877402
921628
295208
106328
368442
749227
357448
374084
35521
414948
123638
304178
471990
662777
371564
40028
177552
132149
913159
509751
822141
701186
104730
173249
450576
307333
659183
653488
265157
156516
894683
241610
98225
14503
862205
75475
777675
705020
840851
553376
783248
192533
533240
766218
859224
241324
153086
465150
549299
269862
895332
914418
582783
950805
419956
852402
369226
858392
339772
374168
612766
721309
233766
901466
426925
495623
642614
251581
965786
634218
587616
189864
425058
523059
481348
980563
709477
79461
218055
893982
208469
207102
885647
880382
91066
179640
865115
598290
576415
996651
607996
58772
550364
103376
53299
564523
475265
259232
180777
547356
584284
569498
877061
688481
784616
788132
474477
756946
641618
200713
60125
523136
451240
361953
931677
279777
249633
171470
951778
457573
831747
443170
461123
229543
263285
689310
212822
549695
476769
508630
973927
212596
392453
260656
309268
693903
820759
531275
285576
816522
885459
596412
70482
587687
84130
778803
56097
407454
695016
311676
440734
499822
534186
22369
859686
383957
999195
281197
336355
130715
277250
148748
865222
256328
980489
287055
572771
637749
653475
918603
756968
501248
717851
771361
17723
443673
417014
865816
722992
475449
391173
124197
372708
125939
777225
237837
790457
765219
688706
738913
872877
532162
801942
467496
178841
252828
25179
618075
366532
210968
825537
701706
137122
786230
314271
42140
669996
142040
185432
168179
80669
682359
77417
61998
771462
107254
798035
574088
636046
535571
499551
788126
875658
287866
446739
691085
313205
273332
591023
36345
479692
52284
730916
973611
372937
500402
764626
100946
137721
392489
882364
108266
919036
991899
894347
96634
212057
260668
660539
462327
83515
963435
746022
873542
569292
23621
593195
991647
174381
365140
127419
329101
803599
231013
148032
714386
99377
882871
569962
913831
227766
51471
888471
728864
370786
231657
733341
914158
290417
338121
365175
553919
855956
849839
346443
988544
217353
406056
80340
885186
420437
640065
576689
924090
690913
462295
652361
711587
551919
216778
656217
949886
34551
581840
626267
534137
327138
606693
731348
491886
892642
421280
192571
559746
983084
805153
472385
255726
712339
646631
153089
434650
160450
328510
883846
809957
894166
214805
519411
270337
594582
445998
999699
97660
222480
422190
931006
235545
211857
180500
718180
281501
685760
112327
375801
913637
443863
994055
360381
581940
531647
139078
432871
941451
464456
991952
878829
450225
433154
452772
507059
749202
834298
803943
671501
10628
832724
942318
412787
595492
757250
836217
96512
191263
218910
328064
137382
1677
119210
279845
831731
162359
252321
586568
462968
474809
746297
668345
560475
334595
361912
270472
160955
983801
720048
876153
591739
558139
264985
144852
617134
692287
301961
558040
641693
756313
17042
308367
54839
248284
992824
59005
327638
411867
177101
425842
145258
242376
22827
790399
622148
105598
595342
226437
966593
889050
695628
740393
571921
352580
45233
665571
693155
380940
90747
290998
479535
140783
285038
580794
78431
251832
851413
174997
365019
810883
355735
93896
718959
511261
46002
389605
862747
420679
86358
21087
540792
629017
500704
89594
681602
283908
539505
872737
311110
979056
546987
604566
304041
229892
767880
368452
655442
293379
847510
38640
827765
243923
168531
558926
376061
174106
213217
171248
519253
193409
62694
455833
186196
350938
845634
785136
419523
548638
453678
199696
22155
763023
481774
418300
224064
70204
90418
404976
375812
829539
78031
827730
711385
56368
566805
373703
640775
996388
514060
293411
837478
184593
646928
572088
968841
905090
398086
7439
561863
333367
410106
321781
481959
303757
890199
498604
497063
465276
253185
61955
142569
874811
476371
795136
382971
865598
999472
378745
451073
927007
189896
82370
113410
521563
503465
718912
158731
874099
12607
353244
462147
410994
212138
886612
83789
834766
684218
566571
310035
370408
673226
14272
608886
498862
818358
656125
207
926816
839930
895206
684128
122799
815400
451985
940060
952897
319685
735157
193487
875538
337409
399386
962859
456884
701842
572336
422769
205047
398252
758716
447544
442787
864607
185197
329245
49762
329164
247693
125576
671483
302853
83923
154902
69049
223745
710421
924904
580394
444856
92954
488648
206659
147745
795021
275059
728673
887366
281038
235015
249834
445824
502563
39626
423442
82197
713036
922516
557562
698410
685364
565019
545714
893990
924995
673113
832159
370086
652625
227292
842808
781462
122996
771049
893226
507442
434810
953358
400604
983641
627378
520771
262540
283531
810533
196796
125528
252287
197538
367374
347481
950948
628471
172859
890474
447986
716348
573340
22790
973291
425673
402922
976847
285235
233863
840616
433323
336905
447972
322545
908681
886241
595104
371353
400898
158752
184901
692227
803482
702963
484211
178815
382501
340300
755481
626461
507270
502971
160128
754451
276691
514213
777985
650054
697236
848419
180439
273464
977963
63993
366415
97679
852237
74929
907036
300222
226990
248339
646727
498322
612155
795780
179331
560411
233793
581433
864158
3637
945515
492118
647956
257586
511400
724775
15998
846438
321323
660921
326376
37070
239372
812182
657791
325021
389964
270492
144681
245157
567030
413753
55727
468574
897760
422597
800981
528855
845969
557116
436491
329782
991740
592087
486844
771693
151595
302789
410115
537019
308983
52811
537405
563100
868787
187957
339513
98191
323177
168440
97676
819842
603132
281766
37762
324763
676909
109388
628079
210469
962872
10795
90083
91285
102494
486545
905723
743033
228414
535828
791764
614268
952733
716587
388827
797720
947461
605481
604864
595160
993673
893271
699337
974921
317542
490668
621507
789437
816644
312235
21907
757179
184668
484122
847146
555142
366133
753882
388183
928584
316615
830696
501622
531035
679360
25263
232774
676853
110692
596039
301144
308717
515983
45966
388260
555630
521686
262049
580854
507383
82444
705848
707269
140108
398048
953563
839012
571196
826532
686341
400274
488016
443816
602900
143404
238733
534469
664809
416130
513510
72502
269218
616134
212226
693408
922993
23328
687141
884850
105369
421087
112381
723687
533445
911691
209804
157864
97221
860950
245996
139471
184293
444529
3204
353927
424556
205178
494534
533263
329710
390930
842786
979549
791566
583885
53450
915615
877588
577603
572835
482268
913511
587139
599301
443449
178087
366119
699503
89048
711657
748035
99274
819867
114640
927287
134424
95494
695812
355428
508345
37635
830994
491771
244314
100286
369824
217073
550970
641905
303499
549135
251098
859194
125727
831973
874177
36583
148210
778143
880553
625492
987869
732143
26634
723564
842456
901290
171392
578699
91057
737455
540571
705156
652905
154753
622403
761598
866091
7734
849478
833337
826410
52553
85184
548975
797910
323402
609638
281301
284602
715764
677231
318272
675637
521887
261215
152677
30547
654284
155568
6329
848775
905822
225184
144247
503815
705320
783762
784192
368516
119969
714145
166748
19717
209332
695240
754270
191199
361972
631143
48102
414291
316525
15475
997184
688772
461782
206973
162794
710355
591138
962717
207987
32409
630325
745467
10431
799424
620340
185465
936551
975678
787509
49280
354237
975151
637078
368678
835117
431438
288233
772089
629503
258577
956237
500203
468920
245918
348952
721882
461024
202541
478320
440378
266527
471355
570937
513057
423233
172903
424488
915118
149273
405678
599478
770519
604289
266942
753841
716494
25535
39800
197292
259728
319811
271623
873879
973706
552205
739672
263657
207336
153067
178101
112697
956539
694880
320130
689453
470725
307808
237458
511817
259492
617144
400678
343849
288729
541195
254468
312266
193461
440631
534257
646530
955487
797463
151435
559888
820868
747681
723013
188174
794651
917614
150911
672835
650388
290650
748609
950357
447516
475457
637460
536219
636175
596202
923453
255441
27323
586240
974679
970789
191309
828603
934924
203310
224219
44830
379503
682364
122765
630297
173113
123146
239656
546126
529055
560016
898041
639217
152332
987317
235738
177928
770240
857890
531940
637586
247492
468786
904113
124228
111369
839941
832268
162286
405661
149364
625144
750460
432841
325726
106138
876441
839753
377825
430723
73454
195688
987173
94814
745544
108344
346322
40435
400600
83883
460577
287765
130836
708306
97552
977390
484602
750447
98415
172069
295732
766840
763544
199017
248791
926571
767292
924893
693445
387464
972248
55840
593971
615984
959430
136119
798149
818392
210799
363290
211221
823658
957534
439640
153171
315576
845872
56551
577094
630301
773544
815884
205617
948146
473823
126051
229713
559722
919128
351948
589506
975115
696945
497586
701248
924553
67958
247609
61771
330369
448656
95492
167653
289039
100955
422368
660917
739084
17301
797072
538190
661799
885873
460085
101449
155935
973196
463706
829006
377114
954999
57818
807602
374501
670130
370798
678650
88009
675450
481239
418558
632646
297914
594084
428329
441263
765661
280097
470557
508321
572035
956252
966707
8801
725457
232469
702368
268049
302947
804289
710643
867151
635293
995771
969018
911915
715935
59208
797125
15298
333142
429765
554306
173819
570479
483631
856327
537822
632487
223503
98287
520460
712574
67904
104795
889247
812363
925598
899098
910495
285352
332557
79011
473821
104461
308323
413567
850608
691066
770867
331204
292233
203918
934199
793211
189941
10869
957721
858851
248304
149695
775454
454607
409184
354123
761455
738858
936757
185122
159430
549787
408730
956448
548402
330179
297432
131724
889350
233059
243400
83465
847268
682203
863795
135206
166305
577677
908104
74960
256725
703968
633656
259495
181570
782945
672818
319661
499999
915075
799158
758939
371648
177351
806360
446350
291427
953207
791315
726174
369433
34188
193480
526672
558542
219631
242514
770657
318520
465820
590214
412738
129048
605475
737612
984356
958320
35081
81556
223529
479106
407563
781176
44538
737280
251650
307501
728822
750741
652258
614564
580679
854926
878300
36291
200657
799527
811556
762747
827972
897838
519308
551237
287441
599446
703247
943422
647610
673307
392491
458461
145089
944588
615589
789453
34882
465082
471280
786539
367453
620027
784168
513438
570059
541211
401529
380557
115666
722848
458717
361025
350099
718329
529026
886809
665985
590019
844425
975460
117356
412151
420715
223199
89019
671026
49910
223626
190904
376034
15733
688873
163782
976202
336942
875156
529005
46963
177221
299323
184406
305584
101246
787834
737042
275596
663776
691669
245780
815570
358196
731536
488447
412152
140717
695086
588506
342888
313569
686084
340385
22124
444341
31736
802037
885110
903576
212251
502515
753418
291430
151201
340769
140361
209004
58041
587525
819867
22219
52877
701904
695159
500597
112920
853175
447954
831381
289694
193187
96418
220875
703181
708542
570893
336661
279662
781358
214451
98697
384712
341471
184789
62590
35281
799736
487072
930059
620178
968431
131162
477031
501142
288888
923560
958320
397646
673560
318585
363463
474756
518233
480467
861784
781498
567446
583096
841271
385439
508150
722804
3238
334445
287093
40838
457907
137890
912862
836456
891966
829784
977749
156605
69464
236931
793680
607959
989832
382599
562470
119202
3047
488820
308992
127152
255403
828383
762412
268705
318848
25822
61456
839534
600978
426719
351483
656147
850152
935013
714007
734295
757418
239712
637179
349817
630723
781993
647005
450104
690913
683351
633636
163263
8089
400960
485020
710636
596072
5648
373571
472508
344596
682623
183872
106324
563250
271218
203379
275054
242240
384688
511591
764638
949042
63679
110948
708928
437386
954715
33058
624513
766688
835474
907672
107654
80001
998655
68850
197500
925044
529312
607264
105341
484824
951254
880075
54876
770793
895354
431778
40717
446689
73174
171091
146484
448699
522183
385110
712904
577298
238189
706659
251172
107944
520908
737924
244586
26564
467650
872132
450644
943795
222629
338951
82904
753006
949368
306291
935543
503900
619210
634892
414307
216494
671212
411358
522187
831336
845325
593171
858372
447616
53876
612516
335381
226783
563096
259628
512799
443396
285535
386649
961255
900104
211378
565819
899522
454460
665529
267391
660124
918766
897208
534133
890084
298187
474885
921996
392024
504158
674341
383968
62056
865206
748099
375466
14666
12902
530828
342550
257305
541350
587178
883634
97834
354135
143514
798338
291246
612388
924332
390448
464765
257540
410455
913440
493445
534427
256566
396450
256846
49536
570979
968577
278185
825562
196718
527416
691061
996387
241659
632324
995853
377999
129397
914197
417873
246213
230962
943262
664720
913356
578981
69452
721615
730113
576762
969171
607544
757956
69650
255331
374178
224179
540059
627705
817977
423118
442762
637970
954122
185850
710520
62587
646510
431265
276567
854533
398480
681078
848463
190996
935516
136022
32889
21078
666821
227722
245943
616144
615603
833193
10541
612499
157000
774618
496353
479886
80334
838328
83051
632701
938366
125646
579672
906751
245615
28097
69089
884934
909530
661005
241987
230888
328454
66600
956027
29842
564692
159234
427232
138843
937193
423790
901724
153398
800435
196378
842760
644738
370138
616954
171428
564156
438725
463044
26544
431380
381574
919060
312809
562653
7651
888239
957731
183453
907522
28388
683135
402436
951728
635598
685642
249722
200334
907831
350323
805201
100184
342167
541862
216090
29651
885306
191113
570515
460435
636351
87506
925694
962406
453244
751299
763148
956385
130751
897027
180664
67781
316272
519258
127793
702348
744274
955977
623471
487446
666152
374916
482727
720875
137268
684301
81113
886444
341338
321646
221575
10587
236516
975891
979840
953859
800991
259073
280602
632582
624610
993719
244925
469441
245294
14560
648220
756254
720881
640241
740287
168053
773029
695269
364540
917791
980437
615955
98373
883610
377920
676840
150490
389522
907926
815943
8479
65746
776927
634042
764104
28166
457915
1107
816112
737708
555140
277283
918025
118423
178128
639062
172398
158176
739858
302890
990101
192169
702944
45578
605536
993807
269391
641099
942034
207532
340922
403714
153951
892485
710818
378175
796764
367063
187567
130283
60949
88441
559509
321401
40509
520750
264658
568396
310400
511753
112147
596389
756277
301757
991094
743943
769647
864640
588394
922026
953779
770588
999731
351191
852995
387410
918730
77414
826841
604907
208673
954642
314095
399452
69636
772534
676091
905365
848475
910247
467449
307942
570444
764973
234912
655886
72573
125342
783414
780578
169655
668697
844735
871255
262246
257372
684945
52908
771069
351555
274499
576630
938550
427422
301571
11401
997303
673965
94215
504192
630288
28538
841500
739626
48097
383891
438810
262033
415321
551395
904057
290792
304025
208109
455164
883216
844279
778916
694155
653639
681054
272553
392478
173998
400530
100001
626709
105141
444561
716338
930982
289253
281429
373723
437166
857545
91318
996397
843368
409722
919149
451818
272763
218950
512180
879993
975597
228284
217416
211394
183222
358167
984400
450924
949551
491141
426136
355121
325865
775954
211318
567450
557850
502838
511693
716060
427379
123191
948656
685647
454733
356860
341918
167495
740225
757168
417771
973457
950678
147023
245952
970124
45845
370960
26873
590561
569785
98159
773420
488032
752067
618838
436810
494904
835945
558439
292573
502227
794798
846249
321009
985932
600909
531404
865615
577806
341967
458266
912804
376458
604924
390909
235649
646996
733998
378343
659388
580827
345537
766370
543539
188099
175590
108788
658928
219681
252503
988846
716072
240594
478437
430801
390110
267512
638573
343006
831589
482962
230697
508409
291650
228983
388834
734457
848752
319727
84867
648335
6396
253294
720713
321616
251857
933742
548951
426720
491086
546216
541030
830397
237843
75246
447194
793509
409435
558888
62703
804325
164739
385065
389266
505600
95529
740013
494092
761720
881776
51569
363865
297275
609119
577647
615063
949229
942569
271477
537882
662158
200583
608929
265372
21704
621313
839611
82386
917592
155341
260911
982873
180566
999566
278885
284303
878306
605501
73599
523711
668973
393189
708846
102004
308449
842056
489522
302382
45294
827039
524652
716723
265331
871807
91489
756668
205829
488151
200717
487184
833502
456982
298337
387887
866917
348009
37596
202340
195477
13218
13185
33150
243661
112116
740026
280152
717492
704347
124809
529747
199431
932953
288167
29797
137665
85402
382651
595979
612326
282297
995640
784922
317163
37403
261331
973299
425029
649017
742816
141077
502220
76668
433416
488013
794124
393153
17897
693192
418985
466172
882122
325257
593068
407992
483705
449909
840878
502396
770244
868044
277343
807626
11408
729842
982195
884353
337241
593771
265643
745442
93254
735974
194044
584495
262760
765680
386397
805039
479759
628361
852402
461071
728201
661268
529232
703523
168248
837415
346349
709577
186191
91523
408997
630126
891689
757661
122411
546730
846789
343707
490250
226311
823074
938202
851351
403423
704563
269740
482742
716387
379776
403359
662085
478584
298777
322488
894184
445499
837687
61823
615666
224549
695344
789556
58092
119114
781270
930335
497350
444412
54190
262725
927959
327244
100744
597110
194259
588976
850815
686468
854536
260544
953807
989710
203860
270107
373198
982394
783271
316199
98185
291265
41585
925557
862396
318563
868712
738498
253933
804284
253623
456537
934501
636719
782342
549078
35724
277694
801442
275526
783264
27068
929610
3179
918418
208473
672853
426140
46397
98973
607683
943304
636419
995440
301918
26523
731782
788309
264972
140601
76224
676471
338356
784807
541952
505500
989835
932745
583874
564342
145530
596934
223849
606296
864878
119815
676699
364038
430779
693791
340025
920677
136493
316165
270138
247249
139245
58620
38499
756557
135885
379219
999909
270293
597488
800904
492114
635216
737177
536008
593405
50530
359822
706642
515886
725085
635176
374201
227455
450263
85242
436744
445527
991574
797596
889280
781248
639784
357331
462460
293542
596752
956382
957942
30574
282970
817120
365154
175856
860880
526885
984696
282259
363845
256146
155407
958340
707790
331054
992165
232146
925521
186759
568187
471786
119541
299458
984029
83946
952953
423235
408831
485795
927713
439157
997699
921136
856394
449718
612952
668909
246495
147042
323900
339670
262500
41339
623201
954494
741552
890994
238190
366953
961975
161428
757020
792006
810949
413652
524801
986060
566279
769777
106154
44079
494340
557252
821344
174207
974889
283368
630669
275102
131649
541957
910969
910108
897987
932027
976045
709937
37573
108008
149112
348950
263759
894039
427151
346112
266506
758085
40655
638266
588632
540177
558495
30109
365053
744639
526641
105839
204666
344936
181095
765206
642874
521730
92114
750455
83814
337224
454997
999664
310867
554310
741608
149293
810331
95875
193593
189547
876297
610186
1388
994759
152366
261975
359363
238786
194704
787675
976281
581652
941954
615468
220233
314857
927951
19853
502572
236860
795792
4629
863038
648015
967453
362110
474914
945924
848608
741196
444476
317723
661509
753495
837372
158025
457101
832311
583227
686001
385986
443596
37949
748930
453765
175719
594454
105388
404035
640665
986858
610239
482182
251094
596685
979619
806248
758980
220041
295982
679458
837478
908925
802277
699010
968672
908258
120595
559675
367078
516585
749055
636438
397061
816256
892044
878279
33102
947252
525618
245082
689435
757041
489685
383372
993279
126436
597631
846646
557454
353409
465983
111204
231621
534368
817437
205188
296280
188163
841848
782906
590359
650290
210942
449361
231164
945415
898312
665035
313363
224582
265488
915801
590406
236516
657231
497894
640452
191145
2167
507277
464590
487791
530762
871020
233566
55370
331030
824656
172916
219842
303565
550416
858814
864251
761029
644789
867298
324726
716360
778518
846252
651440
781721
846787
722063
429224
175940
8920
42202
251902
150496
688433
149560
327671
630181
101564
923043
68125
201956
290793
855463
367107
933223
94974
791759
971494
79461
154504
503150
816688
39394
54124
952395
496342
720737
254300
156714
203296
132167
36965
912755
300105
275662
558500
360130
547452
994594
397273
44810
312830
40411
160340
457062
983403
907928
272779
85246
3673
345268
431565
437778
2393
399208
154001
140518
503260
360765
552168
849994
2033
325612
205906
859269
121260
646868
178668
666333
826787
579030
278726
234182
781842
376465
501587
81893
682398
342453
283962
448191
659703
779142
209289
525635
801430
34159
707977
5872
595110
265920
391980
120228
403903
99910
567907
206851
462029
235462
995148
736704
555919
47893
272073
314699
813691
591383
623916
924503
73791
456018
819150
624391
692067
60846
96767
935924
698122
684235
119767
653469
113880
672063
844459
773932
175277
22891
825308
558369
940430
544696
38857
307101
18277
302963
491940
926093
685855
771779
244578
886193
666547
8707
275788
601992
390851
977536
850867
573594
799579
512912
525568
708066
528534
437453
209129
324949
237599
289133
525888
732755
604565
606719
25317
649385
824840
943684
829404
675329
455008
712040
245881
319463
171934
782044
269688
392504
456377
266833
804905
191209
630890
701394
868872
267185
548740
274238
899755
506900
512826
390433
424276
241869
587333
77935
743782
249048
276701
107228
479925
650649
714276
323227
771510
256812
6690
747440
347158
29962
551339
174452
490150
842324
533213
489765
193075
669824
640966
675559
23476
781149
716002
639388
300380
760324
893313
821723
215760
949981
77511
920719
723507
975051
16206
288367
44060
153141
679654
925973
443305
590578
143420
370110
479405
25744
962520
923229
17604
110081
179328
861852
519368
105379
607866
862768
623836
101163
412463
400215
208165
373613
876011
267825
626585
722762
376257
124216
456303
177910
378508
837918
475510
916196
641872
996225
358018
876945
972990
45262
415489
386602
835286
553583
925291
926619
514727
398962
446552
733557
386098
275448
581291
739771
642093
585749
669100
326090
245795
842251
867316
119010
472696
578206
232129
489045
759178
493140
400617
926474
757684
893963
788908
791278
20332
926710
834978
173241
53644
912374
788435
773656
295918
534033
795173
445565
552816
172817
653040
861631
729110
663291
139630
189230
700111
128810
461774
297719
650320
655241
440679
192944
733597
265450
633610
453890
312806
132933
401648
536816
895950
897423
283922
452040
74502
452022
996056
176804
966680
264823
438057
441309
720896
331357
12065
509838
655477
231639
159712
599744
309829
947252
511231
875703
585886
927613
648478
826008
257833
584431
499161
367413
866896
97619
641817
668791
706144
739900
614086
97575
555018
850909
245978
286553
222340
317636
631825
13109
191437
432951
538493
995491
746445
535081
900406
414802
725658
535513
415726
268006
667735
417864
511458
760636
50935
450709
13100
476122
312671
20214
24757
670456
554346
160085
21321
5413
675782
852613
840515
440216
441467
819103
842855
365972
415564
93181
788814
117942
321398
62546
230012
546398
328277
42981
714125
225400
716774
79720
655694
132262
498791
723705
852393
653004
12315
821876
360696
101879
412585
201138
282938
405226
337252
309347
201699
834567
880230
293764
687309
220119
743957
802428
530893
597814
270791
34009
284256
674270
764418
842786
507205
50190
666076
734424
141156
463254
801793
377486
367403
171778
152275
249314
171706
423649
198828
189015
873396
945457
828031
137936
358454
379432
68828
17771
680420
236001
286610
7544
549599
347361
508334
830741
440147
932102
684578
682279
364332
950411
79489
301559
140328
232762
98535
465127
325575
7087
302838
748815
560864
800580
218427
837880
218254
220062
442926
643123
115143
994643
654552
875927
604364
156919
466255
456214
588668
733314
16733
173883
235716
501855
61759
923523
704369
773587
53769
40085
59814
885960
621671
484638
570921
609526
335038
220813
58071
827757
574064
471080
392312
913217
45311
538057
327853
449106
935049
457785
841414
746486
584433
867048
228464
908166
146846
892230
575180
551938
744989
470016
605018
4001
24354
665114
527060
34426
1068
69541
828567
161672
601286
687198
806716
589469
155241
560163
318790
153766
703039
77394
242355
97047
702850
450880
92277
277043
354307
474771
667323
529785
37447
284157
508776
484206
1164
779797
24613
980484
568873
952084
292882
516836
506131
659048
607383
142237
33403
195896
650713
351400
869525
636469
655881
875287
757428
887769
12630
58074
758033
496704
258
8238
392299
246111
147538
621283
948104
387813
773919
730568
236185
602348
611018
968372
421115
74076
399373
310068
39898
847325
961324
809868
931568
219894
987018
130604
882219
175431
219287
567345
621997
51039
682343
448980
793773
219451
25118
394611
105915
330780
136840
492730
587424
724484
375237
153774
577251
946060
792609
41942
660968
61477
10050
323846
10676
209641
953338
469705
897740
854493
687805
368170
496890
783238
110892
44255
338609
407076
763151
622163
862728
895247
733026
324494
814498
348269
125702
265860
17967
486734
72280
354615
857291
287908
569567
24009
699588
671522
411999
98722
348281
938031
486538
890041
601245
75783
999318
908035
262299
386031
492650
889654
260308
888467
923186
404665
424324
575485
669970
252970
50178
715188
599926
453131
752678
720879
138376
201546
114373
879028
951035
985643
602519
652050
85828
34516
196154
808759
202089
15733
758415
450671
290354
996753
863938
500154
329403
230958
429608
942728
46251
229845
912705
932435
334207
216070
888668
418905
118144
291708
697434
624885
323219
819480
217098
565209
763631
535661
48244
340138
817705
732391
103921
136824
532523
302424
450359
175705
781507
616097
542707
691553
643351
677497
665487
613631
16951
42077
786835
508919
263051
52564
480551
447671
242283
704222
912567
693017
555085
627577
598831
741940
442329
769295
159334
832287
391641
750847
961239
373507
718732
740550
950857
40604
578842
239306
361553
550988
544289
413955
691438
667804
142957
935494
746002
933584
956295
682223
34304
762341
782180
793515
672272
739753
446718
16480
658512
339383
636097
894585
660229
588430
82843
356561
512719
463182
201206
985979
374378
767182
937666
856748
5328
688540
296811
552774
729468
933266
797866
410625
887434
966737
709111
11384
276027
810013
789340
352718
291540
40213
154533
885755
268133
488333
248308
16118
601703
999498
333873
531457
40703
6489
16286
678796
840799
807372
916232
853255
557516
468242
929753
699911
73082
143730
548811
728020
619795
46052
303735
945869
708054
661132
234124
111608
719900
251347
182299
195498
239798
410852
94158
297551
975091
734784
669433
106775
943550
566527
317448
911485
710499
970660
1880
140085
953330
115867
791395
297138
62844
665553
71123
399889
280955
476400
79863
798117
383374
885366
419731
731168
558049
499313
552209
113178
150891
749977
379286
556545
698897
601482
328944
941278
916264
212636
683627
268864
797400
649953
400131
146055
313115
868538
783603
424910
176101
176470
120492
159862
867166
526280
170017
86860
933066
334724
448511
380566
169290
948470
761850
977855
314876
316608
983811
439068
954813
117966
394966
147610
89230
63702
714863
987846
685332
173233
708956
452089
313209
208145
973678
616030
839345
875039
689801
742690
417495
934642
169627
674166
327477
538541
391081
753091
349218
485365
225925
2668
312006
747085
658140
995641
901818
868817
222956
598757
996426
684236
515218
124357
632732
746678
263233
520018
435242
875085
271055
121110
10026
531470
396969
743024
874896
475152
706535
186243
766057
353342
273658
247105
842344
98991
935618
879439
498366
577828
619452
255510
970914
453021
409433
764646
90416
623384
611946
889734
676078
495911
109622
667612
539497
227116
366638
723829
519550
407092
557048
513202
787444
502318
644583
10320
280775
668167
572236
747666
967488
129123
767462
188813
414399
58169
456308
818128
703131
885195
937387
265965
509408
593473
272772
697193
937591
718497
449453
463100
606051
682029
507807
18628
470823
929754
706895
590541
312646
334824
1598
200949
601570
443042
751531
278527
798918
925108
760105
239223
126143
407844
923339
538748
696869
40239
383675
650287
740087
25025
309354
213559
158180
27408
168993
255918
917798
693077
924534
757163
812809
879336
278683
574765
825546
563447
27473
183264
165466
349218
891834
238159
379778
493814
826891
320039
36320
383045
633824
179876
296847
25310
283881
988698
11429
223854
738754
693858
725205
802099
243489
309663
257333
444441
425768
109932
352475
864947
665179
711652
438368
676695
597931
554061
558470
523926
461169
866145
816822
254230
316150
680763
341154
773839
441135
62619
261001
421726
214918
146262
583832
807049
557331
377309
435182
138000
751721
148775
889528
525484
458957
177086
507771
803239
819650
152996
205553
338967
931968
546463
124362
343288
784195
715432
300499
77797
375167
356972
897908
999219
755632
530173
701204
20266
281232
914072
554519
1761
272034
255379
554439
417397
908844
412387
789392
216037
895809
838087
186789
896973
229884
312917
445825
56382
997385
234911
737800
174006
579741
875074
309580
30913
159686
472459
306603
949867
619676
705413
877909
153376
298455
943267
358699
845603
454970
931462
519683
935335
690733
382700
229640
176909
863785
264758
927486
834491
845197
212565
279332
796821
593229
604880
223282
363291
12106
663220
365698
850719
877244
733784
621323
778081
514891
327179
917576
122505
1150
554653
11895
32000
872842
993927
961277
70571
964236
665015
709734
577668
122834
720060
607691
411543
852692
789259
193932
686231
47552
57580
57277
552795
946739
56004
931102
875384
739267
316863
710529
506363
855033
762841
163920
881155
53020
782794
30567
390073
10024
85004
203741
211566
285790
350858
876064
257039
90165
312295
698238
342279
564526
471463
943232
341425
905797
875838
706481
273656
171651
865779
52092
688974
310321
97009
992435
155333
622695
695594
859628
765453
246658
488
542470
7243
404979
438706
220233
972114
85300
969239
348075
968384
90070
829530
286191
696696
209079
357370
303849
850679
361039
49244
678556
705301
743657
672087
738948
520987
750
386524
413935
337723
87708
97664
940933
363376
835350
303528
724585
161907
509270
238032
69944
587990
127998
937912
576751
437569
54347
470059
766441
701960
691114
910061
397957
333925
320869
252608
714726
492759
482038
936979
85652
243926
946492
252808
165375
472561
85067
775968
969508
580742
477854
97990
821897
372062
575848
392756
339170
405027
344135
156358
804950
835134
388442
100889
35739
690513
668841
959007
103165
89230
560131
679683
628222
381298
116005
65139
140632
319202
398166
102158
483742
575136
777552
604780
80321
850474
356184
915460
81261
902767
755887
981950
467091
328494
794913
581526
861954
828462
738490
117481
984687
97364
368024
804064
687827
61540
144604
383478
404787
175959
635898
839719
843515
757716
768176
257847
223940
439502
69460
503580
875573
709627
956741
559497
394565
211821
613572
407255
281438
597966
117019
93330
900829
589372
978619
33758
869750
329727
645476
837061
767413
464483
740733
454110
676639
490359
540227
26010
844279
707104
24734
779502
797340
45786
443151
167576
285327
582413
222470
924945
554579
963208
498577
365966
542765
728156
470318
183474
16075
238743
281729
72723
429569
918492
531745
4327
764334
16476
617932
616459
116861
183219
644795
834671
928328
201889
459729
397858
590422
508835
190829
962102
715653
610669
87838
554704
77123
596231
270646
140814
756662
272001
472695
250965
725628
340052
631722
979893
564364
402519
80591
983675
615227
711643
732783
787924
152027
998051
157389
128281
285310
235267
248763
201660
168920
917460
194696
718924
530818
411344
264983
858280
82139
238033
890315
862846
326857
11041
692958
743551
315549
644989
549713
500001
636629
445035
342142
159504
580155
807669
699913
975410
843050
75457
8373
288085
318768
439694
310930
543608
329551
412749
765076
737523
26654
797017
193088
838467
517773
246869
787455
223350
661702
135713
659861
13295
970542
414201
246443
606359
221450
214890
642504
72801
445503
738096
622046
151927
943026
466545
763521
864646
378958
290768
46451
474723
307235
426480
1050
427224
581419
89029
965010
948815
275177
227224
75167
402714
662507
642391
143355
407709
863534
563926
356878
975705
200160
243686
159420
745557
600320
290576
431704
14123
364833
163119
974518
330924
752782
84327
624669
918705
610248
688965
237339
147199
418091
640053
146163
505238
286191
833882
425778
926358
98953
364046
630240
81103
758513
174710
470609
866531
813311
60096
106075
119834
530607
349244
101474
379842
75203
762004
2062
488193
942280
765354
919390
987577
150320
68236
373910
769238
145374
771094
687124
107703
596993
233573
343489
435702
841943
295283
702690
843094
736915
635220
682510
93960
641178
724108
819194
664282
430183
800394
553648
595389
670030
269061
76575
401393
958813
77682
514443
566223
82270
122463
859173
150706
617785
666863
741557
59267
201846
824243
400563
372704
118753
803937
194358
125033
554822
517171
15620
297318
771036
997726
950791
925976
94846
670573
427297
730715
935572
71930
745238
778676
568592
958857
953256
151165
575956
307585
462848
976042
36337
946888
712008
255415
195531
338362
195798
924464
334296
10949
270786
602908
253831
512931
514456
173831
319421
389685
573417
593195
475066
328761
799036
562426
435674
295208
532130
851531
10104
594031
29991
859614
677677
307207
144420
763918
528822
345587
819954
345554
580468
750166
138105
455983
75852
142766
76902
307582
302063
880369
849531
967189
905844
358914
414400
901461
534496
726224
785175
977488
601800
328972
34285
934932
965197
477124
909388
843033
96903
204001
384398
338819
788797
166841
318125
439955
561551
812626
760821
285360
49143
857908
81946
264654
805092
401066
368102
304569
936646
218133
752523
615680
953256
301420
526742
944704
176374
20691
466116
978572
907744
532567
958831
345206
764823
748676
564705
523837
714549
924771
868682
868371
302009
181204
835660
624201
632943
853379
307890
843481
450734
281930
283329
178191
512635
636707
808487
856598
355980
986248
972816
477403
998886
909098
643672
411168
840487
590666
869210
556767
402656
469302
689511
529816
231258
360995
505619
871801
500666
161444
101673
751082
359615
15237
495806
859122
356135
231174
140323
183881
490802
477175
518708
286074
147774
556077
810829
676212
920529
391902
442525
412975
74357
992542
383186
750070
239934
755959
124916
923668
454823
740894
117902
426527
891291
492952
585862
357788
921487
13289
786254
465101
664204
297780
296691
286046
197898
742772
408211
876648
427832
450069
975084
856031
75609
811824
200399
21663
323144
845666
886450
602062
666396
421832
375205
516781
943334
863000
104797
865089
212695
740319
943468
422616
154367
965203
7570
192890
644464
351124
357229
411118
144257
166532
629323
53541
112558
571327
492704
724167
340381
740473
799763
344217
332091
280755
754035
306952
475589
470746
520199
963669
956195
621436
6274
829212
865198
927271
688597
252226
639635
830880
530399
4090
237839
385597
440960
778420
118362
593376
829323
192548
556832
219216
675801
611626
833450
26997
495802
285155
705436
623088
376711
791244
195543
378261
298259
890062
315390
630022
289920
735850
388118
547437
723821
127361
865351
793429
289165
907777
847679
538085
2131
171752
482934
69243
246857
35830
608140
940193
280384
16179
36750
348527
125538
986906
321175
360765
40291
528993
345683
791170
773462
652838
445983
67982
209756
725175
993932
249248
890039
477566
489731
244005
268220
981127
466562
437902
65383
519280
958916
649676
42057
91564
595199
862315
586524
64115
120455
904392
852151
59274
515088
941488
312540
162730
828049
95063
414895
860880
634563
561714
293570
2145
910920
204145
669963
32375
197929
871900
87031
105420
443960
46665
527319
970241
726164
478519
595321
468556
713739
193483
490002
242365
600858
335652
530263
432619
665679
600093
80618
699903
876367
681246
18353
996764
334260
863263
370627
540970
803598
531643
450812
901950
623115
587437
427632
960999
484529
743529
766780
95384
928967
660249
986680
829293
820116
178
936776
451036
58687
924403
999890
767097
881813
501050
42634
183205
779178
197699
485736
140180
500374
544381
525243
158842
967264
663883
254039
833874
505337
49172
959786
458635
693087
628423
805805
6351
736994
118126
888950
449264
993988
112942
850602
252978
617337
459609
949455
832943
938125
214576
380927
655851
289253
917880
602552
46709
254429
881399
466577
933110
546193
852811
891015
385433
829303
492456
555318
127191
276970
230764
650787
730397
491074
862689
540150
816349
544862
137422
124357
891566
199107
20986
498251
300129
627486
821822
407927
393697
449125
920518
116641
657414
345116
24228
835671
813302
838452
304912
492822
578168
492109
96128
8980
556759
781532
958432
679162
697455
597800
884143
812848
240727
203119
557814
165328
575018
787877
168101
256828
253556
68444
305867
358603
990838
52031
766769
575262
563222
537144
801300
8593
831975
851762
462654
603661
543184
780792
519488
533755
229403
536188
858190
426643
192284
31156
641911
383890
947708
614431
238719
896522
432225
129510
209818
507091
531772
557469
534471
915999
346606
327208
316743
736876
52759
447674
950650
683474
526909
495801
668372
557884
45654
200766
965952
709683
603635
893432
352785
666582
333833
867120
63521
675558
812892
67303
745224
865406
859977
976667
170619
454239
166257
707432
656446
422825
602110
593740
365191
124903
525075
273987
977713
600449
398356
564433
860633
22100
290639
997214
276697
402207
966981
224635
329183
782996
606873
201155
743785
230415
565268
351004
9567
363490
918547
900253
923404
770574
867598
307466
182266
810511
5317
537210
920874
463567
492872
166297
873389
98426
512675
335114
866338
491249
781797
647332
587085
397336
952012
655262
958096
521418
65167
86597
167304
10220
971336
335209
685446
948831
90299
833240
819176
951311
956551
709826
937300
201000
580328
441212
840592
472809
304358
782816
788737
353232
510365
881809
894334
323445
18666
860572
461905
183603
633263
191993
827978
74881
877700
149234
197631
790174
129338
916507
659939
88171
142029
860671
763201
898578
935525
784731
994198
116836
813961
437379
35913
40833
95969
587299
819080
571888
717926
510689
728768
199119
85736
703965
137400
370916
65403
543706
414923
517073
512831
152438
995776
37350
152587
826581
631688
31249
109238
644380
682835
555056
4865
977561
729423
725831
238372
309376
944382
909901
662707
99153
457970
290977
743981
265237
739688
365210
276642
223750
511167
128892
523966
667278
975315
162246
740277
598888
803642
883880
196685
829987
155995
94993
978179
584837
400230
291815
99867
206284
605555
452880
116615
361680
275067
930797
153523
86532
306413
814759
820011
661595
384558
962785
606186
259719
84336
7501
272320
354972
164270
515994
282271
301267
342465
822283
429442
468203
413410
847779
266745
655275
675133
96701
195670
397890
499822
826808
464558
60558
225242
6671
154508
409467
375084
817478
287160
391300
700651
193920
694367
458453
274293
790254
802399
625425
881179
70050
922737
466031
286424
315777
67764
546175
195758
506903
155922
632587
239711
797445
85137
547736
346501
794261
285752
269260
746446
152814
421851
251305
113112
741155
934214
398775
813861
977573
797122
559169
858875
940825
266182
669941
283035
874052
148030
487663
282715
46819
254064
874767
230690
157912
28689
26438
725696
72958
494243
60784
700072
81117
856265
990812
550347
683897
363881
19559
866641
425989
465404
718981
832886
237301
606709
707489
802687
670449
785419
119005
201432
648101
373797
445106
872716
492341
952417
382267
201952
699470
908545
599629
186316
270808
90163
194750
320791
50439
800252
686343
531214
773457
543808
343108
946272
609146
757040
46872
143641
646027
142288
47085
34745
751009
94372
172249
45233
873505
53558
480092
194425
752649
763335
437126
378577
641826
680592
974069
864338
716497
335155
906620
536175
708045
86915
658144
360782
592300
594797
927740
414397
792470
30785
143620
976082
23578
590305
555686
666468
951775
558404
891468
949087
204914
182247
260862
199304
104127
324242
197797
366222
6939
965635
176682
469961
853822
587513
886397
265810
217166
340958
732274
916990
937942
358737
82117
375927
797717
522320
830142
934585
171507
905663
453872
68902
517135
580183
410139
254215
924467
750
992369
478752
205481
922846
378870
694255
73319
982165
406912
754240
156453
394105
145886
711280
64848
441974
751381
316092
153366
112293
614790
378053
176802
365978
534379
363554
193122
74058
829952
236642
267075
409303
250046
376349
426750
252090
503746
323061
575564
833036
844685
274286
860149
847793
692772
36647
541574
899105
359704
388213
850401
856596
13024
620571
828334
610506
928930
597031
94064
996660
943697
576555
199090
982530
535407
49239
781856
222282
726452
238192
760817
140370
444359
399151
328258
792634
61097
561848
918847
223433
481009
98165
326842
325330
780721
889807
56734
781058
629560
489353
843388
451657
448049
821369
98820
546531
419177
414115
873617
372098
938798
497459
485339
265818
986578
689047
288912
301512
155855
394167
770876
159328
660868
474706
61156
632658
526814
724342
777971
992951
808978
99803
442508
4414
673734
130589
914302
238062
693775
114389
748821
934615
602837
419539
546509
290201
858003
387385
432482
970576
235707
334967
806787
304795
193399
205918
33572
574791
818825
973475
547187
823069
378771
529715
427938
315845
188595
436845
693859
486102
565254
751873
467570
447675
543822
774115
489868
260099
82222
209323
247293
888644
548562
607116
837527
165677
647339
77998
937022
275559
386136
544299
856289
877800
26592
6755
951875
493844
130076
884285
646839
734223
694258
644538
809514
611940
646395
648695
283674
738059
184198
931775
813221
515226
600182
697994
882236
272523
857350
909143
650614
597734
391725
376225
169985
633611
212509
157953
44403
871390
714597
318879
25406
710991
278774
146518
531778
949124
843010
257188
249981
692582
433856
624842
647838
85061
536012
641670
581047
298153
17324
753067
364624
61942
56366
548314
638295
422906
709741
827743
642549
502231
959986
23402
274877
22920
371446
912424
731070
707921
136390
654077
346872
789831
374143
652000
543147
339513
443449
31124
812746
270586
206208
113983
33423
80396
933053
875688
449384
339691
555508
568402
153807
534195
552103
118767
201335
746414
304087
822019
273826
955646
299754
194135
674512
959716
859048
795349
69329
784490
930847
371527
69820
753971
663015
12967
832760
18333
697408
958882
891575
610640
513559
511982
204739
914534
506280
210052
989552
374967
895805
751100
363249
81087
290964
28549
946823
396398
728926
731389
872852
922381
594276
163571
685518
673928
781764
451318
75791
799196
261274
656858
670152
918686
528570
110855
603926
358437
489305
19005
943853
634517
702923
2728
141681
352265
180902
215771
605219
800476
93894
50092
772408
265236
277355
909613
105734
529132
84540
208962
682519
206717
245678
790948
737120
773768
626816
161649
842828
584162
256350
424749
857265
333948
52517
199129
462564
885390
214022
581358
865256
153696
189124
75446
649217
485493
153431
333512
594663
763668
300019
719710
460822
116276
580770
494484
55618
287043
390478
148735
425448
654739
493723
40040
489152
18338
117745
670436
181390
799556
259223
930897
470744
88175
936314
909167
487986
929699
600846
941528
567029
140084
321996
85341
522638
266549
399705
375103
262834
443203
747399
550983
121455
161131
129396
515843
605726
75577
776784
983965
34485
200862
967741
691801
413497
853565
11663
145066
990224
8146
31346
796914
288692
658751
469611
781013
479044
149749
870199
453560
300277
358011
981647
788188
597157
708190
533005
963217
808912
260213
611688
806808
716635
737808
1243
908185
262414
427773
5541
741181
560223
143734
315369
282729
171113
412522
45813
917720
319548
540262
927583
653588
7949
517600
412364
679825
551694
405600
216330
685286
797273
154316
43677
974377
899398
215054
130455
952037
490907
192932
833952
275130
994211
596739
323990
496594
950551
183913
615757
777851
553913
625534
723511
846246
6016
937574
940575
608891
583918
752806
554064
412055
866237
431088
673746
924963
480951
98572
44244
463570
962725
689509
561829
677367
542175
750702
35036
502848
42883
395823
746968
875091
489153
357104
878050
314499
769298
885632
682543
99951
662600
437730
808833
394359
971201
702677
243372
823900
776629
144575
807222
164467
350703
1077
59864
896710
640153
306921
141409
896519
685039
641265
273210
254706
801750
822128
414724
157822
891141
491299
405661
651327
810977
300554
692866
451611
997223
72625
865935
21030
490051
985241
511457
482077
262973
798984
491420
76476
80595
5482
387080
708348
284769
344611
183638
834541
794109
835058
662465
378667
892959
402819
730768
530560
394621
727633
364727
525846
558901
854261
329181
714135
592228
158352
380473
242723
269396
821458
182038
597485
238738
222180
758133
490803
7964
321976
486609
568152
331769
98858
513469
229087
517475
814803
973482
274950
558240
373995
446341
993341
425071
928344
570301
462017
915869
740887
779938
430682
184503
110726
933481
697069
835161
477515
48652
908670
737829
22181
698766
34182
112016
520973
40412
206509
822358
673864
817359
89957
847566
537996
344270
580643
702615
233932
901905
838137
788466
459234
131584
565332
152554
782680
458745
954960
656238
17812
634481
314419
591743
117789
210674
331533
482436
164238
691586
440490
822971
58774
109732
18097
561930
158888
107640
587228
448883
512966
828861
64724
766118
305254
635703
823848
603569
423742
490540
838826
490643
693937
236296
57062
809966
358485
957600
80640
656282
836192
427155
695913
549974
869424
71116
620157
997593
753972
335589
581757
526855
122682
616038
722020
955199
79893
929579
69479
462417
987562
945315
985870
376589
395800
857845
194026
914614
774529
868733
567026
961430
280633
531443
669054
492523
141259
947436
197983
232447
11362
294331
601177
601493
585371
381488
790846
467455
573476
201664
658088
647117
998801
662661
838418
516063
784443
99036
707603
11548
495381
556140
474617
969787
7565
137414
547262
521727
217562
239336
627689
154303
2216
730908
529092
149923
173278
555006
548278
332139
157192
561818
797436
500073
125926
396467
237576
597903
743440
905825
502
911587
147332
945682
859431
758415
339854
688816
730684
265108
998162
341603
897969
514207
754233
478318
271315
227252
910710
796724
600415
770503
462196
867293
37561
377705
995678
185236
952646
885983
382602
884264
216102
9103
186435
467794
262097
371220
353009
434646
850317
346864
529639
210626
964489
386849
222601
593811
12570
697164
382360
313783
284623
214742
437212
33710
830258
656658
572781
104970
815774
520020
891805
312981
256056
332772
843141
353745
315467
92239
293291
410330
46212
111831
253709
991016
956550
328970
975053
386673
655915
799920
56952
637035
823321
172958
559156
991087
801404
996519
134150
819449
79781
581490
979838
72652
204351
451815
616704
877298
785385
755971
307183
289
927541
829708
15351
55801
863357
304606
176247
979178
957788
87011
482506
181363
683728
649249
905905
321093
26986
437357
324702
545798
446639
117437
581599
241201
514127
38043
185061
734554
910335
549174
2033
921807
825525
219475
278170
234715
696448
144800
580605
240676
845761
725929
898817
462260
819978
533731
414789
506644
505617
786470
873065
882836
868176
151416
666678
834920
535549
217988
544363
918253
723297
718890
30629
790281
244567
35824
550441
259823
975140
225110
111889
189442
464621
236998
721554
997905
121177
678506
937830
346369
216516
905368
290778
440264
599196
783145
348982
371925
773724
678951
531268
115790
221539
255588
376127
687537
573552
459431
51098
399260
40956
742978
385833
898471
758004
502207
574384
736687
127378
623417
449991
948718
275863
573382
878566
846982
277543
307986
646803
392221
487681
16071
411365
765217
453209
129704
726323
729772
28051
581949
135454
955459
662366
180201
532088
770937
843755
206103
996496
464561
467849
262483
734044
956352
711327
513141
519873
658353
871045
294327
347713
669282
601151
284264
79297
955083
517270
823418
999222
122207
401749
629429
928172
853387
599325
496078
377459
352283
572005
195858
345318
992572
796178
192829
22233
801116
949423
378215
428638
60845
814921
844318
752820
280137
987114
372943
677837
596720
898480
546653
957947
795116
401609
862228
552438
544214
745548
309431
764940
511985
680759
593525
341925
389619
604289
200506
696306
705636
241180
804514
200690
508320
852553
681673
427745
563190
802519
134654
894077
989427
781113
199254
526005
493881
890371
147932
344369
97096
524929
393062
979320
129247
715956
376515
262594
544443
794922
683536
493403
748222
316985
103722
139505
606635
452247
971901
800250
869134
491097
558523
641860
461881
665030
17385
675546
966760
229144
178067
532816
573702
54990
189792
275884
730121
65392
357440
838449
707448
2209
375361
155849
59916
692314
922369
114510
962612
189001
2302
248245
36083
770949
90058
937687
86309
509548
933402
15966
475871
76379
521341
838984
107187
309769
608233
737691
14098
175360
370544
768550
427149
670713
456466
168559
764724
973716
542957
562942
830367
87793
496272
681605
403083
93998
217773
162858
919835
597885
718060
857395
85760
541664
157148
606861
165812
402564
872836
595705
979296
11959
86424
908372
401054
562440
417351
940353
921176
815674
634353
507892
623887
833764
434550
548958
449720
384552
271594
453680
834945
962126
254437
138062
758833
573884
361974
886163
135469
417172
137335
713978
740886
607018
418875
620783
786576
178912
407780
40179
174366
655713
226002
752614
841449
623798
863606
625716
843296
53512
69828
125087
262648
143219
45127
761124
581205
122434
657806
562445
603201
940749
570692
955922
111640
365036
527325
867821
360967
421911
206573
877241
540137
224284
66003
156422
209104
754171
792722
521403
373733
742625
98047
124200
655591
798911
531030
729960
860815
401991
80744
276207
312468
367171
304560
395510
908426
938386
123971
752384
173990
103871
357541
985095
899740
61823
686648
537800
883177
849607
78223
451880
67117
122376
830880
935554
347504
744840
963544
274702
486789
642910
962569
552687
982923
327178
402302
795096
275536
477998
82160
29660
533265
566125
246097
651538
397725
810591
951941
560993
322776
442862
363696
952878
285082
641936
225962
712479
99895
974369
186447
744522
513882
232604
65204
687935
703818
529270
558708
444526
962895
288791
963944
454007
580461
728565
923765
766925
328271
382863
632702
380613
606847
581251
40058
87361
2834
914509
138785
729331
45089
399005
873089
491152
975473
538772
842605
329235
675572
858202
304916
266859
137449
409630
561455
546499
520286
312555
906068
469227
310294
518372
659880
269736
617477
881820
712562
659605
556664
120148
811594
59891
251089
182034
836784
34517
117872
25498
277560
779105
139438
982348
656611
285379
404163
728857
997706
910516
22087
913507
169268
974818
369237
734449
340038
424253
569612
933580
236698
177822
570095
462200
250472
642003
879020
760018
214752
219595
150586
436739
591194
509979
73563
957022
587557
938987
138177
828124
4732
190016
437773
246705
604119
238694
987506
50954
667293
783417
374328
860966
228342
987024
382237
739342
225535
953927
282518
522930
529047
622696
516019
17954
43734
16949
560800
631014
364638
628053
895751
976250
957385
223001
381651
275497
217538
316777
930768
107908
179183
510287
348526
685311
240908
666784
72997
807721
159315
756802
699698
51335
529815
916255
256895
674315
862705
168613
406560
401910
969873
592310
587322
884103
692022
452147
839166
963678
791288
8608
526547
803186
359938
619188
372626
651308
704158
17472
572266
322206
121897
801657
534244
626659
588517
162916
190530
618003
974957
543133
75584
741923
253123
764483
827452
995032
858821
719939
637553
8358
223167
234816
816799
995881
718490
66844
296583
678527
726257
311398
365970
818688
616132
602528
581905
814875
938885
871915
827999
533838
833424
262417
715235
654273
73656
694319
530546
536320
575356
98941
314577
131603
874265
760380
130072
893244
217657
23227
244850
516301
624777
714181
220672
526435
763944
272234
911517
159747
49595
501096
649212
168591
15005
262455
46766
867364
237812
932014
650753
302419
868511
590229
512706
319867
115083
5512
462242
19648
992549
318660
816822
121770
706474
454673
537752
521500
955674
875212
691435
629358
811978
368400
24764
536746
364121
545409
375813
894112
556346
292724
651275
519334
679280
78974
91495
138544
877721
751384
858593
836424
903777
776300
604471
224937
455895
517950
726142
740990
965916
810298
670496
106802
343096
878166
460995
883
38214
900579
438155
25289
599760
286134
183285
891725
41461
34285
961636
59719
341511
580640
55417
911016
896241
433446
23707
633248
776533
766721
786390
691229
794036
194215
22623
601442
54791
705965
106294
903103
968106
188882
881060
475442
409784
459814
912484
927386
274162
720918
990046
348692
690136
16532
155662
769717
160026
582823
593731
272226
771624
618508
749764
500430
160486
922184
42189
569745
952571
232843
482487
71074
253001
416322
579893
979185
203191
5754
169722
313635
479017
187948
593912
832875
485841
462249
498692
848770
613215
571875
595542
802114
93844
856917
394092
894181
276852
565712
974093
342229
102362
552548
26539
71343
584805
469095
73954
252633
384592
280677
134813
571068
953120
900132
151063
425696
49718
871570
727615
481891
670468
683661
367733
617750
220188
325711
429106
672052
467940
980212
309060
823488
359782
662762
955446
173754
959940
219444
837582
159933
937097
556826
877103
275576
873946
950001
837663
402055
622603
252419
821795
666029
366222
128602
792135
973488
393862
658862
827706
885009
420409
331560
795413
200231
300004
196626
130748
932311
420457
162334
219549
875762
899940
588432
961942
655851
579867
76168
347635
461491
884883
287280
941397
765427
730943
503358
285934
746086
425940
213542
110376
964880
185336
767072
203493
340638
377432
952721
605985
804187
213465
422873
119604
654797
511398
539448
397556
562922
377384
680605
621176
59258
740564
302861
851575
477578
522013
105836
532686
551562
745803
300715
906336
874756
36260
989071
486424
914297
769606
252762
10250
156250
430806
425368
431415
760672
405971
243335
147823
462344
140164
652132
422289
492399
107408
552846
446126
770181
305772
37465
170764
532721
729582
36914
853382
956737
983041
505578
144464
72652
450929
326689
516569
793383
903526
802320
706313
387456
189422
209650
469098
798426
885747
770640
860003
286437
840524
555560
948894
112697
665262
194297
671627
657263
277379
362798
290814
153436
10387
816292
469364
268267
499679
525466
875315
37846
354573
997748
550735
642497
904573
28076
812936
282995
980537
754005
307665
337073
243787
940941
247340
613497
988073
