36110
471748
936497
452799
950049
329780
663233
275062
57826
993194
854650
974654
879852
589193
586087
169014
619135
338103
343547
969008
973533
853213
748058
868101
563877
531355
705649
632531
423744
842316
863680
953941
580404
830897
554040
634333
626454
708284
126462
816240
973916
613819
148047
369278
495889
7519
544511
692092
646177
974057
256538
155104
135316
58096
192747
545017
293080
958993
796826
82856
495926
836595
766512
52542
185383
370741
257975
900852
711808
730359
103869
407041
652680
46402
96823
830300
345706
378133
924801
929806
515909
622157
120515
159346
217249
665519
466928
866316
613885
376149
968808
846852
569860
852980
525181
427774
781469
535302
437779
18967
634465
823960
578785
189245
859944
825970
863892
289579
466748
549150
527826
60672
546863
80343
891611
550331
258057
147215
318540
631829
987417
655197
253822
365371
716204
861250
887755
854183
963228
627990
166896
451418
97536
908244
507918
408632
10497
321151
651915
766591
321292
823215
404886
646053
232675
554939
901767
766158
597071
296964
934948
76711
645168
660700
162944
489058
521396
935826
488701
560206
841830
365659
779955
66194
620702
965087
663209
747462
794519
180829
398528
181101
511901
739387
568240
662803
806565
186222
331625
800448
32247
27074
47515
632214
782150
367238
785617
552780
735136
929560
748984
614215
73856
716489
742206
107538
946113
8876
401878
10938
889261
947584
944536
605001
574388
659511
934468
419997
457336
597922
911975
53859
752773
113916
351638
2549
706206
243856
134935
47566
546162
215367
461664
451110
634542
920146
36663
170671
220588
785072
204600
386218
595913
390428
409973
244198
524692
515351
987767
225494
324257
376013
948387
641998
879294
830567
49464
495898
332477
646956
767925
24315
580976
714260
902936
117759
887987
275435
843456
856635
590947
612319
174580
473640
594413
69734
395964
794264
744897
72782
937709
681875
561700
244386
508995
672594
778725
175670
773478
835031
797543
799952
389967
644071
883677
925811
406660
920614
728853
790089
671487
12621
863083
142636
272045
86730
205214
6993
172434
493428
41407
774993
851657
634088
280773
816981
33577
979077
470334
440350
83716
607618
124384
748655
995849
361959
684158
859479
235401
792174
275734
434527
298646
619703
352135
945036
575047
111842
638175
652177
913625
65677
976850
455572
510576
197418
109768
79515
7675
986939
773709
404051
345845
810605
654188
615997
798727
937550
49301
288501
980362
863405
603323
774113
229739
749709
632891
941810
726632
783749
846518
890522
50295
459319
988607
826826
592325
633387
598896
382246
123419
872967
162455
319368
248285
452525
594382
87214
793837
431729
486056
519105
355948
918517
738823
721731
864864
685859
448587
766356
310193
406407
302501
477728
218766
377543
133897
321640
545645
527999
563970
678700
439983
340925
679903
623922
602081
184470
686347
325174
659167
62691
329403
547695
843347
506652
49984
734265
734555
563471
650748
810147
640137
555068
959921
416471
712196
539024
235957
63394
20555
14140
19650
759072
96154
886322
756778
826757
747109
668860
120167
148874
578305
532088
984080
86194
892258
968628
381032
96695
543487
305250
715665
805718
800850
788984
556574
695924
594107
410407
173126
836587
178756
779957
535283
794998
571583
514105
960058
638133
953612
329715
438246
445852
145527
275717
729197
557118
873534
55186
161988
35634
52015
978546
775566
647839
100976
649231
136239
652458
830489
988959
470912
603768
305723
506942
435035
329954
787588
912743
676501
371957
750202
906126
816779
658466
611301
184350
598613
473161
622666
493002
200472
83996
929809
414482
259128
38131
939528
396052
910634
78892
502400
736972
618727
539517
655637
257514
714940
64664
436492
244751
760062
493497
730837
387235
787036
242447
628271
150997
405965
655685
701482
174896
512296
209707
512712
281751
595730
596806
891069
416861
308177
922224
135254
402819
591487
708845
179766
677839
608027
571788
732282
230085
15866
956087
902718
168645
269083
297431
403065
604672
459927
583014
865156
781464
769143
646482
270072
4052
947296
216075
784500
275644
526249
795306
526846
26455
710349
582781
4033
84735
964476
452787
128180
976798
811596
199457
931420
688455
659788
137070
381287
517747
293305
381409
116601
445142
334090
70405
953285
34077
971174
815287
33617
629255
943222
593356
273819
511453
257364
263777
175578
113103
763490
195136
102685
39149
394616
518827
992336
833790
651509
96521
272926
719937
566006
913130
966192
943806
365157
962233
389394
3847
290473
919485
928567
719696
844667
408075
731475
570792
618585
679116
223910
18515
374803
667943
494297
124870
336514
383051
970305
147071
588696
279514
127296
816702
661715
187061
442378
2211
539404
217376
759685
231589
766508
672402
662730
151532
427581
964828
155657
951757
540830
353331
540105
89376
599057
703452
741196
807870
265135
287027
200144
351836
136955
379287
813810
316159
778579
735605
45998
894043
877762
105136
203201
39564
674931
476650
902255
310704
987968
939186
892449
583647
786089
632266
603302
812359
228897
898707
767706
79401
724033
134935
718884
390890
490016
668019
970521
876759
680890
863199
200766
798968
575948
344796
3370
108303
585858
813625
411146
519406
549960
829249
586430
808370
801469
518852
279969
16607
617862
888640
259367
68185
639551
896108
509855
522365
274699
929314
874839
377946
690060
377447
32990
74768
615982
80024
354276
961923
49566
592498
931582
995899
63833
125565
116614
115611
433951
25942
232096
352955
188230
970136
35735
631717
660586
987942
545893
960809
59202
559192
298385
980765
624014
544704
647475
539189
220268
2840
775443
522554
280522
97161
505328
837802
176374
553178
838364
58989
46226
108147
332740
751919
881251
615757
877198
502046
524232
415097
151451
772418
173831
159177
251308
495091
975875
757215
765344
281340
569930
245072
302491
377611
869003
76724
17667
359377
373925
643981
265572
545980
226394
496273
92403
700366
95394
305749
482224
884506
614236
537624
292
635419
389791
781546
357898
383985
171887
326583
759946
64569
143691
131956
130080
18055
7395
401253
345948
615811
893991
897544
993410
406941
996859
241570
739921
431534
83335
962275
231457
996461
872362
242552
366693
370954
139342
84910
860049
943850
486870
374334
767253
128064
444917
539705
965318
403973
973016
828369
952670
19859
427779
206849
897818
207075
904506
678938
699714
515489
869653
374891
213061
287913
124599
97229
143042
404513
979544
854536
931875
154419
973501
45029
481764
645349
29065
631570
62386
886678
413038
818731
410222
407127
525884
905195
320848
501027
740890
485486
756264
944701
45522
940834
22208
922277
891077
938826
45534
932470
597376
171374
654886
769951
212647
620259
92315
65148
566478
230578
385862
7184
402279
109544
624879
513825
925717
45306
885576
232304
209119
707090
98602
358420
84096
880186
272758
389938
578139
576420
586270
568219
640203
625683
206204
916738
12121
184106
968800
109144
878535
119823
840807
134854
401225
689788
574214
419526
967635
914082
845926
509919
606285
945722
150122
991099
598308
249513
981196
996454
154106
282062
717093
242469
440445
113964
158283
193457
312021
960559
390676
652111
787127
397661
664249
531469
954199
468058
292822
49563
514554
165079
582414
791491
903529
449369
147596
792326
119361
397666
597348
581653
272616
427134
370647
419625
761818
131435
638837
983487
620257
816869
124509
807987
323043
244110
596000
190072
189653
54711
273348
929842
927566
670286
501989
83824
488822
813668
54581
460105
752221
220056
874659
851730
716136
424037
476954
666425
759910
876742
569568
949953
236416
20610
945183
283866
682255
840279
949249
648284
224136
654855
697588
648480
28690
120441
796365
811579
307384
716942
256712
5400
900858
920514
936302
73073
417854
296826
942607
634794
29732
459760
634287
291786
973111
901047
555197
38038
704639
666285
976830
576396
237555
977533
50185
53497
603275
213838
440939
154359
501300
652492
591402
66503
837789
506193
697191
509895
385519
655279
236317
200719
900313
281372
489350
437230
502152
542203
480348
238652
2486
886787
431612
758172
484826
321166
529703
91921
503997
110016
117603
953785
577581
276050
544959
689257
925130
241018
932787
994663
974717
134393
224485
631806
848969
352832
605384
792706
845369
282112
847135
846560
127801
664077
30112
977249
560577
707886
940403
450363
130988
86403
894489
670740
42727
685075
914922
20628
32773
544754
801911
340453
162222
302731
325710
492618
482744
303440
900379
732889
588366
211067
522091
662294
807628
558783
822796
681774
920365
226832
283281
837005
128028
361740
182450
461660
598438
796868
672527
820954
706193
654379
336469
951510
332294
134298
751802
317063
835753
327806
938658
195208
977289
894303
780003
29938
832627
890829
983974
136408
916577
262825
827812
934233
938512
573389
742800
174182
222063
338393
610516
987665
113139
665691
516019
726669
801415
818458
584077
796552
684641
337792
52033
580962
934768
838945
883116
357960
595442
89900
442960
254450
796513
97517
497425
705269
544781
35900
710168
10885
389957
640582
838234
348619
27375
598837
858291
546527
986807
133375
99692
120738
565476
570376
830620
97339
926150
989173
411242
813292
504332
620622
967536
564496
895026
330511
88507
789683
550871
620748
699311
726862
152876
789630
513031
950557
754825
713261
463739
249695
862426
321020
704314
252266
972278
302092
699351
634984
646800
481998
797184
963186
693766
348201
990568
275463
371095
672964
384903
89384
30386
900976
57847
299156
321577
517365
902591
715291
96772
232120
92397
94690
444274
296774
762012
1266
675227
215615
896853
890236
239568
496673
965906
73965
773796
897008
536094
345322
360980
593855
622296
188777
168737
851614
588502
293547
602559
317793
265317
943833
640998
930568
825583
678202
144965
491408
482422
452111
704150
127637
278396
153740
169804
815650
695365
612275
163818
96791
888564
909838
904237
273334
782675
834568
88745
429450
482670
572392
229554
531636
479902
286379
155377
715283
661795
888062
608534
158479
770539
738965
968044
81475
331887
729259
630536
93636
146493
213910
916059
905490
165328
35142
737255
957787
304091
282458
150478
192230
690789
863326
610566
977186
460237
592933
891177
904332
82991
312575
963561
921655
2975
559128
88929
153787
370770
567917
285062
576572
500381
273387
352380
223446
279445
346662
794245
621986
38741
187123
819988
731816
471325
21858
437952
614561
450327
131675
825300
47335
816694
684564
491139
663547
348599
198700
289977
175091
358218
147111
343500
790334
379081
772167
59985
413141
903846
112707
190219
549312
240804
359078
946879
663106
925628
638471
846755
756259
973728
204321
459380
27736
921307
781774
776551
621776
597399
165221
530679
295197
588089
368620
42141
130301
759143
603708
184094
193989
662313
459120
780606
120937
220845
32137
774290
943274
744100
535842
36083
311132
277451
710986
976079
639955
452804
263875
275801
15850
337506
881686
245344
168111
448132
283153
5822
257134
315928
391903
595879
497369
772737
783874
268257
653905
997267
644911
775954
295827
356475
897989
938741
58306
299580
13932
886823
866892
716244
129350
267742
691964
287613
536597
295928
243484
876431
932201
464049
622341
613506
224579
357359
507397
597074
720972
919800
415467
261499
453035
160259
383217
809764
871303
255788
954503
745816
848921
782016
828536
386095
592620
351864
782267
493899
897268
946435
128473
612670
303753
866492
636533
307081
207422
192379
531133
94528
140770
247623
588204
111305
720851
299497
84281
599363
346553
153820
20383
657026
986406
311072
783754
760441
868488
233581
185819
551537
344585
182469
408984
593589
150595
286818
451123
190992
671331
960207
989109
116014
543001
432019
509511
359456
809209
309768
618333
227835
147377
425289
678528
20320
776807
879369
803190
531157
638447
636929
645775
272466
321958
986945
737551
463385
275310
840360
611635
710204
683846
880495
300706
85506
159172
29087
829169
963364
679218
556067
708691
651442
367043
951800
768540
518291
838064
575040
77104
426345
293492
373942
811788
410451
587488
444604
282480
522636
579739
341073
30120
350065
926586
309918
438902
653471
62136
33263
490334
481018
521042
209919
11086
970699
242498
55596
399335
641921
783893
747273
312556
597656
375147
737682
218758
283351
847627
351738
378225
595955
391841
972321
992711
522257
164181
459490
765415
90025
599496
774664
563202
196934
635117
379360
745026
525034
45890
892393
60310
72462
643370
461608
863646
716358
276649
437464
218096
485379
612283
105663
184197
821811
229969
615196
518980
296323
693673
408829
149672
264644
154313
491181
902096
437931
405719
258761
975587
845939
62424
216051
569693
877917
968387
443232
820283
945111
207745
694221
988863
882107
980484
648463
479392
459182
589825
321479
592914
45609
385419
126515
302765
783828
844109
480674
204284
780942
206820
171136
130853
785289
134743
413519
216368
462163
50676
995383
928117
102127
870600
237812
919655
858978
745594
690477
400055
649097
972612
378725
909222
102311
639055
74826
362538
231677
998123
182635
310460
614162
720424
440967
202492
116626
679187
682688
320642
394067
761296
340335
467010
504818
850257
268241
488603
852572
849328
889950
894908
62185
550319
552698
425843
228834
447305
304196
824468
666531
540148
454413
70466
106588
768950
930595
600221
958769
399393
578635
472136
440194
81453
33612
411605
816516
330672
155304
710352
906446
573564
377830
123429
468400
137621
889226
948142
581886
407565
975463
527453
57002
796799
391371
287171
883727
141860
439832
754811
829002
373653
153714
88501
412099
804829
669972
34082
892810
943546
429181
255004
211761
336841
538981
970756
55627
660698
453899
525598
423087
495733
214331
104887
80541
596329
225586
856976
223748
350889
891337
845633
355969
564155
749375
897083
251382
728009
370782
49190
459074
313237
528012
350185
896418
343946
882288
899591
596580
937389
515390
2790
639363
696498
467425
876652
632740
672811
330948
497538
747500
5723
518270
462010
999932
172393
432919
123661
316170
353712
98299
73597
158557
31411
537786
883481
520612
87214
957882
370847
216884
787080
494970
591739
168221
239844
218819
18030
570407
102166
897581
911178
447022
73971
21387
186393
747223
115905
265972
292254
980590
439245
240751
431347
918110
272284
510394
799825
168396
689465
222775
184751
232976
164909
739636
251905
210640
936077
380949
613665
480379
377197
44832
324811
638815
326258
555301
94915
220712
469894
405704
73297
674998
418660
770157
313068
137753
878674
102654
790453
639276
210095
223515
257690
56203
686242
163551
787867
189298
354866
659467
146217
82611
519668
512978
890282
801235
77983
621569
166874
118659
811068
951240
923403
521974
842488
619752
907725
283491
628507
52923
712232
194137
171923
845467
910854
636217
900458
666032
322350
992405
798743
813466
682283
639012
756208
347959
899979
598942
136573
264529
896771
227962
309863
725159
830576
529090
571151
74071
969592
274767
757563
543461
584079
682663
462443
796010
724757
57839
316938
133723
683677
612815
602816
999861
576009
816929
708900
955138
770577
388692
673935
19147
343138
36643
805515
379290
583139
629614
198187
990187
577618
66674
286068
253679
542541
892202
678329
96188
701485
862785
317508
147412
187853
898418
796848
950671
915880
232766
227924
394728
504032
137609
831322
25634
388699
720082
958637
239573
631240
640013
255825
977497
737792
463071
760140
558669
661895
925301
811650
642757
509169
975810
984606
756686
851425
861331
126252
365278
103661
646480
124421
242461
334941
306449
85857
863370
953683
406362
288528
958860
53828
679861
166724
310550
243300
157163
411526
614837
478688
733278
346633
844089
615941
937478
332252
671806
548030
353094
853688
168278
980282
738090
708921
495700
953260
276160
898538
100663
805996
782671
804345
457842
340219
279608
651018
480276
730532
584744
961127
525401
733629
547640
312596
326476
891661
94177
289216
130967
530311
913119
468632
367849
182005
502369
66486
659266
364336
608617
254711
883934
37131
948102
521003
575804
55120
663340
271973
347465
58274
455853
964721
778542
399681
663766
747429
681587
648172
290984
666768
93582
444577
564914
628496
230668
76224
225544
751872
843995
840654
850658
708046
504369
553173
640210
634346
722077
252840
752099
822490
385576
431811
517323
64106
928935
829393
89742
437377
382432
598280
325551
460367
396375
678128
171090
171235
802612
927553
178291
672345
77714
929129
786749
127664
324134
551660
707976
515642
524746
62374
47858
137644
656613
333868
124569
264085
486521
286545
900274
230892
93321
384068
68361
488770
202789
264727
768853
163286
66132
94490
759927
455943
628956
680934
104143
203492
712752
791541
376763
398047
996407
348718
565101
526049
261877
69632
913448
402295
532312
80676
586583
145129
213729
925828
213194
14251
62381
991930
947918
535341
345312
358257
973351
425613
895917
355112
88428
269229
892099
201813
374144
300638
377047
348838
963176
12795
623882
314850
961230
422867
57784
504174
562321
432062
397916
242220
275719
602128
649059
164670
274320
982380
609228
60200
285784
477040
53432
861076
698856
948942
726163
734190
847721
807930
814111
383855
275319
652159
243162
728952
884126
195757
998604
470356
763572
502637
177647
352672
254995
445045
142010
603399
207600
91798
892172
658789
754845
889394
618034
674893
157719
859660
1173
750694
496653
439800
268739
127664
838446
782705
155416
891364
423917
139913
90056
405050
208660
777851
142412
873028
379586
991964
285479
233080
965763
62832
481364
62475
769354
163673
221966
494456
50317
46379
552379
393631
658685
876891
775542
853643
786913
221333
928952
48140
585614
875756
802338
355523
815557
12332
190057
922364
196457
558283
640286
357685
628891
974206
999513
62013
793844
990185
952449
917496
160990
564270
430267
719423
545487
939943
444909
884964
361507
883374
9646
567315
715158
295961
646604
869268
695451
315907
818553
592236
162715
658885
383378
172707
994317
643076
509581
924193
891310
759972
318143
694962
597726
22235
495176
167657
400791
228384
786140
826784
69834
86913
409966
139165
128152
567444
593594
992016
507689
909317
102640
178040
96493
871375
462648
832358
703149
679366
612518
52314
151565
41872
264508
268873
103776
757300
855126
375744
872232
94602
773110
681890
858152
956114
229164
848717
580520
551649
313954
682779
519813
898038
515394
652677
581618
422251
685316
787489
151055
902471
116247
389836
479588
865136
332715
656610
461626
904958
411929
328810
756950
826538
747120
166479
585555
188645
262813
378697
453723
188741
982070
799067
81793
329306
81827
738805
813182
819615
194281
776313
604999
214988
599508
858074
740423
673353
383809
168737
280190
165756
217797
724362
26294
616899
62270
843979
960541
471166
214580
84724
167428
751043
548778
335601
903475
332661
861063
837869
396902
594350
361692
373265
784104
93529
612370
53418
813131
829213
466417
604073
841666
853364
293071
868419
93467
158938
84371
138873
328987
62688
30053
200946
404855
191199
995828
560260
164461
347466
211491
943249
425854
800413
168593
419598
901192
151026
771587
429535
935875
659762
733360
147486
298904
351464
516074
171963
491097
192369
866980
455997
826401
222224
898212
16039
983817
679710
510150
109174
394500
760990
933546
991942
223576
460079
354619
914003
815610
897882
910877
288157
927364
536139
534514
228581
448789
590493
196105
211541
791749
126798
730020
859708
28739
738898
374949
597879
958670
335299
672596
560811
866188
339125
97359
233070
848202
702888
570127
203205
195793
927447
224147
705800
379297
108269
460459
697570
790733
613079
431138
324789
258482
968116
515529
276762
967509
208234
625180
906822
596889
210066
664596
100040
143705
616723
944264
420462
34024
627532
10944
279752
596898
333035
979992
399876
594351
959579
725902
863928
775636
159322
566888
351871
516341
2280
295045
677306
898155
58075
787006
653880
972094
787600
842104
497648
45759
276796
760585
571115
90309
112160
761220
281663
228034
647387
581987
334517
913408
514777
373072
917644
241854
209961
891536
428183
241313
265709
623308
492161
727065
771626
3517
867633
333585
899391
360180
179848
346322
227699
923396
613127
302965
413031
782413
164686
536451
915562
331045
847551
435499
753195
265828
631489
623390
163849
497228
308513
419275
609543
374419
328338
577394
827419
511247
304149
674087
88805
328381
293108
569446
865405
951278
17768
613581
678885
577679
994650
95802
257566
533587
164358
94273
756950
649023
543996
312394
940606
409938
324224
655110
779450
993486
437202
431756
836402
527079
114696
688468
844294
722439
662743
743886
451998
628924
870064
350368
384478
535103
477830
696891
211577
246370
171246
610841
64669
786005
874400
212117
266636
787988
937306
51814
442123
494257
578980
593593
879603
995577
160238
734443
960036
88390
328597
317216
613849
816609
374468
785538
549015
429969
660471
677082
985152
883461
255579
803140
827332
645017
401938
58642
722807
905288
763923
172480
194621
774127
541805
545551
722785
265594
230891
766016
504197
388525
7187
709614
635892
522833
348105
260936
422803
507769
637393
230186
872566
492591
372722
189912
286032
827264
77109
416727
171714
850401
260237
892391
651220
93373
671568
208288
970049
627292
944867
367015
594476
639793
516469
314574
712049
472512
632738
41990
442455
373418
273143
177025
292705
860950
630677
631080
84547
896702
662702
928054
397554
814099
492205
562927
996756
100686
343730
112641
192535
713045
519675
44789
297630
210374
806942
171986
508117
872930
945266
870735
621605
395801
637902
265522
345923
806702
166953
648265
256675
533254
557729
135492
962059
158163
436823
483821
970306
794007
674871
455878
577831
824152
608341
303870
205469
908703
759155
284367
778916
962668
261407
83639
857347
918521
70393
127696
573217
332649
961362
683598
793652
571405
69360
239637
501968
138067
850991
105461
897121
93068
143490
104003
5428
605080
73302
430741
232943
763377
202007
860185
265185
987216
507083
559314
508660
502335
537309
504561
652607
867516
555509
816652
690104
280455
580354
333245
177159
341513
319001
154010
314421
510753
737975
830988
577475
94476
505186
25870
27287
981039
730158
233028
546642
924868
881116
747381
923261
392031
456221
324135
846881
434780
610100
190742
602805
726375
935545
18896
396786
297192
704121
421168
900163
690889
275451
183925
640984
189093
417630
795902
697370
758670
127774
420452
789241
606587
969269
396404
785504
662157
429470
883847
421258
490876
885300
864640
569710
662754
854649
569954
441366
832100
844212
509451
61070
110265
116977
68753
265335
902744
768748
544056
605051
143042
140424
646093
383195
971689
424186
977441
380004
489084
343427
533221
230656
527440
91610
602591
792744
568748
564135
56519
232055
984625
167788
693056
921754
359652
53631
314742
211236
685338
224050
420688
894974
809983
918739
534162
540603
364674
436686
224915
225354
585568
574961
944597
858629
891980
163784
860806
931814
863288
389991
334802
930456
313347
619526
799651
907691
262015
654342
541302
805922
406109
746002
404763
635431
858104
261153
816265
718431
549626
452823
987547
41815
827055
301643
687915
344157
19748
888932
908490
527980
488315
602268
99609
849151
212559
826342
207751
696582
282302
719212
650727
858870
847895
826929
594540
828475
587745
946646
710596
452041
471430
486072
65807
154512
7771
599030
204219
74574
171469
859536
981822
937854
929897
736875
832942
578286
41735
671025
250560
796270
741716
194581
361627
483748
94523
81268
631064
900285
163568
448343
329817
243006
479833
126229
424835
681528
304921
125333
854297
586458
164025
42290
56118
880801
477557
652791
717607
488298
876193
204553
382562
556455
258166
226276
15463
444528
167613
579261
414514
995377
876823
835207
663194
79490
300327
437778
910217
190228
839964
978701
366040
245254
221470
410220
396231
464663
888788
66533
61398
866934
38992
318804
170818
643446
572952
707326
940127
924189
785426
441906
567823
398236
291275
374731
136476
141720
755300
744275
306552
687527
431641
789058
69518
734742
106415
805092
463492
340647
422586
822040
104528
981464
188616
790644
532660
112222
570925
865734
21207
719473
658540
693686
160450
693376
923391
872775
844147
205446
460932
498428
898849
398516
60548
400791
818189
261710
18912
346748
666306
402130
696410
670517
337641
807890
736957
602767
412555
425187
654186
928481
895715
570798
38401
860204
564959
569188
838888
812510
777651
583310
659899
940081
409434
657026
394640
273648
214187
446577
324773
40026
630804
30878
879465
203935
268469
652649
888484
701319
90907
872009
792899
825586
255383
238361
351748
856314
220923
843849
783546
583348
111536
862325
578877
323542
404983
806546
575346
507186
166906
85829
822451
543073
504462
919886
709402
363899
150024
924961
878895
932162
899321
197781
576811
872286
870535
680693
375337
651843
982569
618677
230376
156143
681790
146558
372799
63631
529995
376618
97310
681537
75791
214860
551932
2420
41413
959974
492515
104172
608374
285310
416724
930274
698616
534154
780375
589384
690822
208328
274532
195114
341053
169898
928359
750256
489393
612271
110260
287552
857578
269581
883335
576448
993598
624394
142198
565817
237068
637610
312885
628567
395474
526339
357126
253197
730604
957036
993979
50773
150186
543700
953257
532309
230476
516911
981995
946909
716189
51914
862032
469005
1257
124672
34722
902868
832091
62853
988116
27219
450104
594591
94215
749791
329010
764469
964153
885862
134506
929024
252426
721961
581381
307102
300524
315431
257577
663557
268903
827098
27605
246932
379783
820954
180571
274245
678691
912800
580922
957695
711178
182246
400796
117192
132235
307305
520808
396632
954273
505808
451589
368393
762233
342119
285677
670506
977250
375300
998825
32242
519056
588490
158767
845777
230733
803340
309332
877346
105661
956297
19887
724605
835212
119573
493196
270826
348982
804249
243210
302320
775538
217905
696338
602827
593468
977011
195764
692155
772606
395727
688479
87417
117594
637842
434621
972613
136982
520261
357801
96346
840101
367666
509774
824579
229582
935366
46365
676744
984955
521618
18602
876160
406369
434988
513956
367946
470406
435570
873711
884439
696884
423790
490400
602846
183736
646037
24404
439347
836183
519530
835629
450930
681103
364224
727530
630869
832773
318236
300386
541797
78544
335160
445021
338510
37152
228004
838991
854091
592140
406408
873202
527936
127544
513988
193535
183654
373279
627704
97416
753760
401603
161567
516021
280557
643822
921430
29081
174647
561699
975483
429552
722696
801574
591281
728568
778460
336869
887487
673000
667089
904834
441624
502225
669690
110014
888373
942096
948500
277315
918046
778541
502032
377870
808905
698900
835215
190775
333529
240109
282284
599518
544327
813978
330738
229300
587550
402829
507566
955363
438176
814275
771872
567451
209606
48160
834955
293434
34341
454824
368428
773463
788716
972375
723591
179884
585034
362463
23708
76573
463148
460028
911481
254697
311716
671221
371049
802988
210341
206065
178698
159694
332267
255666
611708
287372
111480
788851
488566
537505
900152
148122
298546
842512
830086
954394
176712
823761
953863
755625
143065
933462
258164
555544
526178
329400
804662
142548
536752
841411
144362
825271
764658
771546
161220
83532
915946
849481
552079
564190
209790
572517
544466
879099
748139
853922
70671
379786
400217
84465
417573
944262
494409
855827
212245
856726
121258
444671
901729
157451
390476
679532
624848
183541
654764
689660
931727
332194
395949
998789
156337
519220
485992
265084
367255
657886
778202
382144
797547
59323
345788
240193
2374
183883
300080
889035
739826
771594
736983
423987
684233
687407
897023
372444
474236
45246
160250
196966
942000
150218
547786
98293
672898
473163
932344
231385
696619
652823
72003
877343
146623
120192
740982
374259
280912
376907
990866
902768
560175
54152
172267
666310
710482
392339
630799
575559
34321
229925
752096
336398
771275
176919
244995
74956
757733
492661
966833
761776
153202
557371
796587
481395
426607
966575
55562
361853
346085
774618
23412
368695
832369
860132
736747
963054
291360
656331
948863
375584
382900
660352
158628
653159
287876
296094
667038
591871
961343
25543
976729
674678
756049
537309
973781
632879
598366
559770
133118
734418
190699
829133
838809
137108
397468
168754
103579
468062
476376
819820
289684
428572
511304
502945
32008
972965
737791
698098
821598
155714
112308
820566
391282
63581
707946
990610
723909
784648
618800
596183
975060
294310
652996
224632
416774
987066
771603
279622
266430
497034
106460
29961
568337
499695
270066
593309
670737
448636
917216
639272
951624
803209
355366
276852
794945
842523
151138
149229
600767
524849
358346
455800
222609
607085
55446
25901
454653
724574
213563
355507
531801
996326
60881
254775
501178
277388
210070
503177
794691
806177
974667
189587
117983
271943
683964
161078
44937
831842
471709
650178
570376
261471
448400
15826
176697
309468
703748
686018
207428
570611
543287
458511
197297
357542
119963
784649
608723
556520
806295
474231
212642
244742
682596
579527
52391
848305
578264
819760
651344
27944
443520
144742
277219
212230
636965
783865
130319
229541
850161
975115
952542
97198
67563
83052
748871
901503
472863
995732
311521
826743
995289
764412
254897
85153
920335
502489
218660
536250
523166
144822
874136
896992
731501
975084
372500
23386
74222
896257
722457
257214
582467
800987
501264
420611
256637
763999
162274
708004
873855
84331
377190
164460
546177
57324
309
523236
593840
147228
725978
935895
344371
583323
115430
532479
5577
143721
228000
857422
688078
886910
539033
157722
275357
147014
916636
458981
978958
632573
370628
114952
927328
579554
173033
980924
392562
767771
686642
197125
217708
538661
868750
606460
293627
900469
865150
124151
381241
964848
581130
848023
907882
353988
284500
619053
254882
58529
343369
963401
519557
145496
123635
14241
472231
794254
851563
590299
732562
312284
46124
793976
32101
190471
485763
491868
402969
954071
105443
839870
699679
622998
49238
89320
961765
946150
684109
144299
770616
557183
364440
580707
189252
598405
758193
464162
676982
570562
79986
699260
991618
857541
275303
568751
298304
615126
11326
248940
235313
771348
588635
149638
421984
217326
771336
155958
652964
664890
473162
210633
984642
505653
665870
238823
619375
394264
713474
418688
750195
414675
447873
200212
684264
1064
930086
771615
482018
982183
411138
350816
354985
669890
737448
431749
428321
745932
722853
477557
578955
970067
149645
854969
399076
204118
613744
498376
778155
677796
375660
805997
747392
573396
255260
271575
622312
962523
938734
85501
647981
797517
613907
478508
580130
550131
902415
537454
980228
772037
255920
342105
829564
332356
650331
977201
685954
845878
139393
775930
58139
45055
961457
403743
575299
336409
560712
945208
923877
125552
89091
423228
971270
632733
507573
171331
53186
781052
78036
703157
6127
833964
763629
204693
258718
490786
568248
488356
570112
795946
118598
82547
634340
847932
436950
350985
608478
796663
642504
882796
16004
220988
568361
734800
649234
457258
914925
830873
674989
904561
172346
806671
131716
53333
53472
559773
71635
91777
64679
339846
565378
474053
895426
437733
475178
828526
24287
522270
372727
1
39904
652071
274600
729812
977123
272365
93619
471560
421245
369380
160710
253222
669830
585454
451817
36117
8270
864039
567423
229494
322542
783179
731052
995228
45368
27653
911568
511979
972624
22037
69744
323980
269204
179292
788790
992906
494007
701831
6991
412236
24747
858838
139314
419375
298684
231624
596161
971903
727354
728485
778887
687827
890511
928999
281698
833026
54191
456966
538682
896453
138924
704671
488687
442155
923625
734272
213521
56883
965543
286610
222984
168905
893755
759075
744020
703008
607776
203664
602031
575080
537001
808268
71503
665452
372303
830927
315336
920204
334184
163165
675853
868882
865721
553265
758999
386738
29730
91654
746590
194019
15863
885315
947204
160404
946672
597505
311697
829261
613366
676538
368281
60707
95581
27151
286778
653463
621169
58037
813186
92172
705193
22654
544685
466916
963065
731200
71883
713078
722307
708388
193920
641901
277805
472525
212901
957376
251278
260578
122317
259145
806465
175802
145122
93125
204444
787171
844781
377831
181435
890255
692404
582361
598581
602972
103421
768528
594992
41470
759409
893322
273873
593803
159260
49895
94795
604323
319057
794977
436121
802298
600171
671786
713607
202948
88941
801953
844329
741820
260235
345392
849711
165904
293890
311300
791377
606764
534114
824042
950052
411681
727788
132035
409935
163186
354838
210724
246039
825147
901483
397388
182869
282687
202319
523522
818250
110156
591264
705419
786697
939981
814009
872901
385042
974188
824976
711267
863359
380130
935103
437830
430807
401244
830048
476404
880769
333003
905617
269943
691538
437641
84438
45269
181703
639651
187038
360295
584654
548039
483422
602968
528703
17035
507354
915836
404136
163351
237186
410058
217029
776241
182649
737720
398479
185187
560176
446513
933419
566923
3441
482166
889475
860991
585400
405966
455090
623514
618555
174187
358745
130088
400907
538715
803087
273066
138835
184039
909173
275526
26172
384908
722406
403470
899763
979603
83726
592875
784770
313039
523858
163494
358555
412467
649773
770514
645620
835597
471643
248602
153675
545955
207917
55651
990731
799592
346301
863645
245767
187931
418940
68331
81187
524605
22823
843244
175954
172461
987160
74278
632633
411361
945721
461903
582771
422915
429203
309367
233966
280358
399428
758421
228210
700899
834063
564076
794818
140948
823310
328665
717403
440749
412418
143036
842265
112690
367435
736065
394169
389528
544115
819274
454585
782972
552036
903866
853660
898618
777146
179617
592905
166060
698419
656959
410835
997887
876483
380087
427348
373875
428868
201042
141810
303919
212171
577708
605059
751550
751894
804543
325005
448938
664673
608266
686502
624371
89752
948189
477690
693484
673830
223684
704939
919603
885099
835341
574995
299019
673549
826808
624357
630936
194534
469819
308145
759542
663835
732335
35270
723957
971276
810010
197297
829557
537959
44761
906468
645019
29143
743338
832498
184685
568282
368788
323191
413264
152561
52019
532565
190683
577776
126244
358361
313751
423093
672201
704251
891413
693
477177
347076
246444
399410
315335
683146
276430
926153
453870
475031
847239
989671
267158
109992
161297
759708
94469
249489
688086
97352
737253
642174
216067
598833
236589
890644
431556
959543
807279
358965
456674
210015
142142
789282
709175
942091
28474
375676
353994
108298
450170
984035
502603
258828
224596
503999
354348
929518
812171
464029
920217
818164
471254
42801
860950
149012
393353
986682
974452
425967
845987
745155
453424
682587
954803
180997
742248
4123
886823
985002
74427
379248
47602
641388
197436
243912
928921
100636
670225
696661
186139
469823
280814
703033
917435
960147
34602
665693
252715
971119
710331
358369
644503
772744
811667
494830
970507
820431
366614
113895
689601
739512
473782
231101
144395
431702
591149
663969
326489
827682
163606
192789
366376
234011
38889
973916
847559
442055
434769
754512
640583
396823
180012
856466
323071
482728
727390
261531
785465
443238
873298
274353
52797
407243
295950
377206
615415
794629
112882
674651
70407
557622
713741
529905
293734
82325
943260
952480
622000
264818
760608
274928
2002
233366
789019
586373
728144
92808
505511
784680
578419
972204
336306
226239
330382
522567
108057
785695
877676
628126
18144
86072
319512
818747
891212
582191
720841
739473
527325
148681
892711
719479
842412
397442
390846
538768
391900
230846
712766
129548
947840
240215
386220
898247
886537
52181
407146
782031
7338
810299
965149
711299
801994
128062
906368
12758
44389
13137
952325
35251
13056
37851
532387
732539
750087
570506
708929
617961
875077
939585
467581
461207
511550
579117
871513
485466
553964
307509
425090
63751
857557
847056
593087
452185
423173
341104
459507
371243
92717
35100
235470
978591
301336
46107
466198
154081
138566
622604
419981
278982
101415
645331
931712
384398
332789
499118
193516
25736
870830
681253
930509
681365
953389
349920
731652
87812
15588
916562
182116
484061
539704
28627
902873
628153
914361
936844
180661
413006
637373
577803
62104
994121
664024
863671
410876
578708
471737
245213
919963
368311
559460
994536
438269
777882
796103
430768
750817
274601
345340
744361
683079
304976
192730
861500
132824
879909
606136
725682
651443
535910
58880
737293
751445
191511
642027
358641
987940
729614
153630
849983
42136
211530
79201
598339
318663
339645
395320
178051
460107
32938
206048
844536
529874
539881
553511
583897
494401
404104
441384
61906
366534
304140
3554
892628
902585
451669
394485
841094
624365
888543
714872
686361
482009
440612
610809
625017
781342
513695
969490
494431
752309
565740
141476
538947
108535
832396
980787
274223
110279
630020
477150
720111
866463
839908
414713
354020
38262
318117
356297
565560
505035
115692
996059
591020
800593
842027
416321
57422
567351
447143
368682
456838
142035
45652
557405
490510
565226
299356
556370
359170
506142
880126
494573
362125
863541
395987
13912
626691
750402
463916
708731
247309
41266
761880
891035
234815
300277
863938
283532
782598
189190
364534
347028
424445
973657
178116
677150
547998
309601
478141
43544
404565
274043
421211
718889
572656
296378
574461
973266
287795
266831
152143
215456
655881
215317
98568
506379
449365
393783
720525
633391
463077
9791
363443
393956
152712
458683
282145
402684
392950
567053
623892
745048
576686
709776
279357
171367
165213
545187
101893
860860
223994
234707
372400
384139
881647
66729
37855
313409
513265
367116
58736
875517
196528
836821
735488
676718
910058
866158
630608
953994
443098
172645
287749
904360
25295
460435
4617
558522
147287
98723
713424
12395
357018
978817
238581
728145
795202
356641
749698
976015
779992
827369
419854
910282
770986
225084
136385
378182
378600
607908
275507
995804
656015
315803
859443
424794
773629
466102
552356
695159
53922
832943
495169
175921
795287
525645
291584
451909
147081
119218
336405
720074
683662
577217
910669
748203
512216
974122
830491
145919
41159
378707
198192
26183
589272
461284
907267
230019
759035
493487
728752
915633
391491
675899
368252
877155
55287
200428
383415
720060
409349
260240
469754
796935
766358
854152
473232
890355
210301
268497
39089
551023
541640
322094
944554
670750
328121
417140
351576
844279
831503
61809
752978
731516
482557
80570
998439
214485
610876
375504
433533
735753
839292
526446
921880
488472
985205
669362
462331
891511
383645
398821
592105
494696
440498
669353
454340
369590
571574
350014
82839
261194
190267
731697
834479
313965
420948
171361
396451
505371
577771
340719
930101
82624
56049
554753
738641
304338
491952
256627
886962
520778
295164
805340
716260
755392
747336
404152
55332
871650
265876
45559
864163
868752
72644
531617
383273
157079
878860
796644
911191
944201
660552
808764
172677
228790
519208
324925
757706
106313
757705
104512
345049
621312
51166
669544
414088
934665
234125
883984
69869
121846
330966
246995
580257
244637
233774
551095
235366
311247
573226
836726
880933
46131
751191
993515
325199
327166
553062
626710
154662
490256
235588
902347
654868
247406
354312
664829
561145
27224
787206
36323
520834
570119
836224
460805
901684
40453
580476
769573
27529
568552
551409
254348
808241
553324
920923
970480
145017
792300
109294
414079
562761
95165
721383
814794
728775
337128
241149
935057
241242
938753
343671
576999
97161
676968
883671
69506
811905
121820
923060
117473
70837
283575
201573
466010
963936
192586
351065
995775
587622
977301
173444
853804
926360
71715
833844
572080
561879
695040
284418
683094
636368
595224
382883
57999
571621
37166
424094
395197
869740
960885
456088
576670
373584
244367
467915
488531
809109
829983
206229
41804
603770
823501
975213
548563
673271
739541
709360
823409
44774
994124
387481
438208
638270
516337
649552
199119
576249
118188
231577
390315
530840
153894
684141
676688
195645
48004
405030
406444
551861
91329
191763
971340
648793
930342
613611
970726
104457
11561
783583
855106
858521
636832
337864
998853
661896
365984
268416
467291
313707
518710
909068
475392
106473
707521
945719
513964
654111
559018
937146
98265
751012
797890
177494
830194
678630
245174
296644
750553
390067
301361
787396
186389
644628
635343
305747
505239
566036
712121
639544
841639
44510
70753
856124
905904
781316
482972
833081
101412
540252
388759
760267
734541
923717
835255
767332
229234
563719
624209
766908
527906
946328
746690
313509
817311
839035
801901
650620
187306
324868
567439
757947
989736
641014
749312
980268
318830
301261
408841
890104
241070
958807
555740
194462
567485
716412
419188
353407
910400
604063
915274
374421
658355
484189
556273
662788
452437
264755
507407
189257
824244
741308
106744
313807
949712
851863
491048
337824
808303
720231
884445
493496
308796
858484
454351
630006
557789
694126
245581
599724
951120
560274
107957
498901
482816
824358
516112
228518
991146
290398
684680
222781
748582
493025
426758
635254
387093
600485
369516
354845
631910
817014
337452
175549
562052
319382
135363
276503
260320
464191
37398
959406
54614
138628
325671
324927
66046
351381
70068
94991
797458
427233
465388
57756
176311
671190
122895
509877
292074
477700
646753
624678
27848
472991
102794
483083
196218
764323
476557
669381
932539
163602
492067
556043
445895
541145
466867
744536
916897
299537
396401
272130
367297
328609
94352
737323
532505
200960
686437
848784
702467
948248
697754
769279
113673
850694
874123
408741
87504
828990
468928
864901
516257
149964
174919
680389
17173
18741
237230
514595
562973
775868
640346
562692
226220
744256
797639
429869
521217
689282
169629
131275
416148
71557
196843
393516
895900
565966
443842
874832
251707
770443
7473
7002
423879
23376
198616
36705
980854
907644
667499
959844
335973
386106
757125
163610
675525
40484
156966
282470
936163
187137
507659
724777
794578
871023
889513
5106
328502
981084
728261
593296
473200
501742
797555
451849
452705
499075
364969
735267
255581
217938
218494
61535
847918
793968
831109
834501
965058
479023
856128
579035
921330
346401
304771
148911
425007
995514
978983
576596
96715
589587
270631
658089
649761
615883
314906
845972
699939
480200
772621
452750
843518
254427
240956
993624
227116
785218
587181
734924
52758
127175
737514
912270
135907
105605
179161
436833
906465
284106
516473
138390
318927
71128
225531
546399
307652
101254
717691
343873
154816
915908
174553
855144
522446
142460
506232
593620
561362
781459
992723
475953
954420
75662
623095
980485
885481
639506
604705
636931
625243
172099
700532
464764
39285
405326
337495
172405
799820
980995
393961
517587
480749
153946
317794
704883
463679
535
288007
797334
551829
440455
790153
258746
614803
771434
85755
594436
59449
804843
795118
411800
457937
647434
885739
758219
187441
106586
786509
898928
707054
258342
141048
667343
350685
784239
196474
197812
713863
534225
736892
910179
439592
993604
283620
678377
950692
76413
148619
727245
583751
595188
535894
64998
111159
852161
114931
459526
165497
1568
93170
314196
536732
106003
169661
242424
776261
525991
672630
468015
86232
760526
485931
489534
561089
480619
638008
745474
349916
539309
483770
127206
712519
830354
222187
24815
774337
750669
393503
56113
581951
291139
407066
188517
879243
557742
387084
597714
892057
769316
944938
969639
333992
539058
581673
481899
790673
459746
784921
475019
276912
844317
859101
267986
351404
887593
131907
461496
89060
155538
938180
16145
998391
991463
273049
326886
476464
280476
119543
442209
60685
545933
516010
346721
314922
815458
417226
905710
513999
131533
840987
143878
981395
989232
248071
698198
56299
863580
35568
877828
202579
107573
167861
720937
921303
692273
395203
85148
427774
430335
401109
590505
73236
572612
523977
663649
536211
286080
768864
403403
488493
167055
263954
311736
699129
673164
154892
630261
743607
581968
557703
29401
752321
162520
185286
523069
192145
726981
362348
298443
497449
621948
348919
340847
866787
821805
827357
385259
945237
160433
671105
855495
783712
786189
357586
281829
537558
315540
569921
92147
43205
64424
744221
654713
549028
548321
582540
286482
138905
594566
658664
873207
723109
916279
523187
352375
369965
295854
264889
423235
296806
730458
428033
700389
641499
860459
645167
4945
337182
866476
834772
781193
461705
61188
84009
412911
229042
959386
84970
838501
989528
995594
660644
707302
405333
438941
436355
669351
517672
537840
62956
733624
750109
979443
930666
801556
174731
75452
325119
570629
248439
259273
122396
687094
768343
436048
625261
970071
872048
157893
317259
264551
821984
667240
255381
13921
880824
546183
879321
532869
486657
201879
956651
812417
40032
370539
376856
328572
902804
966415
635893
413696
556571
636868
376784
198145
128180
828375
861576
503822
205504
948256
594937
323987
911234
227028
879375
345864
583365
263688
360060
155898
252957
346819
996996
4916
837125
641854
20533
421130
790888
461306
525429
886785
890299
359614
867891
455326
956231
777644
307520
700874
180996
914559
432502
262686
382049
900452
190998
409297
519265
161073
169584
649915
375199
934982
257019
833797
500018
208255
594884
624048
234859
75347
701379
873982
976315
111500
963978
978241
4210
95011
264279
34174
108258
471607
292040
829116
440098
90154
761134
428335
825134
547352
155770
466428
741868
696629
712339
712425
344969
305346
345418
636963
254722
918252
420965
23210
906495
117377
42712
982685
307801
401295
197266
589661
758525
434523
848242
421473
529960
198843
958106
346326
765522
789521
938268
399920
498151
814820
193234
354130
870384
826844
496394
460950
140817
327514
749853
844153
634475
817970
125217
344358
692065
325318
345268
366173
596600
268480
640761
927424
872280
126315
950559
324730
294703
972207
331740
140557
983605
650983
53626
787190
144458
229344
295624
141374
415483
759281
809905
301728
619875
854962
942185
270674
962350
679258
721219
150066
177785
440249
77727
63694
736341
920782
668225
281424
120683
320070
104766
340484
775289
96402
520848
651912
999674
311715
477576
914191
884708
606341
823010
509201
747531
42581
304692
553299
784163
98144
377217
862990
771618
802714
564970
408255
738948
235128
364292
275658
947816
510314
881669
164492
676312
742392
245975
390844
521254
225400
108623
850364
70641
790058
176503
949570
394375
714672
939783
143261
699493
336237
126579
386279
954265
212024
182622
997766
878728
453821
135660
932446
737996
649840
347317
517783
391605
414767
182101
786502
760689
163124
399648
903738
217734
730355
768307
861989
673211
25558
663461
626918
381143
929427
46493
440239
525825
243110
36477
519512
982278
977584
12092
197247
85049
207916
176594
627289
50997
141450
565068
523034
226878
762154
515263
653245
777862
507894
922713
25648
504011
240860
854931
671648
990813
481831
790530
456412
847230
876217
862413
552232
500194
244135
585017
195489
574997
129841
266848
398215
550332
66140
124033
866476
602355
414894
121456
670584
272854
182278
520494
323159
182235
785877
431763
888767
193437
449213
263528
955681
83827
27076
148945
597675
649535
70196
172519
840632
357635
840723
629604
993301
609069
631610
74360
565169
786163
191480
229408
283161
975414
150582
152332
323728
898390
609963
953593
471480
964840
753489
370290
319494
499035
832974
866709
357121
17005
876810
612472
671270
946599
134305
801783
711340
323513
791284
287004
678178
173106
353946
189033
813940
323483
123252
682884
502860
686193
34143
437055
382933
64062
680578
18884
28378
164371
964614
568730
745485
528036
439525
469526
578788
407424
878620
598368
730782
102059
651450
178721
191972
643290
597275
572486
689162
212298
504878
798004
423860
429309
339761
698248
733717
147538
868542
394633
31635
214720
657791
988333
256135
449966
858686
95172
75104
792946
927127
59205
20583
492325
718734
223668
590877
992992
999997
482604
904896
381269
268902
44366
465260
613963
52775
972166
759199
777783
629451
155447
164629
993524
264637
352707
250066
933408
705367
728824
20414
75858
225624
565978
605546
813371
918068
492681
19889
901912
752006
516239
10617
876177
730017
750664
404697
80433
339588
747310
23892
583555
76523
427264
76292
544773
999170
100751
441810
847692
365557
650981
895778
958772
269346
203474
806667
935169
282480
193428
877123
61335
299769
712738
416986
372434
29155
507413
255197
837251
676172
527796
493787
628360
479203
809434
706244
194695
203028
41030
228973
189894
399963
547647
933551
836586
44922
143394
614896
501387
8261
776394
864761
927216
233435
967834
182598
396204
352623
44201
379933
669140
400196
48843
294166
435867
231863
209528
763257
235277
609526
296988
240836
909796
378063
299707
422987
743626
209891
836094
817530
352940
34297
257565
395895
413303
330606
301931
890722
832371
685706
788345
751166
764152
986095
458536
58281
799568
832043
314831
12295
836971
249772
591940
978685
180025
731987
782475
70553
289000
964193
326937
520975
31866
207502
466947
680863
684353
727544
273672
841490
846714
882168
337335
520354
167236
497489
305791
608697
929211
668546
958673
562898
416054
808059
484851
577084
147545
182764
24804
986365
354711
355448
93160
844371
67719
710792
742703
136790
373026
959613
731558
850425
513175
751869
227161
634351
736651
533615
494595
98666
250672
557441
123444
933438
747521
135654
266013
558756
712087
186398
378363
561819
553067
47277
423582
558633
213481
593517
969365
992960
249709
383871
161784
9595
888028
849821
999954
730055
475874
902155
658921
35231
91651
800492
289386
600367
598048
279281
516086
906650
73353
370540
562819
751319
61305
554115
318832
314614
78450
760639
898154
317505
963190
634436
890484
891581
370911
446875
632918
336784
917404
400555
471204
246012
602568
311623
969129
323337
104488
569889
63409
547842
468673
540059
753904
48981
699156
684350
483474
431134
645239
868164
523936
527357
266962
976335
333131
232419
414642
620093
717529
546412
718541
127507
240681
760422
399763
945686
588004
955313
90669
291512
284546
572862
163092
189551
514678
902137
801873
671970
707832
174019
634701
226365
195245
966680
120148
12261
196468
220880
38250
524741
65423
572993
374474
99141
608812
634561
542007
280796
968336
126665
678785
377724
384863
415925
113559
584748
187914
885224
499715
581940
54293
627724
369414
674673
231875
66679
986640
33096
694881
521449
172444
269623
933741
427314
790502
748231
985505
174192
262026
602974
257631
799798
322746
237233
695290
868681
369180
801814
844254
696004
629374
985847
720734
639707
452407
882595
759192
279548
878043
492414
653895
583505
455450
39449
873381
899170
775349
309852
49723
35992
449566
442464
460742
665052
201516
25305
243463
473118
80184
368240
978920
42994
600919
878575
388294
677524
395379
753110
631775
888140
594824
804619
693530
135149
697785
206061
65901
40119
909964
606409
474542
824988
405833
116133
801466
505248
452650
77050
341052
682585
890111
894336
862299
322518
511137
832545
50050
405852
578512
474127
508365
909900
809388
652593
749709
930528
215628
366584
766968
52052
49983
588305
814704
602977
480285
83187
818926
466916
765832
433687
216523
500062
904004
724552
606379
539796
532529
843920
487558
176215
643425
515794
48852
909214
798298
618998
773653
296271
643817
174206
303866
741660
942049
921144
4147
213258
200815
110732
260694
554893
914715
687285
343976
368208
876317
677516
401420
732241
97753
128960
744645
138536
864889
79650
229866
67559
434662
6941
703909
186141
904867
710339
630503
282613
55558
779522
114156
196220
547923
318069
128934
746176
517942
794583
817417
20307
687389
224146
566578
55023
39600
318005
20149
330803
210414
428229
847809
351372
960485
140906
485554
812783
559502
682122
534579
543618
142722
203699
656078
455834
173213
481778
621394
810783
836590
13057
322976
66636
457879
270812
25490
303443
264776
344884
852231
390558
58450
477181
42383
650287
470122
184098
623664
656872
607549
965081
271443
822311
883242
532048
595598
649
598369
350342
192719
588368
251734
707959
254689
58079
853665
962351
824734
130274
964981
603136
558130
244490
55419
359055
72967
78518
559242
337928
685842
504301
408709
749106
399162
981512
773650
625308
624160
919341
103730
572407
510607
233461
811138
608638
846466
317871
708557
442959
11852
830718
525324
797661
449128
387165
598651
994879
180893
534019
430168
459808
110093
958882
151803
349721
556635
638473
683021
486748
880311
496169
884774
699975
499592
622132
423367
608792
545716
734241
706672
767744
974479
626124
773792
677648
850013
654203
523559
153744
475654
35260
450153
128495
354197
983082
542001
106324
991980
240142
555247
190483
542664
560993
930896
837947
312365
956207
88312
663180
272366
223064
415327
706757
269851
31665
960773
785052
926471
166343
351315
938439
201332
897539
198736
676791
56094
299817
291260
560165
386785
60603
359436
401925
970887
364730
401027
786838
421426
430796
422314
228251
533986
798585
926636
216036
817316
984399
145040
796933
767896
571750
257107
242728
830749
941630
582497
606399
150235
436740
572016
653905
561452
764404
605114
879350
71143
820184
943573
380894
605579
648430
56176
766539
393605
248743
267884
317471
130270
244620
826132
687119
278149
139067
180667
700087
572532
352656
308081
970120
994944
115231
175969
727260
25474
277597
621898
796522
693214
719262
996824
835733
474989
998392
360478
794975
228235
418567
486003
612987
845694
106634
852390
63487
805377
148715
526558
571384
771309
342364
37075
267032
873987
667421
54371
468810
147160
224666
567506
13734
448285
393441
807744
21898
364432
658249
62363
987239
581820
468116
723899
907575
611759
189849
357272
161537
971418
523090
91310
106364
977992
768347
43377
705366
543202
759626
245662
913569
705871
422245
686253
813146
752563
69316
783139
742616
863065
117764
689028
77902
937067
403493
815525
498877
325470
483137
671646
315577
608491
334506
851870
330581
559799
350
202650
346349
34580
588521
421982
342609
738592
842648
174020
334921
733195
141909
473089
39882
714039
714468
402908
332595
773752
563321
177787
529284
682170
862771
933270
410908
853954
635577
30156
742444
256397
637232
54100
301950
351636
626774
473612
740060
810161
648766
452269
605854
675355
805544
342304
909076
337613
356668
417705
86795
50118
238243
309314
2304
443177
642562
252163
169119
434756
4884
234940
67510
99437
60451
455973
545979
301385
240483
26157
772278
225510
458027
823406
658764
559752
883601
176386
970218
936833
564000
727599
404106
837369
346553
475773
389093
722318
747075
519145
389045
707412
362256
164850
785510
719741
75022
664464
582040
220116
625510
852676
932883
148068
952756
966283
361480
172405
779428
233580
489472
921078
826021
560369
314020
659318
781901
386162
848936
59340
963785
375116
413844
947223
94079
369009
801520
279264
923138
440921
264267
802972
967281
278487
145256
304653
6828
482950
133830
647111
535092
598818
8075
781904
29919
861555
680332
116513
497076
376035
554555
93641
507049
738033
726126
161201
771830
368318
464648
758970
688789
733957
825286
343618
305689
865704
987944
932678
700712
619301
663609
598753
354263
24039
928061
712051
84704
904313
245815
373149
229186
545173
282324
834856
923126
669019
511095
330053
140233
330141
996194
893487
384218
136151
598525
583725
232434
184764
859655
358643
359163
613995
879702
7528
749279
290944
574604
356611
967358
283143
111320
575630
91723
16652
41894
886605
692548
606862
864100
951864
567820
103634
330738
527075
780198
13779
980454
939839
456976
349334
799865
917049
411898
672220
87697
628608
21537
452465
280555
627492
645325
196834
5604
101210
579107
732108
134245
12380
238952
65550
802665
367661
865235
873888
817645
583674
401804
214909
668915
307356
172231
507388
412530
337082
276920
985981
748189
316236
529586
818686
13006
780858
904608
115277
54991
542050
117982
655832
700101
425657
667957
412768
151866
290569
16881
111308
171973
909208
980577
163098
108696
209193
288875
742832
216486
116892
583177
542737
352175
226096
127012
239723
473001
8809
407051
604685
565773
297356
129104
129525
565947
487560
396159
111431
587018
796719
731260
139802
129200
760673
326904
431341
500618
586953
985743
867895
229770
881985
866818
366108
619002
448465
551564
943739
704561
261333
784035
118436
149841
188348
276236
733991
227577
226860
928411
878664
98766
421635
100870
549262
604065
749241
273253
185274
377597
485857
96137
142421
13328
502286
286646
512227
660596
68691
402302
992051
209560
647906
959355
11736
150479
328469
552680
621618
582197
104011
688732
536741
164538
267435
819173
161452
971468
266628
103037
106630
482597
185941
842924
851214
817838
454952
518841
112616
17294
174809
969870
707607
539220
520308
959463
940140
960445
951036
554806
453913
830754
761032
835991
134308
178881
182793
186987
938295
662182
12646
337747
218644
795317
972296
827787
808293
804375
913138
867104
623665
110911
227079
400080
818667
38616
135087
403836
932837
672909
910357
266188
809826
63412
400968
682271
275912
302744
921025
126893
829108
168033
940612
304060
708072
893474
155359
532795
817311
819135
818895
68415
606274
634809
923714
998039
673971
289816
546296
613518
915206
42931
852866
904828
617359
982559
153197
194121
721814
891762
436344
954368
592935
812851
820288
313931
132806
881056
762941
428945
444416
242010
525413
699752
195741
328497
879470
381945
9586
453320
561521
850735
487891
428965
316458
117467
219493
21527
682780
416616
294225
474308
158225
738678
141588
96398
153279
657365
560691
232930
162182
113375
296332
938269
776214
894898
618184
205594
316782
940936
819949
275420
862783
78581
24336
365013
179695
138877
332583
855569
654841
660176
890301
243138
338545
289699
759678
189608
836773
920748
642994
657373
640672
151674
512775
669626
606536
80430
11654
617258
700583
946394
362344
797641
739782
466228
508482
276344
490165
10806
606363
406656
24744
512086
383326
580447
409532
381661
878058
584564
81623
307175
717191
424004
433836
818038
509364
739239
875998
21810
32156
318034
124028
98113
618407
510081
20715
414207
370796
662337
28257
667802
690883
756887
634253
127117
212408
645585
479893
988343
240605
830375
46071
478551
164535
611532
907729
671335
705944
63383
43579
405010
993293
367177
350482
658514
634349
10618
582736
259818
351890
586405
995351
984573
388708
72076
149837
793802
696848
479817
194592
820613
140760
874739
920042
432402
411397
951721
926448
930912
505399
862590
541189
826336
823517
483329
57356
505377
540223
173415
27290
502602
11640
51288
692154
304691
248642
401235
306954
910624
202538
624702
896322
359066
953314
203982
914389
253292
636341
945999
538480
171959
454101
942992
487647
670643
262672
849135
154447
419778
95073
339644
33198
324402
200483
648717
935918
479888
212000
355422
561897
623395
320456
355618
85215
639948
834045
327146
478682
964344
670027
741809
364018
467775
489333
15362
484909
914076
137770
689350
434942
63625
460183
952110
194734
949623
659862
159865
984152
710823
347588
505890
435150
839848
191536
879850
565786
183341
681902
705725
358559
253386
117196
699843
654045
688075
335644
88006
172947
429681
910768
462395
235518
872266
301988
826543
282752
430892
166613
913807
131804
611021
606512
818196
262302
101634
581989
600777
88344
962067
334457
60154
685382
397303
540667
622907
730259
309617
635342
962770
481332
603078
560293
792706
330995
571289
901070
768693
278214
823973
708389
31365
396701
392407
469481
420071
832699
153670
170411
379316
579516
643664
378722
474773
199797
832082
932828
839179
933240
899203
678863
674073
123126
549101
415246
853006
517951
575690
812823
795378
410534
42807
784777
74125
780352
339415
326514
503375
141323
854535
265223
410527
834538
422137
777005
977667
860430
633647
896307
914408
82289
109014
738467
743631
654652
24061
322350
749012
367497
78640
181380
832156
517378
365429
190405
415323
682408
986466
232785
912640
806384
431385
923195
97469
864072
475618
206237
500726
455671
644387
948613
120389
378082
795262
714381
214696
908394
971655
183817
223240
117939
506273
186969
14950
343872
554612
923741
114020
406842
904140
782408
482158
371216
945105
792654
376707
153719
111903
532471
118372
411282
248834
470549
597783
784302
681871
220754
469272
475428
895329
410723
295837
703906
145711
433945
723013
646915
14919
610582
994780
240025
901289
940124
477901
435405
681730
128833
302693
676190
56260
580607
797312
888517
89374
974824
856978
433849
663837
533110
988372
528270
184415
132032
322632
572537
622767
86729
993835
755246
146242
20531
681591
202282
705037
23633
853394
121165
270465
181082
371222
619935
878052
137400
424958
529011
914765
403968
293417
514024
655612
41021
764430
209612
815764
482853
441149
570716
36533
495469
120334
581799
766458
614520
419048
887697
474956
513003
28655
754482
48097
719516
683531
33950
494229
20776
799826
137344
74339
330211
139089
561823
530112
431466
722172
361475
623636
517525
499247
488560
74453
471497
950112
313809
246914
701674
782372
330224
540410
592493
64858
626786
895287
384459
882168
770816
975146
578641
900592
10383
955699
988436
526590
303617
635452
991875
242577
787541
330612
234645
822675
386521
653475
117921
595927
718736
37167
561804
723742
605230
292202
617564
329350
742463
155733
724395
796688
18856
845494
803064
666188
557126
551761
956376
793123
35763
918662
94794
244353
921319
81351
259623
399837
996986
992627
310008
201062
709703
615124
791714
442060
457325
781042
634428
589095
228655
608978
56705
606408
943227
138510
30561
54555
696136
644242
537074
511541
804312
594416
318596
819456
445725
449953
606481
36288
262328
440601
181651
697665
879580
244677
969968
687135
532817
84772
373841
496370
279957
977023
467856
934996
850717
945287
650191
997968
510777
574345
272230
310376
289173
969808
233460
458819
449307
270295
580823
344689
692726
989481
745270
521885
778226
609687
192635
240142
285631
284309
460958
51929
699989
946
669085
592935
816305
913587
750600
833247
132989
335563
255928
741039
487373
748728
790687
348476
337669
489020
827451
220836
696921
674295
132261
420076
805549
353566
345734
475659
389723
306458
321448
140306
945170
51327
56938
833590
513307
947431
676750
915964
982967
737323
481133
613887
519013
41341
991754
706849
961408
423269
486467
671500
314500
658710
901475
728164
782321
946156
183253
583627
374024
310021
532596
199184
412530
825017
982141
93621
890816
52407
656422
356699
139277
570621
19272
381452
781376
787763
29879
225125
950190
844837
428594
95646
855708
108444
419190
578551
489634
874455
821741
742081
796587
840683
288899
157127
615256
575732
354137
345111
87428
349047
270995
941296
162978
779094
232589
761609
709379
17646
325802
32444
132532
214353
697100
466510
910085
365275
372512
776411
664100
291443
426000
564258
445031
241760
247260
119851
53224
816517
388547
899345
774026
133818
512347
558704
372314
17609
401344
702251
949586
909506
388905
280538
423351
545659
512598
352591
40609
876072
772517
472707
765467
988755
795012
496482
919584
251960
133825
612272
585734
301311
239358
338646
85687
788054
749440
910925
283993
830763
154854
906022
526096
169603
703350
253171
19225
34682
419027
68438
872471
422423
254347
121060
199979
213003
622605
974069
399036
244550
83256
634506
982870
249462
192270
448923
15342
570974
150215
697853
505027
767951
644418
245613
485409
308677
988630
578684
257664
769440
508871
402710
743433
523516
736212
67824
414264
354992
789165
978958
18204
268000
870467
273646
430012
431103
840887
633108
43732
326053
78580
84211
980477
405769
258456
255477
565866
721883
223501
483687
202318
688193
436727
90500
199771
237739
342662
556829
928614
547989
262698
904417
362919
211673
227622
711247
178268
11822
725950
939765
583948
71489
979402
674083
51497
52270
595885
932338
764303
535771
338655
633514
892201
200497
250469
993748
857586
137528
301219
883677
626329
557134
383752
821476
929342
805700
184423
237537
278874
774550
22822
154353
145915
20356
722255
734850
287532
711377
694276
291991
509043
938327
541967
497464
833203
441925
690647
731578
854962
682935
521519
833894
80565
94256
472265
52425
995144
647799
460936
530520
881754
2635
273779
244029
413572
935811
916805
896002
448938
761863
320033
522329
148346
177957
730722
398917
637266
289809
372881
280361
440574
604924
213232
401451
719007
5583
752883
629701
742439
129668
785614
170728
552640
354593
390569
610380
525644
432338
137905
646425
838215
445539
513352
990763
626953
12823
699932
443078
969256
430887
660501
441942
349371
949018
121064
725728
797113
237693
569481
996427
308927
423040
945725
290053
285168
367341
996109
630292
203702
677445
704086
306553
428839
455545
260606
429634
929028
959938
404929
744045
994331
804445
230889
699828
216588
997863
798556
792506
405416
290832
885455
337616
607157
267199
632153
841764
433422
852995
971042
422982
116519
941296
365754
831704
637423
915614
35974
328850
192846
314746
405589
496816
329230
966535
619472
41656
746134
756021
80720
902443
219984
417756
138634
309640
170092
397909
500261
847991
404862
636725
175916
3289
157123
579495
514079
959465
455233
557541
208868
22863
657292
683027
881179
766849
330532
895096
39183
169622
531772
542617
13704
452649
286934
793588
898301
629286
666697
777814
90534
941364
790052
959257
25392
112063
308973
961918
266890
319073
870210
60707
451421
632044
698337
87073
539416
804438
468611
232516
759337
128130
18211
400936
532359
805863
33756
947564
327788
544735
378416
886486
514336
949518
572901
802179
754417
432813
72009
154825
75263
368498
903063
204267
109875
600286
828146
133240
834512
913122
5838
387328
14690
319407
180398
844788
45778
87193
314695
682137
932827
35303
541892
942761
901335
420921
490275
8710
987379
518166
928764
130779
370626
195410
581026
795857
928876
956184
71586
400939
177543
908313
276841
753215
251902
452689
826370
225618
287085
650227
264700
737614
180879
122033
972713
55906
546639
30058
988483
131062
417466
69871
304938
346314
19990
243955
74761
184042
321420
432079
501590
696784
553920
97264
756663
558230
259009
430430
101954
18134
136604
405289
572957
911456
824459
580018
104453
374487
564875
571091
551146
655016
952523
928620
668150
200232
854400
970827
642094
743498
926294
659511
119217
628281
936960
398297
796382
929432
115952
586312
619027
373844
611171
653552
114064
439458
193555
88605
439545
164058
15056
667370
950970
500143
873001
933760
604805
310602
201732
681869
767607
394883
227533
608068
729048
526332
755723
46794
48513
202201
126222
860292
367384
266079
859525
12218
482423
413352
159340
619816
186539
882561
81442
651169
193048
766432
940056
9184
420666
901317
198374
10541
207174
966635
592184
427689
420911
170923
126245
662454
76228
248750
504160
972613
635702
615501
905607
296509
982392
845831
419801
231941
923647
151838
888709
708334
833001
952782
613853
86400
366714
843819
850537
609632
64833
722262
657496
723674
367065
447387
137042
681297
750475
182122
494313
305920
748817
105201
783469
394604
841781
321042
718302
199464
546776
275910
595132
644100
699215
258382
123899
737428
839656
226641
292691
190488
421770
311319
783603
784205
193018
158688
898005
697999
732794
530338
828205
949865
814092
780062
903739
681147
11924
292510
704192
31814
80347
171725
832652
397464
310064
355954
616886
677583
658665
841739
664806
167947
997639
656962
273868
436788
794615
350030
545459
296868
746037
753321
678576
421107
898571
335721
942516
907358
740152
966526
275393
279379
870699
650439
843194
660380
760622
829649
803730
527141
931232
486061
932006
907500
167771
914348
758823
210052
761460
371257
174128
636549
479840
360788
787510
513107
502643
806247
445469
146057
467204
349318
563047
646595
60525
921864
27271
343621
755311
117500
651412
861132
282674
663562
159513
545454
725289
398312
282377
26352
17684
837109
208912
7012
316703
274805
608388
854013
111656
974122
274490
180593
373150
297931
365429
186633
544005
285924
58042
500296
142741
504073
410495
968950
452738
782328
213634
607560
450071
418378
937141
428653
232572
776214
23702
394999
529302
178851
268893
561636
560397
15431
933071
399625
437545
382048
256624
508826
653909
432814
54805
292248
178246
101324
334615
98327
543285
137673
16164
520747
906248
762919
12719
174703
546639
357808
163528
283377
10985
373167
449734
122877
377415
416402
283296
782981
762568
651418
726235
165802
296708
191804
223837
701545
674149
592216
252001
212901
182127
390355
675780
537804
432096
541587
849724
881833
322289
709078
330088
328134
830333
936751
84417
402940
458553
288671
978032
811609
959457
148812
797626
569708
434100
176160
42326
899311
845013
700929
247200
815889
468755
765352
689189
489760
587394
62432
919326
653520
824392
695774
839802
752938
835252
395639
458388
362644
785736
243330
833796
370489
732503
459402
840721
120853
299977
909424
138564
425054
204156
556636
711192
836434
607301
458333
986573
467546
113300
681765
59483
109400
56245
22362
427012
686738
179251
312282
678275
807418
24023
212750
984224
771865
526350
972969
830629
767320
709096
494974
290091
310763
540669
849276
50765
451226
968554
50119
530430
364077
898745
721395
420343
495156
329247
197343
68744
767984
282782
250412
507792
7906
902283
962009
490568
607917
403562
182525
735417
326058
3061
603423
994190
244425
882300
682677
766276
615966
871910
161528
373181
280208
8405
711456
17268
614105
53352
203649
23820
528378
265817
791810
573761
737791
282823
933621
85631
821866
952783
114008
898769
849407
473555
552360
58226
580203
767772
932252
57856
401298
214620
763397
137358
340148
135436
347776
607512
904059
744884
132308
24337
624995
331849
732335
520537
248646
367472
716472
505547
59459
459873
341456
100850
491466
553703
736619
180571
289927
308739
169220
479877
103977
788272
79810
987253
854414
697538
225765
625446
884941
385960
135660
583390
400991
557712
558791
338332
112938
559913
44276
471342
722540
593284
747705
548639
165185
519380
569148
551372
506512
979412
573058
509399
744280
57031
695554
637621
957651
226971
223462
376035
104516
837735
663965
487862
294690
732948
6943
836175
971361
46231
254719
611181
368409
352412
190694
479068
633877
344190
903217
58379
747067
555571
541289
228283
142419
557701
191387
657620
946805
665531
726484
352274
552979
605270
505211
472860
995488
506871
318603
256053
828189
482654
794475
130507
811262
13837
497067
855149
811709
129803
867101
963546
375098
421508
222094
853876
28365
212493
630688
458964
192298
593734
567557
810871
575664
819737
337242
983125
931790
683294
710685
417234
505682
401505
799373
520974
954960
340539
426781
576791
14955
140892
180116
602942
775107
640811
97092
416071
181627
910788
475812
997561
814949
626592
611725
53654
705549
892371
854157
148773
636575
241198
928875
583531
777333
306116
589625
337400
876929
403466
801487
784605
553044
513560
946537
622843
53704
42252
715871
348342
153488
840077
290429
224777
805082
259949
252350
672883
608350
549288
954090
848016
863238
986697
693129
409794
241914
836780
305603
78926
839623
437150
251093
678403
688619
986592
832754
304532
263807
775179
447988
545287
502849
184013
67773
801222
391038
654481
3759
345683
751192
309117
148419
533273
611769
29077
998858
513245
131093
240125
975038
687251
742421
503899
575044
461389
290213
724443
820417
359887
377371
207052
674134
563069
483714
536936
115961
814901
46083
582832
873841
977913
831023
603126
287086
562501
290732
371764
408066
640384
635833
876826
655360
83661
631903
159333
205424
766336
631926
941035
310123
201198
977425
28851
223705
90141
893447
201856
732741
23514
97567
216303
545882
749994
959319
207350
185213
875672
469457
196556
777926
40493
519195
516392
7452
355838
299737
828385
317483
272863
205841
837300
252037
878005
51475
317092
218834
691690
438083
688572
920949
35705
392708
107376
660478
708393
475715
735458
82181
111062
118877
909952
881193
369322
666158
219338
559013
16171
677303
280753
492940
159535
681451
372251
208801
939114
602326
352771
1301
308008
62187
578878
246237
918358
762856
528152
4783
160954
583336
672541
354842
33987
57029
850035
464064
799354
148775
908324
333937
844440
481454
784122
612452
910578
975928
544003
896340
896208
327567
266100
178485
379419
344818
140970
448081
873652
929918
939212
285508
683297
162105
208011
644944
568866
817788
690059
261278
594850
515770
690204
73170
285641
657008
840481
686409
892014
340587
857169
591538
63594
116465
52636
621382
954056
23565
310949
578597
695000
243963
879790
292878
347298
756587
805650
789755
463864
109813
51627
866903
122405
244634
638099
919709
530305
4979
665608
980302
216998
721721
234793
730382
195773
615536
800733
65308
742321
355760
358099
312877
488966
830289
955683
615651
527938
938034
990995
68783
140617
25766
330935
660480
548295
287357
553328
244134
600901
123882
604500
143816
544095
457750
247470
660414
853965
62464
486620
342540
285021
803983
917271
499708
979841
84022
764816
328855
128452
710146
843189
868159
725592
514691
250962
7084
134860
360404
56533
836161
604377
53129
2538
20042
452187
381557
754309
550933
86813
868565
751869
956010
937357
944285
319509
720296
178319
574172
887831
199869
253037
772686
802266
530305
619371
219134
12258
447344
223672
910102
175014
785794
474433
778565
332716
7465
944544
742795
828369
268198
356402
724324
313893
513865
515655
116942
224370
87363
149170
327929
881758
801833
167039
475979
631846
653959
862020
608141
267786
939359
654224
593333
808328
214141
945345
309264
811328
102072
431410
469964
159350
81351
745745
551583
71414
825213
923470
110616
936018
183074
110319
40768
273287
243504
966336
404332
631870
292071
552744
507682
212718
763533
131031
146214
108318
628422
433756
714592
949576
459531
776339
801515
609945
431434
993339
76924
515926
471194
629734
778349
217240
73818
598217
986917
71480
773733
403379
911974
588485
174899
516571
796147
465586
159183
862738
669980
835533
322864
733783
797927
750250
768311
500937
224029
380254
145604
776503
186286
452583
102645
838868
686978
205481
561917
30022
84573
796435
453340
324317
542637
6688
739776
508961
562675
998970
591352
600580
788492
531961
723921
103734
50779
167368
913935
406167
844821
293160
67274
272712
286313
223310
918754
996570
541770
212328
546912
815720
112410
543742
734314
975361
81524
949299
22563
667453
495958
443306
200349
46961
837418
251909
265019
617085
341679
47368
617704
417474
522569
138716
680494
937009
577761
10416
715700
954879
252026
853946
492951
801652
884626
15835
139107
789411
941872
740449
224942
50292
670481
989286
45009
245149
794217
560149
369156
356015
885464
849613
948309
813772
432362
721245
699333
720951
368331
158767
18175
472900
935430
836034
587509
878446
387960
589136
879961
41927
85781
340814
921397
938442
46870
499858
750696
110156
788862
88206
830206
581777
12744
397498
546282
647547
872431
350992
102435
893150
683097
160241
68312
311407
112417
749605
587984
305882
681023
413504
898466
503410
410455
456544
196750
126467
886043
351634
663607
555203
839005
390612
818430
67751
605300
343477
852156
712339
537994
169305
550811
301353
430721
656729
126418
826627
257536
939527
712443
300283
657502
514766
492306
928423
636009
385336
586892
42210
942866
518602
475217
373829
747641
875658
350104
343925
331665
213729
727326
472406
36784
336603
479747
203422
965366
589066
145473
478020
89879
318474
250953
757078
898694
896864
911292
221098
109631
112572
851971
855340
410097
672670
25995
586775
643463
938005
283232
914751
679442
134049
784293
154250
420757
537530
894062
637951
622636
782762
110266
998774
155097
417173
286480
784943
128300
647065
442484
659199
144015
79184
552774
931045
903467
271794
422648
995451
651003
231192
875498
512328
107947
717147
240420
931122
279596
930651
772079
847441
134871
810460
815696
833118
211899
216522
587298
858762
240197
106205
399183
441835
304843
264983
74027
207185
419061
50474
171117
298295
817928
207416
319242
551893
193808
467634
513776
458707
13930
349921
918236
142999
85867
225795
793368
818111
877424
314125
158036
784171
608324
492944
278880
361137
134439
976438
803716
949300
946305
497835
623101
962767
557667
150040
289620
622634
249717
479242
793435
798127
219394
983409
228167
403351
695901
524933
226405
681310
175214
389059
864123
829973
420508
625749
726972
634070
438937
302736
308390
494481
667717
738071
20092
529413
930944
636893
600603
82699
903439
682439
900924
526604
54185
238383
918789
15379
678879
577605
528908
70333
113127
386576
329321
541325
130884
484434
571318
21724
946195
407114
762597
758637
650739
431187
203775
704287
926290
816426
226997
205883
378897
220749
511652
784494
364627
698110
785322
416272
913447
269479
782815
692642
360079
615511
841267
851607
67053
65642
956898
494281
76297
2823
727126
281676
675393
559747
87449
497888
30414
278180
48756
465216
992238
57344
831017
26327
696116
199619
292490
77202
153512
515918
937525
823696
501788
16573
464685
358711
286668
947073
675221
216160
501040
500844
246795
134194
521314
686860
212062
988940
379303
670702
895918
949980
931740
612228
16031
642829
709247
905057
790777
186717
650838
101536
383263
343564
100991
826981
358826
834608
261718
80251
339106
593190
815996
505757
329752
682211
521418
230992
579619
683752
101074
364717
832181
239764
834446
47933
18905
934099
866856
239292
17803
579444
686245
342080
221812
338137
180079
481395
139072
932039
622909
4604
301278
607261
197793
499709
197267
795170
960494
532149
22139
114871
788611
961861
771806
26411
548537
331087
856043
241197
977189
108538
692052
44380
78282
23058
9093
614331
828318
294733
442754
124480
84599
610216
123996
762059
428690
161968
431375
493748
224064
65693
429755
420861
713006
750553
269757
709351
143375
713566
619114
76064
655144
501564
973479
780377
214967
840570
64296
714486
649729
61140
153603
875935
331703
354595
603184
316276
971780
105499
860320
393757
857590
963886
448950
649023
134086
105549
677862
640714
817862
603982
911529
377135
25190
19113
951066
296623
285026
857244
832624
73679
597196
754991
699609
494952
930545
642578
212783
29786
995243
667362
439961
204320
892291
554250
105345
104639
286336
703814
539629
441945
376592
793347
255932
795998
440466
106018
62655
943970
777470
656604
814578
898249
418290
664384
591254
734814
292889
947671
521836
779075
898170
567080
774864
505795
950491
303767
798511
874115
461903
880296
736614
937496
22563
587425
600056
44338
796385
375054
443628
760437
664319
963486
548865
899816
552744
822891
582223
77958
376484
809111
228028
751026
818150
716945
151703
451144
264754
263543
352148
9103
481577
603798
906148
127306
561074
391372
506161
788269
991239
986319
305971
209197
139097
897478
612786
136048
707041
644885
874264
799268
504197
955894
484082
858796
509602
736770
245059
975988
992892
468368
821829
237349
968511
658164
192381
841780
593137
37545
922489
602965
981303
216457
697129
485454
300097
823224
676248
739622
749842
957217
108037
680892
207087
822872
971426
801459
367396
365855
786472
252235
701485
222276
358101
785483
689800
25320
137860
370138
152789
212762
572903
540078
884838
567073
289250
362972
774953
186584
736775
302989
898991
169076
463530
956881
931352
710178
619553
378445
239453
899531
3994
650384
955962
855353
474329
539204
635382
310099
39244
771264
562832
497924
993932
722746
745992
997562
548210
511386
708231
562123
179220
471465
229356
518066
350235
458408
507571
818358
236162
447742
384644
973867
926893
141641
399318
530066
173668
21077
713854
595867
410858
772394
989208
605196
575550
906239
831248
795257
933037
934925
821134
588339
81874
519167
374140
258238
755948
119621
196405
959545
684890
73480
285067
603874
977205
947064
453749
355314
95242
705729
669267
629348
748850
219483
344608
743892
863824
295104
618483
504578
540519
365561
317874
245045
961750
773522
128787
989756
865201
906092
947536
78928
490172
317297
538215
824597
942790
273698
609035
33663
68512
381580
484010
952594
632121
566361
341660
504065
416343
260546
802213
42552
682100
712162
798759
887669
700851
735206
248359
446865
74685
332833
620601
34013
989692
317180
21771
749223
237236
297738
170316
947100
6969
686458
297015
560391
58449
660838
895360
163128
239654
183496
958745
291584
422312
529483
536289
656408
329853
595711
598442
394785
990886
823143
615589
602438
430319
977389
367213
230077
90322
718326
207084
194221
857194
107983
513710
792234
502927
340678
740480
215835
877586
845078
194820
943997
82198
59514
307028
740416
541833
188706
499537
83023
210238
107971
719943
329325
127977
331401
26174
675003
927222
525672
994272
33238
370886
386768
562114
815133
858758
908287
267409
7184
81582
361008
103322
340179
769683
743601
521077
853330
677866
117010
555791
644095
48794
80569
110419
537784
956540
646739
129269
440835
194610
856165
589147
890875
899553
737216
807975
471812
34956
931603
703781
588665
713678
728795
637070
42152
711412
757877
489079
727347
279157
633491
448281
179479
217934
109901
440829
728009
96894
686479
133892
957116
506331
61809
285840
195327
12176
471140
246867
941764
403700
341959
965490
30268
67975
886169
126165
269917
709643
182986
405070
687813
176445
861098
408867
725560
802415
809347
568186
590470
435139
130882
35552
74056
72454
415695
467317
709704
651878
438975
642744
480256
970001
988959
820779
603003
457452
316913
409634
334872
433325
33587
983214
279086
694998
570586
593184
4937
700815
296862
946492
407697
319070
737455
433596
722507
480581
482757
204157
369401
115576
455573
476171
551965
874681
394207
789124
900828
415506
298724
176043
223421
317870
20277
875787
585360
298773
911847
68805
377835
917379
426787
44473
168272
414755
144794
291277
700074
858669
577493
119965
940086
539929
510890
633343
748223
37886
994762
287793
284034
384844
116728
607714
210352
168290
589524
163289
439249
415565
768341
349702
709701
348958
414998
594467
422245
986791
382151
419399
801929
808338
17796
716167
794083
242973
801730
963273
262409
299445
69094
513190
680272
184622
886320
979195
269587
534557
826836
142157
874387
701331
352553
382358
955257
292534
50170
218096
495926
213245
55483
621597
12363
236039
367638
348977
23717
604761
842722
353757
763424
536243
185461
667992
452332
448589
439760
108395
253069
823027
507129
766362
531196
936442
686182
176298
109675
513246
782037
948500
800934
375226
755576
210372
204565
922018
926798
214798
476830
254624
202125
191854
663783
890890
783739
824954
943673
292412
789405
533030
612288
951160
975622
255795
790318
426518
125136
402614
359872
647465
297641
612993
568025
277360
11845
53936
221258
536182
372977
955090
390899
732039
800520
146929
236738
395663
279678
652864
25306
17424
523865
154208
338896
901823
404864
456654
728399
551548
318316
538797
602907
970157
105403
79596
838706
379382
213475
575572
561679
908118
585539
236977
334856
650337
932437
50778
873303
256790
949760
844574
309
494492
493387
703436
768098
337246
202411
335903
997762
688768
276605
79684
713569
111740
992719
494794
5527
125918
363672
218405
900359
162264
490824
535071
651393
72386
367226
936796
959367
50354
625927
727304
444269
67957
362740
545951
797337
596199
696523
711384
430314
316532
810247
261999
179062
655595
40424
221646
486251
601852
317607
346327
310359
688974
736260
856336
403202
167103
492987
757996
958137
480441
719956
836658
337958
237805
773466
307468
451418
201775
234147
148718
467245
720878
592782
305953
933821
619662
608908
350891
234130
902244
500628
806557
703842
948045
869690
149817
688880
881708
252314
296765
145358
696062
221230
25744
684996
247451
118912
386312
248457
686987
426105
61142
58222
588738
560663
268559
561434
335034
168509
396055
414768
180651
12068
666732
460749
591786
314799
143053
881005
927515
572061
655365
66221
523156
795224
923543
970795
449744
863210
354375
10377
127181
222799
41539
641105
818307
37541
832237
762098
241345
781440
594246
49897
26469
143898
195384
921979
904183
851751
412415
528222
330530
388679
36278
612344
386193
51605
739066
524735
709410
793180
596285
925183
892170
267946
782953
238330
732421
96124
221486
89065
530103
362584
809194
115169
553380
899450
147764
456209
657737
893926
847429
401512
262869
978268
488836
205971
563079
298602
604077
723620
485605
624859
419165
119182
39766
533773
813052
84748
992733
677408
571207
565090
770226
75467
170809
186620
620607
894280
164245
423922
737332
269872
349011
269869
504391
685985
76516
349539
613323
434267
392420
229182
950892
764970
916956
866523
478085
201534
849776
823085
982302
431126
939435
469762
865157
539803
702501
188318
59591
708041
957711
682371
534603
317704
987099
885586
570700
927449
912394
602571
721265
971179
626963
837937
757643
74190
723565
406793
318314
921599
905530
394368
692764
862625
222672
555884
861380
625165
652324
8811
288210
716608
678933
536808
854628
517427
261394
182588
536761
785736
647978
956656
147150
583584
314095
110369
938967
752649
651397
916284
447195
671701
430796
816105
341548
168262
781031
953093
317442
187045
8105
218759
995828
211697
103644
716292
978642
337589
919597
618957
10529
651443
928311
154102
109620
271612
349482
448946
940707
194529
604248
440154
257259
125571
951580
171788
781090
860871
384231
402416
360852
709158
520168
820886
313983
746017
932183
214011
206376
685265
395103
314283
834905
138204
38822
437376
292407
146052
269626
955464
689859
95705
891929
174469
243949
554319
66397
135309
252560
632810
900098
825234
821839
469910
973461
388540
443466
504275
361788
381106
38076
570381
155036
298488
456052
943177
296426
176818
266093
281148
319954
933447
826764
785206
884669
578337
498871
754555
838979
608592
415245
394610
402029
157774
636741
647799
967269
916445
283366
579595
385916
590669
966944
889707
929368
973722
889222
950270
501561
929138
534057
122535
156134
359187
104530
522299
36536
319571
847899
25612
844866
312377
171370
714724
855451
421897
230155
434638
526091
478302
549225
210381
817166
351471
329513
843440
588743
367603
514468
990909
650820
988641
9854
577674
894634
710417
788711
984684
183229
181246
721902
624454
901134
170093
348349
885827
255938
675878
748469
604062
538234
47521
442215
857182
520868
475517
184683
53216
1502
468713
371745
553228
710530
205733
569730
563306
345554
796323
805986
140557
307009
703687
188676
851437
450012
514062
78361
261395
26195
266890
690391
407981
672744
288331
643891
436225
921331
531802
381498
345406
637519
837087
285905
279598
618213
945314
101959
849864
78355
298030
376724
344483
477880
787346
782897
966596
723742
84801
68051
833304
119429
767257
970629
222653
91336
281088
541857
680378
620655
648235
139242
588688
955024
878712
589193
510696
475810
665275
631331
748459
218911
343126
814803
882545
941781
998402
915529
933009
530634
950762
696382
145111
28746
310518
831507
908243
638671
897829
715589
754894
421003
305427
750863
327704
214100
362330
26461
552509
774572
282069
842344
578454
883244
372416
523890
675899
639757
998779
695712
892566
240595
639405
773679
799186
986583
774789
220436
754483
245871
628380
71413
516928
844988
609463
798717
921947
491407
567528
388704
342705
942520
607315
808363
657484
636909
975310
997446
400901
4948
515362
135882
403415
973613
672367
292345
397648
972063
489835
433566
819680
943197
344139
335746
964436
124917
621946
559048
480732
605237
740550
231206
3464
923578
440666
21376
908562
394838
533798
917090
349396
255965
433627
998298
958874
85837
410066
322416
11730
555543
634828
839748
372192
569614
224980
230210
394254
173803
70913
918787
852449
790843
148696
385411
342726
530213
446286
144059
956907
346844
384106
549019
672875
837277
77641
926694
882465
80613
718651
767977
117662
485683
545355
837977
110773
895285
591132
874184
233203
25234
119023
415684
795436
220691
893377
522700
45680
860463
71121
676912
491037
421681
172480
493508
850446
937736
418256
572160
857265
46059
913679
464631
610039
531942
129357
280690
36452
735302
767368
450985
512966
771357
28969
758045
366658
373107
354471
544597
10889
906697
246794
667827
597226
162315
245002
248817
573378
574353
147542
782141
831374
517586
689648
7023
732641
233126
839477
326755
619633
796469
982970
134200
148811
387969
435219
631332
812135
664078
491437
475825
180438
392298
133275
918487
711063
786908
944110
389815
820746
885037
583292
620146
172156
703437
580995
982820
21345
803236
139880
596800
102367
548023
820376
179529
214918
704882
480271
886251
773278
443800
128567
183796
194586
669252
195240
782258
124136
530202
677518
652201
351658
888464
923433
415857
98494
782354
605165
322282
229881
845271
78537
856350
644915
276350
503365
858545
638012
616228
8196
431943
125805
289093
162409
731762
540441
327307
738454
360790
205921
719672
926544
409436
453990
452909
879550
776783
394522
531541
502544
217814
914864
967601
772221
935886
443954
778112
511908
557956
822192
17802
688084
641484
291158
78793
269671
362176
747159
511221
360585
455641
49989
615723
706710
55267
978883
764921
176674
983136
917714
961352
282386
60988
676615
12070
709543
178727
923997
721007
873051
622676
724775
17048
678436
946126
474846
979480
504597
662770
983960
786036
862052
173325
868122
470309
320582
615442
729860
974247
399478
442360
872106
862049
790741
465902
320900
766444
254124
740284
286011
995777
196685
495224
346979
222916
221463
843745
828232
697831
396823
42715
893985
775868
456843
965255
841442
996763
79235
944894
719469
436716
155681
43243
359528
324562
388159
277314
127402
223157
449455
767969
514766
350314
132637
533505
191978
988224
261969
645080
955482
996137
938705
678927
445429
383427
541476
837467
654050
345474
832305
990586
551619
486204
651269
987916
663246
689681
616691
246860
424637
871477
801877
497897
37724
80412
343729
608581
621439
117440
963447
765001
860310
605266
171239
805155
600281
783035
312976
348061
98141
39821
950323
287003
318601
419019
648326
588849
456802
438545
74772
628639
951489
117730
38210
232234
999271
904524
514604
929879
663079
526970
379565
555335
819649
466198
463230
85674
255055
863576
814197
388897
747160
614192
664687
902836
205571
425612
154825
961964
614438
446150
183304
926543
845307
575406
423257
233334
964467
862447
909234
552268
265765
985312
375702
231781
566303
205481
585272
233656
293469
124816
409911
238651
249496
917919
376264
169370
897141
800116
111474
782867
430366
437797
806770
691761
31086
999693
797246
982178
590982
463416
767974
790455
456573
158566
287639
956856
529332
4672
829818
230498
231239
958229
141177
916479
690207
317518
125410
925471
338596
64502
875940
455544
21392
514208
85685
275800
204511
288116
362454
902658
214178
890842
514926
668077
10803
768514
248531
886101
318019
220045
991464
338875
456463
799451
575904
225280
540593
48498
808609
864410
266515
886919
56963
697008
622014
461357
222199
248152
732432
929367
804229
901098
596620
907403
674029
241409
893132
154150
932911
403022
230865
945350
458727
102296
225659
796055
570384
644628
290260
400062
909353
77148
577670
398299
694900
632528
997485
710719
26075
285830
114503
518250
710254
273518
780040
267711
562759
88583
407947
913094
256399
382712
622626
226718
551577
785548
542798
732477
814443
429645
438090
565733
910238
664763
565442
303142
341211
823146
880161
600586
799365
243893
911303
882336
226101
238818
330650
413096
727264
157076
957300
782936
557845
578791
100154
220617
970467
187180
990220
52033
152
592257
427352
294173
382820
932875
798281
421275
731
803794
327582
640642
465113
50682
135509
111214
623487
479962
686917
706684
704156
645883
508043
315022
384360
522671
837916
585723
72874
958283
311738
136086
225081
506626
325250
402137
660575
236959
963809
442031
358425
4638
816423
110299
296379
882152
691316
262856
555760
540010
286223
787053
941983
376785
313749
239132
13482
644260
526094
334184
777680
293309
496667
582193
19122
913317
348492
793294
673267
540491
2126
207509
934328
183009
611009
856521
529550
259028
858664
972577
644331
644389
793978
109361
631117
200297
214997
489783
807167
741465
922002
753285
166266
29079
583347
321158
540456
63998
747769
502702
946180
780580
975826
691906
72029
271279
416752
163777
774200
808593
113141
222766
883157
345313
242442
605051
627914
243543
743503
119635
623052
834660
230317
466372
325901
762988
512647
798472
427775
330273
603662
312559
695350
822525
294643
444522
789931
284379
340856
503350
888988
883891
637856
564258
759697
239600
722949
914559
319994
839984
739208
678308
90229
337239
890402
466075
857131
248592
250009
798444
887066
887650
334287
230083
54957
992938
807605
212480
949703
28795
39836
223963
359774
945679
687340
400370
808388
796072
824301
836721
585794
333767
902019
641821
171229
996680
741495
286781
74426
941208
728559
12581
369245
732821
114368
634784
982477
267200
569946
256057
385620
387553
337826
219878
987171
899896
61661
820690
815186
936219
853511
318470
113476
918769
274756
274739
228776
282505
209454
247518
1629
690072
806029
767016
998701
586765
202276
255161
845050
551827
575656
967625
736631
53858
802764
89355
363725
1666
399863
13878
421917
109982
737303
726641
43045
384961
46287
379418
574972
995695
707852
703282
380791
162274
493685
716201
43630
869536
433217
847490
454681
39413
681122
510243
304723
160851
538655
41660
660545
714818
747135
517649
963468
706565
575137
496549
189833
30283
547497
706885
590650
292303
126037
399470
606638
896909
617325
571740
751747
626272
751193
220400
529932
338365
879948
629052
132365
974470
772190
7023
334371
399564
359544
374808
573953
411300
69224
193496
689301
799972
920277
189417
163656
993915
596940
932868
223460
58282
233912
52212
646033
106659
939825
863413
24696
929916
416043
416904
40841
900688
204495
11478
562327
177714
168038
864830
271008
413903
958898
983741
354027
271263
397591
187577
311754
246920
253750
733994
86015
852047
643803
900838
153147
681147
777484
437639
236289
628872
182466
416314
887658
588549
673588
42087
48065
175115
127182
723256
498382
13722
397377
936649
804848
702033
354676
206122
542691
566729
331736
90579
377186
156752
27801
804005
273638
508733
973040
583001
558604
724468
893141
28487
399316
929336
210
856917
104645
654184
190451
551098
391919
690840
332890
187246
314185
473869
36718
689776
947960
583636
193523
339571
191537
301951
581686
501542
584821
927037
493215
776927
334715
157653
187496
291363
125036
504383
791533
801748
174216
680287
653913
483128
373030
959711
250432
60769
488920
246248
410508
575295
99117
755388
248590
969470
910223
512691
602614
739357
670989
241103
703262
673101
321844
411198
828096
62849
449494
27117
330120
408024
42668
456196
610117
726053
14615
754049
114104
24919
698178
759860
790671
54218
63332
428564
312556
21993
141794
565949
229597
603133
533457
103687
382897
524375
353881
919876
511072
474966
242869
717397
904425
644694
523798
92265
803065
322869
234471
561556
957511
505987
177132
998216
589885
608261
672452
506930
860688
789606
552461
80755
783024
792507
329830
908729
6491
503985
132624
742522
122381
244118
668013
637389
773586
918592
740331
528357
527995
238046
179386
573546
740143
147161
71928
998389
745561
706342
656559
795624
139455
845099
262260
52969
856370
858059
125808
645497
996641
659984
118459
106996
221321
415796
526820
25127
541064
663308
70669
924169
546703
185234
182003
682520
400884
865293
29836
438289
884967
290591
802121
370572
204989
883371
967163
507377
745320
149857
525266
314971
660232
669863
66112
798791
388122
834597
665595
7864
678926
291053
528994
652267
14967
324870
48631
880178
177500
382548
246858
36592
617771
956709
40055
976560
434061
346202
306950
361762
923413
572208
633008
421362
581521
908266
757953
586054
315139
114077
664921
862165
10026
602199
843788
341279
745657
122541
165097
52428
90537
40160
191384
16613
632426
276139
107421
679465
798453
55468
893625
891917
626173
206572
673775
411412
861251
667725
316964
226630
343881
233807
6751
686480
242718
655934
584177
423672
778264
659004
933550
142138
111456
119783
7321
997316
723751
557862
40926
867275
742647
785941
3832
23112
645284
420555
198643
639763
100193
725188
200907
609626
549422
767088
780724
489662
496175
98583
755763
348170
87896
35559
896489
806992
175045
897883
436656
13666
369638
555786
342174
87018
210456
75466
95335
673447
100430
361407
562143
863876
777774
94275
743452
28054
532280
219507
227450
855475
460001
338580
189560
682281
149758
747425
806207
281570
261596
142322
159875
284242
108140
681162
491074
230490
824027
589181
405738
825533
970240
353852
535831
846779
571375
639679
474618
585999
45099
867342
108437
473986
413623
858987
720546
912171
643085
250591
832404
447108
774312
603616
237557
304425
947324
676955
483822
974127
309894
877732
826213
748190
699005
231480
512704
293133
292712
746475
955465
638745
457609
321266
462058
634497
429047
696783
773783
230753
461513
784085
649802
392905
182702
654039
518890
523322
673626
731825
817157
731196
881179
434802
373820
397406
882634
539749
44286
540300
895708
498746
326700
949190
958296
589910
251548
716163
564195
157812
707449
892321
26423
65590
376520
767175
732274
19532
602309
477081
578507
219583
46252
210967
546719
632283
36947
581779
161193
737975
354100
517324
199569
429474
985993
877228
143387
352364
653776
123803
527040
280270
981678
555390
226842
726135
163504
234000
1976
306612
279404
407835
665361
132986
723462
973842
245526
405715
121230
660046
125280
658468
216519
7971
454409
67159
332035
736351
375254
665129
632490
188702
395730
788561
182425
322893
695030
36364
151078
523513
175108
876801
916482
855379
242034
790166
910712
756995
6276
784655
1298
519461
494387
579101
811994
599908
818313
315339
800830
797682
430030
459776
890701
481889
940316
508274
903838
221537
290383
920936
305487
235350
412697
679593
130091
832597
993586
300806
40037
214204
899436
238721
372993
217067
276388
487641
947666
68771
127892
465331
837918
748665
78150
507751
558493
641462
869667
238820
871200
731342
402666
748160
393615
588155
554812
334815
524107
326454
473363
206847
929522
295378
916307
868575
878720
770997
100921
508554
738002
317555
449456
74564
679175
962696
757890
496015
423487
194162
163627
538138
406021
401513
849098
473159
870409
667644
55153
369752
433350
997194
8923
752117
147394
720153
836925
379868
265972
131030
730101
939813
199871
750890
152607
59889
682013
288821
828999
282415
380375
694761
912120
416010
393328
581894
205235
941811
969890
359085
981947
927686
761472
654051
26253
686235
949754
58469
410414
353068
500735
364579
63260
33950
758589
433562
633638
460270
367043
456145
853912
712825
808648
441455
755854
619303
198661
44535
246057
97269
225213
392802
382944
278367
145501
863768
985070
337702
566461
774410
426089
394371
217862
956526
449843
905448
635695
291480
463241
643375
461088
96434
393657
905442
234807
672600
154096
629606
865256
335314
206385
929028
610558
655855
396578
865301
410881
531834
921729
384778
707824
73244
809588
98837
740782
389902
463613
51576
245817
456632
412940
116136
297813
414123
609326
940253
988167
110520
515684
350905
260925
48363
733262
710098
112075
904167
818438
507806
673296
936671
734026
477306
223223
97262
478929
763799
536281
774996
821502
614017
442560
490958
258674
99341
56199
409105
469436
270367
559389
535714
477227
509654
792552
732437
723077
9428
535109
453408
257296
754349
894510
187483
786189
327403
594997
408470
709252
496252
558765
242967
25403
253945
224423
205166
397696
967827
520154
328695
573542
571228
887196
322604
77260
195823
782861
301860
138072
25150
158739
688556
713731
808886
19583
913024
863310
814609
616974
820071
322899
586871
611340
518696
50486
186130
773396
3628
987898
807533
545138
57906
516336
475207
544041
940264
626634
247162
316688
13997
903821
176707
77526
970465
3045
157549
502695
628773
223954
592607
777447
612916
871809
245310
563676
127325
142005
440960
84392
693404
671524
838159
594995
804308
188126
449749
170087
832940
860392
29162
814933
533059
753383
985112
939637
40977
378744
801031
963402
851355
2204
612298
957604
35346
677969
118468
717503
780041
273084
671032
829257
433810
337665
534445
18497
786612
910133
855226
904251
880010
982123
287155
947200
978683
87019
728432
470290
145169
869505
540150
329612
505848
478961
81029
252648
155286
186312
620990
349019
491649
743693
767406
262555
535649
149015
998587
814336
119716
342648
48233
30856
235735
309911
328714
402933
609896
811292
999872
228049
750261
300356
96048
463826
531280
931604
599813
141080
512082
437289
146846
947986
328344
309806
955030
492737
917343
411176
645741
750293
670776
613548
984727
590643
101287
363824
278177
1240
461150
644670
779452
211863
498001
125444
570984
276094
197238
352905
958718
711255
186011
237434
60442
280906
338211
584546
763235
180640
541534
287993
558904
840034
242564
448595
162936
272800
589134
104057
563374
561101
162802
82389
669912
282695
139257
846918
325522
483765
782206
35732
241060
948682
118469
867837
921636
889254
660981
387758
991753
701467
410483
392141
189582
272204
146077
973043
386239
238642
356192
94263
572580
659320
648247
115238
548103
723334
865601
245390
810786
210780
799485
255929
102122
302612
235364
39671
719218
124362
853218
883925
355582
152343
927475
123626
760549
180792
616791
318799
898529
775373
911089
750126
609079
148862
110914
156659
798845
390776
943228
778272
555469
233749
682950
173821
774917
895130
599179
34796
207479
617369
843711
217563
452404
306999
529584
47058
916272
802376
103812
164524
823186
234326
657493
62178
885147
113985
298854
305539
644144
326912
940096
273344
336837
682053
504045
899299
864936
238463
618960
897184
767592
573241
38879
355204
114528
95904
621055
271562
173539
56418
435386
885068
523589
930097
95199
469271
329988
520358
59191
784599
858642
896387
124575
208433
441088
770257
115911
840944
224776
235048
870726
325782
372087
245133
738263
973908
246901
771893
647220
614742
587059
512424
791885
281013
750895
873217
789989
75472
18855
301970
801930
165429
678552
160740
391919
802680
591345
468187
394151
506150
232217
914744
975808
298068
139546
585657
52858
72720
16936
248411
665251
187513
182546
165695
685968
335787
713348
300203
50297
566674
350710
692071
50098
318176
678581
485383
42114
341081
448652
399561
741218
846923
664527
422100
89620
133404
861571
143905
133532
597947
432301
672309
408287
599481
186550
247116
103063
487472
351095
618898
241841
52385
847079
958218
621828
115164
711518
997330
536493
114392
296965
900285
981771
827747
361757
708064
964692
65075
701736
655721
33106
275034
983095
71144
395454
395864
409297
259762
681719
608074
179709
732954
907167
25473
764845
348640
218899
408238
266759
406566
491268
174072
817488
534237
743671
218992
35319
439039
75093
55900
448572
232565
714991
3312
443067
202328
117011
853339
555097
565908
701443
883004
790154
101737
39512
698037
715772
508107
196275
727320
120419
900202
231579
800703
79714
186956
811704
30648
963667
741205
413227
573468
195251
472552
793608
973697
833325
123944
36465
72837
554945
684504
365136
332619
721233
375584
514416
618754
230792
588785
803513
187297
724519
629183
98822
74863
974638
969645
65061
106174
669731
998663
184490
870584
900353
490216
421360
218449
192256
418364
478509
594780
375741
171744
85233
881146
864583
602982
904571
502828
749254
797876
58104
763274
855047
202380
351193
808653
60903
28134
773071
520198
99932
68601
370534
545457
597339
417497
841979
14692
664553
424954
588636
500578
949826
212114
515386
485901
980511
562141
256205
892471
971176
705658
57989
159705
711670
740530
170344
96028
238659
384153
991053
456469
268593
132046
26867
25358
99572
888861
188542
236351
690780
485315
760336
330908
966658
210769
4096
846600
197327
762601
314106
579047
412452
892197
958707
596945
531049
453912
359366
674722
319989
197932
863472
53166
338519
700010
514469
526226
386751
415897
333389
912677
450636
452349
199390
875790
235763
743552
375639
109551
301385
956783
773590
339391
28717
354459
455126
642614
266260
296224
245001
874273
492466
292034
27214
630357
265090
614963
531151
837632
388786
262385
80826
415067
825006
211852
792218
134267
75336
442949
682001
217351
977921
321554
915700
401092
140279
964671
313347
25804
877930
174894
591299
891998
162924
867583
340410
852110
262053
429706
397063
551005
614592
241545
862683
203299
226166
664147
340248
472937
141301
561795
634948
253459
777196
215159
203946
705594
523830
911092
923533
947032
946208
106791
782922
236829
178009
481735
260425
885214
478005
846998
885215
178605
465758
464709
743940
716419
234199
489335
869420
176090
380142
316318
74500
883224
482366
120514
395082
482021
641694
320864
517385
920093
639722
61167
536240
919329
392235
413757
645518
427144
880102
634680
109933
199411
493246
593929
578376
986559
944966
470683
403817
776467
356775
678010
699300
371544
817131
342
62377
520712
201380
381606
275722
44256
390907
231657
945482
260527
678232
612487
42142
697937
832107
987095
960323
479413
437078
464250
278075
201177
829943
117988
428901
359384
608085
395771
284344
566169
587814
67607
567516
822889
721850
128746
682469
324707
830216
962809
893164
159500
768147
581448
912268
883067
945081
943764
787894
618805
627288
177210
814706
537303
373021
365429
106291
451244
633130
244868
29780
588447
452643
287914
124853
466378
462806
666191
186989
5100
688325
40260
959082
201785
537233
878052
26220
507532
655108
607190
926618
673592
520698
243886
465472
42300
866349
471283
792614
626708
712796
662779
560590
457004
903448
395315
19977
298416
426091
601787
178230
333886
728293
798958
595480
906429
569540
1407
599315
646471
8255
679551
532547
320450
344239
2939
496505
655820
270555
90241
342611
53076
882462
840771
606391
320774
129271
123733
214956
779102
621997
563281
848981
408158
743837
980570
800778
264795
165793
926909
143060
812273
656223
569587
870341
428694
808683
186307
901618
343692
848474
547588
618191
753328
766820
169664
70501
304816
223221
370037
977074
364506
22160
569333
143005
418575
522144
376237
124884
450710
796893
545794
158276
416588
91927
334743
723124
428345
798115
727211
898623
405695
928671
671520
396204
839084
51363
43222
491691
285614
303941
219894
828846
360550
162889
840779
755810
520853
421860
832970
140361
789683
287019
202418
895606
105054
95773
873358
314660
314224
227913
715800
481010
346217
278941
958136
318655
978571
397773
630186
476958
860933
300444
290813
652342
767495
951434
303415
251001
591988
497370
979990
761535
801334
475071
169201
56062
601515
454563
272253
551080
249916
911187
695212
341665
853391
191370
745520
437852
801810
897880
422174
167249
830904
429550
970669
49373
340481
253513
531037
583093
998577
558393
318708
382280
762530
801933
186595
42609
294133
342045
437064
480598
356836
593716
909069
237472
504627
759127
204141
738583
508101
938806
331991
66649
193803
75054
940715
372342
444439
36601
896353
415787
446095
390323
999945
156090
82108
630793
489773
119074
592642
972096
910674
687232
201258
317472
536541
758658
482523
217659
336339
91715
574248
704797
436985
708296
783875
908561
241242
494614
92366
810830
678503
166830
258514
426237
30200
349543
294409
107752
900337
669158
347605
397184
523456
516988
884692
730635
878850
55387
468107
59368
857541
897398
919807
606592
436328
134709
874786
640971
909151
218834
457835
691068
378451
946451
124414
965195
197862
870756
413451
788188
855700
297360
8115
710289
682549
74524
250468
46313
984287
550848
642565
212691
472104
126979
852941
249363
138888
411058
974190
237648
707229
522876
440047
756599
925577
255085
436952
489360
814006
518405
840518
705307
987130
128116
939614
195878
878485
117685
857182
398702
675607
382660
349967
961967
128991
440061
407895
844555
181374
723923
34859
829651
170617
378345
703137
417524
255661
927504
551267
462016
656781
693150
148736
269848
733575
816039
61916
15156
994374
238875
519304
109583
146768
27004
319404
480753
155727
765690
495777
742042
326124
741932
340571
186760
868887
373997
866115
242278
34787
97873
603043
126289
926607
509507
421051
161031
955104
852476
902065
840366
865129
460642
164
541567
412973
102011
31777
556877
823131
507724
414254
340790
891063
332946
841284
853861
730586
493468
552603
177408
950864
84163
695453
497333
274143
821064
497916
885148
484007
99528
647263
408905
443045
470942
435639
57906
199249
386581
260465
930935
304680
665288
654212
636178
471876
706649
712105
783708
583398
148874
623915
744824
151062
38779
810772
126305
224609
548032
163911
37964
388097
38622
579948
673657
827867
534243
812101
536348
878562
436703
658528
375586
132057
544706
647077
596770
469301
913683
779791
116705
44192
336011
337335
180354
567002
453132
508620
737672
903802
532609
440287
522185
491795
762899
512923
807730
452274
813380
175058
858737
266691
417196
519794
839235
947219
935566
227350
275866
170287
606679
140345
169642
402668
659890
105989
720
614784
363018
218058
89247
29646
213021
169290
632265
125759
233209
57584
772711
582795
399959
473825
183589
433944
694481
619179
363213
816057
394624
3099
687086
117911
804982
807659
244392
207725
351061
216599
544535
586541
506058
479824
91098
721792
178218
671690
545215
716075
761575
441264
774029
361677
435374
38776
30893
922692
383137
775952
63349
871280
412076
121527
414738
355279
503046
455145
390866
331080
217670
181554
392652
514947
598175
298788
794348
60405
155706
859620
613343
569273
725550
223070
796183
360410
711455
178265
149883
916333
882416
398116
335983
320667
300134
746288
20923
605373
504538
541240
473562
249952
104666
467098
311586
827368
594846
832074
122507
495696
945442
259100
161117
45967
575461
329918
476026
674198
976188
604360
846213
395830
784787
749740
161070
78879
382209
511624
638364
357571
329031
822234
996149
905114
706982
888531
76301
694974
587738
187396
341864
72054
74294
618677
502189
701391
425373
285397
121322
233766
235418
716619
346814
247683
192669
781163
695143
601120
871699
720964
941737
759303
828064
85462
7639
614489
53372
512353
299713
949482
235175
720600
921594
790346
141834
296948
75012
625247
165868
46246
67354
985134
661517
845476
820378
712312
538019
165797
797838
758593
149486
424231
173910
996140
677562
655341
21299
176578
631665
480135
141554
80401
599066
247177
616563
13745
690482
817949
602389
617634
480677
97077
564351
188625
628841
484504
951886
529145
810104
383454
44502
562982
214696
337719
681495
444309
906664
865061
178686
578488
799129
502858
474900
218133
359046
818395
358087
429966
832386
303540
82195
466171
417821
734470
584717
4083
807106
638891
525580
709546
89904
944858
57908
416372
468755
609974
988960
344360
8575
235713
361004
148512
416008
826030
30172
393820
655104
542227
367404
475270
982414
812029
187572
739088
413671
413086
226488
777081
734380
489825
111050
39151
721632
211742
776988
144783
189060
430249
767590
796296
185937
392133
29232
91293
84306
152694
964093
137865
889179
739956
175188
445692
733417
717307
498283
999620
322456
477376
454835
611335
742331
527934
372219
371564
241819
456237
691841
589850
368655
450260
924764
563288
759989
980534
560639
369428
191498
782504
373418
806143
802412
278402
831091
488277
903017
608692
690605
699898
996803
889904
407090
93056
583106
518981
799570
971590
298358
868684
917656
467770
794568
81211
169845
458494
616124
224726
732300
902248
690310
996102
200921
990180
700677
786882
953919
828597
657248
485993
492972
430744
161148
312562
133931
268809
88343
487675
196102
682527
523332
870141
202197
302738
877699
120481
20519
925981
813244
869676
380876
176446
938136
819093
700606
360667
282813
951671
37226
329214
387492
155169
181918
752833
581464
184395
805968
4229
915341
886564
619208
175708
264986
856966
870315
176711
721364
188171
932902
655705
327625
476217
915059
141178
370646
482264
746123
791175
904549
178853
13800
768087
147911
272031
778357
547289
946090
185022
938261
269209
390775
495619
814669
122209
338890
766443
702031
971900
555855
624125
323044
908950
346102
874179
814965
580415
398546
646933
51253
849806
510547
981840
239087
29666
780766
782758
267815
398596
363014
211023
80240
967464
990634
859742
466314
734226
89195
623534
100469
880534
411655
31291
679510
524984
726487
130189
820677
704369
909601
6414
44273
538323
583899
573757
86320
532292
667645
365307
135463
366118
346241
672515
392723
307031
688762
489655
257905
843092
18126
712469
356880
87224
478802
828616
600049
474658
556353
124827
9624
218165
542871
70856
876402
530042
51152
249903
960610
404768
135864
718562
794282
16867
804143
400797
370226
518921
785019
117075
652600
379657
692874
991075
107413
169543
352066
613801
402984
546170
329991
677169
373793
93231
215369
262791
665900
426278
401030
7786
990135
30042
7139
564959
909794
134303
418787
229025
835906
149411
340417
229622
164498
874966
220720
548188
985080
958630
511341
724898
277167
839395
740093
664212
442389
979458
741064
810511
425299
740477
242322
891826
652644
854423
350482
788277
552516
819198
190769
798419
81783
798601
640928
78243
249652
330592
66966
74885
849004
346938
524325
938807
745018
130753
54904
785799
116904
58451
767723
952163
224283
286434
493703
673740
530013
498491
697497
415721
828741
750180
760557
586552
412421
367197
850028
513439
754576
43849
793935
254881
725222
588711
66175
139692
958461
144760
240907
840783
551629
701061
904197
774152
937592
843257
980026
610427
481749
617193
723531
153407
240920
705525
928044
514003
154015
782278
657209
908462
435163
482551
789936
390772
455577
769616
243215
189700
79020
212461
958411
99630
566713
115069
936618
7426
810335
642662
340413
152004
462913
159750
711358
315195
140849
506261
464962
322152
615994
198566
17114
231444
967690
467468
370252
531203
894650
96153
635497
318660
621628
836546
400779
737322
302880
117278
980333
490773
190083
649357
179303
727337
793684
829685
931652
821281
847044
442536
641858
594748
99786
96930
48165
720853
677392
469742
319032
964688
912893
157991
28961
650672
431648
127004
137376
199174
310582
59277
106276
977541
814744
827282
496586
897968
589700
813851
34930
975668
756805
768466
498880
517906
376450
120029
440044
357044
177377
666943
934023
403681
398742
10078
709835
347788
363980
627103
636637
404935
462574
230445
837665
125717
528850
35417
105978
171292
578626
5915
680413
25977
384105
745655
863824
734830
531607
27195
406213
322679
725105
146789
832333
829626
583288
842145
121595
210716
922420
526255
760150
173232
170108
643555
284665
445898
973861
327686
70859
665778
12101
688154
176343
789556
130530
526267
48583
4372
377340
968225
923266
775583
521908
902210
324447
479197
880280
337172
182276
543779
372172
230512
616736
516997
455254
35986
985857
269096
641477
144061
742802
886389
225535
903932
488053
610985
596518
780995
390969
372553
911271
974515
220984
610483
148319
359612
196432
328016
532329
748061
62460
993254
910728
934407
256718
257354
6702
351647
518475
286898
482727
193186
817571
384745
515301
739428
577611
549403
625640
166577
991289
795088
531913
187348
755451
16822
7844
894710
413237
362710
288800
565149
976437
68201
828253
903254
726196
861316
862776
602030
201004
595118
298301
291610
895696
45842
729194
714294
209325
635600
372828
440106
130779
658413
399321
303529
367455
639915
4665
168979
615713
317748
857201
901947
564868
601968
144573
371266
543271
245110
659690
913634
662648
760734
299133
959943
322160
743157
403203
277783
701294
71498
138358
412883
48308
653605
297289
209109
374904
341975
484497
35449
349416
684269
902608
53464
159806
543358
784734
52016
919803
703204
539702
118047
505154
457735
899162
361166
203604
136660
251812
184875
913892
401293
676715
132814
784471
810427
830158
510333
464986
697278
121952
879563
341855
732741
304240
223707
255669
557656
714803
781058
19586
835666
75472
659210
668000
544493
31176
544915
835474
806518
368129
75989
282402
657695
754861
357312
547480
204403
637531
56452
873176
152612
522010
849516
93273
709504
541829
327653
829886
506370
198000
450781
413011
568517
403374
716295
82149
291795
956476
517563
986557
529692
457421
518457
668347
930754
799858
771086
917516
340369
205222
876111
41864
209292
120819
587074
32234
596194
241029
158621
320429
253184
396617
815782
986367
270528
856642
421753
994468
52415
466792
265448
266410
408588
453436
669820
189573
977212
148717
10778
736390
725402
981536
818177
885948
433979
611296
880560
370279
657520
364962
564709
518421
250518
94259
172223
760220
348551
225728
196869
449907
950515
481922
309567
611821
208009
880708
337474
770898
219726
485714
336394
352027
634577
573440
344511
668874
974709
824660
851034
750308
322989
113873
343457
52236
648519
894689
5838
933502
455647
682013
633422
640548
208820
686780
475045
692632
446039
83287
241902
353399
270271
365589
240384
901086
582458
378872
608941
903876
356670
332994
446180
397812
20510
405509
276406
335717
955736
893830
997557
902071
275851
230605
656377
667148
364805
564172
126652
534721
660539
585002
258021
726152
392466
924202
121762
77220
438362
717181
851694
898367
848602
56800
532786
65835
376646
645363
947272
140595
418445
410136
834266
150174
339983
212036
938345
912832
608300
401573
455594
611388
76727
963312
212938
983897
939018
93318
963282
355712
247347
879362
302054
872591
978124
848290
296936
613598
688873
528591
52858
534924
337194
704458
57056
920132
385391
111029
438467
247506
106219
595516
559377
922971
868626
207518
629122
188926
760812
650012
491894
318214
211339
258172
76346
106953
748505
341306
759146
313440
444363
66380
46640
511106
36594
660176
681898
853055
812144
668885
996842
648215
416007
224323
213207
773813
272525
237736
252912
109835
558396
672095
891313
303051
957734
299935
133198
761726
69765
678877
80860
209669
979952
258463
824143
496299
33962
34591
694302
858723
199509
368344
53379
42658
820804
624112
147038
439323
359726
842817
364921
229908
270526
279109
481510
704674
320966
85278
995205
209093
113236
958336
920482
885602
803101
990076
740987
454297
566870
670569
578015
505538
337122
901937
454897
208905
818726
363957
79564
595811
694008
680926
777664
668844
274293
524609
466683
631391
993329
829678
273156
972145
625737
586774
744288
569930
504981
960598
58263
516961
966714
279460
70544
188723
381852
136725
870297
545439
50224
257032
963523
58657
66607
862579
876714
537641
753126
181576
199187
663191
172394
267651
825838
757974
101802
354067
990650
331154
236445
934754
818696
109015
456602
86147
920023
655047
496646
389559
424798
930104
281447
607388
831337
283240
83223
79987
152859
239517
392725
38860
832082
541
110390
669328
206055
548679
915513
30699
803604
545933
455991
960084
182833
53327
566329
659834
450647
920276
196836
682380
713317
416679
407439
787045
590433
239628
24757
122643
777782
458718
597702
927235
716571
713286
143832
191626
356693
851866
277691
937874
685139
357391
658857
488735
614262
333085
200604
639677
64052
59502
14906
46408
680082
987649
60396
721688
66062
533666
847500
168135
834271
873342
134268
707423
57236
864165
559700
829093
462169
394593
185395
271356
487897
119917
796343
432824
524861
219988
258951
998976
581970
324776
487181
35295
393736
79195
623297
386535
477462
901821
522465
426498
942779
876178
809981
183958
763104
699727
7278
215700
148058
558577
164071
299486
555531
154043
774371
509651
834472
510282
327102
269624
622932
201046
491680
803524
525163
456711
332244
243528
514332
821617
128630
363577
509806
601326
30475
235739
269091
330327
262891
477260
287033
775198
551065
733163
170765
4171
674995
265763
474267
773969
501828
886871
107680
723981
326135
262956
498784
19162
464039
492461
624644
790163
605457
506847
19803
991526
425963
519587
291649
830353
23950
581953
152989
47293
88142
682583
471236
137203
475370
129245
255483
646463
770911
363539
445785
285152
137175
804618
568587
19368
965310
557772
157490
423926
808374
281194
367143
7758
322016
423200
234654
925650
23195
61606
665128
659680
408201
138774
352914
13191
940620
788020
198187
2598
42897
682655
301923
600995
187778
745811
698447
991109
617823
643993
266313
324719
870695
812684
231605
75770
796464
976647
980446
101165
172246
812848
78334
238491
510864
9180
357660
596890
177694
112734
290832
885659
182942
519535
141474
398059
345087
727995
916241
281477
808844
43206
797999
897745
188650
344057
977577
544061
129629
45965
232997
230391
574404
818067
665412
646404
66853
259805
868487
372160
781347
791180
611725
769715
698444
518776
192250
395
955535
839989
825076
773692
288651
707400
778823
190577
261890
650918
113129
411501
258924
583397
991511
657731
50408
880834
812894
226670
162189
611406
452469
150094
59359
638133
913991
413440
12509
145964
734607
764056
71160
208311
719133
91261
336862
860244
468021
913122
255219
36935
370902
680861
143137
512579
314520
351717
468038
248434
239535
915757
903884
309537
995020
445399
497047
2251
186914
243479
838167
979840
3910
446437
317948
829170
823919
51102
275657
455516
557277
347704
703234
780688
636311
269408
196479
768475
312524
445746
231843
830614
562971
123028
530854
932300
367342
613808
653837
430147
897
198475
558652
964713
61633
742855
246178
383965
108431
277873
581138
224022
257955
956488
681458
194228
661069
159883
534220
455905
463831
333309
380482
305444
890951
929977
804574
337346
16065
172203
429959
911185
345161
233458
871952
332250
605861
568657
937259
780074
672672
263500
956027
18101
730475
944421
989575
231400
107679
173939
902538
97418
675294
765211
491367
239629
440599
769070
355897
97527
20647
716255
216137
797672
445277
637727
826969
803655
70550
214231
896349
93389
936007
679105
549577
162862
368729
905060
284805
577055
346543
855146
321854
646920
600835
370463
709270
128648
116846
225928
475131
494047
556614
602526
897045
469309
909921
78502
91225
526628
696888
343662
201467
366972
590184
459173
40704
235827
295825
69079
260081
736974
584033
556229
930731
396433
672171
244573
902356
33095
471729
870171
276520
776239
441025
260796
188721
993155
824762
39834
290069
841766
475184
415337
200009
229673
33061
556364
450084
369657
296632
988501
805070
870313
194138
152216
125015
812120
518138
477866
687460
520383
851779
725947
724228
619097
371195
656397
444192
658671
757324
307408
348497
652927
928032
913500
134732
919944
599717
337738
266424
852469
27056
405360
662944
812068
28221
859703
250372
747089
998101
653082
837514
751716
828168
352892
614482
76371
990938
546278
276711
991925
225338
528477
551633
725157
862125
518108
996999
64207
659786
396915
818049
767578
111070
588796
69996
34290
797551
231093
753591
903600
623966
930175
754443
874409
233190
886898
968279
731408
970177
237915
520393
481352
76073
719571
124184
651979
412284
20221
309502
442160
93944
746011
958659
94364
416358
242125
472757
797320
950292
836712
272820
900970
661690
551343
258793
559491
93950
822129
314839
663684
944787
756414
139274
593374
165628
332999
365035
37669
603183
241105
38133
957599
538516
619734
31106
168687
348525
9144
97151
76249
170319
572835
702911
43825
588686
737022
863083
910053
688759
236493
287510
874723
600630
900006
441070
205224
178136
336525
497038
545127
105195
213231
80497
14418
140034
561143
14530
637127
807573
386897
660559
324570
854149
494073
781467
532539
648956
878207
976338
835012
853555
692953
855703
300770
905229
252772
239353
491165
679521
851833
973829
126021
122389
234152
720053
359739
12517
635924
629382
417945
97539
466603
452263
45759
660633
16959
486477
53883
378602
792710
76004
924436
541846
715115
673055
415667
163516
667534
320432
160495
147641
224415
952788
985715
474639
411218
271366
5198
204706
444671
76755
443287
563804
401178
622221
71227
104175
98826
183577
297509
261754
408552
229284
372040
601989
807829
577970
838732
123111
91512
793238
148947
949575
234003
872190
861286
648383
850241
625574
327937
853660
747342
121133
22583
118146
151858
609285
678915
188013
108012
872323
238189
160658
60344
679958
719381
807971
52076
792148
114592
936370
378485
842032
243644
262573
187368
580040
550673
204999
400391
568731
217029
331960
434771
872856
470828
524186
223048
523025
967307
81012
865594
763854
441991
72404
49290
202878
712623
591189
892037
271497
948963
204673
25497
362113
30623
745935
700724
534390
689512
157837
755643
451304
785169
712089
497891
44823
907114
152329
930992
83255
586438
383595
763976
506624
105512
78054
45107
72993
562762
25727
332914
107860
616393
265016
830648
900237
874032
901842
331785
653452
197343
125108
203630
532434
838359
544548
958482
196336
736293
847921
758781
382330
175273
855411
220522
645403
635395
69354
522630
318402
671257
547332
396360
246650
340294
689659
442727
27096
734242
154394
868733
269901
651370
451423
574454
871579
198284
83964
281268
32933
300882
817976
696131
983134
123368
732147
946420
342820
928203
831366
687512
6181
922640
860488
535707
255295
328591
995374
897338
596262
886826
355978
534242
87806
264189
621556
255143
764105
880804
247174
198493
824186
797859
729216
214551
545512
104310
602188
746810
236062
706934
739165
403900
943055
311717
193649
694334
727719
298006
500341
528516
788028
578556
371591
813709
276451
723661
290006
724179
207904
676178
84709
499489
132213
300302
693871
809036
468251
417096
323365
103439
588815
623287
843155
611207
794371
170442
128096
971015
968565
653969
423348
866841
654173
133323
861556
231250
246656
636749
857512
962385
528418
421899
467902
330836
338008
76614
532200
397174
543163
615634
466848
739529
545657
802115
84811
161100
101573
311155
807675
215817
633583
126451
196047
880334
414926
896972
691253
651781
786009
999024
761488
671282
452949
357122
674932
396105
27561
949183
406414
128170
10253
880775
768417
32570
328865
667980
482795
274399
816090
605974
722150
494615
231511
610480
468458
783606
707793
148403
121008
145338
621873
71916
378801
818764
310652
137005
421420
149846
881449
565101
247687
820347
337556
745884
754061
794872
825099
861064
351382
352789
280772
162405
420484
836999
163889
429884
778473
542629
653996
365939
975814
861125
728845
351029
126127
672115
779931
765117
110090
923853
234911
608196
521846
841278
624084
48581
758472
581909
212602
238953
489264
894081
982474
804309
281402
754667
913795
805708
430960
111280
876771
525377
242398
849338
482225
523965
623598
576570
663415
414697
41329
564035
75982
923129
337214
747206
956369
719669
85173
204902
76403
65893
884317
860407
432045
730841
632107
788504
936015
296914
655332
814442
820920
622480
998937
572588
268513
872057
957905
221237
308435
488099
424581
901453
550585
711614
825733
652520
355408
830945
174008
803903
884154
287919
519552
437388
397234
448038
473340
113571
212507
347652
874599
815720
893425
808918
902942
201585
229344
792414
270334
101497
473331
146848
317932
930173
69221
928137
447982
71094
480980
898429
295798
255924
564435
995452
80575
991508
583134
812975
618000
787230
345769
872213
671134
993341
199633
268997
11791
214875
142324
698463
764376
17817
322908
178003
270407
590376
404246
427661
22429
356871
220705
91644
901523
431001
380290
455422
215165
771298
698228
481386
370700
571550
481021
495609
576494
220798
871580
644433
30608
201088
304479
73520
521923
352809
33233
553137
539644
872738
323343
580470
616300
840252
567507
302450
914114
3338
330858
406942
839434
517049
886089
104532
235319
766301
250084
361721
22974
475543
265327
958214
997938
519910
804741
804451
737534
329366
68910
463215
77119
697238
222480
723677
801788
534631
193909
201016
640450
301361
470005
623174
814048
393840
102528
411467
593852
477835
894538
766181
349585
175237
380115
258516
99142
802636
349970
162780
496043
665135
680254
372611
810770
758061
375608
479797
727944
122408
561432
872776
316655
810105
366546
772889
677433
158365
343236
699029
61123
814156
304352
177812
462476
843434
224433
815519
299984
503767
537803
31826
159045
983009
751636
177245
657201
766553
164200
889892
719782
75587
253934
813575
402588
983974
254773
906428
590185
430020
208585
197079
743455
904548
935064
751915
103746
510987
23548
381067
610788
637513
716901
101226
592287
985199
549988
425696
35503
313566
338006
28813
798185
692410
890923
103192
748252
98238
810450
159889
609219
993962
631875
90741
660003
806359
840104
63119
810439
666154
964521
420667
958102
729639
120275
138246
226766
952157
819236
716849
410207
30399
777781
658708
915558
638547
977860
5280
987460
446467
519325
22781
542043
915665
646117
30738
635621
912872
729667
483298
313840
473101
520171
968403
219194
897460
480713
201035
936357
686767
916614
973811
11734
933442
468025
479389
212400
114833
77293
996354
390441
607738
618635
768804
123141
782912
681636
122706
542519
219228
681757
870666
797905
357048
644664
200056
364387
256054
475643
238749
951864
5930
30591
453259
907369
275753
123606
429965
389468
909753
689818
965667
22237
688935
738958
275242
293911
751608
848884
6490
926894
966199
279915
821290
111484
410477
33473
146126
579879
752239
259613
49312
69660
710673
575042
330141
680938
353081
113985
38278
551805
562126
4926
778726
490869
989646
119068
456436
517282
104575
203016
767246
918942
370941
50271
715429
937800
780466
58749
672120
465688
775716
989731
656761
216868
718121
115972
403339
463022
431285
910508
436077
233767
859476
878030
109808
288709
60403
455720
634916
352508
195928
928277
420177
44187
473970
645423
908065
303238
746250
416222
984283
697740
99865
856962
562570
343844
704692
958137
376700
988105
726307
413069
840230
281455
544719
95613
89061
403488
477849
457254
42975
809912
392071
536846
906952
736441
171225
942093
648833
76108
908730
414809
918938
732373
763218
594028
900216
353073
296696
198804
293714
67663
694853
283479
183317
497896
842180
481024
702248
940764
235269
417674
131081
965803
300176
536552
469526
850188
944119
885615
727912
968237
37509
297889
371738
524040
149778
70935
947367
642783
902968
121290
63921
24788
737376
739966
308382
211047
61109
772043
586845
532364
464507
43593
621191
291944
222200
596695
84704
907304
611152
699144
236860
715838
931759
501611
896062
801785
42719
236278
123068
268736
964089
892111
528511
61100
15544
162166
214950
408319
665705
691921
417257
690884
256894
236245
883259
147075
667458
117327
406921
179681
908328
421453
153504
57554
585788
265003
375915
842557
909626
309693
146329
237099
425405
146966
264797
232362
67536
320755
385551
957444
971681
988423
398960
80983
848276
257188
507595
179217
123443
911107
575542
120650
123842
678640
9080
760958
721264
177109
613252
705189
612074
189280
941348
833713
110282
945748
897201
127460
413934
384874
261630
877515
47715
535521
704597
671322
870335
267305
684057
308261
565069
125096
112139
181369
332643
849830
314024
831765
754960
657692
244526
124744
928498
691924
507903
764328
317156
420156
532639
254188
118036
972429
152792
663655
988722
435795
19005
254242
900612
635032
809803
37588
58646
954993
780394
361536
430543
564900
229523
582187
616799
276852
186125
802105
919637
877771
87440
618660
865869
84676
349578
742871
369479
174418
328127
80109
361298
799952
124299
911489
242342
428581
387523
993137
71570
17555
405178
661428
735498
981725
350559
104021
323554
622675
958084
255820
74584
403835
392441
276215
687947
127582
697047
527866
734858
360492
220761
654128
373832
781772
495780
782284
872171
833988
701287
595281
491203
900994
654237
399082
675864
297349
701999
117223
664476
876971
824119
749076
495615
379991
484320
86904
578721
398014
445417
526759
784483
122063
36488
638276
865942
486397
970603
424599
134037
437034
684761
252487
349487
118833
360823
232564
823804
333008
42407
419443
511761
553521
587915
582695
85646
57875
263655
26104
944340
922137
814437
264755
804372
29359
671858
960958
506243
134037
976325
831606
600937
980042
148799
909799
674969
110933
808941
145511
401211
607794
217387
96591
210245
395352
558564
659479
487048
930979
158004
624525
579815
17251
871278
398642
564258
395200
487289
423345
711312
966216
283157
975933
264619
819031
717756
668166
566917
517154
945059
235863
999961
35232
336991
687183
140988
918165
590501
316473
990387
275196
938410
774411
121822
647568
87593
333112
105425
918135
291523
204658
903811
538252
767040
270719
827743
502919
27059
438455
913208
210763
166908
820696
3610
690252
68071
369349
331387
145500
488818
846818
30993
780432
569964
441348
401725
116307
631993
605849
486436
364999
377330
130196
910047
139795
310889
394962
774920
922253
178570
470094
944757
571781
6045
795197
608961
68268
201639
487176
886341
957344
358257
936676
433446
720789
387296
252431
22408
679329
558019
979432
679521
132836
88684
345835
631272
732433
618549
421193
127979
710814
522596
496160
655744
872900
354793
569372
19
578163
335172
1577
204319
695894
833923
726356
14968
437822
722345
859197
835332
913325
825643
203899
392138
719426
537299
173516
567010
884540
748679
52727
914700
667692
115941
753089
354717
552507
685061
480904
736277
847509
895328
444030
177995
286641
288398
819206
969417
107647
857067
758692
674100
5549
734611
486116
6500
236693
817933
373195
932242
321286
463236
516081
419887
334125
22960
584131
434321
534879
98964
432916
678920
425222
144800
213083
245199
165671
371510
300237
708318
239372
846666
471064
890141
928914
125922
793337
411571
767313
373053
102138
142971
922851
877648
46604
117208
787027
292651
950140
722847
986532
665659
491541
229491
714683
627688
373715
228207
304042
624606
349695
966139
391961
831273
462700
243009
760659
544186
634636
534778
247851
856263
280687
961058
337801
958286
127386
187146
874708
295097
524096
217932
21629
361053
159328
590104
238886
148060
283130
735917
358510
747627
833647
264484
785947
669102
654836
560102
697058
684480
290994
315262
744149
145102
204414
942025
561001
641763
255984
526410
832803
250302
660258
271258
974367
842783
190215
238012
299581
539873
333861
158159
50153
685952
358704
705949
970052
443580
63237
267344
48180
251031
72319
147907
155141
885304
464634
156598
610362
30450
980770
212636
826037
567326
45174
188111
489598
442532
465887
519843
870323
35481
810727
804632
218380
141122
16344
643241
415370
873719
23346
107521
346940
34979
925000
997837
956078
602664
664375
51693
749870
46303
916036
329732
223036
408509
510737
761582
794893
797393
995452
976529
334460
39977
61332
283148
906638
32149
427833
645261
713504
147523
997455
795007
699823
600201
582750
952992
723012
993538
991754
199600
647930
709967
124842
993797
411437
31295
241670
287036
241793
927497
9202
689802
522444
824246
747713
728176
287009
864348
995112
338445
767674
625924
647217
988941
506625
606445
166104
218239
311163
70378
7046
153925
180114
910886
898855
510756
444157
420552
661418
929467
995790
240113
142997
973841
659480
656546
764354
464903
132858
467003
99449
94124
391564
904350
808299
908463
454566
544306
194377
940015
232776
198468
287167
193711
199913
769991
938641
381733
513375
116732
418128
669233
511847
561773
36856
990379
448978
49043
433577
589013
450509
769367
760768
525744
31947
293877
763090
462634
594001
918205
562629
145460
721565
340532
381962
207026
470260
526103
447290
923788
837447
948991
376076
953506
224065
194976
834865
708956
746224
632171
269197
753055
855181
847380
473681
832091
931753
143661
546361
55105
394166
128625
610975
93842
513008
741598
562491
815571
915878
916793
75448
607581
506345
767925
158131
605968
988176
872110
517522
405096
720676
856528
984831
482983
556911
557781
373376
564850
802460
197419
320053
256312
560395
900467
413613
905997
311220
919846
332068
933077
585461
213778
328733
755675
92857
312194
915672
762369
607367
733948
841073
954578
124836
871652
619541
315763
927206
410238
94561
45945
67735
627665
977241
797588
831362
894310
225601
828072
938973
385136
794716
270396
647250
687365
761150
212491
156908
460298
9296
678776
823515
787118
501728
18463
215268
454349
940834
819975
937319
26868
574728
405427
1934
104004
782521
851031
406992
765679
796528
969512
657951
794336
302708
856140
800116
725431
729008
473009
744564
34482
237102
114746
293631
418855
259700
736787
67606
408237
415931
437477
13734
356123
321544
138341
472565
186344
659818
49543
552616
87090
194767
191697
270254
899738
445186
151178
848845
348748
898117
332177
132999
702364
392006
876617
966312
645452
673666
731250
609135
882026
976755
789843
797975
23126
369847
314835
93953
719457
549311
505192
637567
103634
531312
340007
259327
836162
185049
498809
243986
995303
697042
927662
988376
718125
111917
197355
25162
228672
925852
2111
176164
126311
255071
256788
290925
336266
539239
923713
533924
872596
960844
436924
964489
318643
194216
691949
326597
652092
82190
717853
171446
570156
687146
852365
514971
892234
862711
80292
330329
878696
257559
395712
109096
750855
807570
503021
483229
11994
897646
91251
133588
376675
531046
731209
33081
978298
498955
748712
902131
826668
17844
96827
221102
313344
813283
562162
304644
335317
214070
28470
99976
808679
462598
704567
937710
871344
745696
858849
337498
908715
656286
727788
745540
890163
842337
242835
561860
451723
333036
759132
83711
932599
456224
465622
539758
515079
505872
984225
242952
463283
862592
868711
965964
892194
442111
919849
669549
305669
126494
67444
642137
740512
107084
951474
819752
915369
180239
28636
427998
346505
249249
70733
517212
219519
338085
184626
14058
885476
794436
355166
631961
325641
398697
732346
73240
139580
366357
247257
570390
528874
140639
885866
445902
152798
605964
325319
806004
523303
101639
190570
848826
101464
36797
696831
672703
88553
380759
178644
68565
386043
690773
194348
337005
31545
755396
810547
4385
973402
995995
79053
564190
357506
767160
601800
167852
97928
16818
34927
771292
498131
941338
717120
128589
347549
159315
259765
225370
258394
657291
953662
428388
682993
34517
637840
215543
178921
15333
684567
427739
12127
897767
376647
706874
810867
774396
854992
353448
899779
717714
265072
719316
355599
31454
515810
999690
713276
801593
535732
635939
789876
967572
658422
882506
644074
706458
907534
504555
315899
285217
979625
439866
365488
950475
878540
730524
119904
351167
956169
655094
487475
616831
582348
288465
781057
506279
862293
496487
431000
266817
55616
934029
547356
455879
579776
756924
777353
820598
911978
490045
339925
993931
77357
115249
438064
327133
849632
596026
76525
822550
928884
844362
219962
763343
33032
602822
876043
270919
491484
587094
805974
335360
660253
217356
838711
249335
650142
708654
327987
185854
760360
200481
510937
839799
21096
397492
564676
22127
623174
697863
883390
257492
48855
146775
945151
320853
632552
952615
922579
490005
268795
174219
518937
653963
628046
223060
492135
15736
937814
229523
931403
262854
342795
251532
402221
899898
774045
485177
899280
599830
69636
561015
442231
481166
138933
124625
231652
684836
184624
111336
439675
756514
823542
468476
373254
504692
371480
360153
144274
771231
763819
19872
146486
390370
143896
427313
432627
199207
408656
722738
488503
390118
505372
157311
593596
11863
877906
751534
286030
158865
492003
96765
143081
911492
344210
247066
293824
87952
542463
68815
30554
607360
605409
621129
225047
670374
351571
700355
336465
245587
197957
502356
533278
388979
979155
295633
311473
17091
315890
198560
944544
480497
766087
986906
746304
864015
368594
772380
770540
250674
353735
738923
372389
955373
142461
852865
826707
926501
551935
86200
698410
573649
219841
474642
64040
56977
965805
49827
332986
514343
468954
681243
448510
520406
624350
147124
861091
676502
703098
373940
69869
597744
694644
537183
848341
64252
770370
476029
355597
739381
366626
420355
975137
287158
863303
966561
91449
953620
470381
227751
226619
205527
22221
567253
294157
478357
639468
126653
961208
68525
304207
559447
923688
761181
979337
80929
596752
819777
641396
209713
144362
431465
963646
518937
581980
544917
233179
159093
719734
753231
23128
8851
542680
105125
726672
94016
415153
539842
959927
351851
511074
800424
805459
723769
437185
856333
952843
282148
367737
777295
107096
6800
488910
768980
157784
679916
917246
626946
5889
472129
350019
933208
568626
524762
657013
638503
322661
281552
727053
611313
645825
521521
870277
377308
588365
485133
990363
161235
967934
841948
206643
150010
238257
134095
948700
678795
417268
84402
451563
878738
830846
94650
682755
40001
343807
124785
344119
632049
157138
455291
749702
65142
945360
864387
35909
116509
367998
168328
842266
564740
867046
464318
221476
461911
876739
994978
883320
394979
329173
120285
820295
752152
953941
369300
908251
496672
519363
133450
592576
322518
909339
931379
493439
465060
253797
516886
906053
182590
387948
784285
794211
525237
916742
302076
881775
574457
535890
305596
418119
391342
618241
475107
399221
208041
968458
354946
663598
86279
379073
194843
19061
709162
428418
540908
874205
883089
627591
763100
799339
756883
162650
640321
973978
59768
151012
991308
983224
443316
512739
497234
966253
292737
428218
831159
497755
829976
918882
47417
759457
878731
262526
174422
590074
343298
163213
956891
457859
680592
948281
976779
979290
952561
280012
642984
711714
112930
348866
532449
143714
346973
783353
955863
408717
637744
836485
551821
871900
103481
303200
392685
993368
898880
143870
196657
974964
558769
802047
572724
217046
848116
543422
360086
951094
602603
718726
551685
569503
923463
2533
178095
867027
165511
44568
487873
667276
554703
663909
297178
985564
569889
140680
23633
380085
754426
261381
109343
624901
172555
988316
281515
682682
842066
588123
835377
730467
407765
389389
957646
397238
286971
370896
716522
654318
713031
735109
655682
902669
387250
223648
401936
107967
47587
807326
207514
501151
906957
579287
730900
64914
44517
49897
545267
879057
431103
414548
413584
15749
539204
445028
279028
91211
881746
909065
278278
264983
669296
908738
790478
752884
586028
724920
215333
479529
276947
453159
516987
75256
517261
234999
909893
879168
74578
615017
12097
464258
621133
85676
3047
652224
921227
462608
448686
379009
490720
463058
407671
508978
983255
381141
456602
614951
648019
935858
334156
993726
148998
768934
228202
393124
901069
204138
367524
327537
706215
45728
972361
941615
557329
844329
276714
548728
615871
975699
519982
274429
155704
742512
853554
123107
424847
565314
978586
966791
838393
886866
666937
463778
841424
687519
893401
260616
460963
696244
999527
335307
703863
757843
781054
658236
890271
957261
110606
50001
854899
165555
645097
558690
325872
9447
526890
727822
92332
97035
1602
183547
829172
676443
358560
758138
956548
114583
771388
937160
392226
572056
797505
983344
567447
940228
86421
874574
380747
787357
335366
16048
108220
34163
389650
29781
36634
724922
595859
802583
551555
148854
598213
41124
865686
441427
709557
37160
181110
914065
334408
582407
283101
7836
713318
338694
671770
611513
639297
522953
157992
326301
738949
971703
348781
317464
805342
98233
886540
215534
394913
872546
963431
83206
375832
583401
555508
658620
857709
54801
431675
119185
83825
567401
358185
763010
339146
916463
944916
76150
810551
684304
929164
988048
866050
61323
870234
651621
551489
281843
593624
363207
405960
648403
359724
794048
228590
160300
865058
578139
839866
816217
940070
169307
89387
941140
943259
145807
399777
900369
984090
234237
238315
688456
842250
248316
937838
877456
333784
126622
611054
79527
513299
412937
537148
246734
808935
773159
442748
960337
287733
890035
194066
947556
406219
535860
190121
761641
246213
582215
962463
994575
481535
323412
150609
965332
103989
675683
248318
741802
204282
158343
120986
96952
990417
640312
957426
108791
344940
995775
544630
164989
507134
137098
229288
356247
607359
923167
984224
418894
522940
915629
655225
550540
800472
867326
366812
839833
29219
808713
582887
311102
579028
100773
797049
165770
385446
267799
359516
803570
236685
498188
502096
434003
944404
295522
319152
701588
460181
80352
545987
469479
526612
760775
504610
292462
697592
768768
941825
371962
583590
261172
597147
86254
405819
725755
956606
230978
804006
175404
582448
111076
987937
258323
119485
757816
153482
650816
510430
475968
604770
31548
284552
979415
309217
104663
749198
383128
195571
511261
456371
944412
521235
836775
250640
860831
479235
475597
684958
101060
565925
827385
793313
506223
776185
702870
335154
59152
714932
292520
573735
543552
506873
720950
660512
764227
437302
961826
887025
572013
798366
374489
531751
411746
532158
322981
200825
974710
891583
583199
436109
97075
279543
156866
544931
857528
490795
164572
163426
30910
944997
904158
303613
838646
532910
43474
11650
169934
363753
858347
535231
102035
111244
987128
892625
578801
821051
745267
801034
539797
811139
415990
6014
15475
819055
470285
745579
591843
308427
867942
604546
919463
456051
204709
940694
743560
445206
937428
105696
882077
311885
206648
654444
313005
934418
795391
752356
626220
310302
947605
895159
987234
67875
752789
358502
989865
808995
826076
184491
492117
318635
799738
649990
864366
310256
718018
163365
985880
517124
764673
63855
595796
380981
607179
618093
938335
794115
836272
680981
512376
339835
920846
445237
521279
779060
219072
692857
699193
397285
662132
871321
608368
235810
336795
706721
863351
279345
579257
234206
19020
35725
301852
298786
262998
66039
106281
933877
549389
332787
877458
828440
158904
893030
104483
759542
541842
618826
655164
43946
344070
862475
603161
931367
638170
161281
529677
247624
195624
828427
251086
363125
307718
809860
404649
823342
298695
482597
733782
39095
340251
685815
541798
597728
743441
254067
403609
168048
777469
578551
224588
509550
682101
633447
680335
347467
969397
268254
176405
848175
339618
140496
309572
545374
907500
745662
479341
220935
782668
169300
62165
682729
445677
750050
216690
673315
194215
838517
179249
265686
1446
632850
938996
42936
700521
372238
247193
224952
290598
798541
682805
769417
676107
414037
525345
165326
203808
780302
431146
437600
103945
882968
627244
250559
632167
955209
268153
48530
340893
939010
921202
21212
7407
634732
792440
454398
282439
920276
693373
935971
732818
818593
647540
188811
875079
201326
661671
140535
10504
948552
550694
72174
567905
553157
755933
389611
489517
345343
817791
924580
267287
513324
992351
166454
553598
698139
443037
847218
673906
824077
919997
754174
644443
287342
135635
813865
715130
438063
953306
798863
828038
807617
844581
717093
126072
876399
739181
444834
544547
679512
242696
961355
738554
502024
408315
738585
599350
391411
987622
778952
879183
142605
129246
917822
381159
432392
291160
176342
619334
160875
302272
746825
10048
478412
754985
666489
937715
775594
59167
678745
875309
424297
74713
47035
961066
188522
753995
451831
542906
770951
767447
955253
242369
866792
924643
117848
728921
987077
671110
407367
911058
236280
703451
987353
56921
528765
872440
191261
439670
277066
347193
65711
183749
786165
452202
318666
55974
749907
320326
784176
873003
234165
99949
186157
300594
45649
963391
374740
88694
271265
431472
629632
941032
452529
126900
203317
538473
37654
279557
476900
89250
846781
621780
824141
21185
7649
241098
441599
137552
275542
495929
158011
947507
879555
808612
908023
243518
576493
355943
945086
103025
855021
484932
771636
939473
903876
217484
394295
440868
952837
231655
843170
664456
287344
263424
229931
832880
985119
910799
382636
445308
75226
422596
306879
182772
290949
611085
364354
298210
272953
324612
673850
273545
72303
824120
157459
661317
141592
171735
777413
546240
600331
916469
300691
445902
99542
149435
323693
933735
50805
607662
929654
408766
84513
689371
440416
655874
106879
82909
728370
561264
781625
319050
23467
486227
168874
274496
403329
141850
233203
427335
746946
923540
719787
849763
173404
48778
73907
649849
227384
792952
882471
473563
123520
810346
759216
650866
387201
322928
196534
551239
521516
275581
9843
414446
66423
87970
132899
67727
707937
615394
232983
635410
20434
849457
158057
868583
772064
790094
459274
203247
124590
530746
129335
347402
977839
214164
24970
877182
745992
169682
837549
398720
800404
480414
969833
974179
238145
787914
530012
970394
38871
636594
931465
81963
103833
648493
212234
594675
942020
407279
824608
912208
385012
466942
473515
818414
273190
506127
876597
724145
132952
918333
437736
543612
17229
73893
675424
773596
882989
30624
899547
151765
970120
20382
321869
67846
468859
214875
263633
657659
57259
321793
589561
725519
771182
12379
58118
281916
684042
927408
16243
282049
77397
509124
320556
870703
452091
840551
62044
32399
138910
582968
780772
375859
952088
277050
681895
152600
20828
761936
84802
92725
391866
58776
122201
177890
600065
30434
154636
379560
816638
990284
559561
993761
693411
360187
119931
420236
253380
956728
861153
391791
131578
880292
71353
63401
749034
735193
52314
807763
311392
318751
823009
949010
133972
564552
538179
167357
339727
57705
425922
245797
743079
181685
911483
618629
705638
729207
689756
43975
566409
460972
145138
931057
539876
331578
983136
416426
727267
355985
781868
385005
525419
35997
624051
170633
293470
425445
714237
388306
95486
609283
879403
400488
897321
934656
160973
865761
479874
173451
524624
270230
270128
685974
342996
449031
921792
253070
428252
576300
56038
202613
789087
42777
729121
75549
63355
172044
572348
788227
323273
253142
694640
728709
801419
284196
401959
773057
612674
824042
277019
78924
375133
668715
932893
73740
181195
334055
444402
211827
518897
909793
432152
888472
733815
504139
892326
923763
635645
169680
292305
730933
632812
855102
13515
73474
447207
923279
789637
371340
386591
610578
577237
451405
858053
457083
180083
599457
291547
829635
374238
644925
399332
165053
364444
974864
94970
191351
139294
288500
470142
175241
735937
400721
423145
132285
517553
408719
293761
368474
220648
303925
572904
397647
176532
64035
515791
992825
346199
447784
842375
274129
906344
274113
224248
370101
596439
667567
805162
289745
322733
354419
267841
810666
28849
503977
87110
491079
945608
989311
401183
99772
62452
95184
134689
494548
673661
546657
132348
55898
120557
395958
91413
670724
819124
345170
567473
52157
925356
462922
758860
155662
244599
203781
398922
202984
402629
145235
784133
16336
272690
964582
984069
368295
834572
959025
169549
873365
409330
799003
982226
147538
830295
416608
576455
394961
49638
80965
297171
134089
192000
223605
844708
71904
879969
46461
673181
798966
613216
952929
906731
722700
300565
606041
476917
890000
744341
2603
951858
815046
730328
182118
205012
965332
880508
438328
227746
134442
382114
639085
528547
864268
216054
556740
982198
445373
18765
33712
270591
677898
158375
168424
19516
490800
526803
975979
325941
960042
940850
923412
464722
450332
222291
811605
145606
280021
249918
875027
183529
933380
736780
119646
43044
743675
353203
203467
486277
901272
8672
77360
992051
849557
585149
309308
176059
430126
608978
615280
856648
598827
843399
268606
130802
839241
685640
883836
852845
184777
594625
345733
429218
116500
990153
561325
137883
937353
579419
730846
599831
172325
14014
638292
474045
984910
759943
992177
93806
894076
140021
57661
802419
373444
286266
253118
902037
108931
178265
718448
641868
713507
472810
548706
557967
637901
911995
667437
621962
395691
582609
653457
288686
917272
212300
454957
305250
132007
614120
846043
354007
568845
567775
846758
359801
897964
672556
460137
326209
548348
350443
350149
102311
700824
693853
973182
198261
374691
699143
807667
111287
780181
897785
955448
139087
465190
604844
855633
205156
479061
852229
872654
328891
18261
327606
863294
519262
525461
460740
747537
743480
663146
617571
255054
784707
174556
723005
667309
137752
976394
946129
946066
52517
131706
213112
9574
681213
809217
248708
428948
424778
488267
684801
577309
715613
465992
151901
285913
373606
104436
143908
454923
8831
867265
854051
175391
463522
891810
759534
811010
343035
946550
441598
681182
13337
474127
490546
896689
200702
173279
553654
925321
274773
560447
491073
997534
313795
66395
625336
247627
152790
57788
78064
431083
958938
520307
375953
144140
267722
407583
870421
24915
224740
378204
238000
761516
151893
447816
388170
638571
394452
762803
98535
804100
6475
652194
571688
502243
246319
118400
917035
60521
818160
428066
352205
747589
757772
117941
346703
960874
649599
803271
764822
222578
667733
986990
96140
811215
116575
42009
13477
733097
227012
55729
963644
77018
140463
423851
184155
37826
685350
160493
176730
881351
801339
728922
860254
200108
568411
893500
569667
932941
155715
13133
140436
944052
339347
183650
268407
400284
863227
808053
331174
733568
49489
826573
484375
477214
664389
241868
282750
497549
309036
230741
271336
683768
400632
442711
611016
175734
521801
990843
638351
198663
487068
228902
670644
552878
762721
993195
493331
390438
164331
106064
614514
64962
271873
743483
651678
695652
841873
293754
606580
185049
296132
106028
472955
769552
191277
128078
76463
628149
175259
15718
571609
603311
394061
869637
112601
528882
733573
562557
41414
43713
872117
446944
420332
433412
945046
83888
966516
41217
759832
622824
792225
368442
698484
255398
650806
717284
224029
173683
327094
484223
104404
321905
675651
771542
827995
727840
441640
108053
953025
384076
776050
570242
455388
835095
91257
374490
928917
637598
810300
135497
454173
79307
899946
412164
704254
92727
898237
608391
204876
841785
787393
707494
50234
995984
472819
667218
58184
197161
721092
403755
971162
270989
363837
340668
708517
141097
330684
9175
872130
695803
752988
96654
839333
805719
127987
450379
213607
721492
500148
370509
881342
310805
196597
244032
683279
707703
373516
513207
816666
29204
383954
71240
346644
950642
565385
955972
315922
507788
821274
356881
810593
162106
606071
692582
732530
220351
711519
736227
83122
233583
629823
947275
442616
7739
640502
76127
471960
226267
865841
2328
121109
237334
929845
224576
731507
344305
995644
629101
621417
818994
367158
856155
61237
363919
151600
15845
649162
953272
526034
983584
904677
565630
608195
905556
257085
4958
886695
740120
102617
638702
932040
901001
510843
176739
870290
158502
41210
177277
644600
325899
56813
685327
112373
24200
316355
404143
681517
611550
209264
182326
104306
802901
34818
491124
539682
418173
943826
641459
823533
435711
520085
77542
564404
140254
961106
91631
56589
126480
98926
563018
703971
766899
455267
492633
766650
742318
902351
180492
925585
94309
766057
536108
161568
842136
289422
104645
961409
880281
846905
822958
39019
599400
585362
307190
409881
521453
857565
805997
452233
374608
365075
499340
350496
737464
56590
451138
423786
261919
337181
75932
946240
832591
194616
11407
985218
309179
208973
958245
352644
155964
941752
931970
601542
4007
706642
15826
612250
523847
354720
77714
157098
9724
657453
854967
155346
578927
750130
707262
871017
672944
19505
734993
167325
991343
451681
163283
528956
781140
538179
657225
272079
942139
431763
351332
78625
387727
283674
449647
233949
341314
605280
998097
359829
861734
923903
817216
999199
635243
42323
939779
974618
772726
249230
962145
787982
740122
132072
54891
724274
911477
341619
108067
708167
606058
973196
342984
561313
674678
478317
105471
260997
890097
209888
923999
574702
278243
521934
633817
227882
946049
327222
149443
105569
880899
798009
287807
363126
721379
476113
381836
529094
874931
817378
807529
89998
747675
41257
376673
541033
561454
765713
994616
998262
529385
54180
716976
839384
880711
550879
12088
84759
182660
914398
253106
157796
858540
360182
623711
187321
716958
791905
356266
742815
324770
648596
234830
93001
399140
793645
715812
824798
793293
556936
285261
720788
301949
366193
802424
680823
318311
174643
328592
128970
993992
229007
904005
475652
851333
651785
618614
943355
738272
779548
314552
493087
440662
700173
219590
588828
465497
336924
165829
655715
806245
824279
97842
813571
469377
677450
84842
943921
950612
546065
750869
832294
530018
769230
730992
472103
557089
193781
554294
637856
536700
368324
19307
5354
37923
606224
510981
226540
318861
228731
530615
68061
542603
830722
162587
847271
371146
553459
264827
35495
495269
689147
496699
31057
440549
948445
771239
221553
700950
874175
941909
703500
217543
939487
234039
593189
349149
833507
224511
870555
52052
964557
551599
316848
181396
123661
597372
364388
774508
613424
946782
514687
88173
950199
227447
269230
469797
498562
674717
645253
198455
161643
174982
519075
241492
480240
926735
833267
220056
86536
653545
637199
885699
347542
267488
541951
394962
854843
580425
764894
933753
417478
82952
967837
923072
439559
226107
382113
9911
725377
749319
122312
846423
130749
464509
30729
980599
672379
393256
59257
108519
606916
794933
140842
398317
613915
823935
55790
233178
880913
692407
385977
623943
61368
371693
327908
205553
558575
193085
487566
930159
488604
326808
791389
832524
105977
216238
307426
276229
493893
329781
556699
497824
945178
723033
887698
164582
604958
24000
832866
370240
902739
571577
197593
563882
769482
893952
994745
653782
821
310320
734169
619807
968537
740486
376105
158184
51938
624653
615827
387985
75344
890476
396924
465941
45072
906760
591785
929155
596517
106519
171903
462743
705477
721986
77667
2869
31808
605878
334464
477121
354907
439496
424230
437469
91963
852610
374095
11008
196861
454415
109246
591792
232739
792318
168193
799836
833064
113398
376917
541528
240436
3639
10792
99253
921067
249224
833913
474684
320991
298563
561435
737991
83430
6841
926425
923197
777415
95427
129524
919720
951310
874982
388872
70837
738815
757986
796813
749447
636647
837208
449912
8184
163533
22485
930497
83181
505928
651071
288960
198996
451434
217690
934001
191613
783386
152824
930582
286226
937792
578299
523964
440372
282201
900936
195413
553780
623658
587658
716420
810347
42449
445600
241592
305783
129462
424228
295408
921618
675681
535705
497628
388368
256870
248432
300068
156149
208251
986679
73858
269936
171498
675743
165194
657784
676385
81704
5706
115010
377255
19819
643596
146076
132201
686596
51704
213545
374450
329177
566294
745593
104122
460236
191026
947973
204309
760249
87256
246276
506124
105836
778239
259756
760009
714274
743426
54728
461419
215226
276105
787570
632314
319097
701638
522798
642164
462902
30811
102883
22278
748200
880537
240055
997462
180426
705636
564549
646589
402472
512114
620798
415762
252874
557554
121113
837602
172858
172873
392568
650491
245618
558135
952601
683623
71335
183385
399989
533111
967276
149767
33657
673141
260293
608733
652446
432827
471689
237335
606311
494945
272370
782934
191798
449745
721029
986751
574668
416567
367704
580611
377884
726293
701125
744569
345226
102131
640298
662182
49797
483763
633561
251423
389437
71747
881891
825734
778307
702827
361276
547696
928445
726406
321419
587047
249730
199053
413585
722443
105368
100943
814195
113491
791495
883645
479589
736817
902361
603809
995125
192852
283377
663983
383601
795591
401158
432948
567
176310
443706
826283
997143
27921
489563
82287
683110
440905
115445
141130
586402
571256
376081
459499
942333
977885
403471
309174
461640
242756
776027
13238
101309
893508
304015
111278
722537
849762
78949
330253
631284
204308
160919
32319
411662
84256
422805
699616
435192
873697
142754
405835
309740
125803
756812
897937
522027
781126
30406
788933
536801
897751
737636
514676
682422
551965
520049
870707
129971
289430
130480
823632
220687
76418
535662
992362
372950
77247
368832
450013
505461
88211
846047
659349
194980
95625
874844
445060
474608
720242
149761
483886
555428
646924
67910
30561
61715
776513
131757
574595
750469
47942
705723
535748
643132
187684
527443
927410
131041
451668
812528
211498
110096
259010
796670
462316
579005
525876
313174
103560
877825
490628
238229
967925
562757
901577
452247
273025
374473
40468
63573
400098
961682
870294
193624
98282
810158
292447
847001
110361
349797
903937
67128
265996
950014
987731
128020
713236
751467
227345
617293
696546
291666
107425
765268
819294
540536
891440
943467
20950
376588
722043
252030
15635
725454
952938
877918
899528
86170
935254
821334
112804
835541
387372
360172
276934
841651
264873
907510
17040
508898
257733
679189
631508
957526
316012
230803
736172
365362
405543
701077
586406
74832
168794
246332
356123
234797
956710
448606
267489
186740
923566
846748
446870
935077
24119
664992
778077
524002
137769
51830
237029
718998
999794
396995
872613
572930
46026
956198
558500
307301
147153
575913
892148
18760
241044
99235
772607
409251
200110
150574
85049
883119
2315
145985
631413
344905
305864
856041
209748
30912
950454
76393
906583
309883
643582
581034
52438
586762
487198
17504
199498
359687
26385
209660
352964
832552
298125
766791
206913
718821
545830
624354
579028
738432
831888
956759
326211
491702
332034
838683
80751
755968
642549
969826
307882
236806
592587
233631
20973
168161
528845
735767
196001
880267
968781
143265
786331
990246
147242
536764
191653
790885
918578
802253
737527
166427
939042
279091
733893
356702
402184
970121
161330
468183
234505
353591
24866
808426
45055
108021
985005
950652
435642
407710
554031
677989
341416
956588
741372
830900
631375
678486
679025
378393
163318
758275
384805
972851
389476
988649
390015
322295
867904
356679
220065
85689
888215
217595
999682
23258
466493
59265
921242
64399
468810
109832
696822
992906
215110
253426
726315
719047
950879
957865
989287
561972
953046
868121
302691
186685
342138
770509
155444
109684
18765
89385
308161
334810
539523
620802
645135
880140
949928
706965
874168
41805
514657
742891
289851
823596
309578
873991
337901
510482
173183
53704
391820
444138
553335
21090
9523
53869
867338
739059
825834
58889
842259
159685
718485
363373
687856
255263
9677
535348
238438
406344
782348
396779
920162
117081
619266
631361
356442
789245
1860
745098
639698
192009
838564
397551
636411
658418
716443
575606
875509
329263
230819
48874
72501
476972
263074
977767
823170
7847
416640
950084
831642
14763
738521
560989
656049
244903
847310
973691
14361
837163
419126
948835
397309
230654
460850
452536
919303
863518
294047
856333
858850
70293
499364
923531
727385
82612
421610
932347
813790
97967
737772
64497
623655
966612
392612
591894
170547
256490
272101
932752
783787
559074
623111
309840
494371
929340
956988
656887
367871
180537
481793
479910
547378
499704
396593
779809
516258
785904
324723
555166
578728
467721
977492
716784
75955
78231
657711
623307
348620
489908
78857
505843
375732
492408
357177
561862
464809
251671
4868
574946
806664
582936
656839
662772
541388
927278
794061
957918
572532
676405
830273
900
269955
297098
720381
703284
601569
857415
108032
734895
253087
720282
546431
856280
760024
400001
481426
882104
578610
852516
467215
373420
996548
752142
682100
533420
341970
404809
113405
377336
187635
476438
761494
199841
542932
869702
242219
230833
935125
346744
712539
884344
683792
498479
130826
428148
53115
53903
216021
356060
215011
368565
974689
366601
85464
244592
477260
992641
776168
61919
34245
993122
288131
737255
107320
819624
49662
47185
451553
183067
583411
20543
195138
389272
165829
177673
716592
437817
503617
53881
446535
875044
198304
770270
145021
279149
174121
714129
701716
347241
852915
647810
593705
179792
946888
555261
319146
857614
405541
447039
174693
40614
778143
764719
795963
471811
494175
533115
581683
745693
480910
455120
800426
920836
60107
706293
336617
902860
156697
957381
415183
73558
595350
340935
99245
137398
670118
837548
667888
860486
796975
425316
558649
66183
287228
812125
593801
771182
256453
651545
628312
686483
463366
77802
367300
979250
296971
72845
652647
20059
94733
400033
46465
190972
689462
313666
433108
323273
202113
800070
181135
160005
324413
599187
431970
12720
368496
957019
295024
918925
75608
315702
196451
599823
545997
240347
575833
808095
717954
993786
159483
720973
62250
569592
437999
346960
141815
695687
588323
938683
7741
80545
58826
317759
240886
305250
332580
809047
712734
496128
518261
245652
183551
109416
241431
999301
13127
945589
877995
719618
74964
541967
28587
405973
458642
943646
871515
610246
302652
612522
178078
761282
919806
789649
283493
553383
442299
48611
329986
605039
176362
546910
94619
837878
231067
181313
225018
343721
783320
588751
942784
848141
881191
518498
121657
730857
596587
235560
463819
295634
349033
688191
176649
679633
882409
438569
676325
930802
49459
789612
194369
794284
758136
641481
896358
824488
461395
114646
559886
963120
82852
667386
657243
883125
94044
129861
15595
851452
19352
88362
445571
45991
133348
106649
633704
573532
375520
739453
16972
913492
45632
417551
745574
43458
78061
665045
66650
45981
120073
4795
447448
554316
376975
431372
349569
271086
757273
599053
823555
931395
544060
271478
712069
593082
73614
202766
522046
830999
419208
733154
870817
808576
587590
382177
516274
102949
904107
971863
359548
887946
228449
577476
850843
412979
78782
665689
525172
915627
252866
961998
4869
465584
870845
220258
453271
128382
245645
128432
173200
243766
808133
855275
251045
965483
855850
126646
791276
787722
861015
943843
848335
562723
593472
63685
730461
235224
548563
184307
955642
797281
414010
314332
520119
30329
565117
529282
924988
770984
647813
302933
879138
506734
892988
198701
537245
961545
29327
645538
248407
706723
121493
857483
809496
908124
83017
213458
414624
492207
772659
169457
378775
124163
633382
857931
491419
718352
89378
402921
782969
939820
184025
265487
885624
194034
43151
943355
326926
542157
479066
295289
40950
515366
181385
833702
458713
412328
817377
321087
781865
86828
881859
189284
904333
918790
545065
201583
142454
451435
208143
26987
107217
561342
204846
148531
747925
208245
754403
269865
929084
900716
824751
729679
30734
112774
264407
972101
215320
461500
528172
585375
578364
1668
931045
864674
579938
201118
603688
141276
760076
141437
893352
283165
505544
730577
348583
36822
45438
804333
372445
989516
339753
360282
406513
283960
430051
813047
778148
822846
465944
944395
317069
932296
514268
98217
387582
57855
179033
346111
655430
178278
386593
147195
570192
515346
907362
305753
424169
45386
811511
54030
977823
305271
408667
395018
70468
673351
594232
814126
301522
108389
438366
145098
98281
238093
560591
652625
462707
932174
148982
299164
504360
386016
180792
965335
510573
187807
887652
374540
626712
603428
518404
786826
370318
60158
357077
504305
787790
852754
190354
836893
205254
946316
312940
861933
408163
818561
959575
395567
118950
50019
748542
482410
503345
563808
927895
413191
501602
399063
681168
137500
213078
202359
195688
200342
796495
731190
617499
328515
234672
674475
582006
29178
869221
995018
673160
396263
545759
998649
886585
223223
404221
21779
861812
329948
42182
935608
87424
431165
563603
385678
759533
728574
26506
186265
522025
300135
96836
8755
959218
879091
558672
576360
41125
392823
852945
362096
644726
734765
400578
948233
988985
641309
10970
62129
583324
128423
93003
292221
702583
926255
524900
496217
131260
485477
612054
973789
730249
910768
308627
441672
935709
265014
236754
231451
724966
57418
310128
370196
210232
634291
676720
951046
445722
69525
645667
64657
283387
100991
169251
940164
298498
169616
195193
958923
139267
993606
533918
2326
289613
679845
590303
733129
166880
566272
537945
613593
898364
240614
839972
52874
990356
351148
836940
103298
420257
173396
623355
198280
608084
214871
341938
544927
511139
300692
330294
766713
981317
677973
767239
940122
532152
686010
19787
684042
877823
916292
528650
89974
953834
760768
484434
540580
488077
338381
894011
347345
583251
442060
239813
956586
992235
552420
185821
166435
286880
869039
195455
774134
342406
234053
971637
71611
23504
327331
361469
656480
305087
953399
846088
896902
742389
432394
809439
143993
832104
489354
987425
967753
479537
662643
401511
663561
943492
216474
266504
836068
910842
417302
920056
878935
37514
90315
643019
761358
877847
526228
641752
298975
359459
612044
850872
675229
702177
13946
1198
327450
597799
931095
192928
422397
997570
320444
451
79419
937508
119340
942998
195061
958712
265404
450885
95470
478870
513435
696173
764200
333650
600322
176895
177434
672623
315769
645822
258191
617969
940290
595554
412445
996496
912998
248223
119617
166792
412059
95871
430100
600590
273359
972844
321644
110045
656020
845834
32850
539117
974120
89153
646683
142725
449823
893080
766053
318568
444527
473916
264176
858347
640216
320545
203926
691366
598126
962432
46760
573833
504453
840830
340647
954374
579575
720109
5084
499500
166676
682539
781268
238996
155623
133160
316348
965364
508961
196870
376533
82384
236453
400729
745683
276433
671343
310349
732184
981678
15265
443623
861128
524871
305068
666596
970248
980688
634327
616893
208472
217002
548527
94860
333898
929037
993932
942344
400671
866210
883131
556141
218365
207598
447629
408695
359400
989115
243148
48375
646315
462644
206329
283251
473990
92358
728277
887628
732081
837732
38402
494774
25691
700954
218641
253448
132254
105930
699909
799255
430676
348193
115056
724465
338051
446300
357626
524275
852211
869681
170497
488456
606625
523355
449946
985278
648652
428421
640948
180806
795244
683602
71773
256072
712450
203655
134495
972385
528011
151126
835202
118394
433038
953736
52213
262598
872917
581445
775303
185815
303096
614019
237904
121566
248532
81481
217133
265341
293979
928287
378919
339915
718341
416660
411061
742563
74469
468204
89048
337833
531478
548644
664292
795227
92372
102946
521887
144847
516263
985790
997954
999631
344889
389607
809500
666829
596681
335475
272150
315141
794040
180487
145361
308974
372993
642271
629611
411100
538374
283579
474849
241077
530629
160487
941519
555213
978281
138341
240338
670049
821501
620472
206222
474029
832699
722512
705931
947434
631491
426701
924602
560936
862887
306033
274262
859779
796515
16039
931430
236997
29866
661034
859807
524440
169755
362772
292773
559206
955410
404100
204274
333455
734171
786858
778320
394950
521218
806898
9856
9352
458246
65226
409597
761274
96236
152338
37338
651103
321647
755103
992520
665523
377813
72940
971508
456422
388636
83230
141517
465592
712340
363314
119779
69357
842182
363654
87723
830510
958098
432257
533727
130172
135447
639967
344130
727185
592906
609180
195841
577301
866409
294716
634037
526650
419786
409205
567557
33268
442829
95867
451113
534872
460080
675494
865289
660944
558977
60225
421827
198649
589934
15473
175308
492569
838840
38656
158126
602880
904198
43269
228399
736826
995094
282866
167186
785709
838286
778618
228087
783382
130545
478108
508957
812826
116845
328977
115976
313932
497809
297102
155838
747258
764187
577654
582635
395060
619311
723232
216164
448795
151140
854848
499976
886369
910457
138420
955459
93794
18533
674925
812268
398174
615116
677944
494222
741651
146061
217256
649348
201203
648120
651746
335037
450247
878301
564165
223072
545632
143616
678580
266697
770677
338856
251009
976048
802334
478679
980023
263083
592300
636947
406084
59018
898466
421347
292609
636448
366036
11478
835616
844961
851099
521020
545969
995943
963251
941112
223889
81935
245489
447213
67631
131008
900067
485974
10236
394251
193350
185522
183919
320814
746142
885660
855538
917107
692726
445688
522668
608694
516276
638346
774508
603715
375896
416992
753326
92061
413521
314160
897101
961436
884604
637244
727110
915886
902586
303985
12709
46654
134572
379984
763471
579825
816654
944067
637483
117581
7341
173009
723181
962484
553606
557101
980415
690190
511229
80937
311694
896902
314870
250824
182703
827435
229268
123952
885997
557238
592332
757054
794545
470443
405861
129012
344908
764696
814094
341134
871587
828410
855899
554354
662967
477183
641630
53125
297103
945511
757342
257434
353925
724164
669623
295237
112171
174752
505102
834958
306392
730813
368430
269889
802386
232887
384452
908770
481113
630854
638899
826367
580622
714976
831445
895069
430015
354939
416463
998996
643536
890544
4240
371703
565702
543419
940902
315499
784627
218271
272061
507033
999930
544806
961460
619838
770046
173766
423261
776159
110699
423008
251601
615194
576736
951969
823278
887576
12280
879115
895535
209183
668404
232334
938534
176196
790406
880272
499352
429373
877821
710156
643957
829909
464712
952406
583794
124216
664680
742076
169221
958638
838774
587081
417020
914085
421582
641123
334715
916134
524631
565460
170640
411818
910512
728165
966901
620998
679417
193766
972897
244161
136571
844491
299979
183942
14133
560689
957116
897397
885828
175742
949007
891603
297582
764901
575240
598050
71307
311177
431055
760972
660240
96889
888712
324665
886713
985562
692304
140800
489427
440162
234453
178361
867939
820736
677202
909681
495414
159450
260198
115703
452230
971822
62096
575955
877894
460634
803209
4374
366475
209207
452030
123469
140950
234655
902377
282767
849218
38159
233867
34870
957894
146664
998344
293738
184936
782032
249438
491416
812607
580981
953859
606786
376099
519857
141211
161201
122035
924553
739603
362373
886722
674192
321757
99757
71967
709353
355400
2993
921407
537386
903291
943468
711049
285979
381710
790936
518590
59485
241796
723586
675779
796135
493481
512220
286797
156524
452804
619825
258728
839385
796538
986547
519524
334650
106815
442672
681052
990204
905209
932963
739492
523789
659507
933607
946254
13664
362042
753862
165977
307660
13336
20080
605624
472148
533162
889031
431290
768961
715872
98135
661210
158572
269137
974947
491813
937560
204537
288475
27460
354299
282192
122409
668901
879581
83399
419626
999754
755354
748770
270202
204718
364290
875437
542888
876815
537823
272156
802697
603869
401174
860803
38248
832701
779814
150190
736347
115706
386894
164958
671920
546313
161163
84193
842439
493815
491647
98060
987449
737841
607725
534616
735286
959791
517537
94615
506349
585983
890349
136337
326372
419946
925453
371967
427495
217029
370540
940771
408157
317205
995200
888258
22454
562719
198352
391424
80064
99660
350485
110998
955545
284342
220158
826417
532095
738706
595598
396458
235331
560314
593121
791262
547932
453717
586060
504938
786264
732837
348769
133253
299373
657004
944786
677882
866990
190396
781421
616576
362393
661466
39493
483640
192397
604238
924721
639362
378265
282506
816686
908731
46191
652404
535328
653783
65015
334354
287797
603800
250560
2129
892010
206633
577105
938034
412903
349017
62878
167314
441286
593591
939734
406932
160178
390086
448665
5357
699689
139869
565575
772555
526755
834526
299892
614115
360525
218896
873399
124310
626030
809436
392993
302399
258155
712481
978123
886875
455589
643700
851913
592214
398656
32439
782011
721838
500543
68564
716929
914438
159371
464471
899150
265737
730323
113638
728854
971129
177101
787037
874209
688851
661594
867914
269313
762145
232519
520386
411168
356508
6447
86814
764659
532731
593151
147158
966795
444636
335634
880375
138826
473166
181242
856516
463730
554617
509024
68711
517721
58283
505027
719186
61881
798655
84316
813495
72548
796332
534050
23200
838996
151975
215849
926699
378528
83446
401382
133542
298891
634195
307725
245187
135991
572088
592091
346168
56951
456013
167856
686774
592450
892076
651668
863491
559875
289037
925210
202678
45388
203475
635106
50831
280107
442802
774264
771376
56981
910011
655001
369148
968703
134277
504086
998283
794060
253562
524178
395399
678625
589947
785509
918246
794132
236657
258467
575108
304450
435889
755383
386396
516543
600779
122152
292898
992104
151152
739518
342080
411669
530621
86077
881196
311339
3624
212496
558755
666702
290950
314050
439108
392691
70646
525093
29579
32211
186862
211285
5672
314555
355552
982678
137019
646273
390088
19098
299119
742033
992149
217376
471472
262053
665329
719606
118538
120851
95599
129055
937888
283648
300368
71375
391237
892338
171570
381651
71482
518659
199446
303373
887877
485874
137740
536925
895274
877652
225405
135196
635721
323752
555349
578754
284563
416071
420811
176999
507882
130618
438030
472678
722005
46054
610445
306782
726876
470498
804387
108306
753606
465193
288542
229296
138733
774763
2411
685615
470075
515262
913119
826513
521475
162290
940260
46600
42558
333825
928510
377653
183264
499813
344377
2827
281046
956676
50161
713362
882207
595399
233597
611912
500228
214280
152953
364194
892533
324585
771439
721840
162050
624066
748386
749278
168818
99826
982070
368470
71300
579607
818239
700547
146944
531416
808740
296753
951608
508447
494704
974480
681376
440548
827125
43672
559559
29413
336861
808582
450609
661810
168014
397124
19859
408548
480441
190310
88235
817710
547776
244305
65209
869515
243265
543926
538141
232791
181252
675260
60174
571386
813053
307004
146612
536127
173373
359270
581476
122946
583996
283904
79029
769096
110715
579343
873027
461097
34201
742158
581376
956456
357108
905307
345010
711203
675450
763249
784141
754981
480139
191760
208237
470617
155340
965433
466095
407514
783307
992213
765229
506725
29002
744566
690389
646384
318954
204597
144742
72404
926198
71673
713798
257317
455624
513433
523650
155554
637404
638041
957346
223624
114991
335249
626536
899201
158291
481452
632486
171706
995474
192907
671801
563922
508
873417
53413
396141
265936
486874
310350
345705
436803
582348
992785
147112
179887
515760
576957
238604
531739
618898
531057
285058
763043
763875
725779
185588
326916
897080
304618
317090
113222
735659
442713
247435
955718
326431
755833
665797
122847
839906
201234
856684
993141
137387
492085
566647
676702
81090
936952
953638
982188
636095
112271
76760
525851
883242
520259
297785
981460
249601
437970
343000
261212
454937
650788
777494
797788
246364
564261
647034
952461
703985
470723
633570
308287
258297
230790
373204
110663
295220
342726
429875
115203
704708
867534
560141
886155
775434
58636
751185
864246
501037
523825
582622
794246
633209
688171
318646
808369
140067
798972
46737
410317
954155
356343
682894
116695
187994
417367
535684
294943
438443
844796
674039
222612
25926
311363
114151
814312
554535
531392
704066
246367
170333
629915
918393
72570
636271
171844
123247
642810
959385
556628
934926
211667
246068
604098
384500
894831
109299
529598
289355
977691
701577
17965
518519
782994
999337
689602
556648
256676
170981
385461
989455
243331
573624
82467
164396
854890
530975
500866
203398
842411
94753
169919
629748
106003
459568
270838
883161
465467
744296
194253
665005
198830
337076
196846
34293
543986
600592
888863
942933
322613
380776
762687
883708
663253
669087
400671
824893
312588
237869
365690
51134
278519
539680
391251
590281
519233
14531
74218
767680
652592
912860
451738
494061
138956
183246
246930
764919
316135
800863
777390
726641
173582
941524
749233
680653
449547
895417
421601
519854
406931
927869
827455
756251
858963
935225
100770
633807
416018
964305
169775
942829
918082
184627
402231
140944
136745
303421
31277
941633
409447
188155
751874
795906
258019
358862
79647
165959
786966
876520
128510
852036
273011
306675
480166
656033
35506
367121
287489
259019
666232
248830
573723
108900
369125
908370
942457
874906
714809
932835
510868
839637
683363
310280
584881
322826
764648
827000
619166
217197
220397
374544
218635
875651
450337
110515
182850
546133
991881
10188
5700
908161
566185
339823
783938
564906
910924
236701
694645
485455
643249
925990
638682
860793
402962
637929
961869
390094
323473
268727
817025
500355
436994
272662
341658
490223
185551
587745
776487
808890
345420
492685
153535
106164
609240
529286
791927
4930
188396
208055
960701
824691
691523
707945
789332
593968
545062
184003
449644
594450
474259
536815
905309
612174
642825
224413
528640
952395
549107
126369
887274
102805
333038
591608
873990
702249
698617
28328
645838
187184
156792
209541
672358
338505
319909
562575
15125
52735
8660
357497
56288
910938
899041
198533
36101
900689
504760
783754
455121
411037
107712
900120
361822
485800
125285
262386
385645
439460
158656
938234
920795
177977
506726
529770
177219
328470
961162
973822
288625
152361
242575
859184
706174
886825
356718
96027
778637
313360
203201
397889
214816
462183
959786
144104
76120
583289
559330
901407
311943
626665
770018
737502
289332
788512
718119
292555
242794
882462
19750
885657
702461
586162
261068
491723
855514
194436
963440
875351
456650
727184
115480
168229
25603
629165
744933
932662
958187
739083
28
393890
858410
138492
537937
321017
482794
782825
321394
415179
543598
921509
134253
367876
8460
522910
142079
815343
55688
546351
175066
324059
878415
18963
93747
23195
897037
91509
81829
135846
31659
178403
234373
74463
292200
583136
386307
38832
836499
631384
500153
561999
333538
333614
902611
847779
114035
318066
266268
750655
559004
453166
984609
612044
906992
454047
242691
789958
262865
240897
529183
361757
927789
121027
363218
825915
498519
118234
330091
738021
160450
584882
802993
606267
634076
1790
288781
616857
114117
398896
267606
706912
937642
761861
985271
20815
423170
847928
520703
30858
607781
838742
295237
528445
516484
4657
726390
57946
773961
598126
344637
320510
390028
359098
98701
472817
509550
141081
394126
1484
51414
745183
528545
395765
261382
651191
583058
412486
644953
144416
611929
844173
961051
229752
666573
454380
169285
43953
439526
20319
114963
401888
811437
336669
849668
492788
353154
587096
440046
111555
590090
292255
793979
27456
968499
366691
223108
309577
42277
638167
225288
701277
301638
880496
998856
91691
120042
627532
879747
899781
317142
799791
324937
429235
177135
611240
878270
447460
969732
188690
363182
154752
917493
206518
706503
242713
311486
678862
888503
619071
713315
980388
935267
443378
508026
356185
366337
593970
55888
443970
113874
847667
54585
167789
100159
391661
123576
741505
682063
896527
500486
734851
551811
475283
814403
887541
889871
236589
294262
680217
295413
38173
93315
207891
445694
272356
333672
413228
771864
288659
861171
559667
99719
925630
214468
791742
450697
689680
49210
340366
771211
76472
535293
717584
422273
729537
659688
658880
599974
43136
190097
151912
357264
7078
69110
762567
661422
376501
420613
665485
751970
828560
12616
842625
265269
999467
922923
100933
551035
716129
865323
569906
401860
39972
216477
21661
113148
957646
645144
413499
947360
562006
854785
814689
452637
904607
993073
722275
866631
248107
30725
836638
77682
319597
542465
889170
631857
454588
17505
614119
442089
163811
430654
870800
52881
356565
193050
114445
347400
987966
12360
372554
710738
282164
604666
880485
835248
723788
457577
666893
193948
84682
207707
617222
544094
729200
478356
75145
355854
354359
774107
339911
744679
177436
6503
531278
162755
682577
36903
5573
777592
474132
487339
733649
202383
81373
518770
867866
795486
717361
320592
901992
486273
446676
17212
900775
754169
281819
744308
785737
225888
996063
52813
253386
544520
189774
382938
484623
260912
909403
98616
325864
34
248022
628917
466740
123500
784790
252827
495396
609657
696530
528028
232920
129611
815439
933979
853541
285783
295988
970325
49400
791996
580537
735338
780052
484897
438590
705356
815415
97579
50232
54147
725147
986585
625414
505754
803288
758908
701217
499433
871526
822549
914098
187200
834880
16973
309566
758061
461413
434763
753788
795819
964856
32054
893896
417895
323336
965447
749552
357679
690537
233481
319595
465978
520129
897968
543913
607246
422111
579923
820356
803474
631621
121480
986390
371632
287878
581403
399590
227110
263242
824810
181050
48938
532207
2976
292240
330232
864842
385100
581671
29561
351755
307933
820536
911249
464959
85821
268034
181125
844846
866438
765699
762056
600420
158117
563074
660641
871181
123594
781065
608698
561401
44361
776305
387015
113600
643664
509141
673616
608127
785477
109800
291165
984000
374332
39075
542590
386296
90706
246679
739572
560809
220841
630432
128767
205416
576256
323194
992005
761017
45101
115181
472348
465878
633978
817764
492788
977871
79066
86236
86884
629835
858566
733176
515471
423212
306489
880881
19699
424721
861572
119530
122830
328757
453966
150753
400557
932020
823852
882625
249426
585902
794393
574933
88769
735748
682450
351768
502823
474752
461521
659304
113192
607057
805795
137368
693699
896499
108840
31588
135268
624301
840359
424896
567815
593588
944651
893001
210819
660461
687359
478685
130363
16016
431073
775174
812572
68648
257061
708305
573459
678582
927689
481917
696719
617461
208560
233231
598254
798073
715742
957443
197191
161201
431567
423772
399635
341579
985780
581980
303224
397302
675723
500752
617843
997635
321177
312003
706658
220325
860807
683539
260716
628887
510999
26592
196430
852125
168385
132896
871490
464802
890862
484303
6989
404096
722512
108996
760806
357983
924060
90271
631870
986804
643045
477919
26993
119723
803478
882256
150087
892320
789196
163873
455974
269382
202382
699603
495192
113706
425834
519118
945653
987538
419437
245902
274413
64575
72190
297914
996084
406802
835351
470613
238410
184203
613729
200077
393894
658284
281196
979633
105854
613244
95752
900672
135606
303975
999234
855324
625954
96515
363518
535326
888634
54765
15086
645059
13785
728402
81644
975555
944178
9162
124538
198338
222800
676126
493459
361440
504583
236522
539437
40107
437564
420893
228174
46644
182734
202142
586312
407871
846112
870153
889747
134420
113605
152151
35845
684146
892870
542172
785776
237667
950482
13033
948376
489579
843843
528337
531727
468314
946249
646409
971695
360193
951413
341737
953076
620865
22948
317519
939444
36606
425158
923043
722619
399219
465418
88756
816647
759456
177960
117313
357469
353438
884810
179796
693702
247762
327832
515209
924905
73088
955166
704301
326406
268279
839901
318402
16780
88298
364843
475998
593880
661919
815111
598834
71116
772608
170877
650216
360071
873871
886194
720294
902342
624311
167565
725680
827671
634941
872386
458282
883445
919638
613884
464186
519173
232337
916263
483596
382124
351605
205463
291503
933579
678373
887064
739869
683928
357440
231187
127640
676250
780742
246681
196527
831232
166259
29839
330976
156191
787760
711222
799383
839623
898591
165270
268757
644928
671636
799687
685804
266726
406500
907868
853158
47006
941781
295788
821638
393396
577076
96510
587942
997395
127814
852496
467903
905056
69910
618436
522375
36147
609197
955880
895413
472242
717792
708513
772576
55756
90371
342195
557637
437135
343996
190766
754599
538471
931890
779641
98065
929076
389347
848116
823671
27014
434261
990669
607419
693880
98596
432929
621195
28518
737658
14732
384167
969996
709661
44687
770368
507836
46115
6301
737852
75515
663360
994050
363862
585849
832512
39472
786851
677356
893840
629928
240495
645512
67766
244801
709446
290141
84385
542232
32014
439884
108186
174485
755474
628135
641178
387925
481049
602981
505590
451641
603317
967614
735734
419915
82584
823017
172803
618248
396447
906928
8958
71310
777011
134124
701869
857443
402501
985123
411088
100511
97206
337530
109266
471544
124185
134744
144411
742504
185936
103066
806338
170493
318162
877740
225632
968124
714959
985034
836928
941427
994986
293140
411506
959258
827621
436999
544446
234277
255771
650526
227958
838825
710118
420228
429861
980584
143073
255732
764131
531067
773639
539055
136522
266843
680314
48793
597699
330507
891424
959793
732986
645478
39080
842795
774960
999937
714090
778092
726318
691708
697325
501537
299415
594474
206722
944381
502039
72858
633933
111309
76920
601346
606435
856441
267795
735303
899663
85529
646755
94060
602095
406193
313973
296084
791740
314059
590395
731509
611111
930672
879232
509787
440542
212162
520055
495958
819693
407737
19372
542658
776834
883896
361948
320497
424137
191755
446560
498039
206326
348415
949571
356113
235873
40414
758005
780018
783818
422342
769753
977260
85950
841637
423033
581368
775059
895700
451225
636578
861901
804812
149033
605395
82979
699273
474067
47932
987675
816314
381685
392477
292434
730721
52521
797167
860120
357901
451519
472244
766456
508594
27980
580825
477653
810338
525851
399300
78511
273962
300866
821888
283013
770699
852368
927362
507477
357396
203171
793880
629375
531161
776150
851629
682119
429841
966487
214843
744377
441681
680790
371021
223399
26273
818585
616304
537486
218424
675372
737974
512919
875162
695990
2022
144825
584010
252008
461699
665851
236460
737742
740087
837271
941820
307975
84252
353275
781733
848594
548200
484393
304511
77374
262962
21501
621544
695236
396837
810831
36221
119344
476672
458222
420534
963833
548935
535117
189020
721906
734282
353978
112039
810905
299087
841
86136
900365
45726
836559
827951
703773
650602
559498
350058
853628
921495
908510
770523
194064
892652
247610
658117
753641
764439
744921
108819
238351
349335
531045
593301
572980
1226
73654
51352
787144
231827
805239
811104
793963
745255
49834
43908
429758
847285
104770
335206
275795
367984
828909
689614
76610
529338
717685
834595
428637
359470
9404
703941
9979
807946
535653
735497
847217
438071
894290
255314
13279
722103
205191
797129
908326
925546
93485
995960
176247
12541
214643
869640
280007
617200
988943
835605
675230
428289
107618
965995
703119
662842
913786
553248
631554
921172
533105
212238
191021
102471
320242
106538
77409
443951
596444
553286
554561
46108
846591
316319
531149
497014
716035
514660
522076
550859
706983
64388
82792
863863
806055
74674
49219
57583
972088
729080
71272
522730
880557
507893
935148
346796
461563
968885
364820
200304
664985
739883
920832
220785
942209
803021
275716
672725
799956
870220
504791
210103
143898
379439
412132
326223
352231
8075
504894
876672
691865
231713
236273
17918
18749
599828
770227
716826
857553
742021
5498
972844
237604
363917
425383
393500
543514
386774
228383
681036
344652
359318
557243
765094
237004
953385
448853
735485
538502
483723
162947
643682
936641
897391
125024
159046
104773
517438
530757
685895
342103
331055
20503
608537
424672
752767
260666
402834
629868
641102
559396
412817
678989
804374
506124
354508
964960
124872
792128
261557
479783
685253
238422
556809
956629
720565
935867
989365
661673
793032
574695
776997
758066
125895
605233
851946
313329
662422
935806
415622
403867
577608
645077
593431
619133
348127
682702
151199
914362
733918
454249
295276
267824
347533
972540
696488
738361
364873
389892
279103
19405
448261
336923
749288
197061
42849
382602
530579
756666
353253
428406
216685
306444
631706
974647
132627
847359
748293
974598
265040
144575
916225
13588
508884
625092
778360
500535
861940
538960
702781
820671
31896
1558
708873
994663
427270
539253
125009
309480
118728
974945
414784
301991
285819
701987
933462
47630
193719
145910
755101
442167
388310
288850
686915
546437
133219
463623
467353
686861
778465
157567
543975
249394
581429
239910
418537
790415
790577
485861
508650
200204
487037
89289
623420
498195
247268
40707
89041
356509
880504
358536
542458
848870
245539
568153
630393
243071
291532
188765
82372
826178
966370
973161
261593
743199
823880
669346
533816
303317
641053
22458
144642
321597
350695
918358
483756
127296
302683
723728
476192
843625
127115
337880
287408
207189
884012
975861
150711
286343
451907
293418
536782
795352
235372
654131
221672
824332
295303
297774
932683
156031
915967
244183
755052
539646
615928
903724
384613
835378
742229
576239
886805
926966
852771
522442
90644
369354
637925
342476
507921
414497
67132
82705
509643
783829
585907
601537
110440
646139
130085
672751
853237
990160
291083
62689
642875
603090
908774
618351
209722
718891
86341
925252
748933
200
737716
48450
725177
535497
965889
603906
898587
230161
365868
787256
905933
180668
219562
260341
933997
736240
315286
459591
900683
360844
750005
85691
736964
44094
773220
501891
857472
783153
371040
187314
212228
50659
231346
7651
177012
904724
576565
531514
740521
128154
651397
486786
482283
719826
792902
968118
628427
408433
695246
330651
397088
612472
508784
18506
777500
568646
280550
80972
568137
46343
933082
224350
231078
718858
697873
141907
399512
563761
264117
534937
583439
616641
882493
611603
700150
716697
394875
639014
211478
872576
919233
998800
332104
830167
972209
369010
63701
194861
308064
579822
94764
122033
887718
693099
641982
959618
375941
298165
572346
714723
195316
959362
609376
708042
729159
352527
809924
628311
251260
697769
930210
464162
557604
431240
460248
550381
947244
256342
662212
299257
581831
368717
361402
800052
139002
515518
140514
144719
828611
836589
926957
591406
677543
70042
406194
56121
943191
361307
293289
639376
701758
169124
244546
990107
710057
338345
613603
514559
371796
941274
595965
378220
486925
770061
801482
432915
566343
989946
736165
283509
887166
602847
592965
551191
640065
302340
298135
359058
170913
548761
856631
539270
773300
631739
577868
325039
233350
777429
226493
51087
915102
943971
689940
430027
609000
480274
281645
575314
194564
23236
172186
750456
405418
566127
11095
149793
981751
944293
785957
443288
597081
787886
782725
788415
189524
713041
936210
607457
493806
547890
977467
565731
544381
948821
815644
306778
559691
473216
123961
912822
605603
905535
306966
483483
122299
504961
948790
646352
533949
986592
773038
515216
416500
394558
29668
712062
329295
513994
392617
522870
255637
668578
94193
693055
381350
231251
694379
203228
598762
748348
779009
156226
333720
722384
944046
303715
302245
162553
984246
7720
53319
790618
253895
289918
882084
251565
73642
916168
203164
574796
309286
899378
512304
228299
455537
589029
172173
937025
230036
828118
376569
76776
662746
963450
404249
407578
172724
673300
967516
646139
560428
539310
215368
120118
370436
124198
984415
742944
368107
314335
862509
319544
490267
808473
584497
220432
709394
721115
916454
818117
884330
548877
571372
944873
898967
56034
470296
884290
542845
574642
490069
779500
220076
335269
768757
343769
865209
542987
191384
593273
710330
24009
826615
427380
170077
429231
63054
783380
187685
479396
626020
370112
516163
186114
196024
142947
3533
199679
93001
748844
364637
311360
611842
117742
149065
387922
461377
132199
418746
351859
531907
706589
708011
742922
491502
682596
252992
901367
469433
6909
484288
736133
889916
393497
812465
879612
283152
387963
859727
444755
521634
206267
777320
947011
988121
915238
31575
516535
388833
162371
416602
110176
445396
8368
669587
445732
876805
496491
937304
654262
957352
13486
601207
95553
340257
989169
117769
55037
108903
820243
53617
296293
649941
934035
491826
214591
61197
370296
279018
537114
983881
930897
567791
124950
720576
901591
463813
142685
132401
548462
172025
946864
568462
187274
470236
288284
120520
461487
18783
494859
376947
821648
664072
496758
86806
713945
818639
416632
38866
659464
374551
120702
330156
91062
18316
387099
618297
78708
417493
507512
637797
811408
982198
981672
980128
678135
912070
190618
672933
73780
164167
477288
39143
773143
249255
320076
206939
57585
722578
25010
137821
412091
271218
990824
378496
833366
668932
512049
501941
45805
666136
985594
959382
245430
561253
909476
519824
955160
36294
373952
430187
456679
322965
19416
527416
231946
934947
27498
995734
534526
842577
526064
382816
360051
356621
809434
709558
757076
635181
73694
266279
904548
542753
771365
982200
679620
199256
81126
991763
315089
78834
409872
87887
574570
325405
221089
942424
400911
117583
285652
776059
577764
472990
63543
801553
944085
922175
820250
395269
916117
362585
40803
208515
428095
386885
782335
736062
976605
141733
935347
868254
793094
582174
189073
519685
442977
660595
647557
366013
566536
269119
131983
245568
89993
411790
457675
142626
160710
747929
729644
857503
257852
367773
959623
246845
911136
908119
18699
494301
999653
153566
551823
678820
544795
627484
446852
305856
51249
472938
427337
97754
927323
840264
163998
944983
396302
999222
891248
374729
783976
675633
861266
662072
236205
667469
369741
64841
215789
551596
952270
534153
117249
497112
873022
862169
728756
409539
367855
166197
388990
633688
774385
917154
743594
847293
563333
357044
128538
794408
841001
323385
409569
297371
580946
636998
883086
251645
966136
21596
173384
221782
202891
751542
641045
262567
74947
914033
213045
281764
299285
162968
645099
825679
258177
917131
459419
491827
343624
763468
357966
991481
486715
88935
775635
632426
348143
664443
956033
859009
830989
602152
665751
171756
760518
323031
899396
432671
959459
670816
396738
660437
125114
455325
125020
637797
530812
683273
113297
464189
564012
470931
175953
120829
620330
536645
971364
952434
233902
764236
125930
763949
156944
117347
62397
799807
658307
738528
15346
881428
822562
732507
339135
13482
716066
438263
275190
770732
285672
175182
753647
345135
733748
762365
588356
809992
614522
600777
438646
980295
418193
178092
208238
284053
327557
362176
755421
866278
478791
946567
32772
656218
566276
374228
454864
544886
589650
236826
425693
572601
640391
437264
208475
494942
84324
478909
792526
960494
956719
177125
345135
400895
153758
836624
532400
913548
587311
621683
730205
395698
860117
870334
132510
612165
868236
531649
549401
29133
96909
166588
221876
300320
300446
978881
598200
884253
65409
581896
768017
853506
162700
764111
168626
680171
389208
605036
93141
562856
617875
569968
70304
319289
998897
454522
163939
395304
594879
922197
420478
406660
753816
549391
127008
808949
179760
467607
497001
601601
322766
443601
766257
769562
484566
855866
267298
581537
662404
329843
101568
522171
56757
33068
47178
319118
891487
631982
430072
163545
305057
142020
799907
463918
779253
560775
712004
188812
122050
673605
255572
884445
769167
634382
179347
569800
802065
887642
628581
670516
136741
598874
769110
531163
53017
644953
209534
59782
317156
821199
657280
336298
29942
931459
377644
241759
130474
818201
48900
608569
759065
661695
390620
441349
169992
889520
660635
660450
439105
449572
54814
934969
136639
465812
360443
958234
699970
883757
893986
392820
879811
376273
120416
918385
463490
899908
68157
626540
712443
66361
244230
975248
18615
685498
135781
134158
370878
605166
755244
16954
65513
765322
625648
360835
597014
142743
93714
733069
537654
517467
447897
693933
373376
18663
279611
467072
76360
386492
6203
87784
797226
86939
272364
349284
991520
976424
157395
147531
7348
513978
233322
107685
622095
726530
466433
688870
77359
435221
858815
774280
415927
848087
226375
427652
754784
188742
761782
51628
705805
910944
268552
565864
421053
189106
817946
45707
259034
136639
980746
256849
823790
340809
416890
262839
265525
708478
375092
577847
271565
949122
103079
719391
460042
947029
334160
975629
277094
26273
402868
823305
454549
145827
128905
186111
442359
957171
418293
686551
382951
845105
803182
812403
474416
219854
725760
8325
820192
556020
787693
916042
984244
40019
665838
666278
815090
172618
174360
823197
426454
41774
314650
806763
451172
413561
234979
410370
388188
95314
131232
841310
921612
396532
795683
240198
548031
59134
766111
492000
315283
285336
537104
702705
635497
214204
329463
667889
558325
646120
160323
198855
888373
129375
299723
523942
730174
901014
351480
145795
601841
496770
601024
553202
124941
324475
176845
226332
427614
84685
540028
580575
996116
439580
950336
430658
199470
592369
123047
303828
906709
9893
397877
333664
350533
237864
970924
904782
744614
268079
378093
258393
407801
828344
518904
100648
57262
471803
775312
450700
955474
495599
746746
277781
904357
644021
738979
973457
318537
373989
55137
423458
494231
242164
334482
42747
818572
187007
88097
742967
998433
973814
449703
462038
447096
502887
965357
30100
660786
210726
495440
520615
933213
135255
270270
715094
448843
396824
359132
202609
105982
880717
951946
63985
140671
106761
927806
992108
866510
887317
533901
627828
409459
29281
409736
775758
644403
134405
310531
973130
821726
881266
977073
937412
878213
887865
627883
496437
545290
993911
935503
880438
287823
600477
339077
958291
461200
724888
461085
254856
752973
639713
834004
584795
308447
984291
816694
258389
796524
184899
381917
153118
769526
575505
420183
713908
614925
542155
670438
131784
262949
205832
269472
479221
582210
326920
330615
701405
516496
330901
198035
520034
53839
191445
956571
806462
37995
308143
807443
795136
210857
871832
157472
872420
347902
656633
54566
672013
253498
380351
308946
210273
40161
605054
542131
628801
254426
717827
78083
121188
532609
633781
102788
205327
193367
551782
754246
281523
703833
938876
460997
677858
128750
587446
758703
976559
455481
525661
192642
162274
290639
717962
394836
891157
276034
96206
388717
974127
40284
79681
292174
725882
334312
715434
661013
575202
360938
531272
365304
808652
722222
939067
149871
720912
35325
160466
67310
364309
136237
57522
25424
659784
777680
717919
626511
905337
236300
645802
184368
857490
114315
989431
775292
839540
528072
730922
602536
344687
6154
942638
544726
744734
356206
607585
777460
334237
368668
564255
27330
605609
643292
481066
419826
265682
61825
671859
707688
940127
688131
731271
930209
698110
106219
593369
510512
330662
947559
629160
176098
837643
105085
74317
19843
719805
433500
697891
970298
837662
599118
500051
21775
376446
217931
346682
459149
405141
463783
424954
401219
116380
267370
891354
572772
294536
96704
841307
277710
610468
168903
995672
489128
16201
972166
440088
775908
569981
314878
321204
803492
928678
642520
492063
98296
648745
841981
290647
566662
176228
757509
398695
481859
299780
287303
126614
538205
857091
949007
365168
407867
577217
419309
112046
236124
581054
941354
121476
980700
106290
946070
210952
833877
940489
159933
177786
687586
729918
738104
148724
372351
731731
906463
757231
453708
439082
599964
303215
830640
832324
463195
809228
384666
444627
71773
6623
655587
106429
76588
968005
610128
846768
29353
737491
764467
57308
289409
888150
654448
893906
712638
153925
966557
311863
732793
557190
199299
320292
931693
923161
83714
71966
669928
739365
264145
999981
435035
852701
679330
500635
137040
422927
360035
904586
925818
349513
834849
967090
682472
644904
325255
541751
893524
581630
158405
989795
646808
622815
458764
347781
402048
479560
339765
826597
947002
553005
327169
197282
195050
194462
957499
664811
735194
625045
808058
388502
677327
765726
973699
922464
907255
545955
397131
920962
343486
478867
506649
806444
571007
437295
175242
192288
869783
14833
298542
920302
857110
793
582672
147400
184399
167573
625044
960897
684303
783180
730872
926630
177386
978759
30077
820857
803504
149692
307167
694534
806655
808249
322623
748901
728178
243049
186722
498571
945847
492870
711826
913548
161215
127196
52770
639473
156046
965750
198607
812401
440562
597799
253250
800656
10768
591094
250482
496593
622490
730919
516071
264985
108444
159714
445593
216226
173110
543747
751415
427224
996964
596157
796611
381652
782073
371883
843226
346738
597611
302005
960146
663441
898183
151515
603452
105254
442053
544993
96328
744765
569718
888599
186440
882638
139802
942340
55629
649016
737422
913391
66733
321564
718114
598473
826919
148761
747145
606394
995805
79967
870121
213958
889215
554226
181075
814044
733129
1597
523852
471867
12834
458960
296074
123329
226405
90680
298490
627602
324285
228090
652606
272545
876522
110572
564789
531742
96992
219183
147058
815228
707726
954252
936334
667614
565628
87530
271064
485213
92621
126889
935723
599160
603748
984415
79193
381081
989539
758253
743683
341888
808463
286013
167946
857166
751759
484058
15776
846704
710291
49771
589816
679526
685842
276365
60700
217775
588075
978892
763548
565011
172653
483518
393700
825741
404658
101373
633127
854098
13094
613823
42168
804802
9126
689620
715831
654570
459523
124027
48552
113012
772581
617760
637855
321516
515084
25334
320920
336111
995826
448749
296163
65458
685069
967888
790524
642220
898608
289279
993784
362529
59665
366596
562460
773325
58725
968083
686408
662825
907304
322722
379793
984220
698233
895075
740844
533313
645281
151707
771013
344913
304500
812768
653935
998573
673488
26035
939191
899659
228418
523063
614417
25914
328009
681038
809588
27987
442674
993743
233281
453758
724642
173221
82014
267614
182258
856455
765794
2970
228724
724751
481385
534857
930452
365050
612870
69689
132186
785403
465432
874140
53196
899324
471477
450000
640241
452018
991428
897610
111152
794011
204903
592094
969174
48599
867221
324333
89334
639328
310341
672043
288682
545512
66886
273995
163832
877774
427308
901578
38545
862460
401636
114325
748723
278239
380521
170712
157933
253188
74767
195237
846978
916044
459837
5372
888231
235404
713976
25277
41255
655747
776858
57703
156903
156856
608225
947916
177411
40880
23011
211091
442774
711881
896991
264745
621209
271734
387887
711558
845667
667736
523867
758040
220046
86005
503943
562830
772154
339351
775948
971906
568555
888771
197027
91907
143950
704917
224893
374782
67737
387381
834033
967561
3919
69816
596365
926797
948579
312789
339725
898189
979828
308737
528746
914775
248759
708522
380617
605061
608435
361677
19412
436336
247973
75509
235494
121331
158403
197521
877920
920727
350302
740464
443417
536416
550432
4123
651762
142643
714997
842063
10439
655586
568391
172821
883265
40854
549921
275200
464712
264408
500533
416899
691286
370108
600313
558252
656551
293546
911723
712129
340492
704586
519733
629877
155103
837259
505261
960583
918865
949521
493043
870008
859423
160505
70653
167079
516451
491914
908208
129674
25863
187065
51044
350155
65172
812120
777930
185789
159208
554909
137386
484409
463814
19339
64004
164697
147656
323647
15384
30544
302511
942489
568194
492773
994395
509253
224189
34698
444694
206757
588808
109021
466570
496861
58597
316090
919827
267130
143422
686587
904239
714560
461091
299149
127186
712078
125422
38896
846615
140848
265992
214539
738192
5697
760004
750889
632190
158971
139049
970196
991644
172445
684109
443596
173078
324279
80988
806372
328343
934357
219704
190266
376896
989318
23610
958033
868852
460552
968471
248013
944080
588945
564511
743818
355192
19388
420190
539864
315212
433295
401061
51607
43450
42405
301667
729452
877486
380924
828396
187805
761508
553821
786012
737295
359837
65636
630805
467993
299183
844715
159843
651204
218679
731223
707393
45025
726699
153662
160117
830855
592650
801524
475094
845928
277364
34929
622702
577423
985494
230048
455546
107321
887421
4678
959758
838861
823500
322317
910997
724664
194633
445677
620726
695337
257489
758838
920531
344550
399660
268796
238827
943242
6395
640415
764575
995036
203662
115509
350930
203980
677010
53463
716649
923916
234343
4933
620530
188488
926672
439479
999520
563588
759556
608833
293172
402705
821729
17121
762296
138028
446208
353256
745894
610931
25379
416643
807461
745925
599179
426854
97331
894964
325223
565460
404830
138281
98854
595852
976556
776661
287341
619219
361434
724752
699620
848859
744129
586192
401835
951693
51157
44807
262123
551928
863048
100568
284615
770133
579404
141304
688752
970038
540789
280286
721240
70283
236092
620454
153726
793169
702240
640840
109032
356056
494246
668527
12143
918895
350850
811705
383604
487278
141454
978506
935920
715679
404279
123469
223593
436297
162295
121800
234625
49691
655484
612315
649897
52146
17768
31381
46386
375815
185458
214707
413892
237304
383273
886710
326375
325361
423961
653472
534527
391735
903622
55370
897685
122897
532821
799461
127504
265363
323786
223115
955522
904904
648748
691713
140318
392443
261509
460748
984520
488610
731462
116588
549509
744168
771591
450490
222353
317654
428267
49433
3088
170909
889058
47644
556764
591554
691208
28916
953341
400742
527594
701140
820982
267697
416617
346019
714812
635867
531704
709661
443074
800726
589120
86151
580463
599131
764386
602573
517937
643600
592156
113017
703659
883283
330245
443922
768266
344998
740914
687759
624245
587191
403835
768374
28195
910986
742552
170134
796166
14533
820196
953117
243941
445400
155780
392983
273735
179463
633441
717060
436299
198037
261904
914196
698005
1806
292819
472769
804771
366386
733305
361481
174141
285177
970272
872775
115723
803975
144667
237805
564224
324782
558318
302048
371508
97178
298806
909808
838032
993373
472358
558195
937827
633368
932012
265981
413329
548354
48434
445885
91434
310616
504640
32951
229785
235169
575230
309913
79859
126237
237207
9597
938159
176458
204282
39482
611829
379474
143162
592167
34959
575124
215445
70382
768956
732429
667602
61960
922339
536995
763075
417370
479013
453966
353322
982188
408523
377187
460600
139202
660574
889214
387697
760921
73430
62156
49643
978303
378602
697075
8372
171791
913286
573598
245715
467080
159067
292392
170151
972106
543504
42724
340781
129836
829334
299335
508509
450620
504409
252979
915699
884372
146450
96288
404683
821013
984441
831657
953957
140291
493592
78833
942345
256445
366011
710768
595460
752855
914180
770974
202576
787734
437915
29946
517393
440135
622338
768247
197308
386492
688134
279812
796498
374500
283793
732278
873994
652102
165533
404565
814861
73114
506691
445312
208347
61700
892273
999037
121483
191470
27898
894625
206703
59328
108104
453592
724182
384767
777452
721426
568747
405695
462614
990539
988538
565510
933664
4084
754515
804927
304964
502595
646215
939543
35822
788500
81423
679992
116653
697658
756556
978208
623747
610791
731050
997981
958875
440115
652445
241255
561946
942220
150925
964570
83342
563515
751566
404110
506051
829007
844488
845269
62644
554664
228150
728272
162847
841889
401738
948910
95089
626139
349997
668930
610977
420387
632739
55232
982105
904639
489869
327317
295374
768730
615880
650016
668976
900553
7859
221264
789117
123257
736271
378843
875441
556216
267071
720599
332952
597212
535470
725945
280067
216723
420943
551721
959193
119753
926208
766526
314245
182576
570440
214235
42893
672431
659391
681573
489283
27433
577677
102688
202772
723688
641610
276133
342589
781222
421893
725890
793694
442360
608992
925998
854183
891159
664280
840679
366318
857421
118627
338474
336035
97401
48946
645326
588315
67262
286614
47166
812488
9742
809343
788881
767434
756878
443743
28296
736798
801255
676716
893027
635636
47849
117893
932640
722975
692891
787500
459473
930918
214819
577650
16089
932343
977486
407280
934019
494139
516157
951025
432574
380933
576813
574701
683001
915364
576033
398000
525015
382871
840878
416218
872399
143712
358115
292927
641315
745329
727187
518446
352699
766915
438272
771407
612062
104902
723557
214246
616076
794163
684384
746356
686458
27901
940858
273660
741098
278821
563476
477475
774119
390957
21873
658160
70234
462756
880410
389876
556172
819360
373042
107523
230393
622666
793046
802464
816013
98003
308848
586359
450622
969285
624921
549955
46405
373684
258792
753168
19258
706323
664476
334491
363275
642850
492833
890517
188056
90117
13122
670918
937070
591409
303020
451726
127775
827967
134107
650503
280251
295331
715428
353095
740717
392374
974173
539266
998643
760943
707500
39052
619451
59504
655851
423483
347095
583868
800437
320427
887197
486215
802512
375323
451166
955110
758519
647732
816385
507046
468098
159914
871035
276920
950388
21243
551788
605385
250785
274197
382425
138480
332602
113108
259586
597825
727671
190633
588896
398591
211487
603862
836541
159342
189815
348949
972783
369797
116613
166809
841138
374210
215679
383276
729057
581848
432789
410999
118801
614596
777368
570848
611722
766077
412549
601166
307683
398602
701618
39368
266233
894061
309332
758203
238156
835709
6891
630362
338806
838161
326794
556896
630792
344536
661318
571633
528130
631046
362363
25758
314799
887273
156278
39239
76187
318682
661634
728411
858482
364878
176914
780859
445559
283212
24712
522813
252509
652793
691168
342925
186949
121487
959420
217453
332437
341676
939916
37020
444977
388551
655193
740821
693721
79037
655727
314286
724831
844362
366565
898273
274179
915795
280202
376744
337005
224799
908270
164161
450630
307110
716426
798225
913075
294018
254861
87013
203055
789890
661827
178131
7107
568414
795748
611327
594597
782788
476983
532538
410731
154320
460065
571268
414762
133979
728526
650482
134639
214507
870203
885547
747609
839752
644765
69004
96913
985838
784369
148779
274152
335902
820001
894585
488267
776271
59664
966401
434469
491970
735682
953101
738578
968563
978987
87527
103547
144491
176147
807293
987794
232562
645218
393950
715883
892706
410765
322465
948726
834071
980829
652708
540757
385795
8473
582578
665630
33054
947216
236990
866478
265274
840581
307980
255016
108084
426743
436463
445833
918087
325387
922733
976105
775226
757336
71486
347153
955770
808591
524979
518707
335170
444741
122932
325386
159158
668255
584546
869839
266064
373081
520859
322901
991217
684531
394715
756290
344601
102008
872000
415466
887794
608748
305254
444553
77382
144593
205872
972061
247762
662230
841768
116638
192946
54685
310590
911643
107323
644583
834669
553394
731239
452319
848571
357932
772395
3967
751263
742451
813157
749987
573052
581936
957105
511144
180236
695045
817115
348992
439960
268772
522926
682326
55139
657802
198507
303960
219431
574812
594134
575334
147703
864476
919146
657109
219331
793672
73132
361312
671290
603343
729436
245355
567818
785265
190664
169077
829763
939890
978684
333659
116761
174586
478932
38851
161352
251852
605938
23467
625874
529249
64714
205262
997988
771808
261338
635120
854167
280317
888695
132359
818065
434795
408323
48710
252364
467775
543739
675334
86575
324387
99373
865235
7064
370099
639110
587665
338875
70775
7177
716298
253604
854525
222044
662229
876376
64147
451261
751459
669913
528734
743314
534825
146057
586586
299741
178342
656678
855535
855950
791440
767412
564140
805554
72543
899832
437474
319946
329269
258784
557920
153590
991144
860864
625798
175184
913966
973815
417160
49174
841316
970544
637121
95295
276347
839364
291569
743982
53631
723261
763989
138500
136709
460534
749602
183568
956017
477086
434653
72802
521441
766555
432473
342141
378490
982283
604686
464490
833997
639077
916691
119849
235237
457406
508281
152707
759983
688680
608323
711611
304710
78453
933125
707426
530331
605465
667224
407114
171518
149677
431095
210898
56779
709776
518649
780960
278323
616104
265195
221998
480806
614086
133065
736059
929690
358695
713817
194273
392827
968727
477669
426374
839279
5617
306963
322924
97476
188545
320546
748516
281273
661194
910403
294176
912358
333475
304914
937765
35912
565948
282031
77983
306285
977982
586365
482126
128376
361489
645175
71903
354002
172471
347434
194710
555566
107285
424339
880358
208310
116242
66005
362851
213783
620056
814358
215758
478758
788664
909688
867664
273005
727978
772207
784450
355415
417841
795460
339625
798003
277469
627941
832895
531176
278506
689062
347180
730678
587398
303064
754516
533860
73456
752452
357833
674508
799740
388421
279009
830399
175795
228031
105571
125078
999895
548096
35739
100886
208132
234353
56781
143871
864049
126776
654598
14577
875222
17070
353805
538748
836968
722808
244601
483842
255808
155268
669276
863627
916249
537826
327133
940645
185080
517500
505316
701302
651686
254580
6062
432480
451417
872280
932736
681679
993649
560772
186168
145058
399902
702229
953214
793523
476318
295685
443546
859461
972452
348776
869472
46473
173716
115970
830662
936333
755371
615939
61590
287042
383612
419552
698622
281384
224021
104782
438341
647384
462016
209437
751832
570605
169189
320304
37443
689936
282509
772053
535099
208287
188289
856901
133975
947386
672785
305145
158303
551786
911664
696550
809405
899885
198781
290391
299088
915618
688604
268519
29792
937869
112003
630999
608427
987720
393681
859922
485150
515399
155096
101306
802655
590342
871291
742126
75911
643409
717939
216987
158509
400239
104812
589500
91934
620908
610124
681903
504168
739586
824275
547061
86229
553188
563677
334854
900918
858534
729157
982351
881301
647500
221796
276937
516812
300973
311927
472695
902195
987075
471262
232444
989812
281234
664449
542678
487612
730419
112909
191995
821834
830141
156316
493134
7465
20558
808947
770110
221242
231035
681124
493244
54443
521426
342228
518358
730884
782920
280407
342581
855520
790660
923383
463343
359992
723654
754132
261578
72923
520822
377189
330702
846650
656645
874525
392774
664607
189122
961576
699091
381502
633147
513300
448044
435044
596365
940877
589813
340684
815307
606977
924411
43665
506823
759906
600650
268733
375424
570505
192108
344447
593832
483768
435198
957691
210512
147384
762288
781884
104562
839009
919640
274117
520859
591160
51124
558469
30003
787186
5114
986856
891818
600023
304094
940106
474497
94082
753504
355334
818162
848453
213326
443885
220349
585769
178013
24274
64017
308498
203488
253122
836243
536065
659811
495378
800205
131316
639527
480208
482806
817448
500281
384987
6618
403583
799345
821007
857382
29564
674948
782616
293906
773802
56775
140456
701035
195485
730433
83331
256828
591696
908075
422135
769752
575725
615686
441514
936007
582188
329625
81036
728523
191251
163078
400171
982285
741723
329096
455268
664041
56691
76555
46007
53011
169309
521256
501812
305892
93047
100860
410130
79109
967316
422180
781407
335606
986377
465366
298961
69052
632516
911903
800762
616485
422422
993973
516634
787257
987857
397624
116494
813439
442380
264330
965991
319784
924675
545031
355030
730909
566043
95651
724163
296800
880004
190879
118332
817825
308984
477032
958090
785440
531040
375948
65696
101753
777237
607641
600877
362577
719043
213204
397072
282075
740970
830803
507627
624584
26878
40760
17873
68297
950831
356810
592153
626306
22275
813809
530708
467852
694238
887502
723035
378023
583076
101813
373633
45307
296181
784136
92583
470857
562519
970545
344175
9139
880434
250171
397897
171876
507508
555149
722025
359197
472084
767429
129753
233117
656756
15341
504234
829164
896928
531485
624838
760005
245684
361453
392673
16670
501210
742356
939982
505493
527215
522466
914222
203385
16711
980566
955651
411249
637575
175005
855650
692685
351345
156008
834951
996199
941501
907624
342914
236405
294882
855785
948944
805231
628660
192200
332037
964695
242919
263186
446628
420201
143857
542395
683857
924385
701774
953016
752093
971428
588381
839737
832513
723724
795560
15686
171110
247251
287617
451829
465249
139675
386887
864070
267900
471447
946952
841947
810351
759962
782272
436823
928046
455290
540992
396241
977500
516448
16042
116597
98333
19247
209049
867575
362185
933647
91101
587765
412540
792085
170915
212265
831306
21585
249780
734023
851920
768499
378900
586361
930533
834266
463178
357877
698032
115067
329600
472375
186003
29482
14528
853920
134533
79752
400926
306475
379518
695114
290357
280264
108875
439585
975881
726935
621121
172171
507212
848706
970190
960438
523068
372535
852139
430092
103273
961025
962926
974688
587156
868162
18235
296307
392051
420111
426010
346658
994194
113192
695333
563248
323923
65234
393752
263724
908118
334483
429515
89279
224883
663818
151803
710676
97380
63592
733828
561636
40960
189967
463787
90973
872290
403781
878359
996910
305576
252116
677280
806769
835799
124354
986240
18422
287132
211112
814183
856808
422766
970418
875754
155039
899215
956466
755675
912001
302256
960672
460723
167573
867956
888690
26540
275366
567821
25300
306860
993616
219395
915973
789531
985578
732435
273934
472981
722640
701236
477471
684091
962955
492469
517831
696932
35935
307073
713615
16434
492338
942405
860468
807295
328212
785384
124160
925429
134383
672633
600452
998204
587788
423783
728180
683215
957759
768361
766239
290728
391089
301758
95753
278682
873864
169294
996583
739837
228149
416240
663670
562819
356313
598149
939192
65001
805205
743489
936972
121738
325036
856522
38248
784141
80151
60152
694902
915007
978854
896509
299081
293179
660942
932318
310523
585670
851987
920799
986852
273015
6355
222333
865977
568659
335276
333397
721150
745719
31179
41378
785065
766766
28690
160100
735893
840803
154533
401435
510815
543536
865490
322674
889633
901460
895450
965625
641289
28164
381408
645579
276693
524376
870637
130127
230893
703398
756766
126105
226588
593324
938283
873904
448109
678182
319764
146987
545758
763328
179690
122612
424835
305830
480439
875566
266810
772343
828683
215475
188487
580887
217188
12022
227596
342755
913209
294024
424806
617088
22435
966198
851302
540236
883816
756815
846954
498870
589350
28099
906136
897002
785497
728358
714550
526180
129737
457364
153769
289254
269458
441327
176393
923461
7697
574660
429469
19613
781352
339404
123960
610468
387183
323150
909167
324956
218552
415393
552693
861858
558352
492054
503204
389926
552598
864012
401136
286652
61896
378561
709095
391206
925650
121954
52432
519197
664665
557276
849161
945713
821120
358903
3032
550518
503047
226571
832543
50252
551373
210786
205038
471818
389110
644332
279986
451335
431527
513753
435148
907588
422382
260439
33725
48313
29375
109736
832253
80571
927129
33438
364971
597510
833928
632886
522654
678061
604227
210447
965273
198939
524277
974917
657373
634053
774809
220591
619353
704238
915838
565105
285053
656598
161386
275262
831596
63936
369179
307245
488656
48543
763304
212023
282311
432860
909127
869259
589434
71750
231591
222926
621775
634775
9149
568498
542196
628383
186269
257202
186460
571344
607358
56743
238855
976549
603040
578314
940665
675119
907465
455559
655436
493053
485034
761146
502497
451559
161249
132808
457586
851959
358552
429597
369859
885685
536010
774141
402935
655694
859942
569545
915391
140832
133004
646481
652397
716069
54772
224464
350375
851257
762286
214792
330935
484873
210628
658363
502846
675674
557435
892675
284233
288307
13049
666959
711484
862185
972992
936314
744042
792517
639384
581449
97927
770835
177739
414337
954933
635850
300362
925603
964922
867987
929965
1221
773459
988919
538328
31438
272289
948010
149433
313934
154370
527918
947693
587256
426939
390310
342146
539133
679889
904056
236311
707397
52407
291869
736608
787212
645281
954376
497094
727448
382070
623600
145899
548435
437221
908860
26635
324681
436367
68618
199358
156158
352866
168605
748442
822509
158341
456097
193397
830041
396975
644827
431048
963922
401939
738353
262254
235783
438646
642195
800588
936194
684064
923461
141708
90948
330864
286475
321409
918205
640458
43888
915247
766056
305196
582322
476450
73089
425183
641805
278460
871460
524105
386850
659853
2947
703775
776196
162330
674756
175095
370080
8192
964533
211387
179910
171378
657389
769338
554200
220639
818048
56984
157325
80367
742494
118054
599907
101291
601032
493645
77471
750204
121968
185059
686402
861771
407021
466016
241226
192392
955480
623978
303841
315591
682246
897676
407207
868356
84257
842693
556887
320583
380965
85437
701976
161506
950325
788690
495138
49112
647895
710673
780427
661976
223443
639105
743725
424934
86371
868312
595702
133275
807191
468241
807756
993859
78600
5717
501147
273508
139254
467542
528636
566878
848449
307195
985475
990894
919168
112245
846437
91212
806402
946545
862980
25077
990687
473190
466713
326979
741625
418958
757309
978423
223444
53873
158164
892313
134991
908252
682902
357558
299775
835313
355195
1481
78951
469656
29443
345332
525589
126995
50719
282157
283932
312880
258879
100790
737833
898327
298617
760452
944708
766915
231763
209473
231781
64526
714733
829101
493040
851620
38222
132640
608271
410458
373193
251050
122027
888663
959755
859
60231
937456
427460
172894
152505
341970
703472
865024
421701
179416
362305
148559
448919
482941
683307
261661
304797
281387
905676
611364
594559
313266
861109
741955
313596
710996
324121
374694
376226
265789
221969
815429
61993
911887
327753
753283
425197
892508
330763
609398
860295
136557
819494
64134
855559
511999
259770
528430
507279
268237
834147
655712
355343
178568
321792
171269
40152
449700
8671
387746
137951
440268
938566
352534
53521
741302
349920
55168
184461
614736
458755
263997
513539
681690
997466
408143
255015
562061
741044
490457
801105
239865
182248
689222
958004
576940
4578
422154
128569
548814
866895
530432
766775
653898
444193
271219
109137
552743
141887
386744
53229
76597
958988
274808
273740
524834
279827
687628
93579
196908
252812
481985
667957
306609
187149
403579
113218
86306
959312
790709
667697
777046
520349
925158
209021
70714
740692
969599
644223
785959
211993
972753
587104
998348
10588
817292
203832
464714
215683
971427
531080
767199
509367
516171
308048
385913
882120
451361
890958
596844
400702
189803
665429
743743
109245
847862
686854
489505
450260
511135
716909
993529
908322
62446
689210
631835
627813
80989
899802
169110
974624
912630
606001
758122
654376
264090
607607
490007
991436
166558
732716
961360
404895
511375
263673
933582
944420
904342
614821
212994
655700
124535
2160
633314
759310
894323
848015
215525
284700
661326
800901
219466
372957
997867
727899
262737
408725
576403
845884
229645
606542
692628
772079
370321
574056
450502
255665
614792
797700
820649
780014
142561
304201
182634
729116
686247
728145
259460
299700
90542
345908
800451
58638
579817
958319
379684
108121
904601
907504
773145
621876
177632
901632
965609
983467
62580
829005
533043
131089
820590
245459
654802
331446
480578
79975
140444
290821
619273
632224
888901
791485
957883
463842
637153
935306
780920
985672
870343
517823
49605
138413
247249
807986
866644
244951
392191
155573
564539
169857
539643
358124
236871
101508
589879
836816
240042
225953
919475
464383
467983
509101
406938
491517
665806
814682
691340
179531
110459
968030
486007
435234
754521
3905
483358
566796
712236
218696
513660
13088
977580
81081
616961
709656
64981
746571
246523
344720
812764
317996
382032
74589
100860
212910
624808
565128
301933
817039
488423
415014
453046
733027
832216
454805
586522
886624
4837
649493
151918
230854
332098
973824
244874
290089
719850
793704
823454
671004
929666
867083
763100
53564
670041
398773
956051
375510
334865
93875
135644
722230
967319
218863
685357
21517
908941
798189
342923
969406
507145
273761
94940
839429
655159
759786
368346
784708
904282
791535
222948
561260
943727
834325
425518
476548
633842
564186
254105
696217
575994
366609
512350
170819
832127
918778
721059
944847
207868
890877
798512
960462
501167
995907
39099
283065
554046
741745
703135
635135
787700
236482
332971
181357
5544
265088
982423
798329
125502
523103
36050
465451
334087
709558
499958
39017
334596
177947
496413
114973
327368
40665
163789
638533
724667
835408
145423
691350
840058
784938
169501
623822
507292
902326
403577
150933
947792
581666
378522
975119
898466
249369
128385
547777
681052
655735
101675
382173
265
495013
285535
280428
846997
345302
923623
770518
965584
171677
463515
468817
719761
50280
58584
98084
714871
608477
11536
681815
716363
172687
846267
430585
371713
767389
31532
82509
348893
555239
90174
119058
236339
713774
407277
209966
236039
571143
419521
365430
686162
278780
500324
489437
886950
525632
657493
630646
618729
774988
247029
14951
76477
346778
686079
730988
516608
17021
153429
963845
807727
172059
924469
231486
883237
611465
581898
507225
472514
744641
328671
719065
575271
83330
939566
719533
342301
447172
180823
99128
611157
959767
355628
430329
161802
869975
173993
693020
26498
649038
32001
783836
295220
140006
484371
802835
615172
398665
940988
993183
277994
812951
272133
23923
868848
658435
417149
396471
649818
352715
325282
246429
844831
858194
289977
506306
732310
246939
142333
411452
190764
943908
386420
973126
702801
405149
560604
539205
931571
395907
523653
470582
964771
468318
65080
959159
663955
391763
251029
53998
371904
188646
163451
438042
42029
539665
363935
402868
177029
847545
785920
981121
84322
373715
157233
306423
511403
978323
424149
678537
866711
138252
491369
186961
931537
8873
318203
525658
386484
438726
161657
37959
39349
467052
242404
802146
540128
244647
169252
779845
356347
195526
206708
393439
847111
640239
826237
703843
165732
354012
536769
767891
257492
427638
763694
516133
418584
879564
910099
959247
383286
718960
692142
901364
685468
927406
472419
984875
798878
418666
209162
902568
607452
37077
955039
127241
344447
356171
274269
364287
334562
494029
922532
443159
860237
591190
954390
567204
100828
831260
614594
594699
569854
845092
455480
871595
464217
346562
704188
935526
947723
306796
729109
382481
654732
87866
21893
659444
433711
849661
951442
743742
740359
190137
33347
11528
443878
654592
212071
266756
201985
629164
246222
69506
686063
562104
597851
98846
930576
722491
579761
176138
442058
817795
780747
908980
101551
560010
245992
892051
579195
448472
970851
800211
776825
409716
406304
520027
732164
976136
263139
15735
446571
444816
960635
929383
770990
537214
88987
9411
143269
318894
235528
231817
210496
334273
32110
361477
826985
14616
139214
629788
556934
18287
678226
599924
212122
889555
331394
757635
838603
508417
39118
303155
304126
346461
844235
893679
598622
725772
810363
923853
240444
887342
984581
930968
812945
956027
163907
298232
94750
249017
224954
6784
89460
784407
981541
673813
359888
974314
147498
547254
66782
102465
310062
345451
300190
891238
51204
784142
299940
120372
790592
812720
190521
750288
112746
415338
285919
42245
175502
243650
952626
640384
213041
316726
988778
669221
221982
349736
492541
23243
777693
134757
654370
628827
484101
715347
37743
848448
419049
950071
76708
526923
951214
866209
885184
774183
39549
503605
318801
219571
793363
515862
344074
589441
138549
955568
229260
749547
419329
155106
533063
577933
147552
286151
947898
468130
576600
996384
769046
442878
147902
389535
3520
658533
901577
488786
701878
458183
76481
281130
731785
852569
76629
271016
543048
257041
500684
251363
561469
197054
829780
842424
341905
163713
38967
481806
972170
589676
534763
943300
710645
958133
670920
916026
503327
419862
146004
853049
179517
978373
681018
75968
703019
685707
288666
571500
268305
564356
751097
759491
604962
985714
525337
870749
315070
786685
761572
367855
914104
97611
411714
635381
843377
147448
392202
824955
845795
894834
536276
362185
196410
994740
595373
562921
879196
176669
514788
670870
186314
322412
298625
26755
383902
984219
318357
124548
60980
31701
194285
271965
99301
430548
994144
168358
553647
488155
164872
998039
770096
8461
521933
893686
875857
250153
611805
868314
137216
1187
866104
904474
577301
788767
347111
984408
407062
782732
93196
55779
388502
568539
291605
459917
268600
832539
985098
208459
759697
439859
702086
115074
810411
473787
613187
762356
863142
448439
771726
188358
327418
52976
625753
182317
775447
804465
733295
999349
608877
970011
64770
383470
439176
513765
312864
972915
380051
190068
967364
863000
682941
866387
630089
918063
549624
380239
190714
399159
395614
473522
158660
22690
151534
262362
817741
153026
935733
678261
794013
783183
933000
177563
411514
59927
516141
717127
548947
238402
259930
460531
176722
667841
882261
526864
474196
811667
222906
34399
626165
618548
227803
920367
961476
339746
891394
8115
783574
2765
509521
945471
906422
443098
293259
508767
351610
49172
671723
99860
321008
712560
230130
630252
153912
924091
737150
763261
966699
123554
602326
409469
553337
183389
865986
385217
811345
906361
501271
602704
279609
794434
432337
743268
770109
710729
13592
669628
560900
371991
377253
786721
25726
812654
133630
165875
304569
798840
808285
191662
91475
479055
394863
527039
548170
507432
690488
67645
388975
157
838419
17926
836921
121685
765655
929783
911286
90833
874326
164359
583132
61334
598719
224512
289022
881075
721891
995291
592602
546222
65173
590008
901455
835727
339690
800375
959404
40904
707551
746358
272867
286143
388058
749351
419868
623354
854665
15884
183590
926310
924839
94482
549192
351620
791133
192456
748086
471921
87493
498298
821407
237776
474889
404014
367139
468694
204394
179194
246178
473521
450589
386944
959728
723286
577487
724936
667300
976230
423690
291704
752591
30204
967983
891954
855946
262037
364131
348106
39977
603868
393287
59491
630284
965970
654111
802405
736339
681303
291156
615708
786417
908055
380180
319600
224026
857300
551959
483261
948822
650123
900157
184078
978808
783110
458067
950139
801255
930110
713461
17948
255003
851946
581389
598185
817060
524328
587897
383024
441316
81031
998475
37809
192157
400367
335338
401625
715109
437741
154133
944986
683574
108575
447304
906851
686306
535928
907063
476225
949667
306545
913015
621650
211153
470989
25852
111521
23084
207878
91645
108131
164313
449881
540020
676237
840938
731627
679745
815312
729942
192407
234478
839474
114312
353621
323533
211274
460626
805064
155326
208792
134146
149412
750733
791935
611533
358009
518008
809055
842536
410337
372494
47187
868726
180034
849842
95108
168860
638209
368447
301544
837872
540484
714310
757339
220111
465249
466866
625496
299597
125800
830413
520340
639432
863241
843291
193527
604629
882724
777252
195127
614236
537836
719439
126803
406912
402102
383082
282090
212406
953636
258567
610549
131959
495720
12480
890855
888144
321399
856986
179680
777111
567309
121351
803208
988728
604758
963845
37710
194861
204160
810853
710013
219532
72219
809254
171832
257146
580521
299264
187218
75453
920776
373180
322956
365040
861177
224704
334892
707727
861708
651433
38454
76146
167466
577489
175050
428375
266238
193840
616090
990552
488129
184734
384261
111739
950882
271926
306453
190056
866958
475670
772306
932469
572705
729348
920705
745053
810217
568427
173820
186960
211666
66691
717103
985700
349428
935374
631212
48553
725494
58942
307948
449369
512669
790452
19107
704494
710645
675683
711806
162318
888154
870611
345468
87714
414627
380930
162854
967940
530156
162084
96237
846359
572543
715
303198
832368
258015
388451
320452
601969
489840
70804
926938
781303
207046
490442
831019
671529
882760
902353
809032
623473
775424
298521
118821
537927
788931
894745
293009
40617
513783
168016
697553
931303
684294
498471
582104
343130
208670
335731
398372
860469
508578
900118
57719
963571
62384
579589
785840
958192
86543
458660
217095
951892
661301
973197
436834
74666
377779
943407
100694
890574
200958
40851
408509
485125
472475
926202
684272
442791
474470
122339
36897
284087
510270
177512
764632
929427
57617
935752
200840
286150
439551
530688
652365
983739
450541
528274
227845
471885
970601
527719
552712
569337
817141
270352
660613
426549
170034
857896
799930
531674
571242
775382
331599
162620
992186
572911
806672
352538
293530
241336
618117
402545
764491
137800
733808
958507
992860
740428
224355
533301
852760
701285
121851
955118
176463
811500
30333
85882
884736
383061
735691
83511
76960
698993
44930
135048
571017
117197
224500
990796
338370
410168
494973
658803
400103
29730
435588
270119
980981
278880
726608
937573
459124
441037
972996
885807
1857
296458
685624
196506
928887
930469
87606
305346
432890
397399
214606
148766
214687
606120
335638
207470
634363
314349
100226
562833
939591
970545
190556
536499
413933
641266
814816
812451
165169
536322
879286
856578
856895
129999
392972
377815
529293
160380
870607
666688
533740
575405
499783
214915
220977
279202
748877
215299
197562
389371
260201
915598
605727
445658
157516
343891
720247
664869
522918
590385
310276
42154
512037
213226
45628
817758
277708
106166
593845
372734
633579
392564
142956
365015
941441
217979
44529
195360
139690
719951
829555
284485
245254
633648
971748
370175
943145
538572
766536
609758
944632
207572
358559
398184
493414
779307
124141
47131
981323
13755
596707
754895
481758
342178
868075
929464
75023
456074
419733
818119
692036
868183
106137
325935
636781
90617
802568
925957
683910
644257
853012
366336
366441
519055
357304
79136
273805
593482
798341
713580
800991
904426
69195
472403
813691
916879
510304
546228
777415
849972
331984
781177
752108
242525
8673
927326
720306
530222
372609
530832
419127
630678
816398
849264
202060
508200
918466
198390
288300
15242
596986
19699
742426
482950
856417
435759
736598
739262
6845
812720
564283
202940
801174
830876
984952
578920
652542
427318
859049
678098
773122
67332
405777
36783
250603
901329
666422
261281
144945
937358
454234
908143
283773
617812
293329
219476
783385
263045
778052
525107
714743
102032
105408
678376
964507
498066
521019
367353
789093
907162
491686
777963
179775
80069
371624
928753
351135
285576
22204
318207
949113
313549
366056
838590
142789
308980
273688
58264
152296
278330
341464
595634
869250
239479
706731
491770
487891
561345
958410
888021
790218
272046
12476
408379
822316
716279
383054
983711
230109
416313
245744
592134
832463
709013
994796
704953
519364
236470
21123
745238
263745
895218
843430
582592
220177
945546
10382
140598
276658
978060
256952
614145
86305
443096
824641
723847
169213
798527
331097
637181
600282
563911
167399
345082
188325
802891
503097
865894
521711
250111
5926
450769
638296
617937
176643
871776
973593
466924
530622
332194
612973
802902
684186
403137
374237
296825
276103
927443
814375
542463
712029
388944
668042
765782
998581
667038
353137
715283
401316
895241
239609
601587
166677
978574
229281
42044
821954
592214
395149
39362
702095
645760
396343
57925
104131
217943
409587
649848
186723
716835
389532
759580
666413
460059
75296
760203
13102
462008
376998
653329
564480
639844
542103
457781
486244
917009
499472
792789
802360
56359
235106
375087
469653
728853
941636
459324
670791
505929
601558
638198
937770
412794
335314
32059
508957
673698
984913
44554
837222
101066
477368
252265
73954
936701
359549
646953
608487
729310
390873
110273
737080
549718
200524
629208
455908
678949
396552
324575
511611
206042
28603
912986
473006
126493
279740
627326
614914
367018
698705
152630
704688
804376
81243
738816
174685
763863
479263
804724
48177
302585
576625
274149
319318
87847
379967
972448
350223
672052
618487
74705
332018
348110
903958
459589
927428
511184
922574
901066
535663
846965
517075
860147
575202
435496
812099
953080
835141
338039
472688
687482
285016
50213
769547
256867
345063
653598
617262
348524
195564
612869
801669
80440
911809
313130
912794
69662
683968
683479
879933
538052
216121
877129
934988
158374
799631
508284
803684
807222
292015
809503
554404
369246
189230
342183
214683
667425
649214
852672
452238
550431
896781
32029
949223
168887
38971
718384
548348
534791
57845
147254
583803
248718
310515
290282
792176
155955
681354
409881
122099
308319
164910
903701
572657
736773
880328
37891
271189
923649
109104
951312
461458
579486
175816
553920
611855
212466
884404
865447
188848
943908
408889
305392
109118
270862
116337
82906
661554
879677
68008
65219
998371
181525
653911
62045
480777
671890
982843
379581
145517
714985
620752
365010
486063
996236
362799
160626
536883
90957
297729
394768
787882
218714
783391
203082
670200
294374
123016
151775
642823
774505
872062
654078
554856
122813
758077
594809
809313
244649
282521
471896
746647
661115
11699
725578
619353
364814
921495
928375
518470
768492
543989
470449
854621
785548
696506
662728
397599
289212
178763
28860
525091
233370
458270
384141
989302
553916
93173
784175
298924
881136
779511
56666
659912
424605
508332
588541
787139
558344
843348
76434
223612
63795
477797
204301
334909
387167
731616
166766
267942
240051
788495
258294
707513
407989
639837
734838
187329
941428
181265
97474
435871
189256
76585
422853
308274
306802
688847
431470
669602
576029
488442
553928
153930
633478
27556
61032
978432
612727
861987
230207
575810
686062
29927
157199
587070
853213
90511
306235
243517
814347
339560
703415
115566
275544
811522
160798
683147
363165
376241
259938
797674
482930
131549
906397
34146
713993
829702
568135
90392
116727
654809
488385
747941
232787
986279
382093
737061
550519
103752
622369
992671
214948
655563
262032
790476
556418
293720
51624
164550
583620
82341
373595
311054
18026
340625
65813
48954
913120
107616
908780
638457
392644
66708
176310
830276
450885
993380
362804
938276
863142
480412
506923
966042
266338
463376
435859
197038
740330
217662
121065
172439
43274
875519
1503
668739
586601
772970
165619
826693
956335
987974
401181
391385
849985
252457
970402
350036
67111
272561
378438
484524
674127
763486
962398
710561
402283
873611
60356
566920
173557
96967
24675
678450
85458
315796
803249
726845
339156
254779
115709
689655
319194
388810
893662
347498
544146
867052
607371
817928
189343
345251
664393
537076
70486
405156
654335
696554
66529
902543
813541
966349
454982
324361
113819
548812
442434
813624
919190
899759
569231
212954
587957
429188
298245
665154
915378
645792
915357
897329
447219
605396
307472
29581
645056
138990
792030
575232
284560
6697
9002
622192
766908
21682
898178
821398
120469
911191
68285
23357
886481
753998
361277
423001
572384
183904
745940
277314
291804
348657
958403
568716
231647
880236
681182
989763
583088
663887
997387
156616
118549
162512
215017
327875
49996
871147
648013
928579
235348
254601
680551
693114
489766
619982
844867
560142
598593
711871
400684
380253
679395
707214
336043
167056
335635
597124
765229
932890
34267
22730
539970
996622
532628
117652
849601
824795
43417
953771
259018
852517
255837
4181
693924
549312
575769
571106
346116
197323
76894
27542
495343
304807
787016
200174
276022
979
796179
899345
276321
456614
6343
952213
848551
828967
937295
35882
802136
732108
325800
57191
993693
353486
512757
894447
731864
88549
802543
969791
629093
508325
853753
818200
608066
509045
712785
186115
124363
795687
637987
640838
395613
27897
603319
315873
964957
869863
14731
719493
344209
389675
476220
686290
902699
473683
481373
399179
595687
985916
319914
544345
1738
868720
854231
127032
595337
388762
934977
780226
67788
678242
590790
737686
710919
383721
308336
68581
219080
764642
652556
142553
740624
167819
114201
76258
174040
989512
171292
698142
393333
345242
802833
705763
511765
292736
520507
495596
865449
172586
352924
730015
930653
561558
685377
803447
32898
389898
235637
848211
315725
77676
224470
347162
104441
510593
984516
304457
427655
2688
167861
994778
380326
631186
644837
656978
974381
702569
108459
242088
185156
479994
47399
228045
886307
734360
110424
934044
278002
191023
504778
67168
836752
583769
116204
379132
172464
512864
90239
268731
50077
91857
419755
272629
738398
828793
759148
709338
253492
968191
558313
715358
408512
611102
541925
76481
981313
849853
431694
358266
480123
655020
132979
245567
573300
266365
16595
553972
841113
838461
386960
862637
121661
799246
743491
690146
902785
350306
637993
711662
145806
426774
576186
266499
673471
983016
332634
723247
221276
924119
719209
270531
418050
854102
115125
262501
109790
437356
552079
245940
524632
499179
263611
664275
351180
514314
557761
323029
859891
267553
150368
431811
649248
41793
773346
98060
971623
748910
402699
911626
985880
380411
938667
496557
502441
742208
243923
914374
499633
243577
137252
40114
855441
909438
231618
462305
537581
757851
236584
185218
509976
160779
336406
887309
866958
74454
598117
412588
349210
629060
521658
488903
842008
233980
701785
792234
631445
836158
510161
874965
996498
680442
619797
956577
206824
252747
15147
720714
686277
863059
921213
760925
212
260339
70990
661183
648443
492903
260102
340695
252350
342845
882158
344793
398656
544816
895351
557168
273130
642341
948788
413511
975396
443201
206888
521269
106817
123813
620730
586435
489079
57095
172869
298970
122763
852014
338444
715918
29835
213898
512458
750209
765173
769069
783208
508917
912758
658090
87432
632370
229132
570761
646846
96272
360268
965219
702303
745442
827264
966112
520561
417471
524072
906891
764098
69102
134177
942479
245652
159917
313188
696721
295669
900254
795941
838057
3693
476175
2203
745214
877713
28964
977951
45564
229941
664355
241390
97653
475967
180700
929481
948625
651670
435635
851836
263539
860024
544140
221563
992171
548139
963025
493927
434961
919243
198435
156080
439492
640642
207515
593429
583551
959574
257403
601352
201044
26909
509494
581037
139657
227851
268184
148608
343692
594156
736275
331605
472851
527533
217064
808315
653588
659860
722670
261946
153374
490448
646338
750716
192851
252203
580620
459848
636738
609947
489577
552041
225061
163960
646202
494509
862836
33353
279688
972937
605668
114359
618835
301082
19071
59491
187318
604742
576993
12435
313656
932609
451660
364615
740977
498604
298985
47146
359382
511191
824604
538084
517668
226471
255234
271628
445414
168467
49738
215739
552930
143688
885293
305340
45478
910765
147339
332575
767594
432833
959907
930797
555874
402335
218735
940597
901027
494371
574426
150149
966127
157351
175455
998580
833311
91495
955263
801052
831788
870979
863070
885606
802393
13282
597691
641342
165825
952754
788491
561893
147256
214158
392944
374628
412833
550457
363099
346974
643340
736647
632251
593471
190857
488539
684320
779665
667022
67083
160369
305901
144384
115232
278022
372814
273377
144185
138659
80513
289879
278670
913554
89208
952341
411794
449436
130814
44584
632946
26275
636934
637088
712955
343775
319004
866777
948184
20851
70205
533477
815736
202859
915394
591831
816846
476117
841782
906223
766258
40121
179721
476125
228389
772342
51614
633268
86322
956922
518847
456876
155119
367069
226736
508180
583203
414107
874017
868370
822146
796012
652924
253400
451475
208706
158495
305445
735666
622302
831972
376437
572786
241168
610459
116871
131546
594441
730969
683721
725968
77854
867369
972001
768916
476059
359201
939546
154531
558658
797136
108457
802427
940063
361876
63068
671870
205065
142728
437790
329392
668983
883610
177705
375003
445436
334010
557000
787154
43488
973102
399816
436114
555805
183554
910331
67396
860915
457949
201576
422047
55144
403696
374162
269098
475808
513287
684067
178847
231508
469698
506357
375339
92338
55901
580797
480850
430545
112298
840789
630448
748303
549409
306917
772122
254538
913742
962733
985571
963831
826792
429361
482682
216674
941186
161856
261169
435842
535258
382563
71576
516920
472527
135519
553096
557476
759408
988199
997628
960228
645296
295906
230681
554603
588213
192148
931534
927993
995023
806379
516694
896956
821638
650217
982234
305731
209484
318312
551220
175067
119889
537871
109903
372680
418934
559952
828010
646690
801049
360858
440635
295689
76815
376290
57904
337222
752303
320906
654992
283135
547147
444139
583937
530070
851194
852356
902818
434656
420369
197182
892632
343549
992496
233243
335399
216921
160120
689851
730166
418430
161498
942539
585845
727891
675915
891274
129754
565621
133395
160953
388422
626544
240901
271007
776583
508825
882889
25846
916214
194444
38165
588981
83137
254654
268666
839611
112003
53438
588699
675989
401487
480333
697784
89004
341132
61910
272232
846414
829114
880843
925477
937687
801107
385630
372225
896828
627148
912665
744887
440947
110330
498971
376029
264514
455698
815408
362997
203299
557001
277899
411618
265489
636442
540130
29239
878451
148966
383847
965035
317729
118133
458462
167913
566167
401498
893471
612804
565237
302069
974122
933320
284272
732499
641186
722411
259097
251120
564712
67427
81416
326172
389653
634001
10277
141818
437907
152410
794066
571173
99929
135255
290488
439470
415681
398242
512429
574337
302983
950033
8767
931430
921440
215615
597728
756835
335796
190469
123053
65150
561210
213960
410141
338335
547183
554220
880707
757396
9075
468263
253247
823407
807232
502320
662215
79306
389959
858390
966157
780907
764713
303468
834766
156034
849871
255394
91639
599247
202854
32239
592883
432032
477114
794410
304341
854072
996462
339064
117407
477452
559510
989280
143533
524391
436593
680187
112129
152173
325318
28807
393580
82492
995609
879706
249365
477038
232650
33459
613481
623803
237835
322924
712351
678780
90748
377099
791974
428426
826597
77432
70062
884101
753167
860746
270608
878512
743487
810874
716571
498490
332048
232377
147004
376023
784364
523869
926729
306573
944295
774006
654314
116875
493688
430079
243428
399539
337876
464241
796164
832249
631080
61297
758052
348771
366579
160041
296669
524144
554751
566387
914505
785685
139642
213426
611187
985634
633013
136571
699998
690116
988984
150577
510830
797923
983727
174327
520811
827158
466397
433825
233065
561740
447078
352629
678219
652055
977408
525446
11530
330564
711786
604542
489315
950169
106612
602564
319232
720649
276792
397511
893366
159506
546278
354282
249000
25591
598653
935628
699336
77909
846550
496562
860925
706533
78874
544468
561377
502349
225684
759361
652065
580386
200161
271919
626824
41471
446340
887075
109909
487035
444694
402617
46408
401289
626459
536785
201020
286385
64943
197142
729070
476711
299487
248108
97307
761925
371988
636533
944392
256746
345961
937921
193371
496046
697950
116176
273191
967041
598758
721924
75205
152799
615771
522280
750493
721458
769426
353559
418628
984772
872456
438282
764479
505374
420923
920386
787366
741698
711125
587726
108388
792258
160451
946361
349403
438780
642149
790548
410980
923954
136158
163100
579444
663306
356810
964807
127642
123103
522191
879024
925477
983553
105420
582812
69282
367632
255343
493416
138754
882224
974307
912657
387994
190825
104934
591072
123653
708830
342328
560304
45924
266536
830191
913181
426502
830735
258600
626379
381922
731748
914264
455056
729985
330238
187328
439807
65145
207311
39231
304658
876499
100514
473345
852339
847310
240691
706517
777959
987389
685354
934685
654551
75147
704438
358558
353149
41183
703619
852344
584807
934362
947031
600239
187691
505981
11534
544999
12776
938536
208880
470190
196916
337277
1580
216244
950055
760163
128244
728406
923011
818279
634420
544407
938879
617148
999280
212271
147183
781027
134585
522686
803985
807910
172107
507609
965174
192062
763206
639301
876618
482132
969351
622402
240962
917860
183843
939006
479906
531454
251455
370667
984041
792167
985423
234666
912281
898204
58281
414502
580518
604022
157317
191870
529211
265897
600980
862426
680675
62182
251961
333279
840987
625185
589032
904317
414961
979309
479386
877605
215128
291970
870954
458136
822732
904417
177487
647579
443164
149582
395638
341895
339481
448508
594428
680380
507673
216903
198021
73014
361896
780379
149180
175992
517964
100338
66343
179044
695092
588986
943205
87340
16380
712276
366343
553507
507999
575225
654153
915437
764218
577527
23596
873813
704441
387225
376433
740605
318048
258661
637299
573296
472632
312255
674786
507412
986836
733995
960536
312507
913663
620208
326361
240728
308868
613976
232044
351886
113176
335443
780880
878372
886248
958523
162205
62293
570491
624370
91641
250628
8900
586471
885043
556877
284743
918712
131071
511735
519781
487601
842126
629573
283142
820531
298122
38188
928481
94384
809195
320670
487211
498259
394489
441477
623706
594748
476894
875211
815636
586921
828903
630102
427961
475248
389079
572625
258569
941032
710440
26341
633588
638824
462175
536328
720381
204967
701066
711724
209610
899523
175321
555479
323466
558557
340823
271058
555523
476577
69315
165819
209271
440739
702223
448950
245746
142437
296948
625472
559155
733621
874864
429987
234996
648243
741981
664774
483928
901489
424367
526940
56433
146995
868170
143037
915115
512725
644350
695761
146712
485132
996000
395368
988312
315396
184582
225447
800868
217257
280990
7902
31863
839042
591020
606773
830427
100535
547038
700035
997068
805107
440845
861697
321290
42468
571090
478483
495552
906143
182339
848710
805260
442145
56649
582104
489963
241201
90911
319024
25218
623521
973865
283822
411915
794354
489966
54749
574618
527383
699636
762693
369483
651538
880439
413917
937611
233467
796101
638686
977983
833824
441913
145331
67092
43269
593874
839821
33892
958476
853935
659602
288962
388912
429289
905013
960610
761515
496973
266529
867304
592312
710324
826447
849931
513907
332865
306167
72486
673116
561207
840802
665563
537914
232629
805982
167268
958812
595278
920779
311991
857274
612681
989907
678229
547707
709554
463607
721008
690960
353179
411140
592567
320765
395187
305380
912127
686328
670336
482896
452047
382826
418236
891427
811656
187282
129098
910474
870063
817929
774291
21144
543897
789344
848577
977014
872498
519013
629080
642552
847465
374661
607404
967754
651516
77643
244675
225609
526363
376070
452295
422702
706492
914249
540327
622885
346874
90444
287372
915644
168938
491056
502388
885110
558333
108640
965036
385920
389259
800467
363118
318459
5570
966958
950740
307832
490474
622789
416632
919362
940436
880706
628203
626900
436959
259230
709006
967275
194598
541517
925968
155766
532809
543223
589252
524395
287382
453280
996382
926131
362965
399080
376010
780677
813229
525678
570344
934800
922486
561104
226152
401554
384668
606542
142463
4870
622188
171597
811843
403194
433150
295735
344169
936830
767488
698175
594200
621945
637531
821442
64041
389205
207619
512137
829054
