29047
675043
795286
495367
580228
422014
121308
515079
505334
166408
108075
273396
634212
59583
852377
409176
241028
609824
69011
82
45834
124674
486897
223749
705027
174160
474340
629859
758114
823649
514316
277585
718040
713334
482854
4920
255324
961423
561123
92008
705610
823530
987668
423912
943144
305369
741248
820958
103043
701438
419800
757783
413368
986278
952642
358964
246798
761600
452817
622770
219777
979513
180310
1364
165658
484981
784080
868783
719865
820139
481470
227154
940277
574877
967893
488207
754714
557043
260878
298027
527889
556787
912471
177886
801117
692447
317097
730118
392705
618796
441145
242287
858176
244058
218312
688247
692284
572788
688981
836897
308544
387686
16435
950265
820633
369142
177589
411422
523679
159777
185605
57521
288785
744147
228308
302297
272798
370178
913899
434096
828608
860647
525600
297421
934915
338522
11749
402223
621220
455881
847995
759810
795924
343508
186820
934161
95836
485384
738869
247881
128282
487671
696298
949094
393001
143664
174867
255548
91103
619616
568268
805028
122863
908997
694475
400065
732783
152011
265906
983534
16565
978565
978309
541702
227162
772425
510709
702415
558176
184616
135387
567171
357936
903944
462528
435133
36732
100513
95769
391805
682051
732496
743312
942040
325042
113371
238205
493631
136616
442370
359923
244841
258386
12222
359735
462432
967797
179673
604620
974566
770699
509673
112490
922881
571780
150826
634445
434858
46701
616183
796905
1934
689326
197413
966074
402047
356014
423612
839738
602682
903121
772243
283180
156885
524577
608007
881430
224901
812554
532887
353547
629065
522495
7903
589478
322039
982523
623536
289939
741409
739618
992712
789383
427492
540294
972147
726096
806349
29317
888957
874950
68647
165263
651090
159521
412645
757701
506101
694500
18600
731453
752729
522551
869166
818914
151199
423891
789912
849528
73965
824215
492119
366462
416935
597943
734770
389420
722701
784532
743094
798492
692657
141670
686394
945733
75923
872213
275341
924066
488603
866408
275775
125873
615986
584404
202761
952279
195197
965878
419161
715424
133046
409116
309886
621797
193897
418814
730349
122438
829385
792266
936366
201111
947629
962269
294182
3096
147178
793101
125057
659675
23565
157603
960123
918154
140021
308902
10700
74817
637707
268370
965294
878999
295520
296744
177612
508986
207713
195871
700233
352376
163385
933048
325609
996058
609411
682159
715424
752427
246826
612493
256501
371926
916192
250907
450003
954925
477815
633649
765548
48326
763487
570988
475530
617280
788797
643773
754804
433955
711460
242462
745209
763749
826610
457376
862620
30217
666506
411041
121116
969571
128105
658777
989854
695478
767527
782995
52281
243966
647181
394616
100446
116169
141069
86918
45730
258367
387874
859936
525354
622147
730053
699776
486962
193906
596616
463432
767930
314761
898963
872629
358541
439075
181946
31348
47
822111
178679
501583
143394
184672
934089
174656
913941
335662
271336
965414
381802
552505
434467
797333
354786
633214
341208
959112
403112
899011
367504
830386
857590
183676
881653
366321
86184
32912
516912
27044
893723
701109
56867
551763
810241
952183
450304
142605
226821
963608
286276
589967
267157
214034
31124
12960
427728
395128
85746
986106
983950
557179
197788
333346
41926
374471
137537
353689
522080
314637
797600
961643
488280
211740
568896
273572
732747
489577
463238
461282
820194
602221
86902
953990
605720
990509
923209
970180
594857
721557
641510
706970
1753
554366
936000
328926
280222
543951
953869
640559
769451
312703
896543
317582
600217
657208
98336
481541
468148
588311
461870
620677
363936
618320
694865
535694
985447
288239
326933
633543
485600
381369
339209
165869
85436
458353
969618
204200
609264
771574
446508
249337
984698
982729
722815
704976
143123
648941
464602
484411
107760
544039
282318
503544
6260
486437
526889
701419
333749
259579
223246
166059
710185
135048
712942
678902
473197
193719
969957
363589
405809
948834
221747
337851
24580
453392
478613
730615
480248
410463
113023
972360
753714
998781
682041
212672
839184
405200
784787
960993
511671
577462
983302
19828
663927
323238
539817
988153
5085
52085
891213
979129
395862
221621
253557
841143
837627
699640
412661
131205
603070
406194
566822
160754
270062
358460
842882
663265
374186
772213
382755
431413
65376
89923
845331
449256
35329
971255
881551
797883
358979
854287
769245
311368
126802
253205
940103
28979
596372
97636
779571
781887
400919
455242
366432
735996
82778
782345
871807
67806
508213
899512
957547
636202
883685
710919
468359
515721
883704
831264
66099
179967
42833
817000
970731
760949
153625
56548
310268
531570
795843
54201
518050
583464
436473
686476
205315
188715
606952
296904
714114
22525
205541
652925
317826
898628
12922
642085
108407
711068
838865
71235
769386
74057
917756
767525
143945
974469
8159
261704
958504
117496
707323
387162
782232
126790
132439
331418
134882
883650
657485
63323
64353
35392
480686
430120
139897
103303
894163
314434
486007
745509
968449
319813
422599
42525
288056
997609
619916
746428
176728
658211
613344
841738
380145
198443
740904
752219
143973
972889
900498
967813
199548
671337
787822
721132
449988
800925
69926
698808
339555
275458
792540
601512
316347
423370
784990
636480
842232
850968
547912
360990
664569
48667
368823
207531
384280
177937
517285
902572
527832
729581
412006
597112
369962
652116
78142
372356
618844
231617
876316
388826
185759
698056
806135
882921
461619
977207
325892
532917
128241
564312
448593
377007
19636
632019
164033
51167
551909
785648
592933
354813
97250
634747
828979
419488
936459
952064
452453
681358
950184
857014
721136
580657
948090
834872
728159
135723
264861
85294
321292
250240
43222
423818
17851
754738
623039
698030
925587
342506
205068
380971
319482
294290
638969
147045
649676
474624
576914
142034
253751
870732
423326
820193
481717
202114
504617
127159
514791
242035
798573
475924
210571
667622
661276
462548
381018
458540
340749
498642
729281
904657
120640
812007
861817
202286
766928
855504
160005
284764
498356
685550
56264
72771
537585
758118
93184
14160
395424
226345
641763
687621
301463
813198
86036
606378
722871
538714
532354
852193
441938
783330
984414
16663
14134
821191
183670
586134
670811
218529
206323
394808
875941
295287
159723
888759
789909
273129
392100
4511
988306
251889
102566
320868
898512
717246
638844
247888
429595
183808
224903
635605
878594
158530
826622
706432
538786
460016
628165
137102
952206
46074
811881
5401
213464
413969
790454
844203
999167
550351
177269
695220
906805
863731
3334
534358
246859
209225
74197
64476
835131
471848
176444
90507
315409
914837
696885
704657
894648
901830
377274
50970
388317
48576
796988
218818
556546
332577
136636
638436
218913
928250
157192
433105
259258
87380
940245
35997
594619
250580
31990
103187
639692
887417
529591
220360
135412
841793
645400
23565
181931
165612
571625
390846
783292
579992
530239
247031
882070
334859
894160
479463
882353
327695
467504
372156
613848
19000
711977
493694
151062
158017
509424
782520
966209
698453
791498
428176
483294
994089
141755
131256
495151
205126
890982
678077
779808
931236
781574
814333
634634
93618
261127
507510
732001
372531
402114
595385
389121
734082
141716
606076
451472
243574
756378
591119
154447
229728
413258
892327
997059
314545
871601
685462
885434
72569
147909
780124
143804
399498
804518
456727
792080
478843
344822
173013
236263
401352
485393
641226
277929
559767
37995
242973
902555
650517
689093
684957
987818
739199
914316
545681
511959
888381
294350
26412
390654
349480
440217
837215
172996
358893
807666
15881
594396
650313
115439
670602
372470
883380
241714
202101
799430
67098
781442
495587
453356
675972
211207
484580
389061
129622
162914
785425
289230
472497
350887
712765
868336
521336
218488
740682
447724
525232
302527
193367
801699
143809
255943
425623
125763
12953
887799
31293
786378
8688
115757
731027
512120
511398
667571
719914
679445
328456
103457
302572
995100
590641
866895
169485
700163
881037
592244
264544
738280
451065
356960
488774
99225
143686
493266
538561
929280
224477
336887
185510
451433
296444
15552
40177
628914
600606
623646
311603
626958
921273
254365
27686
524725
485345
138906
509601
593580
696202
904034
781478
803628
920491
561449
459737
645874
781757
341988
412812
179939
565858
831363
475765
552281
571875
758414
206273
914766
481042
294043
732609
705187
35214
620137
228995
92750
86693
117853
402492
542431
421716
25814
501217
281197
286825
129903
333140
573537
138889
427472
693179
81054
796174
116145
123117
972236
816456
73837
164934
899520
79077
845695
435290
624841
377835
308507
439302
234202
485025
906155
665122
950095
306894
504996
391442
533470
710041
549765
774716
760795
240207
607020
904084
397031
825476
724181
204498
916022
907408
529071
403141
126204
652090
219357
948033
461492
656819
594502
208244
973901
707897
852313
867095
977073
269916
916448
104768
520242
591774
850304
689684
590100
785715
670475
562009
378289
656807
155522
434217
135501
958815
24554
751554
929399
602807
472905
651835
186776
573323
304061
879569
37019
517329
795514
691360
371193
42980
96862
104557
660383
302556
132787
632736
332159
841816
453312
824143
820272
310621
881100
473909
672451
895576
362736
312001
688483
875007
610264
939019
763112
130774
448342
193761
613688
289294
38562
792384
234842
774023
454258
764126
170201
746870
424498
700004
193681
333666
431073
127610
259993
480329
43848
708986
180364
296351
606359
131142
879350
352310
834013
626741
543768
680825
792035
784872
681112
37394
503526
795515
209417
997292
225264
181143
71186
416658
990866
514021
345149
883958
242624
397597
633694
653902
49929
135292
730590
698265
444721
623764
600995
354688
898092
563325
916318
153943
221433
182569
945136
780418
33945
539094
916921
191284
454700
416348
412735
733587
455078
305126
128312
583352
629362
795133
195957
835794
504483
130496
648427
490730
800339
644144
900574
909121
367834
554792
120619
576213
366637
610281
822963
988674
396112
777875
113120
411206
726713
512881
295061
396125
277699
20459
890870
492875
48523
1054
645201
349368
292203
721225
480743
754677
25361
757982
540635
346909
881979
640825
277494
803478
252433
706796
463573
210679
943262
96504
934320
352196
134572
488985
205191
982676
658236
947641
837354
176083
408095
908804
896165
272356
616884
963867
379079
821726
272959
907682
113870
158776
903778
952564
722737
894527
556154
691126
358346
622019
429784
964169
757597
741778
132826
947801
473289
10460
731302
529554
23562
381430
57602
566003
91496
854714
251219
206650
581567
131595
556592
532927
534636
562166
55843
985245
486417
963251
377852
483531
87494
943884
619153
352136
416284
744853
530005
791349
591119
963033
152019
595708
948935
270741
64008
394030
325707
20445
647451
367275
506563
423901
788026
150010
910696
842683
747858
641977
561162
408215
166506
491822
976829
349172
911069
8827
316321
214256
847346
518896
781645
511919
623194
751995
776152
412374
30917
205434
895683
531699
290977
288049
167110
195514
732144
451863
373493
505835
35204
470347
766671
719311
256666
164516
21156
385440
762321
330470
489632
437512
399813
80464
234551
837698
615500
252434
566895
91549
850061
433947
74245
204127
431160
8465
393341
943238
842405
252378
641481
686570
705037
121111
599445
243582
881247
627505
685293
754613
708608
471051
548364
696449
194082
445527
723714
177910
127552
29316
210241
130637
897971
260437
664964
555589
22388
533517
859355
253797
947695
631303
123736
721948
658688
868898
449808
946376
827468
375001
422670
109525
663742
818928
961690
388414
999773
563338
406945
343599
286151
688984
916289
830411
197645
435116
178163
284105
75050
650283
303574
581049
885216
727201
240276
628773
456113
936751
902259
98962
765175
854687
136954
739942
270752
908952
978749
927651
884810
652909
327816
109841
593975
149647
787940
68411
90797
799459
239112
597391
184045
272942
684384
1321
533837
312749
799026
293417
640308
980802
984883
994176
440306
492680
877605
759050
46714
701255
194283
142870
244157
335555
845035
542209
926243
728495
990622
936511
744296
380479
715511
691771
16273
607131
496557
492439
211722
83503
73127
854028
805534
247967
789507
686645
220626
449176
413059
761191
95838
713794
211349
134840
874441
580753
600382
582753
11296
452603
581922
535614
781650
341316
462706
893362
942955
71669
408498
838055
474411
114539
967590
925747
412803
861067
269848
597526
473899
559187
972425
849248
99939
456140
142962
401263
123716
592667
446901
637334
562049
237367
873765
825882
232320
118646
337263
785110
532815
490560
223779
539326
858948
579620
337251
600064
800118
424137
795942
209222
232913
389500
93737
682328
942554
913257
498228
68831
472640
379173
497413
553284
571227
321448
454491
183159
540676
579928
410016
348940
451728
427904
647155
671999
413993
670943
361362
672728
521739
689757
853857
173674
791064
382617
960857
991221
512345
716061
38224
908907
190802
810611
453408
885840
159361
85585
194423
429178
892786
7727
218555
871736
477954
407546
145944
496143
790446
265056
200295
64032
267735
964812
632508
510629
519380
894892
297868
917914
623796
296557
81785
845944
489871
942792
734140
202076
553863
95222
525806
51591
766368
947263
480819
735614
472889
308336
942915
913170
568999
240299
643478
696570
243373
676376
75884
88668
97753
543674
981046
986411
280701
409628
552100
314921
235529
698922
820684
608206
169922
10651
157172
61313
569633
299276
750012
422979
565514
513321
457387
61035
566439
573124
424980
434571
128801
192392
953188
327026
549371
997702
495755
864907
926155
443182
669445
693283
156245
913883
367492
798024
404229
786373
513020
327116
601417
563546
367114
20329
710601
783590
230658
985662
26052
85934
210196
382584
753288
737053
943449
180172
623949
789078
176320
210208
518959
742120
802960
902025
512711
672031
594329
971887
883365
737975
189691
743757
747371
622060
198098
773333
944265
951469
77629
254321
237712
555566
217481
474659
193141
528285
25471
245069
467813
306860
807175
336205
661951
138893
517624
146688
943987
7356
380285
466152
974069
734710
554789
681128
686749
992967
858054
402284
595038
756609
526543
194277
943968
760712
863721
226674
420669
140747
562122
732954
740885
393997
523350
964598
524047
14241
714865
507372
159852
511604
187238
645589
264521
553924
911853
397760
64177
173231
785436
658128
94172
599526
66669
171520
790281
151616
659304
393607
311411
960107
206317
80151
857011
223997
39520
316031
846897
80872
550129
923376
777160
141260
136326
728284
889270
99559
292232
768058
204732
968424
32135
351462
388632
274529
684107
880294
528541
778842
225144
724552
267820
960961
305116
325287
867409
199167
178393
185356
745276
246375
862314
92272
616858
63304
946579
422560
628943
331554
328553
359417
81426
362165
60283
589395
240742
299956
591068
221754
264753
844313
846542
139031
782970
477906
387149
674606
852996
579545
244021
553537
977601
100961
347472
894417
563253
601708
575616
78148
468073
222842
304454
372130
989511
438107
934764
903609
261337
613350
406805
611681
492697
674946
730847
550106
522612
398369
919218
964497
410784
715149
178088
987458
173718
419034
473305
535671
916654
255419
108033
67630
574871
231025
122384
863768
440495
292510
587855
684414
444037
896632
499306
557182
8232
89625
416414
43380
830892
315890
277056
50484
747257
525280
77479
125427
983759
96279
392631
830021
726490
915195
927627
780224
412077
412109
611198
548928
279326
999362
897814
924229
138687
298928
164174
531638
322164
901345
754559
702792
819830
39754
985258
773306
865827
999382
462116
114104
602495
289883
630366
233119
264971
955694
653648
682336
15040
467154
686402
203582
955880
598795
741495
332465
303898
174929
62390
569581
470096
681888
559158
825020
817062
163180
40549
851464
295857
977650
485845
804085
247482
26986
351236
950315
899478
206296
746438
670321
368163
45442
817489
579380
535969
170748
991717
210792
2538
900767
495254
806982
993807
145304
861943
362419
528145
438812
733157
318145
464825
953209
799469
256654
659861
761544
950043
762890
72783
731775
40608
359191
366827
366115
995103
86089
481116
284762
70420
216140
823492
90974
389153
610661
712071
957454
319095
42001
360906
696415
838941
819209
579342
703087
873184
296615
330019
105082
575511
510562
747402
909925
816786
728949
943083
612664
292703
918559
520687
665833
701304
400451
997307
860243
182924
267567
950410
968134
223528
327417
111526
84215
342338
37318
149315
908056
69282
310884
360376
636675
525742
259479
892379
515280
833616
706865
260471
744005
26182
500890
841836
752749
349061
687216
823652
551681
326923
165063
43949
451011
217536
253201
812664
434218
693576
9817
86381
19512
76136
354794
151145
952231
126290
126476
466901
838145
447374
74670
39908
529359
89735
760671
855465
858025
956208
944886
472530
26221
782801
563794
11781
347915
545714
193212
328853
271292
433186
409257
347361
246034
27044
791579
977929
662187
447159
272486
60814
71359
142785
860752
52805
836185
824279
785810
861752
834787
719339
144251
515545
869465
618643
377908
693732
357408
975538
795678
212048
593391
834437
430231
766449
205227
209292
337692
588525
661201
18771
552201
253976
85197
118747
410107
98095
436263
964010
860502
775342
763485
162988
694434
347278
192395
55749
580560
771231
158535
323636
368795
271741
262857
592933
508042
785266
727943
745491
477777
691560
960735
870487
881943
926857
437294
932434
684563
244597
384958
697268
302032
553887
178268
383718
633935
238597
767750
94426
2315
217866
380739
264172
720343
470641
685197
305205
610980
953400
327786
930541
63455
366223
630105
19066
747447
126451
417895
34777
109948
106348
853217
936360
774819
980575
829539
977357
131110
927248
407439
238599
820232
601336
839770
448591
644086
338687
484480
190698
462537
424919
306648
606286
85544
814773
914881
377774
848075
367083
650236
364324
39066
736102
245332
505466
241779
470146
953464
652822
872395
807685
610217
119551
570668
364159
937998
169104
245724
490620
597029
504632
886302
578211
525524
577322
81042
814126
398365
599080
979063
100998
406128
996008
990545
682618
89563
570208
7398
712540
626717
78131
243618
11000
803224
767543
107482
857650
716260
235426
981037
498363
878080
128850
335494
115439
778659
613558
975167
183183
856753
272604
984800
74774
378569
750167
790917
535289
312635
83404
12573
19904
530071
831258
751887
345724
631776
429731
214775
387364
815392
329851
984525
252496
995925
49773
774118
899793
996489
559332
263829
629099
706431
540285
564586
306480
587785
758374
688794
828794
221687
890739
443199
249604
411689
681277
436790
383461
614086
774327
681382
142635
409413
771791
692000
5584
871721
367164
742754
239643
790281
480234
311030
576598
595917
681280
502264
948648
940533
153034
757812
238862
902803
368968
303085
659514
410201
425298
489467
536200
942349
869990
29900
523097
113817
15376
622858
93902
53950
157300
579741
426851
538153
851067
888584
859877
589918
597720
264686
386449
308369
648374
140855
719819
810643
273088
235214
241208
44777
539340
730178
278456
681465
486053
642060
734851
832798
720051
554416
471839
507738
481417
506876
107515
263723
330571
928877
913900
981686
106682
671217
607233
193760
663454
459144
482308
840060
501583
790980
469072
130398
384991
424559
230282
499662
553511
87691
45245
614297
37869
404980
990102
724353
699503
354146
455928
892628
642703
938187
828285
246554
812890
768549
837963
111400
49142
702857
265614
490705
685096
13171
43671
811068
779072
376614
581329
894865
110370
850028
143771
443981
408369
312763
323079
572598
413017
50867
860847
628712
979257
172100
900590
140109
754924
907373
970370
844779
644531
384735
162748
579031
693184
368832
567393
518215
53665
974859
761313
887557
793287
189204
128881
497984
119219
103401
221767
659709
745660
853973
186034
897386
476351
922430
470419
806739
50403
828142
737660
967021
953671
822382
576611
526928
350027
544910
247042
596098
577272
351682
484239
823854
878989
565607
731731
916340
858087
404259
30313
81306
253067
277289
92182
539488
826707
598940
481855
196336
896436
693963
646219
949556
815272
3675
696214
165058
133628
626498
397902
786995
119160
593967
940910
481553
421030
521544
35029
969774
30273
696395
331906
680849
556092
790678
514862
637708
769579
955265
999686
458665
470930
1769
756996
757059
94601
97224
783849
178224
149384
137856
687321
448796
289301
132343
528723
900849
223751
639131
43275
230834
132981
300742
923685
116391
282880
736509
622096
880947
978106
527891
715581
933313
869042
891563
123771
579293
270238
676762
916913
516383
54435
335211
950839
566977
821507
18172
147985
1682
624163
152709
199048
236484
731832
596281
502759
51295
218190
466949
960655
339224
628085
317429
375351
477052
809672
497462
146500
761799
722907
8822
860801
447697
125568
74919
362299
15336
866742
993635
486460
376697
594671
375850
685282
540583
657533
492550
132187
537790
16216
214928
147390
612993
364174
35787
32649
641503
246279
467885
999795
128196
788340
988926
625390
609932
925076
737178
758267
192851
645987
965904
452201
936232
490207
979117
288043
323232
739383
134163
836309
622598
414995
734978
618483
811248
627386
275513
870918
671853
107492
756469
74588
50394
61277
755544
87179
703892
110163
339557
120201
327559
695036
143592
594603
696229
796070
984307
947192
455411
275292
506818
106858
596349
916210
161408
956416
132970
118382
695971
819074
3050
98643
484018
913171
557579
528907
403494
262316
87083
258544
673390
890811
91144
854391
675405
608343
385460
971129
27679
965662
375204
5920
497337
473005
916007
901162
505517
405691
564787
367325
935468
251794
544346
796616
489415
739179
545948
275569
375118
128934
172951
419360
146329
833699
527706
851079
49189
276480
228375
677260
666709
841199
746358
792629
182234
916786
385542
244847
82734
286390
861838
857787
350906
901769
814146
321974
598744
448250
576273
696771
369138
133068
632219
549462
647753
243542
260544
305440
796946
274426
645396
267666
47035
207680
699503
28496
890443
65038
460576
431605
415271
727302
964993
577340
770800
471036
543077
140881
485258
579154
255854
735413
156216
309299
850748
322184
22243
314024
398656
617270
476602
569690
416238
112385
841842
529701
888401
877030
461871
416020
229496
70767
162811
715135
315726
900180
624882
905214
545607
222287
312961
425481
175607
12859
683267
405102
353021
821480
278474
692781
852060
825981
155967
329651
375145
84554
584161
808625
259680
538282
861865
153241
649362
11985
496014
495989
640058
831032
185188
785060
27181
63266
421984
578737
562351
178441
600822
332497
769570
928682
144547
259513
281433
480938
558983
555930
183626
981988
559018
590970
441378
760912
442463
830448
360179
762449
916293
325628
982984
438442
511744
774362
618686
764875
997535
904475
506644
791735
525297
449903
790851
554962
672864
489274
289584
34292
416098
922516
658561
866481
439187
41177
832588
141300
513006
335710
569185
198276
539304
375486
425968
364265
93097
166034
811609
966439
671719
678335
745423
93993
976481
553960
916327
377
460597
412676
455619
480428
629023
376011
960085
815643
221135
883595
398098
778251
150182
14551
319605
98670
388620
104862
453613
713859
76400
67609
653669
650840
681757
244254
761261
573936
991862
756370
286474
547391
107470
73980
664151
544274
351334
651380
853653
587595
443716
287674
657687
191626
109484
398562
492675
769576
361470
781165
905477
580061
278379
193460
109718
777793
918485
261502
886308
58991
911299
978288
676383
80838
941118
616676
305952
481801
150218
457938
106741
778406
758020
250922
491213
119252
523669
468036
608189
3605
687248
843439
924013
696795
563630
156134
88802
795079
230819
691105
62248
253516
546204
699335
508123
438130
695512
848256
897746
651831
26400
172649
414505
80272
123108
92001
380778
886413
283444
178688
530455
536282
292440
927464
65815
300961
871180
598259
48571
865549
103003
513868
169899
950634
166358
329817
298481
347880
388785
319254
94434
90303
941691
146749
560484
457132
592249
679521
324577
740569
391901
808091
433607
245658
490536
771419
114104
436308
453017
11232
889557
361400
406992
807298
770018
441645
170308
130348
253718
391372
649694
392872
675330
972292
43888
798995
254427
360350
790485
890671
32870
672796
964645
720407
523199
507322
540565
270477
866949
172566
131818
87535
397477
367531
618968
668553
415362
86841
788731
191748
942462
55745
620081
497979
213544
965228
200018
884526
807298
53323
465613
335823
82477
173433
42592
193146
1203
283101
652531
298242
126705
782924
966866
825254
360927
99339
594629
528995
824894
404018
504078
478691
984797
940844
658815
78355
595463
855386
357749
583058
32460
943447
763189
280261
837034
121622
566817
949639
656473
946920
567126
513598
116144
934875
906469
551753
400631
682428
324973
249365
760074
932860
470482
515407
564774
25072
236188
19636
608915
451122
731502
49454
408549
607648
733780
423890
125398
617020
917059
796707
877055
778578
967108
161206
675877
685048
830362
408672
395809
316258
24803
763290
166075
649946
389835
246542
601265
917211
674401
701568
471960
202256
481286
699484
761498
225700
319170
895000
832157
975557
173808
354949
720133
848123
307290
120568
144975
451999
737183
215631
891486
786937
783057
532962
674643
981498
661467
130248
238869
797010
299551
69635
550896
640175
506846
896201
160217
841236
824913
477167
369552
307921
475284
239476
937886
164388
73858
343464
850302
998060
988188
835000
681304
135942
261730
546326
718056
782983
38596
958729
932477
861588
124530
818702
255262
891872
650320
235370
688583
963459
20421
489933
658641
668788
583475
341860
541999
56035
336129
661756
352404
164405
469139
968206
730994
744285
447899
64171
761246
571348
795721
465861
309392
800692
348190
324055
286214
272247
568350
343602
833671
428295
122788
320102
406533
689921
756687
853833
177116
122379
705818
426599
415351
496398
99466
54214
288785
917202
23808
834196
312985
730037
607534
126639
958127
393224
380966
859345
631372
590150
934414
2326
650238
934898
493360
612972
905872
544588
428654
791382
712072
563439
309459
324636
80009
531018
648004
63379
304857
192313
913301
881989
220029
627583
90360
247036
848641
566754
237712
908400
896084
711331
138403
207050
354255
884505
83950
585620
62870
659241
433299
664128
793751
695268
651566
330002
270512
230845
268229
999402
601709
402789
867037
942130
831791
870725
309225
422880
938920
872984
921118
516456
685954
818722
838242
289282
21919
263440
629218
909715
781243
136301
229571
515451
490926
366591
306608
311930
708430
633468
632530
851199
184434
557484
730206
682575
457233
303068
377927
240398
226120
408380
374037
102509
4474
464726
268878
6449
848530
697643
908816
749084
960228
440556
443008
42490
769905
240594
148893
65609
458249
745562
687854
547206
654731
312545
749018
569168
921224
392983
606486
58363
598534
150755
906040
180276
800032
968019
756139
825292
898378
616766
435579
497635
397555
313017
341968
54194
92867
330866
894904
514996
231492
423468
10397
712434
928349
5271
494294
752362
798648
981515
192536
835675
132101
355489
221581
56624
528024
118702
20669
9734
898158
753309
180777
508508
371917
399336
957623
9238
848009
918835
85447
502382
354850
661957
396131
846199
507211
664995
823829
848783
133510
968587
41875
138657
638698
302282
340630
438612
895047
613498
203081
65748
201248
907932
627292
138043
483222
203790
811575
990107
935078
339817
380236
4651
915209
869497
788741
15179
956858
488089
978205
326773
548372
646635
67531
161090
626265
68850
768088
952598
552783
381068
613777
343530
599300
860495
957977
231924
368563
692414
836310
691637
150015
19751
972171
616159
699484
453597
286790
352672
618445
35278
813488
335823
740679
266880
101634
858546
125173
785964
6615
251818
908565
186423
851164
29371
821056
900105
571939
860732
512454
672652
648535
780311
241335
380547
117834
909246
245951
523460
292074
975083
329833
147796
520211
139985
820356
56797
867582
324388
893731
755918
122006
872514
565501
961935
415595
392957
41973
984544
154240
661190
965493
887565
753726
882487
765619
643280
369420
995964
108630
255555
671798
384479
512049
233024
995594
380719
132397
921175
434178
534797
875462
117739
429979
194899
781164
580969
436996
809889
917577
165862
655282
328709
771746
435604
587216
394310
98391
852833
955604
614606
363972
958253
225453
255665
297546
687205
349208
558174
306280
856001
860882
819105
617282
892182
653736
218066
39492
325400
251050
621406
176672
449136
823614
133871
75635
323190
297168
887867
727749
833100
700327
253926
814255
897494
551059
62165
343959
753049
898371
341904
921175
751599
808691
509843
4860
122532
72130
923378
641258
632241
89057
154854
254621
15506
66663
237368
715530
826502
4354
371720
801508
396323
868489
932986
335162
559891
797868
184830
369533
30767
846029
969211
848928
72118
760359
23768
926168
329770
269420
386407
956803
344839
714478
712173
486501
911073
897587
479826
300621
18777
43
696738
826262
999355
836989
404221
952777
938487
269373
473825
824992
227770
964731
152786
598373
924265
206261
573540
605049
449082
908332
542757
631921
916142
9619
202793
340315
616431
324516
937394
807198
688578
387982
685500
169023
39592
659977
77539
711936
674199
429129
97010
188963
405200
28496
494217
984588
420637
86750
702826
542852
826025
973892
284192
70490
829115
221591
130060
628324
885840
629695
984909
207267
292757
631791
54155
292548
277694
172015
433057
561411
56390
724180
390757
530666
652419
570898
341396
315832
14053
520296
26911
64668
46859
40569
463372
706720
936513
994875
320203
438307
695962
770888
575766
583871
333095
611858
992451
146057
736465
789236
991337
612214
173464
294947
677037
696154
840104
70915
766248
774604
61077
402582
960246
989990
861236
722767
941470
717673
886997
546821
521177
363069
398816
590915
94785
827797
349387
456828
503511
420465
275573
979227
935793
510845
726370
182585
272254
114647
964820
399592
888247
349102
905602
291372
780324
907974
873655
919689
478984
361879
215882
342328
162283
31637
435254
2291
427778
239243
238101
80816
918140
344545
224190
814442
161771
54844
926711
161178
207630
359236
892313
112709
383671
56897
675263
998831
933213
479007
941738
825325
669440
372688
744245
649816
49077
422352
769007
372445
55053
227204
220186
815346
685222
960060
75007
743395
526861
923287
319404
714570
592270
844038
175948
684125
856987
653609
565217
247585
355285
988053
761504
249149
265337
559479
322536
210857
669994
543058
397601
7941
845271
979236
167150
812422
918408
905126
817934
543499
625995
747699
977364
670734
106037
628544
921025
421622
848919
84745
416507
805321
422143
375245
675820
603838
416167
169263
333498
405552
503679
246014
100190
904687
454994
712590
59939
575025
539031
29381
753405
779110
604247
748850
653444
366313
684149
554647
142475
872466
641247
487943
200033
781224
77264
969194
218916
948980
396799
750494
572284
786288
388967
24376
713211
309727
879540
346664
740687
775094
789767
779002
559842
670136
76198
197625
853455
50463
880643
810990
619392
493238
861799
454726
311464
884612
875259
762961
302298
407458
764275
162791
820485
787118
379224
492453
192012
836440
60464
691413
379014
551769
409931
733676
742607
785988
566637
925420
833737
753461
325459
444458
373747
162213
788068
293610
804451
780000
852021
810982
653091
768653
972281
88878
830054
768812
241092
684009
167590
456735
807866
802361
231195
744287
952600
880701
304409
215503
123230
724016
552519
9069
442136
298990
998775
537765
451016
552727
918439
84224
793138
783116
991891
78777
897668
176086
33845
239536
823135
616103
838363
46648
583110
622648
564834
605131
24994
269969
960724
176669
352431
278631
964060
459917
259143
287071
676962
808376
953865
60145
544775
747432
198374
541544
364926
640042
341000
163717
567941
862142
650654
252739
742591
841639
178120
308022
876400
898785
539868
595405
478548
873394
143699
375990
913756
251225
867348
735712
145798
223267
74714
256412
954712
206941
422404
874781
666680
258596
471865
770782
667755
153432
874037
635939
996648
896239
320501
35095
823320
898981
341115
386196
978413
955601
366014
841794
761564
954707
101938
966998
156920
465578
600495
979388
47469
408610
184577
901711
513045
835882
150091
955141
277818
35460
959640
351208
381225
486101
560768
230911
932591
902364
971187
124491
490547
710016
769061
106029
540975
666369
870486
985829
497484
420625
944764
541301
278426
19324
451152
887460
108713
77954
289842
351262
2631
529733
668794
873016
827990
448989
667164
900242
507592
189705
198263
743958
441594
305217
274938
563100
42538
732583
90995
918576
53975
270363
529526
421611
591028
154157
202918
441853
981448
195373
132323
308301
369317
270751
328400
48439
303234
82635
753535
505012
795063
790960
816060
832792
846421
767385
990899
10740
334816
35591
857855
526235
856491
303053
385487
506818
675982
647483
960823
31617
390469
688370
397841
910582
365928
162455
938702
42568
608322
948835
463837
745225
833937
861398
523509
54069
430490
108427
194371
883735
628134
940007
734123
468491
100060
859819
483645
527838
587004
871465
229686
907857
921846
573524
993648
696509
807909
984816
474535
454800
60779
554536
340648
441077
727849
279806
658840
819602
588123
537629
457246
213611
673871
962250
206318
191332
342656
251129
448819
691491
683859
262012
281688
281876
790701
244758
52084
327174
12911
12526
540112
766067
543119
266207
766677
349277
886932
988588
660695
697491
140526
407441
258808
670547
506543
806644
298234
500169
65770
810170
390053
346038
30054
614135
308881
47084
428543
226813
8145
920693
238362
67477
249980
604115
14083
323212
639321
113251
758693
876068
154726
975067
864293
275500
737925
396658
721435
353386
412676
272863
764525
661428
14855
873529
85130
764638
817364
102077
581184
144781
523707
434350
460091
681450
77984
307031
354907
698931
520103
114860
593584
15147
832634
635407
499541
119026
482938
535982
513254
980463
234111
472713
276447
331817
605582
132561
753490
625973
37654
768876
437061
520714
516583
98005
430054
143536
670768
239393
677995
93591
66227
361884
666954
960516
603847
842066
495826
730854
911753
908649
315749
673927
310177
588779
763666
207838
83436
644194
891347
829441
544011
492188
553568
269943
356359
477071
75117
625067
760095
923029
937927
127677
2417
440536
502983
755059
310721
321033
623216
718797
656936
512585
267755
217398
890331
990635
580956
417046
32727
328273
588448
399429
340902
757746
977317
606233
844945
586750
109543
738336
686883
469464
521219
412329
760405
471042
104057
191037
363547
414423
321155
235691
606410
5873
600332
39105
345252
259498
378959
875671
230978
917504
293453
135109
642076
586002
580650
515828
363896
21383
86629
205522
795117
343310
687474
75039
724115
964735
567670
649637
971786
835169
625055
763716
949155
663813
46557
40043
712558
917455
995136
891363
139297
20052
426671
343301
214881
761247
461250
352908
126576
298574
631357
346949
502900
812890
956586
744099
658848
880436
904978
744367
615233
224266
85399
662108
811111
800296
557937
275896
535854
34940
63555
415743
578472
310834
221977
795146
286376
923518
917761
742309
211566
636664
530435
261310
374186
829920
314621
86456
680751
65987
599712
26463
791285
925367
879041
285494
994186
16704
43485
554669
215639
269013
928748
270319
685451
789564
572448
99351
178214
526738
645114
283522
831716
365223
101449
825215
671428
80070
398465
706211
992051
219218
852404
526842
485786
914763
913007
283864
174657
660400
964468
306317
137182
394367
409231
153014
22846
331032
72471
848304
888847
692351
571267
561960
639176
481472
452134
901070
7029
946221
531848
563816
542114
913923
244835
778307
240099
79531
571447
571268
302783
881820
435466
433500
375671
134301
636160
519962
583286
269416
96274
49946
855446
863787
77166
797979
396876
127144
822507
749807
24754
158971
125671
854027
552368
628924
311808
707006
654342
102010
553195
959807
527223
482920
181108
434334
661973
33492
421522
731549
463142
78610
105638
365208
793968
356407
243664
32095
718694
825729
78766
299108
81839
327124
60530
404559
32463
744031
311135
167664
905076
241501
672608
331532
91743
978680
417349
22616
892973
147080
636059
688196
882050
831864
928614
245678
137169
257353
448957
268087
561609
607473
610179
34739
59167
671771
917181
337274
931380
604498
221077
86427
182820
140536
12650
220912
469291
802800
301010
470989
902515
738844
84013
115922
257342
659328
816487
746016
165228
671813
992969
217704
950058
894746
377725
747359
524983
222133
574748
60750
443284
101431
485045
345605
144008
77422
779613
706288
919309
661044
42222
967937
842330
828404
453022
923405
820494
435853
922684
269299
989046
802831
719432
519606
190651
275170
496560
556
190187
535109
271331
780112
497378
640820
500116
890482
315476
276067
640909
777294
184314
290408
748653
730425
725463
198453
244480
627063
739430
81154
141689
19818
971426
475657
501390
592613
162481
551467
355760
225439
135406
7408
483302
436355
788050
890156
820101
447204
513406
531261
313550
142094
256871
169712
932644
614008
194142
251011
746344
396693
168379
475781
788147
388809
935526
397530
240751
316025
352513
195419
820946
314427
813301
293146
299705
711981
989016
201090
716893
495457
665720
120157
472180
314358
187719
668720
652006
962242
802978
3585
502762
201835
868991
22137
119613
465877
164019
443748
345727
442357
933854
464084
908778
161732
920756
52390
582639
237200
24104
875100
743791
303148
165303
283945
104018
754504
964302
148684
411848
437211
657432
607316
858842
480572
373480
403073
313964
614161
479872
64715
107857
451614
367100
567292
675147
768447
850078
517752
622750
222193
169207
654237
820623
863050
175726
93829
19838
741641
463152
985064
667357
638408
600308
266655
387788
72590
71849
403779
708691
73089
339839
268340
105979
425400
233871
981046
928073
777967
239016
359221
613400
544660
981943
989481
320850
760638
984146
50708
877258
881533
989025
156136
538553
153676
8233
131975
105748
478435
292086
865826
43910
173929
525925
337858
509775
460679
240588
681381
252409
510616
518022
817984
70898
198012
127902
566884
65995
9292
626839
193083
425484
763495
887893
655665
158705
12971
430508
462895
889158
448448
533380
384386
320090
517518
660261
510554
893923
168783
519845
622255
310190
592126
425515
687550
655168
423790
230815
578610
485583
202232
758128
331101
615190
187917
648577
889701
849177
861610
674417
928060
679797
61417
12421
39495
855714
830195
441845
842848
435465
99603
389456
166583
518204
466854
167564
982099
322006
139311
324974
800822
971825
795335
275602
559903
511613
804337
659992
60969
731715
732555
732907
110225
990455
354913
395439
288725
894259
814620
353862
101687
170838
283736
187071
179553
386744
504851
578269
66594
941192
853312
462399
932822
79685
641276
90609
448164
654549
509464
587854
504674
232581
472788
256847
147795
649246
674285
359669
24720
829344
31630
674639
940420
152478
248866
817192
140496
817334
444617
277393
859664
827946
622120
504006
95861
438048
556443
655040
571345
607090
419270
563607
881074
638579
186953
771537
516261
877247
991569
791499
761436
77310
489547
344706
937450
50613
572340
439166
884330
127048
593229
443165
596352
27664
944746
967416
273079
310037
851752
764212
556618
434920
666430
803495
515710
414112
531309
954148
560556
539375
361297
461221
952541
502560
35610
686548
501134
236399
38804
580150
812498
319236
264033
33268
114583
226574
534985
542408
392768
27960
150952
501568
701426
923403
510213
974450
916523
119200
279683
720829
650956
761280
960689
203639
954871
621146
585660
431416
637459
342944
235908
996610
347948
342462
906315
71948
668792
801207
195978
728425
640180
44702
885406
459482
907501
306991
82400
375661
987675
55816
452306
792975
508136
719495
266740
509877
91342
611841
254071
729635
969501
274971
140617
771480
826908
366921
54287
97878
365384
526497
88113
623377
674296
343387
396494
199988
770272
121959
798480
448714
583796
64235
69467
105871
151780
830296
784991
304916
973382
818024
60301
788105
364946
630966
437927
94442
987526
696249
517103
383817
543594
422686
968577
285428
491374
979842
845309
828098
532783
506057
855836
652479
48344
15006
82532
761905
149157
595463
817078
70919
242947
540707
699205
589405
651860
639363
633953
696110
575182
147747
741041
447831
294531
228164
889664
827844
579003
466983
762670
517625
613245
366759
946246
52095
608749
516340
315312
146281
421839
297704
427133
90882
253929
675207
469728
303508
844423
572632
803324
547095
610072
551642
543512
983477
892918
592869
934128
988726
880451
291999
693861
986061
448046
251159
120788
338110
886485
669953
164547
332586
737925
352974
930616
70777
558684
769767
71140
617570
653136
995527
908925
629210
411720
267827
470185
368982
981480
315862
762134
531903
951402
726397
163558
372914
71912
215275
803656
592432
231222
656794
343458
938281
893227
126927
32938
947424
333953
444184
688468
856442
472274
171109
592421
553321
161858
272577
7591
628080
537212
270763
875125
90002
894292
448725
251830
812379
948108
911352
376614
386314
71794
436626
188176
368153
94311
342845
941464
460395
710010
648621
363700
119377
4658
719174
955387
216633
609771
262744
967894
35252
688407
55224
495059
289635
164902
263932
392216
213245
921344
962002
108596
239614
607599
81277
301585
540399
448730
339246
709062
7759
941100
733371
303369
945819
494484
399742
491074
339327
636133
878989
114682
205337
764509
648401
324082
351462
960322
635397
264528
216779
67880
395725
41460
830338
680336
352560
531113
869855
657131
82484
100088
782206
479100
555029
308374
742667
146523
247073
425021
942510
802709
881075
640792
762129
98609
792458
886871
488719
28237
58885
556899
9018
86567
656701
155499
49097
339001
946559
349341
413725
328891
479972
40753
511150
470220
230095
623839
642518
473515
697923
657265
319994
917151
507614
756338
942289
324407
578294
138950
296978
90284
405775
691731
696574
168866
610550
105565
418311
487117
884477
117616
627292
146801
415698
173686
222482
605889
441342
172840
607024
960745
717496
178785
402327
296231
787875
161487
843660
713236
526379
304834
393316
784833
853495
904551
53195
311676
255179
204238
258224
1202
569854
654374
765777
360942
635410
545931
418078
880320
457013
850422
26636
142457
305171
89555
549241
11474
390870
113072
706999
489196
937211
884049
46712
478578
203474
417568
829844
625498
9362
426561
701305
284299
639510
333636
157807
876889
739640
303028
887430
218603
702793
946764
918303
962750
546986
90825
897877
218754
655434
408667
613190
347874
351356
985077
639617
244705
818995
900740
533646
667168
961117
276284
584276
610876
800986
291981
248939
91348
706264
549236
929023
462440
432141
663343
364829
613724
564239
513609
492253
666524
26771
964499
893740
338715
180992
663667
957237
357044
368815
413078
90476
186161
308290
59201
475959
266537
529118
845573
229369
773059
906438
246545
81019
873561
531157
980257
839609
43641
394392
854100
33927
575429
641286
761756
407710
434618
869276
785295
504200
656461
256089
344026
107235
444529
955155
501652
811669
766518
847221
982960
497100
789259
650070
796173
939568
347620
3574
845480
805736
40438
964311
492465
832134
860063
415990
419451
499216
14243
450148
761164
67180
14994
402118
671572
50471
884997
425125
906939
32610
254534
254835
388051
25433
295631
224667
44397
871953
694827
975811
297031
331294
985274
864993
107875
22286
624016
188087
717426
435830
580604
407020
292015
657750
417509
68233
736777
828459
921744
674764
558776
315474
823807
936300
767793
147668
320884
12779
618036
333714
631060
349457
96387
815502
599654
702282
54893
434899
578810
973598
549704
782275
261542
513672
148988
511867
330412
679670
498556
518564
144760
740253
728080
372441
691396
599541
193678
278832
265758
619160
37096
80615
319362
71923
523742
829165
911649
314470
370708
569354
670723
210750
24190
33003
677320
555788
798775
175246
818698
622178
75954
883590
999710
187049
763271
357740
425530
399458
551727
87330
862064
429367
804235
566341
170968
54525
233566
582318
764748
533193
612892
414309
115149
24300
894618
49252
975620
969292
33124
292547
466402
7904
352429
484356
946792
424711
45537
746493
608003
236806
137111
374686
529807
341596
205986
620574
131324
676036
526727
859015
513102
811207
458824
889306
769662
219899
73439
238624
782718
261212
122502
998798
496346
512132
998451
261140
709562
243146
831394
385538
386052
527221
939018
699543
128926
864540
992689
312808
807377
835547
911835
742826
161289
458867
684702
420444
685688
521407
738577
55507
452891
478159
457763
883811
275029
81187
843527
966055
257463
926598
443853
581934
8353
829380
906636
611650
109122
904841
966396
227350
981754
787031
501408
842187
821281
133027
226336
817119
744161
250829
194100
793075
423294
39099
937981
755063
369654
711185
830062
776884
107268
392846
579815
650869
381310
943302
519842
466579
734174
371511
283974
793244
33629
425099
599129
561183
64891
967338
201299
315543
822620
669432
971917
630706
161420
321394
140632
260988
670179
745120
767594
696429
809156
975544
188084
279243
478655
965903
791951
595709
991766
535356
798996
58094
230109
221643
867210
66394
142459
536731
660026
694392
562637
212437
301855
5700
185321
840073
237946
959912
383615
528231
538050
2502
71836
264470
110775
668773
705928
718580
544471
860725
643216
172651
438954
582208
440670
908012
423224
848240
482564
881547
3931
818871
766807
999351
626543
240414
382072
213076
433957
733038
289582
228855
395703
745077
850287
974461
778998
945717
798142
99336
244735
759599
56813
431128
268428
678535
205764
579138
131494
749460
607034
914895
910456
609734
199840
74355
33727
460980
307805
72551
925726
61314
704596
17574
423822
516075
392674
35777
671923
62705
606915
937760
435657
204510
468500
545622
169341
805621
163059
26847
438424
366074
425090
340601
277974
440731
731787
667612
347861
869562
73405
245782
738089
744472
674901
248327
733196
978911
733528
98679
830131
836364
871740
709135
859196
949367
738727
792379
912834
371776
475023
691353
108051
170200
328320
954398
161273
59113
754556
441350
557365
144675
113660
562037
115274
418532
656021
710383
333685
56195
309622
292145
66938
378938
848014
169642
655577
336429
987594
711257
109856
110491
999676
194756
795866
103456
697495
488402
341349
803748
940567
338630
835745
842212
771005
379992
335108
515483
610168
816881
133195
393548
342239
945859
848459
378287
566363
948804
674470
332790
562658
501189
971608
899770
11742
943667
392049
506695
693868
904232
820381
960768
954559
514991
996511
891825
664613
512147
916572
570480
204834
249762
224148
63342
407544
919171
322603
124703
850632
161137
960037
245700
179346
945171
916017
152721
117913
510074
170268
356800
11362
98614
885606
351410
664154
225621
509234
512253
808663
131449
511574
487574
43703
188437
231955
348316
387813
540484
918686
418815
418106
648006
347933
564235
616063
828631
49453
619349
787921
368750
836704
807104
331486
573967
196484
57388
630603
926221
465758
320125
65016
74912
961142
505795
220763
413086
500044
59467
381833
637274
292200
808065
836499
598422
138063
963456
163661
789221
396370
825016
47018
60066
221120
747451
902659
103238
473467
960228
182
198570
140264
792292
410475
416858
617600
770922
750130
508050
304196
155823
676040
78424
193037
475355
112249
636533
362945
16663
309471
339857
135009
887408
718856
193002
933568
537060
76982
327025
13839
221901
28607
471553
786899
470695
407637
119037
412919
123968
573792
939844
870717
996603
642119
54356
162512
266944
906638
673592
393462
455684
365018
323183
450209
937456
993295
710043
277604
626225
167642
377634
521731
357403
685962
83237
358307
520762
137497
368603
29536
848183
961417
817033
489342
509732
146282
705952
317367
176292
63096
488243
329522
753722
106273
924819
974037
467820
381091
770249
932913
161491
231060
304623
699804
536066
861947
105707
749148
966929
204828
58377
399103
763589
167954
844852
946312
796509
917716
622097
733636
450812
827738
391416
342586
223534
194072
150736
359872
768984
607977
148934
508906
734401
555207
109034
573342
507511
102583
994598
993219
347103
754370
954971
852760
730973
287069
576154
437729
365211
363306
104251
662779
769018
635799
652254
901201
921811
90724
896124
829863
743849
797507
837288
416788
630061
268888
709928
190476
338092
947232
1386
534619
495193
625197
845669
599342
987059
911439
955213
352140
22866
505039
332338
151458
975188
852949
492278
268539
3486
985705
962025
986638
940753
109654
322115
416369
899147
911915
807037
989420
739287
829787
959436
838056
324338
417796
85755
175239
470907
570636
445284
147853
141238
265576
879434
42619
400764
886263
906006
13756
529411
890506
761580
598393
317830
380743
705770
742983
184465
355171
224765
541824
657515
580172
800095
302127
156447
732009
59185
967461
817961
910457
30768
517736
613690
712984
447895
511051
194216
831840
533458
729945
109493
455148
228762
935659
774843
310328
865969
196569
534449
99812
315836
512205
939548
973655
926200
250099
536084
317696
490650
61196
508849
617144
933959
1570
342867
431620
536045
718614
303051
73846
777340
347669
548266
470194
612933
375785
481763
460110
259565
392620
971231
311891
650061
444439
422878
364129
348330
321784
172421
945326
638284
160578
685832
148463
526525
598462
811700
303119
940768
298272
980633
740316
521195
589684
809555
894209
24962
879223
360373
865198
766193
524354
947537
915988
762758
731617
905445
881548
162121
590083
881893
607511
984921
964745
960480
693312
537317
310465
989010
184606
543491
245228
330695
724854
190320
923131
467239
828349
156581
282585
526114
64954
855762
155938
172600
842506
417210
27441
154789
778749
271978
333334
44456
989534
260951
904551
536175
970897
938579
522733
253025
709588
964780
251327
507463
532391
766497
914541
540504
303816
431170
979859
170399
655000
501475
657741
679755
301273
697852
291913
247507
244313
521248
663159
60548
270824
736792
47134
256424
127620
128476
511112
911125
953366
18669
348446
888079
788949
661842
337038
168027
81865
778732
289576
50337
62570
161976
123592
910204
274215
617505
696814
464482
332098
454336
873514
968811
646360
723057
230322
517056
571647
857427
106390
992225
737480
584667
576906
867922
411939
193621
262114
411939
364770
744185
988125
418907
810326
443622
446424
522112
968917
751550
714531
549126
69405
99741
932657
31826
793491
660470
364905
587881
3300
287244
133145
119033
667853
665035
479242
242692
993525
238337
1710
671781
872183
899708
783734
980801
716094
766464
745088
601419
556682
706277
164782
972339
420175
319627
441618
770028
411516
737595
548485
732824
186905
990300
423511
398227
459145
441487
520864
82585
458991
552167
322293
777301
410221
975944
956599
386823
770376
259419
694853
630672
838759
163243
830225
11421
557626
213023
88400
225262
321144
941716
830859
353986
500224
467030
605523
226977
960097
66236
917841
225925
290997
368797
221819
305702
224168
264562
619555
623137
662359
208202
45546
539460
713427
274148
513617
31928
573700
569196
85040
574412
54954
924949
176511
319706
258047
570767
564497
502936
334265
288934
326177
363005
643307
434679
880581
446925
40139
354127
530431
69891
49102
117985
977971
283931
989487
599012
278322
354553
301711
341959
100404
874553
73143
303506
209445
381972
329721
98074
31830
495851
203380
981472
101716
190323
405941
616008
142230
675134
177787
555569
8591
905634
695251
426933
360548
573320
615074
9342
548600
423059
706625
755907
757602
419818
470274
870302
155136
326884
465425
90188
879525
24527
168118
884224
127213
507869
708855
197860
266802
935532
868315
144621
919511
181104
101193
769049
680705
707328
769230
454728
327846
139001
904893
368180
45373
870035
241904
658959
917653
83646
367341
979832
705666
197304
487717
864601
471666
66670
24214
336800
632157
604684
356111
875607
279899
206115
419987
986018
425551
462390
172567
243477
989185
366689
621094
245807
195978
769063
42213
953847
1064
115671
149424
900082
929393
555993
38882
266238
67749
875738
929204
271055
158364
31570
427709
795843
479902
638510
346391
41187
588241
670559
489634
866552
504141
88575
921314
196680
804108
834907
632324
635180
82365
901025
862206
158735
176823
783335
466259
835909
90699
95765
147318
586053
393074
335793
436934
716933
995045
402565
327352
780656
238092
749167
852243
622983
210958
894405
866964
18001
52551
377890
205169
535552
297879
498770
20667
718114
921751
330262
95836
355520
2471
973972
733824
335639
123619
753822
626577
84784
846068
793117
679194
661918
667330
988506
925453
337620
700871
506344
281823
314720
793343
268594
851985
517064
213884
270045
164426
62400
573910
508569
523552
590212
682879
463817
23350
55128
133748
242381
462591
604634
966735
860072
706145
584321
470777
855699
643572
913076
596862
637853
635753
400841
899193
452093
552520
141656
157870
299510
355601
70396
534582
568805
614020
588710
356821
755050
721661
342621
716007
178929
911991
519510
868601
76764
398513
981419
398389
893071
586925
523067
548469
888535
943509
672607
306872
913847
692409
62020
70514
808017
356147
537450
732477
341678
880108
463288
994030
488618
694135
717689
1731
802943
504346
839927
664696
739628
975598
367986
591672
247169
316060
992765
20976
489098
812935
646326
298176
322710
686024
907616
169227
847394
546644
441183
996142
152103
83323
227663
53965
914621
29257
982913
341001
656170
984143
161618
939214
586316
361084
83498
913096
792286
26596
984078
333365
147690
24611
435363
21910
60171
28379
571136
910399
986462
688088
405422
939342
394885
535189
696255
637816
865943
217048
509959
369407
443560
714040
918140
459775
792304
888703
170150
953704
786522
612458
269826
39686
99179
130061
375417
900604
926733
34259
375608
985232
762808
425123
489708
715679
62908
103071
637595
149169
445996
118854
446754
543015
311402
701689
835975
186641
506060
136603
767482
421148
834920
435281
329197
42857
870274
261289
638028
598392
234510
490070
576539
712387
609443
436057
144300
318887
93567
564156
243833
198269
630257
986681
332835
72712
415335
795703
530184
738950
409876
959284
223291
238633
607165
247486
548451
502816
247585
442523
410609
840910
609667
476552
326463
45980
128981
69598
974402
621546
896643
565777
985196
498592
680025
888339
635809
130531
585425
537878
178643
543460
302909
517422
819260
155090
509517
592596
193847
26159
896126
917063
679164
410816
697440
620556
72630
235102
228225
530263
669891
155690
216763
384834
231495
752286
273751
149434
310445
520766
797469
282681
656956
473005
611770
570669
500305
804635
209420
424632
636991
101084
697100
656209
995775
577108
929816
935943
286294
974799
116636
485094
711554
468333
562844
391666
742240
684538
130465
168464
148061
688476
28798
809476
621142
716517
505086
350101
349455
571593
918125
270157
123469
395561
285183
399645
267025
954765
908384
773405
10673
365169
328728
768112
824596
218870
488474
796678
54601
812089
769003
699707
632196
127361
632874
267420
345335
73362
902912
628234
582794
257630
140452
543992
957430
202715
756043
296143
305155
961712
202667
195888
551196
9097
381419
571481
725004
498570
471977
3297
576471
327967
726631
123677
748087
26930
483922
743909
212914
995574
639153
819633
257236
38113
117159
923932
262158
814838
606052
10315
622187
255168
796334
495655
271851
467162
553416
668997
416958
244779
261884
890855
93726
73200
11594
185372
134921
97010
222125
936770
158874
603478
453446
828140
982019
704211
832552
911838
476714
560958
325887
593205
535837
20033
530653
235044
533810
687658
881315
577241
495679
458975
76808
671101
113394
820976
433289
523867
708239
886277
170733
64472
249285
416502
201460
506464
826667
292345
132955
355618
559388
707638
709967
269873
649195
563703
966892
265355
838277
990011
630576
847159
419554
970474
401536
511111
39271
549666
682711
964029
239580
245423
935495
978186
81157
24666
796525
666161
781727
999384
926774
288395
476280
539683
819783
860003
93163
50343
605710
400257
13496
925202
81315
293316
336764
553038
219290
893352
634385
479243
774183
337960
857220
62325
159662
315645
933871
442565
951463
928900
965043
354356
44459
630461
716820
820425
761181
344432
495473
25235
682103
34602
671390
624179
272624
739109
750368
5393
225735
774853
348612
678319
819119
748415
889692
945626
379543
471316
224663
83900
200789
415547
700924
224975
49262
273821
257923
497324
435652
835770
875984
758466
997213
868713
708365
88674
545356
281404
868706
682742
479166
385410
547604
918226
95651
263845
244855
49506
166454
608372
748369
287683
526891
407356
508365
727855
838709
996815
6041
623632
236401
309414
333980
633397
809330
708898
493975
584482
494377
652910
277911
475841
581489
308545
410644
97719
450293
571776
197162
173906
303807
486976
574065
817822
528221
361321
445819
777303
713202
179574
687849
205240
234774
287704
851050
616114
729067
144507
234578
748216
333757
391392
717971
142967
779029
750569
827930
398371
962779
612851
30600
293357
766949
268957
340427
790481
995232
766824
750553
86859
620889
62135
637065
649129
697001
186357
245709
89788
157371
13781
926736
476392
638715
786484
795368
187547
110493
125084
64888
526938
8327
591458
155237
328567
123676
720559
338803
731423
544678
519963
514427
456592
902367
123509
644363
620647
738461
97695
498330
737303
276759
746262
518310
978934
886040
600656
184812
605041
442046
243838
262403
139360
615791
65137
242966
542836
450074
326169
184316
159245
792485
8360
458038
251497
277048
970708
252484
149558
112037
399676
809572
17736
585395
748706
110248
484197
469382
986007
832947
77374
33196
921140
220432
900793
608774
279748
58862
435945
568913
381887
987260
429407
937808
230001
388445
910938
780312
577658
336456
981401
297528
121838
94528
978513
402626
445532
464170
886395
94778
306028
167504
585669
571547
602850
631985
759976
75328
263295
507970
459097
156214
901958
628869
456985
983771
753372
689861
551079
458674
321480
972395
693974
790535
202459
595904
177785
564537
748329
34304
815610
487529
22389
792087
52298
672958
892587
535099
826930
718738
1990
344997
161928
882940
21394
922925
216574
303994
515403
14273
16597
950331
885029
427905
255343
881735
535333
514683
40577
411084
212588
141694
199271
512006
519380
120989
721361
850569
684275
698818
399579
438766
924029
550380
644219
941208
891334
914438
637267
911202
107876
37733
123495
954535
87603
310238
569000
446317
875058
145346
808815
610414
9034
385336
762565
733637
124207
597749
215647
981938
191903
227162
110055
277642
981960
401961
406965
343998
259910
129573
889244
38917
901642
285766
932961
455529
451094
130390
591367
158379
499236
708459
859718
725716
229351
130177
536666
230298
352361
788339
848375
695979
971155
129814
383449
661912
75467
180339
573562
354657
709367
929950
320157
810777
979425
704311
503752
933430
276083
312381
567246
519287
794593
106058
618058
102898
941093
682991
338600
911289
479654
90796
480605
323432
936370
627148
885431
525390
556394
635227
993998
624502
742205
720069
12058
484561
135372
201677
290078
747905
420653
651174
543299
88964
116364
243570
418559
435387
60651
512404
160820
667478
888393
286772
666133
250783
918433
291151
635139
146207
943369
20087
268214
394801
196539
938990
955414
103969
585073
452379
599786
57855
105513
281191
744743
367622
440776
470775
929450
362340
557147
320326
81474
865510
60344
807645
505572
255938
538115
633266
884929
381312
947597
920475
488949
537669
190358
257965
647446
143357
709619
155637
567213
979300
323723
995346
648321
815026
937979
556590
460750
547745
376281
26711
600725
803996
507350
679038
558989
829125
300221
848266
83639
229539
28376
199706
34575
497831
493105
627734
503774
272793
542838
39408
186349
50340
956598
689149
885780
298170
756296
619370
866416
792933
695114
23964
497778
964716
316039
245288
598548
57310
905074
70444
926823
595902
292495
574728
179529
720458
164529
48124
210738
17962
292574
384480
440429
195954
879758
606266
941731
382164
726930
238207
945682
309861
478546
639017
597597
742154
48431
735857
903358
715839
813511
302186
752151
64323
570518
440122
976741
881764
849785
605557
760213
991330
637839
810455
524529
418115
742648
611038
518515
147635
829055
585154
791098
282517
334036
87058
541978
418986
805682
866413
361614
734300
512863
371225
309193
806184
608018
936771
637546
638375
760046
814611
490509
567223
510957
418283
452029
920330
869016
942333
858952
433099
58994
542214
603052
785320
668021
149291
986669
652608
713140
347246
696712
222443
552799
462157
521537
399200
531813
457975
798041
212167
727604
678444
293404
160860
171932
390896
48406
892092
150993
896235
670693
505744
543439
937376
163562
440595
75160
538568
868249
305729
52185
557194
369840
353950
831210
225690
557893
945631
561972
112811
472248
428473
626350
602322
343623
885893
218752
852281
99967
22093
260360
441020
975760
706230
475002
863523
613050
851273
578338
374589
449892
591775
133509
510421
188299
326633
970085
592980
379159
68122
769892
208691
669705
171505
735936
26010
543505
332262
988029
119258
406269
893360
206240
859076
78027
972849
4375
403812
337311
838080
715958
732509
534992
178832
529756
956002
590300
245889
686708
455118
659900
557699
729303
429537
569043
227747
954959
778456
359296
787956
407927
956968
216402
623515
275390
772054
554011
921462
307658
87094
837341
1001
767416
497342
41441
157447
16898
384837
668199
19162
91322
178526
54968
611984
697011
680331
839639
997506
88639
347552
470742
482977
45202
416374
274628
583167
802565
225672
714436
739384
479479
815213
94905
987131
989390
226354
31197
385208
744155
103955
253745
140968
980123
436438
520399
12980
621146
209029
650075
757955
822003
225030
328664
309923
284402
322648
380694
679571
323482
575980
154505
602346
961026
291422
404598
631848
343130
670094
747654
629784
308875
185440
323517
587038
669180
392652
364996
58595
293618
780386
144802
179865
349327
748190
460425
664877
184827
443683
624909
267465
74208
17048
774960
36227
983183
600540
218008
322725
912448
563047
141026
317657
896438
548158
531791
49969
209217
234066
872540
466449
166557
127158
771120
879482
270840
984059
199727
568691
953297
145963
39788
141525
291388
459166
408187
154676
159042
290235
36131
655013
747301
909391
303410
336049
808769
914115
900075
767637
206733
506429
654683
253426
992833
453206
427210
773143
982162
594035
680652
72105
480217
279618
893751
606957
55121
819539
915119
455986
26111
473232
764828
957022
234540
472987
875517
571347
286798
283139
732182
693117
476933
282530
90821
398202
999745
763029
107635
950695
945472
773657
772389
941252
171317
583550
81266
278851
187396
957835
821775
946802
901418
110511
471366
943553
155898
991391
944838
17074
459906
445712
202323
290078
335692
166291
982302
348702
435840
275912
755439
384348
420711
172864
729150
463478
777290
319731
442466
763467
373049
860698
8353
210598
490087
119211
865638
853701
560563
397871
948176
487557
687425
497793
136038
153323
272391
227429
293609
312529
650916
52034
677122
90923
45802
858685
362523
213429
904636
394868
310026
100987
721811
373012
388903
130052
421275
341400
535294
200348
521210
734750
967520
515581
157936
648487
496852
771161
614617
543083
689643
392327
581840
284951
615153
194951
942318
291109
281855
390387
204272
194901
952814
835461
167350
505165
643558
161727
21224
206730
323796
389563
508403
852738
513914
921167
69937
356760
484000
531164
704551
866235
447400
987764
157095
740636
932415
347045
88406
825034
820592
17766
175944
972267
730450
486493
725639
894617
523106
493579
948275
805014
724011
664277
197507
507246
286433
335408
913705
113832
884942
998567
583572
868392
392676
140556
721615
960996
937840
723001
347975
225409
965232
877378
68650
396937
177339
844345
8554
137803
591646
787484
228512
234448
604040
754335
606542
822453
419163
107986
138301
5546
588002
856304
574085
345541
662114
15299
445739
32196
742217
181942
119972
224798
904835
691385
462264
725636
248556
215819
891138
178233
57952
92007
408084
163531
661165
818125
823159
766829
186922
588011
887055
18546
317089
84968
402269
292712
810407
356046
427423
633807
935053
103314
676626
545076
713967
522688
43288
487663
560617
879111
74356
950453
110314
52767
335089
381211
175328
770450
258786
865576
617235
723118
314437
28309
977486
418886
316161
680163
37175
693151
203727
234521
628096
866558
252597
543321
41718
521100
349228
403358
728695
973091
30435
792789
340097
711287
927324
364500
876261
738468
557301
924539
659162
777167
258817
178150
772781
460348
130197
712652
497366
845996
210271
856119
418022
558705
659567
772768
999581
822544
354266
949990
764121
242704
294643
468779
603368
85093
118650
546891
273662
1972
350993
121850
774722
457411
594729
260217
900163
553599
814140
790325
829448
339496
68211
245628
101316
742877
168103
135260
989992
310400
23556
767834
470227
604357
590602
506444
971237
819932
242157
957076
970225
512697
769181
496569
440016
552700
490080
565906
349698
557530
403635
865232
18375
178927
484925
406429
454710
562111
14179
348187
13520
192464
622479
512937
18356
334730
113548
216378
237712
722779
493058
503105
897957
859514
288716
781512
301296
728393
470712
579232
163834
182292
311642
910323
26174
204727
943117
92597
357810
329755
449799
310265
882740
799968
43800
456992
828498
6935
992447
257452
325750
526822
311849
168243
526956
82063
290759
991214
753362
1418
369802
200945
990811
808846
39870
755253
178239
602543
797184
222545
545347
994273
844190
310920
204064
643226
390345
895163
343315
900438
567417
237823
121728
986356
109278
824073
610500
879614
919678
295238
895766
815814
434031
54087
247576
223211
792371
740890
535936
174459
829995
96180
500701
261106
675834
254538
390345
355489
884727
608510
786346
123370
340494
45814
687140
511335
678900
743497
428767
771691
849540
381139
320624
206688
298427
452904
821094
399503
68876
652645
858484
762431
861985
776418
736950
43316
194736
337987
925985
905177
780085
917742
684300
77624
979921
920215
345621
447653
262911
412534
879921
426683
979119
862298
590740
261438
870657
663000
679737
952352
794271
87195
354127
352287
780343
792351
79040
48587
225364
592057
108382
932773
661080
353038
977068
254883
537112
46372
509767
535505
182164
344533
287600
486609
796497
37535
148790
352323
190677
998041
953540
581183
55039
549889
341637
158399
881728
401840
624815
179098
466426
392814
556851
412651
908659
613090
49280
346384
592438
172130
321902
382862
905350
906473
627342
141074
562368
753190
988811
113939
743308
592945
447164
444435
380735
220888
982218
568579
361553
966040
348729
329478
185910
142567
452884
381646
619482
489774
581817
284323
751550
861525
883326
506562
135658
644470
815679
519266
570190
756659
289670
842001
743545
268323
654421
140093
246901
386599
216082
716815
371517
14171
417104
226546
190939
51560
64246
312690
368994
820407
324878
596991
783109
604800
264812
101072
598227
39616
32632
412900
126928
374409
327195
826339
972913
685875
270914
485348
410419
925360
56850
720008
870872
387518
113384
52675
513023
893045
516747
620603
363743
569152
109233
81096
525280
82536
138283
629596
714261
377484
623213
719100
28890
295917
962750
883180
490439
693158
593784
484329
146190
621945
188733
255120
144055
40963
860470
78236
400820
506258
235401
845645
920995
968717
295383
984035
400929
933265
189742
240969
426885
564317
450578
312335
405312
747491
214243
723536
476431
214015
34027
644019
767194
889155
954246
669516
432173
407409
663726
175778
675472
272770
862179
903820
337604
594979
9971
307124
799709
60735
571627
557949
560823
827959
893594
505473
958934
673903
50750
971827
467230
975554
966862
765668
431403
481749
899427
882657
296270
452425
324036
794233
33701
308042
646925
563995
602518
247172
303738
684190
970728
379254
750869
774939
719357
176159
230650
521653
57968
309908
269572
86009
624647
878899
661974
280608
944661
486642
651080
49905
676207
259089
235051
782147
171336
44590
831227
508129
531244
48439
580384
28294
847509
745849
363681
28999
747822
543383
798694
555280
355873
374039
433383
346182
945439
10263
584503
126988
686892
789085
959079
239713
1443
401163
950488
670951
43918
628465
119905
520191
678554
31805
430617
492175
383546
265101
433345
629349
734363
727717
858641
392885
131711
37820
635101
908222
54521
393905
292260
876555
534275
945947
652469
36438
193663
715646
753855
421703
464073
805465
530995
323610
705845
848412
769816
843998
172970
715382
78379
658265
93594
565325
366832
525001
707357
517255
93913
213317
356457
385413
187346
598594
551920
436848
956839
156530
623190
445419
579987
17415
32206
326312
947814
129174
10384
379414
413585
254934
327096
60344
649105
365063
154814
829585
969206
236143
68942
537852
807951
142399
836100
257816
380340
621077
35334
355104
12912
859547
924541
232216
422665
518860
658672
103203
918701
216983
874623
150002
375162
273116
537978
754775
838249
317011
865820
465911
738008
512844
597863
807454
292852
912017
701149
75181
827136
669223
806040
443822
854532
601459
347527
28744
577684
998650
131845
336270
675195
196161
779287
614385
600709
340243
717954
913686
187238
23201
968583
387714
843786
119107
973309
428018
507770
747805
92105
13768
192808
646557
52219
88159
522455
253856
385736
861119
822953
487860
663200
260588
561414
396728
269228
79385
589991
527264
636902
177658
50172
733589
355924
287927
773696
555321
668002
831548
932695
913864
281307
683245
955424
793370
194564
718135
702941
663557
38677
412354
532156
702815
929236
59330
518338
488288
48464
629805
676947
747302
390200
376007
535264
194643
285590
913561
132269
799057
713579
138624
669694
741750
841255
830049
138781
873218
427973
553146
534859
810821
769537
619668
209089
849822
221239
201237
430241
67358
46234
757809
457278
704010
478861
566081
871236
96511
873441
323116
472134
831216
444716
426625
891682
277004
334722
942695
964947
834939
739411
822443
778067
726214
96609
412985
341099
177366
59163
42342
787672
20564
261275
281514
261468
317168
236729
125099
136734
476797
444042
254196
576382
944058
61945
100420
569850
408940
425087
951811
972214
888230
150658
876368
830187
104171
945736
630773
836719
122602
298902
466492
950940
470951
511721
229211
193056
851003
222672
414346
127265
397618
29540
794102
418058
350930
656869
623694
744823
389051
541171
119546
601913
250986
404518
577323
522886
609815
54666
11661
167936
754367
834490
561177
762848
402044
61335
783880
408575
134223
188774
979554
421633
383040
471236
258740
22238
675996
56070
254624
592846
94302
93105
605455
348753
113960
777810
359489
766552
849776
269244
297988
96659
163320
310044
397571
990872
832309
602298
840502
799213
835601
333646
643767
102258
776972
956861
890869
972526
516733
192815
756673
839476
580919
432013
287174
732849
826247
566748
437461
490837
134361
727985
996894
752988
344826
197712
9404
275192
281848
565285
9191
495901
445733
131742
365325
773096
443195
611491
217594
852845
82649
264755
15603
99099
801323
655068
159459
900686
912553
19223
520109
368178
289270
938493
704288
3342
349096
245098
345224
716852
175015
851501
878305
227076
732590
611305
406567
133336
156911
367563
259913
849999
423123
255911
729723
660089
709663
56242
537067
531420
631410
488534
934987
480353
422187
3894
184461
562846
538535
994366
321389
259201
84327
892005
76200
499861
386897
77506
169546
365044
469261
979720
787045
258826
535248
506272
490013
483201
46837
357025
286945
953870
528711
968623
192564
153560
26331
963117
914473
586880
628698
736224
561005
807569
459357
612641
142014
215686
853873
702462
924218
174706
296058
64047
684434
664464
257011
547568
319005
743719
997779
680959
446025
954394
917707
530612
346540
252874
202412
797560
867832
523240
156582
699107
586445
691290
615148
177206
842281
527561
544115
822066
785403
936133
397720
249427
137621
961814
942369
372204
730367
684960
364699
210016
351975
311793
419747
460986
343031
96171
217537
747818
279295
156041
961455
411613
763217
602319
205623
250679
936812
648146
943418
838064
484112
683489
681549
222472
413424
699279
405309
615528
214534
819294
357875
748311
545088
670282
398771
333781
747608
474607
986302
100568
296129
263063
511256
12704
664701
301348
538276
909881
299212
415830
3627
957773
838590
238394
231675
629859
653226
677936
776620
622200
728695
87703
320638
738744
346647
877847
940190
915225
461204
161738
150471
899989
414274
948488
659781
637058
188244
473485
824789
172303
774091
778889
497833
539037
601481
409157
324872
96247
67332
260525
982481
909552
547414
850494
6495
317784
77617
858892
337992
838874
584943
561904
950016
580277
833671
105422
798491
748181
124828
867775
756592
623309
356207
554015
656601
207412
490357
102068
174038
328537
821316
615737
135761
998692
313830
287495
790460
404938
535568
501343
962710
145900
51821
396310
176397
489997
212947
135581
20862
644782
447383
266156
532696
210568
204412
201035
637726
676709
692486
472125
977675
655836
643565
639625
196303
257063
706221
80358
14264
215906
628282
849090
186668
177635
858257
462959
433554
984688
245162
700651
99601
235041
569034
121802
696112
555091
428468
643074
473245
694598
324031
273235
827849
753876
222915
230545
478512
396175
985005
184207
265782
228661
618418
472426
271853
333266
382624
917935
30196
698739
665616
247146
927353
598594
803640
994188
455262
945859
776093
331831
202809
371434
10661
476778
54966
419606
327498
757572
748056
209710
606059
717878
177884
253079
721085
627466
315070
983567
499870
245002
147093
483625
48010
595662
450137
398181
828966
235302
813957
530923
962042
776544
549719
19684
487996
24246
620341
203190
164615
915159
943850
352346
100011
8912
292301
953499
665310
109911
959490
511404
652303
648436
86618
172582
581723
336333
802646
915486
803097
923532
670025
348704
511888
736302
332379
860234
643592
815531
174505
417222
76285
353022
841994
809893
246768
240784
312109
213205
190169
283333
392414
442879
330935
101474
346343
782719
88391
190552
681555
485697
548883
565042
689806
366452
247841
523224
705832
304686
742284
347646
646968
356188
828657
12396
861341
540964
836160
222186
99104
278873
955762
416263
44021
509018
447577
981510
807584
576264
117715
727974
855285
588961
293528
559181
216696
777150
740211
805456
400354
620901
27662
556385
887237
827724
302501
819286
327367
162795
756509
373010
863562
132476
454253
226514
990572
477970
117498
197398
231658
722771
602689
82473
231903
856916
123374
849615
890155
623695
819145
717259
724718
43715
957840
857482
419060
123049
293919
731247
812267
488462
185676
734268
746063
995986
237647
570778
156710
983163
267422
419845
289319
656950
790296
474326
841462
736108
313943
986670
331466
943165
764584
789052
337584
948764
882775
939756
278632
553927
199779
330477
547821
912033
175440
129308
493587
710701
211036
439570
607752
474793
333961
418375
963324
135557
117145
247713
180253
935679
506008
244573
121723
107548
425683
249944
626955
824324
355878
626939
933319
526907
813363
32065
849074
775928
207535
545191
76730
314788
791638
162863
353654
167280
689279
919632
33230
957203
811530
747133
51257
179103
305973
633552
650337
651839
953038
731987
177892
888015
854467
524203
669876
216792
37461
740450
127134
102566
241131
18191
433896
299208
969795
372004
530387
208164
477315
506836
351551
250420
153005
643743
282862
289249
470641
679419
935648
396730
623901
183393
815582
985169
199920
896881
226707
228338
642252
153730
331028
628353
699273
255818
25793
741743
915622
41511
609347
261209
53338
204104
685813
235325
745801
133306
329311
315865
326994
320019
767005
476898
633029
830645
802078
66654
255858
39551
346568
922590
456988
967126
142201
914524
946765
828363
229481
988589
905859
967018
631339
376354
539720
3806
482770
775553
966111
616772
396592
290715
612826
216330
204474
180234
623689
251459
542983
79177
907789
171659
89655
600624
122826
757010
467248
694922
739706
482502
346500
763092
763679
806753
854127
757525
17744
13388
551356
403797
103093
703407
835590
377979
519694
245846
628956
274438
988077
78401
644030
304232
935236
143624
485380
31802
344857
280425
166942
751584
584726
155248
483254
920187
200444
395649
489970
202820
31864
159685
249557
431947
510222
245615
642437
70541
320242
698026
953703
497387
555061
231585
732326
723981
420060
669482
460883
643218
607181
357072
247015
994546
651619
528187
176291
915379
88673
819198
693208
671493
468354
29053
73667
691450
868590
114553
709776
10468
1609
848250
902591
149325
629094
814744
176548
737677
243481
566245
239048
700812
387178
330298
121709
232981
46630
831133
275375
599314
702351
178188
899462
810730
877235
650536
718760
489076
787610
72833
119820
724566
614041
717498
613320
299774
122115
154841
735323
421372
53887
192750
882439
668027
930933
12444
371799
470683
704546
120649
55103
177836
339404
47774
251360
158280
717647
447547
639658
291021
223317
420731
221020
886005
109220
530654
594791
645333
298257
727065
941040
236271
257938
156855
306741
359923
364337
176490
124423
23705
59677
807986
133365
464916
911515
758249
310473
468403
981081
197992
919596
458905
750435
157722
811940
654551
344751
589467
656574
433123
546130
1356
960903
116856
645973
738486
54580
20105
561571
113816
894689
580578
368345
792719
683766
850142
563264
755680
568358
935679
738071
646565
286545
844909
815560
401170
76042
510158
94717
746020
159858
486078
698508
559845
677059
171179
360846
286686
375337
29584
251149
156505
81802
601036
810267
231313
775015
977310
480639
882360
47578
771072
997323
60069
404543
824349
778697
483865
41903
550703
259092
676396
109672
973753
477698
135833
342088
179166
631871
175906
163448
571165
264885
331169
345190
206378
790503
878701
684138
202986
892381
122661
767242
610442
651834
467612
763609
769147
837801
628833
376122
962958
562870
983785
346562
572393
357497
890972
740987
154020
303148
572793
300805
991171
802398
42726
765976
310223
922177
646552
238564
347923
875165
883163
912985
693552
639335
876542
361027
507806
839788
368415
185292
343231
421352
454607
834277
984993
747060
712097
673792
316113
28891
696788
628725
83990
576909
628058
724932
920785
758828
218180
164730
548591
606340
189133
158892
457288
640664
689600
497568
546391
974551
56966
667020
642198
876910
627728
112310
366966
846071
648157
846586
548216
975694
571112
938474
459499
41988
233970
696591
905538
789293
847463
465550
466961
616724
866224
308326
415716
90575
966996
397782
439548
806381
95115
770012
573863
603787
582113
360791
562747
501702
915844
919630
295919
610058
587690
173129
513173
630409
466913
759837
705400
502344
763444
706310
665806
360147
703927
152108
421658
210129
536880
363464
824417
737458
829410
121440
648710
984388
619319
695662
731652
253221
45321
774559
916680
796627
242317
517175
930025
943136
719836
926545
831429
844673
726239
591044
374969
332101
153303
31138
666044
253410
368967
332954
702681
259690
32702
545149
540167
900766
386437
461725
333734
214873
561953
193426
55832
243309
3909
795542
660410
950411
16087
252112
925502
781339
639581
153006
677862
86892
359300
132715
640543
873925
378317
424560
836472
671322
125332
879831
238781
950426
155518
272330
21236
244517
389887
403978
340403
708059
935750
662284
76828
208400
399621
731325
505399
118748
445472
366438
866922
607694
792753
73067
321623
738048
394166
369454
810642
581893
42456
289937
408894
893695
510745
145048
308291
15950
628121
905964
714349
356323
516228
164091
602596
538866
744155
557885
790212
528198
977374
888786
637529
320366
831443
148167
768824
643669
526198
994104
856060
914671
744061
941967
598428
558096
577607
285866
695270
278871
277344
680027
58906
690823
80755
642505
939749
757110
337549
554803
857337
766557
62794
675157
320069
296656
744606
288995
977174
434953
924802
526770
208458
50269
371128
108086
134828
523344
241597
518438
87729
506180
626699
939260
421646
886732
561288
331096
736116
862942
721614
99268
650857
195623
198872
821330
663044
35769
306373
946722
176517
455008
677132
51648
359119
696658
626237
765930
390467
132548
294448
812783
637305
859737
173068
870898
563357
215541
847030
3918
498788
214512
856211
22164
419626
884135
895612
631855
974442
664236
132798
355305
803225
278301
227978
623558
710303
187794
251263
494926
250547
931184
864210
40808
426257
863578
298392
567842
629979
70536
828272
769869
881354
230575
538768
714629
104847
73888
624810
465743
395914
99693
294970
469275
533285
948293
903727
628392
187919
639457
245875
901511
368721
334167
929497
733175
24910
559116
316003
179247
44251
884743
708588
205755
119417
591968
82680
627518
59243
261207
403926
421718
535224
985793
655728
697180
373311
494812
510191
902218
291634
17348
601357
922616
174257
204351
248376
161087
310979
818738
824032
923902
685939
199543
418398
445947
519749
971526
898304
396129
617619
478991
502005
670247
231497
852650
351634
212114
812921
54758
935422
899921
4124
480638
389696
945478
699622
306282
469539
288612
390725
526929
9604
937139
644597
658459
780536
414512
934210
132389
685660
972306
260636
455758
845946
141480
678736
368558
96660
737758
231273
174439
440849
269663
752226
735891
851649
100052
159622
409757
10959
729802
134822
566955
711042
562289
326327
602553
908015
595712
320006
169217
660543
316406
884696
746326
385305
409020
100386
882641
147500
329767
586977
649826
859290
378777
161815
633736
258308
236935
252836
112027
218926
478229
750653
191430
365455
377564
682123
721811
157560
881550
448226
183199
745182
678385
246812
321260
837318
896903
912978
575125
25164
567247
9334
744668
513999
794531
799184
743199
353404
365314
312723
531818
229174
510504
100123
518566
779743
765594
593990
111918
897094
990398
469804
1858
341357
340646
613692
193364
325045
315117
440820
800448
963624
804986
738364
332057
626339
749026
418720
168799
20062
168874
181033
754700
173786
391145
472150
59469
819685
538508
160636
968782
476173
60788
727863
783598
715231
466362
938636
855762
846682
352914
890845
201493
532981
901197
769927
348445
280970
9912
451804
476105
77342
687394
381816
313798
992077
718715
166082
403841
340695
818264
977409
335607
265089
554644
492888
248808
801129
409552
759008
887849
637994
666074
205536
820441
22375
358827
562219
785579
10488
251594
100119
631139
203119
690767
501397
291036
201734
893442
13426
256837
585702
874402
766761
709740
27734
662721
297122
828402
551614
261452
268683
856479
464023
605609
979794
693326
644594
524153
800188
962185
937569
766845
800997
244463
117574
218709
483412
970066
241206
856930
612410
314205
824713
635277
133768
414642
879488
274209
838954
889874
968148
178772
463907
319606
254871
207715
190470
728634
206089
264347
254030
849913
922106
842419
551899
247348
860310
263830
449929
593387
190610
669696
148015
423182
945138
320254
123121
282573
62516
546647
453827
331724
965468
464585
980474
641522
605341
474220
251472
233121
343969
55156
244660
580928
880310
795218
254092
356275
229973
169465
633864
736556
645647
28094
343076
548955
800150
647256
868474
520641
240677
589063
991617
837154
400205
627346
69734
459609
716765
365224
136261
205317
646638
129320
170564
140577
76104
286908
464524
2226
382900
138144
706661
237529
486368
135425
478509
575944
958760
193984
10549
18385
128199
581909
5817
947098
678489
930897
684153
929965
104588
631291
407672
80044
276003
551452
157968
143586
519078
266391
36080
597364
110634
36592
733620
808502
217208
414317
610015
881946
828381
269081
403832
289667
350542
657381
251070
857911
684405
86122
832520
140915
878940
841482
864190
83993
153205
837300
157934
860741
498243
641669
198732
135677
825513
115148
589897
39366
750925
253158
821198
263443
531945
35080
879445
725273
730222
700187
361700
907582
32725
400898
364840
756335
627459
185527
511786
198929
449687
15827
879344
845455
509780
644972
627186
196434
94310
768984
873335
730831
829203
462992
640460
666490
222911
75889
263905
159704
131867
359644
67520
433778
675180
38972
641323
375909
518259
569959
217616
932182
674495
137566
521643
680004
516811
443631
818617
896054
945364
17530
506900
651859
723644
252112
527024
686992
285652
248758
781104
265027
732234
14922
943462
771351
536686
769853
180134
157913
972450
488382
107525
243822
197726
872952
827123
419751
923294
411505
38642
13869
756457
189203
59954
12311
704253
525576
37067
392922
195740
431742
801366
29984
104173
886218
180136
39921
283089
311273
542060
544462
425987
538529
808924
52189
821163
909765
547420
255166
43455
580760
93747
295227
883478
193545
406311
843550
755595
120669
575347
563101
461834
653739
235367
811441
921786
229888
535389
685381
602503
711715
259347
831049
824587
942386
724906
575973
170584
604075
131450
675595
187236
303239
541135
281317
837138
482304
199237
741422
576793
850932
212475
18973
776531
472865
726071
856635
963172
515984
626902
229718
421957
227407
615918
871246
691628
516886
284546
771020
684314
815820
343905
883539
241280
706657
888539
250926
298575
277787
970657
902729
312859
551535
185784
20124
536235
900933
871066
816002
152607
369631
503913
872872
350206
788434
759184
76640
281948
713074
257145
472853
37924
997900
170596
939609
964040
196876
649706
983258
584898
843007
661775
40436
988101
416883
14909
720096
249861
445435
439139
504777
998432
847631
109034
623039
957735
24720
826767
453829
504845
654888
879137
215685
583403
502608
556249
347299
580206
271339
873489
887406
953630
953680
294243
108723
350731
790501
170143
718636
800214
763046
453736
844502
37657
511621
855659
540640
733876
783020
372093
649215
802165
148318
208465
789854
675427
625211
978194
982899
867239
542114
594019
920173
938840
124593
7345
874057
739682
247143
420913
576132
914322
463339
819707
667755
29120
934566
291715
281806
11929
236490
674096
416403
795591
853686
775258
377638
561152
930290
401573
145102
279592
357525
140021
517723
9828
423366
850188
910588
493436
741663
737031
489901
297132
360493
849650
317261
447687
807572
715459
271885
473289
517968
123770
509636
503479
748438
329170
9248
706165
217112
972324
655416
146788
182440
561433
831932
647029
907764
260042
278030
315663
435631
419126
998058
679833
104145
817183
428351
14436
708980
943041
407394
135928
880415
200496
163352
196090
269408
13837
597201
553143
800466
189796
241780
556367
773375
202598
784341
354944
912030
426494
656580
182862
590717
167377
198079
145996
611066
860759
669319
495178
342955
609873
610000
438236
479198
172390
416017
402114
909114
605278
192764
363833
946884
686329
5704
114461
366974
458157
621033
124985
276905
890811
844193
692461
721580
928493
640112
503163
908685
979822
468903
182126
407643
943878
523419
807207
67054
935472
954676
488197
844359
628377
918885
944688
659025
133623
41782
907586
245065
322692
736060
220883
461369
351254
998315
83744
201055
779101
120514
703320
746733
348792
348836
643906
514602
719732
127751
354701
892662
896994
901893
971510
567914
151763
157904
841360
66397
723378
755203
505587
862148
377791
864979
414019
114417
350756
305380
503004
772028
456565
182840
406935
202495
756105
308930
995196
737786
168623
914969
927236
962840
677455
188808
307209
519817
748191
801282
96716
582478
611198
266226
34979
767699
769073
292209
188477
77622
137847
394769
6931
413478
926218
100822
628589
537830
812021
137349
16462
115697
454540
916436
447358
90104
307725
158016
23410
754439
427666
270462
863257
897093
680047
94409
260741
738074
555246
683226
265204
749611
860900
729590
6459
531456
210479
921633
75214
402631
797839
322480
440494
462962
269599
487804
59503
656699
179439
367026
749285
123527
507134
214216
128107
22632
136153
798986
869327
474301
949002
94098
95901
881332
484671
258262
605447
216816
705337
121948
853358
2630
832941
955400
311055
422496
897787
782421
920269
294788
6856
719650
590678
945967
936570
362660
743349
757275
424463
964410
145652
222048
158875
24094
774124
896759
72860
330359
608747
697049
627899
775243
581632
31877
68770
233937
286309
957921
332340
531172
87498
315832
123757
118100
947898
742562
339608
606807
667052
234753
460199
240157
851305
343015
861298
161985
785300
448149
694863
167579
425115
854879
663882
782834
323129
955115
847809
408271
269093
86552
90463
510828
275802
827195
791795
90188
615620
908484
150828
234788
346116
243967
245363
78519
143904
808503
469861
273535
821130
78517
731243
435463
574091
875558
615352
197910
341260
767386
307743
328133
145473
987240
336399
318834
809011
859568
647660
322765
906728
934393
212874
295503
956976
896760
801352
43019
50511
709810
452999
70109
269378
184056
868806
370239
989616
189841
797468
547898
740974
423671
885201
882488
850159
930551
832664
869304
53510
567163
874285
235676
509210
728741
404807
347869
271781
803921
872058
429278
465832
658109
932525
865629
382511
887557
978035
39110
189244
316742
370055
347938
966099
294821
428201
753389
925730
969320
134223
613700
852298
373313
27210
494653
785230
292523
664887
108561
767959
730157
106590
358388
318945
233852
396010
280070
154438
473406
98373
639329
527525
551016
483599
998226
600303
907976
77372
833381
990477
98719
676232
548122
505329
352358
323351
433908
32184
978865
691756
583471
559481
273649
398022
150033
683053
162132
591890
567769
745275
570055
822225
996116
831326
681243
909128
356111
573237
33413
755870
473447
183719
562240
104725
977980
397744
942477
395624
581188
989709
883034
294781
64955
309888
959169
669062
782584
119168
766503
152890
574044
679617
312325
433964
33955
766491
389123
769925
855580
153945
121280
75234
558005
36065
627183
919116
454832
494523
862107
346448
478066
243263
490250
717115
194554
712288
839424
493620
632943
864719
50651
336758
832977
109197
512795
767784
381330
873872
744772
51482
170686
833105
699228
653726
279637
317168
636880
423041
568697
450309
455411
267109
635394
684356
650150
960764
793391
885708
91730
518115
590776
870540
993106
978968
711743
849042
616814
336922
596004
16562
350530
500700
942711
639695
472766
432357
289929
210313
336198
954311
396187
847299
175930
637753
816696
89359
227280
986260
274399
142201
671964
653287
714136
101037
600625
628151
859623
961669
182946
861590
941982
947443
260642
303326
83981
52168
386505
985162
981
144351
637303
972274
738715
303016
564691
513378
874968
238612
594605
594197
887628
997338
702210
778323
677714
166373
527453
311716
23695
114778
663386
355696
270660
673481
706054
830517
530947
89327
518946
696355
295743
821669
593287
907927
630972
189802
301091
852082
15525
448456
352097
599638
481980
838885
693671
601020
115308
832296
100409
33269
718266
970629
807930
677691
68122
103847
922131
516467
835550
963001
356396
513474
872649
387153
812056
806025
508674
485818
264589
14846
63204
381917
822928
688360
649074
355211
921519
448503
16552
763882
328104
449277
359084
897977
720744
771021
377700
978433
134317
739759
460577
295962
285964
18365
580856
923991
45391
279005
777393
459791
185526
727706
122905
723273
291102
49633
285426
654595
536895
312086
756235
114207
283280
146705
153194
166635
573381
656121
150309
916683
64952
31994
396944
999749
245670
623206
808016
476009
283664
351014
426190
69019
724993
477083
826248
392894
49392
756245
183937
660607
961659
888110
406809
994107
534675
714372
937207
980942
101431
210130
306530
877625
376025
192043
230255
750447
364701
568018
793237
396860
58431
384824
107740
870995
340051
302098
389812
978802
639656
855639
912866
714740
405830
193043
487253
688755
17431
866219
385687
512215
561186
247214
259167
772928
789682
145811
333059
960844
277141
977813
156106
774789
87168
611432
295968
837610
930832
889238
292194
126744
936171
691963
822233
357013
347653
338073
642308
173562
207743
907353
37134
253754
600745
353887
696607
974803
889960
358792
506383
514063
40307
335683
736436
733303
256695
677129
295708
879189
658523
227514
344406
277797
904990
520982
272299
411928
907419
296212
692651
540420
997678
121186
271841
374827
623857
508602
728552
297061
471456
412381
812375
960877
628443
950128
199127
160262
948745
662447
878934
787464
839576
951506
215572
815435
755363
839547
538523
219694
765677
279832
550027
174213
808842
179227
590995
880861
355613
874579
423356
616300
667324
616615
339871
347674
129136
838319
433399
410982
671512
412911
354769
306615
298220
826673
384672
625536
185439
942526
324141
140110
138718
790585
699563
225201
242678
857495
298600
805316
162514
56766
576928
900827
75169
401145
226476
286089
384278
570902
651736
472459
33353
47325
233362
623253
344251
373485
743805
418678
536375
710644
629093
783466
520467
83530
834446
995196
714902
775595
615461
240470
476275
433935
487704
199847
113204
30056
933697
809903
399154
630840
446717
3498
538816
326924
160027
17174
209128
117464
463984
530787
655181
174832
128456
448695
194224
401761
704951
70555
463054
507818
999757
301765
292133
405850
381415
367426
956055
807495
425762
702528
228776
184744
384043
385013
628706
980048
188530
480112
107352
527111
381629
165946
986119
795143
841817
772200
994456
625232
956331
238144
21825
651496
579556
931078
97932
297331
809235
419682
668144
25386
634196
644463
83291
786491
135206
678946
222353
11582
193819
364437
821550
610447
458280
757807
501639
516172
442972
100274
158575
657388
893614
860705
267733
267386
693806
797068
714187
628333
891934
273914
949409
369254
662554
569713
8752
140486
662706
48292
954867
615081
74840
97978
782031
35906
48437
616567
829171
955283
795158
686665
75930
775050
653507
388017
735341
891763
577968
903628
917766
622686
308493
284477
947792
131534
956792
136505
74378
182747
330450
634799
720362
749541
743983
510546
768158
75381
724263
14660
184749
14513
126601
450209
708540
101628
623344
811108
437421
273384
158125
713658
721826
435673
712483
768161
847584
268535
19570
759805
331406
254351
713867
250615
171804
475463
775779
964946
104192
587964
620995
41676
535195
43514
882555
41261
229178
690775
77815
932143
800057
682156
440681
209865
373955
267441
958310
202394
40884
461108
319117
274479
245727
141750
753442
789233
396011
217186
423993
295918
895192
145963
593933
545154
567136
393472
381168
697121
396600
700655
833821
897476
258293
622547
625001
241966
396108
646203
173464
216730
329650
822745
94860
643907
804002
660388
607960
286863
28925
817227
748915
586265
339147
365141
445192
644378
884575
71130
949610
693683
180825
564183
155813
513689
130245
438834
680816
941725
440865
466443
156990
773527
939773
676795
324915
815598
773434
72492
400244
572295
160500
157141
629399
169160
111868
279120
158266
42632
980606
783769
994863
618773
92866
380709
842773
88417
569998
390493
197634
489801
705832
974901
656668
756355
598456
562862
204807
720356
857036
113572
113528
377868
999990
479188
917800
402223
180944
48814
489765
232576
954016
51603
940291
790779
280854
205548
853103
276175
864370
37670
797027
688807
615298
249933
488757
35028
161993
214212
722635
222233
329596
336735
863977
810002
494373
176413
865195
798593
790571
101573
601678
532790
549097
260187
776744
15323
363322
175423
176568
547098
873878
293027
620696
666155
543701
759463
372943
167293
84819
248019
810883
859200
307501
33008
872907
313549
674471
21891
369379
897075
908143
539943
148921
180959
391292
812934
315940
421799
447121
466356
342260
726067
588638
136488
544932
219592
388101
895959
838764
995378
308154
441071
431155
985550
113731
534893
331490
159217
405151
193435
845972
874809
292675
660010
760233
996590
546047
511079
58362
154323
333440
989341
75494
23951
57390
480008
405451
906995
600693
40945
298193
748392
924514
169259
464480
705014
342115
546856
932466
614131
281457
123000
471362
127942
24969
706656
170596
329303
724437
295379
443310
724309
202794
114703
41684
819107
366059
211607
432274
680736
586698
155592
477122
203089
974382
785371
338317
754669
787825
793654
712574
929797
157760
592495
597810
849551
110566
542174
67116
445838
491874
568093
935493
86623
193780
36127
935360
767457
407671
3882
309435
233602
594984
933554
274626
866851
789828
389587
40894
597799
887824
342763
209163
882397
692018
654291
893223
706375
675261
264376
168198
751687
378314
974809
755394
893733
944449
65247
976303
146495
767223
170964
764877
85518
974065
898113
366678
55504
601095
989225
937656
983896
249572
695579
378461
646830
490346
347192
849317
545508
167986
770754
983477
418742
671409
635740
380777
186013
289078
278500
750821
240432
430607
289961
850569
152887
888140
61579
204930
91470
173787
854958
844221
299379
336850
938266
762615
739436
750348
269811
916337
552728
541802
461455
839743
880272
627515
902265
979390
449337
237686
414658
590949
763049
575780
1662
399989
189555
398491
627106
923466
978513
127268
11576
966868
803693
792894
308540
516511
680012
119228
400343
908045
637015
187529
248053
136678
248263
104012
661061
874438
305069
529190
706380
233397
288988
155288
412199
463251
743092
37634
671003
862642
65995
447174
827098
132222
139769
208075
756693
552535
951424
534302
191992
229503
586838
67506
53959
705071
499985
452872
967251
941252
18286
212586
446104
918295
984382
77393
772086
17706
819182
199782
867466
229821
640689
515621
154665
819073
827980
204766
406201
192292
998654
147478
561963
244299
518025
314570
973464
525662
750433
188371
421367
775100
89328
605541
453241
931215
567940
243953
272577
172539
192150
605803
710147
377200
737016
917286
252664
995744
969050
515802
623035
870858
74488
879304
607043
980915
707876
482100
733118
66806
130475
785233
646406
535475
859815
281019
406530
35939
636769
88798
504924
132492
907232
2740
874266
987599
260370
246827
577756
341343
381398
667556
755633
347980
575588
926168
180053
560317
8282
644821
66443
917373
848996
479846
286675
528812
842246
627537
881481
219670
418889
521914
135066
655584
978048
970533
362979
204382
649013
175833
970599
109058
78261
754719
679789
906416
872373
511530
192884
831852
808608
830544
456404
5749
795326
554743
459571
885931
907458
692171
834720
525227
563440
406827
822991
655483
112297
930595
376050
891361
627028
70164
714480
536846
48427
499568
530564
704376
949407
590306
747701
795781
995817
622794
340269
244899
940143
626150
598329
977908
64847
211660
407900
581223
135562
345683
612240
559522
214416
876050
708058
483995
848676
801408
855817
834758
442155
75899
591946
984296
670423
666468
223659
750475
13418
774247
100458
116362
145833
94680
9337
992076
551392
958969
14993
251917
34508
611992
211248
98776
596328
656661
960113
937873
699223
690498
561094
654254
577066
413667
406228
468422
304783
694612
832042
291650
884951
343882
615903
811120
291682
337457
173256
762806
95210
761589
330899
919651
67368
842013
842948
853793
638118
18129
59081
719431
889058
547324
186619
781323
800156
333708
171956
225173
580477
578390
355847
323694
852644
877655
984928
211287
939341
128790
760697
147958
389792
253541
47094
985067
576852
808389
339039
363201
385726
326889
41271
508417
269690
358867
319293
115360
202484
999643
747134
977048
776532
622094
906837
602900
980612
694643
423105
428676
665951
63913
908065
790929
422647
848172
979534
516266
110211
83254
802517
406205
565859
369410
12816
328130
24786
236844
595616
100785
189991
716212
391944
173652
531272
808033
89065
292791
307820
118594
783574
315003
970250
335183
207955
330250
302051
26415
590767
952228
674921
652755
547579
815256
472523
902399
87078
452815
919582
268585
458998
313603
874281
175610
796581
211917
337165
830833
539606
953243
161807
880359
154226
365439
428100
223917
57828
27493
36312
231377
217133
602333
551866
551872
222244
44374
787111
891973
818894
644716
990738
725551
244373
853528
835885
984849
201449
683078
784215
506595
130480
90756
760546
916678
306283
175574
290175
977381
494310
875430
909257
143799
677467
200152
244330
319840
12133
718588
819182
823863
230300
880861
359970
822243
619345
283510
740200
993950
802471
119684
875483
520732
31436
691575
105881
856196
23507
742658
459889
721565
582000
608146
62954
498436
815823
671579
853678
57625
125073
939021
164434
767994
267684
180582
939075
603815
901693
531425
325902
715845
830517
736652
221963
968894
179197
217847
746855
934533
250111
451080
848077
406263
287891
642348
421937
346717
713115
957224
172601
305998
905916
569101
750664
579506
850425
20874
193319
933153
315181
371867
664274
285481
399589
868575
211485
236590
313240
135688
154753
47532
864580
222252
558855
785945
230438
953336
759248
860326
316436
147267
721406
460259
585019
825472
300931
272386
383665
852494
894340
770163
441846
99050
823721
994287
898316
623108
89668
671889
614256
422639
131547
815326
592308
930481
1300
851173
110458
431226
907772
32002
966223
637874
985523
136380
820449
817323
217400
627662
895262
269302
931405
419715
743403
550865
452359
174522
895486
8574
14900
178569
811033
639727
215592
621054
478756
81372
963110
328513
500325
590071
924072
433621
595806
534647
596044
844861
324803
259601
398747
777979
989718
82118
46774
522739
697377
389461
20511
815599
876303
532368
58081
536956
439080
368460
669789
307569
148584
76338
381171
147343
86074
338994
750345
453252
443286
561304
646075
426698
187636
428982
929183
255661
138859
758401
80371
81385
165867
798392
112102
112049
525395
953471
594623
96140
116720
761482
499694
365146
108947
321396
623150
491509
78478
8112
247123
942323
435787
346198
564597
502727
380616
32095
701049
886343
142323
701036
367481
809096
150109
854528
957711
939685
455006
923983
190275
259295
744006
72622
439630
162718
773371
438441
662219
301526
429876
501875
789497
890821
53329
665016
544367
332248
990996
865551
909021
695149
375744
245771
900474
900276
908492
316529
853007
550830
898180
301123
977312
373079
78845
620731
132274
735521
13427
869843
984830
779861
89153
739905
848560
643422
381435
963201
560028
783137
474283
584458
59646
142084
437671
275746
708972
575824
525772
153485
400602
230449
847129
380961
295626
828378
425258
831029
112718
550853
561806
938360
653243
477592
389512
676189
5548
463780
192415
416308
940272
900550
864162
419348
303441
271856
355260
325749
651202
760834
616815
490138
88228
204050
574832
155435
20405
597835
796959
710240
600469
510129
779682
914842
904886
351426
180061
507660
918496
770552
84560
335510
497503
397804
805388
812274
151498
938196
770451
368967
678512
309229
775883
710491
821152
604596
314399
269094
89301
17421
323891
399233
95932
732807
373569
24893
906468
336695
639253
206417
336065
590784
264481
914795
760605
680437
609342
354151
710876
746389
717632
609821
707306
7733
931508
494357
176451
11323
190840
704789
716190
455750
388791
610395
170359
576619
25536
463335
273848
890715
28355
528752
31171
299488
387367
68598
732510
79878
714314
673975
304508
521238
349078
24699
931428
61373
479613
561354
29760
662028
761553
332606
804421
776473
752001
142515
158393
635906
776692
765850
968678
699282
381499
896877
232729
92923
942263
414909
267223
881923
521287
596583
831901
205820
219179
745253
62099
874667
969402
929600
132812
655499
325564
704099
530300
106666
242789
927563
44087
845424
552943
319259
124322
673663
750226
855565
9912
584566
858787
897858
455291
983056
765254
768633
874101
122154
130897
287710
818985
314338
436671
620218
416283
441883
5006
578953
158777
431004
955254
991465
249509
915096
313222
196270
215840
692488
450012
721618
121812
330997
946304
202954
145086
276178
163934
102196
375926
695365
410206
722860
603548
267718
773538
138173
210721
270496
431835
860468
29359
171797
76168
397713
35062
713631
307277
481687
93844
634128
665068
4483
466784
349658
750754
550169
923476
696875
151072
621145
490708
121521
742756
979473
456223
715387
876404
784460
290897
762048
141367
616296
708818
784120
733744
333893
384159
688744
152151
668377
460531
670331
251350
888865
768273
115596
596765
959538
363121
515457
919842
706926
100420
819089
602040
735569
359398
485029
634123
228267
289184
667228
799990
606120
379542
983977
380225
501195
499603
850711
240250
832121
176879
268589
832430
521202
958427
99117
178245
894618
81993
871286
969079
67253
531002
569353
43567
926770
628005
683048
374266
975902
965057
684314
492524
345529
460080
89676
711759
228582
751624
825234
162313
7035
979326
553866
544521
358137
445361
102561
785197
313045
69521
356655
541364
365813
426730
178814
737691
293430
678609
192936
633238
1578
261865
848670
876460
193183
265106
316357
769263
791834
237616
338810
461975
758115
511251
379063
139771
867898
300232
366925
399147
94951
21179
973777
465836
829615
688967
26771
786705
544867
16924
916809
220978
471186
801484
112075
297740
490526
61106
863608
831285
39020
793535
486006
307130
503413
345698
591318
189655
679226
73235
895829
784529
427540
194429
690366
990964
197225
704774
134894
747877
660475
54780
469232
289379
817242
133533
461254
936926
175738
645123
792713
684083
318943
166058
683943
492868
582388
806560
235980
679345
730363
882248
418524
670709
534815
403914
721180
989343
62886
188954
376688
538858
226178
981988
261375
113532
717510
971537
644467
400568
31990
737465
729692
167360
938039
87333
637620
459338
910373
715583
341949
669469
218436
679449
733767
995369
879822
21654
506253
636097
979754
152441
535999
549046
842366
631176
488411
909393
228571
634588
84468
663084
795479
446536
5141
966381
149176
994148
279871
608480
26380
454197
95629
414256
130646
823290
660025
303938
679331
632853
447799
492015
704314
65876
341887
18844
730673
946588
958184
298871
888476
861489
752368
617359
28577
580324
907288
294224
668903
198746
885676
537562
694317
983860
727072
514366
190327
246688
333846
563221
956450
631292
729341
445820
938265
731298
287123
173935
797792
798676
306762
876737
39758
608389
358665
8565
754648
997314
19017
304061
112135
671356
612064
735116
348491
213938
137563
427994
57770
995967
114563
843636
291217
503037
442562
773756
826059
701845
70240
241924
865423
951717
218790
457667
958003
539020
407075
813170
825279
287701
184460
875206
955293
307069
663294
546506
674284
746338
337504
180184
240243
366027
320804
252148
272626
664206
378156
378436
466260
474978
755785
60464
37122
893570
838494
326994
847953
916665
81891
615642
761755
494032
879686
580161
514987
739026
979755
183656
967698
484025
658452
815949
889911
638748
766504
1482
725410
509918
177704
694905
782780
9075
149509
35068
367518
767255
171586
547051
352257
579885
397633
67312
743913
860121
156226
455159
217711
388619
520762
113730
681705
128284
633356
701528
891896
845840
352870
327389
55533
659196
803579
751869
590360
630913
891416
222786
119087
317238
145253
710982
986904
628580
357563
628098
758612
793834
59996
662596
36551
990785
803347
958079
794984
267674
611369
535932
960385
108132
984769
751023
223139
983401
189585
350052
158634
101400
560701
212248
24808
188061
32530
124901
301617
96236
659035
650325
469955
426269
461027
330775
892815
362418
790473
650510
320744
17012
552249
370823
918919
723898
396364
897027
57337
932299
213438
143923
946022
521819
657864
993410
370558
595762
932506
980300
524993
722794
529783
555308
865963
378007
481900
281266
409275
476417
326638
930612
370591
470156
65871
75451
749694
891833
253405
233951
880609
159173
228119
953709
476415
951151
929357
262596
864675
661271
786323
277567
700796
393474
67425
25164
461121
604794
295690
558875
623871
118354
150615
999667
719168
353096
137792
572510
564249
860099
156614
332101
648529
965179
386672
552470
529705
140663
207968
724257
29581
832946
228496
259586
288085
631447
199535
424633
158904
163564
986194
813398
58382
277067
362905
687759
298111
407562
186399
247668
395854
747132
415581
982905
745084
502353
117020
110706
331290
310296
586516
624286
713710
568613
314598
520090
904897
567758
383219
889911
444612
418703
167447
275237
755100
193229
933894
206990
386897
741560
507585
159487
718926
579785
236852
659969
364758
189675
292399
171142
613188
643254
666687
707647
498300
535318
187240
914122
55412
163018
524418
375369
199385
488904
13166
164814
474271
898943
34163
879794
831080
797428
339320
184005
593936
101326
133472
521503
386707
306029
584510
444565
125084
953204
821043
407560
675434
35879
454891
855831
713249
390000
87664
752820
844523
3452
980073
244884
761417
702722
372788
191744
670010
254116
830107
803081
153798
829486
330485
656344
450151
247163
479580
488675
984277
971574
79238
589820
219053
18558
639810
352964
692029
668003
941905
868668
976174
811661
908447
159484
691790
8893
161564
982972
948538
481579
561916
984015
781157
720845
810119
838640
874695
155769
444445
691637
508260
905569
831178
816096
745463
731774
757058
912341
355707
225416
331385
333477
363031
321889
431009
948488
99172
271697
897921
578538
618076
511148
460655
801052
947296
248784
418346
722347
429029
953931
853654
269454
918909
67225
703444
842232
499518
125450
962621
214734
279697
263106
713404
7795
565208
375451
595525
995966
834621
414629
126582
181325
719764
492621
842888
860723
389100
120475
62065
217357
944567
395861
968474
18994
980243
642369
448888
21064
846644
668488
496138
628019
120944
627766
139373
900265
752615
782814
377503
408865
58637
900827
372750
79978
460758
667313
301020
625688
365885
662161
418610
665177
64880
72059
742334
954021
56859
857662
845962
972948
241487
10971
398394
973385
987855
57160
920994
761996
693559
263888
955650
58422
112330
752343
832031
504901
703446
893243
208382
254992
319686
72407
448448
934612
134404
302945
678165
376748
524168
993203
513118
258911
251458
258727
236003
711571
19168
98843
519598
962400
8252
697748
361090
953792
872934
220478
551995
652130
733321
686289
644547
375517
550012
343632
125870
866050
575783
49323
414067
766986
181072
825925
929160
157998
540545
667472
633561
833110
462680
633491
655204
675753
559851
743757
725812
147587
204693
757812
370487
35141
86946
649942
293374
689989
357459
822689
169106
831974
824718
745022
491693
557763
530789
565719
270556
545349
391681
858105
133103
586836
864810
973589
507929
800170
528630
674017
682859
267971
345037
484700
509096
971825
593173
617262
408452
163340
620030
250413
504766
319046
400619
80956
369303
343004
384251
673294
552813
809064
673012
288072
475513
559571
439884
50373
302625
252713
205459
675315
653179
870085
484224
663130
661728
333995
827286
665085
169512
529268
936434
727641
568199
855332
985716
711370
388611
291799
109640
7245
941649
482266
957200
629408
176524
561367
484847
306950
953169
898792
984757
296999
316921
963084
182178
181395
967284
432055
589081
676903
622590
826115
620323
643848
468993
959109
672668
42317
182535
674619
8254
598137
335514
364897
921095
631781
106427
698402
359242
581564
24571
923116
44048
15520
585848
774748
76904
209643
412023
293016
499538
425168
76571
220220
810564
728479
476032
301996
57111
197031
651191
563401
852881
588277
928606
197183
996559
245051
233562
996730
125071
631629
336500
285880
190296
748676
596685
371578
848326
251781
468863
393812
301302
653212
436306
505764
432458
934081
400408
24479
727641
808829
51750
480071
617910
347558
750895
117177
301659
226822
953278
599202
268275
876826
270159
718610
458241
519222
918155
451048
441008
368262
944351
886061
179639
258351
90232
244925
627816
860371
101661
134944
953558
892788
852776
447864
822881
238640
672290
473746
273952
558570
64314
866078
981993
37705
363746
190780
842815
748058
484615
858540
705817
860625
349995
341544
336267
794733
349024
133582
363028
140921
669858
675572
835459
479534
767826
376608
165894
107254
96395
390928
682256
346763
330659
375859
629542
91454
996800
948795
718151
533268
972308
374538
136950
545163
997622
792905
100005
724538
628062
72728
211648
887126
83837
455391
620882
909585
873655
752707
606936
905500
52990
334901
144289
16205
174476
535460
220126
672220
428540
91154
554188
9672
418566
324612
60602
521047
717206
974931
224889
505274
991623
301920
380384
480334
479873
1125
933753
889791
587563
924710
773772
909447
267535
915974
735365
504725
954506
221429
31556
690504
408748
650567
672706
341402
120114
328864
566171
560282
233309
828364
757820
229201
310062
434667
458665
519366
60033
75209
332395
726686
565827
464652
13973
298651
440082
529670
586610
135621
473648
63211
343821
44262
560866
695900
333661
311342
388779
325090
627466
959415
196704
589814
642720
393187
164264
941372
960655
534434
996498
960656
134172
642064
526675
674041
573288
682811
821338
847291
828955
204034
908498
110281
737901
352856
984820
490134
926353
347368
971845
894924
129982
562131
292851
791382
828827
991765
173768
501528
460038
405509
40969
280382
536001
559803
92462
231026
903801
23052
998141
276391
337333
626608
484421
821203
472727
880837
566644
184505
425490
759916
42389
314660
218985
112785
136362
846384
82783
289673
228770
934273
517249
96148
31928
616087
165004
811393
909224
916794
229244
951281
557837
492751
173490
206963
801500
338445
590913
66319
926071
503241
919381
514462
690735
261869
193920
878934
627865
799495
468386
15716
858379
383741
944757
510002
721460
596191
859635
214600
785429
548565
174692
582286
380320
589431
796295
611632
677099
52412
422748
592026
718097
964489
17484
117219
436838
959275
534326
670214
645908
506400
333911
72586
953686
115472
570453
630084
950865
332377
717416
267059
820682
926407
137062
658505
358024
879075
3369
961801
606599
290
368031
191755
474390
673599
231981
421277
440014
359971
406656
544452
717615
265279
581555
831520
78040
83964
855446
911533
113123
841546
634785
98533
291995
502997
269045
736579
259930
698838
738315
553763
420612
619526
723323
385030
249626
136237
787755
258545
533371
220824
139090
328372
475325
910504
379048
361160
230244
78599
304300
859026
513213
750966
15441
119876
79066
67202
105734
92131
958123
352213
498465
646115
494964
754345
976359
947182
520240
513047
406394
410371
537346
413454
955232
472699
641044
939935
767852
659496
31439
706100
468043
406742
15285
603297
839981
816179
592414
699667
935501
280779
831053
635236
91871
120939
124462
918801
472917
987495
175534
541315
936847
854904
12407
378121
897821
656445
313223
457255
99057
565282
77484
402312
157862
933918
104030
764942
2151
269334
880760
676810
297213
450079
78420
917831
158329
917409
900355
558145
420026
599254
277542
865459
90908
385842
61933
429646
691198
241949
650537
278725
882221
894556
584207
215109
94962
566605
553035
97794
686260
471953
986558
195885
25484
144196
114646
456706
359780
986535
898761
886845
130826
536095
76782
969132
959959
991574
672376
820704
761078
962752
988815
822269
494611
903800
649101
780145
509474
278536
801682
685249
167817
658120
448068
466687
683883
506653
972070
550808
498258
83747
741972
724938
834680
721893
633240
646962
54770
703817
750764
428227
94970
945865
420365
128275
787031
43612
453049
420559
175531
81971
291845
837967
884249
523614
886044
755141
448081
394063
168280
26446
107001
886391
503414
41835
114489
558029
209594
398025
839139
108525
470558
327996
939774
32285
512120
662730
99118
261034
980391
472228
526209
534001
382329
539440
896152
495673
482269
695425
795184
469694
230335
212136
165324
177993
550918
851300
294785
678650
916838
6132
590365
744552
896610
606798
143797
333791
813218
350184
73098
468488
195372
347443
590167
529062
484738
785767
36858
826812
895512
37625
741116
109901
585009
497834
221247
644859
168213
879289
235011
986961
968625
41849
237205
393500
49291
735741
950420
218804
919647
709167
942433
816088
736923
660608
138978
694327
97204
947001
99699
319947
69347
278384
335147
355808
622272
514711
474374
386611
82041
132015
910068
590453
220719
838746
753597
577455
18797
991821
985231
854655
550341
348260
102566
97856
586185
125071
492630
104008
575907
761066
550072
230410
510098
563563
800559
645148
59393
866612
44502
522708
832902
622409
716167
82571
835508
234779
300938
980611
682141
826179
47641
375141
121831
80970
705613
157539
736009
126437
117478
694652
418915
610878
340603
446430
907576
186477
736252
622053
158153
998406
102369
865729
116814
578571
956402
141558
813395
558978
540593
660542
437614
731554
161383
506377
556377
335847
471754
330212
833200
517957
947784
966647
607944
819576
832882
846505
873129
129210
128008
243358
595498
681422
506269
435936
774504
326970
273639
90203
518434
350545
145893
568898
992884
219950
494893
752528
588654
669053
975505
301737
888145
928883
852525
837663
109605
614494
724176
771728
373306
330326
969733
799340
670969
955923
980669
879060
366053
559513
812186
674654
652596
970446
935322
927157
752324
521516
475166
687005
920380
637585
312214
69397
793664
556531
440268
298645
950928
403570
498953
903927
731774
544710
8946
782026
854167
898805
659969
974747
889836
875840
869538
158876
363643
917764
879098
127153
171614
255151
672725
324437
742247
141326
418508
558418
824138
42007
705408
741787
975225
147025
513474
555785
766285
423012
833237
654384
31455
312953
388491
498270
728055
249293
320395
638448
779228
730008
612788
124688
188298
407316
302300
80590
731266
11756
885746
349530
940667
352194
970881
516892
527030
210269
825493
518320
373679
522926
363320
840257
145071
268541
724885
620033
444735
146741
910526
245698
994039
502664
46729
245940
621620
3456
169173
360699
522727
809316
173034
668012
71690
378563
778495
442917
265007
579615
206677
97478
257009
419129
491904
4304
722955
496758
482885
816920
402375
627627
383391
384743
141326
347274
149020
564209
758750
338920
842341
945521
324123
773674
728026
398813
248700
631884
696219
263435
184550
686029
306980
367776
314774
649466
692048
26544
165815
63958
828734
177976
628947
286755
638481
563699
559270
944784
787985
406364
184590
592127
368239
956417
599647
121010
709733
379201
791380
428305
507964
190754
971040
23514
218151
454353
735650
803301
481421
729463
820726
628499
645092
30580
653287
411539
115449
632186
564675
984144
699468
437129
949128
644859
230935
336898
103802
497840
957231
37995
697238
46087
602244
51902
663840
869882
70787
169902
715801
720814
542810
552887
671821
621664
56347
57440
171848
315501
720890
914960
410025
218621
534640
411466
557582
805134
421250
349063
213679
778905
637852
422319
413383
994914
872535
332467
276460
503073
33754
445322
608256
851336
46492
853061
102464
36017
987975
122961
975417
204326
457848
343241
100315
143308
344611
428086
845286
207212
127700
401636
523777
212575
669520
713441
575657
139606
544090
990933
827270
549828
784849
230521
278874
872296
596151
665845
274514
621498
534476
106778
387071
185457
597977
645689
942302
35631
407176
818334
733843
565130
725680
245740
445173
106552
887983
424470
711682
870998
577840
621816
228275
829909
449229
803408
25195
434498
409358
930588
546377
558128
779598
479376
149404
424707
7358
857204
437174
486236
359555
405400
199065
217820
133755
247541
877903
181207
537245
243746
264086
196631
419006
520111
649847
365386
525424
32674
218231
939081
56197
825291
540839
830789
392433
884870
117334
766544
498638
821965
323879
841925
575160
562423
571133
946006
435480
766993
207826
463216
406783
690904
708455
878605
839144
480080
227158
303701
664672
16067
925379
251506
46913
144217
251697
368047
322969
916817
138545
599499
467626
694170
514932
622624
75275
608208
915714
982571
737516
678870
344003
977656
422775
614860
926075
458539
253713
495341
209875
136620
954175
737864
288978
250992
363238
74201
349227
850337
626347
933892
935727
250666
843641
400301
797347
850400
972192
838326
361772
572688
973146
196118
211367
914977
755306
177426
253141
846054
936862
775067
969907
734851
184499
552773
951400
800632
904151
111519
909976
445711
386569
617651
660118
429086
487837
517339
262518
803450
29019
188158
477631
465784
778567
57510
251200
981985
928636
842367
203002
827057
809842
47023
1466
678540
39134
139980
654026
298238
358968
410174
378109
567789
867032
890291
799657
878110
905274
112504
566642
812960
365409
786043
626432
989976
412695
181146
762450
423914
545553
948199
799468
521090
159345
823867
197420
919804
202790
963507
366395
288118
478511
754380
16478
175727
727804
868823
889260
592988
757813
613401
436442
354119
534676
236481
788082
770916
233389
682246
865315
648754
785870
541149
263025
889290
896769
858196
183373
806536
940910
457422
687359
398867
773597
446107
105599
63690
437018
401267
543012
567564
436017
541584
456372
761764
426713
760741
909658
771472
151789
258686
371061
875500
780629
988085
209996
675072
165635
979086
378976
372835
728729
397232
194650
858442
677033
267777
501540
594224
265364
253724
288468
720676
137555
727473
682882
658410
542292
67514
271354
73935
290236
71638
12493
678989
113291
882308
171906
297302
137118
829949
149674
958016
89933
479789
99153
106318
583860
490832
39824
2903
958351
461222
239232
900694
200831
584914
958409
588685
962345
695445
315480
564822
3838
314081
358639
362439
131221
951325
209558
757953
121011
857077
202031
92246
197421
442202
847591
760916
740645
344989
298249
728626
991664
682275
987884
455318
977816
154502
85133
366145
401213
922185
490999
264088
523862
986997
991966
193872
64021
68180
749196
534964
184937
617737
487731
906966
167325
134538
480865
4240
274653
17020
623953
668021
86041
749930
467997
493978
282242
337377
182097
12026
242290
661674
593820
556938
677352
265316
755360
568346
886768
133950
95144
358756
350626
84239
481977
33973
435265
386258
522561
354485
359491
790081
650220
520917
690800
291916
454742
101011
24163
381430
967515
569901
657645
58765
573577
619104
130457
489796
457847
34075
375627
998382
648175
621125
651266
5913
323398
160104
54780
440901
623117
437624
4281
967296
979424
576260
308631
63647
485531
306872
838108
910811
642669
865100
4371
490309
417924
712013
126221
363111
551976
760710
39176
447929
767652
53323
733230
397885
459166
586913
914484
766263
603336
499789
691875
99404
421103
40056
239988
735863
66417
10107
995731
953122
217356
303565
945158
230887
954257
220486
360551
739170
204535
707983
725773
970290
404811
101929
515081
153165
53509
929622
8204
269309
900727
82151
993446
963963
265374
869155
136041
911462
135003
657361
697580
895456
469627
386531
525483
524998
179890
494911
287244
616649
437031
432747
557565
782574
281705
90260
96632
618014
450495
821050
9384
435626
317084
822140
450342
242289
81659
69340
793219
5341
874158
714762
340009
347072
977218
491367
938358
91437
886891
77535
725744
175869
498252
573243
603264
906688
979455
437855
839684
400207
722113
382124
488083
783357
417149
46790
324238
581932
89523
413039
819039
824059
304645
377042
535697
453341
217950
432924
533900
526277
334655
590469
286443
790525
70888
632045
106044
651926
13215
320545
424595
339194
770016
992700
339211
843997
329057
531626
623515
982482
89536
139720
497168
671994
951179
459879
94892
8919
617516
848368
228763
503231
847599
834273
909070
541419
53746
222709
764599
118383
445864
850914
389023
917956
667593
61500
595495
511425
520410
167351
593561
522409
862036
896074
986922
693405
271924
385198
416974
962546
403422
386629
688568
477213
638702
536664
633645
613899
473053
239353
633988
79181
605005
990215
652924
33649
322930
615440
355385
232428
964124
360913
352093
186291
111653
726104
486911
288936
647475
804747
847947
897009
11690
592193
239158
740261
352305
755213
660572
963808
368736
891228
300983
259510
586563
495476
624382
273348
268493
895260
575576
348578
766621
787227
819003
981940
895653
341272
15974
336160
154557
497184
899703
281818
743427
763143
315625
671130
63660
982181
605678
814576
388780
63042
156517
80430
768062
855564
329080
182659
346896
263300
296405
799399
449999
845370
617415
736562
430794
620909
230512
506568
355909
745876
368869
422127
238813
376826
608678
582209
700882
838468
610105
900476
18550
129294
706274
337335
405233
800884
146752
526640
954158
418989
239302
901312
913062
156561
242645
320687
955079
175931
274803
675556
684672
866889
64363
270901
470700
79680
3009
611229
624216
811085
360079
910475
448499
415398
432320
875031
177681
612175
125352
892431
804316
245625
943231
754864
584087
362116
920761
649265
680592
626469
314883
814392
877666
799459
238299
904624
71972
277372
860172
850546
45938
579748
928837
161888
462358
47405
45717
66641
170706
133762
934918
186086
186124
481229
822227
793147
88918
865081
382215
12409
88666
491857
752563
491529
715743
461127
789131
927651
313338
838161
126173
364612
287443
674414
691951
507326
127250
415815
839221
870889
904295
102256
751980
667319
35444
889869
951254
376742
856087
551698
292370
412238
381527
598306
377751
921306
35050
420057
619085
23763
735008
684005
620040
830552
680752
532623
384929
922410
504286
995288
398259
660516
765573
16190
430831
165896
238086
322462
132893
660660
557389
423859
498992
484083
825341
909628
848068
556591
176184
11900
665718
854596
526924
272859
794272
452465
921661
273322
332335
777704
964843
491012
477411
727173
939360
451919
88995
901339
813752
376162
12475
893353
485485
47873
518387
5547
700670
130371
557709
843277
253308
224789
251290
203386
562865
837911
127225
244115
67309
223332
302829
20348
788974
562991
104346
942992
807595
18568
397788
131444
944893
845118
924996
20425
446827
45023
871216
539003
177040
313755
866310
838839
730347
610631
106253
981945
666755
452605
503720
807363
985397
840160
568431
745577
205980
491453
45483
65929
912283
981261
352494
626137
723145
188055
470349
302169
297274
463858
591548
80167
729510
791080
233412
574513
980665
284662
965283
384836
500150
983409
227584
609795
898761
871106
975241
292404
168039
1938
851947
914357
191076
752321
231277
231756
355153
467087
689514
588636
803727
30749
36521
487282
93813
975118
582106
412351
473945
500360
99056
874081
296383
770263
440661
888921
348892
326960
865550
892705
762245
384338
718189
440151
907193
18056
517357
129874
987847
205259
903661
190294
468573
380293
581836
654754
599983
164849
248157
949670
44672
25182
385863
56337
536016
227474
239164
826633
901987
659275
364244
66484
257577
451489
182533
220083
950095
86343
558977
153839
640289
198960
834093
889867
614746
680334
356217
761721
724426
60661
543840
983785
853218
862751
122750
161691
599775
237704
810953
931989
692177
432122
196461
766769
659463
562787
797000
74638
536153
615074
643583
996071
140498
830816
319675
647872
695224
655067
959812
68860
889656
829950
907256
24140
297715
292204
670823
382210
911839
335580
590286
276035
609179
99294
189679
688923
644564
167228
417033
810795
90765
816124
809785
662397
587086
690305
249709
802168
52459
584529
901441
339183
64239
948593
764472
995539
618534
835756
62104
557385
348036
266163
917154
320471
486645
661534
888812
878647
774210
378768
296989
223054
366940
171001
106245
46070
77513
407414
577942
895799
163880
120403
692739
905173
544994
560112
362676
227139
649775
543425
87715
974069
846978
882095
426646
212819
418579
592732
921145
922633
251591
972996
870935
218427
228989
138366
588341
297878
215863
597794
199179
874946
690147
176325
890080
614644
539397
28960
381569
345119
34436
656911
380317
644106
187982
768437
779392
28285
847528
613436
278058
503317
408533
95994
855563
683319
287138
307823
212702
87009
501708
53675
841631
6364
493135
569100
760682
749966
28365
593253
450354
902059
102935
74299
879770
180108
488282
337001
605683
608920
624233
151587
608211
85342
670626
681943
973006
23429
99136
61935
985876
272475
465789
275187
174695
746697
103842
767116
798391
531687
363820
760676
541083
844588
444252
292008
842094
50814
383388
582959
372420
316776
610121
715956
231304
835306
382753
262783
577524
798377
255498
233571
76267
47047
203133
371360
161398
592909
480141
324264
994457
791749
532184
156671
267601
299493
427849
565819
166253
147173
861319
892715
463750
802610
734909
505876
195997
738619
400391
388503
287631
774632
482678
206062
663863
877290
652992
46805
495456
139309
312583
453765
925285
682027
348868
246619
864616
132698
901840
967384
395051
499077
394447
383234
86414
852089
375033
319207
91109
15061
835654
923137
685621
295173
309749
492341
589708
497864
727162
958070
315706
533932
685442
901958
948015
421660
318692
412189
301298
892112
972773
437794
484796
917282
110760
358038
519599
567681
762032
729296
482742
116990
823828
565859
375354
780036
491390
371355
455741
603813
832287
573926
423383
435855
122291
314832
892939
275933
616620
999783
525958
908873
412606
958653
634611
269632
328134
876428
124093
209806
6103
141940
424802
575288
542755
149663
656497
994537
125187
421701
491680
629828
495267
921675
973004
241048
52237
355463
380109
992177
643216
690463
263477
495051
630925
752911
498982
198818
128029
630541
471781
215010
55926
209919
493385
736361
165146
73390
801209
656057
596182
708743
874666
578875
837384
18924
129293
275141
26765
952905
434526
20549
743847
976533
70810
274374
832121
492647
474445
775842
872879
317810
734153
901125
654522
226463
725490
7385
61881
580358
941047
797011
742643
49352
450907
116826
651201
953739
157617
167631
163401
933907
192038
999293
759717
928634
937080
842270
795489
347916
204869
631624
846307
888705
301886
229107
731366
892439
415482
614247
422046
581644
36839
49606
600320
594741
292443
59187
827546
514942
494921
51614
449117
646783
934734
149678
568315
345526
690283
125641
622507
862439
781454
521923
357322
235789
751753
584416
300123
440763
540132
971720
133679
522388
338381
75334
791520
481123
954606
800764
556727
68952
317591
656423
315821
844128
128538
169291
350927
227488
439158
368123
168314
415757
682603
20231
80710
937258
615405
302594
120320
36127
845683
302894
214159
968691
42606
633991
903287
742950
275799
38057
236028
947054
780897
776158
884446
919564
694350
105544
823747
259977
408926
995559
234419
94546
428449
639496
718461
159277
205358
850187
488694
906775
919596
831439
920737
173308
421005
438396
786410
832018
158811
958252
65741
58707
585962
184182
74964
842133
346158
211353
70269
826119
380261
969346
694969
619338
460724
613114
917457
190250
842064
101039
266852
226103
557523
674206
642123
97732
521967
543385
624285
743547
951998
240442
887502
654875
753335
546596
921714
38480
840573
117362
51424
150254
253969
159424
845553
912649
656936
424466
78376
545075
642136
129636
239851
74579
134636
339534
109808
468958
164054
618452
317235
138229
15556
807112
170275
303323
959435
109212
606941
735697
683392
284552
698831
543312
130342
988180
225791
886819
802433
408579
405156
472414
224009
518044
776498
118782
50170
409558
645171
808991
20552
271007
407761
103956
18480
67721
722288
850407
530538
997969
19768
448173
936891
126222
202160
779268
612326
897779
148102
36779
82306
233152
845675
260863
556519
278027
336923
789006
12802
246439
20666
982682
413192
351406
419354
527980
191687
265393
648729
438225
999640
743800
647847
892406
614961
475768
395942
89755
459863
284624
798378
605367
178352
451711
789343
366377
110455
188647
118346
821141
301128
464374
742312
620195
393371
661431
834354
977936
475341
799348
937282
246639
386266
355525
994448
431360
728040
691130
791445
740715
918972
93728
912016
971802
320463
739892
655910
724144
185723
781730
195300
199017
642960
876472
913569
737679
303620
677228
805503
709654
655046
264902
805776
839701
490099
198955
844564
626657
301410
752200
740704
743560
598234
527383
185371
423399
361315
367377
855651
110632
606905
324592
765325
42780
291741
207392
487816
134449
273735
290177
153698
314640
712374
436507
226725
851414
423911
907679
442010
189484
174116
249622
827373
246469
405555
250217
33648
856115
518064
902027
830074
944807
45365
287111
372776
283267
918005
378977
716675
955678
131752
464108
66754
298131
295072
419304
83174
530630
578555
518293
613635
39349
156785
530072
677151
413046
999629
872073
829491
440082
424761
535191
307406
303038
644337
453209
238105
315122
567130
463538
470581
31593
798636
845023
502593
427635
434313
227360
214007
435962
23474
284480
386294
826959
970063
765635
223962
981104
399787
345516
840839
861145
884483
90152
475077
856835
434099
346
81605
50365
464849
628356
624386
29350
581461
450702
358851
12037
283509
595830
410685
793605
143056
133781
354709
48592
705472
16138
781250
988678
12434
575749
133137
298458
95698
815282
366978
958857
402943
59903
503568
336248
19869
976780
929678
701546
852202
665647
863277
853083
587816
768864
852506
521531
290265
737800
574788
591882
321609
830049
52667
533004
430341
108681
817972
527146
414825
762217
684073
168101
358231
990844
473373
289911
928964
217023
501181
529160
821228
479412
214178
258249
822374
841554
591411
432945
708818
323212
920424
938514
342638
387388
980585
180375
1352
867884
102548
502300
76686
981441
829790
472426
606785
519813
760529
964622
191752
743887
110003
977492
532897
834065
925319
111525
963122
208446
246381
655162
825470
612566
285860
183868
592115
50383
599408
990714
784415
100513
783703
257350
98307
270191
444165
433901
712768
914637
925583
547280
613486
580914
770836
532067
988556
829499
453568
103682
860945
147865
492650
162347
72481
924121
186141
295324
998299
972495
595892
643978
242319
790366
477342
381883
42509
705061
989250
449729
722072
933065
547324
305747
315642
702747
37892
543753
557041
70566
949232
438708
862855
734808
662416
556375
334911
401482
850295
703878
16555
278702
423321
213978
321755
279892
325136
395598
481200
374105
29497
99514
398798
445164
617403
551081
87343
283326
627495
206681
479893
741254
387259
150670
36504
667630
591297
477907
477149
984029
228949
650766
123239
107938
737155
527679
753735
392058
18382
119957
253039
246462
399886
411885
960933
445420
883825
931368
842707
258896
200354
378087
115002
984206
304774
674725
543623
357903
641699
683826
657790
474438
331163
220232
992083
324894
671959
106508
774040
277506
651967
527714
584335
790536
199845
897325
311777
803898
943617
60578
500776
333187
568599
14600
274983
392819
854069
701518
682201
770543
939224
918408
494822
797944
90158
741768
94898
93974
152375
340309
998608
245216
928197
942987
873493
180651
576802
885902
254214
309005
55440
773356
775155
781069
513451
483151
434781
775977
527339
834779
561234
239682
818694
221930
182682
391400
623666
460257
533834
24510
881864
661551
333429
253066
837892
817314
273282
415771
851881
114853
233433
998359
413953
453210
695
276128
445890
521040
419554
231587
196877
310305
993270
936701
966863
196523
394205
784073
343306
928425
428765
857994
914542
821357
941259
447282
978785
438012
681949
346829
500638
817286
29789
813965
496953
535680
902586
418610
776065
5216
412729
747478
728894
707444
954120
281298
742041
742176
618099
857296
556699
667186
372720
79407
519246
943779
210132
910860
449279
532653
819560
648820
410533
733699
529175
996450
390620
281138
304382
254582
674762
821650
91494
725557
76322
852776
260366
70135
706759
102812
830368
714097
984008
130065
991494
70559
430474
485670
458582
879118
510339
420297
262249
283267
542498
951667
378121
254540
834701
911876
876552
724385
412802
223803
951662
647797
847135
167249
879434
581215
919101
480627
84905
744032
669110
923
604005
867408
522375
491146
962772
615146
528401
91556
594402
356400
771130
439399
781817
288060
598640
247753
274908
324325
576142
160366
858067
920202
737175
270915
875713
232318
822622
960506
438033
879760
772488
566818
954127
165045
869610
268001
236691
399572
915340
639185
969687
467694
259791
505589
637802
537129
544938
640727
737790
312120
604176
993983
267995
538472
732846
63826
54646
345992
411280
904580
210461
918006
471331
620411
75977
155586
649493
940482
248726
114818
898521
395494
888142
937778
948934
502193
812577
768517
670623
407936
818417
740044
393069
483587
516618
415298
465737
351953
693807
566706
574710
787686
263055
646725
447018
888442
197975
581036
529133
842238
858593
910950
444507
256757
283977
43054
546628
289965
786592
888197
770546
47322
281658
770199
869450
412429
553442
431244
788043
694550
70062
606574
653108
19315
962861
422194
643330
924339
780348
37285
279383
720235
510776
949684
954358
649044
313101
613336
730411
594112
958509
107420
980680
435447
750429
562764
210889
447026
577257
729020
663449
731123
877496
872178
656110
977535
646586
232177
193807
174073
591422
74851
455541
942365
926303
811746
818255
328213
582174
217955
204192
606331
252428
302271
106756
356908
196382
413663
389584
452485
540323
764036
213398
599037
154001
838193
240328
774687
937851
529141
939956
309922
982751
452632
886637
934246
403867
949666
774410
854030
913856
100418
613640
378868
384383
308514
283851
48653
853184
236293
395521
195355
779986
983897
78823
445193
508
302111
867238
202342
882034
98611
700373
351937
588580
319226
35234
554333
53872
771240
290826
636817
717111
250604
800261
79423
78988
344504
323200
945070
752073
586992
364610
568263
839676
845934
388208
126441
743487
934832
588908
211817
516645
246623
130711
155433
322256
416444
714871
763603
256288
801129
555124
919859
279238
258194
234109
38063
683702
369398
455368
503395
516475
387414
739126
496413
966372
980024
590164
226098
86300
581528
661246
835579
808343
989612
367262
940911
764265
308499
357906
848030
51441
440409
618028
785288
597554
205545
497746
942424
994882
504016
309702
393408
778907
641577
562048
457074
797454
107691
925047
37176
442200
87307
334144
997040
378317
596111
228685
386216
781809
149745
477462
674002
721894
869676
530452
964900
394431
988966
948842
668302
834290
99577
773791
407705
569516
78751
542086
393497
273087
204602
728383
214542
1463
578814
174806
695837
757834
516412
103240
179366
703533
281867
130726
692738
241859
1045
797779
837978
443056
581307
237799
29607
837388
672870
540150
63297
999860
463980
416107
823590
123514
837594
275213
877450
849340
532260
345956
826773
883090
343910
590389
682686
13217
180310
223528
977666
15820
541001
147851
103232
76555
141214
618479
98292
90196
5643
467504
792974
147253
30658
598610
597742
712707
196031
136135
28159
269100
682929
933582
112621
956713
898
246133
24900
245776
935813
267199
879974
451974
618491
263328
735849
138642
808962
695717
221643
847116
208539
825520
344338
718004
162518
932385
563973
907871
559324
8849
741056
775755
655705
935224
768696
842900
537796
951918
755468
467648
216012
878607
364291
824884
687393
213303
520552
52234
636379
900524
929663
711802
883851
739675
735907
296757
517789
504187
816829
207184
680806
446926
282339
171357
633296
624838
895755
116630
705887
616196
541354
181491
442015
445051
831725
489307
216236
431027
33299
296886
236062
303978
408997
317217
252815
486869
937235
505531
435466
881732
271853
56924
607761
678563
934778
363686
483851
447388
408440
679219
12680
303322
360625
560558
987186
787049
204791
768766
332179
874553
486396
36892
113725
740546
128592
566853
898074
23873
204215
101707
849168
415712
921894
845063
195792
387955
851162
304617
704252
675551
790166
609712
583475
309589
705783
623732
532410
116796
532405
907872
703176
635373
669432
223614
268910
917272
999188
211627
987041
882883
458531
632873
966757
28531
484414
84243
281368
423139
998360
44715
561177
308721
416246
451792
669075
117528
316623
60363
796394
27224
758652
568584
407104
442546
237275
201313
864356
54415
422918
151446
528664
332609
936747
481561
6589
68065
50760
205830
614109
982806
646406
489264
244053
603319
638062
383703
214429
330056
988236
61173
291637
194977
560671
808439
490030
385901
995769
885321
163731
126413
171066
7050
725554
808348
399907
434143
503306
615438
642777
739555
545362
925809
595385
819580
150372
394454
435474
209225
204228
966537
261379
929783
168017
695739
833970
766259
544135
181889
698022
960058
668847
765109
21122
900172
810468
673018
547359
606910
382850
308766
483972
875311
378412
879768
685701
1299
601146
467120
961077
780715
651198
189630
351497
20437
402161
353610
279562
280767
974783
593107
674870
67639
910764
632491
222004
536670
912737
763519
991091
27132
90647
751733
498142
57709
540383
439662
307773
56056
884939
816874
940139
275904
165117
41227
345648
38099
688906
997170
154874
151263
221834
390470
106749
630789
505790
906643
267620
981638
23518
718990
48754
473179
260095
856375
522554
446433
834014
779991
31607
805680
470412
960041
576841
808652
778997
380245
187149
697460
194894
487959
544727
396632
800923
50814
31631
19176
734554
818961
433189
188424
441935
127116
453279
277613
221640
813996
311247
543838
389624
268486
510591
260015
35279
348898
442515
905051
25728
379060
711613
850739
753757
828788
156397
684518
382689
27071
29924
614899
337289
201675
866790
254632
935964
828997
508750
642709
576972
171273
390907
203986
573045
634301
980712
463146
20098
275787
120026
416995
585455
540793
557874
185195
176040
218150
41058
52001
920273
693731
998973
785276
383967
322155
425126
427036
200227
456832
590442
740971
614503
63140
703082
638640
139697
697842
384369
961392
320484
75351
896676
443905
842694
683567
187735
665196
269661
972032
157180
895870
827250
198541
390134
496428
585335
889112
833548
313568
60292
400824
923192
59236
533437
660114
736415
664106
441488
77879
209564
293237
279259
728602
90613
806760
991978
273580
579375
414377
978334
585494
98110
898866
987049
684754
47700
864500
654261
86375
175514
328615
88420
407359
616444
650163
842226
839014
93599
514484
467575
310753
505006
163566
704714
31017
220690
101133
302207
14019
972672
699094
582480
337149
60396
265328
53977
257990
181467
232457
369533
755755
858710
3750
384103
570922
573562
169803
454699
385717
680108
92483
352714
648516
11883
605325
350676
486615
23742
4323
726888
512903
659340
113064
673815
128008
474890
372525
821543
322814
309646
858336
24755
728440
710659
336529
971120
949133
598262
550114
527626
359953
49612
845707
942892
562164
222550
567880
736991
803000
580349
130527
7114
637070
971928
529489
520279
778443
796253
212701
35319
429900
254323
646379
604923
144611
766309
812956
525539
996476
87155
793515
75892
789137
589379
369984
774530
757189
395381
804689
84942
16609
487123
175861
427336
621162
180775
366279
719733
165339
610919
818611
392171
55492
643852
721376
883450
757823
776833
335994
307301
427722
697398
984155
329102
40582
698835
318037
660015
312459
365706
991454
560388
931494
366405
127769
358215
26288
138879
4285
793043
621132
714159
283556
49450
407804
951454
496818
730514
907489
475802
442208
520858
63565
436931
774052
349434
973702
808130
904383
6936
847770
894682
758050
566439
57498
258966
215230
419562
871924
481890
67687
713111
918321
243958
510180
902294
100295
589805
684373
923624
959772
148340
613761
330341
909720
664413
151355
5405
319653
37011
297329
972576
847430
781544
598097
441946
894673
288715
923352
234134
199242
379797
373753
758819
352350
849410
390246
338196
851897
509116
280829
5984
285764
859539
238290
271082
250942
289738
232533
10652
291894
432075
90848
188588
45218
481082
848928
111425
815199
406630
781469
514094
160518
843740
744743
755868
926311
79446
229535
145223
570469
785809
914591
326943
937006
534908
918855
413774
142037
106252
754917
998489
973261
589612
598144
902688
834564
98962
778113
689855
578969
726829
182911
607511
121724
846138
907430
740647
215777
544438
152770
995603
44961
845486
202350
32135
145709
183730
980819
859573
717551
905320
691295
563386
835839
307772
741444
239583
805502
310517
322154
71610
159251
39971
592755
475637
422016
185269
836520
527334
786400
945319
204613
148382
340927
127448
47069
235710
104086
425401
975979
955138
447521
271649
917687
338209
684511
977150
410658
649997
470373
559271
186446
376149
38496
435149
591020
64810
368421
744911
702051
116287
226230
424620
979738
531209
517332
318098
331682
240358
117436
289494
89283
871322
859071
677309
101282
620148
667905
131511
705675
740559
338318
407851
211873
508660
977748
33709
852895
560093
116353
178317
227978
972949
345274
654217
883573
721083
883188
25890
103152
259556
970931
737036
837134
934496
458781
158398
256018
385237
582202
253290
778358
710024
276619
488775
717143
963003
158083
315209
676992
680688
203558
274674
72977
278859
440701
826754
569291
787861
575475
672330
668603
802077
153808
808351
570177
354233
768079
323113
740349
47786
20317
673819
9109
584605
900721
673021
427876
805006
213891
653412
221698
726280
420842
815300
269612
569543
696597
351068
711120
905918
905829
242767
698168
140467
395366
335507
653200
23752
657513
491522
602517
477590
585023
761038
332189
641394
22164
322130
930493
349009
285349
346307
289562
763272
499743
661381
136655
82859
231126
483994
280952
926679
185118
606069
625433
794636
411210
19693
63983
880242
499711
134029
884368
663932
947443
620168
830209
598186
641544
274441
327316
80168
413695
437929
950588
914772
391706
298746
118959
272221
147411
182528
63158
235655
513010
890304
734484
66699
124815
556848
185617
403354
915556
23309
756322
448066
165710
245388
961014
24106
679264
431208
252959
204599
504740
485146
680859
470353
593135
999719
362111
964864
879008
728851
443775
537648
110837
427315
381020
787155
484873
808096
17770
379237
208238
939655
29117
608139
652771
570014
766320
967573
55090
978737
157329
994339
988009
83546
725612
517795
963826
219983
953010
619576
957329
870038
281286
926454
4986
106131
932773
46922
274317
887618
417903
613431
841455
867775
13078
78011
986118
418626
352994
837776
636304
341225
564382
760142
625889
469102
108451
329197
493175
867256
26046
713128
40955
469005
855553
333694
671831
393380
7523
428115
580526
844376
957652
294835
736317
132537
368610
198390
883020
37565
650433
52542
985616
220564
368570
4637
116512
650009
381363
399892
305042
804964
567895
324278
981362
702844
931041
392940
729834
685130
965969
159105
712232
776461
694077
481578
509817
173396
323871
919560
363858
375169
292548
428612
334134
270554
915892
199483
908639
341009
594555
414167
456664
957103
330117
568777
517672
381853
584867
656037
143016
664335
642218
524249
735670
952269
741882
460683
792642
111647
658524
62351
356165
108053
136389
19074
723218
250608
877815
104389
121093
132977
142343
172185
351128
849467
669177
249044
787476
996455
732295
967038
719588
360869
315265
449035
865796
967561
229262
408500
332441
716537
931024
878644
776731
840306
851046
725724
857517
599538
804619
600275
897806
387718
26651
210478
997095
216432
929462
233192
409348
811508
488829
170558
195680
466687
476154
643242
497368
110709
469468
204985
68290
349142
200223
428299
322775
468620
948746
98599
277579
19987
139282
708024
836094
548229
289308
909096
116938
663873
323360
349080
717180
494583
981161
17977
570528
934163
826872
324746
508790
38084
679881
778414
465857
230568
532973
63081
208893
726422
382870
673207
451568
834311
577969
46409
815769
811169
925614
264413
144581
100130
536539
867512
21057
550309
444974
461123
739946
872340
135393
550208
412320
271467
662136
245543
9753
112485
943198
842401
811474
678661
157421
723488
169951
713794
425741
102681
923044
874192
883123
60831
631388
520903
29131
201245
243094
313778
243441
590832
604032
998967
43864
373919
970780
339870
267597
579576
23823
164351
523350
176520
18840
620044
961076
301622
867102
481720
743624
260732
613730
198595
782098
663235
47123
110692
629140
800474
64512
832786
101333
471636
841896
873774
22721
282299
793645
791248
710126
998708
175655
368236
353465
282417
774229
987745
214799
790156
702831
535902
643336
499079
857559
947377
870509
727965
292653
690030
159898
215556
620097
86392
336191
908738
997092
720239
277952
456553
948695
946742
566076
947889
178213
646687
282475
318064
840845
193910
660385
544760
734359
730599
791599
748301
5447
183884
20840
181697
91375
701271
712577
192686
416479
608664
370514
340048
426296
577644
484153
310972
69407
8451
752414
833857
724749
981836
807248
845722
596226
21695
460686
49292
815513
8710
578467
434658
186935
647753
477800
824515
354013
220053
116269
871405
987102
866984
110195
915216
846122
525275
790864
375753
477896
844332
544885
222585
653538
398375
889292
424578
310330
424753
677243
325022
4603
329841
142406
264923
946922
726044
778641
880759
676859
956251
569474
760340
967232
45530
283845
314200
808572
655151
654697
939107
770902
192037
672424
920814
796841
323301
320132
467005
256696
824832
808652
204992
895743
512155
314110
33868
379876
583416
842630
690416
878797
731549
207525
553143
971083
681443
354029
301882
970867
280412
559208
484831
904974
23522
967961
454578
608742
809529
89754
969438
307329
812832
353508
444295
746282
304697
96941
320135
19690
873042
102316
799236
188118
77327
609400
886187
176386
640758
232782
924107
966867
212375
978801
536336
391858
812246
964652
882778
379101
587222
369139
245241
491479
60548
688808
113736
142144
759037
33401
106659
710655
835485
581926
640326
468123
178341
724128
387395
358249
947016
856461
505183
785440
338642
263080
648970
731464
477494
695686
203962
357201
175218
783283
663011
423680
857889
620091
894805
426564
576669
559173
387569
750439
749390
337689
196233
92512
904020
958593
117779
597765
949645
564878
188682
201373
917059
216178
776098
667604
747637
890442
320166
363399
140288
396415
837807
728383
893482
279746
658051
666748
526795
759540
634247
497830
835545
296232
801570
859560
898126
561024
885872
956249
861368
503284
443232
745935
909085
694641
12395
681304
618760
341533
822897
408579
932853
151225
893234
882905
438740
148000
910053
932970
970685
662444
698809
219777
94513
102072
180837
556089
76169
420607
922158
275177
53630
83363
497141
180922
192532
285834
31034
659738
813987
151843
238065
670793
484995
824070
111039
442513
448275
840314
105553
50195
907366
384848
158489
566715
950476
297772
404775
11157
664824
646436
942752
974457
949971
212352
738013
479650
330076
586657
316322
868125
370873
766911
543993
545117
705055
434187
618858
330987
194587
599219
631962
629434
576827
299396
130174
574617
508507
964137
532858
381313
779919
824209
991322
460046
899434
901295
590251
442251
119017
13723
835511
195366
647744
272854
828252
148802
963454
299690
178056
382507
368159
650672
371603
702437
780782
152491
944057
844381
487253
307538
945395
925569
448323
725227
801072
628011
746040
706835
292149
138040
245872
730202
342542
120887
941737
995979
472303
638013
762515
933129
649965
14422
97364
584980
354578
570710
499317
522795
287456
411469
732332
92812
656101
364760
233798
373015
804151
781716
58161
650256
732621
145710
238563
169539
637306
857110
591211
498754
154823
823250
462930
100170
405611
184047
564589
118596
22057
192466
839554
427367
207751
596652
568661
572346
634406
926860
725006
45879
791939
808974
210568
708428
154825
71537
39800
28667
489552
860295
173496
583137
382838
334725
292335
815955
733976
312826
960415
560356
449390
849309
894667
202819
683584
128767
635395
777089
173641
427615
660173
637105
124647
223260
388018
109032
370363
283653
812642
21604
969251
549708
736068
500937
194385
635482
828767
922822
161032
272508
34014
978711
826803
350842
287747
952355
473442
699528
978027
271045
301665
357270
12025
918376
42743
915842
957858
452427
389432
22445
850901
971748
23367
231659
475909
106144
519788
231636
668116
23945
28942
593399
948893
589761
383565
68079
109662
816875
499774
437517
270273
784041
590212
747892
513157
128127
272967
968196
18894
703190
77908
694319
368901
180893
393681
780903
66733
985354
198107
468728
311748
161855
77246
800050
865681
526151
504336
341246
123536
877375
543210
167057
711352
307985
170180
465023
854246
110300
441836
299239
31847
139120
197667
57933
265255
784117
297364
141381
499825
340843
135858
786826
976481
303819
94893
67118
248494
532429
354384
879916
395918
816003
54074
520857
602117
587746
629302
181817
159182
614497
914554
732590
142436
875578
473849
561099
216941
734222
964965
518919
860164
139173
571845
979981
304609
474003
25198
355505
283879
270198
49825
21180
96459
692059
659521
615528
531164
526464
984943
391975
198450
211956
572228
316893
422519
190683
45354
537455
459981
739342
392087
262451
812379
594207
549671
267271
447224
306938
527189
934077
252274
484326
82006
816628
724282
58411
304339
319234
756144
534542
153729
105165
428487
405624
171102
869945
901973
713269
458633
168251
220538
960919
981183
633421
440234
464699
980014
531706
465816
731427
120695
963417
881216
262595
672453
722646
666385
94743
152773
631275
809526
244017
12673
450415
605760
774289
516188
488453
34994
477100
44716
238517
799912
115791
462447
230999
828644
522781
394220
370731
270710
977652
657000
367046
134728
705454
702081
472359
921091
113923
58602
333672
103330
297420
342659
609168
488465
925282
20692
797957
408065
739749
806822
625630
506187
756889
90366
625623
417470
516906
353079
249182
230599
329168
504058
699274
984444
42061
381661
485483
349765
634260
894358
976700
372775
240388
945178
623605
334958
866769
14423
423101
431415
314884
240266
582269
108951
605208
152061
393616
679595
240262
932449
914774
351614
747163
991876
464040
198672
385348
333038
623334
577225
792172
252574
299947
184314
783100
190492
534626
686027
737665
666939
459698
239431
701932
662957
849877
107969
445938
333058
196614
119841
511892
929471
595929
676558
977977
539735
397668
80506
253494
797129
932699
322309
320752
202389
85434
86350
1945
640924
264283
845789
506198
463443
101735
90918
434817
380067
533801
73979
141258
780385
811134
950994
910456
145637
782249
770029
310862
141705
555459
674796
795848
96064
669455
991595
286980
901840
184620
20569
877310
72877
475043
679127
411636
811764
590304
912904
71464
457409
129086
352507
109188
55789
268347
672434
773527
906791
820043
809231
204542
403182
9352
924186
268894
829672
827398
572465
41997
69282
140997
343245
935120
737509
787967
624108
472767
332913
95458
442400
722501
845337
569560
290740
49924
884410
747777
809526
80341
143641
737666
342438
531308
550168
316727
875769
765722
71381
495876
887434
413677
572128
51977
910942
60978
438358
101620
955538
739547
184606
756464
995364
737083
78656
296762
762010
589165
146397
326485
621010
567381
676495
206036
169512
820734
473245
83924
804093
130147
265755
722636
180522
916041
227548
346493
5121
999817
233173
596931
877948
997036
486608
138638
768197
444271
712585
835818
827809
587173
245737
384057
901754
47548
609564
278019
857351
924695
646161
300900
253978
124315
27342
656420
483142
462598
687789
383652
837482
930041
632567
810099
771615
376022
524315
946688
831866
84228
47306
489258
697406
11983
689331
215923
237153
321901
380438
779348
344697
845532
693575
803306
261315
879078
771969
711118
279312
449350
668261
97922
665293
984805
808398
646150
235309
285117
792529
56523
76789
245919
457750
341567
145123
831183
625037
564103
352892
935245
984528
60171
279985
887407
800723
407594
748397
434345
118538
526031
564862
309039
162136
203739
101917
37105
364399
303938
929244
314949
464648
868978
981163
10979
979264
159661
486854
598665
975502
676407
981759
753215
789277
300011
350435
101621
739530
304361
195340
725704
221372
398634
624195
114915
514074
126516
200847
497410
83821
912872
116638
463826
185684
47417
231951
604085
178398
407863
818010
994529
47304
315785
342173
285096
556050
75258
860547
858898
736640
92010
584147
595622
356714
160613
750099
426824
996800
558480
22358
636732
722974
597439
456425
270088
708936
315620
136598
265848
501570
609763
359763
478203
899407
847169
970251
795435
568132
225338
367238
362794
539655
937841
873591
185512
374377
330178
164770
317632
246814
962931
940968
46146
814485
867914
625392
364044
536376
450232
534580
115857
654146
537139
197541
90939
376247
274465
327100
873965
450053
850608
531678
322785
743541
92034
459307
934129
17998
256710
851172
707377
170246
964962
664438
367033
967397
308044
93351
893888
173753
686328
852508
205539
908336
131308
833477
691654
710805
707887
243301
983633
543978
994463
929665
823196
798878
816482
648357
989541
979627
221557
552909
197886
773262
174240
379127
608708
791460
687050
760451
273097
3870
252136
175427
175635
794337
702481
425445
440254
177853
493998
491450
146812
526471
235149
242210
711549
862036
895444
20886
580265
437397
269522
847954
829578
946250
181681
959709
187719
703780
335880
747510
416267
389052
29453
108829
907269
367465
861544
291003
714312
702721
710690
424814
125970
131376
183804
339253
404777
261806
332124
838965
447137
778464
160034
292774
338747
525389
184410
566877
619944
359675
398730
48502
361835
130149
48874
493341
6556
374876
409715
385338
658760
167416
128656
64183
193462
14968
23025
161838
763909
356989
208831
826164
685296
706912
49002
509501
304308
536939
784605
113194
803528
31291
930579
303350
154315
900016
921411
426488
602940
867470
731703
240341
816098
672243
413883
283526
912140
308981
533424
628226
968371
428695
929280
157832
97851
765864
159531
572427
827736
653497
285824
698681
699918
94073
869992
981930
760592
386351
359645
235234
79178
293138
244856
394051
324219
363976
469607
574674
439673
217786
931773
240355
491480
61712
232035
593188
57766
564686
797804
174020
520717
185802
777671
947262
860444
911945
727117
688390
311135
474422
733370
141134
82346
584254
417209
634037
227445
350346
51992
681869
425441
401562
393371
779655
912025
44219
429484
334461
816019
453093
939568
704732
156790
417331
136180
149421
449110
412095
761414
360318
244442
106457
296544
523441
950143
595684
194368
894688
773429
148366
335955
11564
431143
403626
902351
154145
892440
174828
287136
805831
285289
933056
416506
14216
81655
539847
394317
567353
627297
509423
423639
39174
292775
180909
736147
711295
934574
667866
675151
772217
855968
153576
813211
330338
394928
249279
40925
851237
123899
653368
63042
316022
302602
968564
353103
119034
640308
219162
28181
317398
401952
671533
189443
568275
952872
226502
653973
406571
873626
925938
967147
438835
541784
257578
951156
721700
684639
219627
884553
90887
241764
378994
867414
836925
465626
614934
687027
173544
624465
474433
966161
996730
933816
915148
624527
476504
765251
403575
141420
282986
111271
802050
519959
494786
128770
839338
602211
929126
31065
731523
254294
2684
322425
832046
469792
600465
317118
996920
907305
158341
540594
605903
677315
436375
563853
459426
455871
626057
496730
992788
385307
52335
381819
777372
23897
670490
804547
68284
559531
827163
795585
392475
944266
19638
866844
314177
557221
778789
619354
508271
392374
675269
447291
305369
466353
100385
594050
712577
325463
529562
713299
629361
915751
256048
975287
249173
753651
728175
934589
966706
641168
311480
503356
194375
469799
844971
267379
386687
989032
211630
9425
72655
416863
714717
645968
109426
749727
193102
655611
431743
1050
143807
805265
475619
819666
7519
736322
232065
124586
984693
238102
849379
528150
898737
547373
333147
208945
151949
343073
503610
822766
791840
744519
527916
790950
431359
940885
773807
120079
379856
184349
379694
883853
169324
239223
688126
596322
74224
573054
184308
465090
33825
306032
908000
490754
229049
485113
748971
97390
242258
841865
941128
467513
774190
860769
391834
266575
284641
236142
539554
842759
215772
777804
409507
842484
761174
942187
921237
945819
747096
119631
21121
197758
736934
523185
820031
705175
147461
728067
645258
233056
502829
978577
536189
124751
644237
840323
594605
412704
344310
87551
451106
206090
704357
528747
176882
376531
941808
330768
896316
363135
566027
941402
932926
720292
831351
70844
469652
392985
302473
471024
891726
903309
886611
521564
394412
291187
779633
241040
331192
322843
993393
336748
500800
271004
531488
593247
862191
237166
294317
374410
138184
952532
545213
442818
874238
80758
258058
562420
594994
747213
323576
465187
889865
234423
93686
235278
734249
32746
867725
834413
396753
824325
992457
85721
178130
409026
912832
898635
807598
213896
841411
983548
424396
629277
509345
219884
144916
385273
205203
759615
161965
1333
32199
481985
642640
616482
841740
165834
151369
385975
886678
673405
387210
970786
745071
557354
492588
337727
247483
118740
843779
443750
819238
882764
74716
639839
413292
278844
420054
130865
256452
274432
49882
833943
133546
333294
450104
234196
255111
988150
208607
46942
71808
282981
23161
134517
571736
590724
532065
428183
221507
690909
982658
337548
55176
194397
247757
822236
99665
568597
225046
590881
902354
998874
627212
498103
458196
222605
841939
987599
408605
810549
387648
573091
380030
584328
84208
734852
537849
473353
684165
411791
750412
133003
217982
126718
724126
637971
397938
766618
163781
379355
342953
223694
58418
422387
475607
188247
397178
946946
5110
936920
571649
655403
620991
454347
292357
588939
466628
115473
355524
695646
72941
973546
535052
853121
855437
27199
741469
341970
805024
683292
420028
87731
248803
650300
880791
226030
585808
99069
43408
429747
513845
686387
894632
684668
120240
246232
278025
342737
655241
123169
904879
238503
174892
293740
711156
324708
819777
344021
18168
369534
845738
720039
541034
349825
410776
622511
784885
764399
701834
950893
271881
842817
71076
710436
959108
264972
13608
957777
80317
992895
63891
835512
796461
266761
617686
730841
210427
336151
426096
356482
417955
856507
625380
888766
102018
26280
651036
494635
565376
307930
71642
396329
944474
837266
519511
167918
737482
195839
83514
534135
565910
235512
626614
408217
938675
806758
125440
165366
895123
376831
422444
693066
511250
667181
580451
88613
575928
973581
406147
267507
333612
140243
993235
89655
602550
232714
864161
724119
383855
326521
927867
692112
43080
885985
257414
71433
277171
764324
130366
33990
593521
744832
136842
807091
998457
440376
277755
91232
472130
378003
916321
201420
589101
481277
87370
604762
218770
815436
597208
246305
983398
270558
606974
719583
979910
764830
240599
311117
22882
639461
694498
246669
556041
372861
157278
40191
511756
956992
798974
655220
523986
628767
961418
321530
363128
781822
463826
983126
404002
176573
1614
88848
583843
607058
844951
660520
805829
706194
744444
748390
986613
836174
868866
571983
943054
146906
501628
851956
20864
479657
223618
217188
85405
897364
9425
139329
856192
745721
130623
163056
320602
528448
273433
702826
218202
48889
716763
594736
80440
914529
396235
7771
16735
799812
460850
323729
988085
139324
771512
506580
199048
930199
762843
581172
445462
256087
748172
201189
435001
239826
715046
489899
469037
142714
106507
318833
176895
261111
693533
41594
229333
476656
496982
479598
379924
814953
886149
901270
839857
785607
508646
958371
295000
941102
507996
282793
515506
437323
258445
885673
57879
546094
42074
721995
599120
315662
128569
634154
787463
999153
337010
203722
679885
640227
264818
5925
375816
401891
134607
794658
47031
910174
757145
808743
546724
391955
731929
271877
303525
197461
472233
478866
255950
919663
926512
437717
76342
373601
799736
246105
509092
897225
934061
785636
564055
345693
169012
395202
345647
151637
533221
345402
270843
761253
24551
331234
3168
656360
419495
15118
211938
707096
657908
531172
444626
423674
855226
552715
987285
139991
31578
351362
920268
805412
100450
456141
755749
910211
390766
474889
980222
414242
139354
488353
58673
411138
350690
84377
985984
431954
252697
786376
867934
774777
870403
557539
692760
684531
850383
820019
438494
155219
530228
675112
570290
449958
840998
179976
540588
30456
341941
874752
374695
105520
734915
732891
329164
34710
873376
690704
508089
313589
406788
827957
31949
351772
395624
371986
534674
923902
353601
727761
274312
710969
114777
469969
272970
322100
709836
29721
103903
970081
212445
864425
997152
334370
130611
772397
565441
265927
403827
523723
587069
916918
768315
863067
104098
935780
996343
863670
109046
296703
94884
543271
20869
539118
341471
489983
649736
922800
877993
801541
683828
484321
739066
52489
469404
468635
71166
71385
556355
752697
15280
273613
260674
614327
447762
766653
774162
902837
381254
439955
275255
54874
629644
238459
601866
609558
201305
419959
762081
170623
170256
274702
477212
543709
355808
427236
65359
799553
352505
760805
976647
338768
706731
806427
431739
501149
230494
234592
753169
90996
377384
812909
703753
631604
827790
463440
345930
320916
443546
214460
378951
616454
656533
725882
177934
147768
180130
389758
152429
448503
507191
543701
351617
542126
949048
836601
866140
490573
773234
127623
66770
763141
678513
485512
878497
387823
965502
15915
347514
832908
619832
473876
366192
886759
245197
956429
980604
486871
831638
645082
317802
486817
865357
229163
56932
431482
535147
572843
52890
409897
386018
264566
979274
985099
591284
163047
589745
860912
899887
809742
21262
955107
172421
279233
227279
31816
151052
737930
955035
841245
537614
471166
19515
683427
118478
440173
121189
93590
534552
981109
184551
454423
912515
759473
544877
801131
644743
733391
273519
224732
650101
790207
493561
497469
341143
965960
217048
389899
528804
254388
16926
148271
652768
976748
307923
498272
160526
884318
900088
786086
715539
151770
581561
577273
195817
69693
240494
308360
197564
270596
390477
571989
257572
446594
285680
824445
918272
323692
253887
421846
850347
864594
269306
274225
949470
671656
39270
867070
46434
347459
364049
197519
653424
283871
687810
655093
740711
940700
611330
44934
588584
91018
233217
87809
503633
271449
768679
674632
534677
414899
143288
741451
643765
861093
907491
732294
289501
509624
323175
486560
162525
152158
544867
556404
12098
675464
928376
720493
896017
447381
645212
760779
572447
734628
93118
45634
291792
137290
844498
412929
761194
205087
861496
920016
747221
229235
560205
745298
549937
825310
880461
21930
63316
404469
628514
618554
355103
945497
785678
388615
266107
775465
257778
600184
331253
678743
986425
47166
18228
848920
627748
417421
28691
713717
19698
970375
506335
722943
63403
16314
512302
63967
569481
782016
36634
221836
239684
666949
868313
163669
672376
317734
577082
190622
146678
503476
254
362471
772580
666391
541521
998728
92049
349711
141348
107513
839257
252246
166312
940557
768369
778594
424104
634239
404560
865734
204291
232997
339771
324472
259333
728193
989995
478445
870242
492983
567324
602273
475214
845464
184629
435763
173308
513948
298831
756204
994160
379887
503715
540704
364163
331874
347925
938925
72691
455490
226583
259936
998244
509958
898363
895544
535799
798689
984281
842434
84806
724728
510361
899235
831929
555374
866334
40244
268168
990554
721488
807559
301901
776538
792899
803400
593668
139841
973385
180159
531491
530156
349329
310386
623248
353714
531002
102376
378628
731705
400760
461576
935226
585126
957281
359647
674579
891628
255957
467968
252681
235462
955784
532613
179470
937983
740974
402548
705024
273454
55041
993662
353163
406848
857970
758625
862300
995693
524906
572140
74046
267597
806203
966627
792211
294851
864808
254776
350959
532375
58509
466873
900884
660770
205485
223178
151942
820962
994838
423879
279115
598958
418803
350795
16897
923203
916014
635599
417627
22140
830975
78506
327993
654624
193942
292726
243876
200469
194721
498835
809123
244915
531962
212677
950780
239156
474352
653433
983306
624199
294577
783205
650936
227651
497297
108109
273559
101113
691705
204833
78114
910434
894703
854211
770123
909943
934973
118823
726017
246432
959873
270420
641025
523204
263825
995399
418198
409407
664200
568310
516655
787378
39793
237938
225883
640243
408079
149669
777699
674533
809223
696955
840516
222947
2412
592606
372871
279446
333028
788633
865215
154535
511867
980382
414751
604941
408836
470051
382517
59463
412007
600934
300359
314598
43404
430930
543304
840514
660771
328506
617399
769677
386637
708225
20629
331076
335594
683740
912961
638273
74496
461872
694833
19950
328580
73237
161039
152212
867977
573052
953390
426897
604162
262829
192999
171048
920373
871976
51156
378226
620479
498029
65576
217779
598654
357720
252842
862216
736798
975908
929740
57467
798659
459600
878188
614713
428880
371230
82982
795355
314131
421048
29459
560544
956813
977646
336035
553212
500385
115162
595219
885001
181911
924325
810890
569308
440590
10402
832470
160563
85500
386200
824062
442122
595491
578205
608387
173196
901651
441245
936376
889447
355285
810042
467003
699576
11707
671309
974415
715942
522626
808459
750231
897674
716129
337476
861041
257100
402673
922372
175405
19913
836472
585564
290473
302960
558355
793723
482634
237868
996608
667893
698649
101307
446278
827750
942455
795486
747201
340272
775743
738473
354509
226591
283831
874490
162575
265646
958385
362822
280155
288483
940676
397583
266245
787605
988066
50354
296967
287630
282134
85148
878476
963915
875741
274525
872663
451808
675806
304340
800979
823352
964678
716490
861687
454138
364292
302556
910101
589960
151582
597775
573632
859297
433838
818568
816664
873510
962877
454483
21620
412026
432123
178849
910250
892418
32152
477839
581245
908364
429633
736417
497252
388172
857786
925837
981875
986496
162708
96244
372328
767669
330508
887019
443413
345956
575168
407992
662885
588020
374350
627929
38604
590755
596427
269117
599823
655359
122461
527766
82733
336654
852662
25158
230953
102925
860781
543094
835509
817558
937339
119558
835644
890586
531662
651486
155980
459790
501517
515683
862111
809891
555113
141702
333253
963693
886748
453558
75695
10213
300738
563766
135642
795722
549904
424584
558293
55458
735413
239689
442097
206878
577803
384982
387077
960859
657786
726124
797083
223493
609066
969038
792187
220438
211298
245471
145937
646844
559298
818447
193341
823961
760345
581298
985975
642532
46372
971308
127965
259564
459556
202057
751387
188285
860379
539817
343734
773083
353506
426968
247989
367979
419050
16124
105516
981169
439821
123111
504870
572084
136848
238349
850542
333246
469880
115535
68026
670464
510085
376886
351413
23058
775183
836027
567656
888791
737980
865474
533188
693631
426012
286952
591886
98918
884385
249905
489191
64218
598782
801508
817271
589881
691098
10547
671734
878329
357745
366609
515671
102850
205128
968424
430097
355894
264139
635619
305162
138000
700996
146022
657187
79018
454458
907934
750746
883544
748196
804466
907744
369842
864008
127384
966392
53552
713973
909509
966728
310509
523673
377404
265600
895950
932928
543176
638180
3580
758954
768773
218487
175244
591047
566040
669830
493376
846289
30526
421518
123495
179718
597762
233867
914975
56961
782920
336094
666491
763700
396295
771033
4159
833476
685588
552810
478728
556417
853145
282339
971593
216065
958308
882274
425200
805720
412315
428386
499559
598645
203790
955356
782518
913052
199205
329051
743429
805947
16568
472091
490815
372780
666238
480669
993171
57094
675356
769098
540436
512416
487327
694977
511552
891363
14405
727615
658654
701515
386614
38442
445568
957626
607312
921722
96424
794105
325536
446789
5255
880588
347244
121701
859233
541424
211308
921415
195660
357171
207194
910035
549334
988656
704095
741043
409094
494502
80556
246082
287163
256948
624170
53459
693810
495220
153033
582811
459939
314033
477877
667452
626954
957702
401959
393903
808067
362068
828312
372300
697678
837279
45456
803193
155699
507270
471900
874605
439167
227293
145501
315808
624620
933865
421373
205137
845662
338807
477821
85555
108362
420057
174378
623029
798001
913278
406703
297901
733642
745709
272579
278240
223294
473374
47618
473904
325965
238325
780250
676322
253838
637339
686876
129803
602835
798907
152818
53592
506987
916438
862960
113014
394369
443588
389443
253540
466465
709384
98182
885651
569819
246606
553715
916918
180032
104899
151350
259564
8329
654417
60893
522440
502936
970230
162604
311737
133910
457664
734030
651995
369083
403751
658853
704281
375979
789383
425026
369660
650942
676344
968688
420053
770648
21515
98859
369283
857975
194660
606894
479714
784204
464367
75498
734672
223680
918720
84946
117597
344855
569099
84243
163726
994098
39484
924066
533774
516014
225653
119341
665266
277930
455266
382771
918183
748775
436345
107055
378875
557064
328211
39983
534532
247352
404322
848132
763505
593962
641551
360530
792107
459004
270769
389575
10343
915893
404267
634985
842699
143661
869794
69383
216058
384588
368537
412561
818302
602602
160172
967364
998417
613334
383910
792765
428296
336178
726207
515183
917789
438267
310069
409264
560087
33319
733381
366253
390296
281831
273670
724286
928003
60236
389539
478293
264583
199750
319859
741135
669069
848263
135607
704557
674298
738886
377071
931740
721249
328287
608985
769136
644105
548183
55303
902064
641749
424254
462619
971402
877526
489901
532642
493799
152682
874351
317963
631001
974990
721148
769411
121009
648200
473056
807598
939502
569258
228091
105603
697231
520899
304545
267268
703434
868776
690145
664857
793813
164570
511395
442888
48481
423508
817707
827731
503334
29940
579386
100271
60121
670403
752659
173148
966075
332259
862875
777637
7947
355668
26586
437046
652572
738210
857182
499093
734849
758831
140350
843775
458788
837465
166012
897504
903926
857415
432324
84461
350272
992213
836194
209305
327450
143407
464531
982320
295890
730971
428977
77641
279725
150150
298972
562245
964979
169272
800223
926937
160082
292434
290637
768481
619653
75500
309045
236685
371491
39196
311556
310649
37826
538136
557944
819547
618822
232179
614845
30102
798665
208131
166566
809387
16360
966372
408905
649615
714216
854613
597495
521815
35908
661503
657750
559311
766292
665558
801437
195179
988187
911896
819372
387349
95213
214579
400006
911077
311099
977347
556076
828975
883133
614073
307863
179957
605754
793495
773009
616317
569143
750743
983280
611390
870586
157164
973744
657204
574457
992736
69612
139987
947108
913756
143417
834263
362892
132550
304479
873722
596143
710341
313205
508543
142241
873888
104728
718124
951639
492868
211719
812309
891411
341540
987230
245842
687784
687483
884846
390162
349289
185645
703605
17609
655474
998475
963839
22149
334290
204149
905688
218270
294100
574618
48108
99980
316200
452187
285374
869843
884851
215054
268609
396505
307120
231071
963606
99800
582657
482896
842211
363374
874262
889248
707404
119825
492984
251658
730001
682337
732915
627236
662916
370902
989982
620904
665701
193688
558728
612176
858204
70894
403137
655898
277010
582670
784770
763371
934124
26706
771002
816464
173348
500300
552566
192415
216006
708848
278315
862268
699269
139312
648739
394872
623351
677669
623618
653331
880756
570344
532725
159714
886662
7169
476214
146124
613645
810487
138173
79022
628146
818054
217414
411359
34182
829935
765179
591245
538038
158889
426495
53254
229933
372085
199383
883539
851398
33807
947764
84670
396012
677952
175329
930549
976913
909457
445317
21959
659079
550938
826966
932107
929342
654584
264155
761056
310619
827485
220187
501070
782129
61632
898727
72907
4702
548086
712641
268890
69957
494169
374184
156942
540963
820644
357825
762541
867344
486817
20708
960111
526932
618617
894655
362214
921572
893163
289963
104055
335352
181080
35145
189766
488714
102842
908504
596336
508332
869493
48279
471217
484422
253766
818705
171111
956524
357016
149514
858222
83736
214581
906372
77417
369097
922137
720622
708578
53815
512930
467690
344009
70513
111908
392442
357849
682069
615450
158534
638616
370412
924791
924812
26557
236895
478618
803428
951339
322138
126559
460079
566940
212604
489874
506332
445785
580536
368638
295190
381157
289867
962532
2830
624378
170970
473223
895008
590827
444135
805668
611940
459816
27695
385471
901908
971168
75812
990361
721429
514561
448898
722110
802276
361115
887376
978234
160030
437218
63734
755436
374059
71954
278965
503090
856392
815789
382662
631684
913264
941984
6675
688285
630759
432644
833356
109843
367779
488127
204840
382920
227799
843787
225785
702969
982173
493711
261929
958579
655551
935081
229206
103206
606754
690573
707400
599442
726671
690631
952395
447710
279583
936476
267118
694983
681411
418319
707798
624693
18669
279871
798143
443882
760479
350381
702993
523219
909710
784412
196955
761153
657458
440849
735534
205233
93485
158266
572952
258055
704661
43051
823612
5466
908576
673155
920843
410088
505579
588717
530721
177578
604967
637442
145854
73347
834592
538188
446623
400722
722347
988902
482744
654758
314348
916287
998161
487377
432386
57021
542202
896853
868239
881726
778220
154428
634087
864057
886334
142852
661844
756739
976641
872630
587651
202990
629432
343959
852112
840268
390199
417656
610793
944017
258454
539560
977249
684630
692434
567754
97043
555386
943234
710785
99057
666147
11569
604359
200936
938914
444892
12701
245298
152949
477193
56861
414199
363557
163714
189227
266784
10320
81453
143498
506875
99777
467785
860235
32324
936379
770695
774303
984278
222037
677698
52942
609262
132031
555357
413633
858903
120034
156856
321977
298040
808550
339470
404450
286582
501645
468847
298434
133575
850236
40404
358732
440789
474458
994788
971857
713610
359505
891842
682198
63294
567026
317329
696960
919867
29429
35589
30956
562409
627613
943335
88795
12123
672058
278565
408138
712244
778952
5139
509024
660535
557749
708930
366401
662379
611008
836091
144384
193575
374269
783193
223601
325887
568885
152512
794844
967179
129834
991037
181389
354192
659192
558908
801992
139726
528534
786016
895641
867302
260540
992515
372874
112485
83167
249994
437102
529905
80408
51363
536219
170062
943394
694686
784565
903438
798594
327205
167012
111827
531521
428633
887527
805634
179413
582667
205378
32262
136158
265300
338707
644606
121228
256402
867203
69956
982301
520127
743704
646491
862468
553967
904486
985780
601317
589158
325221
805085
660221
573075
673310
341255
168479
423021
785920
255538
967577
381993
82063
599287
936437
552277
605436
841074
643355
27412
213967
785226
49556
473335
560320
829470
110057
327028
55462
22157
378922
39429
134279
986210
130314
899167
563406
858459
813800
887629
996890
360276
861033
627369
322803
281877
825152
849847
636055
251892
878543
730974
778483
181032
996263
123780
336557
680236
241708
28741
293342
76684
594516
345103
410589
456336
163022
978908
777334
831490
188543
553421
485818
704028
870823
198176
543472
880403
268002
302286
463849
453050
519051
116292
723697
44501
974587
521659
585057
52411
581167
794166
478354
334758
23943
839832
126188
233691
593963
878175
356252
594608
950600
53761
847012
589567
460472
704929
150092
560294
509696
532846
224950
686967
916787
891609
96527
412803
15859
287856
644322
702270
645463
171548
50502
455823
806120
967347
651000
822839
128070
546107
705219
461147
436200
86140
29979
856431
664321
788033
724042
163137
709501
49963
29634
593056
959082
182449
186193
539559
994356
63671
222130
739369
561673
157002
244415
868474
472987
933494
208068
571672
538755
261444
515248
988021
281411
876244
619109
43170
918052
745554
952942
48601
39422
936856
658960
819367
412246
561568
412729
569332
341985
133796
395989
292144
713959
814676
720768
401884
453251
257843
475990
35123
656711
645391
537381
335603
730876
620763
957636
864395
179719
290347
430781
405218
356006
729867
351845
930113
670938
869179
971149
374623
353823
415307
845137
875592
872151
577039
872461
355113
347717
803200
669040
734586
798964
629999
950632
661000
342904
748902
890429
679070
795660
54429
3706
59279
736666
488982
803013
96163
622490
55830
907664
584604
760914
103552
925096
751908
99643
32527
161835
902740
711108
286447
731799
407715
922160
771065
163709
541289
381786
613578
318356
175503
140569
935294
337897
719894
622334
795470
669620
146816
204474
880964
984263
161886
344861
749462
202719
215223
724601
524135
452765
193106
925605
169174
364302
72161
634333
189504
177894
913802
90119
66713
855116
727442
518800
25954
680271
787560
791925
908999
517686
888204
658974
634137
73460
334554
434148
895651
219322
869303
476019
686315
504615
44503
777099
676807
874267
259560
94432
955352
900073
595422
230114
13288
328362
221596
905239
968668
841262
402684
524899
499030
499214
848379
578218
646505
210589
461764
729676
692985
550781
607319
232143
178351
493773
301270
25051
517655
212672
965356
606814
296470
467849
253530
439504
653259
350578
203424
234832
376064
272333
384644
464813
470285
214401
641857
483394
890377
758022
803663
240953
625006
939115
773899
933744
552264
500820
140676
224120
344922
418178
736161
168889
406478
73867
86770
791028
414806
799656
494353
211553
94179
914605
632821
285431
846145
624659
924371
325642
852685
743281
675824
453390
696468
492106
676424
207865
153674
254207
137812
957639
951332
179493
472956
262807
371730
318577
310297
780979
993692
271120
61861
731437
180056
691284
967234
574180
746117
732488
901667
422118
463816
178276
89755
475439
82560
888988
344000
894800
222600
708754
313980
388267
43208
355629
953584
534875
83064
964097
383556
521328
18547
505453
975439
628823
139508
189444
627360
387353
2991
377571
363111
863290
882126
715938
679811
743873
438470
883110
374057
514456
576278
847954
844973
736841
427036
65053
522033
268072
201172
830975
624295
779152
953069
852485
902852
69381
846730
51012
916227
88057
226898
119850
851090
420714
202996
189871
730653
381864
636922
163499
870006
635956
844745
962
883678
980292
226419
830842
980659
644196
204857
30637
16053
252342
9696
965594
470262
946202
789486
520405
731614
437672
123521
402335
806168
762522
638029
40464
425693
213319
2544
513392
786651
572170
517364
187174
428097
124929
413408
196616
681898
897202
492923
406161
336483
659911
332894
860016
450075
759162
447093
185021
111718
839244
742866
768198
462510
783854
69741
42248
581622
77187
170428
876730
268556
493821
829547
557250
270987
117028
435641
365771
757514
772533
503535
694254
577253
199399
742972
972045
845349
497353
510322
421439
766031
416134
433111
775845
555526
310411
141801
532187
381917
634495
892466
172555
76029
417585
460419
410779
191151
230672
805008
475014
710856
328595
952616
960968
201134
720761
716815
131379
900042
70186
299513
969055
522572
758973
790437
484606
296149
237075
561236
906510
334790
442656
853413
599143
422307
679178
299599
695924
62819
805481
455098
760382
917718
462447
24314
307684
10803
136545
380073
599783
456765
257923
926495
307554
309394
377043
764881
350999
386256
621419
648771
487652
360932
202377
565547
587924
963760
567852
345060
667473
206680
298069
870859
324856
588330
941165
680506
269061
534696
842885
318047
957485
207667
112759
171064
547339
150549
981484
278509
852210
6378
343095
453961
888673
105708
690079
240342
279828
619546
642107
604693
510519
208069
199733
856215
961973
801463
575664
602235
579375
573632
664198
848965
88585
260126
428394
133974
189214
918344
407533
515982
232723
909975
456476
85755
551561
250322
215750
189692
749548
478868
206811
325174
671593
976796
915055
492146
966588
254385
351134
923154
467303
519216
357770
632302
432446
726387
241920
604496
429727
910752
786809
145672
10880
235275
338108
836780
364769
276361
27937
785903
556000
733906
275312
61020
991915
306834
277799
928944
419855
150348
863450
889234
449903
996523
609333
706800
530321
13543
757021
753527
204947
537936
5813
860334
412347
63931
978365
261424
454636
549446
531604
369476
655155
634952
889182
652699
744321
95898
674880
721765
657588
900029
450568
696016
171406
827623
202986
445278
576326
686509
430309
828705
459773
317582
381765
233878
825161
958873
871681
178460
605102
339900
551236
264719
769899
856747
373897
561285
406896
64873
356703
516709
565677
862390
891532
670367
159429
188565
584014
873739
492577
515001
380860
953058
508513
528396
944780
414035
887342
667227
894382
111107
204139
326048
439508
710436
344266
436077
919445
530416
725819
235251
159335
829251
673342
448557
669642
826003
175065
185324
79684
325517
394214
609855
995591
343884
653700
107006
682670
680184
890414
704308
3110
651641
432936
420070
67690
963863
601877
735044
645926
670192
678438
357355
92925
140501
426285
297813
835942
50945
414991
557790
94705
204982
29528
677939
406888
406262
26985
850201
777616
288027
619276
266199
502607
263443
47208
76482
406887
254268
803216
393827
863264
352024
143797
31174
276548
634861
839420
169442
338756
832252
405547
835424
866552
341019
773500
13578
133380
573809
975700
664337
805462
146702
475277
474363
199499
909477
688687
890471
278449
393447
378174
178302
495783
9084
506093
359736
706593
641056
394928
4808
117064
547288
716143
104613
875326
515472
465622
961398
527551
376915
736905
767258
443235
429926
329973
367057
510976
863489
952258
842378
244268
333995
871909
78793
151840
780401
932881
295092
469688
296322
221773
836091
627222
710506
299233
744035
519143
228521
317482
599341
451901
741872
820621
388327
622940
372407
269640
288206
106640
118718
983268
184862
313403
770014
864071
172857
711149
544202
37157
451440
174699
495720
69591
119984
970002
15686
198660
837131
738390
893754
180987
638370
794659
517467
33379
871917
160868
483925
815754
572135
825377
495661
765081
427160
76035
234642
439721
124736
753395
245852
861358
676253
894689
384740
949585
48858
647201
555710
982684
872724
741999
982743
468111
215305
214035
265192
629199
893471
963999
628564
3518
978575
288918
994532
485862
609196
235495
821788
895246
128724
955478
713146
179823
55858
295228
235146
798720
835948
336805
34025
316462
253552
682583
468500
235048
98582
42162
276908
780758
464562
613811
841736
420009
70714
692306
748663
497485
672782
698444
273873
414204
423784
715579
733496
992364
679009
821728
413168
131048
330844
265027
88216
971773
642004
564402
734789
597770
270782
130149
339770
628923
115930
429058
110469
551311
794460
291067
673528
968148
475505
801493
210115
396405
219376
811268
36715
16170
802206
73138
83753
712333
190750
145951
572577
394445
466611
936675
947837
762939
825971
369166
761318
38018
869515
167600
277023
605620
451689
679732
331198
159807
967114
841255
786247
305982
290656
931607
88742
336107
936542
587478
170697
868979
963812
783454
534552
610914
880194
401486
566866
873853
923691
923731
76421
92975
806712
429218
69289
259803
489173
87201
941338
752144
590348
642725
494769
238107
821356
981654
921790
955253
590997
559023
471075
107677
630115
528162
52047
986817
329717
390680
160406
922710
377881
820886
563434
720455
40086
377339
221817
202057
34325
77926
509538
340429
778860
816628
363924
455631
563208
457191
30150
85580
68087
254754
992845
565584
472976
109264
411805
448621
610495
790053
648862
576008
335153
735228
925866
470093
281304
612704
494689
761538
312027
335335
298410
561657
646878
349431
264518
546271
693993
526444
14994
306162
497719
460562
28505
156752
120478
772301
886995
786218
466709
316184
885567
66263
686119
646186
815960
99589
649011
816884
142774
203274
390045
654855
801540
361881
841365
522579
648154
262288
959426
600267
164023
10605
243530
724836
870172
581793
237441
177339
150215
451261
741675
675158
794891
284297
17007
43971
458377
254515
236443
194908
504845
659109
191054
182700
511175
244655
520518
909676
942371
300835
579079
354598
845512
689280
161892
788411
358826
550150
969389
799360
671245
240233
590773
572034
587223
330272
261630
687658
730255
821148
435331
942460
141176
272982
382306
282489
286852
922305
76517
219237
828151
283167
887084
430691
837210
435376
684344
753404
460503
316548
69654
376446
135736
153138
113318
985857
858039
389217
377287
330181
145153
472131
306976
224759
189132
949538
15566
229394
452369
301139
886501
19170
108904
838023
220517
267492
855168
900223
883515
176778
742071
979104
164016
958299
12188
71516
726962
648246
502206
712464
270077
962742
973232
48685
487590
630961
521949
768013
528324
466715
42754
222311
873211
437641
625356
654942
91622
128143
795406
923379
584480
837386
906654
91611
763888
649721
74445
612076
862927
565510
94146
21681
809558
640611
781683
808604
493641
591184
354431
32155
109754
591864
295914
863683
191963
745659
598389
288937
124068
644167
815769
579280
753949
205727
646880
521148
449736
143742
72481
766949
854703
515412
632278
822599
961989
181167
915163
223382
979708
785397
102789
50831
748066
166414
647133
217450
400248
948766
599544
902380
691282
200944
359540
447704
287716
841902
139537
554437
319406
211340
809641
301323
278406
103813
716621
821207
980223
90494
559998
190174
76211
998598
109637
456559
740722
59327
164463
97952
113415
645974
498537
274602
900579
677357
568308
784465
43241
110747
727236
380347
443157
882697
466299
839587
355786
959485
574333
151525
973814
715059
715695
80313
65188
615015
623121
254717
951453
130608
421558
970538
44860
414150
358556
683305
148557
157540
374956
883198
917665
243400
954063
755746
230769
3288
846314
806959
939693
776223
518392
673141
725088
203700
782915
366186
234049
813307
772031
508797
850264
964485
164227
761547
819722
106835
53861
602731
734852
931384
731184
402788
523776
297820
75652
14782
387127
677724
706379
510581
915043
173007
803283
694794
48943
760100
411597
51957
903870
531623
245985
756341
12821
492066
127020
293127
951078
96736
638935
822709
432698
950797
482453
853189
460474
982073
21369
777875
550937
957627
557233
10681
280353
819698
783011
669610
464025
574759
129058
649950
250129
231758
291725
864679
755658
114476
610820
928099
7876
785490
956296
737290
470692
221895
213934
497831
181186
762116
412672
102244
587341
900888
260336
262014
193819
864428
178682
898135
629649
80161
195541
993578
363372
204245
192469
297241
714409
264517
530592
257890
814551
253324
192074
766832
282039
907658
940112
28878
522189
930464
288302
652278
792582
358615
867485
979975
503749
626528
1261
588566
453836
983542
657978
144987
906115
868767
899854
852364
688680
338002
904019
386056
38612
659635
924979
720745
919718
530042
150926
11900
730766
926641
147287
442253
425528
846044
255884
260635
956114
623858
551184
22890
221820
8394
245670
975736
205899
582801
632588
198215
397242
743480
293938
32857
130030
685354
188437
940858
755493
882555
701565
234231
669626
585820
633359
631596
831127
846794
169679
925435
337399
931080
654902
112921
428374
897217
817004
940290
813752
765711
209443
847501
303635
223513
560847
457434
263067
209878
705989
869095
41064
525937
124207
273666
586565
737349
857322
212633
439767
331911
893436
168877
614696
192451
494645
898725
277775
286527
811617
653375
80574
309052
865319
91809
613736
745306
281793
782798
178957
226011
361880
879412
40483
445248
783419
938145
994978
149711
589756
914390
129644
875766
430183
865460
756376
645449
642400
600467
625946
195944
671832
463922
682576
622460
703531
310344
827371
859104
250393
720185
318456
276892
524768
501348
606474
773708
355378
507545
635974
276319
509912
515240
726667
143355
762339
794068
968252
151742
105354
514535
368235
422240
720485
349215
517475
482100
598469
107462
167570
298893
257710
147167
51473
679997
606642
391484
328018
325113
248875
199277
616741
27608
743188
724435
736551
203386
649924
809042
512199
369798
255433
44836
589494
514763
138845
903755
360427
63752
512455
955423
374544
894279
568721
568773
196556
403939
311329
860032
638190
545835
284727
599521
983346
664095
167362
505178
181748
729111
27999
157617
554734
902147
90415
480272
741551
270285
270099
681017
112731
262107
386887
698646
344601
44784
418008
399662
957597
19762
379843
432756
460562
824454
833324
285562
600611
748439
713080
162819
285030
443190
843271
162293
532645
937116
477265
5485
517579
227466
571996
917357
359336
711057
709207
497776
453921
988974
397270
227422
346615
17613
312747
66139
783154
704622
857757
315642
950057
316581
629320
612944
676145
933947
71697
435107
646688
610483
243395
908736
302908
615335
960459
321387
682629
959375
72396
86193
825372
734115
796640
798810
925647
34393
622061
463291
418114
4616
120735
458983
169531
591533
259463
578117
379721
781066
724304
653053
741522
698092
119321
441293
322744
948550
155188
696440
121512
92665
828539
48093
861951
133493
386889
536165
2008
512185
125596
363222
9078
323766
976965
875077
43595
720018
716937
899112
38819
19976
903192
734601
862768
28396
758183
619223
366322
11276
612460
14039
386754
830834
996534
409015
141500
369543
90022
293123
338887
300370
803533
127089
806019
873821
394724
885974
784653
280696
522402
742076
723505
915671
427518
61003
233005
774998
377729
349667
691614
389725
263686
483980
803402
555487
387794
215237
545353
323004
58058
124153
992272
139463
82965
716047
720475
795297
464783
328672
732151
815236
205926
600068
7785
591580
993301
745861
388542
18191
544571
761141
924720
73182
906583
944604
525810
427299
731362
392905
780953
962362
803721
260681
441191
88637
168326
867958
82868
798759
105818
486
260731
934746
936105
412549
729662
418811
935922
302333
251479
604731
711721
792913
401437
505585
565618
380489
832559
367907
631484
145096
203808
652004
575800
101049
811583
867671
479669
861928
712897
225681
289882
488301
220941
612573
950655
191811
437796
842201
977384
358582
297132
243901
734878
824891
660119
156540
243436
596825
857524
164482
99443
694021
968018
931614
851818
472461
164556
109882
522358
834538
241078
950597
46114
836088
523491
954353
628411
734657
521296
417688
59915
934389
205808
483577
207408
828214
638356
157345
739671
602960
368118
373413
859354
397638
927075
730636
42676
874055
688964
529481
282845
683904
579847
251877
337351
498187
354159
801595
911859
710212
509748
770141
746096
53436
126295
438933
257713
909191
922823
358341
475210
799793
816169
412080
999303
825869
477704
53969
412713
475629
278489
98025
670334
688941
842025
458391
878492
581802
401445
681695
691193
545553
187206
278861
156266
531217
390999
852082
681654
824882
121188
333
253014
65663
664897
900678
429132
243935
55860
553683
564573
97474
980352
939069
33581
971191
343438
179261
729653
473370
231226
558784
186083
523945
196536
199882
407054
164024
359138
806262
602771
22843
483423
872731
540754
875009
923121
290251
232639
891776
190234
186421
270309
945867
508396
395434
560061
868064
438444
629629
249319
139677
255906
94531
256259
648211
555840
515961
750703
897331
195245
516229
754973
103461
30700
889557
755407
831864
792046
126308
761010
350452
528048
142363
285524
329674
398866
265620
332036
566893
119478
637625
502149
910970
366929
546251
193454
429266
181585
674303
84705
107848
808427
576962
71014
191990
351936
348382
487907
523562
264555
565940
169722
606526
98218
408937
477055
198021
943142
212830
846740
134049
351392
845463
477732
938802
481914
756733
474872
243561
258400
633726
129529
701434
145169
772242
246275
478448
522382
541721
795169
501850
189917
726752
147627
236131
514106
638787
162617
593664
665051
859500
546307
870274
620766
395513
149527
37771
951378
297724
932597
681117
164639
250524
656522
422798
290067
54104
961159
405592
206217
469612
850398
551500
774648
125772
220313
287015
733781
554381
920599
345661
444326
989027
877219
479314
834469
974021
410162
783752
847373
156077
949945
946098
695555
424699
671337
948358
789284
853241
438536
188273
332135
100858
275245
406469
646895
499227
500376
214862
505136
271339
840747
873986
511675
14759
424905
693590
400487
241694
461386
963309
431838
573555
41048
313387
424001
199361
294697
158184
781945
625689
914521
980865
920219
506534
830243
47880
840631
163250
789947
681115
270398
543937
212300
586258
246605
458075
479753
516946
592602
621928
400498
861375
768506
978355
457381
572302
809676
522385
82334
838264
517766
279515
346189
696202
30874
189334
41811
220633
696196
820852
417560
208851
206451
609203
620299
419121
592145
373604
678263
87945
162737
123078
875903
769280
867348
4881
177526
460893
929560
993934
460509
751160
420990
386851
843322
766929
865046
219757
514577
15485
393225
426182
9026
249210
789955
691558
995710
520804
108795
136357
173735
127553
720800
740382
390084
880118
456225
186992
505630
283613
407833
341662
666105
13102
253142
79702
140850
329434
953797
633551
565810
898678
269115
429643
607116
785748
400162
334972
524665
980206
227134
561539
300333
425596
362203
702611
638997
437157
801429
641396
373232
872401
163204
267300
736903
126877
273026
894615
697226
350184
80921
86943
348937
610826
253518
80296
947275
636773
642756
813914
125967
795283
205071
713313
250333
42431
513814
102153
146055
302288
318948
6274
413313
731135
159499
537283
686298
706697
946485
333835
611478
338176
647752
256771
175274
578749
768245
174528
311060
328304
547870
273700
173268
338904
571170
817316
826506
934925
125702
820772
285357
679419
940289
370046
672293
39849
457316
59233
982919
734967
169764
695446
453611
901671
385477
47454
997802
98449
448869
796600
535609
246778
940067
694911
752797
96704
17898
345775
174986
330348
15901
649480
83164
741546
465249
324555
610609
907732
530561
104353
861857
667626
558978
750811
462747
825630
25989
444756
191261
259980
109714
54515
437327
329671
395078
325581
911037
353359
584732
820839
44207
73630
110033
795289
55783
92641
185591
204621
224887
936836
589720
515687
457148
104102
736837
207359
207674
607916
738490
372617
592406
898161
367023
775062
555114
519515
172286
68275
176328
118153
454699
725103
991631
173480
219477
811003
760291
969701
364856
837545
942348
485501
235420
578647
118701
534768
267230
920549
517022
999827
590041
549601
222121
416005
21873
194180
209694
239482
864764
334934
586771
162483
426317
646700
861820
805518
296157
526354
250850
795961
603544
478979
218563
856962
314946
910101
263047
973130
423556
472946
453594
907289
190103
250304
365802
666699
748428
155554
398847
665063
894261
791192
671922
198544
515315
47938
434315
579668
323997
558786
927739
23330
478666
258750
260274
24152
847420
944324
695966
632827
219369
18825
623746
394496
424423
811658
139374
995719
763955
690068
557792
50023
370910
215646
359031
522788
264468
268500
375568
715517
490762
152623
775615
809634
683139
878463
131436
475907
766400
535626
665159
587460
338178
881423
851049
531853
921981
913379
158857
668541
614875
750653
155479
233982
699753
19661
218616
578547
666850
21382
40543
481934
127382
918013
347333
985087
792375
753641
369860
468551
861952
27018
704918
991595
63939
513831
250404
862723
513165
21551
630158
196849
715639
262593
57911
367791
35660
78343
216329
819906
346258
352317
963916
61003
894967
414608
267806
369916
596122
891297
987088
398888
762162
50024
308957
702834
954079
663478
797256
100007
937355
318931
829841
115752
69053
231109
243731
624320
583162
189362
934973
912980
736600
961117
619179
159864
673888
798540
483424
315806
639263
277450
495202
647977
277641
208776
460658
948704
800651
998367
133735
539646
574444
602161
816806
757605
837534
844269
515776
806899
162919
679409
590248
500077
583847
437449
998159
595929
347717
503445
966110
663912
680698
516425
865936
997263
367226
77007
795241
9078
817658
289735
935318
318409
942114
731118
920482
313325
899601
84124
721491
877773
172167
900135
131103
72338
28724
505701
491150
564593
191130
795471
679277
926686
492001
365634
451308
548190
786807
530271
815573
878010
181921
638225
514409
610639
635299
594222
263705
21123
518920
620599
165534
286098
746383
159162
552053
987014
364786
20759
874874
880325
636308
682463
998432
853572
959686
71192
836555
665113
490165
809309
641802
424751
865524
256482
984436
349139
645858
44118
356446
642731
187896
540641
80310
895813
380337
187724
969983
527821
475350
587328
797289
514713
676005
762535
491788
736863
592669
180783
752705
487110
614825
631213
298269
566873
756391
295262
144523
950424
59027
447432
626117
419881
812756
712959
92463
614956
201315
363523
749392
789804
396756
446535
337517
428016
96067
910476
24708
68722
366044
91948
274274
914023
252614
351859
599649
844477
455981
742312
473730
851555
31978
106793
920611
30849
589522
340852
427165
75785
316184
150082
810364
927397
560479
338893
997211
312144
991777
354483
191452
3777
871925
44915
658370
194113
968768
176147
58027
202718
44986
750308
264108
731192
410780
813278
13323
831032
508899
477669
526611
598113
614404
291309
762968
194302
259692
765369
283400
659835
499186
205182
266985
140176
453788
883559
534324
920536
778699
550322
356494
560960
977092
168375
379679
960474
367835
852873
146321
708049
748286
886965
471719
719799
259355
477287
544503
91835
147503
257516
304518
130806
195821
309587
355262
589860
935303
777260
54862
727535
618587
20338
327326
459431
875325
19013
801390
287183
259485
45263
961034
253585
594581
61513
170860
395985
701010
608662
883182
596510
25052
914893
859817
342213
977987
491924
992176
883648
496168
710887
528610
362764
273637
690552
111152
270488
5530
47793
52716
167961
634901
302037
532489
869882
835869
685124
966261
412657
278811
270621
748304
496109
661286
951550
574663
374315
960297
766566
559442
616488
691507
935676
595910
328497
669339
828329
689879
807510
685134
316576
91118
399229
752567
184509
340131
454610
102153
377227
621911
821788
345900
452640
208625
935787
705
738723
529203
798574
270036
774318
669496
574689
905693
573774
140684
644259
653107
938151
600616
916645
787278
320437
563784
494271
895223
980973
211371
242396
674958
821762
434791
688918
467192
896067
277222
490909
690211
562273
932929
355536
543607
837967
263223
923438
596890
412610
941834
14822
753376
530712
670518
244170
729294
697172
914766
548322
126985
332615
783478
937309
827744
884492
989239
927714
302323
654762
582786
868165
641086
490780
874372
122454
219718
175788
227746
974419
492382
656699
511634
570557
814614
845150
801813
757768
72897
460515
503573
693227
430690
731697
938198
936600
569779
180045
871132
701702
333521
479801
576474
878697
426439
605559
920466
912451
50997
152555
727054
497364
541916
418334
157305
209389
158857
233567
777754
959779
576028
727811
927982
360222
640244
313678
754722
263633
920826
307242
639658
141892
925510
737364
532481
810573
99313
596054
438205
614365
863288
884718
52686
95350
723721
296526
262291
314874
557742
80445
733208
985183
372755
69531
5488
132287
367669
776321
435372
239244
621993
141703
209845
598881
713991
85279
665931
589619
493425
331614
831386
796838
598787
654171
187254
673084
288409
400496
176244
173992
280119
867998
449956
260737
572121
353229
893550
535442
274200
272624
716936
280526
861046
221895
943633
596385
744390
428030
462733
954081
264699
347699
819774
704035
672267
905109
888027
387178
241087
272103
4591
287419
48282
161956
996497
630604
50467
692989
803068
707034
590801
816254
705674
856282
401171
479886
766162
933703
37305
950549
94042
417626
128002
243064
666043
31960
382210
885951
966992
787525
228656
154712
425050
281398
906250
874101
708916
494084
113637
827920
432429
199196
342485
660814
943239
733428
273268
516481
859787
907864
322451
946824
722567
566306
638459
991378
641382
194504
863966
358015
123690
858896
279775
997479
821960
842910
29371
896179
770975
893486
319954
187881
478423
561180
560406
355142
601938
831008
904399
868228
514130
299160
330120
309051
213607
372798
782426
680164
726291
141177
32402
112760
458172
220943
917313
551351
62028
191031
511393
75972
396905
712204
787551
388269
449484
56862
616010
543497
492672
234339
678934
720698
906681
861899
603980
713490
705231
197425
113042
131474
33685
409837
484818
908622
471322
424646
541706
36972
555196
506181
576496
884875
548003
241189
80704
346624
326881
677478
968099
572603
849380
529344
33981
129992
686614
545845
871380
48626
844818
322815
597336
597058
212482
633001
458771
765477
425177
210938
703150
453355
891498
477323
736093
623852
670179
371962
998760
377349
691754
354935
574103
327232
762643
100796
536570
174161
940091
902745
582162
925565
106756
757101
106015
73622
828205
213745
815559
744097
478028
