32595
510318
264228
981362
486419
10270
452650
657874
669062
116979
737999
218065
701141
769105
409484
96544
321593
326708
417629
105302
953659
521553
822977
263393
25403
353819
738894
52504
145245
784993
417582
667883
690385
383188
853498
531452
440638
404263
251249
157446
805003
596367
621461
413435
236426
640042
655522
701165
136640
810300
350700
370210
593365
272212
41428
612362
413909
570509
345830
680908
972448
917936
558482
675900
981108
681655
502085
116202
119829
791916
886180
973652
751959
308464
3493
604603
118472
214232
492233
798226
564156
488178
675898
554067
368949
93029
719677
753965
236399
5302
712019
462808
683270
6567
306610
56648
685381
508794
418651
643007
989004
736467
313560
61245
563101
624763
381908
833811
621827
82177
927254
765846
492639
321147
304475
436526
655504
711914
585808
948494
888062
64251
145385
39550
342852
226730
452769
719507
210616
671873
728206
859713
500439
793471
168800
150343
251346
886803
317942
329992
837359
527367
226140
9466
956190
142778
611045
939191
196697
16006
268258
470257
93110
688064
555068
714947
330444
62813
376819
831778
674432
221425
159795
24114
718571
473619
813776
312821
935145
396957
358943
828446
654465
493520
756720
588292
700652
823508
201003
949618
23044
748380
674438
373659
695498
123688
477088
925162
510868
484772
861181
26040
109713
486510
325663
866967
996346
657845
904061
298123
869655
340861
180770
11928
200939
217534
14437
759159
492286
867244
558593
55010
939717
626066
923856
612175
689583
236824
256041
243065
799950
759907
570706
715993
21473
857435
562660
851956
647994
337352
668986
256398
817680
56278
567829
324412
743971
184976
794135
747272
659047
997306
763916
136400
588491
766869
55825
494169
754355
706410
214834
898480
52542
260871
622345
815329
744541
168919
409036
156894
773232
744476
714688
822344
4684
416587
938956
983388
808670
208003
388520
452797
661673
719852
153972
79258
336427
910761
508709
982843
531357
929913
247386
485550
593050
37871
309069
774024
186327
366284
366629
249050
497360
718710
907752
737778
449028
642135
229069
355082
864470
476309
989743
310866
812245
951529
40350
746965
713941
478622
174096
692298
748028
194216
615477
194874
216537
26911
478760
258376
117294
527190
422593
246946
798286
616092
878279
194243
23521
75535
197955
243042
764549
486999
749359
271802
704271
346694
21198
828727
799087
310154
472405
754234
229297
385933
781255
370633
856416
379818
245662
38038
866885
676363
617829
92778
982989
192163
382691
870318
140424
813253
58417
619798
587854
644448
297837
774123
100604
468631
690951
299059
674076
297153
855800
136062
465443
106746
669971
122640
152915
338020
651444
813990
670977
806014
593940
750183
607281
715870
697151
617768
321565
557390
672540
660892
800981
531649
240555
759639
264448
895345
469006
209277
165824
822550
557438
925323
467956
729348
258142
357249
173079
151202
707692
354475
643397
367746
271764
177227
580190
882914
581983
442533
752387
793534
756488
304103
883325
816976
378479
107506
39550
529574
341543
666441
102463
554269
788266
537365
810056
161919
699628
395026
990990
887799
164812
855386
14710
192429
699495
776012
589816
412674
760775
854745
891551
188329
879673
168235
519852
145696
264509
647281
715738
985674
636950
898187
56573
179115
286720
581199
855300
670527
731457
113206
346781
813751
323992
881383
510903
455953
1554
864477
50339
194451
910716
493111
688596
46691
130931
580188
874373
568774
320983
205384
258106
729779
132638
857848
186142
400275
930436
321582
785291
697496
68512
740321
551401
983223
444754
596869
384877
687427
882585
173874
821443
51880
363841
700084
955270
184960
258937
896174
430444
669013
489091
681515
739775
715060
293572
144387
464134
580522
151803
642662
331842
901214
659727
110216
633684
12042
940864
995945
169596
241495
232192
303039
318076
187477
188699
404099
763163
830996
414225
833109
461829
995554
824964
609421
171023
868385
842188
397215
554841
165379
899176
862570
242829
642853
351376
117277
569667
30405
426534
422214
567687
427554
801162
714681
621554
114543
466572
821785
544052
391155
267324
192262
939764
810176
562270
878435
15630
941261
910970
424066
529787
366450
467343
696751
452495
661824
960936
598358
885019
269243
230854
185682
964594
455926
592892
237522
850185
367305
78938
16298
667512
760560
892033
142132
716957
723715
317718
390305
103583
859341
493714
320096
393936
526604
840949
39528
116268
296261
307098
448614
274302
407617
697126
404094
725346
40935
97370
528704
14885
214775
525960
890089
852040
532961
893987
279123
50276
899008
115887
811386
747367
854454
642967
483563
706172
294372
292701
279947
88393
310470
3180
549569
560658
4714
303241
425025
565819
82571
952936
656502
134314
472974
354331
386635
857227
655768
337061
796503
14637
889226
524269
260131
738250
29786
220878
393816
624548
996559
174411
697482
9354
169305
853856
643675
803130
209226
894003
956045
93152
194357
352489
479784
965821
549793
648854
708356
623907
180906
13196
980212
92060
911925
222100
704399
62506
936526
141499
867612
725674
787360
446467
64985
803410
697488
433531
824872
97241
4278
989225
873751
616886
342520
779363
827658
832384
490117
486205
645383
244404
264619
797468
165790
233685
307542
195753
228659
981294
805670
552034
692202
340083
962987
687562
44077
138758
956928
784385
41053
555925
827841
654702
642770
998432
109354
749272
861393
130776
671821
648660
600393
249955
812144
124569
702026
195068
433601
204399
912899
830456
405750
407430
605942
570531
634565
104483
820474
395913
992637
361461
310636
630864
663296
161542
413620
254914
257181
202061
236527
968425
665550
169184
44414
342675
920395
288902
277610
180918
677960
486698
810354
667628
686546
147436
688372
113695
984770
956754
335540
147776
509211
966620
238475
868912
472774
659317
410414
848514
530983
317765
512666
899736
614555
587428
250457
346601
481872
480552
319924
795813
522242
770463
791670
737391
819790
734296
32408
215753
431796
268764
404942
49806
736046
511290
442093
688792
715111
408640
670391
984897
794330
211398
814405
856519
843720
200612
974479
217737
4821
808387
76955
918830
593472
457937
102336
136549
705725
243854
54934
176646
893425
251076
433533
823640
739466
317139
179142
592876
526712
838250
818561
891494
371275
888530
288996
726939
955946
443556
865108
658710
594605
150235
483923
818741
380376
114052
884679
395569
778549
817298
795171
759291
958413
427470
468276
69057
988994
631083
983306
203023
215948
998007
743233
908627
237902
79598
684331
514105
706772
230889
853403
374197
314860
349940
713041
62303
388830
130301
184189
227447
245000
682663
982258
631114
510811
758590
331048
685742
305132
259973
821549
509479
740600
803692
12330
978732
419831
949470
403534
110467
751899
428406
238681
898249
448229
725137
762695
924750
445604
789694
600279
192733
818060
53330
254134
455833
457839
798361
154893
770562
610330
870567
390628
296663
531535
292172
484913
308182
141274
620325
98113
880799
336466
384719
336130
513334
849454
660279
507755
331751
957633
827469
388680
113732
654867
96279
302245
788618
427038
134434
451094
412066
126882
474579
967650
716611
881189
119323
565386
551092
827211
988041
672313
632047
242765
977593
689673
872098
616281
739306
625775
499791
835910
523694
142853
659602
855154
744634
396467
137859
272635
861405
96057
25905
149078
964558
818138
170127
96527
35613
554792
263851
373469
482700
440489
940825
712417
785975
977443
580014
852731
930862
82441
526248
858569
873379
992450
7659
778365
129022
417618
26534
910938
985231
881703
685588
458507
514715
641794
753823
733152
88087
291968
77855
524646
573555
597573
514943
594273
227661
384388
29824
782888
215046
878444
96152
698590
477810
864434
995698
823176
787817
492215
958553
285072
729594
371223
896047
862677
352703
641166
112983
593901
447180
342726
914035
297912
152705
457025
716359
532194
888063
216543
745916
891636
360823
970061
367553
390680
291358
261258
285132
476647
12541
298327
64574
593328
773476
965499
878885
664200
912703
177072
729499
906697
280064
897133
948299
416553
343100
354705
183572
862199
298258
498793
398726
964979
112261
902110
711945
913739
122219
68990
695004
374830
553919
588133
554683
843087
972433
209479
333146
384120
72029
367069
131983
37960
830584
829290
749580
691275
439974
418345
648137
451380
806025
748885
845440
673657
41780
65556
796818
376011
727006
882497
416007
763825
397682
152661
465011
504832
978371
760177
158708
932153
507421
401482
188119
130559
29367
432497
70682
58419
956484
584702
399692
926062
26984
800345
906129
507290
779528
831012
457858
635949
339130
491400
944433
259716
835612
584987
80393
8088
761280
692715
720596
998367
232965
802474
704727
630145
859585
284213
262680
533237
770074
704322
297920
678200
872372
768934
68059
284522
393412
12545
978683
558469
307395
203207
863421
590714
220799
67371
167331
500970
676619
886250
945120
375421
290391
917041
44659
801443
703834
270059
989291
689253
823979
704683
47496
810087
26096
68019
507202
13692
177965
534431
578467
321382
619326
908977
860495
219945
501792
924154
530148
190026
369257
780641
669500
502249
104664
222227
149519
616568
930311
803015
401270
216215
929469
677420
503626
922702
161952
83826
521579
329510
175623
297394
339805
160996
436590
986171
206860
335971
342851
584122
246640
623565
608605
245701
659787
487349
475596
995076
644623
51540
492811
750716
774302
520479
704978
474873
175145
776961
577416
899608
732729
214842
976022
84271
377164
945876
260439
944025
211351
273021
637547
890401
161515
587974
640171
723082
882290
804471
751094
311160
702616
434700
770026
329023
959750
691409
583279
943303
856329
765909
404077
647000
764433
429326
215006
443144
896534
411785
847613
873406
332373
749899
575773
950626
706489
267658
919255
578851
541396
984257
603740
244324
472972
523444
902313
416260
880659
641024
824728
436488
390862
390621
979922
422632
140503
608628
547874
446387
528350
839255
919781
253663
329898
185761
38686
105713
978173
148780
746598
277765
756438
494632
21696
591227
499088
247326
433162
382782
840616
256834
278416
580466
564508
383534
183803
864633
692526
586881
675175
910818
2568
457747
623442
367728
846521
703763
645167
504322
11805
219328
449691
506596
619419
35392
386599
149937
472329
663136
317331
530530
812458
15337
116700
318648
162647
933595
284589
294402
121275
4233
359089
140939
195127
677969
587144
721380
192103
113461
544471
475785
378172
782171
851578
446195
375432
185053
314837
588730
522713
445518
782728
858596
670652
59658
219520
626318
189219
591545
79530
936501
198881
424992
8707
453409
902097
632547
23500
70768
459351
875419
925785
247099
41790
146192
318023
796391
787713
298387
520397
450698
461029
785787
206124
857015
207299
548538
597504
185384
570660
178907
285689
252871
510213
453466
255907
806361
599673
963103
264992
872327
522862
815641
241272
72843
476871
479475
124871
465971
919721
821622
408404
35989
845010
309947
646402
528464
288035
175115
497568
499578
282878
409813
736923
904235
835018
778635
67411
791717
284691
562841
795530
406367
656527
305858
662393
807276
979131
377049
371069
597261
487396
923738
821039
67024
742210
143267
940689
52642
209791
506130
965539
617080
283349
549244
481110
276758
167380
602054
461912
85179
431811
369316
781198
257641
583455
422572
151584
242196
915263
786902
179181
190375
464919
865554
932383
264045
186139
804742
523418
64098
649403
203491
156686
809943
382605
300451
133868
152252
761481
223521
148918
775565
31213
727188
678510
600412
307777
310313
963440
919671
972021
68797
23324
578421
522278
397492
746603
638242
780031
666361
291939
703556
363132
222866
103269
664714
502602
147038
452644
878224
429131
330094
223600
831697
128501
382910
243760
193322
633690
621775
630447
259591
473794
796898
828237
920620
552820
247954
908565
146146
542932
595087
613295
766332
26086
705331
164588
456901
325424
956930
912575
812295
183742
475587
463243
252410
59583
853173
521751
211464
662605
743920
280095
96697
699786
826010
64964
291648
581669
705794
856163
676065
1532
806812
959298
428029
757148
231577
483111
158652
296163
139106
953667
651989
848647
812466
65228
870461
573295
7054
497256
853673
846719
2849
730885
663234
655217
716088
781189
527269
764127
293398
546711
297683
942557
419381
682785
845308
718402
122010
672153
762979
48840
382355
517171
522541
462793
530576
437556
454028
812521
120028
45990
270659
151507
170998
625380
301205
940251
126032
628181
666190
732227
984803
459637
909101
796441
603117
356751
686764
563582
328328
895175
953774
251905
593960
547603
146308
938217
450161
78090
880348
52242
43571
966549
235655
611118
502147
989314
685670
40237
696567
175223
442544
580343
63485
9731
179745
328726
463128
836432
989826
411953
789241
758389
314386
713267
354998
104104
508558
809227
903465
375505
156002
812428
362984
89849
586860
639860
454300
795041
424809
262729
582272
286063
80254
682591
459768
916547
694501
511799
133579
818856
594930
56770
861311
111335
45505
35715
91920
19189
252030
102546
705228
564364
927569
760572
605390
724247
59556
671176
587541
983750
393042
30420
178368
913666
654381
632926
375080
435322
138988
573536
956570
674396
774896
731858
181231
46304
737969
597267
797450
552382
84233
750114
26222
569216
355293
472710
83129
276273
242852
487310
600705
910261
186197
337203
176522
793458
499633
49753
738657
544044
587946
709940
938392
710383
23343
309000
635933
420197
524053
853000
304249
722055
815395
188256
741219
486448
124282
533134
689214
174350
475167
621739
928566
311985
211623
76488
331762
554886
924222
921459
951094
959325
736659
589145
290393
288485
5604
340869
280477
58874
414497
92615
434928
599445
539967
499504
679998
118690
622492
878137
328177
484463
962442
92547
608646
765888
383995
16313
362189
862271
519943
914577
591165
108432
431708
970354
247217
341443
668674
502064
880131
451235
432265
166642
345092
215467
285266
224437
483605
885336
354360
543849
815333
861530
155225
921145
741255
989732
972420
646696
305070
392227
424769
222871
762312
511883
981239
114147
420597
194508
964606
620971
367523
609443
997442
374063
455304
44174
934480
167123
200122
916440
4864
272579
927790
160018
479295
596402
88331
245794
536888
222843
907626
291317
50847
764584
500525
56784
313626
275024
528633
851652
863756
880794
891281
967936
10750
998432
576080
902784
67756
34096
100163
71779
255594
327020
440225
347547
808817
62481
298215
621566
630475
131540
859732
535673
314070
51432
789182
582627
464696
50717
111568
70127
883359
193186
812449
448572
802675
521771
458289
689991
110363
870701
133762
143296
218537
679302
697937
626810
711267
750202
334639
347515
878319
871641
257537
352627
714586
823996
118928
135818
331589
715629
557646
867090
905964
257382
841446
15516
748500
388850
281854
377318
849873
396401
737804
302834
105521
636855
338194
344113
16649
746579
531639
24542
502233
586668
327236
315368
115102
907911
687223
242311
336949
541862
213575
396336
513191
759243
57398
912611
618133
514651
308236
806050
776769
719197
186741
445820
162550
614177
934393
622599
707542
393405
238227
855787
705726
15283
281649
212187
788375
771055
626568
496159
777980
38955
223312
126285
158403
804853
68003
423191
369834
342217
183790
835325
826784
367256
261137
231203
127213
374122
788505
782077
969918
991327
703447
271782
373841
477521
567773
39697
31673
399637
356052
166166
183951
50401
582269
2542
854709
395911
600834
312378
868040
610975
825144
295805
364897
699651
590324
853803
49096
447796
260807
385433
695607
514715
67543
174419
215174
475113
730779
123468
246647
809887
445234
53040
227744
546858
789025
395350
603761
754150
202471
693713
724961
675459
373695
229094
218234
667013
763826
290903
633277
89381
117078
235166
596467
948373
397287
443445
833169
98657
603583
140626
4423
813233
248501
946417
260325
112619
647056
933513
437994
105781
336359
258144
615339
83544
895638
383674
787101
402240
437022
52333
12223
860511
445786
414736
770214
20594
121754
643538
43366
761436
727326
524582
576090
613294
822833
266972
882897
547016
958303
319435
170965
896729
170260
247467
486041
156033
536658
258239
753982
742872
16270
470191
975362
651464
690856
730995
459718
205205
283334
928492
185338
27517
384844
804429
383015
427451
230521
308406
592920
257189
72417
252641
310182
886133
213378
888245
16799
825764
454854
590840
485138
67186
174741
590178
528954
462723
58195
266828
133125
989155
803645
211399
327743
930026
93979
6345
527008
136443
739747
762627
984174
380262
425962
628750
63568
637933
94023
570179
746865
543460
691974
977193
899341
931122
333254
406345
560795
74292
750384
883934
273815
474496
466580
499241
657387
383686
164834
277089
691257
311379
181185
713990
504328
500655
35407
134358
90184
54247
317750
419545
67267
861349
339239
614679
29219
182459
684406
410026
835226
24446
927954
672302
589297
762255
498015
977108
572081
342261
553330
667606
637480
850534
365992
433093
381016
129509
234787
215486
344578
176004
35235
231547
460746
83531
641469
946565
631495
294065
116282
351367
27561
861767
80590
996990
446279
605300
960754
322253
343045
442715
458593
171437
8414
509913
561708
286786
941908
426410
694203
441928
181745
25387
339681
117868
829304
692218
461210
562743
940781
207097
97700
831397
507070
288370
92215
975252
528461
908500
419105
120600
383003
616284
700290
341483
275602
847375
127650
767874
168687
487011
937706
114363
973962
297278
123014
742065
363779
742614
968596
690
955915
425975
528457
623048
904652
125475
650593
969204
334966
981523
262080
742009
280039
735324
258026
194260
541558
452973
724572
706441
226781
552821
174725
561688
53632
961697
879844
590287
886558
550019
952831
672121
418899
459790
583805
339060
200135
39358
997985
57888
97719
89876
198115
154483
175518
259775
74348
692522
421823
716758
938542
666266
65490
623362
278047
805029
717065
362425
102928
378887
638205
410981
228590
337040
326394
195363
425811
279788
176035
671398
960906
557598
179716
307644
212190
131723
685747
886697
183325
64435
748705
464559
806126
392058
673730
572271
846412
722660
325335
193897
142750
530080
282516
518560
598645
187131
35699
100377
458017
209653
939989
44865
739184
521585
55760
701166
472452
628549
69593
846590
873808
152050
420303
392860
557551
572589
759010
796577
642593
418076
342174
327126
174946
751772
577496
493400
656681
894783
485043
194645
545082
248083
650127
343090
523176
157213
904912
749007
117483
386149
227270
908450
923545
47275
136638
462848
293893
589239
598372
42874
468913
121678
625555
677412
533744
718145
362875
527153
753885
820511
622830
629434
644913
656394
603463
448029
968389
353319
621879
576514
829541
672495
821165
325945
671757
338915
568482
904255
464003
515036
992446
544672
967312
328320
336170
921078
767708
338064
442483
756175
198181
186015
656855
740589
340380
353630
232880
399270
400156
190418
440122
8428
484680
416102
966211
328807
195263
647196
125870
596606
595583
328031
129827
303925
307795
919413
34199
672241
545146
58832
874355
698518
937366
954691
741412
840529
561485
230226
532542
31665
875712
364898
555661
887024
523430
860495
107706
71696
486596
703965
61207
445793
571275
531782
234439
36575
383182
102641
876621
992248
183710
888580
933679
241322
409476
546960
33414
98507
429146
190635
555429
115170
943622
177819
780836
175603
882004
95662
952328
742745
474031
302119
655696
785227
413628
800851
25119
425793
441299
205433
682689
940911
160475
839535
999835
83952
524225
361161
924788
447166
387541
575533
175770
706014
391425
568514
329586
458329
160422
110215
619296
900644
239829
692608
322126
739617
811302
386250
539933
941118
445497
867792
740198
460411
115399
155350
370988
855434
746275
129267
840096
708175
556179
796635
505359
352903
108869
218
469164
61892
867504
851357
393782
683990
47688
432427
725573
580614
539677
29553
223671
965308
199633
154298
872369
202880
482420
959293
297108
334813
727806
78160
726782
744162
657960
220283
476666
96322
873959
972263
885125
606235
321030
223798
569662
765523
19359
163820
304105
496031
590005
251402
347359
552478
521521
451003
532950
272417
999479
588392
777033
443918
206437
376678
496196
247962
912232
394447
177934
937331
385402
998766
461810
791552
722876
932948
476268
949696
620459
811783
323757
965391
938242
501530
821771
526663
729901
281496
580168
976195
329829
479258
508542
630463
870700
388216
771684
590875
274919
524508
838719
837822
119763
83058
645287
65303
856613
528699
78132
645951
828162
745473
947974
516347
662680
264933
695790
982749
696215
522324
340541
777417
274832
739864
831398
736149
392744
307211
940306
955402
807160
259750
534721
968264
467717
625911
868952
911045
476439
711729
340491
632502
624440
874269
645095
505670
413835
62255
48764
389443
111814
406771
671654
420888
738317
109478
143544
575221
141164
503073
642436
265355
841969
179568
92104
807027
211364
476674
914424
115374
769508
225912
971555
983239
105760
125984
257477
830165
782190
373627
731242
996509
999819
509754
282106
293140
576752
251720
310245
645185
381197
280705
564971
47617
213989
172160
645704
3556
796997
320085
498619
722101
476898
176790
94066
801496
983758
408780
826900
760267
371031
358606
852522
778638
246204
521068
181227
857055
651917
984834
611810
449887
220446
283052
574334
156688
934439
480216
429430
223936
850811
173302
698007
317375
800547
772621
293611
247755
186007
53351
114312
572749
832536
663085
149298
847100
506349
450701
320558
804704
671287
99799
200612
471089
525619
957415
734831
300062
732940
155453
704197
80425
588187
316713
984574
583791
190844
105953
47171
276102
265998
26229
908564
822463
125318
956889
650165
685450
130800
138849
365110
866425
747268
893644
547614
817821
682913
114743
634099
459084
724393
82034
983465
141508
465912
785904
360613
767210
567361
423192
463020
697323
76743
335928
447724
445892
251574
976601
57703
16540
852060
714349
623672
305422
874951
676133
881860
909765
133179
356447
110270
659713
844624
55997
330902
91318
597158
297425
458047
634579
936582
689396
498971
950752
639127
112118
243846
987392
117562
978927
204412
977238
105026
357812
657960
584964
965203
377190
168522
969231
914262
404900
704451
89694
960150
433568
472000
806049
187386
219343
671169
187855
377375
870010
41029
653703
241169
263154
405844
755352
939111
470368
29992
793628
559416
45882
83513
655679
828989
323922
47204
965406
945413
72521
711159
598346
648591
606560
977819
161515
373255
8303
417439
705409
488864
475118
747805
925062
797450
584624
849483
904816
352209
543664
599776
927442
834898
953028
984032
480866
396890
85678
374214
883541
769820
749010
790542
542758
816719
308289
197276
339446
827746
142323
268172
441422
107933
140756
16983
519168
21205
217333
718046
613547
905099
974179
775318
141212
813731
30677
484753
214610
595516
292478
594277
381018
104624
10819
145851
467545
374697
197511
457782
701416
284638
585505
789053
332633
70889
250735
37671
570328
660359
588996
461186
119149
869931
177788
377088
34654
750591
178481
488319
3442
204408
234054
330675
899152
234580
134304
877171
680069
198899
109365
785500
357732
116623
781180
832294
264967
793818
882948
481153
794804
193395
836193
157163
849628
370500
288449
999313
565181
12603
462108
700511
506214
206306
883210
804838
129178
893085
960046
900393
659214
347136
231504
24772
558669
29002
464393
891450
445628
217218
312535
891994
852471
556461
30160
107724
447705
444009
901044
251517
876123
387626
119387
73189
553876
248718
667085
859889
835870
823326
882864
460690
810585
817187
979932
477154
976905
774307
264459
907886
106139
216503
3052
70372
904325
264906
497302
643674
823178
255408
868506
233976
821661
317088
514865
635204
43805
17104
662740
977160
133439
924907
487339
727586
604298
753970
152861
292456
328635
433452
479686
819765
605192
442187
474630
285589
140354
180509
427190
555913
713491
311147
927734
988919
668647
984498
333666
871345
359592
203003
540643
733152
53665
982489
563745
82637
124612
134591
431446
641035
656966
652411
158526
850117
149864
331603
758251
866336
856081
91387
575285
417036
141527
956335
798030
505772
978781
459315
821875
776672
188886
965541
965182
380267
115368
627068
834904
841542
773227
352991
27725
441856
215632
641636
418296
668240
982047
910051
145245
236601
917720
970295
253141
12056
447035
642385
591972
349325
282148
114744
782566
73348
252238
438817
710376
835295
186104
781158
710612
250626
129700
347878
261188
322746
884156
186
488567
257482
281360
18191
137377
197524
906810
12901
798876
463457
247971
157923
731517
874637
832990
35476
971202
168274
880945
732674
748967
660847
377909
238509
40407
917748
900115
564840
315263
881709
666990
753553
992127
623657
304351
877931
110394
752997
686171
903514
80397
792410
393714
983034
176540
835936
156848
510044
828424
109693
734822
946653
56701
683471
555395
989349
508391
550289
375707
43513
340676
984205
305866
314302
565077
791582
469106
731723
178158
697569
965471
279017
249965
879992
364556
802986
642247
876602
745343
571618
259390
382715
107343
742727
389998
957555
74118
967585
510023
62157
175969
822573
738709
328782
910708
205460
100027
478752
578026
75075
802943
617275
451626
67431
113278
446319
310230
981766
129024
249615
25965
950461
972518
252861
534224
414866
229760
365903
614946
608949
736379
438811
469000
855320
307704
761253
703760
477799
295735
802401
953325
125990
606322
332646
449760
861159
848006
44146
305779
162404
473868
353684
381408
9406
995591
785018
440334
517395
796661
598807
150587
282038
527816
618480
345525
922958
249327
144644
364034
151500
509709
467478
292447
371274
409867
107480
467237
713917
107913
4982
860936
56023
181551
212412
574714
927484
431138
57572
991917
408414
650835
286144
73525
144759
680369
582336
219211
927650
161982
43105
870510
737239
721023
471667
370787
866113
927373
332484
464478
586814
221705
268846
195897
96050
728301
572922
674913
95496
29437
568304
248784
482823
428444
507965
390708
324620
956154
879103
544175
699626
671979
92399
978360
167194
894227
487531
464350
479713
334078
40095
879917
570941
130316
879119
156137
444683
276041
45636
904823
112568
746075
671953
743835
255009
548180
392705
694108
909962
399336
874976
846212
798520
600888
439074
775684
583468
518860
81843
685108
25020
291168
377819
948919
791823
935253
230221
540797
315444
761032
314446
923938
576415
182528
373053
460659
582082
185473
642947
616273
912197
35965
85143
652975
632545
509034
62446
291510
791134
837487
710142
970887
334503
43512
265582
764128
672135
734441
980380
357528
582594
909422
969802
517124
892818
684273
52325
369276
351229
183909
665140
61752
522639
313984
550746
286931
186361
455045
99847
217010
117766
412863
966721
20670
154614
809161
756875
597068
229113
36426
298991
203486
902857
659903
797741
430979
878820
132593
130112
131033
242213
168965
110537
923507
758590
894386
911899
459157
164885
164237
505634
96220
3000
481728
609840
884411
502653
823833
420390
510240
893754
494782
713659
474676
895069
415167
757228
903426
548650
877572
48896
459759
437648
664357
503735
156967
953062
215256
428046
791321
33223
765893
876978
760792
543622
869750
38591
465570
875024
709866
392755
681406
815645
122761
808179
185086
897554
831281
962490
857316
13495
619502
323674
782881
859344
828937
831472
240952
666458
472375
276137
171202
603363
70194
384490
717898
88838
856614
767009
161816
885187
369345
647974
83787
558775
926253
454797
679583
397884
403162
222858
369039
47647
627700
329665
878932
65018
876084
604586
447179
343790
692819
312478
421940
33343
897688
516800
134999
856460
700370
447946
549249
785705
881570
192691
296684
446491
566064
577274
374844
974959
555262
685714
219366
481079
456793
641514
847723
958498
917419
494680
209218
524663
905006
981601
902932
275054
268539
929959
424929
246443
366657
574064
73984
354584
277521
674383
221059
232029
758613
735665
975801
299007
913889
36934
850124
513106
836897
724297
605963
160284
70770
993006
136515
217032
336334
401384
391750
32644
938655
529044
427853
560887
597044
950597
787257
731106
351377
817260
925557
450898
836768
921764
622008
774719
379078
771736
304999
499653
93969
496146
748247
871484
476109
447840
62448
274678
158198
333541
897709
587796
148423
269049
546367
290565
665905
459710
702354
165021
381735
754752
397479
718
81814
496392
124000
307717
600114
23038
478042
661603
391212
922552
319028
718230
92096
705827
966383
69268
356714
559308
789166
717364
587512
573516
157340
69544
927355
178382
547884
519003
438935
804158
907835
50083
52026
984528
613203
485219
381417
976554
58889
652288
337142
867823
15366
736638
982350
328041
733538
617078
601775
526034
754348
928822
801206
988800
460550
516469
567062
722474
208301
880689
503973
974363
765015
593127
394960
528625
151029
10862
524783
778002
687576
144177
480115
43629
882416
142023
669756
599336
337903
385841
660040
915307
206731
755375
198341
586888
858787
776639
562375
878918
142521
895283
108116
562889
264286
234990
976477
487199
333291
200891
889416
190569
257003
274697
653160
632932
727126
918535
111310
759571
928376
236120
969785
481995
942193
983347
49832
473051
585429
48859
592592
13141
908019
593269
13034
420605
895091
884619
42532
436878
500953
956508
215351
580963
457702
627613
205272
109129
737245
160336
355464
642590
272547
428352
145222
847525
240703
324758
990693
492970
281730
616859
412280
379084
564928
520459
313513
305772
391356
900498
312169
221617
168226
895718
903041
204789
535661
426368
664775
665167
269481
200504
107437
275453
103698
797116
159028
531374
252508
989484
545342
724586
141708
578070
658368
491871
414531
461257
900822
840329
457819
790872
939760
372668
736874
157549
654442
853201
227044
942855
641978
321515
679453
426065
591490
630693
825451
507424
3398
387738
828842
898825
836279
554960
752025
429789
414638
566593
388833
718979
577588
719048
724918
399600
990206
124773
976918
555077
70262
733485
389615
52740
712948
807633
582429
462512
288459
691656
701393
880129
931200
443932
571725
151489
54422
992782
303243
418118
882949
954343
970750
734668
16969
455517
190384
515694
783382
254046
564618
564353
592360
325371
876466
973518
157049
827956
443278
175273
2956
703580
787880
995570
339175
947753
942762
98280
210909
729434
659592
227941
459017
644357
118204
164858
209815
217468
595053
33895
235196
61147
615785
243895
435014
340465
975633
149110
61133
846665
695316
229968
773129
803156
384531
719176
485949
914676
525604
218257
232338
788519
218355
919309
463998
828814
751554
650655
886947
395161
867152
120687
67892
208850
694616
310202
279570
722818
353648
415314
244789
740612
221074
116793
77381
219364
293304
923542
630089
433074
798368
701714
755702
440297
45999
819346
600745
853879
892082
889169
462129
775465
115263
800536
533315
574069
236090
176541
88784
752611
303348
697334
683060
258456
198445
929912
47173
983616
529850
877744
355788
338455
608770
187453
266768
286357
967458
915273
294797
11380
553136
69218
302980
318175
42589
612985
489068
568760
607412
311285
70086
674630
979263
504501
652110
609594
504968
316641
747853
80348
843453
185963
704140
260183
224621
239592
421795
60125
866735
399173
596527
455096
609377
256551
620705
988975
942606
657251
987635
442577
452201
912343
242166
495265
747958
55203
372360
761181
938440
796103
80033
205037
238309
344283
786380
4517
505285
527717
810802
81271
842553
262938
549777
88504
738793
143348
753164
972621
665078
256748
734749
54386
706430
384789
830374
657126
264317
35477
407268
250487
897552
280384
330756
897253
688918
395858
908368
244726
132143
262921
838786
458646
255206
848733
539897
158888
859179
198173
386889
713837
228857
11112
60717
141903
446166
683652
552856
13003
146425
667678
592297
417914
395205
899742
665340
830202
536692
818726
373276
161981
476367
239080
950359
881710
497625
580449
140971
528571
219148
245622
335964
240323
659771
370025
662887
994782
341654
41656
349968
677443
474508
282002
170456
959130
179019
677495
883467
475295
498915
864811
246453
811567
140168
162710
168564
291315
141302
585275
73257
463206
336431
897363
678088
705924
704224
725381
89999
240273
943201
431301
971732
46850
437531
230790
908983
512332
53701
247325
148662
374152
679047
98868
184030
956224
455487
751591
362655
975449
453601
594366
947257
515420
721529
896520
447507
823458
767884
927120
285098
868828
155164
379199
492198
893437
222091
822030
553416
48260
826967
132837
367552
818345
549124
133909
419932
624803
270615
794927
280986
191508
159102
635519
732446
794707
965005
346152
783231
681235
501155
866461
386683
52148
476331
743673
812683
947814
499902
111996
648338
778998
490022
553187
607919
587511
606462
206819
136753
687118
661557
760257
960042
631769
88689
521297
45340
947132
930255
916489
954256
30986
871369
515520
235590
619405
395697
132041
830279
653555
739354
684390
244566
836821
923478
692843
715589
291428
165977
310193
158563
88690
898620
361907
284115
899035
589022
194568
515064
37646
22501
256381
454540
181499
267298
452558
492944
776859
169106
281153
856862
377687
632001
772256
973018
53590
66762
595537
872007
959782
892217
902739
864053
585350
468561
930903
921112
407245
368809
771385
197173
593147
497841
579737
556725
272475
90386
843611
529244
551057
71411
724791
605267
793158
277721
915453
521377
961132
351334
907881
867000
915760
172674
790366
519724
752188
123031
459011
474431
710502
523702
506679
868759
999096
685015
325362
255761
277980
378301
491513
408174
442724
742072
875261
262443
782644
517508
928209
379311
310413
211855
828934
377630
995446
74200
618534
382475
328840
211507
895177
10954
289751
30697
973654
371810
187704
508860
540826
253025
70004
366152
824958
190602
385992
875460
228328
5866
416213
541288
467633
150025
40618
926569
974846
445883
305772
493536
855421
509654
2656
942408
148798
674302
767893
970214
616939
550427
614257
762947
405158
912108
244310
276245
405886
235189
754800
4604
694925
763540
450333
94312
748784
999538
21754
921175
834980
413396
8135
309180
680697
149201
946422
379643
214582
354078
647957
119569
3082
974661
975956
200273
279338
542517
359221
300233
860555
851890
321809
695043
23486
482669
515201
474919
56931
155950
345263
950974
626763
87725
607865
890897
103470
59265
244926
465456
167749
858608
832521
855886
542918
389029
251608
954890
575482
916671
583880
424264
394364
82885
264478
701310
701904
354488
208948
163595
275549
775361
420862
230145
807432
816586
720312
479747
83951
22377
174190
680586
699071
78262
247975
397698
296819
13053
32879
650769
186537
467663
144960
479223
213986
640179
992844
762448
80918
769786
912874
792439
276914
981680
621402
504709
49904
440814
826422
442103
367952
387213
820472
312493
938488
266741
315426
355983
284517
370259
143694
972426
538445
171241
830034
419512
533267
519679
89871
647582
460774
877751
611671
66062
812087
600126
668536
490861
228373
442719
668457
8655
906854
575985
101008
877246
531140
247537
911982
656602
492273
681770
485800
824666
817273
690320
93171
539504
453731
902765
655258
389579
882963
359155
205743
637366
198079
966511
566412
289694
417100
653023
438981
822001
859588
331994
477356
18657
354806
771053
244095
157703
188395
657543
335986
986789
884224
269130
380693
656900
428837
152577
696419
350524
852528
319217
57446
516498
635231
299400
341577
618235
513385
55090
126332
805695
278207
801995
783038
175545
424356
280559
211274
318395
66918
819500
640544
421326
267512
275417
510126
331862
700973
966976
406555
926228
347219
329398
414961
787526
740010
795212
847269
147689
193855
664094
915011
136223
342762
907784
63930
726251
601120
279737
132802
464280
732342
902175
990309
946425
325747
426882
138481
700236
158672
338797
424505
500792
691790
170630
135490
472758
158964
318911
308497
76236
76708
85221
317391
340211
181657
101654
114710
835866
456576
207184
997530
38851
332655
621732
462135
209932
69958
927305
61714
662664
748321
91020
177903
171020
170103
111013
671631
573958
12562
203173
866116
678214
282667
950604
203731
494561
502945
829304
609795
846122
261078
330743
142088
98913
696934
555197
591879
863592
157125
541617
407302
204144
469620
637474
77298
688179
149536
48471
487883
875674
871127
94083
541552
349502
136487
780567
465411
231691
33109
860274
217784
269889
904887
214196
804991
632340
137583
388080
893708
169780
411524
162431
592575
167591
565790
932913
179125
620561
361438
540703
674922
409110
978904
166940
69705
498454
201774
43722
962003
37015
381258
907592
441191
491841
264375
171081
723635
767042
626333
370304
896440
808337
713815
315511
888755
92432
108211
99583
26669
733387
144837
216450
444961
645406
690088
61556
701573
318578
554450
706792
297783
678567
292563
631295
505093
426574
467818
741819
90841
769549
700292
526066
177151
501478
738066
189405
103573
441809
161349
275856
632846
654917
878889
270276
537442
833110
473115
416592
358678
86648
422249
499639
234915
248993
98180
283994
905670
399245
286244
739726
488867
836699
258105
522952
460887
969621
670985
87669
385945
607373
309418
559590
771787
694498
476702
11625
146083
646818
741382
90675
691824
793481
415685
153657
936076
790632
816050
903837
393181
598113
260345
287621
346503
742350
602511
7560
848434
90818
746383
339842
214643
41063
345078
755335
961305
979526
453431
726324
83287
398246
186812
335393
204233
816523
739515
773618
458212
729184
350064
51405
262015
586095
17852
906982
144696
858956
307610
404149
364932
456530
696442
216777
927255
811653
738108
699895
172396
293399
506698
76010
851442
558470
939858
851294
17363
761570
512031
346408
43041
210604
692947
643053
591519
547738
294275
663091
759722
419704
816175
179796
800067
680040
181724
272014
498553
870026
847888
842680
778679
585206
383850
744592
402536
908006
363163
181295
831938
58865
483077
801437
462454
311986
972782
779137
695795
497095
725857
231921
620305
155509
541537
801512
385441
519465
458123
203861
310094
961242
334087
502544
716527
311242
548970
73575
353709
965354
991788
19799
564364
662941
343553
626198
971351
704725
856085
217741
524268
671962
247785
121124
420513
237993
470597
898229
116370
171641
637017
78114
169225
23320
343860
764930
336072
448244
718496
140662
374773
559734
623448
310170
596579
957769
564454
197015
635513
577209
278173
875990
369345
503478
297328
910863
679311
80951
369518
663807
74379
125883
116955
202296
417438
101994
446316
637266
593717
273051
229278
663679
97077
67823
235187
356029
734011
314714
729290
501412
234190
107906
144538
296991
459428
288447
687627
387127
757774
931459
72304
112075
812352
508755
124901
229724
640961
333939
794434
811973
288363
264928
726201
766024
547168
474551
853842
622786
809673
274035
428735
641089
668556
165268
228702
856940
793610
757146
606540
342048
402833
286768
692192
925724
674981
472358
527115
496850
52454
282455
485194
171358
188190
970538
198597
378130
748969
483443
867400
134768
447297
26361
66907
890033
846758
558035
171903
388802
57958
23723
547784
430222
101518
715300
595794
738998
894445
688088
553377
8670
474945
472442
728921
481889
331969
344411
336214
238820
301702
516424
741097
497160
470615
903248
877040
722553
74832
545058
64785
964387
70893
883029
687251
848645
994424
823554
169240
981534
876109
302156
470715
755523
996871
892288
249538
666834
410249
502999
750336
16321
126315
665048
625354
513552
53438
200410
750675
43613
538686
281064
163623
576662
375571
940989
675264
301576
181444
823342
445193
574230
906617
512935
588716
677958
196650
335309
363226
980854
713514
601411
416343
741740
89546
629320
531966
526410
352363
977342
276249
68960
612068
652742
770325
660316
975820
640454
455781
854428
488612
597772
907382
866148
19300
610060
181642
250411
554720
100549
837044
115792
382231
25602
210350
165994
476376
575229
689562
222333
560146
771358
623892
596872
870070
534433
83440
832699
88267
604245
534229
261893
110862
432960
770485
325324
249283
700768
356584
72694
500508
787852
73124
692068
740229
256313
889307
43647
274698
430809
663537
225642
892646
189918
90585
60503
994025
852381
892811
22069
38020
390029
141475
512135
330356
248494
404825
405200
627657
767174
223961
818667
966994
517702
294847
844791
60775
499404
845041
307503
210259
715394
557144
673111
832924
482787
655035
586322
702064
617630
147130
881617
235949
496979
944549
198054
78028
944570
170999
263094
918187
476195
563122
160013
292791
827096
320216
966540
899635
20638
785411
555645
659239
676570
428002
995271
570535
25169
414928
153277
185534
316552
332434
492688
815864
915082
653485
71909
890825
829640
13794
170625
322013
934874
822984
825185
50045
793956
173700
708391
697307
763220
58598
658158
376506
91143
851171
326014
18108
617163
197419
339803
54729
655551
788903
902840
255194
311767
109521
41481
6495
615676
302511
129014
630547
485776
519661
822763
154458
582863
867030
170316
628115
604369
100719
61830
552448
242988
246704
504321
88527
923126
666463
236977
823173
761511
354955
502156
720966
244829
334819
218774
690563
977594
626801
856216
124352
513192
550902
963503
966529
572157
985762
186304
685776
960057
428464
51017
652782
597612
321052
155219
516692
531125
890818
269636
319460
252773
884245
103568
431985
627137
63544
508368
635431
680294
257148
397163
273049
969287
907511
95856
158565
804243
412093
380614
335942
545138
173310
826
554230
784429
109436
10040
974590
766765
925222
863509
670363
85979
606294
475913
131855
635879
620004
248314
238849
335268
430053
524083
148497
714833
268868
927603
121981
795251
984250
867810
248617
383517
258861
939295
110350
595858
910051
724148
698242
94401
48481
954923
309599
51438
425444
97338
192659
422642
474363
743513
340036
659417
494079
956149
286173
579881
544496
789885
558586
988034
95918
658521
754156
71841
185169
552826
398761
424958
655717
966668
473363
756374
367557
797448
910691
331779
965330
197927
313138
202630
981905
113265
482340
396135
331551
205683
96305
304435
685265
405583
644881
499109
912108
258030
59012
711455
325373
566032
914875
589079
111959
393219
551142
515983
496807
192882
861851
709116
584373
767957
298464
595656
316217
769670
437333
222259
993944
243700
370369
748116
538746
985648
863991
672446
394248
421541
734116
159294
829319
81188
447032
739200
741452
570525
439087
638481
315803
953771
312123
548095
718560
626438
434512
124252
265801
373724
869899
800930
841854
406457
206528
430768
6910
42338
508702
312754
523479
585922
217729
496096
137602
775740
865429
89885
649624
169567
203745
8511
155125
372023
563319
649454
580776
4352
427383
152869
930260
905910
330171
336662
284198
55944
612194
727594
666226
366890
237692
823718
816813
556234
401615
617321
102593
994010
788676
153170
360145
110604
1329
387454
28041
271900
713092
559342
703776
900743
133640
16904
541549
534617
673879
341748
923875
932324
41885
591463
206443
240460
786500
443964
525148
286976
551809
721278
556378
311427
837115
489282
638856
558504
800083
388977
519083
232604
512980
749156
970524
175517
77817
887144
988585
442441
522133
290401
498890
391121
997731
798922
331771
423948
895210
871642
91450
467176
247309
403586
165535
927547
509037
216019
16787
288183
134331
110845
391470
846204
26653
603955
291953
480520
826044
464298
630429
639626
600552
33279
99118
168852
663401
272440
513463
766638
129251
52130
388891
585734
365924
67098
183781
498886
61902
731176
74181
867646
762844
452230
113064
530688
470418
412222
353842
90827
859525
23409
231067
349855
19716
616116
662179
164207
182434
926356
204787
626421
211233
870714
121042
996831
924541
454506
909696
865959
532818
644581
260083
825600
646314
21871
486699
25516
919335
229611
625588
410795
558857
484578
117368
415885
500381
858722
908478
682281
192003
556355
325635
392486
82394
426629
67443
785718
515594
110869
205828
220131
796717
374126
120112
636673
443611
346204
682701
958659
228304
998748
307274
896682
269948
55584
687560
728472
605416
854447
359122
694339
295424
801704
856699
852293
893313
212070
909459
183632
81599
288959
559365
582910
116627
467751
863568
11334
425249
119282
22944
899915
589826
771959
505928
686734
964434
966224
783135
191492
269335
615549
891124
658755
691980
118312
539759
693717
920458
519747
515973
946607
867666
431693
204183
855868
927865
589428
953192
199634
644016
719957
389113
165574
568367
608287
415491
680539
112510
519829
738320
677653
981728
769842
859127
193964
65628
791846
785650
753372
797545
108223
260317
472729
548533
31971
497038
19488
499858
296505
648715
50601
235390
352616
193196
76665
189645
540727
307726
776787
470389
844052
227569
134862
170166
403248
270767
377986
958052
543431
688346
432796
705426
546749
182576
595857
664413
69604
126205
549807
348242
899291
311438
503695
975101
324368
775949
903143
924751
283173
428734
43964
80170
253168
561685
36020
269709
855517
44913
998089
204375
142703
697657
475290
844089
14115
928402
666844
296765
825653
123322
951277
557293
111996
858820
417673
770273
109296
883952
876117
827305
425804
124646
663897
413267
211534
109007
44875
57305
694556
709073
328902
755114
548033
463461
198042
863187
162516
787926
115005
758538
790201
805783
376606
270871
400385
463745
282458
120288
418349
156393
722504
500047
17360
36443
612015
464609
875858
903605
25303
960206
742032
277793
311612
338769
668577
756784
797471
156435
402740
642000
427896
884088
529301
424234
75398
257221
957262
789338
366534
511211
572650
174092
947586
763509
923285
974895
757632
604875
820383
542041
815707
439969
630431
668343
876080
281727
71732
660527
946351
500077
803431
492180
127697
137338
900076
773317
315304
929705
407367
599267
649234
518329
45964
903788
992839
703184
250623
315577
250002
383491
242777
234448
732381
121540
993132
552103
180388
750569
828766
222582
78604
653333
895313
414391
518732
254213
453923
540221
550217
572217
819985
354542
123136
169276
16246
351839
690717
706194
967026
590346
611816
606014
451045
46062
936095
997933
735003
939460
797086
151682
273154
960345
416827
237503
671254
30925
144174
415885
187869
34726
224493
85928
771086
604049
77591
851753
315277
547767
209158
72689
135569
664312
347399
329583
216679
391175
978598
576207
772495
618658
13090
436928
544260
376684
622079
27999
811418
406120
915771
825477
804159
689748
242456
711786
164131
492384
105176
867380
871028
704522
96839
682144
729218
494807
578482
67339
88706
233903
245045
353758
566830
844502
559922
632020
847497
614723
898974
721258
267777
74847
305589
233826
481517
41499
73934
503283
780277
61422
671049
373520
900944
806698
367204
940051
708264
90298
809133
590790
377755
959610
576338
915790
414107
913715
294100
623797
48885
902065
428698
951058
524655
396547
956066
64919
605578
865679
492370
193207
554534
989327
823468
644210
245125
728300
395808
73854
644711
985909
750972
293972
133717
953148
172927
297684
659322
892045
569483
850069
698667
453964
969912
263373
185928
74794
221253
392282
945594
793284
79785
745259
868764
835864
467208
784461
450422
458340
13057
62102
478820
402525
81316
606504
989653
527625
907457
935842
732719
391545
814491
117545
545936
649575
238524
406030
270960
453352
126370
416925
437474
82445
200791
881409
381305
627036
941662
959895
830919
692454
188233
396493
502465
471557
941480
713718
770366
782004
239004
399790
881118
303371
866697
355045
162183
314325
455337
125961
320843
10447
840318
992468
249574
517056
292511
294127
128163
913328
932916
818114
475549
630470
294461
58905
827491
659649
851660
96756
32629
972755
19795
327211
950507
227925
675800
527484
153973
144555
607173
150451
278781
178614
435675
521012
101993
297903
754375
801640
807996
749030
337677
39874
617628
590936
899553
847661
211694
677286
816916
379732
919133
879736
517995
427661
183738
860525
535052
485155
321022
820029
424914
290430
533610
330030
259776
896177
221455
27888
441233
188064
789610
112469
461165
180108
984231
380655
334008
304317
304390
136392
849733
160395
395035
457208
849320
885448
749359
943591
779177
875661
919748
160608
656789
695072
835574
22029
560558
882303
647805
402325
919874
953867
205135
181903
519705
991572
23843
448481
39624
506045
151503
757241
650978
49740
896338
740711
944846
216721
154734
756118
559796
671023
970350
68902
411409
163020
956998
989863
207147
24465
208791
248051
747102
882014
27345
183144
189844
71054
564787
245056
956883
622049
832814
644496
354608
695116
131943
359194
91169
9370
873948
267790
538288
593917
54878
740
894156
153973
578044
399631
796026
929244
715648
947486
27560
350923
872915
27444
815010
20909
900987
530338
464030
623006
195205
276062
234545
946879
75518
335715
6756
313369
507163
150500
623458
675435
256952
672557
147912
955026
466429
266713
106655
658067
957789
146090
542182
77576
149560
873928
207751
384101
308513
141785
936684
885351
750777
561081
638827
688408
463866
75158
294429
619585
23952
552619
659340
359148
559777
296599
736202
383828
914926
199769
106206
425899
336529
295723
574618
542024
183846
809336
593160
709036
924038
422906
408195
432239
252719
512628
787809
678860
387007
542409
757070
168901
505375
730680
674164
540468
320381
151157
12438
195568
374705
859301
336444
961560
330625
612213
857353
391103
209216
674326
147880
806132
635857
563417
850533
3948
272521
505892
799640
477519
679090
725647
311483
366172
617196
443806
79453
315833
816623
547802
586288
92187
26347
127310
267964
173390
84496
188955
183094
7201
47274
105209
229355
3378
304099
985290
974167
346706
134828
249180
710611
126164
106679
610236
830890
491767
65500
623793
430284
569069
739611
231772
572379
369991
932225
540586
552931
443840
344611
688243
717607
441763
387655
173170
135254
371609
960803
771233
615773
781907
722813
176881
977494
716816
972337
699363
200029
387147
38161
938758
4867
751237
922406
113933
68828
718570
28437
984140
663411
745763
551261
90511
912414
808183
891965
853399
69484
785246
920947
622706
390202
993764
739294
267830
203685
717495
613701
816346
651737
634253
439408
599728
723272
112116
366964
17667
770935
109047
861645
66505
689842
871274
664035
86725
537184
228755
379951
59004
638385
887349
775223
278609
152307
130042
289333
605759
830980
830524
605270
68147
446946
676208
528478
413636
623839
994351
56424
626512
880112
866338
714507
304244
198052
998666
273497
979623
508209
822762
323393
275892
102569
537297
875540
528914
304781
572168
787748
914209
826232
510740
51913
123267
705340
301032
704189
275477
776842
193706
581991
28489
664330
732640
698037
988321
991691
888247
381154
711754
189396
928496
3991
671251
609881
613735
604142
238024
46665
116545
998801
382575
78916
918130
970625
938270
161194
132073
275379
841463
821263
800216
555156
108354
830155
860195
494189
826981
286061
416228
949282
16834
5711
653849
331797
959597
667652
751083
782632
283209
271662
210780
171871
401214
760877
210252
764003
642072
553522
95911
24418
608639
775281
621806
834516
144079
931829
533665
967257
335892
336397
188486
733502
501667
78180
660825
393055
840535
661486
980368
250150
698983
54271
568394
760241
653089
749814
785427
912786
90885
457750
733462
560368
110080
698805
605152
988874
676420
271820
919885
909148
906688
92015
8721
172634
47617
655000
474853
723993
390309
998876
270923
97805
703863
236671
551040
915757
49068
178467
571390
145651
580921
235355
37611
497919
261839
884445
355361
673051
837428
256662
612635
235225
688191
10584
459192
724825
77232
15151
897199
797671
181674
946513
525456
72257
769550
21683
765683
533878
536116
916728
624447
213609
9736
908676
715801
7733
531135
64047
620198
76459
468405
597078
73983
215926
211429
708939
335857
326368
42308
266220
360429
589613
4730
27025
443282
668261
252350
862687
363861
911087
814540
310265
94219
403289
900998
670039
848339
643508
419813
594606
840419
513308
343962
708687
485101
191638
631109
675916
163373
35154
907920
276
34130
3663
61354
44000
836934
939422
67036
130694
268508
116222
379081
237611
917142
556710
426950
283350
102479
56802
318100
143391
795467
405717
505654
826182
428249
290653
907123
207264
597219
58451
308842
425707
324626
958385
851789
248195
300576
801679
726716
241902
422971
974150
370942
972817
653523
666421
457822
734470
178689
439522
928352
450565
151763
924792
283486
834430
43640
826606
20740
500681
356613
350857
701924
873461
608609
523000
247415
615677
331795
767581
654065
496985
294
148907
949888
882928
726327
206058
478112
126890
41627
435927
386141
845732
688111
155433
943335
296701
403005
888303
614475
521997
77255
531157
190868
648438
844404
40902
804733
783506
386964
591531
276817
413580
765522
420945
346465
414666
32437
938152
13474
891592
187090
200551
238753
685376
5458
206541
989539
232517
5212
288899
732061
417008
211231
49246
314252
869745
482557
622848
651058
31943
808215
796766
780143
737802
202033
63836
467000
399589
890242
424659
506230
791266
177307
441973
121021
249886
233905
590216
126119
608987
841417
256526
851277
243508
330367
24774
571361
205163
188658
660426
676843
473246
683983
695065
388574
883545
405369
866031
629654
132101
777938
14737
119729
107901
473833
194277
386695
208641
773120
833789
840455
3
164024
869812
180399
314399
476763
852209
878567
980008
414534
774601
168891
287006
64817
739137
526836
796091
257437
833840
984081
831340
571672
182403
540391
788253
728112
25307
888082
544685
742578
975313
612887
507969
857885
234841
182104
762868
400424
26692
279858
631148
232621
653727
11831
194760
243569
916793
222787
916469
335504
990402
414973
392288
927242
145231
290348
641862
500452
390843
227571
949351
687228
808231
879595
918808
933549
988769
779227
235000
876762
703586
6166
731642
502363
490161
650610
883042
710978
896038
291168
766347
3465
757769
678253
873572
227033
898329
808852
46011
502073
974632
59325
839985
58385
878691
6934
537742
720858
61232
918797
353517
362149
511536
886951
778776
463300
659172
555840
214766
790105
277356
275807
699073
434105
663913
151989
888956
670524
660164
724147
735937
167459
305160
59077
618705
48167
879211
953646
741989
988378
82538
752513
276249
278396
99218
626937
905544
947613
545498
548278
970803
462505
80557
205332
525978
231893
403911
558314
735533
897317
504757
443164
520220
815191
678398
780574
332235
715503
278624
173445
279649
508448
729523
142795
25728
151636
837483
304287
519055
84761
193977
240615
765426
709736
822480
976531
988699
823250
905925
979935
941946
302793
536527
702757
695888
40968
422702
663772
311137
269472
668521
9265
703752
999008
718191
334336
946212
798369
353311
381103
927792
723691
976995
142183
8305
759175
894647
329200
655816
225315
620552
396712
4263
853595
284215
700384
225184
280874
502396
158612
373657
324076
123944
876932
199644
249423
86850
983923
350091
914966
251859
353595
666865
281737
700478
913675
105779
779773
400967
121599
501989
902331
331316
353306
927417
628432
121104
22819
775570
672241
914444
706201
976246
277640
84353
973203
384034
499167
256849
774009
389816
747048
88555
365529
942932
212966
112236
866535
643260
834940
458915
877268
460469
65936
802989
728649
281330
760604
257151
88896
521384
921233
456514
966399
863293
598248
765209
740531
79134
771590
867454
449957
570160
129610
529290
624859
326174
550391
430611
612365
355985
965241
313583
181506
756222
514006
787543
185543
768281
203954
469992
684620
579815
533438
739075
968219
794353
331903
187923
372534
574804
460534
806574
891979
2357
541618
277013
169174
947475
34926
791830
858900
564533
11879
464273
185695
114306
913407
31447
107627
337647
965959
793389
201627
953810
181997
183345
924865
90710
385921
675028
559857
251336
68261
597381
578048
716813
145809
251823
336222
73462
736449
168600
937741
849644
955516
734762
59389
781574
752128
26127
798214
491769
451663
428213
582465
109295
209808
99761
487939
422960
682212
931008
374839
370109
352838
497128
245015
364860
810270
988412
844871
23245
392418
174719
478670
773562
61289
610848
66610
874573
539086
243428
231918
975676
438269
192610
34642
830400
883741
399463
182648
868868
987674
653754
134942
126776
470222
370105
809893
430020
566155
188898
384933
593818
75079
406318
233962
742564
604581
685079
557200
155229
320476
695995
322870
141564
160582
96600
418786
937930
397383
804535
667697
114133
614488
215334
732025
290557
911343
272797
940285
181163
79885
656515
784716
310818
739747
218184
180086
46829
272162
885106
98732
550968
862046
531702
7347
860667
412638
70332
758405
704081
913218
174918
405124
603303
379281
840681
744155
753231
786719
460345
15796
815028
77847
835651
400015
122536
519915
324147
122245
492441
758549
711126
941722
37219
664264
240442
810296
462719
374648
685938
136334
581336
484163
981238
24005
186430
850426
888295
45978
631540
553232
425327
156828
340644
720158
118279
368260
468338
354385
643218
707116
530861
488689
805991
756206
911522
225166
58476
480986
255499
907081
163869
647379
758437
981820
149036
963270
232223
854215
112515
234312
181166
604792
906917
677068
38653
25046
952946
182205
790338
8394
191817
873022
307564
986795
534408
668924
364600
5285
534190
439596
588323
602757
791074
123174
350650
838691
728781
553694
851405
367276
576865
454203
329538
821514
546813
54293
662533
725939
589353
612432
903133
746891
803516
224656
946522
502327
927517
441047
410347
705663
127910
64002
11980
724319
74596
109469
64284
993322
453627
280862
488460
20700
901799
269125
85619
270202
352029
455693
894591
48360
527375
949391
323143
565319
58383
812532
884667
634952
54795
142741
661821
764306
103926
401969
498953
481484
470536
870346
979150
936839
24859
872860
558177
88523
392438
153659
19463
92285
418919
134344
831280
533994
445065
594255
456003
974450
327270
836993
376788
314771
310389
321097
400755
649361
842116
723532
596574
193663
201265
939202
707158
60525
768722
248812
614095
604271
304501
677489
4288
961285
882305
347481
272347
849964
955003
485668
678167
310016
25701
371400
566760
265164
192192
246662
74832
854384
88947
335272
418447
243310
713412
918681
734262
104785
119042
194017
496346
380090
55621
311867
675491
760456
158542
374868
170116
514467
486792
809890
891013
276261
695280
879071
310971
271846
348176
620641
55770
690339
980902
496408
339873
914635
740452
507235
720307
778341
471249
863247
913286
703008
123917
927405
701236
797241
60849
379086
300847
91267
677780
644957
903762
301718
98475
265754
371858
483606
213576
327983
792467
296031
589059
433264
596951
604810
358902
258292
818705
805855
764065
690506
133336
966487
826543
881626
541047
656140
881552
365914
481761
496767
497477
855529
805249
710662
206330
242188
108912
68304
431693
749250
806720
27030
268781
939205
171445
822432
910749
369824
535764
786033
432600
381671
110611
397329
785487
732440
146799
784629
91854
502989
173661
514316
272636
823642
615448
772200
683201
287625
859929
704327
283778
503919
436837
834110
916103
138346
899456
42113
755966
49914
675263
608977
768985
895354
589947
266946
371474
221242
282529
70312
557582
669369
47463
617310
184415
560964
958553
983282
780772
374373
852433
139888
484299
301514
103685
732746
643703
867444
611131
26209
760445
102040
691863
814834
941831
186518
743828
747040
638875
783827
590417
151129
627190
167157
518083
934120
280658
140602
113929
745687
761799
195190
903453
104127
952590
805927
677478
745774
749088
574390
297962
322803
908348
766221
711520
315464
521352
193039
337763
86109
467663
716472
824643
298557
448297
729427
627766
489119
476600
928658
376044
309644
151374
347917
518656
475367
433516
960410
497802
322654
233190
514757
827473
747180
35426
681772
960734
155528
695999
683130
780395
110253
65554
66046
347771
1159
58379
788327
445827
650935
488950
168030
988486
78723
99678
375808
361598
677277
610892
358454
879926
748238
29421
366835
816309
104959
490513
171338
313748
120228
347599
894762
832881
44806
644487
109879
795004
539371
253056
425029
850542
824099
307439
943731
354266
115954
957785
732386
605980
652309
553551
722513
757998
191667
815832
112023
370841
415073
728686
646524
313991
866130
46942
486899
170295
947673
555410
945208
99083
391453
679468
161602
278396
798872
83400
402341
140333
723787
677540
830920
592604
30338
686876
748734
494389
64895
955981
915458
698753
759942
152732
720340
280764
447685
678927
700970
20547
627037
564696
831893
454124
81617
223602
303922
888176
893514
621220
352969
403651
512708
162851
240453
532869
456345
580629
92240
662416
21352
637359
722954
875569
766306
337215
637479
341108
883184
668038
481315
302489
301572
72509
579298
869027
310267
171768
740967
659726
885548
156008
187761
29728
576400
641275
162669
320728
564238
262238
332892
962499
976801
105826
923587
96622
131496
246140
247881
161398
436554
218919
805872
678011
417987
923748
170099
529011
42768
600609
844216
522010
408435
348600
667569
545543
770019
888910
957205
5659
175124
313692
499831
275218
475998
548554
114112
633019
780364
538871
847181
473284
134788
157270
812327
266863
923662
840818
879195
230369
462082
573969
692598
703257
915219
50423
994463
957502
996914
24642
398737
406800
559968
591986
27443
782401
277779
138379
961749
593181
649412
516819
109513
913828
1235
883959
232604
660984
729304
703690
276720
303217
781831
502893
430263
241230
623935
253001
716686
898375
631151
608633
695091
740926
443045
569669
819173
610643
285941
628553
299607
551894
970754
223797
821776
110936
877356
831341
171874
568858
528598
582609
144388
378535
955922
475991
982607
297342
768364
225555
51282
152103
399440
859224
40914
522406
135192
978809
775457
222733
535030
723369
706009
468588
314107
507264
710261
501220
542082
130910
195917
988314
258811
167146
145133
257671
797655
556724
421456
951019
575821
582521
908350
232865
464264
206788
965055
993358
342445
460593
945851
684339
234508
515533
702000
924066
63202
913113
134158
73038
452360
619630
50418
165947
565565
882490
700413
626132
380939
698216
655825
928731
452184
793886
882023
694843
999115
769760
246224
662265
588120
518353
47174
711305
737002
986842
727086
97405
617516
443235
838701
743832
297652
253823
48356
862977
392205
402084
842825
386195
14496
559575
771811
264209
926654
723558
492130
430839
317773
945615
171416
569003
408396
574335
122200
755731
48580
320884
471530
675776
610189
597571
477096
564551
12090
698230
278648
342320
860770
782093
407205
284744
785612
357989
181724
860625
771062
610550
229057
381466
142850
727799
715436
527529
63230
715420
662468
611028
361230
664575
84981
471727
753144
442461
388305
721887
280460
904375
97345
47629
55534
155736
197030
610871
389441
367607
971408
82080
878898
78194
78233
651432
879326
235706
194015
611318
537121
91662
806237
735633
545596
701728
290726
907982
829218
349012
12797
334884
952799
478566
989139
101659
38
918634
456605
835875
946101
192559
507730
148929
867943
618877
749694
454628
929238
421566
903430
263638
120618
487417
484217
30286
247683
257209
761806
758754
729727
692364
47808
402201
887400
163111
162371
45663
405885
23079
834913
290321
456155
301234
826038
78776
377224
459644
223748
80787
207581
441318
939380
872589
216269
159744
640426
784910
298646
33263
17219
307630
540930
900842
273262
805379
833242
81374
965284
783643
778536
246962
138885
103621
54568
367397
630609
529418
120267
615890
263359
658234
84903
816853
813053
683552
241662
587784
949893
275287
408424
56295
514584
147510
904864
367890
698971
717478
60969
285360
133898
767637
294875
55279
611037
893251
125070
807146
173174
540282
149025
711460
144515
905498
982056
778609
631990
692754
724208
751028
127838
267691
74351
190403
262882
11582
232845
99431
284378
649478
680457
616191
828426
584080
390602
534403
931132
683791
827459
639078
875257
757580
390465
437781
222500
228090
489748
719645
496370
198375
591127
736809
88521
369551
708190
426792
664372
148235
807804
1997
397825
483815
190574
997936
886840
519569
282920
755410
873016
412076
1657
572990
468847
590660
263005
393866
977781
738717
42143
444541
107270
528996
69417
811274
859098
706311
174378
527355
294819
276064
190242
644649
626339
531212
101069
331751
612263
593114
72233
340991
489251
825695
935654
356372
240619
721255
245482
434535
636172
204422
762430
111541
459525
298764
264664
884988
794085
895254
866821
640350
560066
631873
963955
243423
30611
189114
466520
568649
999531
796721
360899
396015
147154
33004
26557
447566
663682
256504
395163
595727
399419
368122
764323
289640
877379
323555
931609
376611
479422
992706
713253
368375
225509
533363
916194
250386
881318
976245
845253
153656
724505
475418
40
190725
478170
668503
821874
364942
518407
5947
400037
364518
282775
197053
527428
905148
971221
743725
341791
602018
35256
123725
365309
448680
174753
969401
426788
936295
422385
266881
137607
295770
925380
595479
189901
691238
178637
938660
437562
330042
564302
500405
63804
944465
13941
472914
924756
623316
133326
95279
408351
430685
559273
85180
152640
212823
302793
835799
422508
257729
952070
917601
110802
576593
812160
701166
773669
293621
822016
799446
356295
266612
700972
265640
227028
643635
473575
890687
742343
152148
758467
234796
842509
16569
419684
147666
288164
560551
409458
747729
344176
652421
447354
528346
508826
352067
35426
530722
48357
987031
842631
301746
151567
348322
516597
543578
251808
610801
778946
48198
334674
177504
617991
114664
148956
796250
335932
928917
320989
614907
358191
719660
424290
53654
186017
694065
430676
525586
399613
582520
540225
622319
759798
781052
977541
98599
972667
529935
909908
563503
458202
133676
223143
442396
507822
961128
71169
561571
661894
302535
905885
538745
751444
683563
297526
480025
748495
210791
940786
48804
917350
726002
846316
158754
926304
665975
82845
941030
443541
26697
801702
544144
653314
896500
412092
137452
370061
335343
391984
283192
940438
443629
238682
450692
740598
809234
438113
262513
984727
468547
235242
924635
12080
213718
120411
663379
419163
233
573771
334597
375892
898446
694920
700665
413648
636068
229636
370165
852024
982785
249500
41343
373056
491531
291846
18879
966953
113830
60887
297859
73359
216903
203695
356189
741615
803559
879810
994151
781753
779668
685059
843111
335694
205154
361518
349965
181719
375742
624434
945305
789825
696482
775546
223833
815576
218596
846807
154128
88191
422570
169356
37363
767946
935608
932597
816140
620920
282090
554644
399234
581200
388285
300089
789488
27926
8007
883406
843889
173354
767495
216189
256829
129406
452247
184062
216812
787058
897854
679296
348186
501326
102306
714611
403876
899035
774106
153200
941902
884062
549026
972486
865478
915250
300264
11362
876931
481793
368067
5338
619848
15455
534467
253014
941893
190339
394211
731099
493596
102882
144027
123189
209537
520298
80850
803137
58682
645016
416241
212628
220422
959862
684563
389260
284954
414261
528152
332273
362246
12450
501593
760454
341431
376264
644213
740786
260821
530595
321290
157446
614476
808444
18816
754667
62505
880870
253631
629929
465754
346259
95617
826198
15128
386707
512449
586265
370656
381995
722579
579994
228764
282830
193613
855560
132449
689722
150691
93830
526610
55986
893137
2867
206369
449619
495089
520276
162165
118422
692460
780640
436712
735201
954381
934568
964263
777546
145905
964450
390269
144105
599899
360593
264233
821848
270052
296338
606635
519498
87055
859460
940254
214213
337018
788501
304383
996669
701681
854502
717835
854798
12701
906202
891399
644310
199834
407552
557849
420270
61990
672090
747220
51779
406901
659850
949009
159060
942561
92440
990776
886282
158014
512930
991966
917231
423244
201697
542408
653964
206981
339347
336142
859940
836887
766475
550107
679046
539052
205585
798609
346515
609764
925943
765321
980493
811556
601721
954872
637719
146504
915088
723373
332879
450292
326227
104694
679044
908808
665354
999971
355862
370545
935185
239970
571625
253212
548262
37641
819653
313222
35023
878003
486798
661360
38763
804353
261914
830830
845203
3202
622260
653533
736428
983213
468909
877236
856332
457995
351001
282292
746182
152818
82989
766201
491988
586859
422707
821427
134112
690101
536999
8110
395695
968931
941234
49676
836522
226400
947392
86421
67082
46355
351488
406245
937760
307933
89783
288708
794751
570559
588866
427922
45575
577881
995494
771297
60750
432461
11989
286173
612780
387970
804544
980582
56867
131653
140371
698046
912809
562313
439186
228382
83092
546767
539022
947555
883169
495329
971523
184294
763553
481336
982801
107241
511169
245629
157781
194732
485300
793452
795172
608800
740479
91925
108004
528563
572641
140157
736070
118282
945884
12577
649507
621261
734820
661018
201202
686619
511075
758172
690788
91806
211047
271064
402780
876282
165609
501378
309134
38431
147131
486317
841459
288383
676493
437649
449254
144345
62235
167023
415198
502578
114551
828171
429193
681765
604334
136088
297665
579602
809434
129074
957229
581810
835716
633349
425143
853067
92467
281163
578661
232190
539669
353010
339159
99326
636873
902555
184412
693083
225927
676159
377968
732860
445869
313260
426070
478956
207143
979757
17614
810507
374265
955336
232692
45541
724268
818849
523637
338847
650067
434812
311534
149133
610040
909664
585186
471009
306152
645974
437912
127487
396952
755793
771791
434923
359795
773287
343775
18660
78273
359550
395118
952266
917237
840066
699211
494394
239955
530898
407018
838714
229884
734522
388605
61840
832151
898523
690859
382125
167134
437607
965231
840263
959874
757449
724368
499076
80252
666657
179320
306770
75058
341229
602804
898963
78594
673283
448455
573750
435693
357754
572075
935969
726499
23337
10149
248266
981863
197511
320644
798949
170462
128626
428085
872887
903034
662603
881350
678282
661373
152766
181237
580409
318316
757727
927412
892779
581587
913072
765244
696476
537583
541823
454155
49495
715643
630892
620156
685504
257946
83977
81793
759117
289565
374554
634623
311189
992178
467899
124997
489281
109098
778209
884586
703519
768485
564792
718083
420181
914269
603884
887230
423474
985931
801860
309471
561248
729337
798248
647572
327926
170533
986883
561398
417578
768207
253635
773855
635364
241696
167229
182946
452845
405367
624750
899243
926534
309328
679901
271220
522965
901843
193948
505825
833082
63031
41196
342074
343104
206417
951744
67970
5872
546429
44122
916216
705343
998695
267794
66025
576935
39735
236021
417968
924435
209431
111818
225996
228723
211874
307888
204444
593008
388138
991715
645177
268345
78438
494493
784624
39356
121910
535001
651355
843313
432725
533811
626267
81232
896474
140971
923571
93667
923755
359560
24196
747638
945407
260761
842273
893802
975117
946070
897934
614569
225878
388710
380506
975027
591948
473082
485462
977495
775454
526422
579441
845118
182689
855984
350257
700194
970780
516401
44368
236956
108080
532696
502449
210586
632354
999166
750269
897134
965191
647156
810399
210436
957835
852232
352728
699244
292189
738151
835007
122069
258554
96604
200025
585051
374549
610294
879376
870839
473440
33032
401108
718933
727290
919946
443915
661635
518837
574109
458230
911749
562114
27052
411489
331845
192316
586350
155142
594087
363853
283207
649408
689531
15489
114766
216231
350796
330789
387626
225612
347797
596571
137365
326482
855699
635390
119683
527527
911670
910956
972763
276958
60529
105012
628580
439787
719537
734941
962747
65466
602218
896081
97216
40684
936972
148453
984401
496495
585941
84806
690414
324792
364224
362881
503356
945440
628507
600686
188709
989208
877430
1082
837468
565834
418039
697744
899262
908046
361419
480164
717972
519110
761911
8412
271605
80599
415628
849051
556873
737668
723577
980778
919720
808744
48186
983109
442464
572432
251886
507392
554581
723059
495111
242900
68035
826767
160411
41930
139488
270497
852183
960963
273373
91327
792850
887073
735114
549142
659903
475926
857881
428732
284157
524679
621818
6641
95561
455132
568934
651959
245267
854823
171960
338059
842286
661742
304053
813055
464864
417815
966636
402805
298585
141935
435897
540730
801601
924374
234403
960380
46826
856843
695653
471401
881317
613776
219786
950054
343152
662906
520625
598697
109645
426839
599408
363060
562798
907451
29013
322671
737163
757929
749576
293152
446806
452315
639820
557897
136006
513711
7908
189278
770896
106094
892690
715809
73717
304697
70010
992732
983860
651666
706150
50106
893279
677124
836579
858243
434571
595376
783368
137267
778017
999414
206294
964213
551697
62396
216507
444545
359271
333214
607345
310479
989365
862578
621252
604022
477680
123510
970992
146662
780183
402969
303784
665790
944206
252002
16435
854731
822153
971649
770481
678302
506339
332913
292028
655305
820943
850822
492522
530486
20133
186904
994222
70755
501150
363340
42270
794046
307611
332604
931663
934744
501535
785986
704924
339337
617182
712742
890566
455393
337581
252129
153269
63622
137816
311886
315933
235439
601106
66220
530236
939388
313799
948946
300351
671535
145230
486832
466244
826251
242618
706877
555515
927047
614608
139458
725669
407855
3922
75267
718590
410968
607994
416453
325496
757246
691394
407553
897308
909244
334816
294179
794901
321254
218832
98111
830664
988870
249033
729745
719451
704882
73745
364847
37079
310023
910124
317325
812008
757636
683184
804077
368897
357381
545908
159393
677532
325273
212711
875198
601311
473923
514556
118559
751643
704778
492099
806291
631917
783357
247251
506404
326471
267271
291876
560005
290569
655658
833593
12183
431369
894811
526842
787096
339826
946618
595423
133800
565704
301357
710985
697
897865
647064
505707
440979
36079
832763
557925
486402
16275
733031
350641
963485
669099
206494
423542
461683
305332
272646
687034
993363
974123
75658
558517
732024
90292
736910
997440
96143
677982
419916
231084
854631
865470
781968
431600
141812
5815
879052
869754
639616
970908
5273
516070
633647
379820
463499
241996
994285
437244
143023
632820
106486
390514
787427
802788
445505
127341
911058
547162
696458
988802
599179
318934
197691
636450
555710
862415
366646
898263
707026
35205
514817
71533
717093
721270
22735
456941
887137
889706
182375
672196
571640
954025
318451
755779
223420
637901
762728
533952
754076
756146
687244
757401
553599
7625
508137
619801
306358
500684
88844
852978
418402
544460
34682
798314
254562
286118
650352
32531
67446
228948
390614
629298
257589
215007
229567
701506
690343
720818
65503
737425
508032
284618
711370
598919
90682
615114
709605
47238
179405
285100
362987
958573
280078
745681
664798
421111
611425
851448
409544
182145
633052
38413
298476
536169
241978
645785
441806
677074
558969
30232
679708
70851
953489
451304
737848
599023
906385
324253
890147
649679
374295
490929
854407
844012
326827
743897
934945
672633
619577
469811
412553
681692
41961
248603
89951
172877
244957
459356
812436
528279
565318
154883
763090
353148
819107
693392
847689
403190
842904
312774
336087
238679
781927
117922
59603
163665
570957
775848
485175
958226
649659
771992
802855
577160
934575
696192
378018
460930
715567
778347
916612
4151
655138
994167
556085
516895
15947
653060
151282
931263
317986
280072
975350
451010
304017
921984
704644
561347
175240
475585
665940
33448
621757
343597
275287
283240
561859
531648
56681
766188
48838
560010
526163
97299
211617
638647
737465
803792
150876
501578
801126
648430
445573
556648
750066
849140
399913
701649
481614
240676
461744
419817
728428
120157
67986
210100
758669
527520
63162
694881
109800
265071
286773
294077
813684
279761
891799
532040
495827
655091
864682
118885
456219
232553
295252
963178
235137
635793
864324
97496
897636
334552
622296
276580
634356
908630
570575
819380
290173
758165
499046
44133
27348
508335
19281
404617
474716
925205
133655
42030
254965
940716
449290
896281
260035
510481
712226
481170
251478
338878
381558
326233
945595
946372
944726
684598
292446
129016
637383
845294
535834
462570
668380
938450
629407
80848
932525
71921
673343
404610
984439
18221
696853
79583
256976
394603
950034
758029
439621
927972
888741
561437
827026
362329
854726
23052
224380
186915
577888
976101
985615
939688
404697
851397
647728
87850
948543
393527
360990
372857
389520
623037
599689
53257
824038
400496
486798
174558
997117
621758
735887
672291
744739
152915
247148
988890
310075
768979
593312
862510
647661
5315
812026
756389
988973
68039
696757
340721
167079
153030
68727
612325
975364
909738
834595
567557
901404
910595
148571
835382
614968
84299
261845
190548
286914
478148
651928
394211
588300
55294
665556
143005
587897
529204
373212
439977
950668
730774
336897
157165
383819
996322
583372
103994
243983
734891
800343
564518
888299
304380
436744
552695
93687
953366
462827
114683
299704
205780
969579
55797
195053
337392
485613
778290
971576
387038
134154
870201
266919
451286
763303
150368
631903
123119
628530
658491
283620
746983
283898
372848
750023
896639
896299
432230
356141
910659
834917
931484
2999
481831
813817
751830
549523
920589
825728
823729
35679
763940
743191
469272
519925
685866
979130
699471
660695
256721
272444
971821
157176
865728
747232
379495
841445
795952
318680
558982
838607
600823
490071
297274
354613
818914
27669
794697
457970
897530
900831
70624
383136
317737
477143
150346
865704
112055
295823
695870
452456
119085
44222
753938
941503
884954
189981
880526
522808
903987
527841
25756
692240
763925
801557
749403
794917
305191
229267
875602
314302
917403
268767
236609
886001
969811
127327
377939
743669
403360
424891
779249
19397
38053
282701
143088
168428
810906
42501
857194
945779
384301
863644
715626
145317
440706
766515
418625
953468
463579
493896
745717
573290
528787
631827
730137
884485
905541
773955
336824
101519
333194
615568
354219
935521
297758
550973
56522
23796
743204
471404
869951
137100
244352
620765
488950
833474
639586
834373
170993
536172
561507
358151
410295
270955
936071
536145
240300
848848
689699
1430
761916
942699
407704
736803
514929
599794
974013
701792
245221
497291
909467
650086
426705
572599
387025
635895
993475
741658
690904
230366
299694
337963
923745
378596
126619
497460
329499
325228
639102
206342
271312
583788
392995
905533
893231
437832
135815
848555
610980
492301
154180
773924
660835
474438
887268
663270
422532
797758
682774
81378
448457
934228
548285
436011
826619
790516
496678
949882
530673
925943
3410
500188
5362
963865
959602
99513
692786
318483
66545
233857
317433
333269
166571
59956
850081
825314
907451
313486
400766
738119
301169
296014
276376
833849
781987
861282
329875
877770
847322
757617
375216
503112
818542
524292
982188
915186
437932
555026
264326
596312
394995
36582
671582
300238
137118
232239
490745
178060
484763
678692
722273
445605
315354
583186
850601
534114
892258
195907
624527
188027
737853
485772
312762
495601
752468
593780
504546
317707
805205
315772
289934
397931
814416
207120
143609
435787
629473
372936
347918
693402
831176
609691
518739
125933
328853
898017
647586
275300
447550
354562
514577
459098
140627
476609
678707
808456
193416
693151
290616
148983
625
726381
517615
867295
574989
779185
777708
58977
639033
996852
842757
335262
11014
910887
212086
370482
639396
571567
960164
88401
995581
4244
218495
645372
814494
270849
830464
615455
874448
472825
406418
138250
416517
977175
223181
996298
539566
858367
875485
365923
19753
425767
241473
404525
471320
539836
92143
571273
99277
926514
888086
380158
693537
200747
337275
433331
933028
334339
890053
154187
679662
574262
793364
635929
145108
751
812043
886782
791095
83821
455214
324966
200182
142804
452391
485275
592067
366030
523875
807812
151315
377180
470169
467583
8047
434621
822123
275414
742056
28089
769445
229664
537383
705354
623330
80631
722786
985448
753677
571345
409643
566576
712453
157309
832419
326512
813146
421436
390475
158417
140468
267770
167803
723041
791124
542183
775787
57341
814386
814839
119150
752856
449412
710450
625791
560746
346976
747000
564596
593463
8824
232853
768399
882746
289221
334269
534068
561198
616767
771300
81652
779322
182344
303036
30471
312119
615528
805708
333849
149663
230387
894186
613371
853459
475719
118869
18362
106888
758898
91057
477965
730448
691248
728031
901159
543361
446417
388920
759341
916292
660601
63527
826050
607099
436482
954208
431677
299728
225404
329921
559804
672087
120404
20355
288850
664927
643410
860892
190812
646618
566716
827317
866673
634214
418456
699075
134071
519095
175631
597189
632338
332771
919661
243608
882296
968970
641797
45050
965664
522400
523314
538841
432473
90201
256184
347863
212151
965552
996552
451997
516904
215763
362530
119769
497700
449518
315221
218261
527235
143506
632418
506037
360424
574850
373631
372749
397787
613274
76599
359837
457397
238237
469870
284202
404276
282137
8962
85817
161711
957305
950670
448107
44003
726567
32904
988272
925611
703707
222410
471529
678670
201989
959918
880158
289650
710739
311122
935449
121007
479327
226555
390685
983359
613241
852181
608774
6865
437260
521432
423230
948348
38703
312391
790745
290193
573962
669330
475982
479817
588579
944156
811539
468957
366532
630167
430356
893109
707723
500170
497615
751608
990350
889460
36943
228034
74088
804939
135618
104820
269669
72093
41529
55972
883014
840024
439037
902901
439601
400869
254216
7490
306616
380206
693095
906612
267140
430464
542186
950387
719837
607052
391620
212217
258457
589448
489030
983298
759712
47987
210611
480736
59416
249909
465535
278891
145393
152292
383209
691925
911566
661859
766322
15835
288846
631205
69240
110359
909047
98255
655476
692658
293631
579452
817292
41656
780022
748122
64342
565252
35539
589105
474667
486618
237465
903108
452579
712019
893605
857872
428594
589363
79831
447217
645470
733526
699099
374692
964060
908489
341075
633767
774919
40758
946402
827005
486204
775287
10392
328654
129492
243147
524789
626922
254655
26662
667548
283822
965369
319458
347542
451327
393836
565716
685759
486452
155106
22458
38801
926608
440741
927952
989898
679404
566134
874305
499005
333491
551078
315963
461683
171399
621779
651163
137019
173762
612930
704455
439061
97687
986774
339611
244215
749974
46891
309371
861818
921614
583186
77832
554532
860940
131881
333230
892626
158658
131861
975577
362882
984644
725663
455623
130875
188011
9832
794041
228185
140252
888522
236163
4025
102115
500109
72451
478845
875128
487939
509422
490748
838564
913793
658438
517193
412989
328570
218472
562590
818253
308217
840897
98022
925713
624314
256673
36
926941
951590
355687
176195
107165
544106
995420
145210
707638
729587
248604
502235
192522
753736
836463
24121
334875
165123
39863
565556
571591
984557
453185
655331
742385
124725
264893
892444
134656
324749
616715
350498
932033
875106
699755
604332
879144
86390
856919
870094
611572
95323
264237
863431
633584
319821
43075
436710
55509
390381
465183
790617
660621
410006
762943
914963
704786
882526
792274
828953
443317
52395
758474
665514
407099
191279
271305
569225
405538
128769
753464
750440
918401
10265
736119
541363
204813
954984
729582
287413
68920
377746
351298
400683
805683
814921
812708
338980
296660
429063
360707
975313
872339
218727
870369
830511
255343
43873
43267
331277
417710
625505
335490
475132
841537
293570
282239
454483
198149
826412
680436
752476
309030
980550
992741
578207
988190
476762
361653
139784
735836
756613
974740
974263
348671
32151
541462
889125
941121
77005
396703
122350
466161
215464
56635
430399
793688
909545
360970
243036
720253
55212
611160
281614
390341
146526
472075
15464
657586
404893
133173
891957
190156
189739
890954
326144
736797
913805
543275
129536
46677
288966
562209
946845
125070
770091
230949
656803
607658
355747
401179
712962
341017
973565
224287
840895
439863
224430
682232
641979
225298
498405
141930
25310
363849
184013
932264
556896
768911
584031
856933
824692
429199
1632
11467
59921
563946
50942
999813
539294
727516
925699
89015
134201
93692
348596
192205
680420
302178
740809
457329
383628
51427
782536
187030
470968
598135
615552
313458
791242
870588
273887
949064
557557
876627
654576
926307
184764
966568
506037
950367
586594
399376
588061
814816
37108
626955
824227
128870
237807
826728
552259
299065
760655
698696
138456
900350
718645
718458
492503
530476
662196
689158
901666
874776
945528
912837
976394
3436
119571
604461
241188
414710
910949
381611
675014
858460
510440
545065
780703
357614
468374
397423
49584
277012
1015
842661
497195
444646
896138
10423
379366
375387
462223
197457
596476
113048
335407
101578
980737
983850
83593
306717
97439
518735
731802
720081
736145
669423
932040
194299
510204
635112
925579
126234
639333
40838
443577
252960
690451
701394
874476
197072
341378
916993
310610
467586
252225
229198
381200
467076
528873
452514
322067
231515
903482
977134
612534
944679
816019
467035
233801
859492
646606
802265
268164
354508
793590
941012
423944
143386
634725
173829
878926
806506
569023
90789
562478
372861
108549
786108
723278
93272
560342
879063
64677
386827
415944
539927
237483
847247
151967
870054
599327
21321
74856
776773
452148
236523
377141
228737
580953
978554
786806
379716
92964
377322
137071
836296
103194
221413
584155
49830
256029
512682
792029
347021
710195
936466
787487
701518
438383
778927
491786
362771
597758
56397
545440
505328
833168
565338
59257
495186
31328
100322
801752
893907
251746
87090
312937
843760
466184
121758
849689
943954
922034
568223
438162
589448
848304
869780
820882
126678
179316
398057
798951
823143
913817
932693
670345
806557
535434
328061
35539
124553
481360
941622
43999
946038
293948
800424
515902
299168
836141
247309
587601
798338
251327
450201
144008
811213
507601
907636
267252
273652
405552
453859
28682
822052
415909
413188
303990
559121
698327
438008
736281
437356
755807
478299
366369
668017
970407
409262
923780
173212
359293
29078
426137
961083
8954
657213
227923
686879
757129
706647
295834
734188
236438
216895
291528
50000
787733
640383
658493
427728
473260
647215
426655
396606
714750
751988
95025
347591
445717
207210
599631
188457
888107
83804
174787
41345
685717
713968
686151
596162
50445
848736
655064
319746
54874
650979
120500
965870
596062
359850
803888
352542
865468
701253
277047
487876
653092
180070
798691
364413
503804
457982
847665
683274
385900
102980
603045
499032
31814
813012
185849
165819
374161
743412
939779
799225
104369
362673
125730
605827
340276
975592
549860
27455
940539
674400
841592
227648
957187
485717
427338
99479
615631
546960
121921
670339
511156
542705
216849
61571
400960
180687
42877
81805
171720
602806
484333
964631
655629
390351
752679
130642
3466
211741
65261
723510
261405
514403
425075
747448
858575
669732
104316
141529
159938
908610
549648
406360
632822
758088
833052
356744
653752
785219
834982
527996
71655
943883
976298
250142
975076
640031
427862
467743
36245
638766
879135
617544
690070
251250
439806
973551
477566
478583
222539
303302
22473
406202
40180
509198
90727
258604
798746
339881
2336
448918
65160
993292
907426
196118
597968
809939
248425
709831
193668
757102
293065
838719
783054
367865
550619
480945
199917
144106
382146
619891
841292
483811
250137
971035
655681
135272
501434
702338
557663
518890
636333
720746
264184
737986
476332
770940
470194
18617
240784
844842
959620
793732
597465
820531
402382
293261
542494
964229
509395
78444
338639
55868
870740
987637
279844
341128
854793
769770
145701
847661
214270
457297
551700
54885
888585
661217
139066
236640
74980
881302
591693
731563
79211
437540
514555
172462
766963
217287
498709
500304
367428
430969
355675
625973
942581
977661
575136
994023
128995
495385
499482
178386
543053
493344
579080
364137
945231
147821
191040
536807
13113
193388
650452
102640
92236
405330
399584
530006
648848
981293
410675
497271
983829
860757
658264
584003
617476
450242
255744
48219
479136
390200
297485
649877
962783
835229
549693
428380
960415
479787
525297
732468
158791
733888
528153
501276
727291
30162
653759
584716
186875
106369
945132
621342
748249
891397
569658
660617
376725
507334
880184
104008
219286
953163
805683
10521
439623
872394
726119
481633
806348
678045
67202
205996
763744
822870
239057
306899
135181
402857
158026
572023
441798
607688
515124
338985
574884
850060
388727
876780
819899
856718
57788
889426
300633
109654
44608
244162
453339
797547
370619
366747
774059
941577
951655
166707
409305
108721
575023
731193
480597
513562
44917
685496
205575
441413
424832
21500
331787
496814
946177
464399
228492
838110
664704
780188
766460
728286
287016
653301
761517
993798
512939
221552
889231
967795
635603
872940
875270
908822
356711
748337
19431
357225
33910
133622
708496
620350
601154
328060
482145
216816
483340
537879
302811
193722
536505
353676
308947
783206
473630
932438
292306
667101
986477
314371
670668
321181
622267
639484
889404
459914
130413
61025
697880
326555
170239
926802
547766
543925
915504
183883
875579
902741
882765
291111
199483
103078
248409
620677
957043
994930
386902
529352
318814
341941
16755
345592
582647
330381
604306
274054
793740
754574
241653
713260
302588
699699
578180
921331
161101
382447
994237
618638
235052
334689
417592
108900
938434
256613
175894
356587
415215
567622
808262
447472
278373
53266
143667
480371
831780
451783
800462
651950
575181
705641
772659
477302
936358
964469
232250
626299
358249
642991
684701
650922
310153
897496
885441
40305
365186
62716
904547
626722
435163
19367
851616
238065
906171
852600
761440
331031
472229
128845
645729
687065
361938
380382
823900
501859
175722
171878
612053
620302
946590
953083
9924
967553
242341
599295
548507
702771
162512
344495
789492
411086
838412
10776
862105
662447
366580
108522
377903
474378
790033
666981
707711
506475
735215
78960
208546
250775
586780
577160
825993
378257
996416
444245
295271
812472
47508
107353
203451
711694
901056
817153
765949
841491
219029
750238
392996
733328
927780
572269
7826
311151
995769
571474
505565
54087
474039
97124
105467
186614
275729
891873
363913
642599
553123
255234
267384
957876
343211
52458
893973
377253
910375
407928
570995
668949
650059
495611
813238
171445
437855
204997
900031
617002
745395
900952
424303
348818
664384
653310
379866
712036
928477
307125
671434
270005
668954
798662
710637
81175
160509
703414
785884
377628
614102
422038
20232
278008
102785
567157
91267
208645
925944
802870
784104
17375
420370
182012
629801
655471
339548
81729
575027
888774
335891
644230
189696
458975
718139
565541
841144
577031
582238
589954
750277
444760
293092
583904
179314
382304
386060
489616
464190
675425
521221
383811
901827
768370
752299
724929
595518
310147
772257
804338
22651
898046
408135
178394
27486
616456
31576
176866
42063
873318
367779
881297
43779
830269
476196
826266
172132
365170
831167
612814
414045
533040
915160
404786
819843
879751
239569
984171
48163
523761
912481
823510
9828
311281
740045
655220
418905
56277
527494
973122
865510
633114
502368
294887
729611
718510
791722
52679
465618
203344
431342
828725
660241
239124
788806
708037
667293
27586
326745
352702
557771
291038
58737
157103
195428
69571
502074
627417
780708
852969
949082
948937
395759
460613
569383
244425
130321
230479
348425
615212
45936
617503
726830
897864
811921
459761
136163
716097
416323
259976
957718
648255
128491
310318
995237
343297
50413
240728
529442
657291
718709
945640
614438
94843
428127
74829
759758
387258
152137
531462
224343
798221
783858
805891
759058
224971
905679
582380
68932
35625
71210
688635
375260
837169
302967
878020
9681
724306
31221
99541
253208
133776
986685
11704
904319
149596
427371
307349
57193
607294
477478
693044
256230
853806
175181
823009
155886
342147
930239
738600
164539
179203
187783
810048
228928
933849
816483
506500
278793
930660
744367
854812
182384
857131
910707
8890
582329
275951
850822
215040
60491
815513
759901
175232
682124
272275
74099
541403
704215
226803
523927
497098
615644
695953
46733
263419
27477
817657
830114
385747
748961
78972
425872
281362
842431
107361
798665
970773
49128
48889
316451
82228
177928
120592
203553
513867
920987
538879
612314
454742
831649
555999
626377
582774
955645
936472
59120
898064
866928
643671
131881
535765
253804
653918
862858
449756
264792
774645
396980
634090
298272
563518
939449
792532
615349
431590
948839
177212
754536
412984
816757
286007
346590
533963
433865
331343
232817
841052
793060
663140
888676
556406
916907
933613
708608
750861
146323
910044
383759
646443
201703
574304
806068
626498
193593
286404
997925
299936
38819
46068
195207
569600
576568
84128
120101
721404
727117
555769
113292
198688
781661
290457
209477
193627
600989
200319
508975
290127
767965
489591
533433
501895
784087
369177
188474
681608
424792
871976
752941
873344
159112
612122
141836
469019
341400
740215
58887
150581
633542
278938
432673
478442
952144
930452
516072
845960
696819
360560
71759
690022
228062
414098
270249
748430
683128
172473
726596
884245
824011
556195
60832
925516
925835
283472
401355
621519
521799
665182
536410
631482
951275
296403
741894
647932
770799
835962
484512
955651
592800
580452
449394
93271
405641
140815
877364
800259
116350
315685
757352
746541
19652
745627
599954
481415
397984
990138
752919
792734
169979
697659
664178
539984
718318
56330
785357
80539
623600
744429
511298
820176
107097
494462
151917
921382
341586
96724
710957
260714
290268
967040
769208
578580
743801
967539
826904
263606
686906
798653
57926
826125
493478
42480
792225
215354
827140
82083
489675
998794
298182
791570
818273
504177
878866
641251
205908
498774
431214
514436
130281
35784
143559
524207
559305
434830
85213
542415
599621
923483
855631
342973
961515
536928
2046
988515
176830
454204
139105
450369
786580
326607
766885
861838
705809
636140
338494
808758
94075
652012
448015
107650
818683
382303
10034
325910
448495
823966
750756
145939
786990
257084
366224
748125
411033
804955
487414
42614
615770
933914
873272
426505
77244
208492
554817
313731
826919
733508
293010
488220
193398
149868
525931
975156
237431
501813
877842
580888
590462
22025
946307
871459
802982
787548
202548
951937
962214
575361
734403
973711
832587
346969
396926
220638
981719
486694
925327
396631
995190
27006
476034
433656
995801
282010
391029
377084
405106
389198
19419
419545
371466
50835
782444
763683
996482
70528
188205
970446
869604
156376
515863
789393
442853
13820
355879
286629
180729
747201
650497
140588
46355
297052
614785
166767
311032
794874
166176
125248
326143
259692
119552
326462
420519
292480
332309
722039
612820
111531
463535
45032
866600
424994
318952
877343
956858
526791
108390
872706
575286
356352
984589
453992
815441
176676
657860
103652
866535
769935
327011
329379
777650
328789
905014
695595
644777
318099
632496
940675
29235
408097
125104
249586
376902
780579
773480
439007
560545
585087
596976
434903
87714
549993
418726
145134
102148
15577
840191
143292
660601
604447
747247
855561
679968
621453
723249
217283
875363
287314
852467
267179
463920
103910
991522
914001
252050
522785
975117
859188
769323
697319
942072
433099
780496
996862
56768
700705
170049
628928
523237
910555
490500
803755
509753
140565
374557
36118
622628
322539
120171
561983
537809
999828
736993
833151
564473
187560
71200
42782
896202
851522
23662
173251
538995
989824
969366
578052
641615
890087
397532
640028
839659
428260
37658
327034
94390
620269
1979
634230
381764
655366
361683
955998
825791
152608
727066
480559
697834
771483
966980
340704
756819
670700
26750
917655
909461
866266
752326
862719
947975
257379
397159
322161
596869
443771
676880
940815
44185
95732
238160
21040
974981
406137
543537
650357
767471
609716
494190
893370
749417
725968
882770
389096
385373
35160
56622
95144
827474
882814
696438
996082
629341
406520
188664
387139
985062
217349
391674
864301
877461
680654
647088
984648
150362
738407
389527
711558
367383
911348
614769
410853
669738
126249
486877
887997
604826
51113
85778
949945
559517
75024
162552
767330
947779
43340
454819
273047
27779
866918
831852
102361
961953
686495
908142
291715
313144
142197
640282
373399
886377
249093
666488
182195
24352
727754
452731
284258
190208
494211
260799
692878
601131
810483
369569
991699
154159
490562
367291
993136
451408
338113
575354
102999
282030
154379
143518
192356
488979
782598
89678
340330
58267
576265
892502
47272
756992
414872
945022
666138
139201
510794
287560
412460
76847
190156
776517
235977
940500
861630
913620
902162
133696
799931
950584
906283
553457
677494
152981
532655
239710
356607
424455
821507
536928
124069
81055
140360
147902
724214
439163
20266
226579
62306
660097
987798
283678
377918
458872
661960
320742
223844
794179
56578
102024
149303
546618
330328
231263
517444
683302
190824
44558
847172
961689
200872
257196
385534
42600
893208
382157
118793
230343
814806
355369
18223
729663
319952
669036
214573
417166
344147
936473
969368
951067
910402
496220
72089
447444
936163
832426
978393
121382
55572
633815
399928
575000
470619
542580
956214
818693
440923
313186
885748
792244
912289
413880
894037
715541
688990
664780
760063
428891
189040
274722
528382
470768
252120
146543
147591
408793
774928
831560
944345
352872
811766
369708
482687
231192
6369
512298
6194
651912
427221
352624
686876
858071
357713
289202
106936
457944
625733
857587
87445
734578
746912
441523
2681
733207
379144
697974
927714
922527
266787
642476
386792
848256
301010
30722
331134
3052
916414
431364
27095
393224
48970
71725
863525
769476
914536
288461
556412
661723
490952
466389
619542
299881
305066
233090
977903
967268
480596
637092
674129
772664
764064
270858
937386
947139
140461
61324
481049
241642
216310
163765
628615
866582
212671
961803
812530
645903
123115
487611
206213
463923
405739
254246
102883
944530
710033
279106
288899
987305
872130
610542
521013
250042
507722
183639
332867
82564
47370
421376
168499
871908
283212
732209
257256
736392
766711
226366
83816
338188
8926
782322
860408
779571
922034
165529
91619
465539
405848
999975
512794
368829
340950
933512
295797
603895
555494
104197
23127
909208
225645
188367
431024
135216
11653
399212
382813
586929
878262
510267
163498
489998
731460
284645
38903
134831
658786
12002
199544
790798
462916
701605
898838
223409
859218
520614
314547
537604
652408
606026
265995
84178
138010
890160
847861
586016
20133
789338
90697
217190
100417
464310
331484
96107
562787
258248
79783
343804
965694
753399
345734
930696
143065
804273
542300
59931
989436
974075
220883
908661
654724
312088
156225
853574
693014
623253
177382
986377
75504
212655
174738
598650
936795
246882
884451
717557
225021
112016
759340
992813
297866
859594
153842
58245
971547
405245
864336
114254
11031
577980
930362
21854
798157
663717
206622
775305
948452
705331
84518
487359
666282
349472
184858
917634
129096
991861
786147
415682
524758
350447
622571
768342
3595
849039
861343
452633
312525
942783
983062
830623
869735
966172
487563
675731
35865
360612
26886
829423
196936
309565
183642
708246
211990
718048
393479
509521
507532
566368
650367
604644
862772
549723
478534
854092
175876
327036
578674
375064
65972
997674
423314
327841
331825
663504
708523
220520
253418
501194
358366
148362
888007
84137
236837
37218
454137
19939
651388
714043
15148
425626
863836
8368
524314
806919
475362
844643
727737
716611
313039
520598
769940
425074
521385
919081
863032
398860
539646
885680
69892
616073
821000
552944
259428
269864
183980
411639
417815
751965
907613
655125
327723
659541
845533
52346
975499
796647
274724
408109
786031
972888
923865
820519
373297
623883
881021
230922
294080
128003
783719
635265
483245
212567
401706
740981
576099
155889
811858
803432
202100
663106
906189
458162
98510
169094
478631
392534
260428
653679
551214
981761
890792
88177
941044
238942
897487
423849
909939
859672
210893
991722
189579
260205
69095
499750
785766
412460
45448
680630
771452
118667
726611
510726
612338
842791
798551
550816
809694
264664
953440
44755
394982
85808
545770
449728
184006
50769
252401
273728
825839
12456
164132
369333
549133
129226
56504
239020
913313
818409
569368
436204
103437
416690
241465
661726
750127
800263
279948
594712
207908
683220
859277
164488
522926
317328
476409
20921
308976
48466
457628
563525
4566
300045
956232
965592
1425
947754
989857
709788
215296
958913
910998
105542
857130
896307
505962
443965
200360
450086
771184
490274
438752
231902
490389
207872
40300
347893
337111
440529
124376
713847
17812
182379
52490
63516
911293
378502
795005
855330
751401
251626
303461
557639
377926
982841
505079
815968
567146
957078
444545
563033
275272
613233
197684
834570
70141
381361
363714
183089
609610
879996
899810
867730
736093
694182
286449
140072
124360
249587
995698
47366
137171
634123
725366
234575
371180
312249
516503
697358
658045
535455
836382
845171
785494
151226
41924
117675
182345
972302
309014
843995
917909
400558
345073
251896
67194
297898
552365
391621
275308
509525
496087
990122
793570
774257
107990
4334
385229
742586
308142
881233
441062
637900
952035
822857
322208
630321
651445
687767
364925
826123
824202
924996
534333
453914
615466
588925
588464
438315
222500
25352
356717
493662
741453
3426
707355
863250
13544
390903
971884
247471
190433
366653
76714
520271
767924
390638
565225
862217
200619
33184
578845
849180
240068
959106
785796
882741
601584
90677
363395
37981
793016
742469
900943
800066
306491
724034
187074
840929
118482
933375
122510
867148
338260
518822
866445
720349
917301
574582
78326
374071
993673
406235
359532
631925
362087
692329
265648
228275
598248
411956
423095
124853
463951
711630
866455
984759
286594
936734
201691
828625
973879
308121
32373
628295
691626
674784
589971
391083
741642
507574
96650
579119
981876
682396
39791
417867
14614
198219
331269
439623
741558
150926
787408
884902
868555
239737
729032
999471
925449
384201
727017
327833
867002
194778
930471
285522
429960
970559
449407
413356
518935
38274
618793
593444
2383
330808
589802
192849
360951
417855
858181
242982
988605
147542
956817
175843
915858
914586
879398
950238
57202
330137
678257
959146
551681
503957
677031
175457
278225
549783
740630
873492
839616
453932
381911
728139
440958
812737
12256
185531
224749
990934
927094
174211
767201
361442
943999
982178
553670
830404
774774
114874
399393
715616
588727
868857
79855
217950
975546
859818
419369
157307
549660
287575
773865
549450
174233
627608
361639
124043
838231
971837
703644
930534
734747
107795
586503
744069
423326
298647
808333
383371
266042
248565
562363
486964
5503
224891
181800
978698
868835
430111
853046
467137
372501
706857
153847
679472
645042
50558
60267
183852
210897
539659
333287
301571
855929
481866
932114
395922
223794
987700
195850
84611
326008
697411
844004
582247
565836
478499
969551
583084
235174
183092
778905
828027
949317
151742
647308
673073
772198
362546
986865
399927
586323
343065
863732
644800
729298
52316
187495
881566
619775
549038
442465
943170
273396
349146
453567
507534
339556
2724
450634
414809
731975
761631
295353
292478
767343
312395
397069
764193
957946
671208
640922
727424
505760
349467
200678
273713
625196
793916
159978
862461
834376
346810
511221
931865
528752
195564
840944
637181
401289
660149
266876
914404
157771
378898
351800
30686
229080
61571
549982
286549
749553
58579
802829
642714
985022
690758
122593
447787
706442
330527
633086
789444
373330
297931
487020
892318
898802
862957
4060
71176
54208
780103
694473
632993
261748
860801
434618
27888
456516
848537
802724
96864
155535
652328
385388
290459
426287
209293
835657
385
152881
61368
785096
913029
153249
952661
767657
686372
261886
885074
450791
249219
283596
868943
385493
578917
938889
288098
859428
584902
211575
388867
255297
500950
652120
565147
876187
513045
245112
58788
984450
646791
313508
365436
888619
967829
813240
69004
564304
237632
330902
231503
524532
605506
25459
376962
952388
213507
454411
587559
26009
330996
34357
653557
928538
555276
687185
869279
47231
53277
405405
265471
49520
394066
889639
273055
360075
109383
468061
644772
289733
623173
915456
545880
966056
398489
501431
747410
228538
354191
472064
10244
214142
811024
563009
121313
72980
904085
488893
373801
320827
574023
284066
925906
618935
532917
341886
993556
737358
394289
62866
763602
190572
866056
130687
417504
453478
777563
852381
874997
822747
628638
726187
205998
145847
584877
326112
526396
461841
926598
306400
306220
788276
465575
861834
234258
79419
796805
164654
713873
7381
741670
136796
127560
416361
647196
138007
133852
567827
861214
34537
911902
480587
868932
334096
217753
866535
646495
461974
222459
122551
838002
438910
542109
335758
371857
792858
113521
534304
168469
769978
384071
731015
372537
286271
207484
201824
70869
414285
499199
547410
19380
301726
32321
125230
540436
334004
424889
294450
609913
845031
943825
150504
296750
213148
608240
70188
987993
251414
388773
435402
592058
49574
159341
517893
83328
4414
727073
714869
127560
873060
166847
336968
814451
80962
962771
286889
77986
477721
537217
441853
280272
557398
993458
216074
834829
781885
102937
303218
805651
206402
851809
761822
143367
866359
927029
43894
579085
638430
150251
886988
432456
259488
553805
843864
662829
336023
19974
564574
354883
536326
923558
49772
991865
800232
50386
317375
794339
387237
667915
286149
253651
440289
449561
814590
491216
609711
941075
575100
804342
853924
51342
262217
890217
233797
752736
377143
906146
430864
221746
444746
991420
638108
698274
912902
764705
920165
258989
636101
346905
697467
19337
47980
995833
396609
754447
686122
909140
992445
230651
653773
119057
553918
639184
53632
146712
444586
946264
756069
332710
94755
618057
614283
723009
650582
461124
568268
779269
617376
212918
689158
54236
533724
845217
486132
465356
797005
657333
919976
829930
366821
366552
66087
146604
5296
535493
761377
314076
37408
592208
891275
46569
627637
258632
59867
566616
806857
970549
681823
514647
194933
587264
919483
766642
144547
115826
205565
962527
870066
378453
580318
645427
76671
854966
373784
617463
850519
961548
731294
140054
27893
277811
5629
239597
12153
875665
842317
383365
542440
444633
981971
948765
389082
107950
394295
309727
574916
94879
533660
681973
5602
286865
144801
189429
76801
262458
709108
567736
676582
984009
785614
419400
170847
326820
655695
417015
817124
447689
179958
933901
293736
386454
679612
840345
723778
11940
510862
118824
946355
967053
850854
141396
70291
488526
533765
719795
721565
891016
698575
639025
972499
245857
998978
521016
616655
689927
752916
699339
539112
316565
260009
396082
662141
435150
942062
576912
685473
486213
790101
228944
229859
147231
479853
782590
929016
821745
753948
911218
140167
103555
958972
90406
92305
177974
543824
70697
464252
459073
596258
321453
258811
176727
571770
104762
661467
568613
39357
335237
4459
865399
918303
471324
566857
984378
38982
934840
700997
275676
418557
875573
951733
159376
71249
608221
384853
585581
974924
260448
511000
908918
723531
881312
608783
809332
758142
869929
561589
458112
486524
877822
490261
395293
968129
298254
429080
543361
387013
653574
943471
410164
656569
180608
734937
621522
519392
844824
944785
57003
145864
428063
967128
709193
676069
269417
219546
590545
825416
131393
390271
592770
858241
981949
875473
853147
769614
716396
162949
650585
64830
306923
308520
486046
349350
92439
517287
19373
656255
755164
308283
263634
630107
910444
203567
402591
680194
831564
477007
162960
969517
626440
260143
621392
50398
923015
860821
282901
911386
299321
52740
886758
230468
652013
741926
564092
305560
652862
469909
985030
470848
309485
992006
951431
224918
618123
46098
282459
242039
245069
692834
44695
374976
508482
902903
915085
377576
884768
586900
390959
88122
923002
637448
105099
189101
44686
704219
543348
148897
594938
7509
30465
513401
258575
558565
856303
476239
850814
586549
536034
528344
111919
717000
852552
950486
749745
348812
928990
437556
162187
790786
253133
881985
482417
644550
184108
834636
237075
384701
37289
340376
995279
773723
961985
105532
987718
557903
958188
770074
383243
638411
42199
307769
265400
217971
397449
102594
707547
493281
137639
779028
840334
872979
133075
988420
396516
595698
920238
718964
275903
355903
574910
717198
280959
351772
353707
577374
325077
511541
495524
510218
824693
513289
245471
161838
826346
634009
361213
478680
392835
161579
449291
114333
462059
780027
62821
843222
94294
62015
671477
98234
988632
835478
352217
198873
587600
24012
240099
51443
406081
740044
802041
313459
150721
88931
488285
158283
907466
308460
74567
682669
353261
126046
95790
73763
844647
699374
51175
210315
740172
173090
493668
959603
21280
904884
210525
206157
373957
642335
704011
991823
106702
651593
583825
709353
24945
681740
452214
826724
583643
518178
131213
541780
971102
654125
935990
21241
114246
504481
86909
687160
456841
546639
609503
155825
13148
237390
616109
436541
838626
129224
814602
881861
434623
586334
920590
537346
423819
661817
671949
727564
608419
496623
168498
280609
499609
8909
430916
58741
372875
626631
286155
556400
787409
249849
501068
487625
388624
331929
932079
130557
142315
991548
493442
347051
522010
860225
510998
684943
887955
421534
445639
192409
265636
219269
615001
795305
357602
349682
287230
543018
485115
644308
187445
784072
204072
17877
687884
377551
638719
707208
658886
563809
112101
14062
83351
563028
59809
593573
550988
654054
658187
53934
530567
108637
999971
118297
859432
253312
548030
715791
968648
627563
628186
815612
903519
651475
274323
504023
63109
909847
350511
248847
548822
415358
875155
547412
492590
886739
915417
124606
496403
886618
372793
417374
71666
489966
698980
723104
582658
407672
753007
443225
326597
545806
765484
262835
806317
599014
488149
368818
595099
207093
144546
353250
591042
172520
785146
328671
943658
674622
28357
142337
622161
369344
329312
811874
446188
607518
852138
517517
543755
622440
716347
17348
484378
337765
112437
616430
552387
187347
579250
851739
489009
394876
843805
773557
321520
117682
212701
27206
330160
872999
652843
600672
14761
128555
45892
688877
308504
841474
681530
951763
849319
710753
106342
489155
520426
187141
911352
925599
157830
401329
638063
149126
746476
517698
681443
327741
716099
482352
14079
224955
694628
697379
296589
704657
99711
455087
67114
940020
903898
511470
214936
573032
193146
934969
829554
745931
306970
979843
133178
348412
446360
907729
686095
823782
603567
624666
609274
210669
728607
215927
994727
638387
798057
83974
6512
161607
478390
953889
69333
572139
811416
107446
428680
630912
291752
270403
275813
345424
598733
178609
619071
272056
63262
139401
9366
537136
981279
159255
710436
168312
928424
274522
436566
840289
326756
459044
932440
86134
38196
389077
79689
641157
792179
433838
685710
677517
159445
510996
948802
818885
891496
533540
83467
598151
764349
45805
567624
747671
814304
133326
647398
439444
299458
204397
267346
223226
125496
469777
41481
137362
888476
902749
609099
474103
648529
56106
825197
315461
932069
376959
675022
923167
948943
755888
73314
974557
852567
441040
933738
248273
712469
23444
279556
428660
753041
114629
195614
332018
198794
163809
855686
826383
216914
833039
382557
699060
188630
758718
96427
71322
759228
627865
969420
878034
164773
315176
723399
290350
373265
116358
537791
251600
696674
507
316162
532429
638713
42485
422334
503293
91325
261096
209556
23201
291834
651199
983429
46897
103781
854525
646090
933314
663422
759477
208320
68881
494990
264994
565951
986479
489808
648292
826891
248968
718444
365336
589795
925393
517982
93586
965303
553934
618229
645498
481783
182973
515768
883456
29639
895522
598371
342077
784462
981744
918607
477095
926318
701969
807215
741169
169038
211346
519734
160573
278738
835502
253975
382975
946924
368886
485028
523823
978444
482265
974552
563178
944947
157270
592240
570150
878309
233083
769011
528784
33917
200024
977427
883460
175194
506821
832876
939560
116663
759373
216681
174118
814553
472310
583686
159428
595489
561454
201327
243233
167553
865300
678216
73422
138508
888159
711110
873158
698789
716527
899834
51083
858201
764014
368814
992223
850185
358435
405608
798941
981184
887187
778251
181874
967651
600468
760733
47930
782150
897135
542628
967291
331739
850481
924841
624504
130821
589199
847134
573427
270347
698163
925211
229635
10535
773543
627908
406925
914750
881245
400647
130786
735531
298328
452482
762677
163956
757435
297729
614007
312094
798444
312677
51793
772381
130917
161632
463741
517027
260183
626140
363970
17433
929338
292283
854218
242347
749686
712697
227425
461886
5607
444078
970508
412477
234513
968369
132548
594641
12576
862550
581006
333103
104281
249175
360696
991307
227683
203920
107185
822314
401388
304420
385798
285973
101305
507262
401781
663529
541518
485682
736304
935563
571446
839425
891951
850874
539184
597691
555122
684349
306998
372223
301714
609339
319979
998366
235779
256489
657504
603486
159849
412125
767235
701274
657427
922626
644964
81543
102424
783461
645797
714961
345420
90603
819006
198691
477919
656229
311275
910086
222227
766012
406834
546849
210457
993991
504020
865502
728198
424252
825744
330606
228279
36674
32014
924642
230974
996964
818735
710650
373127
367074
968814
460475
740684
949154
443123
872505
884784
830020
694772
773877
575356
318546
401096
763487
932085
875286
115018
632060
801046
596294
517350
936802
634607
300635
396931
370017
627354
375680
604365
787580
262933
389925
223198
175893
737921
691826
469192
535654
948662
449817
676737
17451
548225
829380
9196
533598
756987
239598
848192
501658
146631
65934
884183
482273
255655
734445
723669
192313
259708
472409
890867
181681
167768
324658
577575
162945
467777
578145
372530
22671
352965
599913
439365
852750
668469
317973
14801
665985
223935
453201
13866
243550
203692
615509
710167
362253
647154
856188
445752
887503
357943
816883
433684
770172
524003
559180
810366
61540
788064
89074
823204
482327
468337
967223
851316
377537
694892
935114
247723
536941
167061
464900
356412
432106
272985
521249
74713
930763
325732
769675
71840
379911
528671
283346
552933
398721
386121
15417
651032
470307
279857
746026
772371
135011
188557
7817
931331
937896
113850
706853
921072
209413
903377
145547
964266
818467
152930
589173
777618
605054
303312
818528
597634
415494
816265
171003
737690
980197
819616
645051
305320
439392
732680
635595
164083
832663
922479
295073
164
569510
105780
386924
934674
914094
269959
859113
169449
379950
69852
702229
743989
218378
746572
711037
313489
133742
268488
394673
440294
55180
825146
896919
939042
60993
664378
127131
923191
385110
98281
85636
255757
168353
854510
2850
501062
543052
350731
359972
341931
468909
481115
914822
157944
206293
986922
250087
586048
658149
715825
109240
645886
941593
594284
159504
993018
513896
715610
230621
699541
460036
823760
968886
69425
936380
908475
412428
319487
570689
569264
85246
869734
639366
754609
771147
543629
819264
73791
17505
584645
414349
924567
862549
311830
829745
583946
658732
521957
205755
144444
212822
692030
27334
58937
734202
221636
393115
884719
553900
7090
241972
922124
773372
452109
24028
237493
458344
575016
939890
711135
147121
949011
754251
930894
731147
549665
695415
118632
847213
200981
303964
293685
788297
425193
115455
944694
256342
277050
244002
610334
837320
594451
933255
676337
863265
643860
3538
103160
667105
414782
573580
155486
601305
918110
438660
814123
468126
62484
380368
844058
732440
356096
946033
962072
117754
56584
210260
127388
729420
29959
781941
704798
549731
278293
649567
658357
899571
581935
393422
718288
934267
167491
813045
209808
438110
851227
7642
134593
117458
455651
523615
545076
180081
374872
289501
879034
930349
989520
580329
821247
435361
958176
661944
599744
565058
689517
178143
909034
973236
544914
243378
690001
660153
476331
574350
433609
229060
275580
813171
876133
705836
188482
372681
331338
705276
912147
724995
83310
322471
180148
983137
703219
148376
361783
725327
450586
969704
614607
992875
28197
397097
792882
932260
433102
542495
586985
323134
63325
853071
777143
586674
922346
270191
13732
216689
867119
689980
57701
994249
888777
262251
749865
624737
676427
270135
863170
647966
583679
509209
487086
782312
467002
933142
494914
744583
999195
168754
234930
925223
730720
408322
901631
152506
70180
642591
508989
313916
321721
637366
364352
373138
688734
254205
193955
238668
531485
600960
755444
187146
122756
466969
848703
565050
346365
927742
682229
611903
844108
123125
385401
167277
146277
663778
480456
94577
708136
890945
30466
408462
847674
237806
674521
341442
445505
775009
895573
483783
214779
678200
679425
736117
412540
331309
842294
141252
255874
358311
674497
630063
889910
153836
280436
787381
874946
981491
901446
117946
417289
131543
889511
257738
328584
668136
36133
350333
985799
738588
883124
75765
739899
914147
469149
411844
974459
509080
929094
66155
193245
689811
499098
512381
525229
469595
887636
241059
847945
811257
386285
428984
171548
30119
337056
749076
654773
55336
220759
429414
366915
863153
762164
74043
706031
301125
587581
97627
226838
147742
637732
861586
386146
962823
848946
851404
416516
514567
688720
911834
646800
721463
500146
196049
75188
994869
287136
445393
366678
140785
880162
538659
343050
936740
857992
484156
197869
687201
83667
920798
900704
553028
184836
912990
705508
953095
549630
865664
224911
774387
320730
606270
843561
904179
929672
94120
797734
221507
462812
883493
48063
272456
854140
210839
542703
566458
179941
597277
586823
462460
106901
136242
23854
911309
29209
506354
608377
464534
983347
438653
584995
838691
7975
977204
695017
798191
878690
446305
735429
430295
666696
170611
864964
466865
116761
324390
942406
924342
465535
932609
615634
103322
106742
543097
731347
378621
781272
517939
123187
530169
603908
224551
701715
716699
428394
747808
56612
88175
150518
867551
98981
840629
859415
399008
305401
798960
808491
944756
116964
231644
595401
113165
802530
94719
360618
307288
62500
990744
144180
792965
233768
8180
343141
333602
431219
56480
370648
347493
290606
501689
11511
119688
309659
903007
722430
260687
319538
927176
455784
1829
138844
435953
120760
311716
743243
324782
899365
702772
715124
38051
112099
242506
920234
438731
108362
247762
110680
100917
309285
283240
204635
786063
675802
854207
510970
883035
218097
94628
53059
462782
760194
683037
254083
561335
96255
466603
634465
824685
146779
905775
171799
261409
716502
498537
180366
779522
818407
414107
453781
965599
737925
118988
886399
515831
473169
148136
166678
941164
183139
166853
719359
859926
574959
662528
821804
734964
58068
263942
760567
13694
956609
609647
168930
447446
578692
901636
544360
49308
269105
741473
64383
751520
387819
994230
19693
792627
219858
378599
708996
744342
501129
670419
581308
215380
967458
980594
997547
468524
823721
889688
267171
158566
945418
692694
897576
877574
977631
432383
668172
137566
282586
69192
48553
496062
818891
717961
161979
448583
886991
923168
625943
122462
242966
154485
137228
170748
952783
373655
582101
485281
404466
900933
185399
985320
92073
804746
703677
110966
207644
557183
838478
169292
555224
990004
244776
860669
412507
696170
954235
338425
759358
231607
827812
642247
831
156940
383748
44497
345898
574611
744957
932761
772068
867058
422857
923594
796628
392237
134518
235753
516847
566824
621634
519594
273054
30601
134287
624095
507789
623996
841411
716811
989906
108944
805630
709589
26616
200703
348281
746328
703144
259979
298808
526615
672755
842691
5291
536078
525950
158373
33639
937827
720971
182301
6011
834364
523936
219052
755122
141290
168598
625892
725157
926402
226367
951695
68730
138381
629237
960880
116605
855957
964092
869281
946777
145504
910035
930651
670514
580537
533212
59924
916578
390697
463333
784195
975759
282501
411794
107967
328998
862561
545001
225861
512694
400098
437370
679064
439723
862257
892777
377347
130085
837068
666393
38522
531636
389878
543863
709407
811123
224207
713184
157344
525886
642814
797360
294845
257809
650698
516648
119143
408254
916488
316347
85828
277834
6703
6901
715407
112229
400263
718921
3613
10693
677312
795573
422266
257758
493663
689492
717810
736768
956179
884224
419756
856268
276902
604577
298544
918548
898703
958615
311240
317390
334884
728832
319365
187317
449132
479206
438745
500605
530835
575752
72161
721073
565366
371331
227910
398698
814302
650909
935161
285230
554059
271470
95835
751458
952293
498668
298175
650093
877271
356753
534343
434795
596216
263723
410027
72011
234974
892160
876760
950534
366871
538139
508660
88892
830514
956216
73152
10221
544888
555847
671383
687632
846713
965792
876051
225940
415488
728516
562703
906224
55656
973644
876742
834473
138120
867377
188698
312480
183241
55415
352497
692565
442905
230710
564538
280700
631864
998918
973901
194362
102768
619718
485233
945980
465890
67593
653495
842036
197498
789343
340035
793330
960836
173051
760235
447835
443096
811910
997303
754952
856305
737151
697672
623805
817820
898892
914774
189124
844684
714402
237138
656357
256586
100430
127082
366725
459337
191902
108779
8089
393880
98222
497216
163845
560880
63314
66008
774805
609645
150365
911526
105174
240602
279244
226370
397970
640613
898899
472173
638759
114609
86081
549617
525187
831690
45650
895271
992190
278324
305489
860818
652116
196956
573928
525993
562814
909104
937478
974450
376619
725514
220779
51786
221856
123591
735507
14721
794537
280758
348476
405218
570810
788844
51990
357072
917928
186677
247303
951627
900605
241125
925272
441682
365627
281804
52223
622883
442352
183303
415497
450014
303474
432051
391908
84039
371640
915709
791174
940970
912597
372565
745662
650393
13714
335361
198549
406545
702310
399118
374048
246779
273172
403617
968869
870030
955618
173355
638184
454737
65713
567547
481297
825534
271166
421485
661627
259779
547188
554112
852635
260450
160171
391430
101131
562680
163329
122740
318194
775450
519443
26201
376402
306523
362457
160556
679022
564970
434011
369150
90198
580568
293716
881870
123792
31608
387042
641659
176869
998687
66918
818708
369349
261067
551870
758539
234775
380640
20188
949641
827426
383885
553795
123611
69841
13518
293214
64649
585702
211338
898941
443207
846654
107932
544428
250757
291004
23535
461426
982753
24469
821186
819619
475260
260600
937355
318370
444778
422360
91319
332535
673283
48727
575440
596041
970134
55952
478968
51960
212798
542081
194322
435225
872844
345940
456512
86159
839651
95304
238854
64578
24291
878145
529293
307071
438334
123496
326788
758828
488614
239104
946209
63718
587559
934663
83142
656953
436049
207108
746110
570619
301069
412659
305638
324933
944720
825611
774504
601807
728366
331753
768803
38311
329542
79898
900903
266126
121052
578506
831964
470511
78596
851460
860674
518205
161785
525028
678354
135784
540877
5537
550980
384443
926715
606321
84458
277141
351128
414872
593017
472065
885224
116753
723880
720437
865613
446743
566961
219620
92122
879888
270453
403136
713350
374999
627964
188176
202044
558756
270234
343465
720336
994970
627565
834956
362699
6830
946242
65884
767399
902447
133271
879034
663638
970613
568059
787391
389180
544554
918418
377813
952382
565552
263349
512434
148210
294958
787766
127922
85750
655355
393793
194768
249948
119397
357661
396225
710083
133789
397266
23790
217665
536131
688293
177740
432124
438666
228863
162521
23320
236296
712428
697588
165770
51677
416894
598170
517452
338429
538258
663289
386089
69339
475562
189874
345144
43571
481466
95216
973861
151988
102462
42016
938090
628553
853640
539020
824862
188995
339608
26199
734564
566565
191971
743127
397252
619595
489974
447050
955734
23671
622836
498103
438874
792185
807995
564899
581541
524155
349093
957356
516662
242022
457194
40325
930343
194613
250851
794894
60287
165076
577641
571471
33764
84020
937436
573521
903277
347438
158464
323609
68118
79313
325761
639298
11853
31050
301463
797237
697385
631791
520260
127944
501306
172136
626811
714545
110651
911482
550875
169765
265764
665969
102040
181650
60828
951082
551739
497269
978252
113914
798143
249624
62799
57022
56925
497004
752901
2305
559458
214463
977799
540163
970299
469721
31349
329452
410259
852281
149098
44877
539283
214119
615569
63182
767176
902518
409617
360698
953507
984536
388132
834276
413529
500701
765125
846772
816619
443594
806088
232657
84224
990738
439427
264109
644333
319924
993066
17832
284055
991408
224633
214241
63216
9575
762378
314272
788573
852814
402118
420249
660408
831822
827320
801118
134321
571260
228925
836517
380239
743920
173912
76976
452757
214084
47842
866591
199551
821611
13662
18894
172203
65067
764651
222316
307541
190904
696530
211226
250043
511087
939263
277115
745951
902636
493517
904542
759659
258568
229114
556229
912046
944498
763770
841810
8773
890217
317095
163789
448469
316371
55509
485076
782004
905789
387716
76448
665319
141296
317038
7343
63110
744620
899137
129619
400892
218692
522343
309975
869995
764245
867968
384585
717100
19428
246001
994793
41395
951827
811222
317292
604753
376704
741075
775725
378388
801531
314504
623345
872073
586337
463075
33621
218658
845529
242639
643159
135410
208875
187081
597117
568532
333048
644436
674597
971308
171482
948995
77867
61573
335256
707763
604272
680986
736262
666715
461709
993328
812727
694460
957332
119904
393952
788018
922559
72627
890699
855853
120888
4134
694260
860089
291140
757580
941828
408184
719885
975187
644647
180338
706378
983454
833676
132419
329485
205330
154105
643379
691305
590125
108552
204451
860285
147984
125890
832354
723362
276765
879958
877855
46893
988283
965493
739321
855009
11766
623886
521970
812852
32900
904417
101379
206588
919843
730242
588425
111478
606493
980588
762653
371763
728173
260416
46785
47776
633020
376921
135349
75504
423300
877964
150762
612840
564182
276097
950990
721222
953462
229032
843334
307023
371364
698715
929722
371764
849910
175054
706121
310624
303136
591861
455134
777569
502742
940211
382746
348784
72456
414650
512881
986271
301964
417987
638865
806430
683610
813675
770172
555753
872240
786345
300150
803986
422998
551976
760538
405734
548156
694917
956424
118783
657791
689511
341433
778150
730506
477685
583731
371490
98457
90680
341335
339617
674713
843983
584472
712258
71340
603401
250246
724925
199368
466147
899976
213680
508287
623517
199465
403270
222105
126779
331657
503366
20765
436117
140916
524982
311983
920667
368847
4521
219219
954281
524014
754284
408079
914563
887555
825417
450863
373037
133810
961782
775394
13866
333248
619166
169410
449999
130665
50633
927601
134914
441232
813034
89503
906900
307665
438021
708903
503481
276466
822523
892953
186464
914553
722291
57811
894323
516439
479399
570952
448365
910786
719048
521826
815826
428512
269455
838276
182992
780127
412001
758248
988272
541985
590622
939688
279161
756885
4359
762008
69153
120353
523401
94608
867376
971899
253290
680327
939764
44183
384847
611354
479323
321531
139816
807789
920560
266926
154808
384552
547125
914126
837956
361507
699545
499713
596760
855452
632150
285828
778096
74725
350761
165279
73674
346075
867887
486777
159046
259984
874457
536135
315318
422026
745612
523488
394696
802533
724760
665133
997517
834579
875090
300220
541605
581764
744527
169011
204233
864032
223104
634209
3125
769969
755621
803568
950896
10206
172591
761719
778361
265042
775159
759404
256720
690556
809364
572023
54942
490223
614748
735649
890561
486633
895931
917867
747704
946416
110505
286075
741416
971416
373707
239153
142793
714722
492264
81945
741360
211839
859718
607865
113209
884850
528928
776201
318224
845011
779975
211970
184861
154223
723539
430095
482570
229773
83843
300768
607537
507852
88440
714398
369959
167847
577995
15161
97888
150427
782022
984028
89597
506271
381638
180866
634233
363026
652139
179234
655915
917683
376953
917958
731832
105417
225166
545466
516313
775395
145792
145183
6917
717754
779730
138015
976955
683378
926355
24826
978670
954687
217172
275711
650316
11237
116740
149911
981101
462807
47786
841788
961685
275073
506813
696391
955750
232866
646499
713254
658789
510608
749509
213484
754406
788127
830411
205762
307031
915165
914489
978363
918055
563508
432613
557126
875793
64307
803668
320316
201417
610150
541041
244441
677441
563489
383273
201608
705112
445660
814437
564183
684832
395128
259493
725706
244426
215456
461686
639435
468656
637514
52112
787391
438847
139293
342350
328435
772992
147565
985290
778549
498945
168993
451220
898239
127396
233462
965263
613711
699843
388060
722473
548754
337855
349182
778805
275262
820708
562655
629799
760255
506
400032
372971
300361
443883
915742
493282
745868
561548
821368
531258
915974
4041
812526
745768
279090
990130
181669
487301
797854
791580
947719
130755
678682
511413
717639
715210
650892
712744
502274
613043
364769
213929
724865
162847
706718
243869
821211
827189
489684
654313
23479
203000
131634
987990
575663
910529
825908
74270
938961
307677
774266
550806
684351
20101
342387
755063
839606
489590
182776
705290
731947
629997
698933
808048
942993
72513
639042
110027
148152
396508
773328
251341
442703
68375
544574
132251
552586
336626
64459
499357
688478
881709
855270
896869
51497
746821
492322
551993
14384
30350
994885
250047
438528
303145
748927
146500
927733
677603
231352
511592
566425
324778
915458
92906
996260
736749
483310
856076
177377
358223
631418
213026
437426
52807
772904
152957
375210
247703
37162
855534
703704
730214
748793
990265
314339
415356
433924
806808
303761
645466
169733
263656
280802
531572
602224
407732
610585
345612
239558
19165
698778
486764
620358
331619
895022
370496
310018
496786
723940
102413
442319
979211
581267
705362
908182
629422
474938
766458
958983
307745
135112
447034
502894
941632
917879
956813
712414
922145
105874
171402
311689
199042
303448
67166
213489
849810
406009
824364
503737
967064
600765
489470
666133
647556
302212
66022
847648
114704
27112
937141
742861
625683
670462
290135
510453
591586
557180
196746
349198
678883
704180
769849
363388
56047
302526
777657
53569
206371
877749
637663
352401
702148
494103
352443
755329
465868
668944
489398
580317
393493
120144
120259
153112
307169
18328
401605
814814
354372
975317
90237
402054
400495
837475
675118
606627
44121
483058
518864
130490
669899
540870
829676
29453
414345
152664
328922
776150
132504
538
738645
297039
255728
869336
794040
397870
534016
297786
694360
67119
320217
681510
618621
282569
47928
964802
981309
448898
725555
235287
179255
146398
646078
121745
33961
215283
514650
751587
667695
372056
422940
382151
33241
524412
396438
24419
175271
28690
137444
202759
685155
393130
166292
551699
952091
772187
119923
173046
646266
146525
111408
34129
208067
624435
223152
717689
372777
805189
375021
913627
712461
238860
949067
52602
463508
94374
596857
928469
769124
279945
564736
303460
313660
798740
286380
704960
646125
11137
951379
433954
579641
976951
926022
409091
613639
848828
155284
731171
718207
349768
19062
523430
373768
128308
272026
835480
994907
216273
413135
705361
313412
855766
409417
434356
593973
531633
572690
11217
82567
50238
334286
997611
518670
678741
446249
686611
801943
64958
214943
990387
74881
322368
106855
364135
814645
899926
175805
126661
745411
942275
663498
254077
884890
717053
312179
982812
3940
722692
558971
521131
995324
158358
203030
925812
171853
828795
813835
737188
258760
641595
237892
347084
120449
537200
544437
514369
444583
421430
392487
310884
852638
153470
906656
373436
687419
250626
941681
846015
903131
598035
379292
749296
240736
45582
544159
925410
52233
389165
857121
11290
653805
780537
733432
42514
129300
74397
969173
280154
258034
164566
4621
930969
417857
390279
202308
922610
780154
307626
797048
994242
41455
421728
637159
10437
267016
907433
370527
674392
807512
838254
934944
481945
755803
351931
154543
517930
341454
741259
598138
174613
448555
649532
619363
671626
785024
301666
346539
915843
742315
918391
188348
29448
129140
492784
926802
674318
632135
999275
501639
996987
978124
824452
257147
137733
736805
727942
216925
509560
329155
491390
148632
981654
236645
904940
415964
95896
667759
487699
323911
136595
957859
65904
38768
219382
530046
905543
813840
342832
867953
351896
375694
531502
382971
567665
743654
539074
836511
225757
296181
490015
324999
994490
121699
900161
718517
70696
965037
745257
291234
313757
848909
882118
189557
299222
668553
494319
532705
880680
82582
43917
458203
49973
635110
730838
482167
103417
392853
572084
899486
581636
488363
590404
482350
98626
608719
804858
830446
754806
175881
443297
832940
183494
640434
547584
387446
954543
662267
853912
679281
794200
762838
765899
868377
782533
194692
421143
236629
471074
90428
461951
756022
968895
232309
738058
580940
992219
846544
489572
621477
114841
826277
995747
263907
299792
654825
373349
786681
20030
587001
481941
672258
842460
554181
590412
500157
825484
279516
78676
559145
97454
992911
656839
541305
145043
497221
176854
246517
709449
8283
576229
968749
275093
605877
126804
168665
851775
600998
580825
76242
288135
761208
525897
437159
888821
997016
682101
83293
845198
716513
246577
745927
575523
417091
585776
694717
77443
728272
464779
99324
269968
709923
955296
470362
402991
578541
680983
867556
271577
512221
671488
569622
668047
488939
166232
181238
429994
8386
197035
410253
585104
326600
186195
885187
900099
173323
483294
642710
181779
579465
174222
802167
358260
523676
826553
617345
55786
387200
192081
968726
269984
952834
565438
348248
556697
697544
964903
575489
227645
746359
244112
155488
20501
603204
119262
344305
320658
986459
793717
932887
137160
633445
520450
233528
506488
436090
787669
953845
284618
361315
234021
836932
589017
928778
419448
374189
115177
687936
758298
998045
59700
675627
732490
455722
683809
295114
671925
815780
265622
327975
773018
182484
150500
392216
372684
880404
751585
378289
523094
287499
557908
686985
491640
459331
984328
269543
768208
641000
21955
706570
574740
482655
267729
190610
657532
542144
556153
988302
491388
245554
916433
368419
768431
961698
444717
607637
578895
454303
442995
857589
57121
920725
729546
545064
227822
162661
826417
328399
959531
293853
66092
629976
449210
466905
260504
759905
436297
166325
325600
75716
580761
483629
820424
824707
15769
393300
679847
497297
607792
243310
426546
471931
574554
30314
506290
24497
437866
276479
578839
186741
781933
173345
315367
503711
778991
539872
780943
144586
1687
692510
270234
46175
159341
718955
604415
895036
179900
399679
499860
267456
217107
523795
477089
525685
354597
486172
476304
742043
949264
131428
829824
529549
320763
8455
542648
128466
674648
793288
841784
235971
109641
271054
867628
841108
404638
152958
759802
637696
511037
437238
77818
554069
759195
937122
943749
266649
239654
818367
989734
786264
143301
585322
684526
672139
268343
386020
292580
598695
753816
721189
293848
418175
823234
325401
61848
464982
138064
588155
110140
921157
97022
459981
852124
138181
512940
344241
291106
936986
700993
590631
731258
949661
622061
720740
808806
643556
750086
951115
206509
888399
413972
337547
964915
517426
177128
603860
380772
114522
359655
993782
252106
785342
796836
952217
130303
63044
751083
30803
336636
961708
955675
118377
562895
801437
13611
717605
88363
552074
153677
351248
889625
676865
646127
129805
143757
792528
633374
446802
70676
725140
857285
731779
711656
472287
368212
59629
432934
58309
284796
4636
253271
852996
713046
364249
607850
433933
271651
380931
266435
327475
990574
378760
101740
32239
229390
910273
987625
28429
103112
298536
532074
807223
50449
694390
975450
737181
531184
920285
286869
915005
776386
127391
980790
252052
939799
145482
120973
82401
80634
712720
484272
425298
178831
987847
653801
655182
531860
888953
274893
703646
341386
754729
543916
863160
392173
422243
982756
345130
421982
963198
111440
971360
398434
371250
722462
752210
738243
362192
18494
32908
173588
269858
283831
875163
70802
313567
784659
947665
176038
775051
728315
162678
777031
436265
501597
61515
103613
461086
747337
528188
531904
988580
717468
811041
489983
295335
883219
310512
792188
661375
259777
240067
369876
49803
225819
578498
189597
728998
472497
256301
826920
936393
970871
411337
428261
431357
992386
975588
885030
437371
21582
431877
323964
248354
252091
941429
846589
294355
707545
473252
344296
285356
888344
814650
460255
678624
191970
277371
743122
355312
226500
424470
230141
685640
183047
982474
638855
498680
155741
579126
508491
954253
705079
5627
465332
628492
789108
618895
72834
419786
260787
157281
839145
905003
892233
802789
426328
479669
466190
576507
494039
28240
264146
937216
536329
657116
425389
875568
703825
871471
511860
757365
419665
239146
550152
78929
770254
609590
528648
752229
215855
587744
12070
794332
97765
957519
272663
638839
311076
557150
565348
87349
694734
364634
201438
374942
359153
179609
15342
17644
257191
273589
124171
689687
57820
513572
357124
685179
177005
100341
348029
985769
167019
326697
538614
449351
994366
230636
866631
53348
5542
596847
620008
854236
509021
187299
965228
623396
439705
903315
216526
281715
189485
151006
648292
231246
832079
310800
819376
702062
468020
147357
223574
729871
606232
879161
86375
916312
893466
689751
377819
72930
333763
230779
701022
673702
47911
49918
996481
679880
724452
291934
433233
222778
360071
533503
264005
453646
364943
770498
407184
157852
56777
485185
421847
952844
99930
392292
768445
657217
392987
231331
292249
24291
824926
249816
696073
244934
728591
152959
28448
862908
16822
917966
684667
142388
68121
530027
911921
511629
744895
561039
417704
854267
936079
446325
398341
469268
290774
364350
332347
783992
474919
581156
355077
662875
463644
634969
419502
827825
411003
359675
541325
552692
526005
655862
551695
968917
540424
166839
994924
956221
78979
713417
547388
269694
725802
842254
276258
375323
659247
892634
819814
498032
412896
184239
448481
593088
996641
51089
50065
634073
694094
603078
537101
884134
956674
96620
566866
466385
406774
695798
417019
890258
636225
17412
565135
99097
980157
8223
287476
45908
893322
432014
860866
827357
956524
174167
96115
623811
217552
257365
154806
274932
669548
360307
827362
356164
463236
441986
429768
291676
512328
729085
472481
635778
741978
9238
89638
270528
496302
433532
859007
729716
509899
936684
991187
468596
566958
366833
884990
219291
520717
914810
491809
843892
220729
517974
641298
8066
308508
103758
149300
282218
815650
458527
654178
211071
230389
841554
49221
369383
333408
588282
243398
385966
306325
126986
956636
475623
151242
915344
866758
885306
171453
663378
46229
121423
713689
370307
812065
544854
256113
233634
658460
624752
172776
668656
246787
868669
647795
810380
500592
768195
931191
753836
663821
308407
743564
8634
557411
471276
913315
276745
523600
265173
943428
308658
263447
29112
11375
459215
250641
866098
183652
990867
708866
901729
494399
285317
937287
279473
628731
313431
326314
549702
422551
17063
35800
252611
126741
66065
93802
189366
801887
585198
197151
523872
537925
696430
901035
9636
520161
30798
63464
740042
913244
740469
303211
306225
534345
201649
628594
523087
441071
883593
742137
70054
45668
399102
301739
768774
619220
159139
639030
572472
42273
206166
16631
572814
723044
664090
372181
237893
788498
399186
794025
652244
295547
989212
374747
316244
985771
254088
303176
528075
89331
170164
199391
27862
168450
147909
342091
939699
282988
643012
175306
232745
683341
115282
839069
33684
451015
712650
897240
307024
105190
796018
955417
28418
543845
801244
586453
53886
77834
344927
89806
383832
299692
577005
548193
911754
543253
936401
237691
553215
723650
289480
393452
952122
744775
687161
139667
461158
499215
239249
342969
680186
584385
807103
686843
533704
272575
337033
279134
136611
578184
296649
314887
586027
932349
750344
112066
150007
75841
453302
403072
901789
278073
686211
806686
963808
59315
979680
468215
703779
39301
804476
100854
348295
196623
570259
164379
753196
453687
604602
180664
394059
885531
920439
284472
791947
756185
88776
56911
857322
932294
554588
729154
2870
117320
175141
338576
904629
324241
375365
12220
749604
852792
325797
899704
65821
704054
734501
128559
972625
944953
258733
731183
350261
959848
670434
235634
414394
623732
215413
481224
710324
812247
320597
738722
42012
405485
211845
283133
591793
484267
809863
67240
356729
16704
10360
96500
236069
6598
537781
741368
843602
744485
366907
393534
278316
835461
338253
888398
186349
545709
955918
284052
547203
597373
399022
183600
762576
202692
17665
281690
745291
14207
15339
424432
317443
972271
73848
914910
696964
425430
988616
305321
152210
866893
165543
973080
700754
357765
715195
239871
506504
993752
272982
969769
111675
233995
807916
600161
884085
758883
830430
247709
990567
768544
61557
591240
668137
649434
450474
804907
427806
379191
326881
37879
337206
861127
123447
718065
728461
561148
952944
144570
697777
941641
20499
695418
146944
654549
618002
623209
859632
622876
535712
231418
496617
36899
583911
40676
326349
222486
759890
583757
675031
32255
343301
271638
875681
289061
375597
54589
233023
641983
374257
557171
26697
36307
985799
949499
496311
452656
843620
911995
701540
788484
491787
294115
697205
919899
866951
173879
960659
357365
892916
248122
208403
239298
277303
930617
500535
363580
727565
39153
650382
463713
68545
130526
990070
360332
807159
511137
852290
594607
815654
92428
993398
838319
599907
167181
514287
435100
616408
796278
515104
215692
794387
453797
965815
782739
67770
632021
540638
677280
874269
623423
510429
310071
406628
361710
127068
625862
253671
627678
863366
392743
163805
490000
598193
172395
12461
760059
447611
972254
463636
326167
499502
93748
986690
861221
128518
600405
613149
641847
992549
222047
316445
663311
399316
922143
897112
647646
509079
445787
570792
13160
384427
313547
199034
89987
560286
46057
418294
557565
428875
341086
668742
763485
769073
318299
999557
464834
736367
275273
800134
545321
56863
408728
142718
715338
868620
530356
65423
619105
350673
692950
280178
537098
54671
141495
557119
656389
980426
526111
144092
776410
974753
371419
185408
266902
768744
372428
854435
813747
823012
218140
669124
795733
126626
910668
834198
612529
650292
211753
53320
452616
94985
886366
902128
627857
980712
498274
374099
917173
325897
608145
937043
199604
602704
264665
351221
234277
542182
279371
83662
160218
98102
164817
798347
474082
450817
413183
932633
80936
367199
451266
145527
333432
980691
90613
997462
514786
205769
53330
598953
311799
684782
350725
162767
91056
20844
778076
540315
593071
522945
992731
891196
784989
502139
989293
565454
827698
430482
202548
674876
18386
538274
142273
803791
114581
535555
108639
546200
577375
681926
941834
355702
210478
656655
787645
508101
945139
447178
530665
895011
255383
963531
699457
1440
231902
949830
133810
313729
572009
803431
386801
239473
357461
319568
278956
228485
637889
322733
245602
170666
169198
909492
184462
155566
74175
204798
343678
14183
833119
917053
484739
992772
805825
888794
996353
368494
705667
75436
322982
434650
893292
955734
7288
227182
912596
104445
662470
791821
322275
442084
13376
704385
410481
31015
491043
190724
448141
957073
175500
181675
735449
837018
279470
124848
556498
675264
525343
749274
341870
401792
408780
370251
188574
291121
593485
502758
51251
44862
264660
339226
473693
881150
648382
397648
887374
154482
320716
353389
334589
435610
310443
340868
536326
330676
641967
477532
318446
383762
292959
300568
574725
93078
81321
826185
702756
629069
706678
917837
29078
78950
220056
460449
149779
490318
988320
468875
770791
327401
776909
42141
366194
800558
965150
708390
455048
863647
297545
572283
991160
136164
605188
745629
991530
614915
416192
126599
26786
889726
665269
231575
501985
297930
959064
210582
778858
422119
96810
325350
129378
543840
726122
504263
391441
555361
727467
610693
303173
307696
310336
444930
32085
729098
817363
342684
186755
912795
32853
845114
303739
62232
873423
428728
833016
753917
354968
88237
399046
645662
926815
678805
923682
820588
915048
318176
860797
118919
16340
361430
80351
571386
53912
665509
31593
324504
248464
357576
651891
112304
540524
192086
230547
8943
494856
399013
961663
803283
724698
659865
135370
441544
568453
232268
161738
84257
213386
411867
206491
522804
208734
501835
232444
735314
514134
195287
815126
762657
328702
593047
664925
188632
497034
30798
120463
232919
17380
268624
67994
694689
647204
343118
780634
906487
633694
327168
539648
447634
789588
770477
826894
811836
208076
982426
477246
433739
189309
855501
134467
664635
525987
363644
215591
576103
302322
264407
473747
801444
195302
256559
930029
758074
668281
320002
516188
503872
643694
645348
923431
780627
477707
130826
744379
733234
712420
805814
325195
511865
518801
280443
820754
510073
309441
134828
446580
910512
474088
270053
929218
683754
464340
634037
945116
871027
986525
674471
449009
689399
585723
805931
315874
252217
593522
430502
286021
63724
695208
578131
389702
445873
712727
64020
108391
922606
571677
287577
32423
998919
407152
187371
822145
957372
701680
306838
909963
42463
829525
143473
157887
902768
603527
180619
566551
617943
941773
629428
986833
676157
814685
586981
105042
718471
659153
645389
289895
224943
539067
96249
656102
151169
96719
934046
122995
330544
458559
788166
431967
142866
876580
576085
506858
798015
562967
440312
599529
994753
723616
933161
966787
276792
3206
206240
299285
826381
265093
100633
705142
390929
624414
119358
521428
124401
149128
330482
949821
402456
956228
925242
99194
431713
920718
457031
49493
741751
561775
385572
482364
865036
700592
741496
497662
914802
272617
827385
429490
694297
391351
124462
512503
881702
218572
516190
766933
814828
985439
82330
494210
435785
201605
147236
281665
100640
479128
236411
733157
131822
634707
508420
816564
633419
160704
129623
207206
162431
542920
215778
319117
335231
639402
819838
179918
493315
522567
259980
464589
340485
168985
388491
906407
768919
768196
656250
305752
646497
257349
174756
95998
918455
402823
354317
165557
830995
271828
21879
727840
969268
392680
779025
139465
368274
797537
873853
405024
892220
318675
113405
199904
125968
474809
825209
757519
740503
245766
433967
514596
325562
12825
994295
829314
880421
81678
582770
222371
839607
655473
767247
727952
834339
479885
391097
762508
266406
688099
312609
689809
809381
102134
598755
942514
959906
148483
470103
460895
802714
257166
995127
930567
274111
206808
45544
799960
848973
139309
311783
433058
427083
249753
570961
256921
37857
884539
932302
808697
10768
994097
256795
311620
824145
897075
377587
759783
119822
743292
204186
558011
81463
791074
538438
189286
971779
670087
796458
954466
941508
123816
742688
588758
671716
203410
811506
890976
223489
507253
548549
746036
442275
650449
805346
46814
872150
334989
298018
722787
855273
826662
253814
643398
674369
3780
909712
624742
76954
958953
287858
715908
808412
526274
970705
579171
181334
248352
82917
905352
105689
520384
593744
69665
954291
763654
854376
708994
375687
802953
629475
557194
971078
199559
459678
703140
846604
820537
831626
625961
284825
790402
944115
197091
405994
133377
690350
827245
316083
652293
802335
632822
429436
358816
807845
49060
529813
834452
560546
923541
450935
534251
416042
133696
383289
403363
269383
928890
578988
136773
978406
13973
106515
651222
931875
390115
364354
709735
406700
336216
574993
813447
895700
750413
22333
214233
79926
555745
21597
770560
674308
814842
868476
186998
370091
121577
611735
903228
489765
978156
334068
138988
866202
435596
958301
937258
710515
303079
750520
6393
705022
836104
568004
820842
565047
948722
811698
487278
995961
458620
260445
620621
132033
864406
574312
299760
48026
63593
827059
879064
730091
873629
305273
356337
621081
614004
851786
364673
712410
7763
426527
131707
575320
222433
184479
173040
297469
431304
737773
939429
586081
616153
471852
516479
936270
99916
964176
882331
533612
32228
867042
274746
990542
152561
916752
766489
915543
583407
361454
845983
829386
503628
966285
215728
533614
865479
249078
880735
243098
731252
148292
737344
176674
403484
488091
434779
392990
651393
620232
301756
788947
641855
676599
102119
170497
204237
126411
181224
397129
329571
95070
572681
283704
139958
487509
920605
27060
858911
890462
374906
867457
939609
670921
66116
572785
385449
268672
166883
473446
540184
899172
270806
643845
354844
880582
192545
623993
439253
175871
686306
350945
545267
88621
758850
952407
403380
624202
408007
54046
138955
11818
766149
201767
800028
501649
249460
763584
975460
667182
526365
114778
671542
48120
648047
936501
496416
165796
915822
20522
97836
529152
779339
141717
78978
187759
878798
207005
616363
897858
472687
133537
993904
310703
778757
524224
149857
236464
471510
990853
273009
186362
830221
776046
387071
975704
405769
259863
14384
861220
895698
867464
340919
323682
594598
53271
113014
92153
663794
395835
550142
229199
682140
907631
476851
498816
715837
900863
129355
537210
456492
340531
370677
685239
650357
736789
991830
714456
344105
310239
627502
811099
12879
919622
45657
428281
923960
907549
518514
295135
141872
37992
14034
364998
166032
544318
594294
587441
935665
542937
900862
406147
200955
279038
839762
852474
675291
200067
292255
505676
38419
939714
489791
380828
986411
54169
367351
595225
775749
982938
939866
908276
338638
208982
744714
445435
993489
486017
626910
307415
522597
540226
103391
229278
212935
516442
685421
533654
103746
687086
403071
961159
402058
745394
988744
853820
242537
614452
940404
670230
598865
842947
23313
897612
53840
23482
853643
453826
683809
253036
95376
176517
854750
443565
268114
10145
320019
428859
996778
177631
886831
752648
721626
559967
96852
911525
379627
863053
460045
800972
41909
896515
659295
300682
956733
917371
815288
277127
607160
806895
625156
239987
211182
21519
300831
125199
936570
372382
17061
454870
33838
398442
665636
894086
367443
542182
591667
72078
70030
377126
239580
465813
132637
374902
696372
457188
571841
744662
457612
348914
182966
860118
404672
599819
750494
409290
75372
200924
354236
72875
251967
240477
74779
9098
41063
911835
789199
203121
421548
811745
354963
41112
965785
921538
458769
938113
986132
261126
757569
540593
231183
164527
275625
135371
883031
473639
249474
369034
477834
919367
801403
545306
365606
19718
634647
138260
408252
332668
255153
551829
742083
899986
220448
588281
473288
153545
227253
828281
847939
207715
501281
614239
183046
773105
678452
685665
631374
824506
171712
474530
290108
907397
401308
307137
469789
580292
411716
884187
835813
349981
60062
951780
469883
549013
81303
770141
192942
112283
514860
206898
9157
526319
692101
111156
2611
344685
779835
992878
759849
329594
331706
930086
754118
735498
310850
913330
848554
79307
219719
84275
346152
375793
550137
93171
300057
339423
38366
193815
683661
408943
463450
17025
445789
990942
617489
524868
655708
486743
421475
420804
559468
680090
872214
271210
60652
790217
192338
740802
26447
927695
582341
523761
756936
946285
28007
783894
309793
300579
782487
226811
226284
509239
176228
227000
532112
317476
542057
780068
450693
948706
318224
455929
953818
906766
497655
716163
934643
613751
551471
901381
114833
361220
280864
809065
505418
467973
312203
882785
340823
560532
854440
325470
639500
396072
318446
230188
633570
536694
241265
720552
409264
456259
709029
412319
829497
244107
614208
615877
248030
485191
519870
985487
505076
341791
145854
680301
484848
670252
693002
338983
98815
216104
486196
430803
288627
213941
33563
855152
237591
52102
904781
325475
683811
155630
53126
146251
241803
471043
503959
5699
663665
403503
340322
287155
774332
498195
769282
86547
831040
349527
640903
308158
417180
223442
412574
788015
283747
349523
982096
917402
167922
124490
60129
690089
534177
704022
153560
751313
302933
339308
627743
320913
470321
893920
361984
539655
356460
331732
362575
954991
302782
950522
329703
603768
819572
57799
846028
284357
837987
592118
728624
348861
565817
139445
996817
636687
30830
133552
64319
361349
723418
798521
92859
148676
350625
699729
803707
34334
621769
108438
149579
951764
514284
406472
944909
643435
763145
328377
676513
243369
815156
599441
251487
483372
536494
687099
949121
893800
866511
779568
170078
384827
774431
21470
282193
209135
241989
748404
961912
831819
525655
499853
970841
387606
826896
267446
741342
50473
16991
711454
63425
770160
502940
25049
316995
789117
300821
392145
942869
749000
665351
851657
336986
879751
517801
160719
1028
758502
777633
617598
604827
225636
280538
230509
259292
500746
125549
120248
49598
430407
433916
871272
638160
69421
542750
434754
878205
404226
692148
301353
466290
975620
178458
265264
366870
261885
522298
840000
497848
901182
787898
628322
909383
847227
47637
670187
743610
531779
640007
263745
835472
868058
759266
568397
582385
700020
987006
433727
985396
988496
125645
177976
706746
782127
231693
83289
555191
251632
200470
925990
839313
193034
316243
19734
682592
637861
168397
465593
653782
77653
232611
741190
790008
952436
284054
435712
931402
384090
709313
968133
622986
345596
880102
582579
29778
747998
690723
603831
356192
186934
278915
2163
191923
120991
277296
816523
896652
847478
964807
371533
72596
819413
730820
111611
586972
456810
116892
262006
138750
269043
745834
353800
574499
590296
466689
409805
671198
36964
760032
90623
831670
927649
241923
770205
490562
4624
113238
65336
155692
384066
915844
801370
723927
881878
242606
963731
409309
291856
267512
106721
898609
711377
636733
675643
763044
406329
597602
433594
155139
211222
4872
280421
723293
740423
555739
408215
497378
675953
26824
541775
992614
222685
631755
93332
103173
796013
902182
848835
421025
434105
898157
824182
262151
513419
117054
168851
70768
300211
888847
569966
859747
741255
34208
885916
694072
258682
251727
503637
731191
162967
729098
630213
483102
263131
40926
947055
782849
897005
245742
825342
311820
643835
255744
353578
462628
649138
774962
552579
84780
76505
195594
82846
308836
763787
775787
908313
677035
906767
839202
524747
336293
53270
410912
674189
787831
567376
923651
59616
256559
841387
984845
4090
885249
256361
902709
647344
99820
57372
739292
894465
420156
243649
99928
442044
192936
920887
314093
527183
589275
915546
609882
154286
272720
828736
516559
630428
979158
627408
142140
382745
925427
723386
246276
123560
719653
82902
79568
136380
418755
826013
589184
394943
518467
706622
63869
156990
501845
447198
967594
185523
375211
220399
173881
776112
962268
141931
322970
578982
828702
627310
766477
775760
524785
597742
954840
191231
774491
97432
366165
931778
594958
927239
456547
735089
761765
324771
120317
295319
517389
854676
863463
801145
160513
81506
969092
889415
255981
252843
935493
667806
748596
539520
864124
50744
340493
281628
68174
638513
200264
102273
23687
47030
564911
860081
350600
697100
872775
207430
7259
493562
786870
414510
267943
689621
637118
586503
551167
577830
308327
54547
376660
168185
955259
797080
603595
27909
734699
432215
921770
992755
61135
179686
471851
873101
150475
458476
28083
60868
950669
972793
61916
5534
571186
236544
414190
646266
977160
679218
177005
422465
969070
775543
287756
677163
492504
832779
734271
499563
526639
452403
942382
193656
130325
671259
675781
190329
186374
475854
798120
675085
309402
777297
172612
406324
175527
949660
569409
608861
625155
750646
332372
986188
754791
172908
76208
463527
124335
710637
151452
655198
133821
672197
504352
746870
794430
910580
537241
851440
132
367915
225580
771738
533395
693794
490583
366705
303799
823065
83107
126577
4626
272361
3958
709116
599732
49285
741188
280931
152482
526163
968358
447891
699065
907297
187011
201886
899693
69
679210
66789
58602
302870
703682
938784
237659
827520
199513
821514
361032
194184
707352
827883
266522
861341
379224
989827
669946
97175
243149
389968
940120
480719
124320
840061
847112
227929
560539
787239
256262
406498
783870
393420
581402
984355
735790
467026
110678
526143
45005
986418
66941
435583
930853
178303
174078
34407
290685
546967
760541
230581
322638
629157
7475
175605
48975
637711
878028
72196
954669
500803
117102
888095
323927
228249
641081
243061
773413
112682
549619
340024
186909
344505
326610
552332
851617
742051
681500
120683
933867
985154
564083
510219
629460
186455
129307
797239
589567
753706
151411
272188
873767
635017
952912
331001
554113
779244
480885
646682
584077
989369
432240
442846
921215
192674
284179
685971
227396
45100
973838
966948
46131
917707
42790
134729
77713
27049
998100
240284
623745
4806
216316
236236
58886
588666
165128
524650
804406
207509
272161
237601
455422
490087
935306
416643
415308
513947
645465
136958
116445
133374
892818
72429
69667
542750
105249
457226
607249
131917
987124
374466
800263
234565
517171
682401
723221
374117
270045
92908
718958
426330
945408
542862
342379
803353
463060
423210
764664
409736
711605
627343
161631
633596
95676
392010
3439
690781
95353
188820
770120
742758
964814
973676
950150
739273
641066
800960
134344
298095
814177
186309
547420
944989
34725
463078
988361
664114
732772
651160
117176
430605
457789
941068
237695
588171
16351
580094
655371
282158
641793
330411
669226
320281
382264
908703
514035
209271
173944
5676
214546
169468
165801
612471
178484
386755
773029
151788
558603
390935
859020
10961
24574
712526
840837
919288
304433
881678
335825
696846
631212
753805
814545
57578
343241
732420
522591
100033
932148
543598
40169
174056
643375
285322
374982
67562
276977
615635
502436
964390
431403
659425
397145
187840
133422
903967
244056
578984
839978
73189
47871
345605
944082
498930
469196
711933
133787
846919
378672
659364
174562
367266
423420
628606
510765
92310
216632
155698
249034
994756
828178
914318
255699
472696
168308
952881
486547
511778
817582
161497
96579
46190
382802
575178
805997
749891
750943
757207
287410
896277
228117
446672
33575
882088
583784
779656
577049
647778
555983
554241
220657
170634
796475
656438
954611
100003
710629
265605
314400
137119
217280
143416
17148
632386
521678
452079
482090
193365
283727
716203
292723
31490
317459
630777
499301
847443
168625
628025
453464
89730
559120
704394
184332
993468
909346
29203
120302
709623
768241
730097
151929
637932
295442
489272
358585
187187
274806
483176
174955
244347
330526
961070
690433
278050
399279
526611
405314
595575
336795
315589
650125
292745
441215
335232
419005
827371
852876
654233
849768
93832
824412
675239
234050
824349
436454
982862
2592
344279
659597
656873
992278
738761
907090
569939
774977
620425
180970
739219
204832
619496
481451
755106
450973
19213
1376
929305
381290
90798
876027
888828
612807
143786
635114
487965
63391
15749
925954
881518
54610
489280
25368
346663
458318
178836
279535
970832
613334
855307
764107
150955
503845
145660
484772
649730
475947
376353
870966
339528
789046
384150
424245
567471
209964
258416
493278
660613
638581
100664
846697
798283
402805
632131
475099
14869
899383
625903
849271
892631
410277
537212
234452
49681
34483
342020
501130
153497
253980
764888
962502
626242
129733
390457
482237
274150
660413
618480
129086
784789
346534
357706
282591
128666
577005
936372
744217
131366
248884
629615
192880
299548
256210
790959
628106
452984
868976
27222
723106
19613
901460
133512
632020
398393
812090
977706
557080
83543
532638
583932
210124
873792
97047
877457
951337
156239
714845
32679
147416
859792
628267
386343
554717
50900
156031
634746
146417
606100
943039
917061
61486
775232
647990
241347
558372
342179
95419
172350
305097
349364
335858
250794
477580
853563
88684
810782
596170
964445
697066
669168
244122
507783
511039
417643
559875
478963
506003
719151
99853
257626
565123
535590
971636
449462
245606
160798
434105
417330
374763
105544
478932
314417
386974
33228
743940
62072
980489
21895
486086
281977
69879
113250
473892
162941
48212
928848
732708
241197
917040
93092
166050
494460
940770
983628
677496
393268
996361
886510
660697
142748
47470
575837
936637
382276
574725
757944
199670
335469
917011
796767
897186
748823
391209
759443
994105
223655
9550
687721
980998
188661
838843
869355
474931
903600
460799
502731
411133
489070
794179
21189
502534
517076
899176
421072
905545
145247
697484
78144
195880
749836
606316
858171
447777
17770
560227
586837
454879
50234
369873
681355
107693
828928
563159
368025
909893
809513
808382
347512
148038
583064
752375
829176
277957
512271
940349
604853
857210
623030
730966
138169
499483
786187
382137
821614
865543
440103
505354
338878
525336
994537
576577
227721
968155
419649
609640
192194
687004
322011
411715
904359
390682
758181
263689
654299
361881
365631
344017
563169
669847
806718
120520
139447
279062
118365
573727
637773
994008
939585
822849
487392
971561
517224
880450
283704
589590
107565
523539
363322
281083
459706
231921
216618
866042
927882
776799
705473
872648
314009
866760
167463
918177
217259
519686
255246
628636
85814
925248
443114
812825
503342
355629
533392
191574
232555
347704
854954
419617
796280
794364
741717
531688
116666
282094
723479
755052
525307
456282
821056
588692
610130
174662
209500
803614
965489
36979
315922
18352
11275
970049
815260
697357
442784
75506
961315
596323
655270
549767
504118
184192
412309
480710
121127
128677
973839
710493
372610
32243
291243
42720
51883
33090
981085
397807
273747
891729
310275
412595
875670
472407
817806
872711
920180
208440
173323
134579
497323
284179
129741
254419
993581
129400
965305
406998
26691
277687
417198
353250
913790
526611
477583
563541
223061
402390
983406
7975
164256
391934
103766
768747
82480
386453
7093
95156
227657
637790
764132
958420
249981
626859
108373
507264
92006
36108
104664
353807
768767
261538
917002
14753
664415
837969
764058
793053
798100
16147
218553
794066
817176
760810
800158
224511
413234
555886
388019
177710
955052
952772
72095
220986
507820
83439
128625
518322
286450
69440
274085
532694
651053
148841
184855
152126
972346
909104
492353
79578
238138
192511
412274
873300
185998
913048
318862
182418
244722
745509
231932
893271
144755
562221
194864
279561
772110
507555
106581
971661
985319
982873
493334
87310
401891
431250
504457
320093
438050
388020
646200
438131
598108
644508
903438
636625
96087
527116
118363
316040
708034
535487
112772
803861
469937
161501
762826
909668
224502
199050
812789
369077
914328
542681
254300
617372
890675
258847
840148
536290
95724
260450
730611
813962
781518
302383
480383
213550
202758
318282
928248
327430
895223
192320
141183
870154
190331
136985
360866
663536
815416
736234
115589
437071
970586
339718
11566
474212
354866
120532
890220
825201
739243
625276
233573
905987
384996
623932
143099
165517
271471
177431
757339
438256
545574
365164
563362
496092
254564
115172
592811
430416
656487
363269
570233
829501
949568
337892
172798
46473
624692
253367
245062
297007
141683
387400
634051
30275
717810
330886
696565
757203
45223
695478
76341
167145
208033
741766
74015
364846
134273
267458
792026
555049
262680
445600
611974
795428
566687
326325
396224
686575
243981
718923
810196
790590
34137
995402
959744
445293
992908
698706
269921
234340
630273
782507
309309
160854
693949
46100
494060
36899
870181
432504
989155
870558
352
545918
709406
175336
449866
591871
257130
790843
621393
19283
719692
84163
396336
678404
793041
782630
78470
174308
699507
261221
305554
541691
532325
475162
489613
479256
325948
143265
104676
255880
362490
576916
254161
568165
507319
846190
910357
978949
672366
356881
45076
634772
743393
284514
637389
113276
441194
70290
35444
678016
772320
521336
366765
754280
219362
458650
713831
83799
444803
308107
71635
598264
76306
582894
479808
5719
995204
429464
70101
169740
890112
792724
760426
166738
635463
136704
859395
689141
103743
763348
666537
69930
366042
255683
361447
619384
71463
406329
329630
969620
412469
895429
540037
830092
569119
275345
975617
257625
214329
644236
479901
868055
8726
301352
427622
598288
845939
512383
691046
234932
975235
687312
269435
398629
998551
480552
554962
621167
147817
914268
672069
946901
763846
223539
34959
525574
197207
719264
409128
114415
892362
145260
414274
268970
708002
255346
544158
349395
238999
465732
720459
115323
508714
832236
532284
863350
692234
979468
525829
134480
80156
36775
877362
602332
399787
218040
724932
494124
328044
736128
644297
213852
714668
751390
689815
268617
993176
859478
443364
129824
272361
853556
367173
600400
679914
830601
117057
460385
313191
490964
639121
125214
301620
79165
660791
266094
599447
48954
972216
760193
305363
929364
774648
182630
392337
60868
291056
90553
20525
803447
61710
70072
568923
941233
935145
472887
830453
285965
803422
342954
676194
801314
681933
203552
97316
225794
250666
840335
492029
722716
549440
815114
445887
137153
587848
362447
497711
358852
356322
135932
197333
6330
282094
133794
916835
834464
555850
745586
348224
916188
353192
447060
124527
516764
246090
641111
767457
836379
899997
583811
697043
592898
584559
333705
744165
766955
556367
542172
31225
657088
487424
701209
101828
63746
758489
259169
341684
635238
443196
878023
737470
932953
967985
281765
457347
544485
338334
806409
193950
446763
37861
274381
489357
309456
623130
613828
674489
73717
357663
437904
788451
280542
33823
985041
259245
237684
120355
428920
443587
38053
358676
488825
329828
817641
434766
436383
717457
932896
835868
80569
454160
601495
933078
811314
518301
784810
935252
676927
315374
901571
985870
597361
425761
167936
151570
897322
868677
567283
174752
789420
806402
166723
970085
50957
417766
235375
413650
382919
908364
518835
973145
609579
772715
325443
964868
613686
666040
565748
907122
895292
440313
303802
713134
986753
293480
301004
738605
157415
189824
38628
69988
763841
286310
269666
969540
49989
61687
894480
831827
897312
539050
90689
321192
602212
651298
394514
954883
138461
878227
124050
226310
247617
414734
979134
256916
165509
582122
749541
824709
325324
494993
522666
940611
345210
307108
302952
19652
739687
737676
93168
452452
259568
581662
685421
281822
13543
238378
761769
171622
998442
68513
200104
118951
813841
124640
880626
862356
78081
138013
426927
92525
442206
164653
59562
415824
89181
969455
691960
975353
811575
306073
727986
647768
72697
805981
238045
459918
676024
876919
815339
814467
847074
773334
483482
864294
734768
776868
510075
943426
819128
624692
297933
631226
152863
799175
41992
740065
646444
330363
595253
384824
563703
657169
760570
667333
24064
10457
430388
779532
816156
990140
242685
104685
248649
37158
313805
459289
927331
567502
221500
220914
630256
837347
9573
174079
52053
88596
744871
691593
216876
849468
798021
945940
146925
808553
440493
241277
36617
564616
375958
700077
600469
530798
308418
503223
413475
760581
333027
946068
813677
352721
439066
419192
902827
912094
359770
19600
414660
567752
655915
113243
125088
456487
173131
980194
146844
130517
888302
613269
460631
429788
922342
372548
518057
350273
640351
535478
402100
762535
510849
889450
289554
89698
851384
459816
863278
106521
221776
18370
600623
162135
283449
757548
899470
596142
706346
25653
406792
441352
271138
6625
269807
491211
985930
863141
308764
549416
461815
30271
580031
625473
768715
648175
222871
378037
873083
664853
682748
507785
208299
727080
909146
200884
699637
645904
858168
50887
121864
996450
637430
845175
600173
938358
552598
303048
242533
186085
178864
814616
848559
711076
221385
98054
878822
632632
577087
771261
246278
973397
850971
926432
954895
693655
205769
187796
528258
36444
263971
806500
6600
265084
587497
955989
957106
351910
655053
210184
595611
149144
627819
801029
980970
587002
232214
921065
478068
938072
228302
959919
327550
298618
588941
5204
44960
746082
802496
392298
700612
513506
469779
924411
116558
507479
230117
282520
407894
859461
717019
817533
353232
295761
529808
272098
806413
179669
539114
374369
906074
546083
374472
633534
965766
669082
780567
677080
521282
510430
725252
394667
172320
914743
116620
195263
731006
405448
510255
966577
214716
155753
663618
901532
731688
692580
859044
515172
245947
131593
662921
345183
92733
221678
958450
854432
712579
674119
106621
805600
202713
514333
267096
902155
924602
896174
871313
897317
992508
981090
878793
263959
964105
25125
139144
152794
67847
911717
55402
447999
360217
68714
441334
437528
269823
44045
977487
273926
558361
177110
181315
43616
809417
905206
765249
970301
377397
720413
634919
368799
425579
501177
165754
444284
346144
3725
543407
295530
292753
276649
230054
935910
543371
909835
289462
152065
313925
247378
93987
860391
386347
751067
825772
652301
703926
204858
376449
495158
570614
813655
872594
652387
55665
980770
527555
753493
268070
733044
330620
685312
277482
335556
847900
865294
61684
299394
354573
172492
364340
113619
100018
306165
566685
963882
958589
727897
244548
842368
461662
143402
306272
349615
414230
920931
445105
27889
798826
893398
364222
935919
443442
87376
727670
565577
282704
427754
816440
716066
77950
722351
39598
77156
944705
306085
334100
320471
492474
134010
238231
625241
452763
553357
58776
798459
729335
40725
492943
999992
81777
112946
127821
534803
624022
580430
630170
853580
430791
611504
287996
508478
69199
897565
445337
528600
804691
155115
174644
185398
913383
678115
169299
505179
361277
490258
362433
469965
385272
883308
700783
115981
929439
718430
988150
876146
729389
641007
633912
658785
66628
936145
253156
155819
34818
200202
297112
248771
913708
250298
963360
649818
382088
542664
364124
249433
252743
690669
385344
439931
397982
709405
489910
487556
962677
711757
107678
711521
505592
222501
15605
500957
904140
943748
749139
37310
470172
531626
383630
607162
402513
722503
339964
91481
1888
574877
62486
923112
428541
726548
45945
954455
184301
497626
246086
949488
146489
462132
477416
703092
333502
661926
677749
32340
752738
351547
712750
746697
922081
354162
46817
390608
348869
678149
90158
31877
59700
602199
294054
375195
991587
623865
315919
348278
439464
116376
252100
776549
787502
891335
313977
136767
400642
515941
535261
115033
477194
444587
415192
144545
883988
279444
518643
683866
321548
87081
863063
202804
47752
319016
726958
888327
152190
304656
516710
342892
747029
22284
315284
905016
386968
627002
303925
323222
910087
708246
32527
834944
568584
711751
572086
308378
457979
407046
372906
223787
232491
411239
443358
73592
527839
551878
870547
897727
368721
528911
900515
891405
466806
416297
929946
433276
600508
349376
19007
494029
199058
606253
147184
488478
904608
754437
249131
220616
67608
57083
735657
609175
133924
814066
712356
358822
841599
226788
668474
873879
842912
947304
577706
919533
420624
730083
553018
430790
53341
524301
309499
581879
861863
23583
942565
120262
702743
791446
410268
387070
323120
220391
577876
435187
258237
143423
876368
601171
212394
100533
27717
757988
784559
235535
375902
482527
823399
766318
414617
993449
909439
329687
253966
881450
298889
439262
476048
66316
728176
18289
843244
225938
199110
435390
963022
930578
133626
397122
253187
218385
78757
743152
90778
142969
965443
437626
496419
47161
946622
456702
376409
639993
518182
386448
152540
78009
786302
822624
935958
368389
498352
562696
596864
387351
553888
866165
631549
905033
295325
543727
711396
141748
884852
317126
607323
392747
624415
227291
4254
542477
256091
953736
488415
20235
109271
297389
109320
287479
939080
674904
683420
324548
971225
876304
959163
196256
222912
323582
638404
748395
203436
858681
413077
467730
651546
993260
16301
990733
661703
960038
311667
953841
118528
340222
462800
415282
917973
990561
109239
300729
727468
963962
744772
943646
550257
559036
751042
222082
323115
971279
458311
772684
207274
66644
627578
53950
906397
843159
13045
990131
217088
643344
750021
431031
367986
443606
878798
516867
325924
837857
134988
453779
919470
20986
986932
856166
638523
652353
389753
422674
98597
556443
882410
540609
134556
933750
685176
677388
394239
655802
474006
595314
373773
697549
880505
776117
637365
562371
820991
96785
981321
479969
360171
669529
913233
330316
612494
390577
124028
45075
71619
767842
108017
645590
127953
504157
574276
764177
230707
816783
826565
459657
284723
714205
409650
569425
762290
863613
549708
682809
183301
340976
71
73748
898874
92704
708058
986917
337784
360785
668855
151846
757316
666119
822549
483252
124896
309557
202664
379354
453582
251997
633522
772664
492722
903369
141555
267279
410517
636644
27452
477036
53510
590069
48226
762287
49690
961721
199885
857655
21461
666269
642096
187821
988961
158549
179987
502825
982843
699740
286476
387012
264941
869320
467276
106811
10805
120585
267861
683324
375237
937278
592265
987601
599972
326323
21726
887526
96178
8379
968238
861176
165384
537895
209451
428572
633662
111904
934960
231402
700294
181286
262066
965572
804021
898213
642581
880454
449058
870129
353115
706764
797607
429215
201079
511578
136965
83391
640128
556396
216228
610809
583873
722651
774839
145475
746477
419049
302270
48124
547056
395817
537893
321576
459104
971086
924362
190473
263314
225486
628060
188246
811017
353074
815966
321946
556362
138557
659531
922604
121291
498550
882452
539655
826121
174164
796677
334661
244985
69638
563781
875069
348694
4444
633980
745013
30873
43157
107343
996230
933383
78341
769862
21323
947684
102243
318351
670917
632453
37165
40604
479247
286403
114104
240679
359416
420939
917400
982229
627458
10387
381159
155064
129590
218215
662902
800495
341218
800289
98830
257449
331441
22775
936929
657606
993317
101359
89682
979486
93619
447213
362782
730330
608058
680557
976485
208384
455714
688651
64665
942605
548301
130175
56962
411387
180413
81767
185643
463074
976066
992381
178285
990267
260446
34344
934101
636415
951415
842414
284084
807726
996279
147846
528260
634027
951556
738123
910834
936772
783127
163341
858573
399824
566587
357250
64073
267121
204964
855002
572271
461369
192682
817072
292965
736809
802720
74780
191509
648341
966357
655333
805373
394723
118375
374740
834195
426930
238398
865572
76563
960087
657196
769109
419110
891970
881119
58719
277680
706175
60609
311684
312439
346393
768109
422078
109163
824217
271053
459032
293782
912364
143700
328153
811361
125986
751253
906778
207488
112979
471870
634489
690875
741276
266997
837158
220314
543367
337358
932379
943853
717192
413478
293992
924661
505380
161823
343276
568626
503597
782968
288096
239306
736552
340679
242125
40851
192271
660118
584670
299453
922289
783000
277584
11167
453943
780934
647045
12572
739715
251995
305016
774642
214833
343464
366091
438175
528959
565204
514493
24496
339785
40052
258359
380519
524333
210371
368837
827336
980109
778238
417634
979648
648882
722847
942059
350835
127949
689459
972278
154400
417306
272218
780156
410483
982174
10587
907505
592360
111503
613922
585461
19927
64594
862295
444322
422560
847518
118747
134854
481715
844928
506401
746091
385468
98169
801191
729617
994218
933186
675600
535613
324443
838960
625952
369514
900518
997425
91859
35294
913796
324598
799386
668376
810971
341035
186547
280165
862377
713441
970788
157330
851273
197901
751891
777020
752997
556458
849925
363011
308473
990521
722417
468701
995775
885929
53952
6599
648317
912593
952484
998741
543591
972761
92178
876267
81201
376569
460253
998340
486198
415193
844080
618223
476606
426328
317992
273435
450799
50089
51084
704647
270931
222807
780970
132379
970306
771113
544021
342828
785632
365538
370140
975045
773213
133725
839025
138957
159903
728233
848771
307451
125035
949718
672993
343045
291268
222324
329098
147791
266842
83921
516192
611630
798463
740622
137531
191831
497172
142496
198362
838376
546306
318817
806197
508883
552484
287120
945838
469859
768834
696491
709669
112108
940089
695016
948842
230036
60598
45579
937614
667703
561313
191334
423058
469435
517014
829043
563073
390258
539726
213767
831578
19877
199196
370164
605541
684227
848852
641726
147046
353702
46918
162039
929903
411774
834728
197434
44752
687708
21201
660032
359338
108445
589858
332642
119906
16177
303551
347243
341809
233415
275451
811033
810775
715223
793106
671729
156975
263627
47951
942332
416990
673099
253070
746785
693797
422436
934428
612896
186455
578708
922810
988457
315364
615348
382337
983
428179
790594
808671
932428
6926
310026
282431
331561
671831
913009
996807
960938
831001
390046
891515
923037
874393
851909
949183
833917
3019
163537
212665
497071
301441
698158
670165
240920
364862
321200
592482
963545
914793
353123
372057
90472
410141
424048
738238
863692
845021
125544
88351
285812
278437
650736
453882
82037
367515
534474
671356
873759
729957
321084
156451
686714
863380
540638
979524
953058
174909
521925
832233
51964
493673
683208
804114
641748
480354
818283
239324
368661
151790
122608
485312
82532
139608
894838
73394
442905
429417
263819
61161
826714
353590
910934
625982
991958
509395
694362
316206
214811
457317
568104
537530
653525
39381
413796
916782
632804
855841
905585
332606
962520
977996
228732
237643
699916
127926
474210
784261
593244
83526
580543
362283
8388
119683
189780
362799
859606
557570
702484
214709
635224
765242
312267
918073
56312
467251
292011
806991
161388
73309
118645
723078
138090
54781
474881
963366
530881
491330
107178
88857
357011
535670
22552
409894
137199
916176
268203
626648
651151
748262
231488
945277
432299
22207
468260
987594
11511
825607
509715
601884
372992
114140
332779
873497
505246
530373
346354
812277
721623
495298
329024
328593
711505
781822
414667
985405
620657
736417
69517
866398
669780
336578
575892
595755
906088
878202
911910
678097
247785
403539
776590
244087
214132
56544
185287
796444
405833
198566
417796
937883
553186
185592
499994
329809
723562
455136
320715
663957
723996
177721
408944
330342
605881
23130
51778
918115
873317
281837
475525
67315
71967
334429
615953
902276
259035
568557
608062
140337
243134
305574
486315
350205
720885
623529
818283
680956
926643
719522
687373
412817
912069
593181
33031
899858
764243
588786
243006
590280
550645
395932
101941
42962
85359
633256
599311
774633
96843
892489
903938
533245
620562
775176
755227
858559
449638
433688
21351
350200
520895
918856
970629
395094
491840
246097
164934
927879
356917
982159
521790
340734
981228
245517
943338
760083
241069
893177
738237
99335
602902
931830
167113
89829
965976
332368
836039
427907
892680
471307
26819
738088
661282
625556
715623
877192
558945
183065
591713
464234
799796
660148
487348
906666
262749
643842
81240
437083
311275
703314
651471
139716
90706
51642
502022
921355
808612
45315
866467
43440
431598
605892
778033
783216
52337
575628
37350
759818
114044
109689
159373
289565
369187
119589
260692
822192
449566
948928
380596
944844
982976
922041
183672
631172
798865
595862
200749
645333
829067
929316
544805
54120
292462
140872
996519
437556
951104
519411
874870
507072
130404
821428
908028
983302
214934
492647
115732
138227
158209
65419
95857
316299
429053
606066
119534
497066
422248
732561
300658
349157
594592
772855
665855
573519
416090
996635
688152
96664
254690
795278
957069
921103
693167
382351
131172
185735
119074
686141
901094
488792
847003
211559
192899
918269
24184
213247
316834
313819
330987
270830
518793
200545
681911
672833
540518
130698
324295
915136
523512
530367
832491
982559
796637
863898
24432
179150
427896
926854
389018
519211
896382
409090
446208
996887
743070
158212
19717
75686
267
594042
931758
1840
984743
864811
772773
210117
564109
123645
625801
911549
455611
702927
910320
728364
493722
955462
325306
304821
293676
214694
300051
601142
975505
130838
531460
199649
229302
755142
363382
532074
506907
884268
167877
11548
546494
732457
816893
817927
537513
6411
67188
812884
826261
126379
797316
137273
51450
121015
725795
333959
769524
141386
188704
978592
139027
178423
782331
502087
277183
159909
961634
10192
676102
680724
678020
804982
162180
790078
134932
372299
202478
49880
190812
76362
964539
521591
148411
367624
533807
598224
149757
813257
949829
699672
160853
719215
353592
376906
631353
278285
814446
957895
635866
572442
625602
28887
93759
663810
28332
399693
490749
909974
529743
130569
21397
47586
84575
110616
504170
208927
669997
858870
385821
725375
646673
698867
901639
650214
309427
111794
681810
339897
237174
937422
972212
476942
172097
555544
930314
201027
244970
754108
750861
150122
639553
929538
974067
80226
962871
249456
398884
447617
817514
925132
7959
217069
527310
907646
67401
484234
968569
66068
217882
381581
488074
656928
414276
332464
768823
700988
812344
632574
151795
560814
866007
979982
638520
544870
660233
709964
914934
12260
327806
762994
986136
600310
920255
267991
113775
616415
426608
329118
965757
725332
32612
704463
43360
96096
118621
523650
989466
769255
514975
729719
815673
114503
570735
424195
376295
390362
914925
493733
714960
763096
668171
731639
508075
224986
300393
525632
33640
688121
935631
356070
414517
811157
897286
704705
328044
1969
314835
393610
496412
825660
52433
70130
574770
500011
339690
963599
314819
631681
885489
1329
134969
646448
943007
492819
448921
667737
298153
662701
551149
348784
47162
884390
16850
966203
832274
770919
752416
90105
617659
762187
104369
281567
549219
937010
832080
700221
480155
403125
219264
490496
629163
505012
8742
614352
202255
587786
115668
488474
936403
449698
767730
466472
633350
755427
512715
465643
404830
234119
398961
71515
39912
489033
328334
424565
479017
935165
323849
768995
193878
540089
961553
315002
902829
239729
947913
241437
99503
263841
756496
656446
381562
251811
750060
733509
396294
992288
498514
565897
959164
791907
461268
534651
990190
19529
575975
537762
13175
869589
670096
7168
95280
930656
145579
740436
945292
877677
484760
142009
86033
83099
357635
120748
867508
339123
98573
108202
638543
781473
618076
494136
873473
665088
817020
587772
775138
491854
693552
546249
442593
824639
981785
654520
215293
423981
361346
230449
902684
704300
965254
305865
914955
545084
795486
935494
505299
523032
221515
806973
357428
838379
57244
911580
651137
417826
385693
905412
250007
728796
254364
801742
807291
440318
70233
133871
559696
696420
326217
224822
311793
296050
352455
290866
131825
850504
856920
41264
328108
605972
369561
105057
699402
898497
894599
697435
136976
255501
554923
986166
941090
823416
684384
165463
664793
389144
876674
229385
604029
847753
40629
602630
161119
997698
714767
530454
457110
293316
163875
346511
25748
288171
408683
7738
869028
239655
370257
657558
985922
920708
907930
461750
283734
191204
679472
7173
484431
148239
438666
784298
212184
670433
314554
366214
75258
548578
108178
916186
155150
310323
162356
236294
110621
273251
902645
311916
267158
846305
912686
390259
322155
485196
601375
937512
332232
634343
296255
338942
762224
873896
76644
594486
269558
144367
471947
542490
11606
664980
339589
462499
745902
610009
303167
93562
675164
863550
319276
152668
116469
990388
50897
822102
650654
354409
946156
851504
167051
807042
498114
381414
114514
669479
600964
978065
994603
604727
295133
821413
629446
131229
895195
860947
219529
409850
287031
84239
97061
205250
742594
292972
348884
68707
699118
253666
861105
102559
638647
126642
643123
921915
374828
846560
222983
308623
255454
704351
63050
553534
179876
379083
138656
683392
364423
18576
110132
367323
697681
536616
335948
572273
963437
447489
496711
758770
261435
140732
131382
36657
260275
677906
933589
595796
170163
489425
274789
417190
779558
696964
410535
758727
981331
19761
402550
270851
479871
518460
588673
70335
986752
617257
694245
398095
821216
316799
231203
980197
559850
320008
341635
74725
911188
581812
865540
583764
630280
605277
123262
757678
978065
867365
298838
898902
685151
567931
873182
404840
685494
515325
382343
639594
395705
437687
653123
633762
211599
753802
35643
240001
262192
970280
806186
418365
46862
846204
600277
136252
94690
599526
558183
259820
605649
918756
707692
77295
704059
284940
846186
655924
902561
651446
229464
86625
425776
653814
688956
951916
508846
26118
42212
103561
871808
116227
228608
408702
95957
711502
40154
695314
391667
84819
812980
735395
759004
215014
244925
783319
901468
797321
162543
820203
562226
891274
95432
38439
401561
430729
615842
891506
555954
759704
774449
729346
896975
834939
327449
823851
535838
519566
645354
828441
25264
534534
501625
888281
936613
38223
94748
272401
953142
82389
582721
750800
646559
245535
571371
414080
327911
318485
424971
168632
553101
560226
282423
496622
131153
357940
587017
777994
10972
761184
428183
305301
232204
463459
988682
361552
187872
558404
386269
458785
756029
220245
156788
759976
349019
28504
902998
918769
356815
558653
813577
26178
644725
86729
248905
82451
884025
555795
940452
578333
810882
11305
840949
124619
552380
746639
189051
792397
511617
610087
116501
128524
789604
399276
201500
817336
128921
521112
202205
842748
384068
367270
883697
684179
274076
64690
644859
729780
35964
834556
414334
150953
227462
690059
455832
36798
79924
269166
604639
805972
696829
115677
108055
214485
393568
688063
953229
285953
679695
167237
936018
939367
321339
1395
308503
959792
301816
136895
682978
997526
461518
669522
189227
6322
598875
646123
923861
565746
195176
394019
954252
886249
510854
995531
194295
875200
128868
380913
147994
905546
29489
44994
402060
927990
563432
965577
119375
373533
826685
71957
706065
570939
309026
361529
654462
191931
971190
951405
725888
42795
650187
277202
589460
349327
846162
561299
315274
152081
538725
822375
859097
280854
104625
2035
95836
592491
130942
322059
247981
359710
868317
974169
308061
717481
34797
201622
944269
300938
479305
328758
235372
656174
592977
288353
307469
226443
567444
428699
193955
848717
378519
739972
229148
198824
556229
65851
548184
988236
360946
820766
565189
192055
686733
203821
37081
639460
456930
440013
370026
49697
992778
496680
154925
930814
167344
474865
597129
569569
513472
495301
825111
668407
409197
990509
459705
32773
402527
903616
87252
924508
920248
518566
831595
300971
931266
913335
167577
602990
14647
794241
366571
264133
317420
696105
133847
740063
502362
582440
314653
313877
35786
855991
708025
959315
496029
298246
793410
746417
548789
236901
456163
810144
333956
185606
792051
371391
556975
777497
701682
414669
400094
950935
367330
82169
759906
814043
243071
911254
55428
635498
563549
530090
306598
783443
728350
70693
401688
570162
590220
566639
992122
658766
969689
840026
803913
397154
214512
930359
406984
208697
825207
92804
173643
868402
160804
434179
699107
944035
794617
134246
83361
492250
782237
684646
647177
228031
463641
127410
335637
104981
494251
968709
485666
856671
526602
773712
58811
183583
7480
35351
176769
897082
592829
82584
973683
523767
692229
353957
553120
739686
953048
529235
532454
508701
486833
355147
10981
768286
7230
768381
681478
764820
662003
35893
985762
983036
513867
146118
526864
980321
798109
550434
11662
352063
264151
469579
357066
911881
797529
51364
720334
139590
11568
648353
154695
791766
959981
404574
167152
662547
732130
139787
480608
204115
179320
229636
845932
235401
279088
946430
474746
619595
556212
72221
969955
186990
607321
835299
266756
488781
996916
168324
432546
754537
721750
5717
977527
783338
372837
127138
358877
867524
155032
113822
159254
544821
376206
664949
375606
67882
363980
500158
18157
138497
809745
861900
151925
437866
951640
594724
999316
383270
573610
476360
98446
371378
673437
73970
385323
727805
369452
885597
792928
994516
93172
180476
397341
43486
428489
116494
792818
193987
822451
917513
65951
79785
226312
492467
596342
625238
789479
975888
414063
85753
810318
757494
526472
988356
179225
776572
234263
372402
822680
687505
571374
494182
84811
466728
338857
204596
340989
78929
861782
286136
267002
744931
201282
674404
367917
887574
71836
850136
512731
965101
576648
839786
27190
930448
703427
352645
274527
962936
611630
354797
281403
671171
421753
99104
520817
494183
427693
434840
217533
139715
408085
270318
614196
601169
947274
935000
393492
173688
341402
633171
280327
410558
677013
59932
646709
72795
805299
258263
771266
542824
334181
666899
72939
759478
934839
945829
490808
129532
3230
143665
461535
373480
682276
964615
943989
630998
871597
212905
320209
956574
34340
787691
954879
124296
381767
452339
223582
73947
960077
731744
747287
792915
352560
93319
416890
478128
953690
699993
438518
208043
201264
319328
132597
401668
535669
345576
123538
845366
304477
182458
716216
345676
925935
552452
686744
44429
977301
161620
436166
249491
628291
429123
801969
35194
927490
177006
556211
666520
582944
466303
251768
869398
583948
364500
186330
830078
445877
28510
860918
215758
92592
533917
853766
759149
209281
148965
10195
816497
5987
977473
37320
153803
986084
133093
3875
966736
839404
2952
723908
752740
48606
30630
122408
951301
822166
390160
940143
274225
657811
947118
976921
738101
223726
923731
142607
637588
25672
772475
531870
752400
967619
989476
106046
677592
95783
830853
420624
330061
913316
566639
678055
683762
394551
639551
507262
950833
125285
562557
123399
43140
988196
261525
618851
914630
481113
24880
94829
764247
649660
762989
657136
810085
607768
880641
257785
992862
990767
673000
938184
745903
813947
797318
375648
175095
408846
555615
921598
636109
890779
662511
688038
144362
719117
632104
184792
961909
546325
285702
797218
398698
764225
569104
414095
714661
188040
686765
448893
828561
201634
940895
677836
212392
253460
662177
880754
211429
16521
533465
191276
986958
237276
38906
957711
246999
118195
106234
807549
437237
459525
924522
235763
94657
357499
550327
219902
853700
912628
265979
284941
688677
654371
802113
167970
461036
413844
918612
637475
804786
478156
948418
706509
447719
91277
3058
107720
224896
5624
566431
323349
339515
596365
691120
967523
155984
605326
808886
62273
448630
196867
102465
699054
374670
44438
328415
876493
355696
745054
439090
747253
260241
522681
476077
253988
161806
40273
735403
862739
933719
338050
266540
836132
434555
493906
932268
536952
922123
885982
992546
450397
258670
154838
460690
359204
841665
713055
916751
627985
615848
803223
580177
123180
207414
130421
293742
300021
773237
923021
831865
310772
610962
681907
609140
972078
873704
751032
827058
254580
206567
21712
359310
171413
944672
80596
17537
4147
574257
571298
894692
712819
148104
66978
657667
263118
106837
635876
702042
74053
628176
571749
846191
385841
215524
670897
11019
631608
775287
196130
540758
400028
48407
521606
329486
496173
383746
599390
8484
893855
747025
140867
626995
684790
800131
924644
211166
801693
5730
578858
268356
684951
445332
938684
53730
15949
357505
483742
624326
46085
66651
63860
32108
623859
780430
567653
332343
412586
905414
426971
753549
155883
100888
159014
610383
563294
468110
574144
276660
197470
415826
842667
455873
201199
517173
792759
596711
874379
429213
109856
433209
201177
550665
537299
681032
322815
214082
583889
9308
569870
667873
249837
213650
377052
440631
234735
298381
76848
234140
28379
899482
813461
760727
442507
807140
51281
347303
251577
949072
894384
130156
733401
435062
663033
520245
299171
667901
762946
657319
516014
777170
603231
86598
148152
959429
411190
397347
167234
750848
343854
86114
647768
720676
420230
978023
313519
449729
486082
269597
563430
279154
772735
644194
937967
550100
803816
564627
899399
689569
143425
794607
596001
394988
587681
50218
655969
588731
595709
328401
184835
46268
176478
216596
810972
771046
772213
338101
69177
803565
877829
536204
462948
452065
302078
890548
996933
615524
364650
87190
582692
812486
310144
556431
980684
596671
682966
378049
494923
203720
635188
416883
944279
67798
690948
224294
400203
887668
57573
672437
275662
126716
15646
387303
5716
707889
208495
328853
435390
271548
836164
982322
30557
728001
638915
530812
809940
988894
547908
326526
330779
140416
795680
523071
966816
535713
188130
541707
137288
723618
839515
80219
827411
99328
303058
73379
878429
266998
785175
805369
259520
670383
823608
343965
112407
791911
855885
397033
8030
883869
142062
239190
621685
437751
896837
137256
703875
348210
144318
667256
217975
543683
34651
848220
224170
409551
468451
957364
671648
611204
63994
84052
457518
273298
45769
838517
590090
576611
319626
217100
430161
329497
278269
718204
9984
98407
633634
653988
717660
701211
721696
600765
998829
186600
398058
334776
795837
497624
856718
177156
888238
685084
222554
971755
19704
323204
320235
518300
197183
429513
946323
343043
678349
222728
685350
891540
460529
902794
76513
174696
680627
102590
678200
822910
170290
972872
61179
422178
189341
340914
661604
131563
279498
402432
763903
302237
806326
110562
45942
87727
248794
120003
235448
266216
912038
943231
287174
548131
148188
984689
392986
84081
337932
630185
47540
856477
174184
876157
684994
360842
116483
711607
193003
435449
72875
836524
805816
319655
50975
689708
779039
478547
157679
340629
952686
713565
44527
89410
465105
117706
541975
269473
97919
767972
886714
166114
236935
524287
552097
56204
746611
533654
848772
560810
624342
916883
215204
699490
787575
160685
148167
939621
747546
934636
888721
523778
611751
615752
502844
588438
755258
415151
115764
904094
738246
364198
480658
476525
651430
955911
58674
549624
166914
280936
394547
872527
921050
472348
53450
881766
703602
78163
780419
513874
753434
173917
550870
858639
437273
920011
20834
804605
657590
224886
629641
280492
118498
34265
13031
899788
763269
538137
882351
88519
697635
767334
525412
422634
614699
850169
39153
11262
518236
209981
735847
331765
586580
432010
809489
797888
771575
626380
723380
547902
363064
391746
983784
533262
598471
312099
368141
43333
760279
487259
812140
116219
41483
884466
226348
988864
758588
680526
687022
808620
39913
237455
614149
308756
568508
162136
50261
763225
569077
377774
537927
208282
238838
134392
811878
318793
204841
991142
439001
950427
162257
948526
157693
134425
447148
218610
794974
975636
636162
762430
365971
496758
414798
191341
457139
617075
902341
773355
232695
275229
367303
338836
126062
19095
329633
381563
941399
676193
265853
735688
515294
922771
49063
586617
197174
149349
102780
472393
233679
457194
101809
113645
991477
941085
726973
467451
849413
87508
54437
672230
142348
347473
763746
948772
11581
184568
453616
232752
200975
431322
507125
419883
274033
35055
740364
285022
443819
383843
37038
918810
774546
217351
870717
81344
1319
844008
570924
440861
394510
272189
360461
473645
816294
886714
336632
708225
712265
332673
928917
23483
905313
649912
23367
583413
885797
17909
119797
885505
407599
252054
687798
374667
344316
658478
179481
993691
101823
735514
279630
518647
661218
132209
793971
220709
334618
193817
751423
160270
584485
799351
960069
515006
138147
568382
678502
869576
560142
283753
927126
356615
593816
952899
109257
239039
514976
190755
75641
708641
10064
501686
674007
594989
472661
288116
894027
519090
752444
536181
598634
389105
704230
41884
942516
237664
967464
90097
94278
30986
272001
255629
596706
747539
62200
358766
395737
403994
943442
39723
561619
187319
901165
578497
886203
977507
796349
927947
273545
65975
463392
886288
515501
360013
977311
243383
590549
762435
334851
759317
420123
179294
443602
969767
580302
407498
739301
555739
998620
844799
845927
468680
269465
480960
237100
363391
802350
330430
362539
343545
966560
191577
638170
149999
104380
195270
704228
752073
466973
355083
615498
464110
626073
340903
709267
333946
896078
474128
291377
228110
939844
566036
379634
517504
571775
840545
849631
259443
932004
925472
367221
124418
225413
631739
192701
110038
4171
225920
923274
809816
754431
460381
885007
257215
224117
354827
217498
175946
416661
758216
717873
563594
983943
259900
91848
25495
288827
207293
568283
806499
60562
491310
452462
398123
673196
960258
249631
761097
856591
77598
724644
82727
559280
536221
987687
683854
930850
658285
81339
660380
997848
766614
956345
551892
59480
255003
792700
752399
602943
145977
389877
59345
779307
919820
287723
728183
487880
735953
547602
40012
876410
564934
310087
546426
842660
234158
631782
809245
758547
767281
686153
717619
960843
735967
371485
385712
671723
111957
528034
881582
314367
904376
225791
52866
700322
956447
461247
673002
294542
145933
89196
816738
800194
423771
56262
206101
884110
511605
416992
909681
112958
226683
792856
939219
88097
706503
575729
189730
81077
222030
394191
327031
206256
784735
354318
481530
130797
845449
808894
387848
736434
690650
89471
247696
988058
597249
323638
974973
470500
992341
372585
124941
221398
255278
949501
67201
365135
606641
232073
786605
21800
438122
969238
265903
202118
641362
770870
982204
981248
442927
667517
920534
656039
489050
32353
4378
420278
712540
654634
67445
552087
807730
846037
774263
116624
343984
181963
335360
974344
475778
188473
954454
153786
61645
618827
762329
181429
788340
792330
565901
35021
735670
180240
648279
20386
370804
256548
315267
781514
595088
913526
517954
107550
137202
376
986481
500062
581732
25686
18900
67458
665181
529044
557857
956510
639707
451203
616761
136752
902569
108320
750962
777
827776
813705
212047
423638
555914
67549
366673
472587
587969
684783
698150
508843
778486
629349
91840
579062
352750
836531
705281
953519
562599
54960
752082
486856
889272
565074
437395
439980
918678
86603
877868
442601
398515
476287
722882
268537
23296
862816
484166
160811
810644
129512
927079
578675
966181
32242
811624
332554
343282
377270
355148
836611
425795
100383
544493
611820
595144
12043
322667
319261
337503
878238
380226
394976
78897
495427
949365
688636
564859
201281
287399
872352
804587
616693
112392
147817
23840
239218
242156
685328
886996
297649
633527
99891
739798
810806
461877
425214
53167
953794
347590
772086
173607
973103
48054
535266
332192
32427
842475
18582
528543
565907
43768
557725
438443
328875
517262
886786
42382
394424
87569
208827
619832
308347
867593
655731
552259
723722
574959
237363
872786
181004
46695
362028
734610
38800
83726
877539
253154
905418
878056
37881
632399
456108
446396
617558
978040
126301
460220
957490
163089
293401
654236
697855
22594
699429
889155
293111
496047
909805
432607
330557
102803
277948
315283
66098
425093
981014
84812
507543
256733
398837
802097
730010
565744
173215
172728
32319
219702
836448
787862
70060
985037
241769
675726
724753
658518
716229
601835
574770
208190
252916
712969
705746
520279
501670
274573
136574
62180
548885
48500
100659
365364
415679
840777
913132
210405
484863
965552
903244
821130
867399
600608
876005
60775
519164
932142
102179
363993
148910
687684
280665
370642
454131
555376
496869
758978
535775
973401
268161
182994
129121
590348
637609
738570
165309
117108
288037
550931
367970
683944
629938
211926
279335
431199
701137
516418
582695
536446
290667
748717
779445
718354
852127
278226
141886
27417
572650
84601
278906
766395
524914
765684
856206
184598
66671
964677
612290
597751
874038
172189
859546
170980
852004
185343
114451
545430
131171
309059
39163
113284
878300
936439
591341
373018
964089
995680
26280
985352
740629
624030
638668
234359
859907
491373
172976
815063
261752
398600
107938
762772
443862
60392
240828
25959
223573
651434
603231
728329
453456
477774
709647
710210
227178
196891
869483
28127
999899
943776
904775
4289
491483
659606
778472
461010
492777
452386
641883
516755
247096
327158
619378
805585
248375
991511
943708
29879
370107
456953
825376
774332
435020
195462
528246
19644
388233
949118
997314
486629
686904
721719
130286
87240
58158
344710
853474
982735
10839
950454
559459
229966
750563
860341
723077
72178
223950
59599
274126
253398
645386
399377
148969
299380
956746
683471
565892
300536
182829
943426
111430
13616
183685
195081
865264
574752
884484
582480
813903
702259
550082
544974
566747
192267
121646
355752
294000
514169
620494
505075
923174
72776
587124
889431
58895
936884
532927
992463
822924
225208
454603
978252
2572
158597
778998
467193
830883
284366
474000
678682
533954
318720
379614
838413
866713
708368
578059
216179
213958
283052
530348
35752
647992
417363
721838
676909
345253
208448
72479
129703
114020
811457
520789
213889
455783
204327
42367
599724
358553
817942
131910
837574
171600
721660
82335
93528
921263
712607
137200
834810
971803
501774
772444
480529
871192
88569
35629
806777
197375
392925
656349
601661
819998
312535
859201
21123
738860
984026
102739
53189
485607
745980
472794
817466
239500
90730
557304
391507
500530
872828
588752
717345
217412
144804
775441
968531
417369
146879
212452
638557
592434
972110
458478
655861
764687
257790
478338
492151
980910
357859
378790
105577
255201
214532
566720
912920
939531
769999
618334
236385
499191
552301
21343
268108
272916
481072
365184
989970
619089
853993
218182
579647
655057
656535
781061
617906
278795
385786
843276
388290
313665
574149
888238
827387
60379
592625
105837
711110
724768
749870
479684
667686
6928
633140
906705
916575
15968
207160
838557
269873
141714
330171
37706
881922
213425
955196
618904
378713
36006
244430
262675
364422
837498
642692
139613
67488
839529
91336
340179
527654
641439
341835
837983
852039
956626
779542
868698
777086
138491
176064
654235
785172
530546
86840
176033
635913
424485
259970
403481
297037
527028
683583
733452
499433
899245
239972
439527
642555
152479
292557
66664
231070
349277
140714
743139
150312
895889
144279
813614
681677
555449
750794
344431
463840
738435
470630
508672
860986
79297
121132
759740
62899
822217
981969
566697
750541
129324
77418
880514
275697
173393
165763
707423
681297
889133
467152
614531
147372
107361
867835
327106
713392
927471
269916
461773
961977
597722
851847
765212
244024
428442
390398
991670
747375
488505
415623
732896
66456
339725
317913
777056
869477
47954
543536
670252
105891
808867
228416
177012
222776
695765
635270
14153
112715
915249
203321
394344
835522
403467
626271
329447
555878
752963
136829
515195
878692
180440
460647
824868
6189
213988
906293
102325
207996
200056
183190
118532
606647
774868
775806
829610
51375
376579
509371
942135
815298
613201
772773
568693
11936
990058
288436
868951
650922
840913
946604
503487
704694
614457
921139
321769
82095
178180
13507
85687
633626
2773
25530
637721
440371
254420
82254
999448
612149
649661
690719
706816
715641
584101
909861
651816
434486
755595
991176
19551
628007
405655
413903
94069
481610
955634
207792
438115
896004
325505
362053
778200
865378
333439
235936
762273
659002
134645
981941
575539
643312
870745
266614
954264
562068
203777
646012
526644
777577
408578
791137
62771
156289
246249
564714
677522
498243
751189
959905
241158
261199
874736
83330
615372
890040
42056
442571
333710
393072
314190
246454
98863
638337
929897
239747
107443
643063
90424
290862
299214
465500
917091
995008
658184
413403
284188
955394
297033
512006
243768
883468
902343
437619
616868
201531
78729
766017
303813
691521
915350
494521
329584
206614
228543
771919
638531
94796
516038
621255
713182
9984
177450
245876
860161
511852
19664
606747
120196
318618
678607
534839
715117
30771
700760
869270
575473
871478
870976
114401
466698
82692
292908
371896
954353
629079
382552
366844
559865
612051
810948
609702
150728
321781
283515
517460
432562
855208
630209
786980
271155
138806
339416
965561
242249
132571
709743
132955
524460
824758
157288
490043
70635
671705
195268
635859
283748
753087
7342
709036
966176
251677
231073
846777
225353
961041
305078
761697
302728
733047
433358
113818
345343
487515
228696
72113
934944
371784
588287
807462
203176
216959
254771
537971
976188
601603
133843
35181
759518
65617
381748
567044
919372
817710
23953
293221
492725
981784
145551
179582
156825
738462
79530
897697
610364
788299
126658
885634
585734
405950
219132
70427
3386
3349
969814
931695
311953
337032
749515
490474
843826
654930
206431
994279
380241
78217
531272
115212
188897
4751
929593
46736
128631
111841
648972
224541
884925
645324
961482
862672
866639
635008
418970
215646
837237
781053
481733
580496
335294
808106
990754
196398
502389
400644
858403
188538
957379
796019
668346
155027
680160
991609
974889
77563
399223
603779
880549
258290
306966
764962
884326
24641
872975
234195
364494
414418
797230
192378
30899
134972
628118
42286
701195
109021
238650
676781
463795
379553
168437
617456
604828
451231
255687
745562
119186
671138
100717
376778
360810
577476
491036
973839
295112
250934
246617
530363
770442
364637
160696
729232
29269
376023
787759
222296
554746
599772
682453
891345
603012
577599
373757
469828
904800
1170
841257
455030
464553
682537
4269
171192
866064
320375
980258
748121
142693
761878
679043
143420
718084
216610
284391
647748
844574
771268
903835
362859
498275
461837
598939
120626
866825
448248
189613
686067
900796
187474
735643
414674
91362
396021
512139
281042
501194
749744
218364
741124
594032
559106
863007
340377
588527
419333
65616
251289
843396
398568
530223
119149
796538
83157
419231
481942
848632
80881
122907
736192
945443
512257
169968
854897
640433
154474
303195
924892
56907
724241
620095
567442
592222
55777
471171
219928
940799
712682
489670
349075
369528
167783
24768
541088
780916
488216
191350
117440
347394
236174
587353
235056
347977
348165
307964
883287
283145
256107
413296
975641
647369
556735
357887
389193
718115
376789
34305
240443
749480
654518
743837
501431
850417
827875
736928
312201
265795
62778
667379
981749
745118
650866
304636
327943
351906
611585
298132
534537
141471
860253
452768
438223
631672
681182
148814
791468
391730
587202
297390
833223
652511
842763
319594
956999
322529
690499
661284
803499
923485
82015
229099
658935
111358
690690
890840
646793
666723
969048
86923
481354
645030
225827
611582
867968
233930
804498
725122
107071
475392
270541
57054
71743
656662
959822
230401
925641
84797
818793
422624
389900
6645
954284
368112
565068
580375
158689
475010
480762
106174
285936
734774
853854
239955
958881
579613
536880
414516
416064
886767
252487
216641
420825
927845
844393
140611
257251
701365
477889
352760
350905
726888
934510
545599
882755
717017
114680
840860
935347
470284
419293
231529
320940
173032
170890
2074
625533
509330
122341
119787
233162
237544
307463
945704
298955
40791
501447
577305
731950
588954
361841
459015
190616
660047
404630
729647
981065
922487
240125
545475
708702
279050
20215
617751
113775
398325
928912
314479
759512
926257
431138
586722
356885
437825
409603
792618
988359
834312
169054
390411
709907
76356
381215
54366
512554
838379
917256
443130
552099
200224
522017
702141
52612
863250
623308
190076
971487
977010
204662
155077
398617
878095
809450
607821
560198
75471
425279
93499
431344
581196
955698
981008
219575
746056
174478
986097
438290
635599
269127
854674
239027
633704
541735
50561
725833
987063
868768
85388
860575
215986
78912
677456
917666
253630
588162
883616
802815
347685
66368
267406
877291
622390
243910
84569
707388
346298
620547
431667
755956
65166
314521
775661
790431
252898
877715
904129
123026
4620
361142
100348
750547
963722
459568
369030
357655
20179
665069
753679
714726
484952
103433
447768
902747
304156
5280
134683
124679
172
129216
938456
130870
255805
89216
973758
279433
340450
807466
944370
528322
836455
390995
246078
846943
110349
758540
306265
116829
630817
122417
113359
339229
247547
606495
486285
170404
654736
233410
440715
709565
75893
9099
137174
843321
647601
36929
772025
871511
452413
686063
513479
135294
811098
514619
307848
488358
267023
902551
281534
170647
252030
464976
127250
524490
98722
282244
907616
759979
764392
654897
601116
721984
499686
236648
812255
213603
330364
14624
668498
13611
182790
612134
924789
189609
375291
27954
994957
154958
177061
328534
830824
555562
226557
958863
612046
345679
836002
387902
556678
9044
290486
819888
920002
971830
213525
884441
194984
325272
971763
47456
659581
368171
191697
992340
140528
930792
636636
396668
710081
304506
175522
214859
165772
381690
323953
558194
863286
790098
95374
610704
164019
572930
313103
405253
222897
169409
559126
368804
646308
115515
436778
731782
682031
455865
493683
720380
49260
787487
611346
482332
810712
803534
445979
697148
71966
789162
775408
416125
987966
505589
666427
654847
349082
543642
799367
733810
257501
552646
3004
807628
13320
182001
545973
387799
111578
10555
878847
123682
77916
273713
598769
822871
6406
120622
456547
385325
97105
688094
96268
951028
713754
197470
229436
761357
312624
206079
287474
767804
297402
402026
911707
328342
310024
375069
459688
474708
510964
853652
724938
393802
436212
589570
999373
127345
731776
245630
931470
799840
836250
540347
111066
144218
802175
219568
903397
320960
967016
336918
277540
638567
494333
381328
478791
453380
784343
302628
266455
592004
434608
153639
942247
497081
212010
537400
324922
923118
720696
174818
681841
690907
925165
572069
798959
680244
807583
650254
248715
132444
435575
689859
456625
166775
302553
184347
185622
821340
80490
940522
99221
390441
351874
786778
695019
987250
484592
527924
815627
351953
7204
769086
488223
80673
98045
766399
923421
482246
570928
275166
950017
74147
342609
572585
885292
984303
782593
491057
184985
600098
369333
286418
70264
3721
274142
246480
870121
716537
936058
549020
504214
536736
611255
210807
744301
482742
633215
450478
900601
57171
928485
407747
633500
453659
21546
930220
600107
130324
879019
778804
963814
202904
123179
21056
184850
291750
918713
973996
224117
63186
866174
93652
534126
776989
232933
219311
668782
648415
601575
695317
484631
137953
737138
67425
815343
385095
481077
684017
890240
699946
577547
926602
314256
245508
342209
213017
8185
382596
60165
270484
924772
992066
287086
50431
891942
733261
500706
832267
376439
457567
699240
597401
109834
782706
114635
159132
337486
648363
322087
125595
695681
967093
683347
223510
67500
675433
843563
194368
925567
215337
65720
630379
607433
697100
905150
618754
877587
374899
358947
141935
870234
499770
817527
151133
729768
705483
414628
945047
97998
837644
928947
821135
294016
690744
733432
588348
717709
789451
616540
734554
606777
512407
421829
303317
891257
527732
600868
251968
570506
982101
944090
433791
23406
185589
164424
355846
600580
514991
580210
452280
752451
213869
513486
316401
174226
215545
242799
226207
259655
841455
658697
999627
514619
400019
993824
532086
992071
399103
410386
428894
386461
394997
51005
312736
417220
548115
221518
880951
175665
733924
68711
721826
95423
493586
596844
737252
584588
853882
986539
12645
851055
505816
878053
940534
715801
614689
407613
215346
631559
231536
456060
551487
244769
898776
251519
748020
103283
91032
637950
998357
75461
726252
155001
509817
92888
374528
213185
641933
914752
62335
66656
798321
335769
94666
57958
754176
637863
201221
66321
115565
690254
644811
796824
285320
826154
708673
923284
589408
417740
425032
541579
622083
808786
437836
2267
830049
947554
415802
551296
965071
72067
317838
211074
441319
977239
885386
789950
355276
161145
600578
674510
589835
26031
812564
972888
862685
826572
156406
479856
583817
40165
787240
721771
615142
380013
463240
431425
883390
782384
171140
965214
984527
273832
500777
144773
243563
569151
463643
83745
953727
754914
261918
658986
316848
716287
989712
143216
893921
432475
58233
125575
216017
137041
898043
327504
105506
164138
474916
392607
442932
586006
193122
677454
994416
899205
683478
258525
245729
821733
431361
265348
60988
268664
742619
933656
546752
753041
749058
113557
559608
792042
588239
164494
115230
331685
766341
789934
167450
856990
978595
880554
44263
514665
872217
47493
33686
240685
589143
382463
148269
543516
777408
748507
281831
382030
652605
430156
379871
325241
923630
22651
539911
577039
562172
899512
867538
627956
832202
874746
962930
504027
431050
904916
49723
103228
401516
49207
706407
151731
5232
889950
868915
131448
678621
447130
306214
742583
766538
332282
986545
521292
160089
722774
579506
155101
161092
52856
845139
323923
476175
24360
248335
22517
233117
355411
746709
316387
837919
633687
188421
273837
285543
324526
111831
372814
734618
675508
784603
180488
333124
781846
503002
455261
726918
400217
855068
303591
320298
358532
277891
264853
382359
601004
923029
704194
888864
503642
672791
476211
223606
948186
260308
643373
806718
357155
507837
522801
280126
140446
468842
578326
199472
288341
155774
591297
482745
471865
560105
82946
950515
127055
119688
53454
817190
583161
296103
825749
818006
399773
909478
997184
673142
891380
428601
263433
480762
848305
446153
242934
229194
323083
654712
432243
1746
838953
323778
844555
550390
172650
710590
218883
111779
334990
993604
730259
761985
679236
9385
141697
654597
389520
249958
612060
168034
8408
302231
702611
836447
174924
731935
266096
800708
116144
922728
584628
719918
516168
600008
782223
118338
771935
749695
62332
921470
13811
931869
796791
412139
829184
129601
583196
715311
9639
270075
339805
284223
336699
893715
495264
607665
662249
680611
406067
292143
818177
631583
419181
847879
332069
372661
280930
13344
742413
209807
738114
193032
385588
743670
741582
79144
156066
445840
806520
503065
3735
691530
878935
561615
395345
110160
248580
276211
829562
390841
908116
963535
285106
258881
489138
313187
602932
987630
218839
851412
394407
886227
256873
514500
330691
628722
7085
877501
240158
903484
882091
863878
716563
877237
357405
871960
739725
946995
936659
317738
191733
3333
496934
675369
471478
527217
575190
142980
154985
299605
42371
58019
462690
904622
299397
319351
314902
439
779560
945260
908391
145321
414919
695420
706766
873633
409795
912413
757796
60832
352353
787674
391053
589228
347390
316544
710786
828499
914927
297775
357881
869967
531129
270480
675058
365573
964201
233637
870560
940392
285266
867707
411763
901691
321953
243389
541886
134195
258206
697443
286346
175866
425985
512199
884854
573392
236271
437208
352777
368204
189008
735079
571094
553281
273933
289439
338827
915579
801963
833682
118870
509545
73151
52910
954547
324308
393677
531342
8022
469773
375169
660076
148786
451174
54665
913525
447077
787286
133197
155317
590784
771392
548044
222642
65206
730573
441172
896148
360032
313397
231454
974401
558826
978205
58563
539335
676894
234523
676127
763891
887307
277
379201
267838
61969
67079
765771
662247
291020
89443
972525
333468
64283
245138
298104
348818
94476
414873
268258
604404
731493
504599
627861
331959
602961
658026
618867
493708
636390
282546
604459
59567
117327
300461
963313
797085
751963
772417
603613
480354
456993
484697
831714
931344
945805
817190
372201
217164
640524
454471
220937
860034
551696
76996
988837
935288
510528
5555
646307
853504
948672
955709
375173
477191
714584
226939
958053
974859
602371
265338
588625
32938
206678
941853
741633
177493
57803
98338
133361
403555
274602
804669
551583
724098
898067
387808
756579
42760
583850
262428
874790
45224
221343
242977
651648
371904
818265
324833
9266
426318
478910
371475
595964
192579
911329
677396
66845
433072
441161
539239
225317
113885
109210
151965
922872
356473
361891
489936
537761
105835
729411
145097
327440
847302
983416
886849
442930
724572
177925
882949
841323
440617
602880
121074
708531
908784
397621
555872
452426
423972
117178
374492
722073
55228
450065
188493
938791
113961
339507
115511
593972
816228
831167
711454
521718
361504
859007
356930
897581
604639
245139
699401
716837
58721
19132
787003
989384
195383
525703
152551
660893
485045
268499
930338
677921
23941
504705
369711
193984
932440
17848
138426
811760
403576
357778
505919
180843
161658
998183
509000
689031
188111
578228
815891
416435
414265
178343
43730
794000
461338
519241
703819
720937
336231
515400
586912
623505
690876
307808
642473
844888
258122
632614
577789
828713
82027
945585
397776
415363
452758
892325
867638
865042
425326
563549
642310
931369
429045
662836
734361
920159
57629
44017
334322
900867
354431
676428
333048
847868
201637
121377
721758
699202
811905
355376
916835
639155
67457
150095
534453
763859
21882
224621
143409
837731
714817
253635
919173
127132
376025
895897
340407
395784
716614
227825
171838
379390
795520
173460
681294
790072
294083
764216
370481
114578
837443
551435
126289
937634
292669
624159
151570
638382
101353
556018
308188
674190
325068
38232
652150
218015
600745
576391
347022
973601
76631
206911
255253
871918
642926
757588
855367
536920
394395
638297
260680
160925
378515
601195
454122
360265
856741
497367
916171
792553
540071
817385
486811
658471
658834
693842
851708
663623
208362
162293
441794
427261
229909
97358
781210
437864
210126
75647
337798
495663
164977
364281
157894
559223
262134
608643
887059
463870
8827
247530
544964
678039
566969
29574
406868
637826
879833
906404
663099
327271
974495
915989
674424
358063
872068
878546
627504
112639
49570
524874
42864
787282
481865
113930
399503
171378
758127
673352
960239
217427
317059
158925
184674
111116
502882
535356
566696
673011
931043
819650
530391
187155
58189
612956
319124
933965
762344
701568
313277
916872
99185
235625
594985
69462
27495
420866
598151
528229
42562
984174
107811
584158
84483
370738
420231
154653
842534
975616
543294
374734
268213
154721
489203
596832
134902
328573
246969
753641
563397
691466
137828
592214
455420
87503
487124
309069
51342
884436
606417
294113
592371
156328
459794
230385
721149
446862
914264
532190
317642
940934
51127
576870
83090
257331
624309
327394
684448
273838
33675
799448
762910
207142
305289
616254
161865
788145
959125
435276
491203
122996
255635
253244
612743
743019
696225
226913
43127
84950
968761
355553
584849
236609
977338
244881
209152
199854
204992
577195
182607
323680
962863
326126
621944
431558
195215
623891
911835
952707
272401
778663
713290
816534
905008
749002
781249
408683
314867
909890
978611
314109
521807
548092
91007
372134
913129
237345
615169
843652
338104
632465
611205
561482
928265
772991
205079
615840
684444
42409
282870
213304
704556
136242
965798
933295
183116
612317
992037
22043
858093
381352
553781
282807
99196
221699
530584
147752
465320
688235
868698
956331
429697
691688
257416
999838
715068
931999
757438
457448
33107
100309
16030
910917
358601
975297
549405
947633
990667
222859
63927
279984
200498
874919
965635
731640
717477
527433
898657
916412
64092
307716
834575
772887
98943
275459
282459
317521
918573
917282
876083
779408
854616
533482
212632
268189
241165
197735
799345
921746
342801
281320
801404
120414
344743
473747
967263
761973
192815
8994
266845
557270
747112
401790
925092
160826
384278
702006
644930
739990
601727
677980
479224
827277
682511
214204
124839
144694
737051
788538
137255
964165
890882
328967
52215
411224
467440
726336
627534
518368
81148
135459
24016
59178
694577
581550
905308
196489
532650
278998
375298
34210
910103
410656
471698
769044
555868
477472
314639
338498
738328
795788
483651
3070
316546
625468
183276
781075
833008
934721
566740
166895
246194
598495
905342
783019
420507
420200
799100
279929
401119
528310
74206
97961
876696
482308
273669
427224
816035
370154
988437
306677
620711
743859
707465
583537
823478
126812
4128
758979
794059
471340
533941
74645
738611
690730
518828
399438
649545
701568
899400
242748
23322
545322
245594
81694
798631
736603
594644
148492
725704
564780
634620
661060
619757
443585
534332
430546
50496
756091
75990
55707
561638
251923
427572
964998
819365
964953
562077
440006
751903
67338
460932
543560
337341
5639
17147
752054
770983
408824
972613
938214
979183
679804
771336
919395
825421
686539
459233
872406
180485
356139
82834
637648
774565
204363
723158
790454
712490
941760
150997
621897
576387
353881
719155
809232
947629
724577
532035
773477
276157
744176
623898
150746
551356
362606
742526
515398
60076
885350
954364
775215
307113
98562
391832
458837
224171
893609
795231
32153
18408
647090
740633
171528
194390
778755
853339
78217
211854
413130
793400
264158
315916
421015
574488
124506
725267
648149
846176
195040
603821
500004
426641
755987
62800
763924
421101
985439
378141
691583
97299
618851
856642
649155
739692
438074
525630
267738
243134
840613
812740
503064
245534
270102
409657
546625
3970
176603
138264
727557
608948
573606
639733
24666
855971
775989
569887
641843
33300
411106
27038
37730
817782
919753
185435
990663
168146
153105
489311
762356
538465
296665
974964
37663
611575
95297
841000
490626
936350
607634
6767
345171
40190
144395
481000
146011
117751
659913
554936
916726
671121
115730
311699
826342
943051
807742
399833
71379
426768
783874
389852
569827
604679
895642
395968
795122
213193
902802
319676
356334
274286
164146
304189
187282
770688
866436
132457
592893
633297
478915
851648
411758
296617
782370
324255
786399
600215
763766
524895
876923
855016
630848
475226
144444
281014
125851
821837
444901
383256
237374
22553
642585
853175
380463
117476
448407
817984
720197
215772
543059
57333
794072
485148
982065
261726
339335
639079
504544
519582
84325
654672
837777
655584
502528
664444
74899
79728
101392
624512
773197
909542
368057
984548
674327
649341
410877
956809
160309
818177
940417
451046
786608
907879
312762
275694
815187
178871
560436
835598
571391
678756
130111
149842
772908
672700
167222
382247
339516
535034
269229
220283
719357
538745
3254
770561
223676
426307
806608
858384
574656
204424
151533
312747
413802
200490
438175
442012
700839
173685
359582
951033
756495
1004
194104
401224
176157
667902
349398
177407
381899
590808
560166
391524
736138
609620
793066
111763
317979
855311
201373
727774
465037
917335
49405
562190
743251
443139
584570
174984
404225
556062
5177
88523
241251
882427
312709
933718
554554
737004
921235
899174
421780
703501
627440
547805
575367
131963
785865
888318
754698
400931
458070
672597
613423
160181
247269
921652
388929
766262
581887
341783
361462
4149
185464
758953
945873
158933
859864
657888
527639
871689
834977
140995
455467
853023
12861
243084
397448
994739
639430
298472
868699
386628
305841
994010
314107
38819
537176
788544
371334
798983
715298
480494
27609
133950
255313
410871
110507
126
437031
298442
978694
662298
636022
242360
785828
850576
335171
730387
789922
299902
720918
701106
457315
407157
307425
102098
349508
828198
635786
476759
80055
811321
403159
154096
128574
125
784885
341272
643398
595834
95205
519416
548766
14433
102340
590633
431186
70821
504053
870680
109864
80099
543149
513859
957814
84412
415002
286303
663326
639939
738097
465372
600616
955410
993555
915072
336698
982391
675291
114608
337654
416716
401862
324366
666224
202980
660864
964667
259979
350177
440007
301245
637231
756515
606078
621180
815336
941211
307280
664487
440158
134717
228479
821684
507181
870804
199240
178436
660897
799343
223285
428068
502223
718457
807231
55152
402770
776423
897501
178386
422561
472970
787181
670824
797322
13316
992830
615940
5133
716631
347768
634188
366103
250201
265064
468098
503194
839748
651180
738078
580613
195305
138488
615896
265253
70981
790082
731138
315928
314924
746000
249809
508777
241954
132060
650620
481613
379529
887264
387452
392441
315636
840644
535220
328542
326617
168610
688747
397058
339237
90482
126132
312572
754602
607767
338351
938828
196660
433669
372520
117973
685881
770445
902748
617143
136686
215110
913948
954061
260214
395162
575755
697600
232949
293354
167298
296902
862339
521183
94418
187387
626685
227982
713769
984858
101429
697671
556877
925272
768137
617659
311238
11229
473361
741063
528537
404512
72626
230049
375406
470237
27920
770589
372307
651638
996768
107613
166169
577188
216155
134739
49244
770712
238734
660468
40545
427442
998222
934844
341079
266588
645961
803735
904256
588165
3128
303667
611241
825334
780785
468896
496789
867474
243289
945888
670584
469678
635767
760785
169375
796554
259683
245876
366381
758764
7325
3609
15999
255576
378682
610025
118513
768174
912312
404496
685370
561376
25203
713477
482098
171533
673649
152759
819829
449599
386904
950485
661215
965758
264063
284858
807798
876111
74593
515060
269224
81740
923502
499759
186281
216801
893755
809091
534270
634848
409946
517079
82904
91074
926597
956912
21080
351035
913396
124762
983921
293625
171214
84273
580780
821944
525948
948364
35908
504836
665368
833799
687025
504909
747396
555052
3842
183648
294168
716734
753379
844680
109939
665249
896063
713536
765106
806953
883902
499603
97215
146941
101487
851026
912769
77927
68674
178738
773041
588732
287788
699839
135116
903587
299693
578369
622564
38787
194862
475370
874962
32717
595011
871608
468294
30115
435281
161389
153407
684707
930889
765929
850582
124693
36562
3681
451828
7789
193989
412478
584867
114876
488210
514900
327874
590074
884288
951101
214483
479400
417169
923474
658478
242533
920195
793029
95000
336463
421235
137694
513263
650772
861149
462736
717500
967892
491966
381687
615915
615924
443290
5105
472790
307394
791385
606422
97469
598080
25165
85461
304338
317071
212111
586412
737457
549690
753223
164419
895597
776795
998793
851046
794502
490222
466844
972894
24118
216048
195927
168554
328874
868403
25573
764447
992782
658177
789223
529433
879361
340074
60408
917725
227112
209517
795980
338893
356574
982527
42097
278918
590601
460154
91384
347866
949640
58213
60077
858021
908488
463644
635649
619214
133046
82268
490953
685916
459791
573037
414559
21810
503507
805356
261094
755561
510232
106996
851052
528584
637754
326185
316200
710306
642032
545824
706786
795021
324218
235566
650674
820218
356406
549516
86560
647158
455058
127204
313707
33916
652700
130107
281189
789620
728438
910138
959419
317772
742053
380506
966867
572850
978504
745451
884878
724587
557797
803714
812269
592339
417247
530493
133071
898993
887044
415604
155800
26294
252035
712254
272686
162770
604538
103133
718877
927860
16366
913735
327898
945564
59156
490258
983013
106526
159436
552891
965959
589429
152237
859602
997627
180737
622779
937478
805865
906846
310069
344201
490573
178275
336011
394399
599863
459252
834221
638665
277867
358660
643967
446472
525672
407019
26985
518032
302278
553376
673866
347723
871544
39635
700876
383430
223921
902250
596306
795132
31268
747221
132558
831869
680611
221712
274992
443259
253289
90037
179897
230833
477427
806779
956078
440176
692104
324047
524839
592648
465050
215885
603079
718223
509253
222235
436870
27857
941876
170146
249449
966612
900195
873002
939283
358214
711038
861585
194229
107525
147497
419816
106530
186507
860377
374315
406013
219445
45855
872410
573267
630254
334341
370488
426245
314876
653329
510175
523422
760807
681511
723646
951235
568065
364298
78321
488200
693207
674755
253115
350367
221170
155482
136227
164139
969802
971521
103656
836915
495496
994769
6113
649458
439
254635
848438
696139
68806
367680
984949
916953
333820
658605
127314
710500
470585
210110
45374
779313
230180
453460
91362
56753
596918
682593
78136
789465
684130
543951
656006
98769
618912
932992
856760
977734
605269
305009
556698
747610
133793
715128
853231
608123
373316
656172
838704
146641
284781
983779
740900
871441
857377
207254
191640
447023
341253
717665
287100
741936
721032
576551
945434
710237
87791
819987
820788
726291
786046
362553
582584
755512
38976
134938
794082
269960
895092
635334
167854
925133
282388
372380
404153
574253
724354
414637
844724
426333
22098
684991
278531
628340
611950
299245
52024
536026
798442
93932
239910
211743
577573
38056
173029
243624
663256
655628
880418
349251
572542
490401
608800
399644
669664
954062
64399
19017
612348
557566
81095
42624
45457
740831
954273
800168
79498
767814
312562
443660
264068
916079
285797
624364
19070
160354
362996
106542
805916
292402
659971
532338
428120
984288
710105
882435
765126
372060
35451
457448
781250
938667
324455
143643
662712
288996
865706
954129
808015
26324
886559
394040
379763
69633
405252
146687
67325
747404
864058
919054
95297
83631
712409
556055
147701
