79831
618245
775147
938068
804016
18319
792502
897366
962465
252809
551084
362894
562443
484819
882961
57770
96783
229760
846713
634908
566873
758943
360199
193779
13813
335718
268497
901014
466811
656058
570655
234397
584358
310942
269650
290188
714371
481525
112034
754477
836741
555189
738944
617993
804533
727338
543322
835522
81478
911076
195901
745040
908999
114303
798484
93846
331953
617037
709838
426784
1504
96802
990366
759164
330719
49211
600476
543538
697436
162315
298953
880417
344314
285732
722415
596407
954693
760830
283047
41612
545281
734888
930612
462300
511003
163080
157453
278623
616321
110096
831865
624327
911181
10816
789778
936597
503324
112721
466603
792537
152766
838597
817166
728324
49030
277705
378654
410283
174464
213635
585691
293147
173762
927294
709316
361491
928411
512751
835351
525090
30825
684324
404916
627230
746951
69384
701088
386878
454882
637397
150756
497045
670957
117142
485717
788011
367211
946712
827823
808186
848873
362989
470811
99586
896334
307228
844240
246025
427402
521384
771541
436211
928300
441659
444005
22329
778832
443183
789227
598409
636469
90682
898156
504378
995437
729459
31172
666155
929261
750213
913096
132407
543300
572847
862091
733014
971177
596405
731580
784531
107565
779751
351980
161957
127375
873931
503598
157421
135086
158697
230743
658379
848153
626164
702821
896029
774338
148496
716220
788950
945618
703684
294731
88950
407894
327934
852686
996267
320662
512253
782188
777668
489414
556255
549248
842638
417430
849671
104565
452685
972580
987178
435658
366553
283985
26679
948917
499026
935473
366112
8356
730689
966044
146186
932766
810380
451234
154893
60552
859670
368539
705768
659972
91313
439323
116932
169780
967296
942277
303011
159004
843182
772855
542565
71717
441413
374819
912311
714366
836460
465853
703960
743005
746560
257744
366345
667428
51469
876012
656017
815582
864809
160314
482346
733352
416173
428400
590028
401068
872657
942751
719315
690761
453987
603817
428303
431631
462372
458193
53224
191142
324415
814315
588908
490254
931366
446002
739383
769920
710411
153144
782910
502132
913273
148920
400248
219964
915788
226887
509417
269838
575379
828969
871948
651935
177472
88896
429596
88234
35146
82528
496447
571599
260896
600573
427279
187097
484361
773638
175495
558232
515548
772363
353543
733357
887833
903832
70276
929956
380835
965222
98831
80059
326619
611495
774016
740737
130394
727360
885375
605210
660490
785555
764782
600543
610210
78201
25398
653154
698108
753807
366701
466959
37652
214888
325601
648237
76831
361568
931204
931460
304518
950736
6004
794649
565309
80413
364901
158741
464068
536555
720173
757764
342458
474351
836971
658745
677465
289571
912725
855566
20754
376210
90333
698504
384070
504467
215104
491354
463710
836114
677355
651136
333447
596297
555594
200780
913869
506831
124334
140542
472595
463559
779609
554123
801901
246905
265385
479488
447706
556477
989279
410176
744225
641235
180172
262889
603974
111312
304023
478869
303401
505331
694637
413245
155964
490134
739461
666039
703455
994176
741391
422816
250394
86039
218232
217940
43958
298931
42268
363866
364216
113677
363081
995421
511099
712918
652332
246101
971689
336292
58587
267397
596566
788103
599678
446493
380409
930426
758427
161855
90695
835573
580220
165662
451566
795103
60158
291651
47147
304929
570809
996394
804168
627158
962823
486153
702133
850782
884339
303536
301250
597074
754816
290827
367031
132050
820115
878469
785425
346361
399485
361415
24089
70066
11369
133470
213025
38436
648543
864251
126558
466249
482866
922899
895325
273564
118540
385703
740580
574961
981652
996446
688102
227230
831097
249102
771681
659287
761630
132441
945752
602200
866402
4852
416360
495867
409035
909827
114058
561769
980430
985440
98532
869869
398013
399803
160908
286116
172237
43291
309850
28433
295491
804419
445544
46477
513403
850479
13545
288155
983445
279037
458979
606042
27516
757161
231882
431507
366740
855601
848698
357810
381376
73367
119441
95954
209101
618245
956455
545329
638270
267786
906220
474435
964596
464515
141276
574690
553082
254805
152737
745698
640427
855702
933317
383363
18816
529611
100177
901312
840570
617420
450887
515396
65448
959684
711481
201532
760086
201493
636741
570823
360978
14232
853934
154506
288156
84546
606679
500705
851753
319330
720606
376240
155668
124678
445522
389847
813282
646717
40723
85124
249200
313912
617989
259746
871483
575370
978928
305775
854156
462735
678199
656043
254782
695656
204403
249004
926445
870436
980780
762190
166077
578234
682676
585992
806852
315123
956063
903451
178197
444004
550306
225059
730410
337753
201543
442000
629997
724814
658570
649518
497507
714134
916948
855008
106934
920479
516049
681899
96157
922061
177904
847598
601514
279426
623030
371184
673903
721983
678079
41298
566030
842148
383443
698403
707228
384531
312737
703506
640945
951603
648027
321790
728143
74640
291373
46570
831917
338848
485531
929932
77087
414241
840950
709188
284067
933021
506426
96682
689738
468879
723719
404864
360576
253792
728058
612934
643259
482954
497000
89389
69564
557982
531766
264355
713029
459872
118552
14221
821208
529040
623140
774163
549991
395268
881874
94356
886429
368048
14675
390843
830279
382472
965898
349993
671137
983100
976107
117458
205753
251874
39663
304164
812802
166962
519601
623137
12024
70762
555112
956238
842794
927378
616066
121283
958377
68698
409689
160995
201291
104607
395348
610982
244060
661644
948509
336146
318435
539741
471226
653001
905292
773119
922506
998395
505847
954452
382879
795899
528412
966162
428402
11375
905240
830923
768519
636514
570649
496455
180254
740084
85411
495885
499219
654001
619196
821697
593811
514942
983034
314791
269563
886511
823079
625734
329614
82934
31950
424039
352211
826807
175269
297724
252105
378423
253270
345566
227848
511666
147948
79535
564406
915019
483542
505759
846370
723166
489947
40905
56384
267122
61851
720125
41154
232394
814846
503321
353167
688666
368571
400848
882082
46295
195719
948877
259330
771431
844248
537712
705753
495736
697876
649334
972468
437484
339483
838008
299286
374642
100782
625482
210745
560560
7290
787844
755554
958428
220613
541853
764895
572074
675188
920882
24160
508768
264438
450535
907568
17861
341713
433252
952782
126071
415687
16449
313452
917916
652388
668412
764611
650993
471655
811495
834577
256702
185163
69663
704241
846826
18352
746934
340309
199019
848235
535666
118433
675605
661287
784559
630055
541460
236982
285535
793339
738421
809464
97394
296179
460062
191270
728465
83645
912670
406332
488963
72797
139935
437249
94451
176449
505080
614324
33417
477506
307039
415828
897908
576697
895996
226188
980297
895484
439000
873338
174277
430324
30388
751131
15150
543068
266358
34644
57368
853400
305535
571103
524548
884656
26200
711696
642083
569895
715594
11907
946232
688892
564108
703397
729755
983868
747543
935195
533465
546818
474454
147346
324409
695821
567289
424036
712218
251516
687401
382820
942136
83560
893654
261830
842893
320734
594539
594286
510036
605880
435107
551699
26280
452886
254965
855440
686539
807998
429419
839559
69059
30222
699729
112754
821279
218586
808712
680008
53848
798758
46010
319239
754898
38721
879080
626916
622914
979196
101662
162253
612649
397510
800200
644567
275774
3941
96607
389833
472297
362707
760572
397060
88236
739571
312973
777869
529436
472174
463013
194873
90957
410671
297837
720564
298445
145463
650424
415085
834502
481245
48373
353442
154887
851238
847997
526915
268636
802684
48652
281222
14297
541839
132365
813511
697590
414597
372366
772825
891412
125407
42387
582509
35230
257705
41414
984989
565323
568349
722188
22486
824767
838422
179954
625312
975249
692588
177542
459852
458471
624240
638403
707769
693118
159365
517220
358274
971462
621913
165721
177607
864682
18751
66007
856407
655533
98411
44618
229431
168688
138185
117350
286609
761040
839098
274907
227388
610348
857899
359079
48676
549828
777620
58757
941462
795261
479755
529795
526443
878401
191554
370161
801742
934851
279523
594549
784363
706656
768326
284092
148341
474145
694477
124363
128596
58013
712349
529267
600042
44987
190137
800355
940865
1621
394236
35543
189203
923193
680627
413359
207732
775241
867221
449370
624736
70786
30304
380081
74333
942873
445392
206752
79756
468737
682046
981055
105874
792458
327380
983999
1181
471331
304489
328127
611669
306432
847485
984062
224609
176983
211538
242219
283795
47108
264869
742809
557361
305036
817928
249230
67873
33022
48157
151419
831088
429045
96433
449285
100607
36667
833842
195137
259274
478856
307086
677631
109974
689384
823210
131261
905207
326074
85052
951229
199547
667860
692166
439665
527223
387012
119344
330642
133932
994993
959552
541583
646741
744673
330616
800163
983887
114068
641484
430655
172517
638925
265278
860775
859063
164656
939480
698201
545735
589127
776517
64999
381153
488222
694541
663014
303396
283471
633452
254079
86576
858776
465229
591138
878
573544
723368
690011
513846
904377
357045
44669
616097
3798
883851
311482
933997
44286
82650
629909
144134
149281
408961
319598
275191
58823
11149
406012
161709
46096
969935
357338
466595
940118
903001
493816
113775
521774
107029
446898
627753
940110
773057
443773
779251
582024
96331
844349
844842
739188
227332
967285
365544
564909
513988
918550
587314
501042
708379
578296
740037
944620
287599
799398
585400
571662
75895
413011
580750
351576
507859
829675
451674
134391
552261
230725
561359
662855
764112
619380
280164
594232
972651
184637
509792
497550
692258
263074
207495
396418
657866
2525
283297
738118
813343
197737
145379
993766
958076
988025
306429
131978
362165
517708
220479
849176
512980
358488
130536
51638
290671
207459
3533
917421
693218
620209
269603
433449
300911
669464
916521
985501
871918
939375
660212
87939
663474
204581
524440
990209
533563
836910
715120
384871
434065
203927
948107
398549
355395
43387
673971
350458
376316
243662
63131
108535
693822
519510
825124
526049
942462
273274
615564
607269
634396
79027
573556
330823
258238
90975
153356
912515
960520
830452
70301
739284
601849
934929
459122
121362
178085
237680
794404
986230
655307
664952
154369
981881
626002
40815
761880
530203
176869
273485
435108
29760
325480
28395
705683
942709
424213
688027
622705
252944
450104
9937
70198
417460
542211
21694
235944
241779
500879
632317
32942
767695
538928
601126
393715
123097
424691
906177
939507
439099
387894
781717
850598
570321
140004
846622
24837
9905
57228
950428
653693
253259
856414
210632
748719
7148
603201
648290
561954
815517
790547
29797
136134
386088
391870
752028
180134
538170
924979
47310
118505
598436
356295
822101
226500
107068
179558
10893
444992
227424
538552
360807
674659
480410
46414
845405
907198
385823
222217
534848
996626
111154
231176
18285
867616
699430
332811
934366
467724
336512
482601
380636
956013
6970
150826
92818
268980
847268
143810
430526
195510
421030
678891
825536
450775
987040
530013
426773
982293
833010
434605
494749
662894
815511
644543
597592
113071
124012
48169
761967
224091
510031
372646
609903
857716
676066
562548
558160
456040
921519
42763
440436
158811
661862
481082
123947
901197
406209
222943
216371
993768
72520
443650
817149
350185
870320
106126
622762
529768
260447
615598
750357
554629
975179
642945
543497
715121
724672
373305
285907
408982
898368
540949
293811
754340
421124
299768
685484
518458
81889
633318
580155
281261
273862
379292
125476
978743
616610
743817
134119
456703
561506
340652
169234
274176
711000
196619
570160
433561
853431
265613
598879
143217
961211
708085
666879
274181
251941
434235
502022
975312
780836
50185
569137
484438
48976
889295
610325
297868
54031
650499
570324
918375
881690
603192
450091
595519
447578
911066
67623
312864
135980
534020
955447
456622
103748
48830
81117
993906
511277
634582
786367
784773
309422
188441
107738
148631
989897
180782
672918
494493
244381
561104
867892
307413
970475
815079
694563
36343
130357
18817
35058
865913
320194
856113
660577
419263
471359
291844
984720
957086
576319
361181
314969
631244
777251
482924
924025
155621
521877
312463
975657
35676
608046
225285
378315
226236
814584
740427
123456
835482
869453
779541
109398
359066
250398
414058
338527
196890
688336
556060
686108
698558
846208
186403
614936
336601
151271
577238
669330
394356
493657
740997
870547
421439
750184
766581
253405
72978
505701
992569
437188
711518
279302
740969
321814
274100
381283
108482
105269
524849
331035
276250
848582
674054
845779
851518
671746
431968
652894
141609
165290
995192
985081
961443
300119
138808
983597
515189
582831
590216
408151
442628
437044
843253
558020
643794
721718
655550
510902
606540
764201
254138
968644
374992
935121
399657
376285
884096
513945
946197
798444
401852
454724
292
819160
107519
978107
591613
741091
212760
999876
321493
401074
223042
394323
676181
153323
784674
708219
216042
376442
998686
890877
842216
251759
906517
247041
108316
833537
968702
933027
636524
831670
833824
816420
113901
840538
776747
657089
617026
455596
174450
137505
63339
806105
740806
556391
820017
233568
284848
425319
327020
665300
707850
104566
752432
568576
750714
396443
403602
245988
459852
949473
83098
799582
765227
812686
208903
447460
848124
126830
625017
329774
372056
421832
996159
585777
605796
138994
1149
451013
620622
53889
414650
823527
556389
326936
249156
879707
426197
208993
979584
290922
902974
963034
225682
922249
495729
104583
625829
308378
942918
201478
775511
122443
474397
297663
72260
514845
281391
455481
844526
804543
608528
363594
142982
279576
150851
965927
814105
924388
855417
773081
854298
481526
893864
747281
182472
351195
389829
848978
580988
332063
394334
84620
647633
824489
710677
758729
919216
720449
584764
146752
873974
180146
750474
743367
453253
530827
359096
832038
245796
285183
765179
886599
152979
652204
978846
383113
511088
960121
520763
445043
883391
338712
893013
206853
626522
933355
789205
309995
614836
293315
778656
482699
407371
892739
353681
230205
455850
449187
588888
332634
961944
209616
104622
2925
19361
745585
148148
749127
849790
655045
639976
764463
891619
533608
641410
310390
200485
904436
220849
267367
330311
555204
127277
797085
924960
134676
625081
696368
694762
162052
158839
431367
566761
323004
516839
770769
298741
28585
631614
983631
935462
716772
410207
280136
550556
681780
634936
136992
975721
880938
468924
973123
943067
44587
141816
928508
496041
229387
573204
551266
264696
603283
52585
16433
941323
130917
860665
876982
94406
832183
673167
758244
452765
48315
833332
678597
896990
954399
1035
362954
117719
84272
118282
283331
99557
674905
577493
860202
293274
308042
786424
503641
202570
25076
634497
255964
696946
831088
335160
646753
644870
851071
607613
235724
358166
199916
392764
338215
546972
606990
432334
555639
993892
384810
517999
101801
51544
963893
218328
365931
871015
954870
567737
387480
346130
343370
428501
591179
766099
562114
39801
397717
263786
65126
465242
355721
2437
4701
554122
774772
37578
296676
743127
860714
791941
147644
181632
87931
556777
115361
511573
789317
760197
79284
978602
80931
466948
829690
694903
233027
643744
765373
719119
969686
927717
57232
264315
575840
178974
671792
333299
632687
895710
747590
938168
874472
724972
127882
275537
894716
585868
73921
793632
927354
278182
854758
657567
423551
707030
152871
37629
100360
347983
630918
492111
622760
213996
567392
929460
202260
519637
522763
771850
865628
397770
989912
888455
599669
794127
837175
28277
195121
479092
883130
980108
949263
106112
368178
129709
226543
35066
799926
71097
908766
645587
623874
151628
78351
468211
377787
963354
44843
849118
472976
545188
593599
507331
12477
617430
553748
236065
730857
384704
107804
556566
180080
396399
968584
597574
368635
858151
379447
842788
846794
823168
184584
316960
578451
964890
863184
903533
466820
64447
112743
272366
934245
830931
247517
667196
439961
710522
156810
815382
546179
875462
476611
80230
313542
490651
166953
403820
628580
237346
435355
11913
624584
844902
429579
784106
356127
109390
345262
249807
945056
79735
314381
285943
717101
957230
743097
671338
689041
138887
75740
932707
879401
116701
614826
571095
729376
654566
538421
797606
535251
910193
841632
899165
604883
56383
112683
810726
104136
642620
138222
948941
874610
34392
518049
204207
517899
794886
523992
874881
149129
886353
397132
94074
332223
8854
223315
288990
365027
24674
701810
215464
196330
477864
681865
432148
376784
783007
459564
434502
561780
460022
99538
351002
223263
783861
165927
27657
372837
765938
52476
65716
645860
990572
370846
65169
158698
631047
420612
256879
925747
358756
300898
243879
775887
631580
481562
352225
195810
462426
552914
135040
483397
368530
213472
71083
800139
775522
346850
44345
565982
275907
751147
576056
739847
805611
302488
583066
219852
736451
463232
29437
137203
343680
538057
78614
508069
448161
557784
502841
173614
607363
550688
103175
592801
213732
67868
699700
358808
145394
258967
487923
733145
246159
941224
121025
661013
195108
114620
622027
20554
590431
447116
653373
330760
527434
746669
9705
130384
303753
530629
297551
137687
20848
927643
294991
621675
24511
313800
706664
485741
211835
745610
477804
739900
488169
519288
877186
914674
430506
605967
151383
570440
213422
797418
724835
5141
166230
613328
961364
772723
984042
247848
717145
386562
587443
769415
619916
493894
694967
71914
763900
917804
271567
253759
885142
788138
177894
826845
706352
333892
150672
313941
160051
359786
646468
255776
573154
786175
244856
406135
410379
233268
732760
838594
388360
311251
898658
508136
331762
979352
330977
870661
261732
481593
21635
185850
964583
362183
270169
258334
299199
607340
379435
526097
493265
610388
72438
41457
770607
879273
281284
401830
490242
964854
627494
925593
871571
493933
36111
292354
201014
460996
519568
629341
629651
978169
120171
386750
108050
854391
947799
931132
751586
769809
571792
443977
504999
125035
312727
640802
121342
272824
435341
286305
441069
775261
344744
123056
899244
345844
574415
347544
177482
818541
681176
9527
432318
722320
824028
925968
684427
63006
494323
643068
126094
200917
430609
77631
38951
993745
957628
705142
394562
48783
917993
303020
696193
590797
284978
987339
405128
549454
225463
323759
481380
909049
24590
458454
335449
59937
896040
433268
550342
755040
201473
990051
642487
102812
104835
710776
741575
284139
159608
60657
282160
993235
24810
793034
765489
352042
570586
638894
406106
392668
382297
215627
733815
967947
68421
522686
232471
441809
40099
893038
614136
297632
765718
156725
526352
2443
543738
547576
187322
686686
27552
408471
806268
699687
149926
32000
467953
587352
854769
738846
223831
874628
75466
883951
803127
254087
536338
853748
273773
24579
89507
410305
652691
190916
203141
383604
650190
569285
494282
962754
721460
111372
945543
489517
245593
37744
907823
491474
281141
85819
101453
816734
624435
317994
959773
855329
403224
197009
629512
131195
540366
409883
788539
402802
697805
734768
606243
172646
512549
170223
491015
580507
893098
206554
198273
619510
799100
49105
72090
299075
523505
280695
143425
822067
716258
654705
778920
17699
375055
206477
960252
416023
750959
747135
163775
830085
995545
629766
680707
587534
617160
190829
5444
760520
311438
378285
135459
106934
768472
274351
850939
221081
817114
183216
113378
125151
765655
767294
82558
528506
40206
820703
444609
683148
933572
621648
652162
266942
182315
581227
895161
874160
484460
446626
104279
912778
706710
248167
773696
393969
190498
88814
816166
327510
187042
994186
784003
643624
836230
954612
297330
389866
466571
262123
372523
137055
646913
241013
818841
661025
582967
517315
25370
45009
514053
73330
267155
899368
61493
480878
708396
891116
210254
691249
750639
146943
88319
396777
231929
967313
731685
551224
788698
79734
158969
815509
789775
706515
362521
857743
217241
771249
594801
163058
795065
496307
381446
827202
745931
166948
619679
213732
593980
789482
133136
912285
83818
438424
4132
879921
378006
608799
925606
56749
793096
621155
759948
384705
835456
904236
716801
104645
420692
323123
193613
326556
845803
360157
932900
962486
501716
868100
776520
823215
934148
83120
603227
28501
762154
100260
4293
808327
465905
285013
147710
967928
471698
772918
593784
100627
645970
316526
891116
501049
130911
492011
689152
992037
450627
20240
934674
551665
748867
360522
748196
613681
891350
281600
395108
330877
871045
695912
325910
621197
188124
742775
989728
186045
769098
174640
737010
558831
247258
908830
992592
355407
72462
907101
922749
576050
393237
395218
451205
702936
76714
596986
991655
621008
955401
521952
528222
378746
364621
887849
947019
32296
11947
197129
782209
963550
811845
64216
30252
526585
660716
543039
530270
904172
865973
114124
812472
121317
689078
222182
594033
482126
661918
474906
51142
723951
114926
567059
831166
844592
292376
233768
215129
587644
22002
731856
811093
622274
242711
15089
904028
344917
382875
310677
859277
716211
687336
944317
275045
71971
922873
271312
801546
19255
509491
76652
671348
706929
822555
785182
861240
626114
617272
858092
370610
191854
897350
894543
936015
196363
62100
180478
407477
800168
46075
463397
203983
497033
487419
956597
44344
470097
977139
11540
38531
901305
915261
189621
722789
343100
561060
721603
855680
32789
497986
322295
223116
344928
85051
253834
966628
748701
274384
655556
338475
657812
34656
871922
681881
609490
899649
785973
448421
733649
311735
174711
10193
782325
277135
945977
459213
945203
752283
880328
940041
756044
64522
17679
206490
478519
461091
504069
22408
390045
753950
183047
674802
247550
733087
820672
422814
347121
773520
983428
337825
437448
248858
287100
845031
181650
807679
676732
619936
740474
5399
614257
368263
332172
272420
240630
37648
486296
253204
244677
134126
775407
752660
623946
139390
63498
278668
494355
139859
185611
879610
729316
685023
93787
678254
132136
792186
564850
530080
336449
249746
844149
969577
610944
568944
519673
766692
273968
270307
321061
869282
208845
214347
270454
208772
255314
452163
30109
429817
349296
893676
41603
691477
652698
367827
936108
284234
82365
773182
678201
11909
109582
494552
540679
525991
454139
288694
587574
726238
667139
34437
851396
634848
68833
400402
627863
697284
251428
814070
299545
357181
529562
628636
156797
953523
589610
362289
800417
807359
42497
13542
551436
676611
201893
49189
712598
806245
944421
894542
518183
848806
875313
23404
170583
305314
370438
315449
46261
567270
508353
528650
133027
132073
684181
549592
473055
711273
185624
897581
813532
213476
581816
143272
237646
689263
264458
64620
962629
877173
430211
806123
637169
603856
842623
732234
746820
36349
462335
924018
444789
367807
299056
921203
346336
203155
509030
303124
534666
193035
84520
438587
924355
446474
226724
762741
417700
871003
937347
289059
465208
604910
250711
668674
641719
887599
362545
558037
509357
161732
972816
116337
152954
460900
75700
297381
322930
406927
460880
352260
496101
88557
575709
499664
78456
55687
524427
895684
963826
802204
640338
54013
994899
636257
934503
655815
121438
266073
702539
988032
292280
331212
444925
789035
77737
243111
651536
715732
172991
64560
810583
737435
656913
777187
180604
449630
202977
505134
684976
71111
47579
856198
385212
559663
167866
173796
313847
415021
379210
169440
234768
682432
730568
70312
904523
556500
508005
783133
628105
446836
878313
128906
901119
547277
487669
887617
665033
82523
547425
161172
27159
226931
756035
3501
933189
37867
376593
770187
9097
110185
777502
707033
232966
710343
899328
151085
586749
540384
494291
904538
103907
566522
66774
836082
613965
259280
248434
323483
637767
179578
89499
125516
420997
758843
56144
579301
810417
116391
454012
465257
796131
884847
966399
819161
708079
680522
52486
319405
144471
789762
414934
749873
210145
235673
838057
21691
203844
273942
196399
71493
960636
836975
427637
328427
697597
841876
430819
657922
864836
158870
481823
974994
827528
579122
538960
278578
861007
927038
6525
480383
564190
812143
19475
273592
764425
793988
153541
843513
727336
802451
189838
57170
777450
301166
738578
656580
441155
897202
765090
939607
99329
289644
877278
190619
671357
514471
535605
799801
90476
138838
623689
625844
884053
120666
207469
765378
496797
376817
924624
685185
388926
529597
561075
266776
354518
53612
156246
86379
199259
946056
518449
989562
431789
296221
591454
631447
399940
179330
539348
547138
650696
625990
103757
670882
266496
22969
349961
236898
713890
894996
919916
982694
415497
48453
771331
818729
605380
403099
830116
368309
271562
945419
49139
113213
444044
347421
585985
855002
816355
655542
456526
815968
831465
931714
80943
261405
905699
811773
248267
806254
986331
537759
567103
813629
946381
553954
850914
497434
263607
843825
241378
553205
171475
141615
642893
329014
926881
523744
3052
304569
730909
239992
986506
178153
337105
597438
307346
745464
609795
811613
151766
109368
535886
122311
540972
729369
419150
955398
752115
7679
903349
888353
296691
233087
829755
856615
471586
461111
897586
130715
417603
48583
604279
192572
711465
571760
89732
789999
10714
180999
414115
278219
929358
29205
384253
31873
631639
997198
389201
51622
742170
338604
58880
699039
294203
944040
954756
743208
543767
133333
962625
438913
528107
441113
364532
613941
907858
534792
813128
565512
740651
121823
287431
506876
848985
550041
783341
418624
111523
52657
492249
739574
388796
848245
126493
677983
889182
447172
101876
54630
3343
210084
701907
108869
282374
255938
434200
580440
43367
383239
73631
577148
699817
825555
287476
604131
412696
896856
505314
27832
120886
780054
193450
769193
134845
359534
979855
888150
160832
687974
350606
866708
165423
327864
783724
493597
925561
192663
251367
343384
799308
918655
454478
256065
203832
723447
456620
239541
865201
283430
283296
803229
264691
166735
777544
564404
236608
591339
204188
367606
646021
404834
272535
765415
802203
553573
650319
789501
581353
372778
517158
269163
40166
210885
834329
567050
371452
926624
552374
60774
790664
43671
595498
48163
646270
589298
576568
525003
520170
502848
789190
823989
794321
677580
539665
519634
35190
100735
483201
999511
140856
240466
2648
294658
595992
779501
282883
753676
328985
928801
132499
186858
768512
208127
279877
15167
112315
153427
987645
845601
370590
5696
179154
738438
200648
961657
660162
735691
640996
623450
673670
581088
299147
806177
49473
352404
573703
13899
413522
527353
710387
247311
860489
332084
699262
110897
845045
855075
418318
567557
179291
11691
571841
720257
945348
751645
997582
676797
66990
980740
479818
600969
605794
200781
866823
491179
80805
49427
546647
828595
65608
860359
606190
940477
198362
8057
222053
892675
579006
641733
154395
521116
587799
165596
961334
354389
299231
622894
574343
666859
137751
371569
141260
300002
911897
428369
163790
733124
355081
348532
625899
73529
796650
673704
291758
997888
836173
774636
187738
968776
968612
723544
9798
276461
134836
600489
738978
740818
97129
307693
586263
763223
632835
599559
876365
893047
105902
119328
688070
610817
279152
732203
991591
892145
253180
678034
149655
508907
57891
216194
838144
975059
884138
568848
928627
85515
235126
771462
787048
111434
881956
673806
643747
801109
228277
584570
746993
990941
591079
834990
997650
393526
833375
107307
404081
56495
867841
43960
429838
834898
745890
901359
524540
195193
525525
101665
473414
336459
976290
369255
579181
383058
318293
433990
906189
543226
205298
885118
512349
429545
660102
271151
801941
462325
137880
290537
978922
348230
337087
741774
563701
494282
321805
969958
968754
367694
650089
818687
661667
204992
637818
845631
67476
196478
148159
4552
708218
317978
849020
770182
249205
85101
287759
855192
651829
188692
712545
751000
7096
47436
621304
710601
250545
567654
5864
350620
841477
556070
660009
109215
461230
290366
898564
132227
126018
32354
507432
260488
254414
787016
69273
629063
127516
747518
432328
286235
937428
832295
714621
966253
202559
754771
496625
311387
967078
332090
783672
121925
203353
882389
291419
225523
758604
952218
317956
196582
136027
498642
861074
667386
764590
172632
665165
461108
599607
571376
129587
341934
66200
167105
386417
421020
282466
452273
825389
896762
863801
382811
756864
758932
746899
807599
777729
456177
567839
501351
54780
824349
963906
276642
815362
244498
138492
934623
779034
736194
581225
199319
611861
948420
850660
224822
193215
833816
7430
897464
214770
762841
535372
467677
782980
301246
999318
758920
679968
47884
97932
124026
761586
755036
80923
722213
901756
519044
718237
5104
510534
367781
111575
783302
768754
164049
494684
864731
876909
928151
652558
223421
8514
381420
726916
841746
15561
824695
711688
853044
995132
199480
158903
791014
429225
625686
272011
60209
303172
729925
922998
472799
850900
24017
5220
390803
436686
975369
436579
330051
428799
529738
971231
839444
183202
719783
848902
432785
537233
220082
888906
482759
611416
935274
811909
638527
276198
555521
224566
299480
650013
539016
14121
694465
581128
969657
15669
112657
808108
745249
274399
598019
879991
724648
360732
54033
897750
971710
460660
814251
23842
955428
842498
835860
8762
919700
521560
595546
457324
185678
320831
675696
660492
475521
830620
150121
555751
893202
892718
653971
956946
800267
515315
429038
396507
598179
200490
612936
176353
539622
111540
87350
632384
465409
851476
55473
659108
733100
356053
803146
13439
458036
892043
945547
301653
920612
40625
332972
532276
715791
984178
143023
65474
474045
309123
496984
2670
845360
941229
312332
113864
133585
52584
701381
691053
171452
74979
554672
868187
154213
885729
378340
156771
71141
610749
77950
474556
857829
395918
193821
320819
836261
862181
808759
316480
740778
685683
767638
831221
380418
203208
527091
214608
284981
822198
986925
678511
579978
327700
619686
735267
223922
998622
453563
601116
387797
214074
796637
23940
582008
502421
489361
446697
357960
846700
556160
290642
17286
162023
540027
583474
654350
207135
461328
835386
75141
349504
176385
619721
945886
721546
232807
70783
930186
898098
462563
391215
52474
626789
617852
853811
657618
659180
201306
714969
849835
37290
279390
807162
391749
886083
670492
516203
134984
795927
666870
663821
17013
702764
235478
91136
112302
202794
954951
301108
190558
664639
414513
776927
347782
186403
706735
981963
999141
631541
892111
706183
991171
889220
40101
73405
20955
666475
426956
671268
978787
592916
833082
817228
831673
551709
633023
838678
333803
890071
256858
560134
906851
836203
734648
939441
940654
849815
647050
438800
553703
427414
582466
206775
234244
650654
114345
826847
52348
440771
107680
664671
767060
914425
877297
623994
894213
144118
307217
874257
406732
275126
328180
669881
350094
167192
544077
925799
818533
600102
644065
817672
73035
720306
81735
152430
481442
893275
904638
335076
616477
826031
773866
38498
81039
269738
241197
796572
992718
29021
184670
603317
586755
806186
720745
144401
101265
307884
218691
853703
615264
154995
542664
153142
618501
144621
323826
858927
682192
485728
975352
773647
926001
427987
132289
917552
43271
131789
69571
868726
756615
359541
994045
208900
460677
334104
214989
377041
773282
793289
805486
357333
610643
973603
827666
869021
122761
172330
737752
798654
895298
562384
763946
592806
379692
232467
727990
516302
632497
262531
13255
187915
979875
393314
370815
837828
572806
908388
324339
654782
870516
788949
70819
270739
86961
564826
472085
537986
135436
443663
558220
311775
885550
418576
801066
680299
289346
918995
639839
81342
677377
759986
430797
426657
31832
56199
969210
559736
456505
886961
506417
388636
462267
309683
569589
101319
457327
159418
218531
358120
43648
744575
589155
183191
153030
433859
959306
578467
644391
125815
2512
684166
427498
856190
312425
296186
679194
670858
832578
193636
34771
977571
692057
654767
830252
64454
346361
159092
234624
487530
224913
310229
738203
307422
103472
219561
914942
536206
505184
882961
950352
637092
580380
769577
319585
658826
471918
713691
512027
395790
640106
940045
295175
592927
390337
566138
544505
290548
42946
541470
641434
50700
528819
999371
42064
340176
32264
757529
134604
981652
885438
793851
137711
586940
167831
397804
857
905403
977138
753607
330000
182071
375494
782518
882890
39369
595067
856771
95064
926432
736037
773834
158703
113797
686877
340687
551763
297080
839294
41196
437538
354746
512761
397411
60986
487524
492438
398866
318664
13941
495624
470724
518126
924201
806571
211107
484432
150084
299996
714764
723132
381486
181301
821947
813491
962488
422115
314981
953688
25020
717606
145253
623796
753635
704101
904078
68196
404801
460908
867807
181728
597146
133571
990996
964520
324872
354156
362393
162188
621044
429944
540505
487897
938754
173062
662069
209243
462409
479001
19537
73428
4159
438741
701960
969271
810420
134742
329663
997025
376565
940589
121239
420373
436625
418808
88636
451314
241272
804573
252507
348852
955006
635363
306480
16483
787263
957613
288317
909595
14685
715411
468566
916345
13349
524062
206489
221343
314384
961312
34620
19365
429093
851054
380287
452956
371516
162684
416448
71232
810717
444115
8493
988857
944710
731761
325908
973198
942091
729405
892182
532007
100568
656997
492666
22973
987922
519638
93405
350816
154140
878807
608455
781732
999606
274883
45658
918569
516351
465953
287844
182726
639579
455393
356179
692562
829551
388085
688392
597454
441161
50058
217668
227634
836893
902946
453311
299283
556970
789456
973271
481837
542524
526415
357477
812307
761098
492990
568300
730416
491455
636284
595755
227257
640726
833756
426514
455665
507806
427269
686161
608152
946141
513769
284811
838321
735121
26848
219881
547311
550994
634208
25931
127163
749715
565723
457818
772900
983815
842933
461241
30052
597024
217057
250522
830411
581426
434775
753005
234763
905974
571956
678386
242143
136427
270126
837872
988888
209559
649073
151038
634181
58220
608283
102974
535998
380741
402065
711786
108365
815439
665276
456070
13242
287173
509540
271029
52594
632595
705319
816552
695699
436380
24405
76913
332118
925463
793323
449334
242074
903636
233195
567552
747017
385885
645972
503219
379881
128503
349315
2200
893761
418056
523878
767894
271141
653074
591896
492928
472609
144861
931231
715975
46974
30131
204158
417232
394676
437445
508790
963041
286892
412523
472160
680436
835311
701001
804128
973742
67505
907661
503239
931817
529908
252756
448839
439534
872283
336876
380627
217534
551628
622196
684947
640655
529600
356448
705409
223828
561578
2585
149859
174901
255041
176641
234981
10526
139180
59732
461202
834867
848521
111210
156399
513569
381978
639257
133236
925008
607053
323895
156136
223093
633831
660733
338776
795907
312140
2887
961203
255105
972141
683831
520901
721911
358158
222458
430222
714306
356019
952738
420158
363399
128039
731571
209040
144004
521192
365049
890880
621442
842162
100182
326954
520487
358246
215962
163649
32360
336535
5451
676392
379163
721394
952964
892400
790506
365703
655929
652015
466595
507512
468056
180345
267117
988348
88011
899518
660246
474961
634970
280448
705671
570300
433646
331055
569433
707262
867824
140706
280896
856533
659728
836596
894565
556779
963554
998713
418770
756511
519586
259228
216775
216111
839128
498774
417513
404991
385879
818125
967578
694600
168415
425223
951972
167904
258914
455689
722766
851873
316068
325648
371473
926905
296379
584043
965605
679694
195318
406131
781492
325452
918618
466089
920112
525260
577671
120362
288256
317218
398522
207761
561237
351619
22508
966505
821787
700945
865623
892429
98508
764421
455256
795103
75742
716088
854000
636705
953501
459086
506020
163507
3667
914687
412485
153385
371555
318403
155210
313928
455669
229274
13721
358686
938955
498741
46564
261691
436466
520580
92336
30863
294485
595357
65585
792929
49900
187846
769170
90666
25617
988255
456656
823180
375091
469231
708230
691122
785699
896201
589571
126213
968460
764186
386455
897671
842304
10450
160621
666960
985517
374125
340242
52899
818158
203037
828628
942189
484990
24598
860101
282137
915335
233589
397023
130002
191512
511438
717441
128918
577334
734289
129112
892596
230409
650263
923481
367458
519607
306511
683498
646397
468814
904000
141536
733021
555227
643770
148195
42580
657432
632349
363950
4
156161
510149
537139
662426
964167
194513
784091
299755
371806
752079
423659
884073
654193
758213
939650
831425
334005
985822
517631
802197
776219
982128
482175
153617
437087
233126
943300
31660
768766
191055
549489
692605
401092
967425
164593
141687
772227
840363
308728
226051
732320
860215
244130
956217
991687
636376
564279
957882
294974
726901
867088
443884
715607
112177
777427
528147
467200
920343
409753
80585
554804
368351
548849
155866
216212
983711
331390
725758
401872
572817
158011
602611
84351
470013
172511
40055
402703
834947
384668
842143
934998
583
877761
947799
378311
536441
405567
423031
142528
913855
394120
722813
249407
111426
52051
732013
410485
505234
268476
291522
308147
918839
307081
451087
873345
379669
742408
282103
520334
957243
823315
759173
175105
565704
196278
622889
354861
959610
639655
669136
684836
136276
514291
699103
834018
422379
449530
277067
937898
392014
688017
446999
167215
86864
816325
433067
984936
426228
811583
640782
483654
950899
252291
686720
84610
907820
32850
530295
320847
591657
490288
573876
601647
799689
859712
319104
92770
55120
706635
835144
303097
544967
911455
917330
316808
49617
171796
269275
751289
194188
705194
353999
901629
609760
292238
726308
917150
846439
142843
645716
603889
480569
946430
404661
122471
392147
823762
990198
567810
868707
202473
597880
473956
235954
270860
628102
401538
467566
247449
817395
834424
457171
943852
575695
137207
315702
430297
229317
786201
601646
763221
459220
891797
72991
192628
172968
448334
202724
64844
910101
640326
651288
915193
341743
813999
571905
852410
646088
226530
286042
729145
354119
212009
127164
651176
399905
267894
925736
273607
435383
486071
512883
500418
146764
667137
835791
675254
624353
360233
937649
665044
214127
609906
894820
826334
444801
168928
194602
160335
948139
914027
238410
774935
385002
425679
904123
702788
824858
686656
546219
638076
266830
436027
766188
689447
950223
586744
40124
661481
45428
124540
162415
901133
998811
481354
582523
900541
701505
809465
696288
926766
498436
235617
637362
940888
273010
29935
563972
103843
398925
928345
837875
272733
119070
868011
740876
704424
129138
620351
286299
130929
825845
855434
965777
565978
120298
69971
286865
767994
200581
946560
623767
940154
506725
345545
745221
441312
780401
787213
365196
238824
61326
652803
691571
870286
323386
39369
397383
609513
833544
846744
642079
225457
869944
527129
417035
647585
483570
461456
698521
818680
131743
429942
361859
535961
191141
558822
792120
674514
527421
30829
512069
768121
828210
304452
565728
811378
605688
238233
284561
22926
352294
616585
940030
900814
599889
573931
179793
813253
106439
757574
236936
97499
524709
273762
474520
73198
591189
14076
926015
566610
331624
806803
416357
429561
640780
92063
96366
96942
766698
781217
424607
59707
798815
248853
204650
783595
906580
591045
631575
414890
510844
594679
657
709320
80553
300167
474379
40540
499788
28367
196109
729925
464007
667202
884831
388620
927984
834328
819728
112357
227301
418211
144483
134741
270471
414081
369367
131949
273813
74154
296530
815796
699621
562473
955881
828643
157376
289832
49935
730057
380059
787684
664343
857679
236718
242367
170663
108054
11123
936308
265659
481596
893437
16933
974291
328190
379955
502160
959803
34295
752103
808800
594677
526023
649879
813856
79236
866383
142655
766794
270231
958744
303064
598590
903121
933267
56625
431950
368881
733499
157609
100854
647203
269527
951558
367145
139298
62107
743926
356806
132296
228142
105759
331241
806131
953543
522661
607710
804182
724912
849080
94001
149081
906733
550166
639073
268270
257590
424932
505651
741106
998495
443941
621858
920955
339608
303764
617459
151620
888529
392740
314727
744114
91510
325970
457354
253762
251416
3683
559145
807186
112107
264384
850336
735816
36012
203626
205137
911075
807323
108315
142897
449756
612774
751483
510588
345528
543398
547963
380873
832045
6978
621074
709560
164462
417969
317138
981127
831637
780766
582374
306308
195628
41764
390058
34717
598297
995000
238311
907539
565539
764070
34090
480333
541669
169972
669567
138441
90638
32739
630415
603693
144081
573331
243283
196860
149872
69958
981940
859428
137441
898685
223617
819251
970074
360318
368652
388138
767038
767159
281506
978730
787300
472573
226084
614603
988352
153069
949638
229132
664432
854707
977892
808868
778277
541865
289660
413047
42156
193687
414220
50020
597848
551257
363337
772539
920974
976286
830777
771724
653357
707340
324782
431834
189783
569793
529951
47535
942945
295733
383076
400009
489555
767355
269517
364338
712284
331366
591072
586221
416277
312328
588718
933964
99760
871382
296785
978143
283389
599655
850820
48263
297816
273115
554911
878888
779187
575769
313773
684733
53820
106800
230060
20101
362858
338207
786336
27675
808617
155248
935316
546339
632544
170110
511470
842208
32731
614424
407022
751267
826138
151294
736835
888926
239861
807368
685898
684759
835754
73574
409060
129400
445829
299714
104818
100931
351275
681794
335151
515746
584386
77609
915627
909276
289664
265373
481504
650212
517135
467843
302451
598092
731674
264070
945480
828759
652343
917751
893698
231275
214001
383759
772310
660389
241840
836047
346506
20423
734855
545352
266448
867020
953306
733303
899961
921885
582122
134536
878616
927708
461759
296763
729140
189276
877681
904932
733033
116532
613586
325644
768411
615145
869115
344246
92632
472776
980850
357628
428233
312277
451381
451799
99285
796189
623334
224893
372307
899176
656530
63396
833513
836363
807135
681765
490310
557274
360338
506940
996856
813370
546235
508204
287402
456083
736894
551999
767102
569957
249342
298155
302659
255730
908263
805328
109459
906841
982936
847134
682188
806147
225132
261908
71209
353654
500196
7075
558844
324679
66482
934833
885642
202092
924452
130041
485763
491567
290795
808271
822172
467327
856392
834369
203979
530785
812370
537945
237214
765636
544870
824832
231609
431729
210987
499005
251242
408161
850880
259226
746026
992872
872965
731623
534707
412624
147907
784344
467832
445313
34297
378441
686470
416667
352836
967651
99061
190182
563370
104150
311050
547105
623874
459974
37485
191031
813828
971970
219521
308367
521961
827055
46949
712642
796798
362243
570055
939880
36939
203501
632416
584267
604954
520850
876943
154685
381606
543283
431446
147782
468770
114666
42027
376437
310242
292243
378684
617815
862314
413832
920515
952070
802706
208388
476737
245913
99538
640105
770202
828665
207088
131996
918924
98387
879171
895630
601805
74153
404834
400150
998145
532740
38830
285626
530389
177476
291769
537997
687739
354455
717778
755442
286466
74568
711983
972798
746960
409455
982709
667068
78527
718343
868582
603402
38290
685276
590567
111712
695059
821091
425645
876337
250122
109156
266692
575850
862811
963986
520636
320599
10813
381179
529776
509221
558035
81242
705332
729154
269353
95242
917338
54432
28108
587221
570593
10457
339270
343147
47163
801005
533236
379950
472250
445158
562054
463402
308502
606876
287379
439906
630557
401237
228695
808197
363255
354756
778186
984320
342293
996402
581469
289133
146294
461114
262355
389417
984918
513838
659514
48515
329459
699928
800070
715663
945916
837915
605640
707867
632409
656631
544592
75577
715218
348266
460508
809019
390109
347956
684795
891325
524998
850228
34242
346076
10045
158126
919082
809669
438199
342126
295685
995048
554626
323525
135259
772874
509226
133554
77733
214010
280128
164765
612581
74715
922381
657980
97632
665696
207059
332056
711097
663127
598908
571050
548652
518364
354018
681311
430499
8750
647098
299643
23736
717150
719709
195994
245640
417571
158325
433169
950256
51147
917504
197170
222823
686540
376580
281198
536696
438905
446864
972181
384858
574608
639274
616954
954413
387568
432346
124850
448275
872359
103890
165498
492969
938217
447416
993912
253281
30238
868178
534106
336574
101714
546701
807707
888170
539472
401130
264804
640887
782664
417734
24463
933488
628589
83396
16198
463196
549532
24025
588426
86415
897782
697715
464016
546348
140110
892679
474822
218554
845182
389109
509043
167074
431316
458331
555324
956099
287274
36019
602882
220466
867539
454313
712361
771537
486833
515902
601012
821962
555876
110866
585292
125673
485917
535313
897439
685651
857296
198973
154981
252967
359624
198099
480894
448496
786196
976029
271224
821444
113247
953235
751852
437820
383070
525807
821191
30607
858082
832524
693671
437325
886541
120698
767515
732022
772961
866593
378957
332085
273972
853774
354236
257916
266944
535967
786337
12349
247383
793799
628595
713410
841203
569855
420614
133609
812203
777674
448910
586112
150338
975138
666562
278137
884506
797764
514012
169354
612742
340501
564477
591459
578556
240944
473708
933069
714409
148365
138943
748956
594015
654863
282514
60304
191914
107626
24692
561102
72384
10350
893346
773622
612886
659765
340075
781792
852367
703781
352114
830008
967887
849379
501074
585907
490350
641301
58844
698093
666825
563601
442555
814241
470514
270439
426873
363140
646343
915719
833626
74302
526752
575185
744742
373126
62690
126776
319877
924313
692849
731729
372738
874006
320834
89150
905010
224761
59918
233905
258798
80242
143714
557919
957115
354849
517651
285699
470539
810481
617872
543756
298717
191566
9168
109285
696511
315588
264041
884062
721075
843189
64002
832060
733808
767863
755297
871514
876543
221832
354206
290810
456710
949870
464313
772076
49314
656944
372871
681881
967021
853098
518727
274220
172127
711121
990418
851102
848720
788228
343537
890653
766363
238474
660105
784345
837151
203182
410417
537515
375135
453748
572004
208994
230921
607351
464210
384554
524628
911456
765329
807323
277826
840005
331632
823388
191877
554907
790956
115058
958718
447642
858300
413161
738336
614060
458183
468765
77299
660113
507254
123109
66037
113746
338467
219421
715995
848735
621680
34191
282549
304903
316661
99389
489327
908628
428497
17998
139955
795137
98337
445011
570028
97049
383183
708212
420262
460718
155650
477371
714705
252466
493235
691517
959972
592053
815520
96800
65759
882811
253785
701326
749416
308409
534583
82485
579671
223788
927020
124088
400909
343767
400374
475829
506623
405975
718510
763251
309265
246628
57213
61672
320861
54182
595437
417573
940562
315249
376861
899295
865209
677855
105807
387419
85395
677833
28571
122357
675679
52578
876103
118860
377208
759279
206638
859341
474394
643110
231260
190363
768901
800611
538428
354584
831482
99905
942760
773459
470370
214107
360480
708942
840654
94367
363287
818602
521881
750219
303910
292977
788714
155336
462819
229184
535894
396255
767437
898383
348130
967964
235038
335071
150374
535550
154755
641279
335116
958103
293160
466426
831864
634055
705900
532832
708034
127375
769972
365935
701982
404
875932
614175
542429
528883
368327
315015
213900
541435
999383
408751
598394
186635
470776
734387
624216
548169
712791
191824
724537
141820
682609
59662
514296
488583
636230
525130
483000
836611
102956
505951
53318
181367
413567
336433
830427
465847
341558
3093
538303
376214
490193
642080
403911
550024
691630
208075
562367
140761
921595
273536
730722
739140
613702
796099
553734
626353
806705
984320
543637
255439
106561
465197
582133
986377
268501
178203
982153
998951
470899
280031
588881
474692
710078
371223
903853
597928
864964
848219
728831
539393
169716
659714
303277
619651
362220
589006
600774
768281
47089
769397
893308
732934
979640
470477
830543
615005
929
512274
956811
628697
412035
704855
290088
677210
655202
298184
750095
496509
896765
674711
373564
746646
300548
350795
824382
507788
757927
215521
392348
363986
439754
680606
856018
91198
256213
215794
156984
377287
676455
570058
431044
821536
542698
630003
512614
917675
377601
362918
635857
905308
489502
25524
233050
460011
415281
308239
283640
148533
952507
742386
951212
149040
122433
69806
520954
281225
206811
255123
245205
299868
355820
111287
431000
536719
491820
623526
773553
877324
332704
472806
607960
370329
620523
776421
401405
608469
354046
302721
606592
758225
759852
540148
771290
686984
779481
800922
390617
821308
600464
291745
936456
188527
290354
497164
988972
909180
111948
736228
244267
788496
227778
714747
584392
246663
88488
295454
75465
118247
139248
938582
591290
600435
114301
693083
665290
866861
21334
341910
941650
701292
118198
426129
708470
274453
695808
876094
148196
313913
793359
617185
422266
868619
73516
791706
426564
114492
98585
128787
268514
2421
966282
112706
482184
912368
806899
285019
49120
228916
838012
886678
454666
716523
545426
6040
92099
637025
846359
223809
541283
782619
737785
957841
529024
518674
220192
654455
249585
240971
46593
904952
267181
523092
385360
329528
53969
825500
84882
760745
437632
500528
908112
26765
109604
71438
517735
278569
120275
373863
714301
397960
513038
285494
639246
137320
22755
570104
727780
226950
934386
535495
727269
617601
122380
932119
867206
286957
496247
251211
463774
130615
442574
443957
694421
871216
833733
543657
758139
29944
329099
580092
995317
661576
38920
267166
226385
843483
451590
845265
655227
875962
263403
99909
421449
544931
916132
349842
76209
900181
579230
760657
820954
119931
916462
659608
133391
330674
611409
368656
253264
347385
693133
460404
64963
737332
351414
564135
244616
411549
839948
831730
167338
457992
676354
690330
178545
31248
578778
320474
592852
629091
849195
266114
316299
841383
16900
923116
242051
882376
317547
717654
339243
663072
178238
701281
837099
232577
845691
641765
267061
524002
513435
990255
979059
528675
329432
290264
624928
839806
802192
792899
827251
178188
39554
958194
12533
830513
129397
543365
384180
270438
209079
379729
857360
723937
679555
655897
684338
111523
78716
761836
76125
693470
777046
340123
329948
391104
709204
144404
451355
531296
248683
39775
800210
500100
348166
299253
937116
571533
965347
999608
257702
497728
809306
971732
186690
359921
93374
723760
613275
152654
276572
724368
775747
623237
679073
161802
648873
979603
451800
387362
360870
831850
208720
773125
246198
204286
708251
436191
131268
386157
682035
756121
704861
524105
417528
999602
862855
825219
388629
928569
567147
806133
739008
801636
408877
801675
177375
362512
232540
778639
363976
100374
277509
994001
37985
329030
485730
302063
180262
604035
820400
943622
694153
486779
727262
838005
207796
800321
459297
709066
66986
788936
950564
585484
268555
664702
371037
490661
227830
540866
163323
577193
551369
479300
917371
663495
657732
48824
103322
225995
951819
916215
88037
486541
860170
607986
774636
283450
724019
400659
701845
583036
269730
452722
830732
990089
529570
436720
459928
13317
307849
812532
757257
94741
781310
946944
784014
739074
252699
598575
9315
414533
40365
760077
56679
161589
491032
992594
238475
596874
676760
321981
747687
217869
404066
993418
328039
216670
595369
836879
8546
821281
25596
556985
734987
155270
469196
827613
846336
352564
548684
681277
725504
876690
374961
448282
88506
229554
635609
737457
219392
911962
907464
105619
279386
889647
638221
519204
166775
532416
98243
287600
203391
926700
451699
252325
373827
183858
350359
64113
255254
129363
738617
523833
54645
67238
777018
540850
9377
282104
835631
850336
597454
327133
817894
496873
697907
791
595846
960405
513346
51554
763796
890341
100658
630106
151122
551308
964535
87754
840898
915214
644756
700050
119112
338484
973766
643828
287469
390377
516193
756155
961152
670325
212729
473736
32407
284179
581623
12410
435571
636912
262027
493689
678977
103043
729408
580320
486589
830979
700139
74501
534961
695562
569853
41445
244699
108100
427704
469233
262061
5075
280510
102127
711726
240323
446917
212303
231102
247845
956903
887691
449974
634826
353494
829241
617390
351582
925421
646576
425944
310558
385825
501717
358281
463351
45270
388929
857944
633341
928206
208080
9311
840644
980796
184393
550943
700447
915191
198693
26496
731251
573066
813950
311349
185078
410088
619221
810878
506377
252029
57280
849991
864944
31839
853230
21678
946666
90211
174424
788194
132593
307980
390727
131174
655248
547295
270204
306677
346076
75474
192767
847552
936080
603362
821255
575251
112905
920196
562242
811093
998682
69875
514499
749806
20941
332840
524870
385539
672311
988328
986592
691613
554743
58295
784199
242855
776971
622954
381627
917270
125070
398874
204241
932643
840018
448437
392282
543412
740246
223022
219508
150169
63652
857172
378860
891825
616394
62977
122127
320493
915058
972009
393164
759852
862944
723410
615815
75206
270856
400482
235964
32741
250570
875796
381070
264460
191307
802309
739820
286331
244529
558827
110558
738539
74042
64420
928306
405108
92986
710252
436669
446351
463855
203625
465360
655541
580290
747745
652921
505318
747357
224523
803891
441797
383779
344835
218667
679264
256593
886230
657263
476174
535791
17661
856181
898354
320818
154215
785350
967196
131825
673775
712709
720078
528578
697453
680800
547227
273777
59752
684370
289835
808732
890089
750418
902940
801518
379371
995291
885379
161974
461422
167577
444752
106531
808298
626669
297551
47902
953505
156573
683211
242820
151245
461403
614605
45503
375033
881328
338434
914624
75820
210949
275514
849435
320575
428174
637837
650110
160464
110036
139672
307471
493327
581725
84517
981666
687286
898873
937769
515604
831189
469548
628966
213190
7563
401587
532209
254137
224721
223797
930766
46083
859120
152008
410615
461740
523795
106332
359611
282152
391095
548872
931396
603632
660158
871919
974641
928639
126435
256974
10209
572902
868040
305637
316241
124236
497196
726528
259677
378438
45624
604001
262883
827599
698488
310092
717189
580900
665959
849967
897996
614206
516835
318699
644138
716141
316735
68803
702936
898446
476919
567456
936158
905577
466430
83070
11377
96425
353204
333495
305206
808312
263028
171690
383525
984567
489417
655560
384328
850007
685312
216827
424803
18327
347608
460403
905006
903642
47894
293581
543678
275876
617077
844962
79234
858609
239803
683050
8744
217202
246375
412044
662623
418213
909959
802371
685944
601743
855205
532718
18534
142617
925601
506420
661796
332613
142490
611665
781109
288715
546374
10306
880327
811604
498722
230729
838513
770898
923715
728030
600923
99002
94666
995122
457341
157087
582133
980320
790848
789548
717395
234995
15040
886846
309200
728398
270643
856540
193710
534332
794083
362323
563924
814997
853335
265394
46336
923529
733520
15071
599321
835724
62255
652693
808160
319838
52340
455291
108100
900022
590753
644961
475540
305418
922748
965465
13711
933949
290676
883568
553559
289638
651099
503176
252292
346809
269202
861971
732757
92373
582658
967854
422082
139753
525318
40280
818925
863619
68583
353805
160054
364343
426495
216131
701678
304232
609982
31936
106467
390390
562507
414742
515226
345284
793922
443133
544730
481316
414492
457995
729765
192674
509996
685522
630210
557098
34310
810326
595445
862999
381818
999465
677969
835737
810686
728869
993188
883585
293033
271622
493200
380396
461084
762401
785593
748618
893371
387781
411034
416906
836761
939949
898674
845924
463730
640734
607388
2050
98897
696291
941949
704011
870290
313443
136279
382286
446850
653340
242234
198536
398242
95294
948505
779027
836619
851238
575482
911531
318443
410101
669447
108701
259373
365837
355842
188238
373687
517288
643478
765221
301069
499476
635144
827926
236947
927631
107532
227724
795503
777915
612660
723250
868621
408638
140355
189983
428476
925816
734688
330652
747061
303074
770214
693714
397820
305088
198296
102549
558880
66242
396658
871751
722588
929213
140187
926826
746080
490496
250358
745350
223337
959702
966167
338099
238604
199576
285458
474116
552339
955436
771760
886544
849598
770782
390715
165406
393579
569433
582265
50476
290448
118081
922741
186332
392740
749680
886072
138172
805533
659084
594391
957808
928277
914946
446886
272894
604294
636193
667850
706358
580468
478165
82092
692668
852394
627518
714826
490420
149468
462124
281959
238792
251819
139897
856867
752153
203848
916676
234725
78271
979696
846021
635060
546175
898581
784210
482533
66312
910877
711405
402799
623018
276995
560455
929946
457940
337564
171862
556566
105544
766196
450830
633960
450973
539799
334143
907647
589232
748971
184522
42213
391081
978874
881601
307089
463013
66062
992154
525721
538053
200949
685648
965828
464786
926308
777687
89726
915404
922808
281338
422693
856846
462167
489682
412800
115231
79221
896868
242063
726679
45619
23064
331901
70507
14050
234642
833266
858520
558756
209135
211845
38824
565555
625374
548815
277412
930940
343000
953754
248151
210211
551229
132153
606458
980010
117837
706609
70337
62188
850239
313621
628929
377859
651970
141487
330748
644361
181133
353818
676043
115004
378469
159021
614950
121531
804971
115794
222547
457261
60831
103092
97705
418817
153973
341782
543168
574479
272594
658561
666040
382621
354659
97622
790498
409982
254298
932929
799182
408214
662471
431054
691506
629688
329167
282710
385395
691568
139083
867601
182739
230556
141311
893903
53304
515125
808117
79810
62549
454380
362677
208371
848695
513647
758692
606165
822830
353162
340087
143543
642838
528874
927954
850962
575041
345534
683265
203330
29634
961526
576465
340818
474713
345197
741260
604976
723638
961955
918800
185599
252780
256803
539723
699596
359475
412996
644949
104600
258713
599882
420010
398099
664583
436396
932291
881834
396524
660208
86991
168567
259016
889523
328019
366487
405847
740549
915099
404570
903960
318064
278747
273555
597176
491737
811687
454286
139808
871232
450252
313377
234328
698786
116489
796699
718422
749566
615469
182682
251431
127540
383694
166777
529785
624968
736227
310309
291779
593862
226943
74641
547665
685056
620651
668672
700655
149811
772702
344255
45618
306248
696219
442165
856158
895414
781096
798226
29111
688644
192358
783141
297895
9132
110610
326154
255944
581275
462423
74496
415311
477013
772621
488985
611222
390582
50194
735434
814661
600531
142147
198882
219740
713151
859544
242072
609054
595114
902233
375805
125213
850019
586305
196816
848671
569150
806573
733936
165674
51216
700993
348396
479153
462935
26392
234294
121819
486135
814117
243767
222508
202719
50987
144124
191378
864202
656469
341069
867406
228322
51827
55262
865789
993406
225297
507999
390659
403148
839798
25006
772051
525002
874934
718893
934556
316014
286900
181357
569299
997478
177848
677385
554009
819898
522857
6992
248202
115085
163175
81178
865698
103426
753095
356411
178635
641914
47532
271702
790151
26428
399422
161609
340150
551022
162122
447814
222021
344768
274870
101057
488115
87784
409247
546501
542273
368007
251473
69474
953718
755563
735906
671553
902988
243758
207467
84632
990266
727355
287780
223544
745759
398320
72539
760451
648328
233887
633745
658172
665886
207663
166513
648759
10735
809888
388270
61167
448151
882540
540088
142646
486347
672136
767002
359687
941377
114058
524339
959863
187583
499364
571278
319306
525183
902222
35937
480098
115068
275138
321567
220115
986653
479329
196922
557009
996602
967475
486265
907083
639439
650700
86321
349969
123772
653193
887843
820400
922038
814714
777266
226718
483854
28826
723007
264208
400604
614393
382371
923050
752712
782075
603016
365838
48948
973688
379044
65813
132553
401860
424019
382044
321373
699466
412688
67254
483582
587922
746064
275519
540638
230882
693820
987536
669210
458752
368137
77518
466025
479445
61557
179869
3101
423020
293087
233139
358041
572762
243587
659335
157840
322296
464850
569447
807413
544908
560746
22761
490949
144198
458615
504313
674925
231142
942949
65618
700056
816762
927745
408520
55129
454469
890283
338945
883762
481532
374202
39812
177535
714282
80044
942057
27906
421619
521032
937840
39436
231989
110803
619374
69892
536458
57323
428002
271703
559402
219523
624102
434620
189486
562299
273345
992034
945391
759002
671001
81401
806093
80043
637638
330202
770507
329459
886785
751828
159320
144331
428475
648212
988457
785373
933258
561584
59969
577599
872446
467728
521618
959079
700562
429433
262333
321098
510462
671480
695606
907542
713834
159719
429827
551944
311676
267167
798435
961962
254802
70394
411723
495277
452555
197891
365451
410911
869184
349885
911312
237768
904913
104588
784003
202599
595353
545476
417422
141380
755139
193933
483198
750130
162614
976175
863683
685731
311980
271168
984981
358887
257057
455015
969457
98435
507302
519820
926785
626794
541396
181214
160794
581659
28894
412096
449695
640534
208384
66193
98754
20668
1748
493654
335851
482114
496899
82247
412465
427217
245080
379123
110725
408574
551024
202000
173102
27361
505486
714019
941294
723668
360203
855176
494724
424394
240426
732831
246923
388617
647882
625171
186496
38789
881268
5320
521633
137883
962260
267232
582576
382055
681541
471466
643222
8642
347781
174697
108709
6363
887304
239996
525750
327152
696936
413295
756785
146986
524217
382493
995627
942931
754875
645695
769322
553141
297705
807254
475716
332368
968494
183665
708837
586807
623287
597147
783470
651143
887459
412069
777979
941957
896663
224267
856253
341715
869103
796614
997638
245071
243983
871534
767332
670537
481431
73609
893156
825374
426869
786868
84728
649973
64468
665324
91251
528982
605234
432698
789104
126754
90319
901497
795603
756659
574401
242757
993703
445584
703909
968706
617959
389965
488943
524230
676312
708285
250019
687460
60819
272277
41373
766358
939745
586271
460362
963334
285438
295575
787513
9657
152640
181030
27148
832472
290193
234232
948616
418013
450712
107452
840204
540246
372535
580344
732767
295513
945773
331782
3106
120197
387930
533614
681636
232368
848803
620769
159252
256626
419372
617744
67537
576077
540098
322407
48926
367352
652507
585514
40049
24006
85172
88810
255978
375352
369690
871651
448673
17948
670725
601717
233880
523551
960670
844030
734864
927798
383458
940560
119735
662245
794590
331412
731710
660971
199130
582266
735817
56522
454546
672860
482816
758582
251615
369966
854403
568666
644341
745188
135098
395521
241413
709281
936137
813159
784387
123798
131107
629341
652162
778687
478838
389203
866555
381174
676036
370949
964012
426739
538130
90757
895837
857057
378424
137953
664765
692509
373529
84080
595564
924109
715757
780414
496146
951771
822714
334353
515820
406349
241634
238104
656743
756227
355029
941231
542180
658380
551910
791697
860956
685988
236604
845147
740701
986510
928671
526137
618995
910986
387250
666095
30498
992628
382976
958214
51022
309177
430382
814353
237118
468278
296272
55963
326645
35311
162456
44846
921920
513320
127978
719746
277582
988068
94667
743873
331769
492535
170999
835507
854563
542794
48145
929163
7355
331307
331765
454477
875423
977998
205866
800538
529820
279781
257779
891354
168976
894103
21636
979140
777265
454432
897298
466381
183654
792004
248259
802090
192595
274097
74501
247812
812466
127280
503354
686968
415580
404615
355409
496903
528040
662639
831152
64993
74282
722989
123981
867145
530909
530960
746780
696293
989147
37958
31395
377380
981384
958170
369385
554060
92047
41486
254733
737119
19716
234001
405170
976041
806057
429981
397208
949801
605964
471215
529926
847961
581773
483556
941667
541596
59646
3117
380517
376516
819875
75439
128672
104764
341592
434233
632640
756504
763218
933091
402002
547832
863230
247487
807228
450131
827653
202879
512781
838757
887025
634339
580591
969463
252009
922716
182841
665992
258392
132930
756193
806421
982444
384495
80783
561674
283899
380278
824652
347397
985983
754627
459289
892867
43202
448337
573660
239977
110037
81410
657718
109233
201530
697502
6640
8751
497953
508139
127059
902527
207183
228516
156630
511950
674203
373786
994994
433025
595603
893156
723794
696325
454907
811588
579046
319476
349685
256344
493975
281952
138364
865274
16597
99264
480906
634548
761035
737461
777818
159843
246388
48055
896072
255591
549511
394593
826132
818436
587342
630933
527301
366232
335381
208397
461738
11321
600701
66303
602300
704554
656176
242924
90591
997754
59247
991366
19399
336634
87942
555196
661623
736665
341729
250787
690469
209246
788409
638530
381882
822464
115431
175098
990709
768485
749977
23504
814191
878453
503266
284313
11257
787931
976555
201409
215713
145752
687431
494903
396308
636739
640101
276921
455901
954145
681758
281911
539660
100445
70319
924838
792433
938980
945536
985252
837000
526303
275426
298051
151087
552526
862296
569077
668817
846718
373260
55762
76519
488359
141475
376840
160341
644260
381098
922783
677424
410255
664303
218407
637599
495288
162605
47425
893343
640898
881375
229384
153696
586267
355509
32986
912013
117206
667492
971398
847593
889831
678296
623252
947732
514298
350149
222955
207214
98800
86683
827043
986962
591607
323736
311592
343235
250756
17271
450503
226533
818608
421510
420504
289250
753580
245973
771720
252397
264547
726410
835650
76451
534699
193298
47930
980557
978854
302130
210966
304898
99451
467451
716729
972074
307629
517404
586989
782045
803221
121937
938859
646569
177216
131258
200010
216307
342311
346374
556931
64053
487047
879758
501981
441509
690909
983742
350329
620726
402368
82734
950588
861175
787866
857871
142100
455322
850500
154304
244393
478160
620733
270848
375074
240655
144391
361470
320529
302517
264799
903757
789948
104646
88407
449971
450697
246481
540177
267873
671493
662130
564698
513980
884561
420592
406816
141145
393193
651526
484946
717256
821970
667711
724435
490823
229408
212986
710490
310744
799009
289230
687593
888493
185514
3718
74919
821503
277819
283661
292828
158525
469521
684773
319241
688866
338377
756561
410658
658655
317228
268691
49321
434872
62427
257232
857384
870891
338648
566479
746571
721930
785646
612320
224663
78442
694527
443033
996363
770740
563752
980604
978962
336152
50706
95604
239393
265570
451096
307326
820467
936997
458576
941605
599135
623123
92280
946917
722514
775791
262911
134385
189295
987481
86701
192529
246208
544200
587567
893347
183895
574807
605827
870017
761413
172854
700348
939203
486454
303041
434739
723419
696487
752429
714058
321695
998342
545886
819550
449892
449765
668823
171529
23749
416282
987209
501264
371715
626613
179148
891952
263878
806622
222827
593024
542914
767051
369369
860739
991221
706204
987330
133004
79116
887955
660093
892558
754278
69427
412381
95487
294576
34228
965735
392297
794287
743071
204062
132045
220508
673420
695993
87668
788073
906934
987830
546451
768354
309048
846855
483674
974511
114215
154027
392217
940661
834827
795224
593743
193821
305722
409940
160145
984684
487123
14307
555220
179921
692308
572315
673623
802558
979097
151763
607791
723950
287218
3002
832816
31044
692895
766084
789877
188820
929962
864958
764301
934971
614177
171843
121922
804712
528047
873671
786567
480702
990486
39568
334205
996690
64396
701893
576610
581263
35567
873887
114135
839801
375333
362108
829196
522958
446100
350482
39434
616008
228603
780992
571036
207808
685675
155328
235355
120173
619942
105913
225173
653449
928210
763761
750553
527892
486042
351456
189282
234034
58978
627296
577374
779887
261604
577088
95385
814435
131628
738487
192779
536945
559788
490997
620474
382441
332669
595989
283533
533837
239923
587311
461231
26417
142811
926539
590748
128315
858388
81392
422283
354314
740743
920986
616056
535604
525252
592521
959181
881191
486906
156086
229868
140272
853331
669601
546268
505882
606122
5701
376141
833135
128682
33901
10889
522906
166660
610720
506
887468
479244
351800
678226
332221
306929
137361
640090
411115
487063
739036
896667
712702
277395
184083
680035
61100
320834
321927
570228
815735
193094
911893
292815
967220
844254
845815
291928
50984
293409
337462
29606
446475
352343
767678
918825
253742
693236
480906
285816
643512
735154
112766
841783
956364
410314
796499
908130
976967
480654
144556
469560
109093
820774
869064
6342
405763
92133
303889
434958
380671
42119
934289
934741
841275
654345
638276
513286
429505
322661
4360
590150
935680
404009
540912
389013
561269
213875
460985
95005
101029
211531
136980
98139
448390
839773
935074
913959
314045
516049
641534
87585
120578
912521
885107
982202
532193
3318
879886
158812
876697
384279
35983
587127
676391
785104
326201
245481
810589
107491
43081
6985
699819
994957
263875
334481
371199
506495
517543
133029
737161
83703
544387
887940
372311
598395
773218
361418
943456
401330
101986
615071
561372
616607
266083
996352
491344
919739
126492
354152
164264
823021
870599
361562
155388
604456
335164
812686
600501
993825
586908
119286
600521
933164
845348
604139
418913
943026
722657
212793
803548
331345
36802
576196
593901
821008
620169
366549
161312
621565
711388
553861
261370
533350
438328
596548
372157
467248
518661
531014
546314
970071
226884
284044
686753
748802
163748
204746
705541
450882
997940
315450
799291
659047
668596
193213
988592
167103
373124
376425
675002
317804
272254
328691
700087
113761
272863
686394
309906
119993
521440
661678
471332
971635
649699
384923
76086
696014
870729
562454
305125
926909
504032
209410
677918
721671
353530
897535
89033
875391
533657
74289
263491
254746
27462
453928
206275
179826
666688
812913
377822
238806
403794
369080
382501
376651
934269
13656
883244
336420
867925
925249
127206
188409
59176
108485
81132
509191
861272
293119
492188
561060
855306
242272
118430
267229
60919
371608
834370
421614
827104
664925
405637
632541
578270
182106
135667
590579
327255
791991
39590
585496
241421
700673
226220
518986
84304
313015
408902
712377
87060
349680
605517
20419
346653
633899
895600
232519
292310
593461
236760
1832
927106
559601
24876
39264
924938
956615
168048
316414
234356
697388
953544
167038
663605
909449
271195
64259
836381
700747
866195
895923
201840
762694
186496
776623
244565
16134
549404
571821
746024
898868
383721
962869
734634
225442
594487
304244
575384
490099
25538
782144
741785
64106
20023
659113
866512
533965
49495
486008
319954
364725
474037
923975
374769
385525
580569
871804
937591
921253
18119
632420
566254
462090
253721
599656
980252
276131
569289
295726
878349
948563
66891
693070
827976
263142
688023
938735
117795
438017
360900
107134
193587
394731
910672
994378
548251
89970
6908
32959
999557
301307
43860
339454
552815
290858
719565
259669
852253
993194
831047
300320
1389
239897
766513
821243
687239
959443
828171
316130
382642
697754
716807
864104
125572
93151
669897
56144
589106
600815
764622
116940
624261
827005
490472
957264
221102
176008
208679
370385
262896
832232
109524
509023
648763
585019
906711
999644
194585
211494
560312
969624
70081
85642
946114
586699
504266
14277
696643
253869
753913
144354
297457
380150
654011
605534
279783
22253
801006
887064
141004
17775
693017
525396
686292
662719
964412
937387
786784
295620
900739
501011
28225
135523
785364
416583
286106
216057
852423
921683
692579
206325
366965
234430
531786
929233
492905
91859
211316
352619
596468
264398
42913
46596
291421
70944
319341
271956
681973
280159
288882
46919
331847
637710
536267
664024
281198
14340
732852
833673
79810
921851
480717
410108
263338
723383
589437
709041
581269
353552
629299
327709
29252
851678
85896
679011
199807
319041
999488
250929
198247
608202
993392
880762
655851
659594
182201
166603
415061
72821
909298
112333
152380
163057
40036
477462
640796
892417
741102
57131
852930
529097
162441
695190
396193
646909
719526
524192
419907
444650
665972
936428
573593
918561
151102
497392
235315
993851
851952
111184
789003
654030
127482
28953
854459
775915
82765
884695
513295
970384
832706
213779
786357
770545
121690
66092
343377
491870
696480
171664
520621
885840
48171
841112
939406
820374
188543
665598
128673
809495
612435
541499
362836
31811
582894
64769
131010
117531
818027
136530
573318
626585
370587
45692
242417
150716
774537
68465
570134
129204
289944
659271
985474
300007
335689
889864
316169
120542
586457
786487
281723
852624
662535
744224
266166
704968
292019
700122
522901
420853
192738
473757
237574
310222
530590
110778
961402
734624
310011
188923
733621
832501
772276
655703
622085
501859
941875
292370
773199
643310
807791
250991
831044
186011
936880
991251
165555
821586
900398
298488
986041
394798
416983
447754
650579
629285
538544
34721
108308
615439
261971
625628
99570
704021
765910
837782
906298
321207
677452
415112
64356
378425
598821
881979
32257
894955
496689
197032
732432
592852
946434
285102
581489
935226
933934
521966
191729
92433
713011
228614
84931
951166
459574
959977
779152
610822
142948
15000
708453
991576
435833
936767
187211
961331
241695
653742
783860
599349
475310
232818
84369
797954
995730
394704
869569
884813
92490
572957
489315
923014
10253
238525
619148
645728
697671
323382
490004
239485
960513
30576
19723
974969
935710
290443
705610
998288
794561
496093
324963
964717
712716
221383
105082
213072
198468
435890
691309
99994
362576
902059
650607
170680
264160
632345
88306
932650
156395
833687
125378
723823
363024
893426
576943
284751
713694
520128
675555
109060
315823
310427
44946
84870
108207
743353
476174
582386
586490
837161
751994
305174
285859
146604
188183
313371
346642
518574
603450
184912
155141
526688
880158
554703
36599
137587
422102
277390
919517
874930
301787
978052
363405
652156
852547
314485
629370
252957
169363
611292
506010
709577
428523
352117
321960
316212
874911
869476
121093
955217
360359
980229
753850
171748
413932
415697
244824
379846
393026
393257
844929
333877
132277
959490
256127
174165
238652
424238
424785
856327
748555
403523
208263
462181
575108
815658
528195
950679
746125
885894
185503
572373
587900
39678
8813
451705
792943
366249
638681
751999
581433
431701
26219
417565
16119
789172
413865
573113
996608
336676
723801
168396
903482
18586
412260
228369
389258
961898
167511
148201
932323
854517
957698
150350
541184
421743
239299
510514
116268
950667
909469
367795
722174
226118
858433
315901
599331
850253
525231
427581
374612
537484
807350
793982
571174
858644
385239
648801
341504
987304
535496
231549
318950
151781
681044
797009
444852
909835
301535
545058
920871
105580
666824
278966
935382
369647
103335
400811
682174
447489
310389
473652
147258
132890
667723
44081
125457
790183
635459
79723
714474
212057
879099
22953
356826
292170
92408
662385
383070
367815
971622
52126
172772
574974
61630
400538
46980
340869
974464
22329
434508
831748
529632
870451
504696
196929
870205
54331
605249
480647
769868
59712
591244
544305
338195
83967
830467
835608
43282
187139
237761
674519
335804
734011
200615
574647
666722
441590
713036
163772
181361
173309
54417
520395
717906
255948
828241
503222
103663
622319
658039
117030
545878
234550
2091
833252
76981
302421
228005
461636
881285
953690
704354
142638
707908
575627
51827
447882
716954
354331
606130
533127
871005
470217
833936
433352
616048
890838
865354
259181
769478
701793
940410
724985
957189
122272
134986
74917
85381
91517
487235
730176
686711
522122
126851
98369
717666
998499
856589
86891
927177
690527
823803
826971
691945
969842
118990
972209
713502
76322
725670
192025
939301
360996
201037
288117
579132
205523
508269
924969
843238
936012
55842
172610
883915
868776
508522
814595
664572
251671
647097
861838
284051
25302
71593
780716
239288
851148
225487
653369
618561
627271
792745
88175
351153
397902
435187
278477
399009
962210
305176
129635
432509
419734
615174
324157
511525
907720
890970
88490
787891
846779
151931
348327
481180
870034
904643
401197
975215
318571
86103
913172
572795
201046
522263
168098
545422
223345
656305
143861
454999
674401
768656
198280
446829
247343
183602
184677
31017
418684
810712
885223
253165
779107
45718
915307
550088
521833
227530
91411
210226
83043
565801
885302
596785
583589
574197
979944
300831
531874
640971
369825
476418
691877
529112
608524
218267
198379
432492
751598
343162
770458
189543
978929
891342
694690
690255
791309
10619
434799
950788
531538
559908
319176
442635
252052
558024
380231
798726
644978
112200
338613
905412
531205
267142
957570
672309
89506
521322
42845
832694
301389
597566
919926
335115
561658
883321
457870
781866
442048
955545
109623
872948
737949
749865
847342
475519
264096
92130
147409
654222
458295
968174
542206
237154
303893
639432
53066
223849
84863
946942
389083
111765
292212
922648
690211
244488
562167
33619
566777
522923
295546
687302
890517
686558
878505
92390
275560
202697
637904
93413
478166
995345
70249
138037
115409
294695
564230
58218
858835
759354
228439
433661
74936
312781
47833
465068
487989
148707
736476
538495
67385
281366
458479
387046
894942
209735
814889
278591
333580
310831
785174
124147
430443
195092
343293
291200
690946
729624
415947
319441
930737
111084
999710
756169
909447
392801
579055
669726
587329
843999
180828
892258
217376
94510
714641
237726
719846
323441
368531
325911
715820
251124
338152
196978
523619
120602
404007
142131
193253
605689
304728
553313
844087
36737
875591
752774
957854
357527
604650
483666
467162
682240
420204
706271
197635
340728
416533
161232
411519
519843
248152
808402
18398
975131
425210
704964
496082
573736
305114
395251
643470
693133
511265
679870
803065
984703
694662
673817
209807
353841
258878
833260
780693
380746
951935
731547
89910
124600
338928
976865
597503
254494
348079
758741
832180
237737
471230
463119
663757
3648
882699
764324
232336
445529
313690
58636
217676
50409
583185
458277
339951
429364
96607
959889
182213
73090
12042
761338
869389
411698
778389
108469
496570
327848
93706
885700
250051
248737
2985
126518
6951
167784
772461
193705
599041
597154
495799
335856
513347
218435
413658
843919
720914
668131
39746
28899
982078
48427
149505
220959
696156
327785
196536
261936
508994
103300
157726
430658
210079
277129
626480
687196
923573
613923
555765
801255
606899
312041
524653
420428
522547
442898
439637
471034
110412
960580
366554
662471
77333
862665
55960
186670
639799
240355
592909
782199
684910
819958
288927
372276
671132
505891
525638
667751
645258
594294
162839
343233
63355
437237
524910
461189
396463
660761
12152
558091
623473
247769
27802
196705
645085
40033
654274
26380
833714
4578
807112
718956
805647
94786
962688
721149
526286
552052
904030
622650
385274
735331
242246
564380
518574
824073
537008
665472
876683
316380
923317
250854
313365
367207
5816
248149
242347
662838
155124
600221
448097
926186
812189
768116
826811
682989
209461
228034
577609
590080
824047
656376
51226
786672
500088
520923
139166
269992
473958
602655
858012
47903
733440
608814
70348
274802
33064
298888
603218
133388
594465
403076
158039
535937
675649
889268
999750
362362
134132
51238
19808
722315
694762
412807
271293
445921
325598
657955
431584
44759
329284
734535
311285
433959
888847
68872
96425
515581
353628
362140
293478
144231
502526
332389
430314
368425
93479
217102
191235
912366
678767
517454
632425
370968
673604
917898
501623
426168
484591
605015
687816
520857
247102
561501
726250
156919
725076
677143
730626
488781
262473
117366
160636
565836
20991
45093
723500
748712
238978
779688
594118
576907
756123
776350
931830
884461
945650
508069
832797
501179
33885
529820
346154
871924
196169
832003
201872
939027
260803
798015
366633
478055
785700
838459
608679
346366
118999
678184
604914
1535
922952
347172
923620
294807
266795
417785
966365
394252
655078
579196
40963
793325
852636
275606
328985
359018
55127
564063
573051
829696
458898
493222
688244
476045
720352
144269
119228
394305
355451
903697
264529
635637
232237
734504
684464
28438
297812
179011
751152
657081
328726
904947
658172
653651
943714
56615
557291
233984
785374
482899
831934
265665
180082
992621
480821
774083
4529
607633
81038
473178
60255
667461
396635
532429
61347
685526
309182
958154
41354
483681
117124
147706
468149
292078
967260
523055
155745
937206
311347
714298
15121
303301
905773
482330
603738
802298
309633
829903
741387
121324
513073
111820
258102
844007
994853
462602
377183
211092
916323
29625
443969
168950
395949
816913
150135
772369
852408
228999
936846
869093
702724
91356
776484
9880
278428
116175
472124
355313
708780
900467
488034
122496
481466
977691
913077
607964
547587
868721
56726
926789
972531
177638
124972
429927
388351
485572
664913
262336
188707
67103
345500
512216
221427
361193
555659
367599
99232
354597
638221
365174
335114
50932
649258
221235
377340
233035
883088
139847
663177
230470
908731
459148
927360
157525
378175
501272
717390
322196
293621
14303
571057
736505
576768
97397
681749
504999
77883
979248
4685
629663
535105
140203
83695
765206
103448
7719
986636
517601
744186
113741
931978
695885
333826
367823
464544
634827
671728
137900
14190
87368
607129
764178
483959
256347
843758
138013
275964
808408
340070
573182
911158
277505
948939
731447
553775
514396
998750
328898
322685
717984
390120
937617
512476
40521
37791
5425
562471
947979
486001
702024
390515
527075
387759
572477
457800
154248
258073
52662
59453
379649
410946
354364
585839
519632
99040
877948
672541
992268
330482
227431
865251
912588
887310
906360
692689
147327
448646
991445
720168
482073
264054
114703
325553
754920
490605
362052
51577
86853
934710
251300
125420
542949
478850
585680
188685
148239
250483
916382
120335
661416
525255
448249
464211
750378
588703
976614
208319
363507
768684
74785
508855
911866
281909
479142
741435
528540
458566
214475
920221
797780
775801
132362
629277
143370
150682
167133
76259
631554
855801
939010
233751
97269
969873
992926
649696
292669
633872
36094
765112
992553
50435
192120
805353
343280
500576
888624
140135
998531
76975
715958
93896
958587
446101
477965
404516
628786
63934
510727
60229
955885
425446
915979
422795
610102
30597
725305
221343
935881
642581
278372
507282
48804
103809
849470
802001
971329
403307
69714
830983
188064
453018
709098
374607
896189
863807
792784
624468
428834
651746
962290
927752
789589
410990
582303
582269
83121
337301
672109
145891
248274
245537
6717
886367
212586
779993
601495
665732
120177
265548
144687
154160
592185
394493
61449
559238
203295
530282
8312
408387
790877
737403
355458
965567
30909
686276
191071
271938
703016
754231
694944
635777
338589
874025
674221
378036
433405
602879
599271
653525
734210
893749
745580
991030
56848
535370
774520
165439
137188
891468
228904
571524
363881
379963
243418
164223
30569
204829
743921
119855
841184
582942
988085
797708
785837
386721
705815
246501
897250
457127
555922
164440
767610
509466
796524
106925
32362
309751
691355
467600
581392
505495
228741
254122
722952
967576
262816
556827
779998
124396
375161
929046
343773
902782
914960
815064
421126
373628
203743
960646
92892
329413
780731
313442
606684
291633
967828
780777
819147
836151
995479
617421
83111
176575
23282
661706
576383
12869
626359
41703
257951
205862
343962
458316
972387
627211
121365
53114
768748
911663
787755
272234
78769
302542
663816
23558
841645
711276
510919
881662
187894
421246
275726
9161
100718
411449
289748
364153
946066
326838
747587
986744
226416
646591
49401
520868
737269
730361
569128
992389
822948
931949
900508
462183
594147
151797
327389
58073
940336
171583
666922
683136
410288
621121
29606
762200
359720
972921
665871
928073
710277
280351
510696
383074
250325
606379
333433
593524
930200
287548
715693
888653
33009
555116
829465
118096
789111
416173
80412
636462
500329
597023
456097
26371
115070
372914
52673
964623
738905
141491
577542
369615
341851
25909
705226
67831
3027
815005
708607
390927
500816
457097
294024
777383
558616
489245
448707
825144
151665
431596
523498
826841
788508
622144
557263
835546
169121
233031
815493
517761
428485
8666
879325
809759
139545
774314
556750
110733
508141
774281
259246
884936
648993
955987
656669
852007
151771
977591
487937
93877
733524
610086
686123
267439
826317
147670
535384
498395
416608
71283
890132
676355
520305
641891
507513
400973
236547
966196
389718
302456
569063
41701
696299
256309
244303
960462
589328
441375
537920
776236
227060
397593
540326
164557
68803
501059
827905
430868
257249
984536
763261
486058
69908
287783
968160
215745
429694
619884
389597
629254
33479
806795
36741
624931
987545
422376
945181
951406
884805
40869
776458
132465
430531
413945
122409
726742
266646
605866
118523
124975
8142
927079
765886
159072
251239
177860
431127
949354
188623
151442
741482
532244
196933
783834
977676
39671
43357
784438
792336
17383
353760
426381
55038
440250
158224
343401
977186
312630
145032
668087
954880
787483
345666
409306
50661
865737
557811
784748
388888
526415
193553
818962
847792
524690
102708
373114
967615
863895
75930
780084
789292
971629
948677
756522
594078
634810
717951
915581
21268
213728
433150
223998
374802
402891
334434
198278
654902
6874
997914
874035
819945
484967
24103
942143
546225
804149
286201
484286
448994
439093
79477
491700
571637
221045
488152
306768
468721
558629
76277
54217
390533
203144
353306
289108
818039
308916
223569
716223
779383
697925
527618
952877
504653
377188
677814
806383
155570
656623
908854
13179
566906
649670
820370
608971
547054
187505
461693
191828
508280
386673
443669
615521
440759
183842
897025
356620
874483
686217
635892
426137
496810
510336
98062
961519
21961
931643
634017
592756
549942
255350
269008
898052
748682
398397
46356
545677
640412
481175
336728
687241
47736
990352
801604
850585
945391
184418
875288
721467
254472
451583
330734
471528
707348
606910
690337
16717
756511
181791
926797
386595
595395
449085
539564
52205
598486
545551
722079
681550
993283
371418
527886
506500
338486
589623
956838
522949
461169
764348
746369
100660
435580
616522
282212
246720
213817
692851
687329
399833
566741
302597
132381
163088
847323
576056
474284
136779
51875
478703
450968
987361
719463
231726
901185
808216
843829
82201
733854
70328
87105
217701
217825
964747
15122
729182
396537
221300
494877
844435
298545
145898
659567
158689
234806
302415
675651
751067
955381
693553
557939
407827
890723
193308
262092
413064
391446
93401
161018
275371
661777
552328
129698
833487
44317
2069
706447
683566
61138
113370
597891
408082
969077
8145
962543
462503
406011
114612
650815
661914
411628
732403
645324
62125
904227
275217
610549
91226
572849
218332
246280
794913
217698
93255
357721
790960
214039
555750
524597
481262
849170
898693
664369
104101
547217
794596
735323
578570
762321
475731
873874
904361
692211
547942
875570
144881
736764
582166
700711
542618
538935
977396
848163
962031
531765
110922
679594
693307
232885
997264
230218
622100
55838
750408
640489
586367
148777
694583
678582
35902
35355
310208
18369
761021
327472
23518
951399
320853
314196
700157
805798
877690
604938
670710
727503
183880
328559
622310
181401
252645
895321
138153
832017
767442
775642
618424
169263
75859
263712
526365
314949
719225
88510
766286
865361
584201
16453
164398
826801
314507
116492
55323
430710
137392
770512
339829
151120
442912
683060
688045
816425
64352
505833
676421
412879
97821
491304
288425
86025
679063
10396
876586
285642
153837
380574
852115
517507
73601
795672
216426
972051
89863
335755
671429
746010
10799
619243
955525
524971
750765
45607
482804
389920
532705
783303
968503
530887
394152
138223
276784
611897
2239
115840
193522
598987
952974
503838
535969
106334
157977
336588
366694
993362
173886
315250
666893
558103
752236
429505
142843
399139
217313
81453
184399
162688
434909
19737
515795
878589
329640
517073
459807
601540
261245
559920
837578
49356
71378
309602
954318
211237
288005
211716
29687
636400
996068
920104
455176
270001
301337
271156
119850
677693
149680
295658
194449
266254
636423
536386
744046
98933
583377
959923
120650
619694
458310
527312
987462
751503
992427
337103
567660
738971
300409
649190
428017
980915
469677
836174
651978
992748
602603
699114
944743
487804
53840
439872
341264
736845
346579
943269
948251
728628
517462
148280
345031
6587
119759
925316
19961
361690
270542
862537
940560
580293
824106
510677
496999
502879
7436
506251
202150
451212
578839
530885
74757
482659
378739
286230
930655
877315
656309
499880
465006
494397
741228
282756
638377
739439
649739
176689
843511
250672
105262
538931
404046
14503
545034
757748
214637
491254
262518
223361
180722
269460
853136
704619
200729
189177
130317
85006
262609
721522
34401
475502
755644
56788
722631
339260
22596
733773
146798
709177
574549
592406
205184
885042
858554
218180
660175
337833
804504
234174
402078
279636
362689
886985
673802
155711
975222
273151
646292
389388
930492
310303
589516
512603
455193
204989
868506
644100
837931
104346
999980
654657
265766
692046
199927
201577
41000
841954
190252
362391
167803
945274
524346
657833
434214
338159
907961
937444
401840
947323
306234
662133
69746
102605
388840
604306
430232
982845
553882
215487
959028
316826
686137
663213
395390
327774
211145
434557
317932
560643
383509
221026
933610
655663
575547
589092
488951
309706
885265
131264
634459
133360
337011
700269
618056
230914
477099
329657
417037
200471
71099
227730
846897
102864
157449
123041
473778
397321
749544
916945
8218
985772
108991
602286
574778
264287
573912
875368
649414
963293
892039
164598
568461
930275
135285
776279
747027
277376
886792
415539
374284
491535
240560
856288
367927
527554
684881
782722
927381
414804
542024
90122
748165
322528
693724
868638
691070
4880
202691
561753
973480
36142
737550
918313
162007
353110
652657
146391
370725
959628
995955
105444
775786
174378
745070
631054
30555
722162
357252
877426
485564
443074
168479
38219
804419
970853
363874
370840
874315
169413
95793
602396
2289
255807
715993
627263
163791
116431
265182
889810
956563
919082
779040
593264
872507
142443
674857
817664
956271
703845
199765
206550
942906
392727
406686
100409
527398
420029
162500
51071
642676
633667
303125
196437
560565
934869
575198
668571
570824
466065
770926
853420
314929
739038
921667
525563
476369
689366
828884
241624
301000
991455
170170
133522
973412
593111
994428
779703
719812
407533
307766
83575
185869
770125
219620
215655
263752
977907
815632
143009
394583
506593
290134
705416
174802
777835
828497
921705
164291
683504
677796
107773
443513
112099
937895
86091
673037
377159
877675
49834
563951
182073
609516
738660
885163
64871
210322
687671
244862
584735
610596
762357
255311
962626
842506
414539
803532
519255
462269
678814
69410
258875
697613
778897
460696
649078
573518
397027
670473
487274
392352
252982
45820
703845
424410
284202
324194
121813
764563
436264
522731
202395
442252
78907
284677
533944
859773
387288
314482
352420
206778
109054
608900
470013
750594
33336
82424
17052
955812
743424
195181
266116
186895
683006
36159
79796
54964
175917
139972
952668
829850
875359
655394
918700
875198
635415
274828
553607
793636
579796
633303
999766
881150
349165
217213
234298
255096
412567
802477
262233
507358
959108
935692
381017
241899
308582
639372
583275
170799
670674
619431
72511
674843
763903
583929
359253
176684
228269
233912
17908
724402
653218
53969
982067
908860
998543
532255
401716
631523
851538
985418
753329
360303
282133
404218
267886
245033
763603
813815
647054
771902
343035
397791
397442
866636
245229
179650
222236
394508
705569
89886
624962
581341
267303
551538
673021
121705
80520
619713
595761
504566
13452
162213
668583
687179
40789
836812
76038
834108
830313
841748
604257
625044
410381
673535
496874
907935
814604
432723
218563
896017
492887
898897
283253
716566
737606
135631
678329
554999
650429
166644
83636
854502
390953
321808
86145
912806
454570
723734
397926
777177
287819
972534
402663
144104
157484
237787
615225
857737
120321
23998
551695
881136
941363
620197
726929
319572
961700
378876
673515
204764
308624
680526
581122
349926
111759
326048
772416
836532
95670
137002
401680
635252
286046
366451
968806
488811
424380
889480
499189
193661
594863
407448
613508
709339
17945
461039
921179
505417
192676
600525
925975
481803
327590
141219
439581
466027
994335
902313
541035
890282
596255
655455
330314
165825
503301
858910
643552
845778
291810
148569
543458
625072
468667
694069
892774
298759
883373
722691
319638
243562
16235
741398
465089
144120
684003
691078
283979
588073
308031
243135
858885
888698
565320
988870
887383
856179
829284
927178
202074
58770
444416
485859
291074
664214
613961
824361
230520
986409
648787
765491
617542
705642
207773
763179
969260
187863
770284
294347
163855
809236
815955
150838
22737
431450
202260
330421
538364
197503
864417
961164
10711
441245
600699
687353
703195
599074
320252
247944
353408
682548
634544
991382
553136
94142
309405
837152
980893
987676
396643
852934
475438
804831
5950
789154
615636
830333
570985
211967
502267
925272
42717
351160
702813
938153
588024
866031
201712
806025
318136
506214
590464
100636
807654
363709
172119
53530
603343
122697
191128
879227
505325
873229
76587
113471
87973
979863
886738
172183
603434
832953
436954
713011
342079
683427
540526
920937
131545
510042
612102
431487
767458
969303
580412
928597
139674
9918
173055
758514
256152
589945
85216
540201
273455
72945
493002
592743
630508
688169
90767
743068
345403
728630
102109
250564
814312
498015
262863
299089
190083
276429
846432
864311
10142
149039
998842
814035
692272
361517
68652
741369
343004
210182
141307
313611
539016
415375
471116
126901
922283
234574
333569
800959
944587
297670
161278
120831
958209
587012
977493
424155
755868
937538
642598
254671
976897
243260
486987
754061
376924
75171
527203
689982
543234
938923
211710
328423
276453
320511
836002
553575
436211
587092
356280
149980
99659
845339
467222
404454
114908
326736
335978
988931
466588
813360
602175
57946
10787
850567
631215
410771
236194
784999
171814
883811
208962
271797
633486
797477
890013
801629
136285
341796
264979
308965
164535
917109
307978
649311
893312
650497
729798
516857
250882
132321
852001
520558
524920
189730
123175
192543
343989
879271
700368
18300
927604
714094
272091
719452
318525
667307
558723
120749
121008
504848
612128
296517
346865
579246
734685
996311
523248
416693
13586
220225
655187
830551
572926
606529
930627
457995
601698
354696
475216
373038
910012
39591
746690
364740
511135
674086
720125
622747
724971
823092
792527
15248
536943
596344
189978
255275
298200
385797
523289
568742
439379
857133
477136
130763
672711
885293
434132
589819
796520
71109
424244
371722
881082
855275
173699
325320
84323
277141
869699
263259
592810
220724
730416
402760
993938
1537
150182
605392
104269
17711
87023
737527
118303
700864
699181
596512
69648
558004
311392
400211
114765
548316
816021
265569
341853
941516
330476
731487
628667
7406
634436
344269
242708
840116
76997
569755
286558
832997
911561
459841
510226
908505
997032
527244
152136
862976
377182
943929
53102
4764
983643
402042
110757
410575
831144
789461
881657
53070
872241
392620
657914
498933
60851
54295
104571
804341
311875
409133
127847
902376
485304
140898
339259
115653
923894
248970
482787
961071
230872
133628
427061
61864
292281
605778
857924
697698
604575
217356
891618
429750
650117
699476
975414
526830
905796
324380
79926
179196
622685
574179
344256
463886
895781
448855
888411
74105
178573
921493
816901
825362
96461
980300
722808
3036
142765
374783
449214
853467
56240
542568
268141
600199
116189
670010
934914
288284
737003
42496
538710
155854
646600
501921
637375
60314
973190
406660
504838
622968
529187
928400
530944
371373
15923
923724
189835
777212
586412
986790
426343
217532
626766
836687
555566
648709
147501
555075
552753
335108
770140
398374
834417
295535
357112
719242
374327
325202
634830
184909
406736
529671
144106
360672
167785
896963
835581
350178
594243
728269
107690
669162
461458
573323
445101
496228
655352
399477
998120
451474
598809
252458
209996
133300
275610
127073
641696
820739
599611
581112
305649
687383
588879
286120
279318
917416
815636
741722
663391
238769
991603
989522
833050
856688
876437
748490
146561
798730
137951
227418
153795
925836
989772
21778
295469
502093
746598
708394
704629
696623
879393
943121
892835
415044
554580
402337
26717
688333
176596
207156
31757
743709
856367
229392
657841
472220
251074
722301
664894
346599
55800
786424
929138
325717
193887
228032
463157
460181
555560
89933
160683
981427
628859
702048
768857
474233
34165
906677
322993
330802
517567
388310
402683
617866
407756
653578
516770
364433
221743
752874
583577
656862
809942
815123
352936
388944
421671
754935
632983
79216
513589
807374
241397
818162
10399
376427
406661
248858
111621
892585
601222
226812
278056
847940
280350
539547
70173
972867
801378
350195
630574
527699
363012
900307
583181
245616
377754
187361
795382
906236
677831
933057
888352
694578
921160
679761
929311
749876
23325
445708
305049
820992
474129
34510
11298
554945
796840
796918
97399
496642
339301
348647
734292
432125
414389
41257
375922
134994
312251
852462
820833
145811
884409
483374
810685
176764
90456
636787
731152
773440
359508
574833
506244
254782
838022
56077
47683
279826
225423
457406
102381
642952
906078
603537
214517
677612
892831
741190
510425
219965
28737
86360
936059
583936
728929
402906
784737
531056
67160
198781
218630
486034
401950
901166
906778
865255
328537
261852
40541
221691
712262
829335
496083
737819
494979
579028
796773
613348
42870
244749
188692
326965
655070
971013
166106
115078
644020
94569
651039
561874
769469
438354
533653
87280
372591
380264
332272
550528
262461
967264
652485
608640
223105
343141
799230
649342
537605
878357
736376
479400
844974
317026
747705
470783
198406
79129
501841
916330
2341
468351
940556
694631
710522
852439
907984
322780
13563
967169
563162
80652
898663
133309
58704
398885
806516
306572
732290
612917
300763
868663
396673
794173
926972
810409
223004
677854
333166
366967
417588
466544
607783
528512
361531
626
491141
989936
246349
727451
785975
458462
416490
469135
701451
966997
270672
700525
523028
628528
760113
571141
364919
779615
497942
568935
900434
766342
191376
694295
702602
852484
949270
507868
17840
218577
160960
672951
859536
685696
898271
893873
750101
740132
977719
387533
21148
498191
178714
95837
756243
802421
447521
639409
180814
573616
720266
320170
256294
212061
536361
738732
639310
657123
42188
495282
824499
462164
102512
982651
654671
773483
7641
565986
875723
986869
560850
790091
515471
70861
865921
200569
157159
890880
785894
988093
773075
257103
911664
359945
103659
296018
362044
172579
628269
251193
393899
955829
86437
10670
286366
104129
702135
176342
952913
77937
99276
816247
302225
97804
249751
712628
706331
291269
937731
769971
618131
464878
5627
414367
486686
269642
886101
249097
796956
313215
90716
513833
181189
917610
530424
101251
69151
355405
338940
90405
881369
396259
294796
943373
417223
461717
988905
487
250811
422341
346715
989235
328956
150023
961402
345989
659174
880623
555608
266278
44382
582853
910542
676440
118639
150357
191458
339895
407558
987491
694610
160571
719558
761916
442624
659610
156041
298216
488377
255754
897204
807356
978403
244068
19126
488268
400195
233572
669277
758397
625897
50573
388181
316663
281528
433514
433981
90234
305750
263982
818407
806856
666604
4349
990380
648256
162842
942596
487786
805451
754811
235203
701020
591983
230928
431211
781460
66241
847179
490849
40855
644663
846906
793762
732437
390236
813454
904258
854915
994460
838664
842509
566167
216191
168383
858382
942816
606259
126352
841261
352831
653633
109474
216819
199301
956578
630164
996458
787819
352043
308614
141088
153256
631779
13377
531978
227443
538997
991748
474180
800149
747456
520236
106742
179497
833548
39102
638547
971955
589208
699860
459451
676187
303631
156003
967296
244229
512280
884965
251014
634510
465868
454695
413572
876196
615235
558129
643751
429506
464263
797901
709461
614599
27626
711862
555022
646194
398964
225950
508271
96956
615604
468508
730897
563602
499447
361585
685902
333550
641239
611765
980067
727569
756203
560419
882737
198879
511260
828478
337374
96150
180311
781534
863897
655980
511198
198810
884218
871749
677690
144467
893127
336846
329739
25115
341843
127865
709119
731777
346432
983445
64929
921338
536358
442825
47305
462638
662860
111533
301490
467484
960595
384324
631720
744170
909555
229338
436704
781197
978972
849015
781730
925969
552702
471293
580385
153413
412324
465123
419371
229575
982843
663630
807547
191272
742321
64201
823084
660667
341625
808225
261000
125503
488939
716704
969983
391014
996487
20132
820979
856193
64090
607834
455280
32267
33337
601116
700921
179791
776042
941285
895037
320822
791203
193133
551017
216945
244522
823846
696727
400383
354779
396817
111524
211163
548936
149117
165791
78086
730490
309853
872284
765996
245526
875781
778473
568182
210843
28353
971096
398891
633352
13970
596027
649411
822491
632902
221550
352010
676659
491570
653198
98094
165079
995599
776264
5349
521871
340655
895052
43709
167344
206554
702111
587969
730870
518857
802320
863237
665033
485118
616706
504207
672034
331838
771624
453282
426311
835309
33232
223592
823922
196932
610198
518971
365968
500593
576249
298256
796901
541259
15306
735360
657804
174255
168704
854068
373020
111548
118313
136685
758695
682025
121723
157934
593884
885822
581513
561158
252748
359669
246801
18750
79561
186158
850098
942427
458730
412489
126394
356752
457516
567524
512093
588163
925427
930097
986563
32570
442414
450354
359224
144290
482968
787156
594695
533116
723546
568549
459552
581028
586893
979252
418166
534976
804702
942532
155878
82049
332363
661292
476881
996569
666442
992206
3018
480505
544200
967410
363
4485
140686
582206
150914
228567
425408
995668
800425
27757
957760
73096
487923
800176
110703
750524
362114
30882
660243
627162
883446
861667
671636
294382
666816
919391
131041
707486
64596
59543
583600
635846
273917
818635
440994
710964
28042
899841
86212
258877
376742
49333
633330
847098
915910
211550
611990
994019
991291
840920
711182
432262
221607
109490
133292
227683
876044
638422
972823
218279
862080
227473
653454
396483
794493
441407
669773
847721
219029
853460
382536
103971
200194
193289
964436
418895
917979
571809
669797
451899
582947
175830
470322
320217
872060
977573
32181
860255
472889
766963
939086
276606
922193
628506
697991
830204
443118
785173
284338
561200
362213
34180
919215
351578
355073
753563
398666
66460
300280
945453
57985
259033
757439
301585
877922
962601
433401
377454
181075
235638
405322
281001
469612
311414
725195
100391
58878
108485
162006
149633
6391
733598
254784
554948
898525
218293
800422
594401
797112
603637
962784
502648
354125
672529
884499
805947
57220
875657
688803
592066
789483
66619
611973
144811
458323
199459
505266
839212
934616
766513
355255
621687
700415
703942
467497
211912
378104
702602
222135
641614
278466
861996
891608
868532
717549
98423
783011
792586
620347
494094
179453
903829
548832
306756
103596
106799
809
733530
837514
397916
461753
36822
552086
659307
960813
515004
344997
919238
651553
839404
1270
62166
305420
388119
906978
307989
709191
360479
299506
679153
652011
539467
485451
882650
227607
683427
868164
113065
869521
13486
949656
332716
774212
419846
107127
346514
25703
64085
617207
92976
493567
721582
269351
801581
402362
189322
777860
298384
58556
749789
245573
922916
308984
359572
537745
722822
34612
516014
995473
989323
844014
567348
271263
944848
749853
749590
908509
734239
915792
840996
167395
52858
495027
422885
792464
358728
148081
825624
353857
166681
759923
800133
566816
801304
97349
980670
506708
788876
295962
338999
723478
740554
866982
813439
773092
859515
604329
12570
992206
270534
867212
537213
542125
889498
229924
302310
811507
565593
832467
66517
900254
401956
599309
7658
1543
119999
249208
745180
656343
79521
612781
32211
573336
635355
22620
801636
511273
380066
655820
374439
131468
963835
989439
693173
683290
800450
126707
431811
194902
957270
322821
279510
835870
130404
755953
531042
3709
557711
777140
531395
938654
998649
299922
854103
922523
940721
340788
230262
379828
195705
165993
698254
463324
119218
700813
445664
173100
891686
556999
667153
129211
146930
594156
932526
517445
782094
23873
483135
475719
389435
562717
624070
422829
528072
174573
629333
699363
794368
456209
840201
296968
217267
90212
754086
443009
193247
487258
51728
413738
931579
112386
194916
573158
372769
534506
377137
99799
305750
820513
203095
412649
780983
802647
748794
497289
641921
273057
28706
613748
891004
511705
84658
854442
446405
969379
247298
449921
803575
307786
94428
221845
701109
811144
337104
249565
500887
381540
680244
89689
255151
266422
538236
872679
76471
292742
561009
971957
769944
786707
232337
313041
757081
498223
12612
15133
842018
894535
178422
107038
857132
388609
79573
390387
616712
231422
701097
400674
683784
434175
252938
459086
841806
953891
237187
728133
624367
167630
945986
371638
888003
24038
685176
204992
741388
355255
140499
757349
252800
416886
668885
931741
316724
664035
34449
148999
563815
672455
168962
597754
89257
846429
625928
935802
728422
466509
705600
357190
982035
994643
322494
195022
592052
624703
104938
624066
757639
377237
890420
283718
863377
79636
151029
20226
118914
573268
111972
591701
937607
274952
748465
797737
605037
278052
309569
886241
501229
391448
422215
83504
855064
225337
528508
233987
479200
636225
713210
279262
644800
27501
81978
209477
739273
960645
991272
96016
664906
569400
229536
519458
410844
202213
648968
486835
195591
594678
963978
826440
268628
246183
364652
556484
800625
648357
939533
22041
930490
489681
620862
979927
246698
960099
474298
119141
336413
287851
993924
722893
11777
951603
33436
733744
523353
682305
447965
5787
783725
424761
170102
557938
422354
348894
866627
814089
567505
69113
136263
826706
618999
805458
469320
610352
723833
514587
361671
880554
44033
549165
207323
685691
120345
827753
643241
744966
802355
78273
155458
60198
300690
216975
412761
931940
623065
472483
33951
417090
461806
507162
641341
640244
34123
548905
775213
898734
519073
902329
768438
712856
888361
224173
323202
215391
836104
531071
9181
931877
318941
15624
663308
281688
613931
219806
181000
238304
817630
638487
271830
200434
636732
718508
852612
263362
182121
81465
432770
951253
973782
800353
50330
881012
557128
977615
280269
800316
861377
134487
180300
148563
808077
407034
477968
72245
688746
510664
862166
673772
611668
178272
723770
30686
924397
202899
45487
518080
819206
528999
83097
645929
761357
251192
258567
856833
199315
958328
911952
259864
493239
804566
636553
233363
93940
952573
772768
532097
758405
750963
171544
49483
575665
737890
723681
762314
689846
856180
571795
906419
344534
12887
412295
693485
389432
806752
877714
975747
578429
109003
831071
567861
934433
933025
498984
965353
693257
667954
854417
507263
597359
736002
859361
930562
422694
164672
904861
200058
194380
852913
447875
881886
709388
263724
479968
525286
454093
239806
228174
76415
353851
32365
391374
389400
690160
976986
934654
988186
273022
921024
818230
433204
737499
990937
600517
629459
701482
533727
642307
743793
882978
657711
400787
763013
84381
581450
492920
979096
93567
237878
856912
185144
879233
933570
435056
720133
668697
625894
210718
632424
57288
332744
232037
618276
467391
194267
965465
82308
713903
212770
733671
6772
828204
5203
722008
30764
862973
112662
929378
230151
579458
213804
494699
150450
63554
537261
920923
951616
433297
193514
204892
188889
800922
317233
976113
937747
192783
261870
188272
611737
111338
714030
831773
116359
32798
303039
899365
333400
70175
88820
370036
552759
754635
811269
99699
806065
651123
80850
502049
941004
445322
205768
917901
113201
712425
486301
46382
869508
514685
127733
499487
23636
617358
264358
730233
118958
823340
389081
318095
489676
140280
767175
483392
294507
863372
232675
434877
84090
276808
962327
533144
957742
105850
475302
344196
132274
263849
45872
546351
38460
217791
701588
739833
590395
396560
319023
269839
387565
200715
129859
609321
101388
903548
881652
201564
648296
973435
392811
633628
238352
743989
169949
863890
732714
788500
626598
155350
380130
629646
769487
256777
618943
590919
72303
604114
949841
164196
22637
712499
682567
765293
85795
518599
131549
621790
378206
246618
800498
208651
542018
946405
887095
659501
562698
643748
802628
154380
689582
898326
886597
914507
832861
197841
565969
945227
404522
518783
308891
360189
195523
252281
796929
566216
788763
69054
157314
716563
980266
134799
648013
475311
937162
475563
747636
356708
965314
396386
22271
392855
692832
719001
997213
75541
709183
867161
384374
562558
15656
313235
79259
31248
423829
281460
305567
492687
184529
597409
555839
899086
169467
145744
538620
646237
629289
862274
223050
495696
950568
170976
339297
842535
776226
600561
276848
568031
23577
52086
694065
972372
178831
910307
850583
424529
485768
55290
382757
720182
236583
666373
463000
672645
996470
802287
612932
656905
331777
223295
66365
631459
534241
381362
736876
505394
786838
898229
860865
750942
402894
187004
784135
913538
557122
359554
246547
158579
332544
980957
691030
535153
596739
849917
985170
204010
790718
668097
973417
91941
372472
7093
511249
361105
106384
689388
922532
842987
426978
715894
642836
917894
251970
317631
479420
820922
461861
406084
634769
73131
790944
305266
436215
345461
51592
813149
732912
920177
602168
754010
716655
101927
660912
419961
414795
471760
660826
772322
733903
662022
918185
415563
7918
218698
623322
126675
479572
382386
225885
885822
334167
303341
369676
491918
944908
487540
421273
461306
836662
572239
672775
307597
112794
457729
804943
935006
834094
216530
842723
389160
225263
634871
602894
870597
951826
140959
431546
115532
108690
136924
753676
107267
381736
934764
820074
866691
859033
735652
750428
605351
473641
188088
156304
629680
131885
837033
275127
822073
778430
944011
261646
945489
536394
876722
192887
498938
647364
784121
761157
716541
439355
757678
382679
125096
123849
399133
833243
115750
401890
189624
598644
860217
942156
681568
671670
659606
764589
732050
104078
760540
715392
986673
73663
422643
958562
321195
373639
72829
912905
438859
617248
241148
245459
761627
339746
483904
752508
934516
877125
470090
810346
217508
877829
706819
476067
546682
366238
816402
591646
654832
764407
505758
768951
386422
508827
158240
586619
538135
637218
112291
677475
697290
122414
111451
591070
355096
410641
337440
502599
818980
268108
677701
707702
391196
985267
877913
345010
208251
616428
543290
664068
865656
999830
56592
318631
813646
438725
638189
495259
349865
307564
284031
831448
999338
803668
894960
986464
320407
433608
554330
88429
668642
800787
825386
289866
927892
967265
783824
276542
843158
787331
460896
566691
562524
834894
942024
127124
937903
20259
525614
723396
405973
957832
704230
41132
226270
194805
884365
343708
38350
260716
682949
539635
509218
194047
784781
354090
157249
298613
196603
713098
505216
211399
354649
439614
979282
603269
41562
483459
344907
863126
217591
364475
72911
20124
795819
948961
664987
594166
153479
917655
486383
706783
419122
923548
846551
95284
573441
624665
461653
921554
196079
325466
73453
128029
770873
84890
363085
540190
877529
776503
3286
757188
253276
79364
282123
591051
180450
886653
117589
686906
321714
530133
372656
417030
449336
434220
59702
319188
921884
51997
758534
318812
799487
459187
151185
391273
479764
514747
573057
524285
637401
149428
310341
439889
602673
551651
176637
207673
928736
490307
218175
675494
343778
394010
278468
656902
731368
851559
374771
161030
592176
245112
455815
297079
558656
190296
657695
556686
350846
134116
394786
834502
53551
133566
556748
407200
355850
463643
199834
623050
459640
730360
993038
438238
393451
605994
485599
184129
699480
367122
997761
75308
516946
8366
916684
739143
808068
379405
919755
416177
807883
848347
541412
958300
980334
683354
552031
248278
874555
833010
15380
101218
249087
359839
275254
646981
354337
788360
164918
846748
423387
296368
475349
749034
689942
429829
462921
844464
207522
465942
4811
232117
212623
805218
821499
94821
893994
903243
218033
56342
180759
451882
385697
711781
704072
391932
35626
331071
339287
883065
413371
910524
691782
673925
632930
605797
295248
73855
338483
76758
575915
548152
37649
968511
50013
545790
542556
545796
155320
44886
794103
945029
454772
235655
299828
176631
944103
897747
796959
465905
816803
578433
554148
563267
951532
669909
191517
318913
686164
823458
244348
83677
150454
268662
111570
319538
852939
338611
114042
932253
31596
163581
428516
379334
770276
961679
157953
232637
551921
833384
30088
975039
896920
986340
285220
566807
302242
954661
641786
559137
537334
696048
251866
134186
235092
116628
411969
571635
346667
857348
787912
717204
30360
273926
996078
873662
259069
630212
656253
382937
329657
252608
822555
371340
60553
821157
640111
282074
797435
884536
117101
849577
879242
923437
418176
619231
143579
371926
319955
877413
620243
590838
631357
488717
123283
354036
269254
955408
741649
149867
695706
393136
122388
934366
888777
197244
81035
829193
797049
161970
735691
54355
621801
720574
724196
907103
198370
848097
597150
47681
179324
363117
360981
47502
186122
777900
700078
12492
831843
913889
140341
63560
56654
45286
999957
526727
140297
554996
36275
916116
151286
650050
905575
252664
676707
873668
287255
437704
527028
875348
867762
442136
141679
66158
403334
790285
843684
441046
249023
618321
280759
782100
907325
729759
129996
669471
538896
40253
532109
599512
284179
295946
752154
96045
140642
816365
417998
678238
537017
953389
794602
943580
957738
688863
125857
287949
275450
651514
357952
60333
29146
283015
268471
267342
751549
446131
217927
384128
11674
825094
247050
506763
143168
436142
3290
593561
475408
740981
113311
95473
955804
382482
944121
734750
910491
465371
855494
260462
289029
778264
622864
555862
919953
83570
186390
849267
798793
126602
603894
663019
159686
446566
960052
372082
634062
507910
276649
285544
578694
353813
484042
647584
244182
57659
364628
975676
739416
634639
10897
129972
463355
53866
38474
234485
484858
72150
368777
179622
730485
724582
159370
192709
873577
77151
891390
747504
796241
148948
724283
75584
173464
644623
575683
134480
973241
763563
617518
531995
36917
626815
491767
483459
25328
55605
756385
17262
153641
428664
355844
329291
126740
987596
589048
344115
875542
237943
521564
429162
999772
247773
36612
839684
897561
642857
434365
879332
959194
855911
312445
274528
554439
139376
761516
446912
776376
68412
350153
136422
291569
14427
62907
337031
918972
278207
376373
581719
923426
958385
193284
498179
511685
975076
882104
560216
601885
550503
782381
368769
905869
964979
299765
917741
528033
642852
753379
908047
453607
667461
979510
109055
903910
937924
270369
991038
530367
693637
720307
519575
16799
30738
727912
546208
25503
418415
777099
444000
475000
405131
565318
291146
285862
286931
594312
728744
40344
754081
505297
859987
572304
225938
946845
951390
5085
717878
725419
428563
674995
866144
754216
882261
543076
453916
929021
187172
281405
365824
251506
897151
801407
818715
883709
34852
620409
557643
33963
77555
611775
800555
709418
385713
197257
573481
231152
382376
263465
294901
309836
66475
263018
29397
821383
949110
941954
70165
198518
786356
329525
790876
248415
131227
350022
508250
828998
35635
318041
901790
316691
988724
213610
383108
23073
698060
646372
547083
996005
718783
539743
124101
655993
284457
899129
249255
385476
648671
858960
907456
974472
861236
851161
970311
15816
528023
10784
254989
867540
682074
526428
560657
576179
403405
608430
515250
425195
755081
770294
274431
944175
112456
635538
312490
410726
955505
716020
436892
30356
554675
784607
165666
830567
863175
475966
688644
36000
86615
126881
139126
449052
939261
510293
946152
950399
24548
628830
277176
72572
610827
517139
186184
678978
740712
419223
641129
431046
663657
604847
944566
741993
401429
666309
941182
266439
434641
869624
755225
675995
727167
846174
817563
163090
628737
591575
475431
688747
388891
168975
660891
979527
694327
622287
924201
43090
626305
743744
148421
627726
350770
846142
525498
83513
696939
104021
78936
872219
276215
203035
993800
679470
644275
429866
913600
218089
361226
484855
378897
735787
5720
310676
799197
33921
922096
615998
913319
333268
926905
545444
728963
708018
166899
654069
523564
266807
240983
871460
762868
536791
809245
908347
995478
961419
517079
867801
129575
403030
674683
325834
223403
304499
140670
998785
385796
352925
640731
956084
247302
976186
534002
29204
679078
566245
167950
506664
518288
600919
257279
53765
750167
481201
964646
783788
540423
793384
736207
581824
307926
888013
792440
95074
827065
24248
698992
818411
610068
524176
468443
380293
434569
178298
912402
740262
806962
704348
733287
134698
108457
804301
914246
157901
311236
982939
414519
418050
554014
95224
69247
435762
829648
572865
168422
87636
503743
45548
950100
1317
184847
121294
966677
514565
294582
487751
863612
918574
424107
620427
379683
34897
503868
242893
41616
708687
846143
409033
217331
479824
895264
928111
244939
735364
961178
627495
5289
490548
215489
588741
540877
403332
823483
751947
727020
635591
746703
330325
78867
707135
32149
808997
327909
772591
575821
450315
170240
752159
239500
809201
585790
875948
130641
316097
492248
116617
407862
678387
108708
809942
440194
162038
546495
710939
940699
151354
190085
172897
233369
908376
485245
479341
760181
212895
818514
841434
591840
188348
702332
975378
277360
883205
486526
94824
558389
916066
645320
391317
463018
735896
394428
987790
45319
609011
260941
200638
802740
939152
945092
914277
133847
688260
512221
830989
13838
835949
729294
665380
598457
207763
84775
249915
417006
606393
362452
65626
349072
467206
458048
281021
298169
153227
437140
982767
746004
309105
25053
145730
286856
3456
343180
918057
263247
636302
20502
880626
38373
774594
138172
804898
37275
33092
400293
693678
37002
98627
654247
751828
387557
572514
648036
657301
848872
358912
901073
328143
798189
723938
794258
292218
122781
384767
460609
645055
264003
657705
765774
947120
882812
344851
926144
789096
172619
29507
641562
640064
621897
667733
575321
64299
714873
808873
182873
637679
907130
170026
365206
219201
79893
678396
227472
47547
841654
885185
408392
281020
213432
685896
492008
888412
88793
210003
907391
86666
588941
493636
370474
772613
394478
194467
38734
155891
122448
652814
583233
606113
645875
395262
611976
773912
891154
340338
64763
607640
141528
144762
57221
246068
25650
909409
43336
882889
616959
152696
97565
153692
499813
862971
864121
3472
300925
593891
386667
68288
960686
734855
795329
219967
546263
887919
376011
528809
887398
65911
960759
927590
894918
894109
43419
992699
684021
427175
40082
2764
47091
684212
378429
783794
773846
629085
423915
582773
57979
618247
853587
629542
34519
876808
753150
308828
626219
470515
876482
206217
404438
394434
704936
630647
638340
837663
641135
958117
202564
779727
704170
419384
466744
396283
882436
953376
157733
336732
556964
566280
3946
350723
184811
285625
745998
490371
157210
661708
620850
440124
391249
945610
145829
810756
185074
113698
318358
582387
628132
674309
868836
908811
248692
694882
149970
248194
224597
452857
634454
254062
255176
801374
528080
360844
603223
149965
709400
209645
73915
836900
529520
683710
196381
930241
712793
886130
64633
689144
257985
99022
239839
745009
248473
221841
220627
607645
22661
883837
519701
463955
207533
579654
728379
853067
336497
681558
865978
503349
776889
15739
940739
827511
885865
505006
482057
706818
914740
506689
425313
505040
543112
490404
829571
816892
20263
855827
120301
933309
270806
982176
632359
53760
689646
386072
686113
579170
616591
964309
734776
577223
954932
980832
719063
167897
172450
675840
568442
449505
536827
447716
188942
370811
243759
612456
486197
450361
605586
111559
424934
472151
833480
252126
375920
33110
270108
165657
655198
449271
266928
874044
438006
140181
731279
438928
191196
444831
343902
519144
712404
171697
273649
715406
151717
877583
761019
34959
423384
82686
948509
669024
758112
966590
489695
780972
780691
215399
897404
465659
715158
610974
992919
113152
677272
465973
292684
4991
52213
314973
396578
281817
665146
111048
734428
619957
85192
5855
754094
822285
875345
792605
737421
325906
692288
134278
829983
641661
892789
621448
244370
674676
400238
249004
271753
397909
527681
137401
153200
759137
145989
410726
726576
990216
787985
62265
614334
34381
64092
929664
62222
235669
51588
157291
260966
197202
984618
238468
887245
788230
675002
437645
455714
996535
986568
77109
412040
351278
882518
133622
189567
475435
881586
72526
887118
759016
919036
654231
224732
580872
893573
889861
304799
739100
892499
910780
738219
790738
994882
224908
70572
693755
823813
116362
125359
444663
782409
671884
835546
446336
340730
269696
87164
950351
990046
714793
232383
935534
928864
771128
418490
904795
181544
747523
410979
828630
753125
792868
119650
60168
732972
396017
307392
923600
368314
66131
441662
540267
130581
455749
584450
382398
606097
566699
709421
277699
716271
403852
895304
181070
896224
499630
939612
294459
994087
508365
311136
328822
207900
68663
42189
399271
794124
684295
972238
320376
923646
582204
595155
227204
86929
554549
919877
380957
845569
745163
746964
452154
63880
36811
684523
453116
907361
893070
808197
2971
319463
174455
590489
316401
45212
820361
738737
613731
538183
881250
507481
575144
20660
301464
354162
647287
490847
206191
145958
626897
75627
812596
35510
173992
344333
314168
798959
989995
671622
105068
456763
915887
402637
501526
820947
674555
899274
393326
905554
252464
803775
563671
863397
541139
410242
897725
968351
361209
711845
625671
688681
433294
475126
741625
440918
596865
811745
797034
494229
516495
662516
143900
901888
339179
986491
534525
887825
758087
261130
32633
334771
981826
670297
844602
597494
384686
443849
399485
76637
495292
173701
872082
753106
682311
660740
176816
929338
825849
700074
659954
566690
66398
9678
29042
889240
198403
38039
630529
282199
42058
421311
870144
243162
803022
238457
501534
342225
994989
494127
133614
590193
621302
201828
204707
719014
407920
85113
330219
884388
260421
666123
626470
658523
607754
498041
182914
302857
841836
119683
710837
231529
561144
726222
905813
464137
345094
720260
831191
382905
649347
386328
873250
96159
176538
33767
441103
729384
687423
717754
323840
929561
236760
282088
632986
609347
88840
350616
995872
547797
705752
474405
516781
50636
783428
668058
372238
885061
935712
253212
267065
636722
2661
615
513518
556587
616988
701936
804265
984604
707494
397674
237185
997661
31334
835813
609952
432671
901323
53072
855327
131649
198141
174239
611070
781890
144099
902920
224253
166033
714831
638439
468825
192897
397767
49574
240664
78065
530469
739078
98695
557274
985134
667139
552627
98403
278694
893263
953330
280456
896517
733653
670353
379150
433623
317435
350098
209801
553403
880951
736691
238727
901127
494603
286633
369244
189961
566110
305004
382859
118761
701497
324779
745038
734186
476570
411233
701507
899535
981880
37055
606131
692890
240212
223689
245503
633199
20281
195901
855721
923032
92752
558125
414332
578658
510562
899630
17113
704164
463786
672617
329056
873695
47830
809871
474615
300801
859034
298921
876986
662404
311217
866573
91903
241267
781234
407916
524228
279565
271819
71049
687800
978818
191708
711876
440291
961882
1586
147220
639410
670453
278878
76308
519587
897773
765938
686196
161737
168023
402903
972816
595260
335849
209230
587805
891233
254197
602049
1600
4946
388052
324613
410297
412265
860126
786991
721340
660078
580437
166416
455584
620186
153889
674446
818992
504648
654838
757472
93728
997559
608594
824421
46169
934014
155298
228002
257333
173453
714820
551638
197767
701595
736039
569724
538129
319474
541199
490781
151193
905491
543093
748495
362069
190854
829579
57421
829251
173123
409949
190964
268181
562806
31891
602072
543498
351027
891283
847361
643608
35190
661315
664133
832901
330709
957548
138627
811861
74820
519994
991225
37342
268549
187552
436803
236407
865194
101272
883569
721231
298760
316040
726083
945754
292858
482816
476100
895525
452559
483552
135744
558347
316113
853079
429922
7552
906547
639174
188719
952394
747862
758786
253913
562192
749304
617977
382273
625035
747705
652460
39308
411417
721291
470938
710624
637104
509814
328765
169468
311983
508550
884781
397554
329104
962706
929635
400065
258618
267241
642841
705427
213235
344730
552972
455951
913267
462880
937507
186076
320084
97384
263018
9524
92581
35137
974007
92064
643229
887263
876525
104790
208684
718092
666399
97899
900141
616492
869516
578422
515704
685099
978952
504259
933397
62405
135292
81265
197835
206065
982980
519849
862166
183083
345782
926011
699190
109277
534914
7510
548132
416617
464693
826340
267168
483349
768600
937344
41765
299348
39989
16277
478334
342509
455417
782164
732339
948170
855413
395665
246555
935968
721919
734139
538901
426997
846773
598134
926226
16595
598369
571863
133257
289799
453304
287227
712142
270230
979773
589572
704317
257854
964995
743729
130064
571876
295311
836121
285008
444447
996827
854212
603945
353503
53623
678
817238
807035
381707
940473
575931
310743
890167
89654
768721
832558
885211
5167
221499
477506
174578
687180
964280
584605
200281
452640
386034
732226
530414
363751
59059
658933
70996
502815
440567
751780
952402
155455
467740
129073
317915
637400
457973
777885
642728
850631
677247
386834
495617
18004
406955
507149
536156
823211
631386
867750
992156
385524
295655
497021
494202
865745
697565
716355
912321
828468
488521
871202
949491
395738
926443
943626
896329
949927
748358
856089
143832
152799
740311
112934
680783
191486
156194
712299
798621
447990
480551
68428
945327
172227
862388
778632
378135
761132
527444
606587
701320
87384
643941
732045
277246
161545
381383
430523
396987
177722
836337
242176
481195
687185
13469
871583
11113
359489
800355
95504
924634
265344
464932
524549
539767
159967
353245
998615
534569
924491
353627
794258
755917
16350
396557
924697
613655
518243
162101
411640
442706
714341
531961
584452
642949
568306
78230
927665
801522
751089
888308
982704
156088
393309
880852
698818
656664
371037
421605
478302
424724
99522
705975
841083
250931
185500
508039
197499
907362
141817
853816
233524
699124
372091
408803
232091
264906
111893
292421
864655
964558
348194
590039
767616
81625
187746
219515
987706
887989
339409
588946
273298
535292
152806
790186
44395
287455
21733
451989
182117
188547
739873
681877
392548
712901
652946
925555
848376
250078
454542
40622
673582
535266
13671
223185
246322
691747
215970
68701
176543
436914
574991
409062
128293
136325
138506
727930
382742
275956
120716
684475
932877
107486
206126
6414
546299
826152
936252
199148
302607
584037
208050
432150
601730
27858
419222
637605
989564
770872
475057
799359
766246
769140
37611
801894
712269
73171
948546
762602
346863
636567
713191
708927
989158
328151
177909
865257
653038
32834
481678
589460
105749
473476
86484
802880
757630
464129
874561
879705
370641
826046
694756
589604
168195
338719
42425
840918
621181
236171
995747
525375
561387
107435
838088
808035
284452
813010
647305
398121
46449
911351
930717
353773
59324
131549
84297
344496
344983
619219
989054
976431
532901
999767
917775
946193
770729
97494
854925
193785
210089
613455
547840
430396
291902
494165
800772
668140
94843
315699
785983
319059
154808
728041
623419
210940
382650
500885
45412
537578
234624
69933
620191
351852
980140
806889
131972
432584
586381
529982
619258
729108
447493
570564
741614
515813
775451
707193
658224
736030
899552
797598
594730
917354
737206
355263
380989
393540
216833
590672
365113
32243
681774
394995
203577
461524
368219
953751
278041
508943
574498
20922
427094
580268
377093
647758
633472
446654
501815
338362
218270
886461
633733
150391
315742
41266
567968
974811
103607
707851
992647
620595
952093
45198
348629
145160
304352
59434
527140
981380
145570
415209
126365
231918
399667
375362
536350
649554
897419
545292
638342
263804
869539
305740
467808
646306
735024
28463
252585
628641
350461
950995
175167
975072
3171
73535
374121
63377
229992
551924
11389
539990
291762
264219
225714
327104
230502
571357
720835
219250
592162
336593
536379
498596
990867
718736
979043
439619
149427
717413
557254
424118
767714
401313
872286
415292
907360
124939
945245
976689
250085
565940
749913
905776
299485
243303
222676
142481
839428
339903
614183
156627
190105
284180
413963
77717
256834
348301
300612
83263
321916
405465
771819
299134
884220
247673
369046
421676
962599
911797
817446
552653
746667
702383
675308
96309
25272
895124
897592
302408
938207
557358
18560
867802
511941
394198
505642
541621
391939
218119
630199
194808
3358
240718
586315
729180
885982
412126
9501
23058
869005
849153
238455
563976
716813
889320
583466
391755
735702
572387
425682
181639
191116
444588
885313
845673
439481
42909
453963
546213
435372
122562
781486
686611
24301
338569
33627
59700
725659
507734
4389
690899
289509
663731
533765
664839
558625
371237
841608
258453
135628
971801
376854
396274
934303
147453
207775
962406
115850
286252
168099
77451
938063
554433
709662
981813
469630
103117
462095
427564
629065
58915
488228
589396
932291
257744
448388
93678
209466
945320
392184
841847
997357
358267
518263
623918
293867
97895
485324
243443
472971
778759
407782
306699
121282
168905
752764
507072
743332
724190
57883
46181
551162
856970
698445
603191
537084
667419
601192
436703
698411
735670
637872
796373
452749
319244
488489
305566
444486
832044
631358
355446
17488
174451
350727
952584
451159
270750
625019
974937
10484
689920
880946
792325
930947
610831
756756
139234
448675
341720
375396
317889
822025
247251
73379
70227
435329
209361
117858
520103
815811
458129
968872
771985
689262
718835
852667
381735
756515
419524
126031
73765
751361
180600
901704
542128
977592
314741
539886
510007
577932
450379
274476
51574
914216
408706
216581
288725
432476
190605
326036
864429
857653
712218
604541
940586
880184
675723
756278
765067
729915
378174
889388
881862
790879
543496
231187
906889
706413
329409
832397
934300
982732
995769
263286
868706
288477
476681
31754
863615
773171
446403
698484
669715
302002
565643
537588
258339
427459
657727
310955
194969
455665
310418
526982
689186
636387
230710
639301
103605
989750
532919
888999
374068
803702
568549
90932
491242
545274
379946
874150
250037
644057
376826
352757
870461
983820
969319
918206
48866
479778
628052
674191
283188
321050
321538
361809
157723
381984
785286
364690
258007
455783
479451
860719
54242
787167
292692
566171
345586
649939
925034
573838
27547
255523
131187
287436
366288
125977
698804
753360
798794
625385
256909
589205
359873
954506
698898
294850
209559
280939
257659
761776
489492
238740
13297
663257
884044
711962
414280
363614
607837
104638
958028
106292
514325
317859
605428
537261
330864
215659
754484
664031
362878
56557
759918
497011
284131
30676
946824
973004
802680
302871
154009
657617
617872
224208
727164
578393
946773
919804
145095
684338
371728
14734
387862
656974
270855
987568
547968
810891
431808
795863
829803
540765
494052
930561
665980
537306
953855
233230
168358
189218
565284
130104
913060
62313
11758
145841
588354
977443
956512
265880
149972
29067
132014
994519
100362
50639
104085
640091
941020
98395
932325
979185
949087
446912
923871
668922
845114
722177
198137
371979
626930
740282
252414
498531
751264
556526
313490
13641
311109
130603
816019
9474
288948
374812
455964
418284
831917
960171
961059
276218
843210
48785
285570
680461
689746
125819
571667
682091
982124
194842
114228
788574
203949
745736
381225
748716
265362
196050
305697
40814
445897
654694
43409
321039
872362
333274
937597
928995
450243
832982
872085
624097
958608
866336
545340
702527
828810
17346
853155
803496
81302
661210
139924
883805
487262
555262
917515
205157
207101
380937
883326
934898
665812
210311
398142
663890
301562
261753
274614
939470
31248
374917
234319
325859
281521
624125
334902
57178
900873
780234
830325
763462
194941
259317
570494
482522
788232
273809
624519
412964
531686
823433
356622
523946
253544
92098
343102
726943
287976
937580
758890
227650
473815
620906
628534
983380
336882
383771
534037
524788
16851
258373
682796
405208
437604
248734
360086
771114
338734
587766
364865
104573
749199
62212
121205
877802
399946
715595
124213
846539
777913
54248
307902
720596
459741
948667
525356
706889
176278
379568
655036
579935
979694
534697
602220
809907
387727
490697
916735
7201
285973
790624
548444
991171
967998
460974
11926
731718
539646
513558
366023
913898
553839
379169
327957
627286
820774
326315
524694
940949
773345
943406
871504
941233
922524
461673
171673
810986
774979
977132
18333
998099
30721
364419
598846
898634
659318
786044
507478
921426
145416
630743
121304
706255
57745
700426
830932
923677
734454
19374
935577
891404
338327
10441
187060
68924
563874
181304
422807
803026
907778
405113
402069
606228
265269
956883
114762
179111
761020
301026
782296
571490
977835
93571
952972
350798
825568
918808
219294
219260
555984
433592
438231
746051
901181
914614
322253
770325
985348
638093
25162
521662
517394
414693
376715
219512
805751
816260
468196
336301
986195
924116
929345
262410
826412
327308
600839
114171
725474
961534
357336
910473
217274
417149
21173
947214
846550
150441
708671
236689
640837
179609
153238
536322
825847
937571
559330
150611
222281
170890
581296
671664
307391
386117
611956
663581
124239
17320
549869
841131
741786
775858
794342
584791
876470
313138
615000
225343
880806
71830
750317
638850
306411
535569
903967
844787
997683
529256
798335
550200
779824
615514
689042
464453
841924
451114
370198
399729
701272
350538
666914
718770
46412
758822
339371
973306
683721
373322
386722
749933
656626
877296
159483
252413
196344
982634
490057
500708
848268
459240
606533
700029
78768
246119
796910
172672
781991
654198
421706
383192
345739
764518
935178
206243
230397
168782
304331
506821
633910
922168
279865
74153
91260
212076
527182
625365
150641
207830
885624
957417
870534
784662
264153
787316
38924
30437
575336
331379
823979
101855
953525
190375
406059
364145
962825
290066
208496
489439
386091
838670
248195
947570
215103
65993
662474
474877
484426
693472
21402
135691
345809
26455
67299
600231
915486
287859
132298
312520
949156
792052
93524
822102
104634
544307
848061
460381
334595
388563
316585
324685
511215
199975
695346
376427
536666
698528
528992
676121
163474
487153
385398
774140
764214
290753
200169
787983
531769
470732
959276
520260
705606
175639
537062
562834
825022
455822
254597
194912
639452
32828
49388
180556
188922
41765
741896
776920
119277
924803
46848
647985
184522
335196
168075
925982
35148
943228
582363
8706
155086
256980
910071
654157
182834
797487
841830
238021
392740
118029
378567
933996
824889
327646
121854
810703
179505
476828
723849
811051
720859
731973
626608
707836
909656
110900
142811
180771
188279
334747
66109
644147
975808
748959
463918
782808
9676
224208
855063
371172
938321
714116
507526
101047
809020
607183
523682
998027
965303
204640
347192
597530
479434
443579
568243
640748
836701
909646
596331
125120
946332
529267
475860
497238
919987
335681
795543
450455
507704
269711
982589
506786
12713
723719
963464
778420
772170
837922
413852
252659
340913
621573
379162
243159
106717
70264
40654
233526
678592
416063
65598
800682
767773
731863
72547
894049
939468
246798
150196
607616
595483
139519
86621
331637
227983
979113
963215
944152
320712
249068
655473
142332
740546
250655
299124
866328
938487
490384
235076
611469
866
604505
724506
413268
50911
880539
241646
60102
262895
100826
591370
322950
256983
596021
944698
567822
843431
154560
934175
216277
395800
742912
928995
408282
978959
232706
323847
239952
420030
195416
114073
28518
806314
129137
743937
904114
986503
405268
532409
29241
349439
254841
804509
181725
643025
173892
77016
222820
587990
299807
419582
330209
858143
532658
780088
680833
951547
326338
777946
991924
62805
734435
269009
41909
932473
563675
916088
543352
153527
85397
502665
146992
483296
893695
502320
334714
704174
932800
167611
578601
329920
512409
791918
287214
464834
978455
566004
660388
231659
34738
551280
908662
352544
435974
405808
172910
363574
879787
637699
32794
18196
910771
300321
688220
391031
240831
238921
266383
456656
776638
533800
923282
368328
301379
555893
490674
5859
232642
787546
152824
437762
790376
737996
698059
612227
600020
520955
370308
166019
709749
288357
729037
790595
335553
664901
36596
434280
57679
890986
278930
747036
859089
411490
218066
349971
507890
74005
618848
250920
17800
515757
315568
687141
815542
297139
437288
816481
614561
58613
476331
76676
782349
320547
663299
348070
725075
698490
527402
668694
297345
31384
630197
617207
490318
935917
343198
578948
499064
685458
616236
637683
344828
557044
594561
917560
426353
156521
545408
360864
509570
307043
109785
649310
855622
391938
263346
221923
907966
409539
368499
569446
14186
453462
903790
815299
613640
3662
377322
468031
435178
960242
290635
770346
683955
229360
388255
328157
528942
592881
310023
717155
919178
390600
289984
348148
692022
111299
388493
396125
404949
91492
61123
335547
460382
169578
516720
776101
365075
150216
874089
546410
581020
764791
61487
175984
173888
425895
467901
171963
140863
120720
971441
174350
63054
402920
772244
970668
432303
826669
615752
5815
50349
539681
160461
442490
823921
364054
491952
296450
104772
988703
204880
961894
566754
881062
281230
158632
832951
740764
124880
667636
39289
304587
975346
916613
423393
586631
993355
50215
142663
608899
290007
913239
617305
586687
339846
995718
349815
49311
884832
582012
596718
500631
996883
23194
431312
502595
871451
238200
161197
947603
459852
230125
950768
302052
619455
88812
670039
719657
212247
685963
276944
662984
243567
797920
90413
312449
245666
594052
488260
611017
376310
668921
209382
51317
473765
334760
549882
349394
754058
556290
424373
442065
497061
369609
351415
559071
966794
297127
183109
97107
711596
221884
279391
65601
410562
313589
40190
801771
950228
928535
327916
860183
101796
184092
133823
675580
506171
971700
121907
594390
793487
219692
165347
586265
54926
360300
390436
719682
120265
613594
340095
621640
809088
451165
553416
283250
528966
635452
644959
478466
417361
276772
252355
817679
679520
735112
171790
473648
466697
149155
412369
343316
599326
257945
979148
115247
82043
642939
260554
40911
796527
983018
916823
5773
995013
120595
570911
631070
835566
812568
200101
405129
565964
830799
783516
260403
376413
416803
639398
22614
409154
480792
873702
540624
61995
583981
64516
732824
141922
964442
822588
87435
195760
68409
122083
664420
585199
960385
929336
512267
234094
59628
503651
323076
607930
502203
648333
999880
571599
430992
160923
250929
52315
248120
249928
912462
526827
405324
359197
449302
199605
669484
709648
62266
236161
596908
458679
170323
761908
112075
516647
16443
939962
984670
49389
559799
173327
331852
65064
569682
742955
626738
774401
263045
859016
291623
110473
721233
570385
736473
229741
75887
909864
860054
38296
770015
600660
627879
636390
334302
580998
402007
107648
814899
278022
76305
63576
94823
389823
122151
605635
30804
849379
317295
796526
306966
279484
330952
71870
237087
898833
296442
483400
362855
50673
190587
213801
699840
17566
805134
180548
397447
818009
110983
519126
996598
760711
225001
29047
205655
749373
961328
572016
734931
752493
501162
966643
44777
312044
423295
194427
373818
430303
605586
999937
941568
98498
400256
826008
839071
33300
916870
256038
462612
780515
138559
810879
135690
900975
536586
954847
657675
831038
617418
203332
140243
419579
261767
546278
966081
293452
432561
583124
558055
466607
402181
849068
263104
177807
160713
541175
90177
888233
734065
154207
325256
443029
598116
980109
299697
338292
565336
518755
343304
392821
856985
397011
199576
715011
185705
468826
267938
137423
538626
901853
893673
499893
709239
831582
438826
152397
13816
797019
869354
917329
345908
413443
190759
195366
839257
636310
772912
183113
904695
184280
694033
770583
888258
940529
703014
71033
475958
542884
230544
122922
790101
869866
945030
108646
868236
55146
593923
345648
690228
297496
792093
537536
871796
766183
274742
717320
835587
816684
334923
59938
779339
59729
476330
711384
23337
159090
192832
132559
403793
287511
26704
196048
729871
155214
717312
586740
26856
482853
992078
245996
34335
794433
638495
890795
833875
7006
708088
532208
548869
651236
574470
499635
831352
149986
196887
899435
301297
943081
414635
764986
102814
141256
157861
370742
515091
472415
484636
661845
822575
98
320271
161460
826397
865132
856501
877572
677239
301629
972145
301202
691268
299218
889252
612145
5858
546592
637021
596357
846719
904044
759083
134127
767105
499338
193108
577680
175366
887792
233502
234300
291333
970549
712010
244925
80211
878700
795808
911425
48770
966039
442406
632993
463972
88074
4714
781390
147117
879710
832895
777818
705462
328654
821572
116448
478942
993777
814623
193746
234571
230932
306825
950621
102862
212339
832579
246459
336101
311188
963367
227605
707290
653825
625881
150610
46728
923744
597020
516672
145021
224752
184897
482590
964923
712162
338042
232387
636825
568978
2572
405231
150727
583008
408611
732077
86511
12399
768127
923809
43894
994746
205772
102003
290465
915534
474256
237080
259989
648744
565822
646394
792054
336299
176359
207044
286129
155262
820496
942667
914966
931072
944670
800668
505053
616489
547566
7070
854794
240894
74881
696292
712298
35696
717013
402130
516797
715282
358031
391080
396206
409973
796755
53808
190653
173154
992502
864896
687613
791348
85003
984045
790393
243663
928602
895500
492722
266433
570287
94822
946372
725811
952334
120375
246375
281099
424068
917603
440592
966562
567384
261430
674679
490653
671841
984022
452788
463274
912241
988616
322883
658969
930351
68059
765030
197332
148419
206516
228202
383997
567978
645687
968641
793058
707369
379728
149518
872479
459485
571739
527552
829073
88497
840630
963669
315506
906090
827616
851840
494422
502108
267150
509670
441153
676480
37450
926465
711075
559197
905288
319591
819633
192866
330887
227045
746592
276950
793184
750021
380736
782886
863599
750640
639220
841181
337243
511596
305610
328243
344707
783045
232123
230204
37894
236426
329792
951681
516399
399919
654670
260140
923260
290256
677809
658844
7113
419413
350529
558105
690014
390256
60930
954849
158418
153731
954462
159265
174618
109023
873783
922303
12786
692584
23084
686036
500518
822484
240554
339575
953021
557138
235692
246068
733955
720391
779408
422876
679602
333363
767639
861878
917564
124082
590137
576083
888376
370143
943907
895808
733862
547155
400462
198740
233248
847947
880637
802152
368672
669928
472979
78630
606632
83791
243918
883578
972370
719536
295652
99686
456436
477924
16184
494706
134447
893232
88697
362624
405525
478119
343704
509438
125044
670635
735652
506356
727107
495188
872003
328829
858024
685481
884623
915794
25380
869194
25802
624770
829596
733489
393472
638974
719557
398093
399480
209040
252458
146510
911958
951724
810461
458367
529744
971743
735352
210508
197707
543012
273038
471909
702033
499861
981364
728699
994033
300095
919589
689128
414452
412942
800982
100395
666871
572391
836055
309136
486506
101525
762147
454318
888931
696602
498564
570314
933152
74023
936293
629722
647255
872424
471094
592675
784316
762102
245430
213827
597775
246704
460064
809099
226142
38436
13300
843140
612446
235622
667936
348435
450786
896771
10891
213175
847798
322704
67519
36078
474971
169563
338928
814199
508894
574403
208493
6515
123223
16228
622114
803365
734523
188138
102919
798936
326815
892103
134377
956192
858186
896703
524051
408696
25717
293152
560857
116619
424801
56464
491456
904782
827285
119038
338957
194698
933427
999291
274985
490359
3446
921249
19501
738948
195915
332401
290320
718772
330504
381499
829034
699810
920077
924854
877796
745317
948982
79727
884991
846926
807162
517470
754493
191886
693539
834965
275248
910453
293418
623122
360157
969301
170350
841075
863755
682181
515281
106377
612334
163521
122479
744709
117611
970479
711996
800142
559688
459452
278137
315189
659250
16869
693971
279360
587369
518994
398936
963875
747404
691036
917398
359821
298428
554544
817810
723997
344368
323595
790562
40757
910101
129701
177832
781607
960671
260458
99755
778125
362865
75363
809747
408757
425573
364980
191105
932472
212536
257598
565449
651180
30421
329060
641037
719407
434364
455339
354295
689636
155791
436155
148626
289274
807417
609922
286534
858855
779004
46392
724782
846261
927253
26173
435095
66867
883789
102750
505880
495116
806815
75190
64201
58228
360961
936497
596961
808766
399185
277804
205360
999754
418781
696888
494709
73116
216335
140542
943133
570697
487219
865148
322905
753547
520295
881069
50394
821683
874398
580743
412204
391997
325328
370846
503404
216767
608130
791846
788839
80316
73005
615957
812625
769237
647182
920359
354207
243295
820233
658747
142913
157136
109819
302363
345471
946386
325275
186585
338159
810938
735563
172052
711697
519634
75713
309402
59079
413586
299532
389160
387764
570414
343814
709516
636463
577289
927125
92971
32292
317255
851037
51167
391751
774144
943558
119160
591926
28624
946341
827300
652139
688651
252873
311145
818138
624206
751716
712398
324973
330800
260757
110618
394650
369304
535822
812148
453277
818792
978151
368169
931287
51671
7422
240844
606083
874077
720520
389688
112017
611463
872057
902513
871521
303530
303436
880873
854237
635572
118959
384094
21619
520094
897551
682720
24942
449981
667259
77425
976624
406840
73911
829765
87758
587604
667168
900328
742920
921771
317494
195071
635811
203900
319179
56934
646117
893787
419783
722169
937133
379145
127382
425070
142828
377886
607790
157920
295812
924835
475648
736998
936443
215420
877498
118050
416411
582786
593335
121366
803626
318959
47812
779120
273345
591155
485904
425446
807052
729507
335535
491900
8925
727569
773963
13603
26733
905398
966952
163515
531887
497676
658065
829177
514834
971385
874724
438500
690068
818149
647159
357881
18686
664364
917734
423983
160320
991983
87227
999189
586665
656965
999928
643415
176066
548495
424835
109215
446024
387882
977966
257752
524421
376253
846179
990797
11018
272113
630825
498672
611979
504064
765845
227447
53399
58599
948943
722145
86002
481973
397888
23959
3921
90502
508693
173485
240945
288393
691443
624007
910164
891452
996471
69528
961817
994617
410728
93830
91767
117866
801724
566058
304085
446361
143299
586035
747401
391906
596404
921194
387308
97609
28371
467088
509975
906344
634619
171811
775036
123521
929613
967103
183010
646386
334901
414498
258878
516102
968086
330824
689259
53480
550482
748469
338567
297586
610359
944913
875113
258467
68809
861165
243330
108207
790248
967588
930063
882097
725406
6108
253432
877756
841735
704044
496072
378831
91037
325591
977546
826022
650847
14263
968060
792045
849118
748213
21811
380624
603492
807989
570827
108269
358849
919246
530376
615787
196467
240310
567438
907364
619441
244349
796345
540286
956564
523888
748250
947223
459171
478174
679055
657822
113209
504631
939518
480639
87509
773392
836141
983094
496510
155074
643905
189061
143377
998003
881234
290112
534633
610540
636327
740038
59689
957865
971987
386634
473768
706800
728235
829007
429242
562329
432994
307058
914839
819692
628932
480737
534955
602855
813835
191402
971706
427358
140385
242222
844333
586365
755891
300852
222396
937194
791534
246297
511034
467269
304538
895781
887992
30161
643535
526522
452247
566124
659671
380710
926958
823418
20962
274327
108819
677472
258208
810030
237642
207852
278335
890604
657672
315090
781889
548425
88674
666450
568824
375587
475735
181813
65505
139795
912246
175157
155803
855900
460910
522364
211138
232445
247728
514373
877933
786598
610306
861407
495104
238727
704611
854992
15150
329347
677655
650390
753294
91971
518734
757641
954649
815528
892213
881564
580862
518616
762584
22850
788194
573370
307570
551853
785527
982268
172563
639025
950840
965137
718252
262407
200382
402233
186618
314862
733890
774072
440077
500268
670384
163432
976052
870387
219492
930858
352071
315038
690755
483704
742097
385306
289977
368214
622744
951906
998282
993191
575625
691938
997847
677596
351941
271165
849008
219655
462914
919274
816272
597582
208031
475385
987001
156730
871689
195060
44077
87983
818691
632096
143238
992374
604437
822435
471283
807606
123603
679487
368463
95810
411656
789948
195487
996684
824640
979813
99880
93686
751599
780712
432811
707593
29441
644385
545790
39551
457599
675312
262025
688698
974746
936070
304089
630872
831128
730367
831588
33630
245016
199721
412890
335313
596291
933220
488164
189155
13329
983009
138747
939466
771701
885708
801384
292845
118887
394694
557588
740216
354892
972043
509835
229776
809667
23987
120785
886368
622990
482836
821857
412176
351323
310788
237118
851927
555759
722044
199544
510375
188334
41816
440510
749639
102857
556155
15770
712127
494852
206031
850445
22572
720482
623210
427911
718899
417776
573068
147843
505938
289004
40325
802301
64850
74448
850547
554385
251097
56958
878761
516849
964508
342793
97452
620419
633649
584413
641751
408021
104514
908557
594782
130110
335966
630455
559535
317970
665513
36374
802740
48321
102580
898340
448693
633804
221927
912618
863195
913957
688859
288677
709071
433251
190404
214742
115137
926687
7691
528487
727557
964462
371450
93621
585559
26490
571473
872894
234303
318783
297206
745449
550224
803872
331848
264428
321930
514019
458324
406365
131295
808400
996000
739545
917523
948705
764069
358091
794172
247142
95387
103258
974569
922680
749228
241905
673759
635223
858634
186348
305279
521955
481820
54492
501507
982707
831891
806647
279783
447126
881436
58783
684196
761316
870254
778061
813335
212543
273986
357146
238913
397547
775331
399402
909991
160520
818715
832885
347994
877928
301133
809651
185425
155089
776993
536484
672370
3536
668697
613241
820463
409208
554819
316706
188173
653750
689031
29365
484864
957202
714912
540983
234355
473028
124903
634059
948644
864176
556427
172852
234347
357568
105821
895625
211162
639581
734472
250868
77504
588234
126494
930918
115528
179997
422797
779803
796607
318490
422896
937733
717235
906413
687234
488536
744246
226436
729197
685105
413122
700871
306496
353060
604278
450741
879616
948704
359295
781212
299157
442625
780498
275893
872549
921074
403349
870233
536318
601405
332829
823972
653229
223921
944018
892773
496556
386351
850287
215486
398775
664849
572518
943583
892095
786870
733281
960473
607160
413870
868898
319009
561037
866815
902987
478436
179700
777298
559482
533633
132571
953725
63820
222312
559809
397422
491139
531533
313570
726128
462914
107656
5386
791325
892469
747532
516939
263969
394253
71362
378122
903974
928233
606913
405619
970977
210896
146668
810701
527737
945499
703401
695719
750223
610352
274361
692466
261678
273064
87417
495785
371281
505874
819252
759210
913483
754705
25891
937064
616279
332448
767106
344314
62012
913782
588303
746187
121244
627141
526946
58420
394970
434716
268068
773287
948710
644204
835117
228994
925159
264871
766846
871427
446915
323332
648727
55003
752206
806175
150199
324571
802828
391486
517678
361035
996389
79855
485088
7386
235364
674253
495576
29615
709931
36513
788230
224606
627959
656420
568983
755510
838092
557410
464815
636151
180605
77115
858630
825184
762522
810372
27996
917991
606326
6474
559706
858242
965587
251254
779655
157922
41197
523340
983843
822912
866976
926478
381539
290320
63286
898173
358090
311057
753297
90239
224609
342726
886705
850140
800851
10879
809763
226338
423399
913680
363143
511721
348378
461347
570428
711793
845976
190826
29546
391207
980759
761068
414763
460679
303313
192065
157398
588891
138588
856537
843498
451297
668519
274614
515924
321738
843347
441786
917853
675423
556779
594778
723252
586622
635266
743730
646675
768835
906280
472947
261391
60162
561032
386615
671937
595760
677153
807925
353869
617121
782815
491536
677324
936107
723157
723210
930202
534698
356506
801302
864253
652061
659965
733898
410864
326830
234021
826995
796044
644495
218634
542019
254994
713280
170634
897317
864151
744109
19305
590641
324108
155827
958504
579131
253673
542915
348480
354630
546614
750559
697211
98582
716214
155010
548912
717027
629488
159261
313881
14825
3099
239099
942930
871068
727397
925061
774065
508537
433056
714722
200444
496184
816841
155958
648331
651294
123703
358156
397883
160047
386461
527438
572684
291264
860860
46257
831768
392105
820520
513198
577265
372697
341492
443306
786837
596741
383100
32951
710160
190009
350288
409267
397423
122383
568504
303502
515676
738620
825897
394218
580123
979207
911618
238939
303904
669846
976579
363085
650762
802337
680715
367941
768960
792135
511371
387904
428263
567807
171597
984375
703933
362215
505307
603844
449749
406968
506957
403870
348975
480667
88627
137664
101363
960340
167962
299241
828554
105309
916479
808764
895961
415246
500494
458439
134811
968119
753557
340384
103322
455696
10314
179116
227210
934472
679989
682169
75202
953913
532475
131659
646616
595197
214985
229620
376343
338522
977689
541852
727456
25688
533156
712737
116378
367284
728420
4631
761047
442797
562181
506480
487173
217915
9127
918007
211533
753567
531666
192823
653707
533654
461239
240440
567851
644391
365919
274857
321564
921500
693427
75609
670388
125069
964583
169439
804832
785943
921923
418906
346758
464236
970319
413075
322105
558084
578522
68991
175256
492210
261031
586848
772227
695249
709621
686986
442491
290781
443882
299395
332054
541150
583003
843396
918107
997758
410362
679324
445568
414844
891485
151732
758909
42297
954215
712429
207692
222512
653781
986661
957632
948035
706727
583193
305215
905264
526504
182820
359198
653922
293020
853158
356503
663332
325062
239872
112937
890416
721939
386747
902925
996198
132966
999048
667664
656024
992257
149538
752657
391490
286476
747280
579673
200663
673862
845318
419602
962102
966405
627499
730790
287611
212459
695734
492469
348914
553575
915569
256370
313959
64933
918176
540059
890841
649619
998779
898835
256269
807953
401750
856093
841726
188469
473762
195639
146609
623800
351052
984529
937063
25088
67331
872744
741484
171658
258007
908868
151181
94963
541885
393482
453287
460836
817263
744127
390233
447768
403568
768538
985243
71436
983405
801347
138088
904834
459775
73198
121175
630577
779277
389263
194632
901516
372303
173177
161401
208045
523373
125015
651832
155998
860549
33413
789619
786372
416716
116108
945899
840425
144524
331192
544135
448484
186251
61016
243653
292135
580044
213266
603851
796709
400559
798560
201116
422302
52915
112491
55974
272008
331996
100610
835256
302428
693999
145847
69712
233978
986907
648854
410962
137145
305778
478915
310357
640783
19476
300143
93656
560217
368940
449462
723282
739401
886484
397977
765351
657897
893332
587091
618230
123344
6536
878490
944783
388384
658463
671539
487682
197240
288575
504370
199123
978301
769926
470605
750025
577472
152812
254044
489637
266508
254468
834416
263984
183311
41185
462157
584110
184931
979158
951941
664366
609655
368213
293042
399235
596638
903352
830863
213709
552052
853214
295667
168304
55593
292526
796076
867495
277803
859255
640820
88305
808436
787576
858515
923561
172781
33339
413072
703219
23933
188700
301781
127634
159731
786919
845854
707799
691276
553375
495453
168052
493537
634843
935150
676463
542384
165708
567986
630002
316037
509913
79306
677887
770244
732523
20914
718848
128982
517637
348407
316092
157806
627914
634711
136614
44407
909090
745139
576016
250396
660600
586803
560189
186931
36635
569334
492883
426631
408964
634356
265839
408384
584823
427251
98259
513201
283394
167586
446330
788158
289442
880022
543373
405544
365317
672670
746734
885111
419627
432517
977393
13122
859237
243619
222314
39646
661760
531040
332577
520929
581755
735239
668450
667602
621427
157634
252337
907631
141664
763384
4059
952089
828920
475263
353768
229536
790449
47936
223469
413543
96036
338982
801662
435572
46733
597890
224320
140118
471791
345215
762524
277043
992468
478077
190415
946925
293490
802380
473822
824689
621801
931142
604327
472476
829289
271881
178579
349065
690545
179215
397032
479035
380274
677292
534075
197604
185810
966884
315842
448656
251084
333991
280072
441073
110964
259114
830777
851655
878616
205283
920797
384428
297795
843041
396898
178361
614555
232261
118353
967257
369002
481057
666851
339752
661049
947179
642157
402183
296344
39389
35318
736831
864251
144557
148713
480398
893823
487140
622949
807379
888906
391390
292978
316435
63247
944413
982991
488422
90417
705865
130663
157057
129215
295560
12130
750624
688286
378870
764567
339984
404676
928833
162462
500886
885024
556132
504131
720448
764120
851390
670680
443014
24810
474510
123874
272987
117940
497102
921587
482646
133710
592617
169752
475128
702101
641049
201256
106201
50883
285665
254589
397556
780858
736996
517631
852619
18208
595297
701275
900408
52963
826380
417299
801554
324829
886857
298480
574904
596883
20679
962962
658877
867864
685559
562024
603952
555343
199400
7290
190918
884749
642241
493027
948967
616989
664474
875677
835218
893021
381367
415349
857005
30149
220897
759261
512813
736520
744931
309408
909918
60435
438750
856304
599695
409586
163530
267995
803614
244434
603977
556892
271707
676833
186473
555726
70876
411729
919159
841147
200221
584124
894586
918419
725329
978338
996627
131320
826569
170765
151983
575030
659968
12437
221222
48080
905921
181440
361203
223477
424501
481921
449872
718034
314381
234017
263342
683201
44872
443067
655118
903391
125793
634849
958015
240763
620569
790941
581876
599529
509596
173586
473217
594167
984786
344832
715314
111095
491397
499430
74696
174779
131562
830209
153809
719263
189518
231667
643299
457728
264990
816447
487476
191371
298003
160945
44121
475120
869496
613531
3994
893172
603097
48505
162030
130086
534410
842998
923480
293225
144401
242823
693597
338416
254897
628918
503648
127881
838612
476089
82716
495120
30612
666560
194302
768132
129638
38286
393181
867574
919075
558015
535
862749
109428
916584
977225
263751
565146
166619
51818
829546
999384
348041
352196
5785
302845
545794
24849
190482
978769
779353
826094
745844
64668
967203
674366
363341
145806
752862
472734
600402
16846
976685
400064
7720
571938
521345
300326
410974
135415
211412
858237
792382
660878
482895
390804
325177
764931
329484
585591
16063
316731
384501
530220
245424
48042
363979
673673
194540
88831
556739
618032
459654
248300
194571
612521
913944
420565
193386
392922
241520
57876
593541
967333
606632
852199
348669
967070
806740
332023
702198
851560
56084
268741
232051
384811
572296
330227
196829
22579
840931
255341
129699
111656
580249
764274
867066
709350
81010
857731
272453
106937
627520
94950
514897
854198
299245
199959
744311
781176
775854
988108
905189
397622
976148
124324
129718
269566
722241
139819
192572
321552
75063
938188
866976
993177
592140
398036
893985
260363
371834
993631
42040
116693
846675
910625
136604
794948
832209
994323
872929
16438
614859
166455
482236
734582
373700
363082
247073
173113
141214
553030
20237
686580
296108
649617
90912
209880
844005
988741
246306
178603
335795
972765
670502
734724
461931
134840
496907
584291
620632
601421
181471
40939
502256
646572
748639
894716
789224
768237
644250
550257
305571
347575
810740
746995
404678
998318
601285
981176
609767
545530
94625
903708
957923
833521
795507
987738
423246
831328
290114
88999
650693
884219
671638
579307
358496
450142
203891
514140
79812
274943
478404
908409
329877
163635
375827
801057
311944
733273
502389
151246
241814
667047
621379
978801
510540
457103
820674
988906
231359
430861
222628
182883
364446
693776
580456
325387
354656
157634
473244
88426
667996
131702
793283
463142
154807
99245
973137
322065
922999
23237
368786
75500
921526
252543
265579
31293
667443
667755
84473
955848
938115
747826
360854
903213
595429
499776
597498
508702
111346
576716
643901
463418
603891
182085
117370
506571
762637
547355
254160
975065
140055
935718
302274
593385
323788
533815
233086
728981
400412
422330
257659
590345
241501
331396
892667
152151
140319
542399
517168
254648
911452
864047
868475
630112
953550
74016
416207
681340
38235
532718
143860
49483
856236
20785
164008
84054
747995
816963
112352
911118
942026
667503
965804
554688
319121
318263
880760
939767
159375
959938
780462
611054
217570
613344
591993
369200
516977
622076
984101
98254
108582
159645
132130
369660
649081
290584
345000
961225
424680
126742
664500
923706
47171
351742
254832
858818
756387
914302
44016
270175
500346
215739
33560
237651
556102
167891
78876
454398
35872
933835
239072
392213
746033
690394
817022
686721
301123
591121
162725
414422
92405
495333
6302
64366
582473
6811
216234
827746
794904
599822
563464
569252
851173
304672
92243
729212
320526
644603
948999
450717
469406
787331
810020
589091
380928
283482
408875
31980
922063
984207
665285
393168
717576
186404
353027
198718
54689
967674
422592
848948
126515
512795
654627
722778
430610
807972
955841
248764
941309
535373
464671
940707
857841
805270
206997
812814
661592
617360
937166
388178
159646
38022
872363
582859
197092
596294
964871
420926
179598
292751
235349
994381
523896
235544
942438
721557
958597
760315
579847
630952
327831
503613
957512
763874
934043
396730
71127
385130
41915
886577
65418
132935
397687
578794
547643
943708
7694
508736
358925
532929
873494
740815
112205
677184
467755
530490
537141
269801
615492
816217
312522
409938
840481
888894
6244
913007
544864
332066
654798
863690
465391
199665
961667
538399
395612
900143
669657
208662
870857
59397
404602
535133
768827
899180
499340
183010
159633
61109
749235
680362
797393
326770
639212
801105
534750
308677
139930
280158
500294
248835
979614
276610
560376
669636
809695
108525
176787
819081
950441
722381
978841
570314
135537
288613
570690
983004
239606
915910
564013
127356
734340
635116
991153
35835
459859
25527
321042
419077
873868
59523
167055
274575
897579
909799
964504
553373
957567
587015
129438
836845
274639
846742
105474
643203
346839
868652
519215
171410
369328
838976
737923
353604
129933
232194
281960
817382
739617
170008
912834
419891
238238
549042
424577
449788
91673
807116
193045
567280
576138
639360
487169
113678
964399
485381
343497
57252
588687
57096
241861
196482
78236
244005
738904
358337
654706
898370
431546
614057
209020
873544
337712
136899
639413
641599
627038
980348
45068
757893
472883
186419
536609
787307
571138
933984
932013
142061
693937
827680
330814
911563
613514
469089
639775
166856
918575
278246
797910
653694
366954
704311
888198
65692
40546
783017
344821
616830
51690
577541
139048
29991
316660
668952
830763
533790
699235
83543
978477
967266
798398
297708
556039
55242
522816
843105
275613
66430
114700
84776
242397
692236
11005
752516
209701
982312
680348
943896
522497
687939
647595
758346
948498
73862
964446
580436
628490
191211
53161
782503
659667
469432
588788
293179
459279
592601
679020
596344
154042
829210
777907
428026
90220
700606
490615
318469
481723
233214
35616
595205
649470
849121
656163
200639
215148
521204
49204
945306
394338
932903
598040
850564
265731
665348
916440
630723
673721
680268
357777
435416
838938
357552
127721
887569
305575
754217
366684
986348
335470
728948
374452
507875
925775
445294
983063
575001
305819
638279
678842
61727
157720
64294
90740
75107
753633
862490
745837
466549
86122
207479
23925
684599
676386
614357
661489
881441
829489
271457
143728
18479
127393
594078
292891
456103
410137
107836
121803
333322
479235
459347
709365
329175
907535
484540
526272
778806
472785
978636
844087
933384
81158
680750
638490
80392
926196
87964
594511
236766
977263
963834
284726
595840
841911
874191
272730
525893
390207
798176
83395
653896
186889
538283
500008
673973
75052
302461
640193
975731
713015
846256
806075
905454
505712
636357
162821
782784
634869
426010
267528
614779
56708
105672
54771
165141
752790
392923
674868
193649
761894
348207
73922
696134
568015
863971
761367
249198
494035
290109
496251
472205
12920
701338
418748
280540
996812
420560
779642
861393
671690
325986
1758
564781
785493
603551
804523
241825
912033
820951
197421
858142
355825
10427
80077
495416
44026
714000
369158
372790
292519
941584
31922
843576
3126
624285
99454
422789
996799
366818
860285
547377
284245
627464
306839
818023
249413
352594
147874
450456
586748
796886
507721
822400
43973
53977
751656
363794
557999
384709
467194
518016
483852
787721
140138
355753
748310
485389
222469
344606
197549
308049
616145
574674
620860
308193
699831
792286
855993
105079
63067
504687
654346
940013
437196
565453
440581
370397
159319
185544
946320
794135
856118
509441
5736
897790
839718
442514
754941
169407
617686
310939
671929
583983
496315
90794
772449
387521
713601
950854
763604
913312
338971
228376
560177
784111
931899
143863
383254
576219
365662
833039
569859
895897
155006
58668
171100
538945
432939
931369
59533
526726
859380
117231
368904
350865
720383
336812
813994
962618
98040
626899
273211
150243
559270
326985
422804
635824
467801
752307
426587
707046
871552
575577
815658
482335
346839
832631
305358
735272
170045
439648
786411
218103
792547
240719
328573
935308
237281
831500
463545
152034
210659
865784
761042
718802
784640
3893
61463
935877
254443
897588
697721
310356
326722
412316
538027
896702
580484
534612
475362
755653
482656
2797
433148
769637
751208
698095
809917
810610
557668
193855
60980
590285
50947
765481
959420
126402
870957
810640
942238
381313
805236
862511
215380
744248
730088
496267
919208
101897
356553
779447
306619
599341
207767
807491
527394
521317
661446
194755
556715
813464
692238
698679
262397
797070
614942
671388
942045
911687
485488
505614
562765
165049
525048
652376
603535
776805
763510
515098
589575
462037
388011
334293
408574
894004
962407
255063
174915
851209
221953
209342
41580
466770
996257
339754
636026
195641
730039
32771
842970
420085
144654
917731
435528
9152
468219
813090
170446
391408
229743
130301
330923
207605
459116
153570
469902
307822
312661
547995
782785
129704
452957
624596
815459
928372
891105
658763
261198
424035
759058
15507
247319
349856
662347
47492
182643
184619
597505
666498
94902
23470
525720
824104
457527
868157
377362
426642
863760
923119
191458
704836
739202
596563
453471
326203
286197
78609
270036
16397
425052
426271
366324
809151
962871
195996
972651
9507
556274
972044
442383
482732
748907
872305
252725
902864
263953
970370
440096
707096
472104
960523
757909
934663
399272
418976
461514
60517
249733
299199
101053
210983
224202
640193
54880
239356
816223
497341
748657
728758
472425
10682
480296
69779
742032
62670
443658
842792
732380
736343
59547
185577
954552
660885
309168
570775
798489
188771
959138
515014
752248
907280
263071
55626
329531
96094
314778
911102
895218
948823
206371
707248
257788
22982
597137
169260
618570
692121
796379
726756
208571
465489
320774
44217
850791
870563
633848
429352
835704
567919
891116
206676
90482
633626
95551
688427
557843
644682
542503
402552
881364
251517
959427
119237
720656
172806
172556
949291
661884
950054
589547
252344
919124
14787
730725
921915
545751
366215
548785
465710
183784
856856
699499
207552
404630
854127
148704
455679
639349
965015
55113
760799
632299
958661
91605
820265
336775
570190
826271
754499
547787
122569
120895
53016
973706
831809
867516
944868
68332
333911
328287
633501
571663
841907
20899
612865
729544
963556
712584
946361
471879
799900
842822
695399
566808
510401
927327
652049
128454
475185
240142
822313
392538
414293
311643
754040
528705
765984
286224
933351
785611
653157
251334
943402
310416
402003
265048
846281
89453
822734
964985
665036
243884
938538
514402
8387
201794
650054
307363
948591
724017
164611
608539
419921
264334
845344
800643
857868
181149
269108
324900
75641
897880
818886
106665
593928
321551
910860
241615
93261
247209
380671
414584
888751
240392
942999
399263
205736
491787
741672
726055
50745
724972
497881
844364
398446
122122
259580
237370
233481
360514
955855
552636
876302
410934
504847
299469
497962
311215
45619
831819
800513
398943
17292
28297
966099
648575
589239
809667
476106
836759
789243
875628
989282
704476
662086
569956
618741
603443
662719
548294
533282
983508
4487
215965
506201
778378
59282
432310
332358
832150
292827
512080
689048
392435
897609
72112
996525
170165
150044
623121
105756
343435
422611
117433
78302
349987
518046
674343
343449
854060
253499
983849
730315
237559
982960
843658
975952
53879
896739
454951
885135
236839
762777
536930
218887
603466
628233
185200
951794
25934
196317
828686
522387
853002
101380
876625
709857
400743
321846
655386
500688
592154
948230
7976
550328
849295
515229
784455
162020
393313
436632
772070
507514
805830
381056
72070
730882
754120
376290
200207
563220
505390
403787
491581
127970
673273
736482
349303
124319
311178
334754
717568
848588
861473
787698
966
958749
227008
725794
484952
172620
288878
937924
501621
863545
930775
839397
241407
72892
840016
839719
549647
683785
523001
427132
230754
760511
528188
144193
198512
865613
414833
390388
981725
109569
371876
99092
386633
607919
506350
237012
569602
631674
316607
815163
142041
719170
858174
309275
771410
190506
32199
196331
98356
448708
203283
66948
434881
493852
244470
270644
660800
179486
592193
415682
835958
521828
110599
925824
23731
953696
986365
330182
242632
655395
132219
432400
841046
676039
971487
496566
582145
332927
204304
806148
980292
459961
923360
151285
736606
99117
237387
281489
478123
31237
373596
843680
849421
615273
24559
245066
989001
587046
952401
77644
73838
877754
882243
247641
171375
781246
313822
40715
942930
354224
983440
441540
312321
122077
547908
226406
61694
229735
635552
36522
822068
230008
866216
463777
376360
280772
457024
904133
108110
882164
791246
900283
491832
168564
928894
147752
410026
630874
354655
156845
25608
819057
230123
336064
526832
616354
827235
413032
420068
817150
655769
298645
76128
74411
377735
680153
206667
253160
237085
893639
525384
892286
205720
318055
595755
785989
473870
970386
906185
414864
324166
73328
989736
981750
336259
761100
966869
575422
249378
6417
402581
255526
264089
360484
446771
39312
765983
305757
972088
18378
843627
888547
890617
463928
590676
191330
903370
803424
528599
667308
469008
873938
79031
326761
177973
504434
206911
708604
714548
683619
989923
405429
772500
248082
54213
503468
243249
114780
870803
51904
984501
716125
901965
478828
2918
180566
508452
384195
705050
36218
234366
367304
647877
746901
503126
303340
581747
335962
125505
330596
67537
206663
766795
654630
377189
442423
281280
678337
691870
637124
802694
749655
895237
721366
722279
766136
300563
459341
325741
526107
419549
595591
496166
400635
810475
613646
152263
153996
547942
173281
433645
33816
765167
832669
276415
315387
638156
662088
760174
697975
935357
772091
280990
201397
302829
966633
523551
166425
709764
477199
433556
522560
686489
7802
64564
772121
466181
712176
237615
406877
821267
887356
316392
553132
993427
958810
632929
48069
263181
541562
337461
618978
828307
424756
861502
215150
149104
845065
444566
62244
208636
864530
243067
98693
682641
542280
447628
144821
838232
667695
918576
502643
180476
498847
761878
359988
525121
805680
807062
941530
634925
724801
776886
537430
688804
416037
631946
850839
547346
337900
527859
660973
880896
613769
182791
862975
920202
941477
590993
174245
779304
261119
999727
27107
410280
216446
815706
598659
89852
911893
68035
586382
937967
918161
185816
638822
297075
504130
313189
300227
496919
722691
556120
88264
750164
206440
373533
763585
687110
974148
67880
451260
935864
978836
322768
317633
579672
959564
624152
775791
977290
103547
523210
830132
831512
55901
887933
211240
79238
188925
926389
946119
866435
538693
959657
367305
456828
118692
500895
770528
485707
423066
939124
730125
674189
634595
595256
348640
943378
492733
386613
461386
419309
713112
530001
406944
540394
254682
771465
847278
923615
394060
284189
669686
361499
165668
896459
600580
748220
963503
751091
597615
531677
281691
704921
830638
804204
387102
979721
409108
149721
560711
351573
743081
525546
724127
721850
667495
844587
978747
632737
60174
51331
415585
531457
755300
891810
561749
50465
357581
393111
429631
362555
650178
833086
934330
377532
727281
163094
247995
570537
59185
267825
53532
950747
273633
612292
394244
69995
85340
36062
994101
27944
252186
232054
199218
542789
429030
628509
163787
569744
42999
844114
504390
469789
398190
846068
61612
96641
894251
218770
920109
631162
525964
375967
139569
362284
522628
117505
575164
330374
92307
323208
369852
87555
482727
472252
433266
369549
805327
108047
979451
657468
241944
840753
944122
915835
105926
612482
562148
931083
870193
827427
707880
719137
182137
165477
173817
728491
556007
843747
92665
173489
526881
104492
883011
257174
6986
499544
519189
27325
205748
189820
743705
368200
660098
662328
930382
775227
954335
637741
617752
255935
882581
429196
790752
55107
12875
491338
279849
802621
634270
819951
888945
633998
927962
787790
601279
99140
843221
235919
743376
398329
853160
798696
463256
56984
491851
550378
588279
525440
970892
54391
774841
734208
469804
783442
470602
844994
263702
905615
354165
282885
273084
425705
577879
825027
957968
413554
607652
118705
881628
681509
391957
892453
748671
103063
829165
484689
899717
133772
657831
347053
868513
656678
783870
390259
483018
756601
396632
748100
43887
366522
293264
993768
122583
716117
958814
874099
704025
856349
99238
389315
636341
623710
583194
706917
47950
59534
984716
641559
503493
408930
576531
523368
241011
671806
873177
869564
536642
100612
600768
396460
496361
119630
930543
885386
858114
558262
230717
607425
592137
313874
529784
333275
120755
338621
493841
426333
849192
844112
906728
161613
268127
435248
35056
583188
85845
918529
231807
143038
551210
800249
157685
511069
504920
983631
490246
265677
307920
255633
328357
168403
114035
858005
159118
915999
104362
601479
852144
188657
29538
133666
494966
487960
146599
36602
173105
412244
814236
767861
541220
528541
614037
960090
171691
553021
582417
677441
522312
850648
592279
147690
344395
57420
297835
822378
195358
381171
787245
238464
759402
224261
166095
692102
176874
145307
474353
119939
666634
205902
392347
778525
585147
640574
834134
645932
708374
4207
583655
617257
903338
694605
663081
795525
204324
400208
344198
251990
696858
817722
692562
954796
876276
830077
930564
68482
867575
279739
151441
549008
324399
874149
649703
428862
555513
559044
194819
363954
249322
633878
697391
787658
416543
676816
724059
880998
296483
441283
588055
607580
230454
398553
911275
89743
872256
396734
823188
305498
412498
658523
576219
700581
772116
255165
202322
261850
371089
24340
851502
945266
993500
492888
295740
468201
267037
162502
920642
306448
903995
880392
691251
564737
256744
115
826509
327788
658116
739946
798547
374352
901615
133408
850402
994054
547822
781178
863219
806455
77752
367826
845420
68206
681694
828376
62691
615816
274198
540371
688432
171400
657187
917701
513581
682247
140834
297517
444876
820360
626802
33958
8662
750826
368193
14893
350140
619894
801200
952896
863835
846681
941346
337825
327953
800491
751270
177082
881910
102701
933950
385434
724154
171858
624396
11165
247449
518004
53656
338602
240125
132903
382976
114646
725360
939755
940925
779175
339515
274171
371405
880691
46496
368834
589443
759142
749937
517485
628455
928161
618124
642715
739915
727296
33460
556466
619499
55220
361740
646859
433343
691663
734578
118861
677217
155743
896309
918679
413270
849585
146293
575575
501563
438135
736982
569080
714894
153476
430752
134648
252821
679091
76022
409751
759982
714792
313777
988907
500661
624494
711193
675089
788107
490368
978431
298878
312521
525411
527482
850035
684417
128944
412796
939471
997165
96752
137168
375678
926391
546207
190514
519887
706596
348499
918155
24484
988126
451510
250503
418114
783900
704239
873237
156808
190000
437856
766842
487037
157357
336072
470354
777922
166514
90056
647397
199846
341272
405826
77666
547864
742580
299485
362043
318199
141577
663845
727644
716742
147853
325776
148233
822011
666134
936731
297491
408886
881249
871571
852982
471375
680063
658224
231762
626120
998109
198876
563716
204642
417134
538961
512545
871179
536951
164383
800526
923508
810870
504141
997183
241793
976560
413399
57098
573530
395734
321686
650023
358623
898515
754558
317127
425080
138869
976577
123085
533514
871029
314064
302189
609925
220325
583809
504864
347674
789813
810316
854721
281034
398241
519407
360967
521306
674107
374898
234144
647459
117968
145221
388518
740869
31738
211141
866304
953723
260546
342877
399384
752394
16303
935561
661364
98388
433007
865846
536051
515273
709281
57157
786790
65789
419581
121519
589385
136340
766881
458179
968989
802393
420792
584842
597603
229806
349961
956363
969847
324126
25626
738346
770566
106190
803518
494955
891437
927507
732994
564372
142575
762013
159344
199089
604627
397264
405630
235441
506520
414195
521623
962990
424406
316097
969987
157450
571443
83677
192565
753460
311038
231139
524017
551050
386155
689946
662744
396761
79275
287557
899537
715391
490920
736728
571414
933042
957274
675528
222232
454553
605001
367291
552720
876248
259423
597855
393700
908777
623785
626071
145713
928613
41962
876879
302715
426403
741148
581168
940014
166903
317700
538351
621200
121180
730800
885440
966726
829804
410128
822697
171840
440011
34607
905777
717633
903716
169228
837879
92814
380427
128921
789214
935155
652098
936207
620582
463788
618135
473708
728022
591735
835755
760587
804885
67764
744845
319390
338905
576693
24196
168777
613111
650792
724203
255518
673240
238494
221623
854769
17356
398839
351061
822808
428408
853292
505646
828417
261035
607289
261452
600304
945999
492517
395670
782355
320891
745967
782647
91075
154789
188567
415197
862489
637813
136902
823646
228843
770612
791707
42869
425506
570019
624914
224361
335097
698473
651667
267150
886292
536804
8085
564901
773499
575584
869357
74846
572337
745765
86583
835775
330933
878314
827423
568796
645524
514344
765517
108806
206377
103178
176555
968577
551987
724480
562452
420076
432273
332147
836890
818053
267548
226323
768436
538885
813665
215692
931010
620263
866233
713046
315327
308935
11975
777643
294274
581733
841742
992468
203185
597832
894125
66717
402754
252351
182392
210663
805487
699267
106163
882396
628214
947960
543917
916733
590026
577490
714295
569047
656409
396949
47040
770516
55099
875700
683278
561261
171316
262427
103259
723453
560742
507208
927626
987569
4182
71892
557956
967132
840792
139792
242739
284903
573274
798282
477403
19749
619851
576943
248272
494149
745574
979978
481176
649953
146655
588907
907421
835507
970728
174691
850767
925286
702112
144555
139284
189258
189785
491300
177901
761570
776388
13305
652646
998936
21692
555936
210745
710993
784747
456448
171649
71066
729565
660909
60566
444865
815071
155918
348809
364225
848723
514976
391421
711445
43475
689171
653856
460205
220672
816274
95941
942974
737702
698016
296480
501108
740493
335134
130269
828931
781535
633897
191901
873819
726577
865184
176141
438010
54640
858947
960357
101275
979497
983222
285690
766540
231796
634853
226881
664349
108030
90946
649953
329012
738610
107435
290035
259390
740228
407334
241049
599168
653914
485710
115448
289291
357078
451271
282835
33102
712388
542124
337413
155974
912669
709259
842715
299984
313718
833030
443980
654750
635336
118426
621333
519432
834588
187580
587957
576378
373715
37535
730818
867404
279695
696146
563431
108143
919554
986183
379643
336322
404497
341743
588286
400580
721444
401728
995442
764773
365581
34648
679444
428213
54226
975803
245750
730174
365209
381113
898298
978221
612783
152363
497133
157738
641012
107099
95677
31434
45415
902723
630232
162138
647690
483246
888355
76124
519793
101627
624404
337934
450285
516033
432045
484773
235471
183692
137238
890009
315227
29124
988053
891034
630347
614510
314220
592480
488508
522764
157647
416544
679930
149472
414976
303386
790819
239631
230665
523919
286714
896736
392085
682448
231498
883363
322028
460914
944564
788462
96394
68574
281368
485123
507034
895685
978716
910733
126612
898928
690396
433033
115440
716789
189486
108034
458117
291077
128720
989301
16707
915427
608561
404179
927817
85295
267544
863012
563428
98464
474293
99016
799205
970705
139458
519512
202718
851826
654998
413484
884345
565087
40902
240822
597428
349645
500536
133836
968124
287649
299909
533443
654373
558747
244810
311990
686788
197103
478988
623334
613930
741940
598149
852604
951741
213109
251855
403561
849652
920422
180972
441646
890478
147761
786288
310008
342192
905837
110156
266083
755066
568048
30071
898399
865284
268859
481082
492592
479706
213332
943065
827599
685585
367793
782617
100590
292773
830864
407923
414681
922673
619043
184531
25720
886409
827689
544845
680817
385783
787032
95581
692074
426577
617910
446809
848492
482931
379912
469109
207971
741983
722465
116530
603905
498477
593051
622181
941507
964144
468132
821152
374028
919271
193904
897471
988461
100445
371788
428113
24070
755294
86291
897248
249861
109910
205113
387359
563725
58311
108676
739503
50291
538982
446683
97933
697186
477011
666807
147676
974046
343540
864118
761227
252581
72941
573710
638499
115506
452413
636766
686896
648411
83512
126048
133513
652570
572701
231931
179453
446184
243795
272630
217819
327045
147269
100486
703838
119957
509271
473800
939123
630052
179587
859722
373545
227786
650261
91203
343412
706858
237887
283619
427678
40724
599065
911813
221579
496330
98745
495170
964199
476832
278828
744735
544238
697980
600846
723558
133527
468797
279819
553554
882974
194745
803826
412003
35565
226910
188019
270162
466022
702010
550197
33503
304783
583445
70358
988678
62811
211900
115328
194191
557521
315481
573988
262853
151259
256573
649878
131582
931309
223232
747333
66201
446416
772352
448789
63943
933322
117189
699611
27263
409900
251333
665716
847061
511864
99395
706755
729893
436140
930705
575557
379625
722799
49271
880530
73963
390295
379628
200754
226836
20949
193985
868633
290210
465278
389917
322817
291192
272886
251875
886882
710479
428987
795696
36113
318090
585612
475392
13554
250280
4916
261872
674011
666323
531126
971742
623687
351253
220054
86828
168628
557546
586754
502692
827290
197616
932636
530165
241928
951291
483045
146716
935708
748549
542663
10590
407390
252290
992446
597041
375289
595090
580901
16379
284696
821584
681817
75826
272409
380615
590988
103010
876721
187973
477736
612877
894172
332231
980893
318892
854910
577171
765513
545044
88091
6181
788867
422004
996848
878593
11076
878651
370796
357479
936307
907606
634190
232101
394188
224599
487324
683526
842476
332273
384445
817256
425723
88607
145396
863467
250102
174117
752505
256774
54616
195055
445174
848435
655204
886805
215067
147467
77906
6208
783902
571436
840275
453734
344274
598998
677827
807025
657955
811221
247019
714686
649708
176281
433711
175488
975733
557601
318938
109765
424524
873302
808132
950289
95806
394484
815390
32294
576626
890723
297498
537125
149667
164132
257849
601806
226104
93350
755890
267684
283586
42553
116220
913068
947089
255066
814649
240147
469427
793836
169087
370287
68363
349832
756675
935134
312521
833387
880164
756491
541387
290318
285073
451407
159760
971155
707993
4595
214933
354267
866894
539732
743374
851252
537428
349663
825858
710064
982219
515708
952003
497809
810390
432392
925321
901728
418824
295162
687531
158172
682475
203943
609913
437584
468396
624992
570680
540094
751398
921017
252603
685815
735881
253733
426458
178764
737575
171005
971026
683742
859355
640351
13945
668946
743190
690547
919259
711649
156551
881673
336118
347468
511718
606046
349455
586988
9118
352638
487472
366183
702741
351107
343294
743679
809625
45947
734970
607300
946856
948200
153300
255018
587804
149024
617255
341621
614129
25941
692246
514257
898292
488367
425601
932734
751435
342165
157731
467624
732571
178507
633931
399956
923673
827253
909876
518775
742961
544378
897987
658593
471372
305412
369502
785622
855426
111075
288356
558397
356316
640977
106060
348786
16772
87632
605
529398
629579
152688
891847
969094
677015
358061
383837
601417
856616
792821
872560
163426
230917
905222
272841
90982
265607
930934
366210
60839
328321
237388
779393
391535
294026
130060
9874
992393
260010
553553
421344
335352
757789
187346
882192
623499
684038
529542
523963
635400
155635
316900
642629
114501
928457
59780
842910
387607
262924
451041
92245
999137
576781
231552
397652
329422
960689
979433
571900
143129
418841
515348
581854
527945
364979
238176
197010
207099
575709
663932
98232
162519
558129
298344
158601
640869
814129
93526
719129
661176
558736
6570
665195
966856
811739
545121
737968
358430
750594
205197
909918
316392
563975
534014
453802
530220
287234
676925
324641
974553
405582
544626
467304
820345
337236
940517
419214
655107
124978
786593
485131
200782
482503
437557
299480
596383
598685
827860
148650
344291
251188
420380
540492
458296
339687
474803
279448
953637
135678
707918
622801
561899
747407
689099
63776
767475
429649
427902
607914
433190
251710
671945
800842
533404
489700
105189
35888
496812
611017
396541
600405
559842
88953
621945
454106
272526
88686
751960
24764
599353
220634
227254
120118
554803
541331
734893
297396
885128
274971
611800
681455
565713
139723
385779
13225
160166
877212
707358
276039
278769
230034
816960
641606
94045
226950
792392
812763
747758
902798
220239
547116
783147
202827
579226
150116
241910
108622
169467
188599
57980
814119
643158
968242
464263
232140
84673
90877
127408
449507
862341
340337
824562
86252
471810
985488
891035
423118
737646
306213
914907
955772
455038
637561
333375
468164
886365
886511
418999
560372
269657
603005
145235
68457
934621
361607
935821
402357
475097
820505
919679
910124
653374
863553
192629
578188
888933
536519
154077
591174
903055
646987
386715
278253
646599
581497
101881
680506
178596
96490
927292
989178
607019
214234
998225
943380
553361
941058
344998
330491
40477
39826
187542
687596
392300
926477
159740
430564
408270
597760
346857
387682
229454
724064
930928
978388
882831
659327
442270
188833
292242
278955
373383
538450
926292
616739
168251
227102
721108
188471
393368
144
396979
66939
215545
584791
409523
214503
619532
386602
158242
451982
108738
54549
503696
895353
22047
708389
660667
779936
619377
899820
986380
700612
903453
640242
73402
683308
210004
683064
417933
697658
2981
639082
199677
649768
839469
731872
481273
592164
69737
783121
919875
705542
250988
651221
396408
906090
361260
93076
106157
374319
538934
233744
665526
137163
773570
294221
747520
490824
577121
821209
642270
897118
267922
616699
340961
628334
489269
977148
897631
319065
701015
161612
169558
6011
732396
993235
379755
44167
760474
51542
553931
36480
670065
513089
581298
610450
359801
449751
368074
523403
211429
893683
552683
815225
928291
465273
150273
149792
648597
614239
586124
354712
443673
598609
656704
940801
3268
849670
332428
241509
707118
949981
835384
973544
542695
172851
476903
248942
578888
847364
216764
992841
175268
922234
455193
309533
657500
792599
820675
14547
185297
318204
876065
599094
34229
817300
643683
891309
106811
526816
540992
124949
645869
163999
246359
6907
601307
214233
259639
209587
781425
643208
178170
887383
461154
564516
737740
436640
610368
253002
418505
607834
320494
679624
318469
124039
137965
854919
33509
518995
534418
161685
937514
365998
941144
537486
517902
29771
19154
414631
632583
272053
343033
813015
304424
72393
942627
913955
330087
704404
915349
56900
54457
511433
50415
816822
728473
725855
40389
609504
806952
756037
674831
885403
668143
12803
621942
152864
786624
48431
450574
133843
172538
814472
956963
888102
945770
831922
855276
236651
849230
981070
943901
924282
735862
217205
886680
69691
701572
246738
780227
327953
831058
846169
795189
598308
865266
186408
291081
96009
470032
98168
776469
7375
981620
174143
10229
601704
770596
749606
704
641842
466471
770402
425885
60385
733220
840881
754990
386123
286952
890419
851305
522512
428038
471843
1480
262116
914136
595696
300439
499835
886756
259260
108010
203279
236058
775280
177521
671121
736890
546810
997028
525866
910931
143716
505624
157036
726054
166610
892148
175578
847209
19160
993149
959376
799207
415222
83724
803793
243205
678257
574242
484459
650911
998542
947026
566089
726864
59950
647708
71957
18577
423617
768666
113223
580280
652392
382355
383503
44770
77291
385134
855259
846252
395923
419649
395845
823771
756454
85830
438365
674332
298301
665646
55886
745957
741891
153680
356975
461241
414988
953658
546280
399627
193551
984552
254783
533178
733762
669331
919358
979259
766609
192160
445187
987093
875194
587385
389604
549125
671176
145721
87100
362113
201321
173953
803159
19865
706862
874600
750197
641402
222239
565455
988415
106701
535609
251986
806724
810940
646534
239194
895085
797973
16726
322127
855877
696071
637087
598251
52767
703176
699887
962026
829091
162265
25801
584413
972281
228961
351780
860062
605649
671414
421116
988830
966540
625915
909202
906074
201226
288099
481351
657196
972817
415508
996049
881598
94102
440614
673879
461849
649132
832778
198319
759963
480902
203592
6257
148551
18474
633888
281208
872439
964981
737682
743541
725100
416261
376378
168175
424006
114246
401235
602779
780559
334813
156188
900627
476401
775722
491543
532407
90312
750654
398766
677917
654866
464345
856305
396853
219779
404382
497082
669758
803830
594901
123122
493919
121853
691997
465964
419491
369497
4908
792238
682772
847557
730308
166161
403058
382637
105653
388094
694417
87484
302537
693336
843660
162066
514895
838520
808361
498709
876615
197779
593227
466719
581095
807544
870670
634197
437512
271158
417475
674647
490352
378907
230984
347219
479164
986903
526786
974196
485034
461950
212793
270521
534977
968748
587409
71712
678237
366274
494625
831872
635419
895695
492530
61110
805789
834443
963606
558519
781562
582781
751778
288453
173957
339964
651145
149821
984824
711826
876950
115916
232702
998588
567493
116674
12442
551886
613183
371839
565687
245491
36017
403786
753740
968850
963208
347392
443243
767757
292875
13289
287271
92131
185364
646374
505248
560117
310636
614215
400301
402406
682178
133369
933860
6683
162888
295324
915144
653793
17963
732595
381392
654638
841580
966069
136592
359808
161376
44736
404294
45858
311168
72237
873796
443021
139054
121022
249781
858731
652485
505012
476429
440247
807387
362749
288593
559424
110230
641547
941696
583307
537128
842496
790173
869336
146280
910853
278874
16189
666062
804410
282466
458223
258187
948360
811843
140576
391491
261202
317751
874754
771496
624969
857486
302185
995764
277406
685689
227534
684226
763987
476661
237423
745418
887595
524433
95892
826935
479360
399966
141485
245415
990387
249139
872152
847550
493821
371354
444158
442023
913956
490011
637149
614569
518858
395554
107808
630817
96352
792655
796778
999330
610615
928346
995761
373478
464439
315361
795847
680559
782056
991248
350837
791870
34862
933932
245696
175151
750674
895868
731533
507247
782138
535508
693472
612444
761723
428607
204480
694903
100229
772936
266487
327432
570685
298789
277302
128975
505128
595905
537685
521378
437634
224037
310071
579432
84719
352258
825227
107120
653961
45405
814448
827631
799576
873303
87472
837524
285919
208152
73837
731466
749395
68376
296090
798793
181735
276810
213792
149657
603458
913573
19424
772965
474514
221392
959576
42744
771962
105513
563807
921942
432807
596849
594634
476985
294592
880728
345777
756647
488764
545313
530508
134572
705677
906994
998070
580858
758330
824891
240148
379225
98442
311232
971215
329996
432924
288452
254140
205314
627924
308308
371357
817718
614832
831085
900161
449316
265464
975051
764550
444519
150036
900815
536639
245940
623543
179787
48112
956653
560441
158318
932342
673251
297283
352327
294212
947819
762211
908535
258696
786139
334016
271992
356715
189922
277607
863171
564087
477441
313411
726819
221588
261290
195500
915412
661483
361011
165078
690007
207084
979191
628842
603669
376746
729801
37489
917869
464995
483414
255213
246812
538014
700758
936386
398856
163117
905135
838033
271849
487250
867366
974950
263061
837438
252418
852039
580454
607732
156991
496941
738761
94797
509100
996623
562150
492628
815522
970201
909479
307089
951585
941372
870696
771491
109896
511583
218169
197446
116336
572403
992210
270389
678887
555172
153108
96553
816452
132459
783480
481023
866411
880320
534038
22775
664735
953261
254164
180440
381823
84542
109737
60722
563359
435157
559565
596476
378884
247065
280063
822107
819451
223438
122162
215940
954646
713217
198741
366520
95108
64730
428542
158894
421708
324627
550514
882575
368102
397384
536019
227035
280310
502244
981287
139817
710438
743227
265792
323851
166431
423671
707598
87824
787939
436137
959357
670242
197322
934209
157900
877328
245718
447129
578732
723047
861685
301483
581968
772985
688788
725731
46935
585727
999131
447888
41492
867098
186568
108659
197814
816757
326059
943738
894105
945415
764987
18951
402856
611509
575124
433256
790956
516948
886926
249708
558966
187276
258043
489739
260837
584664
800060
614596
395477
544105
80320
103876
757604
765610
453083
699458
570850
627103
485951
597672
153044
384039
648217
746347
683365
349280
113802
396859
455018
734121
361344
476246
564624
706947
838385
613496
884837
290960
798388
82733
192639
37758
878204
575622
566541
377405
723121
399530
381560
975083
376044
556036
316917
113810
768463
535770
843754
920583
813184
74621
439034
126643
204160
385116
779503
18734
563883
343860
161667
294279
422542
250531
673419
15264
80544
192410
186241
736758
475551
411247
464812
19199
997064
501970
223278
207596
808243
871640
162602
310158
684808
757427
945040
136853
559522
941699
581382
976371
66942
711941
129972
929566
995871
962409
34220
949109
119810
467522
895029
657978
336633
993175
25331
158589
856935
891030
960500
672730
650775
381736
713561
236569
295865
704032
228447
79795
123001
211468
609737
251252
461757
650990
161900
23356
941116
203589
522262
299743
281782
975812
324572
873964
391379
74788
935103
920203
147228
47573
673594
178112
613968
660624
933163
180620
70692
306952
802715
147762
515483
533694
470124
743511
449469
566132
560158
93570
132855
151161
142717
158276
704271
727011
253547
956657
379009
293787
571078
361932
888891
257746
227893
998657
353330
467474
906196
626827
680351
723119
548346
231158
444762
603100
817059
347262
394321
418777
818431
153943
887909
732106
568790
424070
73185
70947
562070
375660
252695
557568
869562
348003
665177
248081
112665
664193
280657
981619
946953
579898
836926
358297
173678
264802
4235
332137
655330
302415
694413
2147
861826
610141
178906
233852
800339
546507
306816
582153
121424
665794
688809
190807
371857
118326
807497
693399
908249
989221
168001
850742
94268
65341
365204
201803
612715
972314
406466
72170
790878
769837
25350
567958
983389
760504
616617
840018
443690
383413
257602
927320
746446
569303
476811
698403
551999
17512
939552
495847
222058
643601
202006
584225
320675
617656
940725
80392
421927
972419
853844
680675
212682
796860
943888
291380
407809
421197
524648
382226
772686
656362
565624
744852
697668
188877
760528
474281
168438
517853
236017
675013
57280
587752
805283
66166
106289
719951
556149
762453
885140
865089
680595
463703
656921
800479
462589
505411
256869
705023
815594
918974
378227
810060
13240
56322
180709
311563
774542
27437
381483
663608
6800
29174
715854
695951
777342
217338
406682
616678
490474
366900
248230
261367
991635
349900
807809
244668
271907
224454
403707
244787
574018
530587
82701
213889
318869
624613
944486
645363
817495
990323
247507
965855
832338
923964
683209
596969
366073
776817
240210
208609
268197
302251
243667
596810
696682
103300
491382
966198
547734
568129
696120
766541
761029
973933
57360
734828
242596
811265
909371
644969
302272
906111
658784
398517
155274
335837
334693
251867
44330
330655
349198
222821
408764
895934
581324
52125
172011
120516
407850
112817
955433
892537
905167
9264
240136
487799
73777
972657
120
478618
214295
446418
624861
602068
176456
394014
972236
408477
885397
847240
700707
813063
415168
231362
553775
245512
224725
448298
848463
758802
115473
206640
338097
140918
994432
473757
72510
958243
30067
308645
842101
39087
743698
848450
472631
112894
292926
269421
460222
514510
229397
182585
934510
380638
934931
515404
675140
921785
358421
313530
237419
511075
116282
747135
52141
91614
223778
344793
305734
343769
395992
100864
367317
133174
290636
402435
701420
670711
407737
819905
439046
765764
817509
573504
500568
292251
873927
569197
32832
550100
873090
621873
880026
620880
587152
30188
860786
115518
579770
845072
214291
912457
912899
60189
100926
283042
893797
694772
523766
331173
475187
561242
697720
606058
508637
953612
43209
152363
472978
899578
941351
556813
968832
870433
701985
665677
18614
986376
648259
123464
768747
307094
133097
582630
791896
922190
46324
387940
481600
444905
911835
168446
722704
302095
380057
309237
545376
796337
22724
586306
349337
962693
373566
311127
399282
596447
109764
697934
446483
464425
636452
412209
950426
19007
587403
669989
130043
760809
554876
990707
246209
609910
234845
93108
905204
205361
61932
416281
375379
946243
793039
740116
566145
777381
414792
129575
966588
9663
17031
859463
270728
999330
371929
739436
393706
317471
842047
346360
253456
230082
180185
933185
181774
612974
374593
374333
923267
887766
519733
586057
506202
167701
39532
510294
185324
70635
83529
21296
669187
347029
648237
668588
75706
969736
129511
316846
835200
194569
212358
301397
784635
19564
482512
434051
440712
452519
783371
91340
797217
394066
720888
555194
286616
758397
78367
683899
30080
638510
489606
563112
22186
175157
220923
813170
357069
533550
539665
659371
315007
284499
689255
538350
600992
232571
459747
454765
955542
309875
160702
576085
320690
787703
974521
857696
781361
315406
177390
312566
111391
951679
522497
515393
997847
186163
954229
773068
537445
83625
83419
770710
747916
847951
875045
438201
648419
429060
863128
160882
747929
874088
294496
458188
135514
132444
304189
268142
474250
951643
58652
415101
329519
296564
164480
436911
236779
555747
890719
177390
372454
383563
843785
119588
4554
750739
618947
441513
998888
42266
590450
416775
281272
263384
266291
446374
387965
508690
431687
4633
613767
377465
36972
463043
290450
259232
464775
138599
781132
376409
658876
540236
390772
805355
157408
50441
695262
760241
28742
965938
312147
623506
964022
924767
820629
696472
206460
195797
289983
35247
48348
557204
452427
72893
889187
358333
430062
777560
556760
652637
176606
423976
401746
535002
561011
599963
973667
984824
431211
65022
665778
523209
574152
846271
667879
234159
868884
662396
897151
199311
327173
794951
664703
890452
932411
168377
810372
965021
187813
889007
885241
7749
547396
711846
293411
196236
927240
400559
564951
540902
402710
432398
599755
490016
239595
789429
537033
361963
610266
872920
23295
542599
855409
929261
780340
238925
461178
285378
551701
682137
69917
177466
542189
3474
974563
280421
639860
307223
602133
307771
591550
927303
722179
105525
130516
143789
4000
626889
424224
996103
397386
713472
624193
36081
860584
473205
83071
629555
584301
52780
612568
217763
729337
915724
649017
823352
945438
806970
18632
584301
663359
44052
935966
705998
829589
436551
984082
286947
692491
465550
533169
695862
409161
607432
389385
661633
976143
391988
451940
807545
715575
132171
326930
208049
386205
808889
978144
647085
590106
450682
133669
563268
473003
722766
277370
927664
80816
677528
77577
168758
712721
655129
280254
543980
606971
100995
926171
43244
925384
70525
571304
78612
666237
853554
840391
684598
363180
15190
104742
552547
988922
452727
61773
282511
285755
849915
697111
636065
169529
56444
176637
28378
10004
246269
622734
541279
992515
573959
583995
650724
443576
612196
799694
234551
976738
490743
399739
805031
412172
251382
248719
933135
652643
553286
410501
668226
378261
744369
246391
130452
640788
429254
317938
386435
201081
887822
399010
805761
229318
187430
603308
478303
788356
950270
649755
362455
433163
16365
213105
948278
57888
659182
97823
819428
786168
163579
638737
330834
983579
288836
224864
695102
492900
347852
26091
441446
726437
872417
168128
997895
435111
293942
886707
38032
246286
121374
39313
155496
706331
529255
557167
622105
961676
756305
33563
69015
561374
805802
903156
350897
34226
99335
421398
86867
805582
89568
713901
829237
115834
202953
28651
164836
403274
731657
94548
860779
31484
737177
120822
238174
920823
710523
938615
637250
73268
697587
691078
944284
140856
759014
649140
574357
553727
960014
934939
424454
103541
102616
40508
356390
207005
676571
485799
647309
446101
31924
297427
632164
474736
912450
430990
862316
797635
435643
986318
191911
417276
555305
758309
238246
423339
685509
596755
544432
660517
290926
572021
901132
713661
60230
354780
580332
190131
87658
232569
85302
797929
445515
83955
999599
826704
613358
553371
232006
144994
317116
946807
190139
183944
942278
952507
108458
376475
201498
954838
164856
89543
266682
726247
382809
406668
134527
547536
559675
441950
931978
44515
871954
476589
13026
610938
596033
547839
11183
682915
166562
439160
83026
361399
437874
323835
588767
556172
524380
25899
559096
128256
745056
71499
775
30646
247776
836163
460823
603485
738631
669316
648080
523116
706262
286466
872205
141546
891405
146976
968860
121705
810674
367850
722641
379347
105600
192059
909319
32220
4591
744255
338036
202327
96796
729747
929832
263077
758998
974729
436130
561991
583429
940487
6991
985493
626678
312591
60384
493192
136902
441241
271302
709361
264363
267420
49677
768972
552282
918444
941650
911151
254872
32957
601507
724189
627233
56901
747185
89912
129006
765632
462836
563090
418215
993165
941084
784484
176229
909173
201007
555159
424354
430028
570308
282752
809152
686193
65306
983081
932275
990768
661013
593930
357771
603910
127127
392151
999777
638020
921911
193587
502878
255244
755489
818690
882147
364856
4874
95196
499480
408091
38093
683229
871124
623007
655015
325081
374182
808845
58956
569517
679870
14892
379172
8624
699515
84800
134757
41993
627858
18867
963406
42202
280984
490130
527357
316186
651372
381742
824045
746369
538307
641955
920208
131356
50961
949493
887877
905920
278417
425174
286838
923419
227761
236996
838993
150054
866653
926223
540385
508534
416359
559160
689672
206514
261712
796725
76571
865503
298550
486226
692762
550935
257625
736177
681418
360345
223307
540082
384433
712505
696436
407085
675694
613560
603135
210012
557170
989550
90725
866966
772255
816868
786900
676150
77627
704510
189371
472858
30033
715029
966325
324871
61092
615971
871823
715626
857297
416280
750072
220474
489408
273865
204100
533753
653318
403208
839453
156760
699035
267726
368326
764666
14963
216149
401741
442385
895099
475139
122061
247397
323377
288960
14813
240435
817888
635496
650201
896626
396023
702300
16522
295792
931205
439731
858485
988507
37012
845070
167741
91740
750559
624650
678261
402846
81200
26702
138822
57453
234971
814211
622970
668089
789648
330019
581155
491577
332961
744427
788522
126252
122769
722026
506935
628858
207317
405116
96058
720250
532458
185232
605333
574221
402322
678436
37606
114279
195116
362387
928948
321070
380079
972164
869749
806586
131203
163588
243897
425725
327420
773614
179703
676156
797299
347143
96946
394491
328003
120486
230536
247671
806877
226704
226007
219981
419977
343138
974988
897080
919674
215335
229641
332983
86603
263050
5554
858957
885852
465317
337813
346914
117764
615095
897780
147207
343089
474868
918896
127767
143715
731255
932499
589625
139905
534675
892985
877057
890199
193159
908188
994294
28333
834191
812091
677870
616453
171863
989927
30678
841648
470283
988010
336782
975565
472073
130068
414193
702367
242296
796707
160882
547146
206642
47054
56546
165098
601373
771438
494734
34896
66967
488010
769988
357210
948367
799229
516918
351662
718385
142278
382520
413203
398201
957996
319588
508076
186409
110028
163101
379025
114262
449984
92336
742667
775836
73134
69910
640108
934385
42218
754646
302793
70167
232009
114247
346838
383915
918787
33587
477916
106779
152516
444568
466649
738421
955407
916872
703476
65306
694543
854000
25691
946321
202236
226485
4859
906359
915430
457210
954651
941076
140386
878782
996566
14090
771662
210083
335475
943655
105602
720649
831842
180761
882388
242073
138837
136513
882504
291422
800825
138336
294739
374605
849488
150190
392906
692581
439021
57033
363372
742257
19979
318219
613192
552427
661001
188340
742220
247483
189190
195270
737132
119517
366485
778992
503147
154848
7069
787810
27977
584650
20880
979071
163785
701209
963846
121713
391646
788900
132661
136662
228274
361952
961551
335831
470162
638463
202936
405338
900473
48435
199843
105421
218231
982609
715144
765219
71101
639440
449284
916188
236232
892336
539852
989756
292968
955959
42639
320349
734636
653526
472488
508384
821996
9195
95101
11775
668979
653792
92343
640446
819782
57328
607262
934656
846293
691786
307984
24054
341373
784846
609501
661682
468920
997300
258626
701530
279202
249484
567553
127543
961256
709280
237913
863277
995663
738741
353063
115141
577119
742768
197081
845990
813034
954902
200010
76451
247676
230636
783231
66094
470496
280061
233597
151465
860301
313402
913029
86749
866220
887163
697902
905668
441991
755428
409117
606912
68943
748259
510755
707567
183754
59925
574898
713686
981911
310536
762365
640698
323423
412827
787628
696781
153434
666114
593977
463302
648507
331750
12266
272393
810042
229929
315435
286790
4795
62471
751623
147870
417504
569496
633987
996991
156584
780530
506647
839888
945026
636075
279754
981320
766258
533499
71465
712857
453215
581696
153763
739658
116982
794588
503940
945443
516223
467769
207948
596609
36346
368429
566379
52041
689397
705720
6300
180281
132589
193386
650267
708442
757790
896226
957700
968338
923370
989297
70986
695254
130402
129756
967056
194300
993587
207872
234535
512174
1391
113168
878821
155387
898103
558074
347166
778759
457603
326441
859394
983843
951822
748515
985043
527287
380320
806034
835713
138652
328569
157919
269027
862278
181527
884858
720596
302238
114597
695990
398120
498478
593856
374546
593482
615926
202790
727315
374579
700956
887037
342988
805193
971071
125118
23552
778514
595244
500604
781150
992659
787497
645653
762666
395849
437487
877364
472445
125955
816758
389759
162467
2522
253160
958500
733282
404623
662199
536507
283354
446271
641738
255960
123144
332741
318866
695793
645028
958124
293628
774886
28011
667215
676991
699377
78263
120784
143252
42859
821577
822321
616966
770615
792809
323730
761439
377104
996103
294082
41259
175284
478357
407575
655368
521214
941322
426400
753499
193781
825654
189803
972369
835868
969801
816160
819521
72616
453258
176314
189744
924163
146162
735250
519873
896045
188451
892247
869303
880765
571016
989082
345000
382470
628618
27206
411969
965397
658539
541997
21936
483478
339907
314621
635250
8726
58645
407121
17849
873506
601934
858084
87033
267663
58649
698912
745679
539347
401505
239381
19918
739217
911268
417477
933864
762290
905328
248795
205494
605870
972606
575100
612
437739
676776
519094
414140
15484
907335
346390
314637
171210
255789
701526
53367
388752
260092
698866
942614
4992
132193
781979
646921
151939
612145
518085
290142
541214
814238
226459
556764
225840
535125
220691
147756
209559
422968
972251
115044
214579
503795
245170
865393
462402
545341
636436
719969
2347
527533
974413
379339
138518
994550
302383
273883
594360
390273
643807
603262
165228
425765
687049
297510
409533
630918
425396
231738
964736
948999
738223
872670
894942
706157
135595
367962
779056
72977
814819
580841
218883
304769
541429
107425
937467
988469
525205
344954
734675
631977
551447
115708
891714
447644
646057
992713
473145
130915
329571
560132
907593
350442
559927
486237
326050
431944
794051
655355
676854
107070
411141
366404
886013
901069
587566
751436
31313
298225
497423
244311
625273
47741
43056
140044
60802
397652
923904
959161
5577
179393
583782
24445
36118
379124
721974
979734
656995
602266
488831
634376
741306
394263
937281
367910
116668
40419
792636
822080
467389
173886
722403
574505
130445
887185
353455
612771
304402
3811
178641
40297
335633
200756
141247
957081
975883
648250
22064
677501
210180
837557
24738
409973
320671
70129
813976
454466
778021
954072
832354
425073
257188
931761
51284
337378
717748
5433
221976
901044
820245
449948
837152
624462
478196
836880
810227
287629
641484
311119
305257
635077
336617
908335
761074
689974
358344
122591
777104
622605
199515
339968
192805
460371
941224
455965
393702
694006
67409
810121
710383
146226
550894
299668
993713
837660
588630
105897
864134
576779
74877
824455
852005
36323
51383
101018
181297
440959
935707
633590
958700
754811
939907
414511
200969
249819
685359
237271
473310
274395
365513
157909
705016
245843
74947
585822
174345
528775
412508
975187
927932
833225
398658
825591
67433
462155
99858
109835
246756
340869
299963
893640
64432
779775
707968
216761
13137
106108
493788
592946
566143
968067
513343
66224
714166
84938
788727
323663
682987
945666
178154
221218
889561
561018
593407
290482
89784
576496
549405
941910
589519
384635
184203
941804
996897
172430
276791
684849
106819
813801
51602
162243
832845
813474
53208
858160
735215
176908
734765
58682
166299
105601
451811
154537
571296
818833
873625
354637
798231
749255
197373
413839
972918
384660
194225
396787
157121
372059
682571
788589
861345
117080
36855
295452
953869
466414
912312
318823
547812
168203
949707
805427
825693
954682
82796
180670
491542
927941
855026
185947
576328
31108
922773
530634
852828
591622
840400
131699
191895
860315
867937
532415
641968
86845
545838
751316
5698
989273
961217
474155
462364
817917
746420
184527
429750
672543
13160
160756
353855
544903
287727
233009
638353
647066
985098
586971
330566
693765
218060
985216
935652
902594
60701
47229
809139
494538
184090
26364
123696
513623
324954
577422
559962
161364
580940
754465
359401
315108
144636
608094
11934
644620
227956
492641
529526
292798
750463
85398
468152
452867
849289
87469
281838
720388
80802
487161
41968
548980
558049
286954
824219
576478
57765
750885
420321
828422
369975
606973
453498
20863
619147
266193
907129
122825
579429
538434
156409
367972
717721
311438
995190
202357
558763
771406
150712
490516
29844
564296
808873
156272
46886
253362
662408
846239
505095
704324
243062
931398
909593
287992
403502
653282
156602
6369
236626
988784
204071
666597
605664
241279
200827
856473
247299
14800
674517
713336
164614
226279
810712
306558
217827
91761
974989
170215
65594
71377
578275
141439
38749
140361
228118
302374
144776
425025
838956
8738
241326
46647
853340
286497
362158
190852
180362
215753
979812
215175
131949
495422
92636
936432
415314
68016
628258
80619
933817
441565
502389
287974
749149
373930
147866
393409
942098
976858
404556
958289
886150
811816
708049
232401
185257
944839
864487
990823
745897
366900
125597
47182
517206
44532
649919
764196
271333
147887
479018
404946
733328
607017
278333
446227
859290
976281
862256
114531
775409
4904
573566
908678
361964
743623
558718
53939
667443
561837
976208
787739
354685
907180
748274
201689
366644
845871
648114
207863
226294
792786
74238
837722
306549
596958
732631
165004
714558
66464
988964
811684
819799
833444
152547
508884
969856
574227
588474
359695
369628
268326
376236
910549
583082
171270
906855
465500
987435
163778
853306
648476
590632
193196
323619
652343
825484
845201
512390
872644
526956
954386
254906
18935
122088
84323
907966
545070
229673
131552
421577
537434
805706
36615
668735
584904
243347
907798
395647
814027
632352
520962
776857
148424
334432
379537
636829
475358
770169
66260
797007
206640
76425
121925
366518
553424
561864
948473
217107
900233
195273
105921
99887
943497
730655
879587
26638
97385
509532
420016
781119
75227
32181
86786
624661
204271
826817
694228
837744
600322
660000
86270
18292
185091
687224
636107
910236
861667
794203
163833
671399
497561
618437
399628
241968
631375
274433
294479
620059
798636
794282
363368
215915
455679
831375
905751
277425
770501
278064
32523
454816
792023
803621
207713
563451
735155
55070
959289
711727
33508
777221
802487
705597
229009
620992
50771
30991
56032
645202
373022
447532
170885
216481
810962
295111
768747
897682
2324
814898
623037
240720
306504
776560
2769
227436
13329
104615
895153
274398
159780
297588
290952
750186
739655
583321
447398
845918
185772
158802
332272
267640
58148
17541
54503
950628
172162
9751
8531
51362
358669
554779
706251
166278
547040
217765
997284
975513
514530
198653
857332
781789
519454
619567
824513
181998
480958
957503
796555
83972
742377
115130
50611
228949
132470
916520
553415
389079
346379
226270
44139
701091
768727
831792
139877
151669
294312
320003
987780
267984
444649
128000
880494
466815
476412
463012
71749
882806
573424
623668
572278
862934
508767
400270
327070
486991
353319
808923
164952
865888
566467
394017
176103
317690
48837
578869
758461
257666
208050
840845
177638
965429
543866
11764
330708
149991
95442
601494
310599
922468
891120
44347
101208
610487
514914
697361
116131
608137
188748
676577
457743
709856
640828
680548
427580
265481
26603
746607
794375
435345
253779
732105
249852
760941
505319
641501
173657
875321
808116
668363
178555
326621
53586
935512
585128
616204
772742
870022
921144
365350
929016
522815
490400
728382
885131
400427
534172
151349
115230
459425
126073
57157
723231
206777
796796
423450
782087
587264
529650
922778
615285
676357
990293
448774
202539
689552
799640
181624
335839
886898
284240
996812
751871
995768
876351
184027
903685
257337
250301
433315
437170
591759
251653
572418
477929
923938
178393
670625
186155
28319
876499
668078
657323
417672
628298
218113
362318
278502
970845
634848
642561
186009
608287
95838
163318
763856
7711
103774
445948
526867
452306
481397
664057
113661
631455
251053
765319
549768
354311
380454
799209
886849
602480
744152
697705
864922
519372
96051
224015
575582
924650
853351
825855
416959
307417
808511
908528
294091
408948
15592
890693
438141
845519
996112
405962
660208
854077
502698
421580
436526
693627
759438
191764
555495
207164
500860
7042
452541
282257
744961
996995
673340
381365
749426
692015
590247
224178
597205
290945
160557
864052
664864
92724
594235
49832
911961
218806
582891
753169
931228
614283
357530
627687
751355
372353
124119
597611
635583
127756
522615
591948
601869
167741
5637
71983
296548
149795
88086
407967
926275
445182
428667
993617
92712
308188
976977
485458
495026
259219
610354
216847
317480
422682
196558
247745
206418
692228
102292
705395
383685
555545
938569
969841
66237
809746
531644
967055
936610
504689
213136
741843
833773
501755
765816
252608
177828
744083
539586
342848
507329
8501
23818
562348
853745
55947
176911
589179
36280
381999
608290
944262
167281
752446
575866
372340
76339
800725
854501
908999
142544
360171
435225
832513
556151
705611
46057
378036
572921
924716
998163
450917
212456
644014
474550
472476
404572
294579
208416
402635
31311
527448
53830
923225
385640
207503
751629
417865
267029
205339
624005
677132
714641
678438
757749
199647
6277
426498
713873
159202
522891
780474
14792
360247
219021
545109
185210
79059
921228
667879
643271
389732
114685
226323
393410
869471
180237
181856
178437
85285
679621
401719
586526
103313
330377
415414
298407
408225
271739
704885
674676
690558
208445
135315
193957
644713
779859
864699
22170
673604
431526
821881
633478
958395
905892
184306
287645
502925
759685
534149
406119
246971
438697
922557
918966
718411
311581
119024
473268
820345
97277
526199
813590
528891
906035
785737
921517
97967
412701
751734
206427
401444
666957
74302
511586
632066
73898
459276
314840
522519
313779
361170
624183
640574
366564
654466
497361
605998
645105
330661
846112
904540
125871
761436
753531
718670
640530
494834
147813
919422
976593
672026
542656
230247
716134
192649
707615
403695
516081
677426
711033
27760
872956
38939
534009
642724
826265
555673
292913
630253
737192
302764
613807
582783
869237
803385
529000
270763
170558
708640
784401
442248
618834
830905
803213
287552
962708
424752
591169
449268
908575
881338
478403
133773
371331
628083
679792
546848
822382
411862
375644
256637
323239
35928
338724
200405
920627
836513
564576
91077
499290
474984
241141
465347
14147
792362
983111
603492
402428
654342
45963
302471
16982
333560
152954
907170
40685
294128
685729
512103
297670
495886
692629
615954
758417
279293
670021
599122
668109
867881
732648
650001
234251
313566
27861
832994
219658
552830
357105
91718
761025
841759
355074
552411
476604
17535
973282
560802
138846
993956
951952
729003
400069
298324
2913
357407
881930
621550
410068
518634
28135
359012
970562
847043
890804
674070
849204
814681
625866
909579
891407
484571
122056
655118
818602
388004
620468
479587
61440
969346
329145
79077
452929
510882
167566
743677
5251
679641
713080
708737
53398
977425
548774
553382
42420
1806
593721
181988
574743
314396
39783
865509
843045
571863
642997
772136
714759
149079
5793
950009
619351
509174
525090
393989
831095
281918
412359
764828
138879
569012
400828
3592
638094
302267
16876
953924
23810
942055
787840
348571
891586
618463
27589
66911
844664
746734
977515
405122
378908
273190
890153
837908
620972
55537
574
644185
560248
392885
408403
108422
511705
797603
743549
671704
618754
6109
467614
110610
251310
930690
666923
806865
930361
652695
709575
506573
144267
567699
204238
111086
371311
732807
824303
956104
970945
885800
121905
291957
51334
931578
745558
367694
214102
161179
191196
492869
986484
609002
181600
394530
543998
42642
291486
462808
737215
778102
880019
292548
715938
366139
396291
661505
566594
835500
423639
54378
740764
870798
156062
656429
729894
262850
183348
762568
14841
862416
319552
899236
508585
111190
117079
598410
406069
831628
392126
368646
490266
30514
546636
904279
238082
582553
344494
778959
815577
128971
27397
180877
773313
343321
569962
155861
55899
563327
409681
630857
573446
232181
754187
620423
633508
409237
329701
105374
17815
192099
247342
413293
627468
480510
409430
776026
746413
599202
306866
482476
143290
54616
601884
351878
946674
385531
922296
754177
31595
732902
930001
699428
1985
530687
213665
840962
31851
913371
311023
884145
109609
216717
861331
702306
849753
906446
661013
851298
252586
203402
977204
685292
970279
156869
564162
17000
740917
277160
828140
353540
684440
39276
894104
99182
459631
152098
257191
481067
769920
140572
183770
438039
787758
445243
216272
271162
323015
653207
660909
301058
70266
161668
865495
434019
870118
720967
882458
800072
562253
911701
803564
652788
521703
917252
53386
29178
96659
876305
864065
604181
733800
443469
626504
678501
145258
527204
726474
102599
918872
967563
62146
311055
976035
908166
60928
498340
866553
384723
547976
519097
755710
209846
379225
304740
345692
821218
8587
328092
449457
524161
684882
817044
587879
714976
393439
301486
791714
275962
381477
830110
621586
224927
328185
98332
659495
729537
308626
954949
685092
80603
774384
161743
891533
664447
643034
23015
753210
297786
751487
145769
381198
110821
26430
345595
467521
326859
563649
892167
200856
751026
25604
229138
941047
763528
571316
349694
73613
743916
501682
285528
642349
533589
666806
492767
387261
431779
757456
118546
381191
595264
464394
874932
728237
467955
57386
619744
304313
396865
98004
761410
526290
953792
810124
590649
942859
740793
297752
52872
459798
761849
937859
821811
6166
187444
553086
969788
658258
259991
200226
305722
254789
9641
31825
346514
655698
396764
362170
952213
754644
355190
380218
379766
685780
427607
847264
137126
382612
433638
605001
586126
822280
908700
991594
704680
379044
6893
784556
650747
316496
258190
397938
585393
45177
218343
424438
866902
718785
708119
970321
438831
957078
486686
778201
477813
430112
176940
520484
517165
489940
11907
220523
331365
593574
776139
714187
837516
650459
322674
780836
664430
865084
888253
952228
848460
298982
415920
213406
740820
18815
826198
446612
658562
631427
445358
993300
489299
680508
72626
931197
277089
693264
468293
410915
963936
200180
171576
136712
255475
874367
3448
962379
90924
212121
346328
455069
7263
159186
986551
924333
316001
679439
213838
391270
758498
170143
522584
560654
431716
236139
674334
34447
313047
608780
406942
765075
298643
884791
11159
17480
972657
911827
670580
894339
248519
556395
68947
798528
978366
57663
716848
201480
546193
835829
524915
939
436707
685869
371282
621101
162365
528178
891940
41853
947300
937420
857732
527776
394195
814258
196254
4781
761562
737180
337881
416305
547155
798071
177889
491890
480572
252018
388879
98961
977846
558518
963960
7049
564761
240626
222159
295124
169970
482324
194935
251884
435930
207827
694506
29231
952244
640297
829695
531611
894082
705566
414363
950649
879140
935680
147767
669463
880559
112047
717257
280365
804198
126676
340114
674913
904344
227378
464707
393766
676373
525973
497229
376319
35342
296486
464516
828578
301896
182432
219310
609335
396541
934941
262766
280384
641807
471754
732488
942226
886442
505210
633744
861697
310325
817814
877364
311066
398132
514993
844194
117129
306493
671161
269847
163227
81940
342921
240070
437022
31654
530972
221217
98597
233566
2269
153798
440232
199336
321114
761609
489224
478272
480790
112154
130031
934646
694077
235475
86038
522048
65714
703265
769696
970235
807556
296332
130596
114240
991104
495844
722184
75999
468448
566602
617544
358843
81249
612632
757078
492866
211442
613806
58204
497158
151176
111834
938205
688701
577935
803555
143353
277202
865082
421298
783375
476197
38523
976158
498364
975462
444175
975698
957506
194697
598513
397469
25413
439974
67182
291926
840111
606129
521112
109290
42482
922257
773716
675908
844397
677023
318799
655255
795048
177788
873421
636747
371834
710159
194529
499778
198410
474906
459833
585157
422066
259576
505873
687760
576127
770357
274184
786166
720341
61129
354576
13938
179632
224627
644158
697164
705733
40687
634561
227556
585158
944083
773423
412511
943493
610764
422331
473579
730096
546159
60931
822448
776250
450366
362054
553300
614555
855162
668595
743595
586989
422175
629852
576826
162871
859905
994441
707878
206087
419201
178665
759294
86904
125996
772004
602530
178516
259056
435148
834702
479314
996795
637681
38983
922432
290738
791123
865376
459132
896906
642034
664745
542428
146311
312386
581365
906990
935951
865595
468103
34137
352426
861964
2329
240802
497113
34735
645064
799051
118031
871320
928351
915797
107728
928583
16382
190567
527973
599485
269478
729031
177145
189835
449508
953988
872916
13829
397144
825078
117425
468630
930722
446557
331645
720237
496232
237159
346607
403477
524485
585230
65918
732195
678737
253917
471236
811208
693065
459730
983661
249286
958619
537567
468571
374400
434577
922443
410650
606377
676183
112630
476411
971487
717546
416057
45391
585552
279135
808683
992578
132122
225166
568065
965009
608369
922521
508109
162281
906297
756444
571879
84510
195892
917235
548393
892292
997717
924706
765587
32750
430963
435429
624207
194433
806681
259605
295376
503347
368698
580340
551124
258661
323778
870229
369992
958811
239879
64811
913674
115796
606174
351980
328713
978634
968971
436001
767112
158344
591504
116237
585794
116835
292070
398135
822888
726870
855946
481174
451654
224190
596398
14489
686723
237486
98640
737936
885831
17328
511912
86970
422071
837273
818363
206892
100891
299272
699405
450074
391905
447611
780019
514437
983483
544013
791686
74305
126051
302416
220980
376930
965822
334211
592304
273858
823006
821168
750730
126450
980578
596197
366233
589563
914424
221196
715284
419791
569411
481257
226304
344465
850519
997104
117124
710398
240097
958849
253656
681782
552868
368577
322140
289451
786014
795286
331013
642341
768841
649470
282482
416367
560317
445837
370140
187106
38579
480769
133740
468747
275556
306691
846055
452028
798159
908413
688452
168108
712410
755922
987167
839115
604624
921279
648646
825127
978697
380108
484911
720116
665959
439470
281036
596091
241724
148924
495479
709026
797065
923852
45896
597844
975970
937962
961606
567628
883501
208564
507962
501891
81865
959957
853215
66356
963083
682396
738613
888648
884771
972984
693109
388260
792221
405842
368606
50379
747523
807879
940718
79472
144161
356545
65580
291356
35233
147249
471906
671288
508308
486890
999721
986040
11473
799837
424924
992228
68856
775853
359662
323204
889744
487086
957784
434984
196686
873343
831018
582801
965943
977025
581315
290751
981020
12851
189596
257240
558148
615148
61566
569394
224360
915124
633812
365501
526936
176191
548955
467344
321595
637190
952053
767374
647923
656323
328029
36277
941023
881802
885750
413955
866938
646655
77628
55621
94497
464824
476251
818365
559537
876720
714334
875695
287503
327140
934912
186184
190849
404621
49823
867436
291001
552507
272398
19611
338930
927307
580297
316414
656371
401541
611780
380884
337137
504468
578396
684020
944978
575138
377135
394814
357387
402064
577735
877666
267242
132879
546865
426316
844528
754398
769900
753579
967894
849120
685437
168477
959984
709593
349855
181113
353711
639429
518936
497784
551425
379733
81767
24192
979667
462855
235034
41103
519862
709856
665980
160896
748063
324617
996970
909053
332233
746435
719623
755138
607861
133833
819909
197769
68753
791425
644388
459480
837111
922654
360824
299683
746892
284949
810146
144606
762185
478905
206177
296484
584726
197173
783233
635197
184402
284710
672881
590991
309360
377555
210546
776996
65915
928201
290732
873748
594681
48343
841307
155087
17646
189475
358310
96457
918968
672936
922448
80258
627607
776525
446727
770033
201807
2274
383258
965901
847334
718393
695432
475319
778312
522271
935091
11271
207371
573430
654452
172657
166284
317296
99912
424083
379256
959594
993639
395359
534375
938595
109365
966944
121122
276951
239954
587882
211397
1916
616716
276067
892224
904408
487732
851815
479415
646397
61838
175197
809738
728483
758049
859540
441519
629024
740911
956760
83642
75014
953471
331991
133566
5273
976982
494635
994830
262763
420356
895364
498525
37846
765786
188467
969027
37974
593017
448917
558560
959808
408325
135258
122587
556067
59385
738161
405060
56890
975381
275474
521432
887818
707954
688039
982690
90398
476917
814232
20862
948253
91298
835762
397625
499845
997256
302003
51668
891590
966746
690612
606247
201149
465886
659379
369379
469131
824638
437756
734064
374930
666492
566836
404277
505868
787779
982850
565
268295
477656
959642
329942
579329
254063
67624
774974
334172
790362
942485
744662
51837
706781
120120
6064
312647
116444
169820
292805
663344
977269
419946
679895
979516
506091
528371
172405
263390
246327
151772
833309
48744
480515
527015
49915
543146
763121
791386
759632
924911
977429
315150
808814
55760
970372
608277
170912
877683
70532
558729
871014
661028
242210
620589
469277
424014
544163
69571
139325
151381
139922
749290
236669
236371
927736
869296
437009
39982
545642
216444
86739
688147
164924
931537
745920
488785
812884
245056
957849
481172
128089
488045
364777
575676
294409
599227
606951
380569
813034
92823
337521
858437
807640
255262
540600
936607
622525
162412
921531
699423
376159
635650
89324
349723
381780
470803
471726
47637
533456
754155
68800
636478
676831
333821
633651
486028
13294
3335
893975
698547
173635
194148
617652
967618
750989
389614
872500
777053
355669
888653
548190
307859
170196
940257
851517
641499
787999
431752
662367
597488
171326
368716
662585
798662
366234
516780
881192
530727
963604
507461
765778
726575
838258
378397
965099
632928
116916
628236
44436
210019
29637
708040
879901
512988
414797
127819
395819
844712
218083
219299
607285
128694
894624
197398
403752
878847
84495
477295
374827
530787
47552
452713
764092
960162
115387
210615
586361
379123
460562
629230
231739
95876
21968
845008
779869
992463
281549
865014
260698
817238
177187
407193
251988
707771
56187
371709
657329
910334
176512
683770
921824
365331
546870
608296
459450
789407
216547
465510
147395
28303
496875
344007
250191
432981
46138
699546
75393
795776
131226
10709
334255
573623
959524
598686
361762
393363
109139
330869
800249
150422
964852
154624
672748
907851
74553
84340
925806
154042
965101
213086
363564
200776
648323
104140
559155
237609
317127
104474
812526
535812
831733
710300
241740
192418
703144
332645
678976
81041
738539
887922
515170
301275
864556
948278
582899
199390
661775
850435
247486
265864
952606
984146
192473
779185
712285
425775
543179
635861
149051
741764
163527
237292
984037
417599
505495
596392
246837
685731
364884
829451
820105
400681
651921
264610
931758
879312
430168
182241
74618
856392
414732
722140
564408
273847
862062
175840
611966
109925
356027
556524
792091
754059
572337
583951
863277
938931
611570
143711
727183
920011
820546
664339
660399
174860
882027
950014
522493
6402
261952
637865
298687
340471
964158
202763
550913
576064
566989
916135
332394
772899
592230
283074
348650
449827
487440
855296
365968
535594
110403
706459
526776
146771
857645
733118
515042
586513
44754
166148
770845
477247
111054
234376
900705
256196
327926
107432
435389
468386
451229
606939
168869
607196
619186
443116
830701
203714
750983
163987
672403
532186
780780
429294
577078
297389
281146
133537
290277
338539
515180
16519
791763
530811
428071
294611
910822
272163
542298
260232
467438
998993
775296
737425
317107
474436
24194
889662
329063
97690
869626
964571
784314
787062
573139
589935
881612
430541
207372
962062
718782
436494
231067
378139
121441
921964
429934
59294
32848
537609
599500
907070
831258
771328
787930
152283
906647
843215
983674
85258
840220
77536
98254
797422
941257
413938
132506
41647
942847
928232
924744
3674
588015
880238
127301
401109
947790
117892
164936
285245
22372
890153
675314
493086
14020
781604
978640
168078
539478
509937
2046
312550
590608
399175
536231
853086
846851
234818
904551
855684
925778
511794
391825
739481
926461
525823
909004
123784
545755
138935
879448
789636
392806
345654
98095
634813
912688
372337
871174
198462
10292
648223
252658
453094
247367
623044
200040
837248
675630
516763
501149
447618
143433
81311
278028
930335
889580
663222
585046
43465
437326
851067
199235
878342
125786
161062
480934
323246
2851
651290
165151
989823
728181
223051
706618
494492
364934
414667
297781
976233
635020
439983
550943
936315
442600
989474
739740
100032
472831
215238
889285
417131
403562
484546
96108
171289
323971
48556
758781
1541
409504
797524
582144
398500
705500
668075
281914
736607
397968
344207
676276
937579
13601
849780
358483
117638
747955
8048
157350
463695
859004
750371
11263
288770
155891
440704
701880
279184
449958
962685
388695
579287
876331
414611
994508
360195
248174
862258
558423
78912
433770
975877
19078
923867
980723
707101
531996
892788
22767
408636
607694
370210
305189
84161
632870
541091
761325
357611
227786
491710
278663
136907
389656
66680
735048
901770
127848
851887
860336
500500
186163
137749
843862
570784
569937
132557
388740
404702
903390
573019
35167
572540
362806
640779
533247
629076
790816
961250
308701
12917
509191
669944
664746
78668
29155
177978
707836
159598
742455
398779
686883
763589
539315
412018
883994
948822
156217
840020
130393
200171
515005
24527
410184
714913
993285
454240
110862
398288
143184
363665
426950
485586
492243
248339
409043
911986
447454
744179
807946
379123
257566
802684
203086
702266
547131
115242
984378
480345
803169
466054
178678
998200
153308
689699
970988
785186
145117
546739
950549
274346
898266
374022
397229
89400
247697
506337
423685
96819
379564
422007
491639
812620
920000
350023
474803
116837
188847
350417
151864
367709
33710
164470
181855
864186
760033
448555
914961
318257
372067
539929
250201
349972
794657
557781
117076
147096
737382
753335
577989
528642
749489
114009
908293
431534
899266
143150
182103
601852
329012
787708
29658
376728
373507
426871
126488
305315
194031
905596
344379
109123
59770
616230
67934
599172
645515
307985
272897
19945
780789
430441
744919
80212
427601
554157
918202
664269
377991
460358
697150
988210
536940
586814
3555
956091
508869
761567
71972
799337
903274
967785
17452
707467
536198
642735
724008
169517
966779
626638
815416
363485
905122
125579
659135
909083
925680
251720
757593
988380
183284
304611
860076
597499
344700
502059
482071
355773
35480
771200
116616
541759
496630
847942
970346
284734
659372
903813
65979
841219
234965
665377
512635
802217
493586
407281
328448
305420
607922
116989
438631
668048
282604
948249
423589
246603
972873
683096
321211
518928
56159
919983
722632
506137
127671
908328
490360
386576
238608
537087
848346
721850
581757
963485
583760
765057
719017
153582
838623
658396
388667
314465
665830
215133
369620
601020
97452
711703
978485
560217
841362
972777
722302
183296
919847
755499
490833
831522
214810
926965
704085
708912
40842
689607
765335
706838
632634
707032
161290
215960
227936
191806
76911
863303
749084
642678
379984
74079
843462
360785
919782
72448
890720
172860
206106
288775
286571
968746
269864
729609
810005
165792
289824
525932
865679
843292
29447
69729
760253
524451
406298
512961
689671
171110
527666
46979
320525
409296
548035
247192
188535
663791
812350
882148
762474
617340
518359
421528
809174
218184
591072
97008
259564
477189
14036
71686
567213
413423
141105
512210
656670
356309
361404
942527
877080
265224
505512
890346
629755
959775
295313
368377
304643
67491
347363
448726
413234
512798
855128
69895
584237
609211
183582
570796
20259
388762
943958
211988
525032
614643
479545
807483
28576
579172
741781
338468
601686
190424
420405
642127
642924
283606
823519
542296
754029
617187
155895
605228
600638
824533
306369
204520
883060
7606
544388
632784
499775
124113
454281
623464
583107
861148
689347
894003
718855
639233
83912
180229
19590
280075
644861
710343
687459
357162
990225
894471
223290
943139
351712
994041
453010
649430
962615
696079
509678
178029
39351
151792
852930
899935
188306
460055
820483
54238
966579
490315
743575
208675
864570
765047
243820
336467
801509
54117
933349
120142
823626
146267
151662
59221
865408
972754
278320
587797
481694
66319
4896
559188
198299
736865
550770
562871
561749
824438
792748
200173
327341
149081
792021
499324
16143
780556
510092
990246
213775
191933
420084
917431
836399
382057
799117
879150
311741
444554
870622
535878
53529
346942
307342
417504
109588
577846
333523
595406
903861
877399
894914
583806
25685
844912
324036
547777
161898
241689
703209
825591
548960
535460
403798
344409
560355
390659
143258
773859
197370
609718
572127
313820
857677
500718
482556
604739
557831
482435
838311
43288
722966
137679
744136
723460
535695
713957
548648
592421
247599
344369
953224
45690
337021
372526
733711
721192
847499
584510
765083
231975
727194
641641
381816
263372
755421
270581
687086
726835
679318
982365
741556
164808
994845
99634
520323
946994
552127
778251
450950
421917
344003
748906
592237
773155
812552
208365
581473
839511
261066
460397
530834
463341
402051
767607
721580
811849
154478
107301
586151
433059
844262
570648
445310
485267
157294
943251
941047
330878
686026
690999
380129
848285
878410
165719
246364
472487
723686
690615
232530
920283
945541
219686
328132
687404
698648
339509
765247
744200
42851
623251
875501
600007
89436
40646
860039
769517
192940
12936
677992
515163
80786
146492
5885
602393
37095
436171
608473
138296
823932
925280
615909
778407
939487
381052
49140
495445
671677
792950
490549
153917
646241
510291
518466
603219
326682
21630
313109
719817
738363
970404
309594
77694
272252
212846
417759
903108
15038
464796
58663
343948
200108
958203
994142
263664
61
101762
111656
185117
409237
981839
261267
102043
901771
565497
923690
999995
487366
936273
775723
657180
444992
232698
395088
849625
485613
329378
592841
899795
632756
64860
318347
735830
799580
348
391618
810730
419394
942414
776290
234233
90310
113939
550555
340567
842694
631961
805355
881587
57154
318165
960845
346265
751839
986208
437583
979490
561863
259499
424641
853881
87853
138977
533833
420746
244526
883992
117652
879753
287251
307506
936167
877659
411891
800278
874324
227557
479286
229190
82183
538480
997684
551262
288640
999990
8123
100264
484891
298316
484591
159198
283851
612011
622732
387517
877157
86364
394568
844482
609752
989696
778259
460292
800827
110905
905600
483501
734975
870201
976253
967766
909891
762341
509502
354878
461255
780517
975033
2279
266552
688011
470922
215502
493097
432733
523254
737605
511011
727360
261836
853038
273491
544131
852711
566294
954529
960326
885585
783851
193442
877830
424450
202652
301475
591878
796358
756044
35942
865498
579260
1522
706985
365267
81018
753359
849953
457602
222862
365325
201734
39211
961824
471345
707976
315208
563699
409213
341471
114614
606026
707749
680512
728384
876391
85227
815531
662663
572654
291033
738337
788683
209193
156187
720115
136024
22565
977910
162038
633935
450233
405801
100179
352272
827366
610014
444283
720065
163354
619149
174455
822910
115343
35630
821981
941085
296209
690456
348766
837340
572252
276027
643261
698601
164771
458295
732954
983694
359341
217879
732268
765624
416986
772845
399566
364322
231364
874250
553136
853539
429889
991450
188718
670544
418116
179930
888637
182671
165859
640888
29250
152377
382195
208838
481213
342571
617295
143641
556066
405930
996536
771652
921608
499248
48918
666476
997690
249879
768861
329736
732844
568033
211979
448696
884616
105058
555725
33022
939941
343370
162369
224029
664793
979795
761430
239757
524965
66883
370064
286871
499343
176350
570152
770835
563853
20012
322704
673660
617885
698786
245972
790317
233778
538608
710300
511547
82760
356198
772686
736238
43480
481028
524048
137372
357479
956380
120939
806180
569146
927846
449099
488900
220196
665504
64099
515672
72383
519456
998957
589616
868921
331576
152079
591308
910278
277124
976409
380022
435315
622546
536299
758972
122715
571439
200308
112329
124274
127882
750485
885407
391806
949832
592804
463924
464230
521379
315020
605926
366243
987455
558865
799643
312723
396939
847665
302841
978284
615248
214182
654463
347853
70361
994824
62398
880496
421183
10576
165816
651068
893392
559608
829459
792632
526876
120766
104314
989273
811035
277510
831057
455484
259646
602591
348818
471023
9489
39198
92361
933097
234633
233190
503400
824666
680816
1546
122312
481693
255850
135881
345213
634571
230114
983480
785364
727593
193303
570685
961451
800129
619901
275191
823150
329486
421841
804091
703018
323472
153276
420602
347279
656512
567843
606526
601927
593822
425801
446547
807661
729830
856290
103170
453803
773984
587509
599224
860981
536599
283180
296198
302556
599393
563131
364994
665360
569949
404459
425802
66997
744700
578434
765288
463136
233141
713745
725841
622
802844
226714
121672
347137
355661
501083
585952
884056
219714
676283
808990
778186
587717
24208
316477
419935
745215
820043
170955
583243
266862
901249
389744
942856
883765
627094
537614
88143
472461
370824
913668
634162
59545
241813
24013
602393
94104
940682
795782
333271
220916
763242
168077
140776
177911
258807
126725
163401
614429
466144
511093
657012
77380
157894
294032
729207
129728
919724
536655
755248
9227
719548
851195
407655
265497
452912
159879
265800
160522
726819
141017
241531
844537
89909
877929
451362
784945
279508
825858
692398
119808
393646
846630
165726
620387
888688
182031
44374
405152
388985
993999
683160
724083
191840
194136
439009
56288
162398
107416
561058
31719
926426
861949
530265
762390
149840
891478
579468
608504
742493
74265
320482
730795
111337
458881
370654
595728
128497
577040
221113
496667
206703
801970
899482
742537
934889
987714
715508
485362
175123
341349
835644
273460
223522
580372
30406
691471
573359
699704
945915
462479
211779
917806
292089
484836
518469
259178
963271
173709
729149
367735
812787
327923
156484
163164
434698
237778
416778
269723
488180
634770
857924
701907
525289
443764
601840
760133
374676
287847
969094
214195
772866
342011
297917
990948
520839
534893
8950
450373
468782
43872
856521
442794
950938
204205
834027
206897
1789
746449
373625
890951
727540
763845
112931
44100
173822
238955
735544
663858
866904
308260
274825
814571
17462
21566
878269
69792
711071
269323
713073
501238
314278
348493
1225
627210
616192
581197
129560
804949
681287
353674
963944
105451
88202
155855
966886
678366
243278
166430
411629
57151
913574
774344
679597
975556
822058
778718
879096
553285
120791
451586
4137
586913
754307
177238
990001
949566
244219
674582
348671
707053
59259
940098
35595
378155
265
535283
656000
377091
430318
362063
274884
23441
46866
659288
407973
157027
648051
501790
786401
549048
60673
317845
593554
531562
657306
110081
223284
629223
408541
175566
902676
261211
338029
683708
214423
413290
433092
281207
973989
721561
420081
548804
120880
108044
281007
806040
173668
691946
57124
570371
587757
698076
518131
792521
374496
60469
502270
608785
135495
976236
125819
839927
186444
715396
30642
656380
268992
432844
40592
178589
854025
563842
982827
107201
478822
343955
256339
884299
44385
388222
463505
152400
475600
538646
164607
178082
501191
325414
170883
522059
12317
945775
819753
19478
542105
875148
13597
773318
519034
159479
593346
834858
442784
730980
155185
287112
644314
803083
102225
866487
812493
808323
180815
659657
497853
863818
840762
962788
569595
288545
727870
119154
128811
121620
489212
361390
828465
989719
712386
673695
199864
598540
857644
346978
310302
876834
117014
982303
616448
414743
571324
706014
907741
550237
439921
619826
937321
912475
973944
455507
66417
444938
702467
459146
531941
870528
404165
155589
788871
445066
678006
601354
837807
942769
146915
470280
151928
92575
734639
260681
517515
440412
88938
534532
299462
853361
635979
837776
220168
488557
538957
218354
468571
821893
423524
484887
791103
409302
620315
431773
763151
587271
649100
184011
450770
857866
901819
103202
593377
697537
414159
261195
302576
568573
812077
479727
908090
140321
611890
809894
422349
750309
369357
326407
545583
898679
568312
838174
360364
42747
439761
835323
845181
516339
684953
81703
537815
308986
910024
790130
585997
756011
810442
108008
951650
698527
734426
583842
6191
916434
72826
74808
435949
607591
979340
196308
926880
253954
470608
14049
908705
830675
174011
638371
384518
945011
235056
697249
148591
833510
5597
442045
807024
192640
173237
511460
115286
958757
833733
244640
161496
56041
135286
235402
151708
240150
350622
568989
675810
551883
806018
138215
229265
458497
983852
529753
384604
995241
148709
723261
807185
838385
989840
271494
748158
797286
418147
320899
562880
799796
166978
887918
620393
995528
974522
851809
301453
158550
713558
348712
775722
419446
552930
83569
149297
406058
890746
540128
277749
59707
817421
202111
999471
827392
515380
716435
194667
214016
187561
58634
149779
321647
106085
547984
815190
345941
606490
685568
865781
524
613386
498103
688170
113384
232578
824325
84533
418161
381431
295037
531268
182731
642875
422444
162046
685687
609948
192870
458220
303218
930778
78715
136196
224763
488706
777801
697364
248754
284523
200299
108936
739164
748684
698319
143320
496579
490169
965734
398032
404154
282168
370420
277565
408127
154052
328647
38449
312505
843294
869060
549300
618656
745162
354013
410439
479227
811437
819934
259989
412869
448769
348135
695289
241001
931442
123700
518822
836781
922392
642200
632375
312171
95378
459721
644564
679161
417211
348628
86013
958314
937548
235825
456182
94126
334606
502577
678415
617492
501626
237972
500623
633136
904814
743479
465725
686872
237582
145066
130762
496520
278709
74656
899166
177701
704023
708863
77373
770847
193141
218200
380822
746607
53435
633008
43368
459520
212665
180669
8402
778026
649852
874156
279029
120921
489673
155231
615751
826316
991669
794676
982263
347257
458084
849152
658232
695886
989340
281052
523821
643539
805509
27541
893423
998252
199807
153799
376702
350138
957600
394948
342081
758048
271945
489517
909691
348898
483299
124707
795149
611114
843963
414552
424162
107429
715960
83647
268602
190154
267253
573090
513110
959675
272831
493201
360765
773188
90092
505208
347818
563648
842902
181322
360851
947994
129779
24538
485653
642481
23826
196360
478529
662357
583540
229976
756989
437422
248453
185182
765656
915261
318006
857749
238
440057
667896
452176
12532
534811
252886
697352
110817
657462
937967
137555
318394
242365
48911
895158
969848
769129
686570
659729
708375
665714
207284
40953
777725
409402
666655
946211
508165
527753
70962
316027
848808
415987
675395
901652
893704
776982
40401
721594
269208
530240
35200
355236
712170
734189
729585
909318
632214
306989
713918
838786
174404
18468
143183
838846
849623
250412
37468
362129
18806
988949
333567
77206
334328
704588
573236
875299
590572
126553
923761
24788
554946
892866
178076
689152
986585
582093
119981
316942
25381
593187
278178
539680
698108
404752
180441
122732
785982
493031
978061
689836
210911
184387
920751
361388
933075
679976
117728
414273
422164
892167
686153
972376
94227
919776
433880
909676
493305
981122
831895
316945
436952
771566
911658
849646
504563
204314
684709
526472
773350
817553
349576
809272
325043
844983
566872
270079
98731
183978
532315
276656
133238
153989
353775
754763
230783
946366
685639
290666
999614
822511
471491
344853
11171
583602
67819
806896
350364
796773
905673
112788
657731
916173
971744
727866
251815
315478
368908
457235
710134
149048
465591
741622
569028
783350
24629
569969
935930
59328
897662
433216
35677
71673
176005
752028
601914
611603
751545
290858
536940
601301
602455
723348
302921
466942
871338
904309
433711
10116
44897
833902
768422
511669
889355
282838
302514
3327
565937
282254
259768
831179
204047
106674
724426
286083
418353
781867
876817
428596
280487
750689
747286
691663
310436
766926
213741
580682
100601
878766
349374
846436
109161
669650
20017
870661
31336
656724
243446
846531
45877
487845
401838
620673
954449
939970
835897
269618
115803
453957
283549
135099
213641
834008
768079
564919
860485
514500
329506
70228
122209
977127
27849
686426
444537
727620
410762
435980
764324
958069
232578
735591
582998
507579
273871
795399
746325
319542
585821
415849
490198
679792
136400
220811
796532
141331
453451
321968
23244
610427
984283
931008
731511
968870
498116
402955
275045
796360
465893
624302
62674
188604
617674
346382
479016
237588
165646
454849
865394
431889
462443
318605
199543
835502
15968
362248
57275
495191
188606
263390
536654
861623
37390
807473
28943
282607
432098
18971
51905
804322
533879
206735
300743
498605
716612
143005
736575
377844
66465
75668
65401
930967
797591
842561
770195
115204
969024
610710
164530
367654
627803
348071
95007
275516
850542
605453
962427
109828
206616
210349
125536
200341
956082
325331
233174
752140
942113
777271
860399
682270
860796
42914
886912
135757
980436
591914
235004
726902
857956
516185
76590
691719
735958
838188
786643
957773
788080
606711
403601
713515
544345
561382
559832
563943
969484
127134
751700
667230
682776
545473
10700
455896
277649
750673
897178
565238
350103
904492
621127
934408
608512
994421
681282
445563
751781
101331
591293
677039
465734
311187
761317
945063
220891
732969
536188
416218
731448
914196
389204
148838
813019
258719
21738
138980
361301
72323
723740
258262
698259
531370
127432
458173
541705
744398
227011
620680
36282
435456
613491
805798
685990
101573
743434
96892
736400
768987
899807
260530
495786
714905
534890
327592
122847
137844
674524
105479
401405
818398
205337
627058
32318
38152
700627
238490
120369
958024
146500
381104
581194
534614
604552
510006
154690
282737
492372
348911
53292
831711
942935
274741
812758
18449
331307
340393
213016
703652
900088
483076
64316
629508
336550
546572
850505
859051
202876
943139
877998
449415
237082
671930
180744
108346
57103
700386
720720
910779
967064
165123
494756
624474
748598
847717
494832
865184
27754
653228
375417
109972
753232
383777
565574
758747
166230
846634
259307
974519
494487
935516
82355
141808
651928
953511
550761
43728
137245
781552
978691
964231
247721
767740
415020
210671
189521
218311
122733
583786
786620
223989
487927
955688
767802
959840
331023
1733
685885
752528
570070
372495
755256
19912
228532
72165
927698
999421
725601
688378
254663
162786
460112
821241
472540
463326
161208
520003
585660
376863
284543
433364
946100
272904
280005
154051
533384
452038
346251
836264
606448
81216
221631
969688
41010
109
135973
40843
626909
271039
467811
741535
339551
533949
56745
595253
729924
693614
937787
251065
565963
683633
773340
826944
899367
213098
710873
150154
300687
30551
478319
160550
445122
451392
247513
963637
144219
211341
587515
393414
565772
225073
177636
847841
371962
66564
97859
293023
615349
258479
766378
10230
457938
200704
66935
74387
332007
868638
685732
810144
710243
693590
354989
437285
827655
183763
3738
161162
206149
702061
343464
545659
303923
393944
658648
570276
101612
85693
725075
216668
260100
878054
446264
748766
946853
708114
929668
543153
559563
238248
884573
76842
66136
475017
510587
305480
839060
764222
408499
57725
600389
421776
795810
960844
507047
784631
219698
262029
921993
895914
306636
384270
991940
541461
544858
501652
295448
47913
518327
18367
674276
62861
379958
329803
184002
448050
729612
630834
236925
62660
24219
56687
182384
640444
30171
968286
636796
599442
534887
252096
65765
45392
181986
998298
402250
933058
454276
973692
218815
21642
773637
349919
20872
520591
498212
446376
365813
430422
885908
507529
615061
467497
200516
406791
65048
341235
946121
66902
677125
758894
3371
929824
921748
645939
511177
63396
692265
776112
26921
296507
966957
615736
864928
782519
703563
660149
338778
730724
948932
805752
495943
731248
462448
808561
863331
730471
505682
263098
399712
939222
442646
197453
350833
659537
542377
261974
389173
986577
294965
319396
80958
214581
480760
427513
240510
736297
36544
896256
569678
380324
400197
850142
55066
190923
721570
359201
44843
819443
253554
949397
757202
564868
537859
92213
116334
45048
952634
241023
581339
843139
357827
159456
713719
958541
755634
771919
894738
590490
156539
857974
430193
369483
49674
567434
316799
182654
692992
463227
445073
472080
361612
577159
601812
77186
996513
151850
995286
89657
133081
162160
974765
174047
468518
205802
837832
514792
794928
86975
142672
48495
284497
782682
427898
903038
885801
702657
289708
838573
439326
208390
897801
663457
687795
661590
302619
555830
375620
616494
551452
124279
124507
758702
265249
834570
659699
498118
557988
98729
738311
921868
709548
375178
443669
746608
373723
770721
892084
911303
595540
765307
535439
371843
155590
757195
729661
508484
671066
693314
595006
572615
170613
278231
970197
893436
843754
505190
885693
715446
319487
475253
161673
256444
197018
830033
146971
826556
947849
271703
543296
655839
610347
830094
867111
346744
160893
402802
599548
90966
94085
397516
878694
44216
546772
70972
328857
40800
722300
155673
65688
406592
315663
64623
486603
501457
445967
972583
606136
261699
701751
458052
326881
29135
483237
770953
161467
308136
734370
671033
496582
288591
722128
686390
761933
562566
828271
513803
179900
370652
371915
236805
598809
559655
248838
313852
12321
215760
341501
32815
426496
62920
623770
144589
391147
83097
389046
372752
762078
843607
651176
292996
672045
936309
552047
649446
265481
734259
747384
77799
461010
208181
632716
727184
609235
794672
768408
918847
187998
53309
351002
801039
725445
426000
526374
41430
735026
986114
207699
467335
390564
954057
650820
588216
440647
588618
695702
21567
102830
33093
24291
393717
699951
258927
790769
587548
48731
960797
360571
312093
925784
812636
602457
550058
900061
272221
62350
234690
491914
38541
921134
532242
832738
904771
769578
110905
685158
936979
412602
438052
636431
943104
721829
948952
964199
562766
956016
422991
463812
323892
333409
419321
605154
494128
695854
895011
171228
527413
660807
789877
853191
196864
371517
564438
62187
897544
769997
854378
472351
197140
877325
851067
317824
325414
743794
581877
550093
278421
541564
970955
332898
93240
253630
230776
314191
165438
87566
267296
293269
12059
346821
187093
504060
423197
867827
68981
772052
240285
762146
755440
515142
633360
841797
529191
778645
299773
963902
260656
277239
745993
429577
91446
871882
702190
544072
223229
487861
932810
626027
293444
170908
651604
677115
427971
150015
510761
22916
871764
860592
755908
954653
273262
876847
281485
287061
734732
667172
153672
949244
437420
6071
314606
467467
837747
409679
780761
500145
949421
495782
335000
627707
820787
510918
650659
141150
909029
170082
734696
20708
530839
292243
721411
597489
170121
5294
998221
133425
984141
841406
347915
699937
425293
571363
931720
938102
545701
944774
398525
434349
576364
176055
679596
300592
299024
381094
601868
351202
999455
360699
429790
630216
990050
494226
464478
21843
464740
878230
970901
972814
51600
405817
549771
630432
481592
513741
562970
425727
617970
42818
97566
756082
107421
89661
416393
544448
357633
418385
591379
443130
352597
159196
524366
35234
929370
997825
39319
486199
587492
740221
422632
663262
6648
784488
278923
17966
44689
521482
824617
786712
261437
464280
613953
212210
873380
851722
838708
549534
157417
264474
140860
815195
954601
605082
935677
508968
808481
229682
658164
505040
126444
623797
777932
174551
929577
376288
64655
627263
800955
604910
930170
770743
403242
231259
872937
95649
517991
281459
436209
968318
68716
846741
662476
914041
488514
748233
856047
904333
123420
64123
71160
500115
807969
207380
605507
197868
308039
893620
183132
449543
781466
333902
464078
393999
76317
358943
254426
451188
507207
916428
542980
722133
25646
788567
234055
358727
206594
762173
449576
989189
872815
845616
701927
450676
649958
424748
439762
908497
464246
217784
938613
937913
190676
585979
822444
577236
48953
477177
66777
380127
616554
25320
120752
446229
206995
566899
50735
275450
830669
471562
21355
466436
688127
884836
796934
415334
735136
280466
379453
139706
245146
486977
557470
455178
552266
128588
546198
757882
760356
214780
774504
956630
171124
886941
288314
569780
425855
60798
586
355846
928008
199236
950078
584318
689838
875819
330520
438430
156979
31323
114120
742363
292247
249955
593435
767085
848610
744660
837650
479606
180097
924924
983373
915852
551112
567742
84198
485221
878614
585611
916699
60574
217110
994751
740323
686312
40354
106842
440097
942479
232898
57369
244022
159528
410897
139760
847537
166231
944704
323175
485858
374138
875444
624206
244812
248118
31755
579998
942840
417948
20924
416238
149478
710007
930780
18958
158367
965684
255549
337668
420774
505134
791921
131681
446092
284886
166380
874750
479139
608700
325831
296792
360906
153276
518945
887238
905127
466759
372448
875027
371316
869005
803029
828732
135536
622084
76414
22663
167541
257752
565861
856061
577193
442351
598821
732551
966094
117912
546764
648865
598965
95823
766876
240701
447824
509487
603884
824118
2980
200245
740268
298799
339549
725420
195590
147336
803131
137275
269919
432252
914411
324231
683196
233370
405872
521350
565314
885214
505856
637473
270806
783788
889707
552325
348067
720424
933046
379527
599993
176948
80838
654193
448082
898951
871096
459886
329585
695399
555982
174349
434148
980355
834627
789749
551976
644911
118399
348966
581355
595068
404006
923111
293420
966579
839434
237010
787902
235438
732417
345592
866092
819348
528338
201458
379895
694191
994569
30789
639291
366188
577258
287729
169072
845358
71234
86807
505995
20239
691352
373444
420932
163252
662723
76510
439859
36619
518933
525929
155220
58916
137141
268663
904873
473129
519499
358442
845247
262395
634004
322535
972168
64875
130197
608473
888359
597586
849132
601951
991179
823630
577217
143379
45939
159129
817052
325240
8527
488839
971857
933759
447495
42460
450326
510326
923669
344327
252917
85710
153549
758399
990684
286215
734525
639609
211602
835898
78639
490819
678340
601475
497931
886464
974717
565640
755609
791488
715637
926699
313189
42620
534336
507656
999227
480491
192423
1259
802770
394627
851220
278609
3013
299535
962022
685977
651260
494441
816421
178248
488681
429653
95183
103605
288302
164154
341905
67607
381212
969342
980497
901481
644759
247100
349160
204599
821973
194341
715501
414537
755269
146608
727021
65833
138572
395327
921078
513041
332458
397008
908050
794934
794108
609244
101458
13867
718298
897808
854208
627572
777248
630629
992694
338024
878154
897438
391180
895937
676345
355869
66284
989380
943506
509923
862850
494215
857094
483299
49488
907300
35820
33473
516062
638777
322825
85612
755982
978008
322290
700436
203342
258514
325193
891338
655142
624795
825763
356660
7409
969882
624714
79849
610856
139600
336094
239407
688410
374306
265238
156110
31032
426436
850404
372688
121420
381572
157879
534680
947786
759728
107034
113309
824831
425446
282809
462529
870630
384566
686916
139410
615514
495797
381292
43292
424485
228833
423435
799656
453558
963116
835552
658326
847665
175463
978103
195858
685473
190604
235623
39990
739913
688808
927925
472380
368280
268963
113303
240606
574970
656365
564115
499404
884299
568199
495748
69769
57574
966955
304638
992355
2396
938458
747913
682061
936192
832832
887370
370011
286559
104837
566592
520088
960270
699442
303785
924743
727067
925886
241797
878069
452645
263157
755122
278775
974472
696196
465014
158918
903216
169507
469404
859251
108495
694111
110965
275656
349289
602371
113727
934141
47564
294754
190052
668244
395806
922628
150361
591634
729039
8939
111783
814938
593133
107072
497351
179367
392213
241823
613221
964581
71687
458428
49415
995053
374739
828464
321735
985820
407984
447332
30652
831054
736492
856472
865719
48188
168317
803345
952361
430511
452021
765277
348770
454176
895124
35908
69876
328623
386679
616397
481590
234491
801135
456618
797412
37860
14445
535745
403364
916571
293081
315671
103715
451874
978113
973147
597278
218533
713582
902605
468669
276405
618579
910409
158489
732381
411423
604468
864095
849187
862193
362242
822924
247645
375211
858401
19416
20460
164383
158021
964655
766938
29927
131089
180506
375308
236753
741471
631421
980515
523894
609836
294329
549621
648300
624611
832305
801763
925393
505284
681194
624983
383432
90545
236876
147805
609600
477461
620165
513626
758960
639793
72333
170989
157407
775300
845572
886880
893791
300055
550327
170762
846746
572834
406657
175429
854724
159326
454478
721864
533488
312424
547323
521952
309759
206479
958873
791056
361842
301498
167121
597569
805473
208761
359585
983911
77701
901478
196676
209267
161711
943031
741552
577390
826780
70756
698937
621049
201695
638767
782035
549982
812158
378325
435445
34194
342682
555855
126296
38537
28293
844485
198494
109046
253240
893776
14608
968542
639324
575402
653376
414488
962054
895285
412301
917475
505792
588324
916485
660964
237058
602314
744741
219322
670720
690877
759611
123136
718813
440806
263724
432414
580733
571049
419026
683916
812856
203563
874621
329829
466346
394948
383131
276131
738023
294915
497458
905149
651532
333080
547593
775898
134832
62242
699431
135984
657786
752726
841331
580222
44876
328072
827194
513250
688221
200217
107088
140760
689445
773438
563405
231503
390065
502697
112569
607209
714646
353686
210114
381072
706178
372083
731305
345520
849326
785900
304445
981908
502703
355411
795520
229792
236
638889
934822
357097
313194
983179
925883
594540
44035
140092
250660
95282
372150
749835
458173
505342
544536
371873
420450
81583
400103
842473
989258
794937
894078
322140
50317
498298
626917
571944
643270
393852
812288
649724
992915
303046
360104
925811
76793
493087
172695
935322
225957
398624
719549
112928
936461
796148
982959
316633
29941
436528
968959
781486
556110
182089
265446
572325
475960
311478
824926
29769
73128
360547
50317
990966
253733
449550
831003
403459
758701
801858
897444
207820
356148
353134
470729
163866
231948
704098
399457
320178
533664
974053
585101
834103
50394
222581
474666
40188
106533
706524
13279
402154
298380
565483
257621
223754
170625
759446
550023
785904
420410
176939
871151
778373
710198
885297
106400
112815
242718
786969
286066
676063
185478
786787
843287
325430
645842
722704
142796
855189
429621
476031
534700
147264
46485
842151
418462
80173
521291
966448
329391
454575
900806
188206
865274
43258
132879
145019
817092
100562
351079
32367
183844
755285
63884
670398
624223
145313
164891
966255
416722
762147
207567
331125
177416
80125
324391
836140
132460
650771
139110
155761
351512
797235
263988
177886
553355
909150
953186
800161
160634
547511
53579
865016
24253
2247
289813
676363
267114
285099
189015
927781
202751
47899
828117
224080
553400
610519
538022
390349
172865
882608
732727
564397
829062
660336
751080
71183
891814
274343
59859
858870
727429
653971
234350
668934
470592
785131
916166
951580
283580
30024
542187
152199
286679
754352
893099
298598
388032
781057
100214
257502
366755
540983
248289
539256
364796
131674
616326
273238
382029
896199
889608
212496
359147
989784
314164
769456
608882
842483
198211
443141
380568
58476
242108
231912
467679
992088
459894
333449
37860
552943
876475
234612
793685
252765
418056
263974
851008
493285
243378
198022
798918
550194
939042
189954
564526
849724
42817
995527
122453
616915
503022
955356
893828
745931
439020
15708
833370
507653
906457
133902
985192
375573
472025
592035
691803
758677
400722
708939
290708
792070
309391
687348
160532
960733
803784
61600
750227
18354
199929
21985
397743
537857
403566
6516
661186
990234
822304
29624
114124
704235
96313
30985
560783
938408
487476
891773
264186
181780
26336
735610
674813
744175
287811
610866
837115
925436
453851
292925
197854
915118
906368
553746
564740
936686
640741
972513
822742
45324
818429
498767
727610
694015
519930
426638
28894
272090
164848
198488
356149
374094
132953
874953
493631
708054
940465
486999
515648
472835
258242
231407
528978
116196
844090
577388
534038
231057
655607
193718
962758
556180
518309
97461
418918
25909
350527
217777
96665
31841
806001
130696
287504
991990
991518
489098
657181
344110
468477
219445
820198
984613
343902
353864
177973
772936
602955
971014
255979
708892
54986
819657
629396
20456
781566
849407
9174
575809
861804
880710
655044
64688
744924
239264
72144
518913
920598
894547
500764
153707
554379
658400
787761
933015
703894
168989
869193
923407
903255
377713
238022
326852
581823
486124
908742
418619
455723
239809
288782
628566
858215
565280
427683
740731
92435
389620
505143
467811
923939
934006
264769
926785
775616
22636
999909
582796
189004
196738
938451
569707
526978
692035
186092
814141
502588
860916
213150
852546
484879
477517
19152
573417
983505
587733
949497
535542
354875
791385
440972
661711
452457
58824
725133
166948
713022
695342
471815
242937
732196
217355
273302
844626
26673
875472
322399
921594
630245
538357
640224
319919
35216
452793
79074
372909
845584
613175
387787
343893
86840
613474
553680
661306
319885
794653
199943
941513
110570
521082
876954
195474
292995
531852
581272
362295
175750
64810
474405
557872
600733
704323
644242
948024
444560
845081
686855
965399
346696
720412
176669
110029
254383
279332
157384
721624
161074
750409
739378
676322
17512
868962
398371
879755
812684
8473
244187
592782
712742
747880
225794
907410
399497
215474
565622
945103
770549
926400
799812
120923
51932
90966
10419
607505
599554
831282
574137
830300
593021
945056
626385
957285
210716
701
915620
400983
725924
173318
500452
453387
343350
395675
322232
598997
592460
899926
218129
913002
130146
63810
105884
746989
795761
129530
748240
117332
878934
393248
692903
536571
820434
841206
224233
629509
435882
688540
400035
908651
417775
988838
278839
505635
971032
645529
302669
176237
839755
853891
752359
524540
186811
852084
159891
386112
39466
208605
30777
222988
423632
251651
396052
51177
558484
49375
553022
517622
961655
268885
547555
37626
433360
741903
811159
336264
799857
326198
738244
233102
532137
927053
446140
915002
429027
978153
628269
490312
688620
262801
324402
954669
671378
681838
726022
300505
818343
706350
533203
927341
50725
298620
234345
931705
985772
652436
863754
413104
986022
713861
631329
949483
840971
589447
451091
954710
916608
199414
613039
272891
374043
719915
775359
181225
601857
647413
886784
284352
624369
655033
285101
735516
31257
745251
111863
297116
667558
526216
780562
255758
325145
531930
683817
546553
760084
634247
851634
399238
596341
570158
731419
108235
578329
20030
975331
155125
882498
310509
632646
257106
430547
298386
866513
294137
95992
747041
24723
391318
205730
193664
177716
630230
455536
116362
980255
272939
659305
778399
261915
691772
921894
298213
594808
901357
225869
53152
438756
501318
662775
94826
361053
343362
50355
124047
648064
341046
407332
423303
149761
754332
158725
927376
449716
927548
64525
422888
671047
408822
797166
968356
186130
290286
494007
300656
239623
292884
216537
381092
507908
744655
78982
396095
76360
846149
383989
419394
577601
404489
544579
156587
408835
228194
304051
129293
345365
82676
578070
716104
939686
637326
279878
132715
884061
65103
717516
873378
761294
219317
775713
599901
165960
313924
178578
747200
155723
153103
462780
369856
598679
50853
322551
637601
602847
235291
902479
127433
871644
259187
886126
551423
133567
433830
110293
188998
581758
835731
217033
706896
547280
86724
395146
101025
983475
84441
267582
408705
855146
171731
421805
602397
605253
593535
854245
669435
754072
926588
620222
111448
914510
74219
133048
889825
629782
51507
68672
948298
605691
912686
949330
852493
615121
70772
524728
5698
136395
848194
128496
734167
330218
977094
756971
661293
256144
841225
533938
349008
333235
974265
40228
726800
475052
458386
412954
87232
217327
714089
265195
790411
927445
647765
74379
34606
582229
644666
273358
498069
139218
969715
628555
411798
651726
439515
575707
543556
521916
692857
264321
942385
47730
881414
53475
807748
786109
670427
628214
500338
475919
84731
942521
818588
664595
218235
593413
871521
233418
991536
298863
420749
773281
747570
160785
950426
482952
935905
68534
189644
641153
22325
170036
63643
288981
937506
219912
978819
430458
154802
999755
442297
491166
466447
39507
795896
288659
538845
93801
254456
379396
439650
778560
730302
897995
624092
654803
101374
440095
823511
289414
417175
832500
800429
305265
316125
929411
972463
564228
207972
252529
936094
854897
681670
697424
284483
577927
455699
557758
80875
891551
327062
280235
406595
708719
410752
729977
330380
112699
646068
754364
943482
256684
798190
464608
875567
672057
28624
838890
309071
595650
112075
314839
209599
235067
664358
870304
606847
77957
472430
904351
599969
644888
8827
195723
904934
450717
103962
843104
852404
83929
99868
317082
15989
434627
105594
989727
473806
333110
326243
704828
101178
613377
903781
216328
792707
997596
332019
920357
257053
310134
419161
244196
830495
822697
527545
486600
541982
522127
366976
237859
452776
904174
73259
234013
238362
181518
996976
707732
137311
906348
958154
40989
703685
172039
675940
146983
127229
848727
235681
899264
813807
618717
522950
43058
837112
712278
458373
66117
130881
968457
46055
837288
475261
68928
754708
101610
216382
96083
235650
802467
575157
780639
990008
543472
727428
215702
622526
446042
687042
827952
725475
190232
343882
697344
923627
755435
245440
159457
249683
556967
945570
102735
454657
813778
674374
652242
164621
147493
629814
553556
499622
15471
809060
838996
948130
969049
143244
133747
540966
20676
415397
88236
76718
427534
652547
691809
735674
288116
191692
289232
324566
326482
47444
927588
377412
240773
970392
400232
716359
266417
375828
523222
939087
302110
980289
193870
284540
344445
302831
435554
743952
182537
229626
770958
179510
633417
111724
4293
860393
62322
909423
305638
184771
436264
530541
465293
132451
778533
913734
241158
728057
824371
161069
696669
387825
251539
17439
905297
133561
542720
422017
334887
900529
36429
400470
102938
50030
673899
611482
795568
675691
416263
73853
498215
415501
51856
550975
482895
786769
586710
672868
601073
176085
972622
55253
832109
806784
456370
128915
809250
356558
27077
333656
371333
737595
934004
547852
268052
970763
350168
89249
541477
541556
57240
168843
295000
78186
152364
431519
478123
102917
303676
247943
521580
882960
213542
75168
925769
930608
449951
25456
648963
845551
994481
251975
843329
507172
348770
543985
788353
34177
743477
51540
385513
666809
854154
258605
489404
36811
445408
295713
576744
802224
219963
175235
34108
979613
280161
50337
148406
597301
789566
98187
865530
213071
268455
388322
409055
641119
816123
216
261540
119107
326438
836937
931200
628012
712255
134901
29975
639527
254993
777114
174344
43015
34807
490026
401699
351153
45472
198958
125240
150020
158195
163191
854987
28323
493580
963900
982563
844576
425507
563093
222402
917766
746062
289811
477742
929539
271965
999801
82158
915568
810915
159963
5905
84543
806804
147602
682727
677120
65610
887386
784787
816336
612194
743368
655736
733918
111875
590250
216017
507675
763134
441341
98973
395454
504017
175301
597367
699441
689926
491213
424003
62043
576505
595003
606981
460235
487670
768079
580363
651453
701824
583544
812747
963404
782127
465875
684231
396341
157233
628481
342572
170436
308721
225699
521595
751838
563348
103157
123230
328362
211424
629508
826460
478748
748983
295757
875624
9630
682817
643124
999508
796957
909033
673757
576675
232494
317630
447787
31803
653340
380793
818131
638073
109712
577118
292508
177631
331291
15931
480245
642537
858722
341389
270450
734909
576486
510722
326309
836608
615854
380570
393557
216517
714196
505063
113758
492192
843754
220019
764645
64473
593159
514496
499253
145276
77425
1386
663675
437325
485736
741801
200858
203994
702477
355827
930156
353512
617070
805950
336854
891919
285423
71715
594503
945698
702869
302686
335565
670662
100466
451634
972628
780132
281641
94505
940603
49593
611805
495353
417684
107082
550074
998403
751224
144949
658207
895476
501893
547171
875879
482830
890742
175450
770067
772289
182237
567663
719509
944371
825023
812184
449084
916575
680908
952352
672119
775641
908217
415475
147079
953839
942524
404825
508485
518060
986403
165568
387597
318134
992082
178993
254342
928279
222935
590181
792527
789528
344940
516081
158600
312393
308040
831004
967674
201822
628578
868049
228580
172980
307395
959856
16291
883313
452230
611838
2237
535368
517615
359165
413258
747676
115430
847127
313087
970044
589967
786036
167192
136333
97031
401131
2722
125317
836412
340692
861090
271507
426217
564348
931621
907037
966957
186226
801637
806689
632775
430334
962965
453629
124784
136753
288522
299978
327509
828184
238661
402338
149424
885642
459297
590786
984578
651105
828821
495371
871749
221031
758051
703925
12131
415918
463544
693130
621181
610626
27492
67922
468444
522050
761324
746810
140448
804929
521891
847284
165304
100110
229676
300111
216172
637086
822429
794418
276247
667160
286654
474741
916275
989053
919024
473051
896909
137650
773162
720432
378903
732460
553695
572411
947292
127223
169404
660577
371214
208163
588877
986262
348347
235339
50623
100800
592862
327939
712640
557866
503570
650973
336131
859809
156001
570008
511007
378031
731899
509927
769303
112049
860802
671193
250100
945367
117250
837161
998607
557816
919934
549796
519467
16656
556966
280179
61630
182359
288484
871236
807184
492734
795541
165977
57213
302281
99157
648429
910933
678276
666547
682622
502370
524515
717700
460988
510153
278202
863571
986828
303945
908821
527286
563833
893665
411573
208379
392632
364302
640360
619906
171414
446514
174531
994468
627072
906128
345535
384337
786158
187124
571118
143608
224814
715760
405528
979871
103433
796544
748150
890386
350932
700175
740362
1656
711764
457363
526105
871809
119822
827347
100935
893563
184235
413768
776781
79684
787589
616417
629848
427802
59409
254305
277505
604494
517033
207204
7013
449623
58036
799359
900897
224899
808948
924420
151404
531272
72555
165285
748561
69369
427435
572080
87239
295060
334073
875000
442415
370552
839261
492436
784745
286836
58825
272641
501458
239418
980707
390243
380382
810802
469233
175592
935183
365355
926496
746957
759376
599660
81009
273466
961776
992681
404545
372361
624574
39569
564403
320741
273341
342276
364860
758412
704580
931938
347210
803702
103221
138623
533778
739152
219735
935410
930229
62817
894739
36620
554638
841166
884232
500966
143770
223096
89035
942420
581893
383747
146110
368246
606733
799794
385675
51052
81557
97326
269310
636969
960136
923046
211581
4769
916200
983056
138212
358108
885234
435853
960321
269420
927280
714218
630377
524027
842075
155650
401013
912510
23658
885186
186333
452614
693435
572613
681262
557557
567773
794397
30251
778125
684344
57011
386366
397220
757978
150790
792281
627700
797470
139471
714478
538127
129339
629637
771783
834415
822822
219388
423682
701035
418213
866281
793325
497798
292786
155008
103098
443426
649927
325118
922783
299922
960780
678019
965389
373965
902619
783191
922826
630270
693932
698701
826541
189495
193826
878021
51318
443462
596529
958091
639943
231200
524138
78044
245123
884538
287908
781449
123394
293367
870793
874933
296878
557308
532730
338552
298045
698143
54880
126950
858635
436477
188496
34090
259411
446314
536986
752203
603401
940675
507247
40209
145047
464416
66156
994624
99379
510054
792391
193283
846362
466489
585045
558181
138091
890190
234933
498232
581602
605726
232989
463192
256815
22390
201919
143881
27378
701996
924247
223421
536150
731372
772884
37555
291975
908976
502688
689465
350865
971470
795342
395602
532951
153387
554655
634098
926508
992333
109553
787686
394833
843470
963397
770448
952780
998125
258283
887376
828577
422783
421388
903679
506032
586755
50324
577109
257898
335314
276026
171498
20401
177013
24877
157273
67340
689745
335004
69249
751555
45373
917858
352933
474589
46004
829069
300339
498100
373542
60106
284258
842930
275497
811118
709108
902954
150157
38243
476955
371669
505100
352365
504952
917031
250720
59288
675838
198221
802863
513664
286325
744646
163554
305788
349147
451355
252371
178536
226021
742524
168228
960014
718883
241209
477357
962161
776833
158681
853837
251893
353449
656731
139618
342574
585414
798919
250451
205699
240292
205487
565642
256255
70067
473351
505471
619956
965867
729630
212656
319308
334153
234680
607597
292845
791351
539466
691471
729160
566473
567570
759241
319231
630756
4240
836566
880112
601401
609380
793874
175459
189551
890757
734437
868492
979679
300571
409114
959292
503481
712827
513933
741227
273283
568828
646915
637018
557186
631866
307924
190632
247857
263335
193347
769139
537966
77961
840622
997929
537716
111636
916000
461610
934211
927908
794372
436379
983772
286998
964981
909834
111976
467332
300080
405945
780345
99356
114155
936329
446504
989021
205119
97605
789724
740845
439296
988167
57644
300313
278765
860619
76892
343977
481859
996750
77764
184607
486636
97058
118159
345997
743317
482449
450142
404048
392669
615403
627084
535916
697128
452911
990029
763653
413076
562194
785583
468536
223107
734766
796547
119252
20439
528266
927957
728376
634493
480258
830038
723978
428767
453203
268059
654353
443069
700997
654206
144368
522070
717493
381090
939008
516736
711422
740949
480009
707927
342404
595022
78556
123858
207581
840469
389007
747761
912027
69634
450454
863507
182138
774813
326330
216932
970915
71268
250041
113203
426139
128812
240123
508705
201419
370399
210668
995445
692652
552676
114234
141069
563086
476892
647533
943471
56774
563975
933533
68798
924914
388167
270869
272456
769066
674941
338179
301052
586565
429392
238680
942905
894981
614732
659714
874625
917664
626214
305731
377292
534700
568798
693102
113977
484070
815933
587774
418207
760094
842494
387347
808194
242563
778633
411850
721506
992583
500826
328759
596653
813486
656384
866882
976980
332857
177026
709979
601466
204009
447452
3611
124873
483570
503527
898169
126047
89982
694102
563685
857062
713050
219292
990148
889922
775553
91820
326089
783395
79363
914648
688300
378
155730
104347
237002
498247
960809
920882
429913
220625
783322
361636
433350
738927
867698
568931
220973
780676
341706
522635
18612
187272
232877
671047
338693
299264
784417
642707
187942
123728
49044
206875
33782
674919
243684
106498
176198
302424
977099
660608
296209
533449
338470
805731
159194
651140
321888
921590
443809
980715
216831
731391
341377
894024
276619
550305
59753
865858
124438
982754
783349
563756
505197
8647
523752
106808
538394
815644
910408
640009
450770
701840
171734
794470
604290
719676
503081
506826
518833
592516
802342
218648
411729
191894
512414
916331
73000
224656
891268
315276
747606
168382
409481
763709
902914
456449
13334
64434
692325
843467
859941
17951
123826
256774
598525
779372
456801
278100
845896
906374
117335
838385
441106
121551
348980
926581
422304
789941
50168
89014
200939
821536
203538
973131
303928
843333
485767
230763
52885
779864
348028
311667
207282
701022
288992
358150
817369
577632
519480
534735
296459
249148
250824
237666
99897
156181
264667
551744
735324
975338
997360
463929
429361
442628
979329
399788
730772
786505
52208
497962
857656
481838
338513
671225
684609
138378
445262
340852
713662
622725
479355
819472
855622
290863
847031
44537
27630
105197
248187
908570
327268
752910
718658
997820
486955
246267
903765
848774
367283
815757
809586
726178
924884
250681
63896
580672
970023
959014
512690
534836
489857
996064
658525
466363
751885
934244
775384
705947
643461
539995
231111
493288
817357
819556
306212
86050
526380
63946
743299
390268
896551
870997
704768
888056
301756
191676
949639
323565
401592
957816
955775
845803
133365
419443
360916
228853
468340
282207
923679
381741
392658
711844
477621
493645
739818
583281
872841
81361
217800
418868
862398
241651
966149
770724
809677
537486
984452
283195
531984
899428
849159
715906
818921
30843
192815
586628
637969
156770
875726
858916
651521
431697
931499
374219
540342
238958
195089
995705
34917
135596
366932
918653
788219
995854
869089
281215
150735
854986
804545
837627
559591
817416
322218
564424
768612
25353
382466
118038
182411
611493
507761
511607
107632
421996
23265
605204
136001
707438
173397
664320
272876
832791
3235
469097
643438
826098
976335
515370
593209
952590
126342
859070
853186
687358
735540
764368
531300
899513
44034
436334
91892
193826
40687
643803
989346
713059
567050
946627
682696
414386
357961
19017
42002
937206
425354
501757
483403
88706
989731
206825
169472
696447
449831
144650
17874
840553
959928
127964
788958
735216
691396
683342
375169
359102
816990
547541
67850
952344
50233
575965
528064
906718
215043
725657
728140
867308
618588
277307
566853
902307
979185
731968
527574
305282
308217
315299
77006
682541
965324
143537
470340
714320
157979
74236
844517
944989
122384
517929
704668
697585
101059
893093
904476
56596
883733
670260
935437
899167
596909
464362
596368
576056
44045
72626
725617
401145
169168
975691
893288
912112
379842
221779
630732
807231
310684
391164
652565
870178
572378
164827
166604
912272
366779
525343
673233
575867
418005
157534
586313
579442
313234
695947
728866
497894
20363
592068
695492
966858
16191
869064
413333
635795
977647
863750
596585
411167
235674
717904
699013
262130
88592
957806
382862
140635
975541
747407
763091
813237
410261
680027
837108
736969
716254
303332
137581
420881
99774
137210
568770
173975
482778
710237
346633
832252
615464
917581
665935
621461
23401
510206
845288
722992
115462
451880
566039
587572
552774
384954
266965
674150
869034
483374
322306
867464
55398
223736
925861
176860
625084
954136
122914
502982
666677
464463
151607
195791
745087
920430
688178
165126
90910
325385
868275
573633
877648
262859
726233
714561
592386
682147
847436
823411
510888
669468
116327
18707
365053
921867
945280
337259
764759
544289
187733
446586
496933
690016
808916
231664
727369
783851
650567
287572
652428
854902
189274
719496
426882
756188
467274
387685
382459
456655
382188
206720
273763
448553
285527
597902
695
34401
30960
268516
266020
203162
525008
890774
264702
555542
65364
861313
722201
760648
660416
719845
47368
165255
472848
912810
180464
936350
323229
25283
932936
349376
172969
142384
858991
641817
379783
130461
99561
577343
206633
585576
315767
630471
250120
78976
772243
273973
465066
279401
929029
238795
934035
827932
798373
725506
386442
767434
700142
82455
377030
232321
425082
943420
656118
281000
331231
751151
579690
973668
929702
327272
176097
65437
185765
124716
275887
835739
547576
727551
171339
189962
501472
136950
83251
809884
173943
126762
295292
653709
126159
518985
255865
565186
15783
846982
29447
266123
361545
214001
946868
47175
163587
765473
849802
442407
247296
300173
200315
177291
677314
509434
772074
908808
34494
323279
23124
297035
735827
170052
601753
215127
171816
779897
539499
70634
778082
645475
864338
517630
495680
323489
584601
838507
105491
163244
288664
728809
90204
584493
314655
894195
385028
705449
810428
845064
503666
635863
693610
297355
489101
482643
987222
346763
871310
228011
578062
118684
127360
333910
732297
944996
65495
784580
614157
105266
327082
360911
355969
737544
109519
75217
440911
488185
998866
510673
749941
816237
711569
795605
853353
542914
180535
666267
331175
893645
339027
682210
591960
42366
573076
716643
751328
234210
641956
419165
446980
270593
838557
73550
113527
777255
712812
144189
471424
433920
246465
684276
697673
677020
473712
437068
138374
466899
938023
457440
565503
712770
896588
499939
763004
907891
152371
738318
179469
901083
65849
539890
388915
515324
889984
792299
795118
65707
315271
113461
286948
442092
488164
773784
627179
912441
671329
646271
225587
166498
640049
739815
624211
324238
47821
569395
124014
706143
254640
102300
346370
147124
601835
505605
507597
596104
151589
23084
491484
217655
249843
450172
664241
498401
277520
661248
745040
995687
782073
67379
326630
191571
273384
797555
877463
671316
403242
404179
406946
190950
480799
81935
311923
867344
153870
363803
962694
811143
328034
859284
445298
32688
719814
647384
307418
420227
278360
427889
455339
612171
277580
967276
786514
541193
340960
289928
177342
404216
485175
533194
140429
40556
926229
37550
634006
911572
54902
707383
468498
273694
118923
408167
574055
775801
248210
107531
803410
607414
25488
24302
369585
844488
211502
869038
849067
616810
323374
532331
355261
658336
933320
992987
352993
731285
563813
28154
510428
595811
434295
134751
703013
202354
874931
198442
602925
306999
685996
195482
54032
925214
140045
742779
12694
511043
412787
692348
174373
932313
255973
465822
847431
421613
558257
697097
878548
316165
952548
227001
30012
434402
773989
956949
45619
166245
724078
278048
876473
801742
717096
843272
344709
781343
290403
527900
58061
629087
65647
11867
588405
133562
196057
318631
222929
880006
409861
358809
267545
170464
144357
882798
732456
638581
297107
377310
450545
248925
655249
907533
878463
575137
405850
226331
693606
171677
156772
572886
127883
933312
829365
208079
355725
905649
969183
766858
970639
999244
595546
807247
463908
903818
916476
150173
342741
705023
806935
598014
459601
167164
490095
943670
299698
209556
241302
605845
936
116284
592294
721516
351492
67916
213979
219740
396963
156898
223819
460105
508917
855782
80706
307822
407785
141159
38526
884043
683511
32420
711172
751993
154505
406567
361245
687837
363015
269644
223920
144507
896893
449632
787837
704866
325420
834213
790131
352325
414890
574257
797807
693482
101302
785781
918867
276027
18524
404827
61374
884986
990913
399113
12909
827154
797516
181251
529838
555464
343473
189933
932796
470161
906139
582893
764092
667260
315126
562671
876819
589968
997974
939074
876834
960880
478599
897760
267807
642747
5362
963595
107985
526769
728552
985106
519591
965006
960718
508467
643958
726587
84069
880666
217038
180122
278197
5960
703863
527039
472918
605903
161421
832575
181595
814265
431989
589216
687131
239753
900795
449391
123741
201113
22538
318513
255839
902306
436935
588081
729155
558234
499914
970296
386519
408120
253177
544347
683456
826963
160707
593838
683074
923368
895734
414423
339565
89978
31102
835709
937704
977300
52859
578206
775699
16682
750461
528896
223388
687390
893407
581631
105184
85214
113597
581125
913915
942186
259475
698328
58734
149619
140467
602446
586668
270687
344418
384411
762241
253481
863760
968011
451807
29734
245811
392267
539527
261794
913215
65121
175632
721129
588036
238716
192343
782753
360099
5669
772228
360213
674350
583893
834804
775500
59164
388705
37384
480664
907557
453329
303306
99307
623744
389134
890295
429858
833847
830777
10797
143590
195747
930264
298738
224808
466890
677803
776670
522953
890705
901277
865319
954588
860895
281622
731719
874947
24721
596461
802444
963381
44691
448059
942075
229026
219617
196171
295650
76525
240475
479469
539961
565976
379646
809
571956
699454
104645
638225
752936
166073
101787
113904
216215
894692
791867
607518
517850
48314
511398
961141
276266
101789
258496
851038
283658
729651
179208
300165
584021
79787
236146
161707
412128
281053
705315
349849
900747
778640
16712
780850
235753
674197
930132
957218
676361
759888
424276
715763
918497
741398
972528
624382
406550
964466
978048
683134
458283
34114
980360
528832
550851
662463
907218
373878
341652
618458
428903
439531
235114
720321
741865
686738
130069
826944
216528
894519
601137
859589
276479
834903
742928
469436
617026
541643
18630
979289
919974
184350
638352
149684
624629
159616
426273
621581
345485
855956
859851
155825
126492
761060
735111
181430
273659
426420
386529
274144
797667
620020
364290
173414
407440
977422
873563
173262
287729
404512
483052
375221
930952
772548
660334
617515
522788
566410
525859
797179
865529
908231
631992
32584
742105
376646
176275
180562
327761
23389
781631
92440
231714
961179
805937
333144
631195
11678
891831
671474
536208
721409
297788
454186
242680
218226
526010
552716
172328
263905
803964
68266
458984
941332
569295
139457
350255
39831
663877
343418
958081
742929
735589
293324
735841
696755
617586
551806
355507
929225
82518
212042
152243
831218
850155
859998
208204
228141
943143
121212
146774
516553
84193
3328
325679
256063
386564
434946
727732
988827
38031
369041
976093
373268
654982
220640
855539
228605
144377
463741
466414
605332
591150
799804
20591
75320
256877
546546
516118
630520
647401
744285
876993
894215
708806
390817
92642
925707
52939
137517
90876
481748
907750
164348
268026
299370
91094
63032
182380
652863
509881
780985
706143
402051
927154
976234
850647
451606
834806
193997
853419
1817
796404
256277
809725
876062
381599
489584
691733
588029
524761
175592
93018
521224
88445
297567
817132
85398
579657
575992
319904
103100
354342
24149
547865
421082
70998
956858
749760
426897
100729
971408
529887
476818
759484
822662
194591
917522
331615
159314
343388
757977
502368
800661
601890
157370
602953
152669
238279
464285
394387
951556
94181
656376
699254
36917
629233
344476
606990
155535
734845
231340
950891
649250
969350
418536
397813
131414
895483
500071
703034
194538
748043
17379
469014
72666
671785
627310
504254
271899
435871
607043
661801
61120
783564
413175
490779
542334
682748
957839
780175
99084
22242
213099
435008
25636
875060
238751
707540
540967
346787
258530
913062
505949
285558
823455
106542
573914
230274
73065
327119
13756
872200
929996
644541
198736
723947
558462
883977
482708
573964
97845
62539
761495
223172
805842
30123
800573
131133
660090
953291
403359
305069
509446
523413
119759
102192
30800
640348
864441
672258
481518
426865
399076
311958
279867
33157
132120
867797
341904
42358
434010
156662
831314
388600
739411
382838
7461
123425
247567
279989
63359
713744
343968
588973
340631
628859
926243
42063
195707
77460
714970
874236
300865
848920
174456
307996
427862
890036
334012
718687
744882
259988
320245
399374
156716
638665
879908
474189
955241
60309
718782
932079
890864
515670
781840
352950
618137
955598
697277
531557
77604
243083
630371
861188
311847
601847
580124
614192
105119
987326
906784
350428
230182
49879
587848
812520
871813
824178
651437
88156
561313
786940
111087
137153
971474
602066
341202
898268
201553
698687
532930
373640
792015
775667
85303
279215
11938
461187
15027
274148
863514
993239
269161
605472
276594
685749
261816
630552
898339
200615
646932
643959
662802
574410
2118
720509
483433
34038
536265
632308
782402
200133
897173
782538
807808
469506
566714
488080
868792
725808
661090
800526
830669
405172
921721
959680
185498
546528
109032
712945
838215
402588
215612
410355
232254
886451
943462
548088
387960
377719
732763
917969
192497
915090
148060
73600
981498
994091
844880
688443
184749
472369
135500
866688
421114
847559
490869
631759
32096
430604
839933
814665
503160
604614
226953
367075
298987
779690
711283
789255
918852
77770
644395
718535
237280
669659
755128
528126
17602
542754
600349
760197
634371
729595
618518
187087
908967
181958
531457
777314
110666
869038
679002
542771
192185
605975
447007
942620
669085
29220
328530
657468
608273
161186
909789
936427
450069
141396
298703
782552
416988
759963
599556
495234
962112
216066
911204
328207
891350
400100
378946
509324
655259
114170
522660
100738
877069
555717
112290
174001
938070
172244
109991
985132
754083
947827
106261
743632
469396
180464
836293
490722
433036
179659
971627
959556
516519
932409
583128
322708
776843
427285
858330
323362
87127
872484
655294
915147
586681
569027
599670
95671
465756
793391
315413
439851
586878
91249
654774
573323
239135
676
501821
92272
384981
942244
321269
602658
199293
898773
951897
116018
484812
94285
108014
61815
374083
614751
379725
788451
895489
369285
777471
746624
349426
407977
439937
542157
780453
240720
867366
874223
962556
400484
922908
723286
44476
408156
590022
692461
414404
615882
701705
299773
169755
601344
580579
217439
145506
48672
525941
613980
447400
985023
903521
661411
653532
808949
47182
775589
145629
968132
565640
434961
231982
631843
969093
716711
444741
762662
688194
301307
915714
318539
399116
841225
934525
667043
322011
161455
690360
848667
939673
133387
583796
956198
269824
626481
441503
658953
854113
498249
700202
734338
809024
595076
945081
684566
736349
859513
632116
288310
326094
330080
556539
854605
968007
354217
176118
522088
460540
907194
907082
384643
332893
641860
104999
431852
943232
51265
129470
193238
711389
495756
471312
316605
481522
189532
527586
702192
313479
239582
487373
726720
263116
403502
133937
905475
708894
111411
632906
784197
712296
118420
522010
355085
565094
735771
70534
424263
89221
244836
125757
324307
417255
302977
92179
628329
446082
445294
844524
846054
948328
685868
809555
406136
625313
901692
356970
832035
761076
918201
129852
145197
423621
751314
677934
255596
384600
655267
732821
470826
587891
634352
341345
569970
426914
683517
131254
967162
99604
931533
770715
807212
897763
510837
633099
294803
673521
830171
171305
763998
109165
276944
894353
710292
433973
424776
52810
882581
51606
54834
509655
354313
69551
274616
437037
481255
362739
394325
797502
753508
208140
592717
293171
766582
612061
682638
807481
885507
90912
826145
44275
994603
450671
510989
570061
927535
959134
875336
668720
123324
421252
819739
639185
263576
758875
750353
941605
181160
969021
977243
312687
730139
142734
868035
429369
839415
250233
332299
581217
555006
433683
552290
155338
455164
673371
499138
834036
587696
942179
787561
198310
232149
810312
957617
324616
45323
451228
467726
655693
952295
802149
97316
659789
521364
879103
279235
390000
295012
398940
305088
259078
172855
839532
95985
161460
593094
742807
533444
842698
348941
293927
29180
477807
556499
69187
954186
528701
896343
486870
207748
828586
582552
914383
162756
31131
718721
848897
104800
524893
31856
220458
399745
700142
250530
448336
403234
573557
748029
68743
689319
503122
364600
182928
261719
681040
36523
692252
655032
356087
114095
537198
748806
235198
530737
723998
524367
652638
875288
71161
169710
898946
246224
255174
749985
307291
758195
760483
168970
34895
545876
445262
384383
285713
435751
633153
701134
569228
285392
231604
676944
20024
771398
905222
620264
960528
79140
526198
152857
726042
412044
266187
558017
298405
617848
653140
312118
86481
579871
543882
245692
47048
176512
789969
384224
862219
365005
203933
475955
754599
894071
847282
894374
880582
965842
56323
376127
84321
175269
445116
666678
878035
530961
504283
539118
769033
492827
511097
43987
517590
668952
711335
475788
48739
754804
103987
29597
121603
638879
75722
717213
850469
382228
899255
291918
132643
640454
179594
646942
138615
711466
222804
903161
112909
40156
33166
867785
650035
681711
769369
288139
44076
96852
713888
107599
589413
565285
714713
426892
723839
442191
538219
409373
471627
857242
453866
571804
467283
168407
495805
679066
851029
108133
900257
454648
886603
636703
607558
846948
590821
673061
665175
68340
341529
30918
2647
86104
757584
259335
92199
343679
835329
517394
531492
162377
88475
123134
668525
94692
62812
737911
177730
554054
177279
851210
270023
584389
69778
36112
932008
698838
63525
11252
98648
884640
303134
670882
941170
509116
703914
263053
595456
67532
533070
323229
40409
39029
731484
857332
672612
379258
287552
82908
304507
477174
332026
718799
318956
721909
32294
272033
154969
731568
374711
122446
267839
323684
738626
303900
302675
343630
968118
745196
857800
937221
874090
940195
476654
139955
163855
943023
293940
164017
928516
203257
140942
229695
330953
478374
344433
789085
780235
646408
927035
846792
238237
206695
118320
553108
724744
96104
152416
373091
351545
508376
356836
418943
535513
955224
593927
276634
322746
967460
216001
511583
164524
110593
869085
690292
80240
371267
224253
40271
985412
882552
608564
777394
232861
225397
29073
245636
832691
970043
929339
404813
626294
956677
819704
789518
250718
995056
129096
467387
679648
424903
595246
311638
352636
243562
128398
487530
689843
35035
614705
445728
263638
543142
459686
764353
820986
274986
894724
452680
359944
989703
363850
675619
306353
372070
296615
848262
234366
689759
205461
874284
549189
503756
43743
538924
206199
65320
524548
819572
621591
114978
465844
327460
247365
520324
430647
283785
415673
186811
862317
260468
922699
125762
496752
583030
157166
947119
455189
268539
468925
415770
363858
726529
55469
643750
620921
164659
335267
461229
430434
306854
28383
895308
497639
218223
390741
339784
163465
442078
328924
996891
529841
879324
281600
430303
246864
516573
865330
348502
673895
559745
881951
305555
872227
102989
726685
579209
125280
19200
80514
998703
304910
462933
640783
201228
895217
940245
601738
20580
266882
290390
800937
92799
766579
744403
782826
460946
883600
596393
479424
298445
290881
538156
933927
233024
179372
701220
812696
832235
878839
824487
676825
758304
754667
910868
262956
608087
481332
292649
123047
814350
547909
741826
8739
263131
995224
820655
516110
761615
146323
511984
429212
105225
168262
859151
162266
934740
516369
432923
1955
979390
458723
981500
841195
543350
662876
505208
136121
601312
624276
605761
240049
951225
934901
571512
90383
940450
644867
951938
382448
527307
235965
202821
250570
113469
862747
803584
70460
525123
387446
136709
475840
499126
757959
723731
592189
824292
930183
264916
623930
461661
139382
387759
721196
716057
873592
921227
599472
248713
418585
545186
68052
390904
904369
704509
535951
234334
693475
929297
940689
892738
561343
470134
493173
392712
542471
862144
42772
898078
478671
310012
249011
683007
475006
740105
503708
596771
898289
435984
557002
440387
411774
167905
58813
393996
612117
255083
74222
879136
899843
9496
24285
294339
337680
951747
599558
836840
919049
92375
359282
880409
286424
929285
436969
17341
728591
381665
275204
795721
94275
774362
933537
941830
45077
513428
561009
883514
38796
181284
634283
358390
598430
319911
721059
346363
59086
796863
948661
609738
168687
697195
242843
847559
554246
266178
676959
535945
45325
88780
267946
682369
480660
430653
597882
304708
619138
344911
946162
821302
727162
979579
421707
815125
509785
827283
38376
344991
800219
772543
830088
581665
72669
942034
675029
360158
615549
717512
389721
481304
428637
64158
720080
772477
506439
414414
925016
510961
880170
676262
134853
535860
308675
628100
342673
590896
771735
595824
71792
852834
655388
813590
694722
978914
87672
316702
440674
136528
847585
688746
244891
455325
351523
819820
876539
550515
114176
496545
125247
340418
723697
578989
373869
141737
986827
773204
744705
511613
202429
94994
798143
97848
464694
337625
870311
195841
562659
888421
78471
977171
358550
840061
669418
463693
681602
472519
526126
720471
916899
607112
912500
222763
843706
611512
181232
630023
798070
852606
546464
834990
68142
405133
890201
286037
393483
706714
905340
831345
124931
279033
223176
100442
192384
558163
641737
878300
603231
487814
914735
594203
844499
283353
861113
348384
487274
939803
4688
561092
261352
354775
975152
405239
751759
546421
229313
628270
113856
322672
86788
920551
369595
361071
597609
49498
760387
886211
971389
92286
722525
934716
456384
162932
34166
942376
970964
1940
154596
80489
80786
363027
576325
465842
882295
51150
605892
450974
86780
182773
355834
32429
906307
743766
71024
839643
559789
912325
823235
744862
700872
707622
202145
705341
722278
306263
673967
112840
568265
638460
51661
269880
40122
363112
791921
238307
994169
740452
477744
476507
970510
673376
831643
519909
347454
314292
566918
102225
816217
374673
797924
127803
894832
964360
111694
114332
613221
782454
926946
262413
414682
992844
324808
488154
229515
777847
556304
212671
60728
846768
65783
399618
75002
345442
824009
73388
154039
123378
991392
692645
657585
922544
869834
522987
296760
22554
193417
12335
6272
388935
488243
584204
537677
121207
47930
174884
682251
534132
288134
109913
906490
336356
399102
277669
945670
510126
434982
855703
370484
433223
935395
249195
327929
844888
625945
275652
144101
616654
556085
861000
388540
289597
157318
575192
367269
541042
638726
567019
419708
499924
994615
944198
576130
420277
181289
495962
197428
962811
629592
517241
281529
310757
472498
550582
465268
65724
558581
405977
498042
78937
38903
256636
645085
28685
592256
762950
561319
466736
413137
597377
917411
611465
445448
108313
153109
708119
707931
330675
578441
187962
390978
311783
722056
209473
193777
509660
610280
514833
795971
557823
699003
669998
183474
931744
219495
293225
948355
904233
104534
914982
52479
644539
706243
860937
993563
75558
836533
376189
197689
697093
473673
987232
88583
104180
851687
390158
608069
209584
368215
73161
481317
565641
722348
794626
294027
656134
944926
812998
313268
979029
194102
101768
241459
647021
334306
598919
333525
394498
109288
641052
664294
282788
171831
181410
88653
782773
70553
856962
453202
953157
122502
475033
313280
185164
823314
524745
622054
681347
313221
9049
91831
845791
784587
545738
317009
650603
463938
893495
324955
398272
648049
509159
234823
611364
801049
964531
61431
629053
112419
1550
470715
903664
852536
621558
120505
860507
533104
524086
155558
535595
283682
714325
442160
339290
952154
44895
408126
785352
682216
557005
720911
690421
422677
86547
943487
196825
348081
782791
465256
157472
278984
926121
91557
59013
503155
145171
212018
687754
878794
312638
500015
943761
209783
322734
890371
95067
532518
974139
684637
28634
544728
229438
92118
796212
988439
844500
520755
373783
411652
218450
661958
781683
106252
441797
970803
562649
7353
705508
761680
931310
52516
802005
880294
999819
592968
814104
414805
267445
382003
161812
613332
979572
849174
743932
623445
172242
385851
412574
174342
87473
72021
562056
954420
467273
466419
615063
531466
151550
377039
987357
386744
187674
689987
817710
783343
13356
666971
789319
257928
876028
494085
865052
773956
484905
109541
385405
426350
799778
331461
647716
849181
359613
363882
873309
59222
858103
520066
702162
422734
490057
897977
77106
309516
134691
180074
827006
107373
59463
678386
446768
593281
176581
902561
226056
747987
145487
743754
562100
952519
685432
532602
557787
479259
295821
512645
599430
468752
741968
423995
951659
823778
222541
843706
959512
294898
444572
67357
169976
533573
817202
514130
921797
469157
176739
145866
761739
985509
739576
978249
337557
341698
978280
162269
206838
169381
187127
741355
812981
411909
440808
634661
860374
243754
813792
359063
425665
491148
249689
34785
947090
953370
496959
574207
731004
738134
947179
230596
948762
261213
559481
498726
826452
321669
896200
654194
89258
917855
251149
742880
7200
89819
285524
836417
846534
200075
140949
509845
519523
144640
804847
364857
991806
503760
572739
860541
932360
34426
404656
574420
260201
690272
534182
268772
32613
624178
334057
978174
67435
301804
303844
820839
445370
542837
302759
981717
310896
294760
905855
625973
493745
348656
185969
529961
466928
690893
185107
56400
488285
933299
661574
964541
330283
235217
977875
611017
485501
854895
281121
784643
614764
670704
201744
761222
34999
727159
953590
956132
115080
365286
733556
170558
304095
855490
636212
842997
415197
638066
734593
76603
795503
60198
396482
528259
538069
805397
960980
939799
318862
493790
920323
127623
687586
237136
731109
660159
919564
418949
313108
871666
447873
739177
123910
804339
31393
216921
13899
106338
777017
520102
276578
706435
450547
865592
856503
137322
333659
912847
856125
854483
180558
800485
987684
442446
577
773872
169463
96855
882475
99139
105686
566659
206864
824724
671115
263447
907436
406232
436938
935539
937272
409547
943113
260396
698395
996684
815290
438839
303472
306276
924834
720768
133616
784615
428055
585498
316604
142771
326746
393490
148490
731157
697486
988700
637225
223692
972821
792303
203058
56037
865542
466924
517261
472773
780684
747897
985949
556869
646558
705517
592521
194167
759062
710756
741288
146567
147505
775921
107336
11773
324258
507699
931931
133791
559123
980352
34879
16628
905273
611839
818281
86435
528594
838034
146669
545209
647614
575152
394860
256393
418551
345168
65754
544109
148975
363713
208746
799595
643781
468503
875481
338292
820515
593791
767892
116166
587446
46004
157767
380848
588043
524618
218244
556533
706563
568296
898891
23754
429299
303059
564732
287226
104090
294949
793686
324074
223807
56540
388651
878646
896935
612174
233314
458937
360432
261946
851880
240556
897485
227194
381365
701158
714783
169750
907703
135233
456172
581746
353565
687389
862142
908583
946625
638206
713434
9454
309810
434385
280604
896824
516317
716108
778284
519580
675544
625522
334943
408040
900812
380022
538924
155288
882428
398775
606280
669413
996598
729962
528097
195380
126228
704150
93556
520367
677743
618040
640844
366257
610530
581638
42648
270875
37686
886033
497511
893316
592111
598339
31234
257805
636914
903880
133670
212626
534289
481930
433308
121404
657013
701972
873591
847667
156007
795224
46890
886769
204667
236812
417603
616242
541337
130734
834696
585415
650537
247976
51756
45002
8026
5840
195310
563372
858384
76230
405263
289258
510248
200192
456110
515998
638505
854051
827777
145522
976776
938247
842546
572847
76823
573341
678740
800435
860108
291309
736960
246017
307690
510263
614736
918195
46798
539579
783287
916042
453080
729493
243836
746278
467700
936832
786513
302609
838340
775867
751060
749557
197292
613256
56737
922478
390393
124945
954450
244346
719343
922534
426964
378253
113325
276513
927847
42498
604543
235691
159602
276843
678848
471127
48448
811209
989418
688556
519515
995223
250236
739712
59779
996033
932102
882175
585483
978354
984212
404683
773329
355275
211061
286781
680024
687471
17767
127946
664004
487739
780384
558914
65713
557907
321467
296177
121327
925271
89214
299624
230878
493045
66116
790358
486051
938841
990475
298383
313540
905471
835164
971951
590310
209704
526867
68824
492192
192106
954442
770710
375227
782050
484838
769380
453960
519750
570173
282056
953950
777429
974755
316057
549871
341807
672720
934369
890374
611841
565167
133469
453984
437912
558405
579745
993700
861911
566204
631320
378175
899396
906124
55465
314848
52028
837189
412086
640973
137607
836219
460222
885153
937478
874766
979746
196131
677577
219476
425413
819779
645821
548390
81228
496499
443586
237892
500549
704223
828187
578022
117603
775371
99903
733472
160103
810760
904780
675440
638171
293523
218267
223591
482681
749194
143214
90674
489832
124364
274758
630277
796198
906155
687570
413027
180737
120656
381441
296331
223615
369516
972152
963202
307101
171927
375519
932858
742836
611399
982998
469724
648888
766638
263942
40887
916315
993967
153938
210756
854927
616831
596715
186517
953704
239061
559107
819162
733023
488973
909337
211792
396275
699679
500275
914183
350761
791862
357098
901774
29493
233712
131103
766525
69489
208753
226891
932638
782986
527524
839796
483320
914490
418255
532348
586746
890223
62354
415252
105985
436811
537660
449805
306438
332869
430986
744015
313447
193708
422461
711906
290128
1996
283863
914282
487302
249577
149937
740016
404624
760168
812732
190299
803330
598221
400274
167997
544871
137567
700024
994185
123466
968808
261619
357411
800161
473369
983491
732048
436503
877898
60353
815308
120757
651870
296272
68731
921452
656901
726339
238199
197569
111003
75787
238536
439829
772845
268315
179889
250512
771676
649242
833639
433066
430235
382660
978589
1749
24083
463134
483706
979146
81061
921876
103212
865007
524239
512688
919254
410146
648552
904057
875749
956709
856645
115686
773760
344102
294206
732605
327326
113193
545931
190029
645489
848212
107079
593732
894848
248599
744279
135726
478034
758390
953892
370251
239558
803892
72131
728651
244416
724509
753846
470056
79870
167985
965452
521888
518728
231336
777571
754318
468294
172454
738382
96740
754091
794749
580241
571911
91151
533017
71497
852999
72987
803084
807977
272442
415518
991479
235871
563636
527292
396305
563541
826276
704005
488215
78803
780366
546340
628560
893377
772192
741230
340860
62282
160500
496794
109273
247517
730913
758608
262609
39949
663102
871322
765379
101976
691061
431031
725868
800069
216831
686478
866866
320038
165249
882624
374605
24829
304195
775510
343250
577403
520649
367321
378333
806884
551824
302657
526619
646414
62502
956933
772658
217479
438566
167441
427533
565974
71375
908054
785927
73818
261057
159995
784755
859216
997971
551281
493766
966896
483347
124580
898210
119222
762971
390029
601279
976126
994188
766052
219704
705160
848234
492979
554352
206684
943444
857286
274847
852999
181598
318847
273725
152259
471373
600262
219785
122420
416110
53661
979126
307279
11859
711249
707251
165077
615979
165964
904789
206653
490365
718600
544868
729136
492801
175390
38783
615534
212251
265660
33132
296014
97333
145973
59200
697570
913847
823859
280487
85497
837286
995655
49617
225598
299606
259105
315258
729853
404237
440155
388819
749126
630774
557615
126994
897258
966078
252617
293011
886498
139151
149176
854057
93967
455655
340990
830534
719581
912404
274246
844162
290688
451982
186421
796875
554208
161457
550681
575274
476305
523989
845630
42734
130747
69068
442079
928119
977433
242871
227066
722848
849885
928005
34876
948682
185072
237001
398492
361218
908502
46903
419140
141326
599344
539068
761065
529945
124827
591031
603451
46584
101494
254871
699960
288536
881090
128786
647004
524999
551970
606078
754483
524187
652033
916176
636366
221698
82
267632
761556
801064
418227
62005
562736
838271
809131
195522
423016
190382
99282
295484
826958
42392
441424
744871
258831
164231
455485
446428
367080
853813
880296
431209
664761
853623
571251
30277
736434
615494
419163
315310
842537
249324
169046
970785
625294
686600
844885
254901
900726
259453
189737
314901
517331
898493
748290
877656
168453
947629
868882
778303
325897
647478
886095
997834
355407
747624
463320
197431
114474
291402
157807
454616
826209
220930
764453
323856
370274
507357
330323
234474
491350
415612
477508
435413
169424
244380
38768
698688
375007
256768
265635
425550
605506
921853
716349
651574
790075
499362
840018
486586
842300
4418
323633
378306
153662
9311
280194
869461
435313
225780
217033
856627
335118
520543
925127
654225
740808
724265
229375
919921
749280
303347
363286
306590
863320
121856
457491
25729
615039
594777
479111
74531
820971
347809
787782
527360
788549
7733
151059
248260
523326
469567
859738
697061
776672
839128
617814
954716
798783
491607
440979
401537
717390
910203
315918
484226
383821
800112
972536
646143
586400
975489
503833
7365
38844
256603
407057
265190
549626
731002
544378
144498
332046
858035
116138
374548
908049
816924
247253
617098
423034
800731
861455
97794
573995
812618
418798
634510
805031
439172
699086
79364
795106
279183
320878
753973
37937
348262
544311
288776
356449
861089
314909
20914
512867
149123
860318
867475
264036
862624
193960
871856
89403
822889
359255
176137
768892
690966
781660
192279
777898
322606
731833
431332
137289
54006
766248
587654
748688
391412
276060
567609
57725
189342
348319
146520
531651
44580
520730
921016
666463
237079
433715
990625
923784
10356
818641
953258
425157
938129
777851
20208
947608
615075
964062
389363
615128
885034
175021
276109
885852
807993
545507
584975
492947
771941
969700
920697
526129
624074
162561
901206
253572
980021
977178
367026
289957
815793
513246
102521
281609
805425
494830
950766
155255
393175
252000
680068
850324
462047
273440
17820
843610
689003
421040
525276
332903
210859
969615
326632
967154
699112
882104
968576
109272
976046
297089
2230
198485
861524
201316
96586
899534
87081
993243
8292
510474
401597
285348
37869
944449
108425
282340
235850
570061
392700
914600
861814
539005
599010
982598
681082
963721
246835
359970
149644
561119
992886
543373
849666
278491
947728
553607
954097
810070
797677
985573
732902
749846
341834
546062
524032
68259
767708
39135
167080
908217
107360
323758
759791
183257
427392
450476
193346
241018
116447
308068
531724
208989
375297
392992
178921
374270
59610
877802
770626
442214
871794
905136
700873
917213
755377
293441
487122
365181
836812
233012
727117
14498
545548
35559
10588
788926
418040
167077
624341
794953
397279
944609
617237
975317
260292
785823
282431
188415
180774
437234
939216
344322
405674
361952
48736
362469
53927
800993
259512
616469
653134
691398
203338
694669
537524
50295
781265
97265
671806
662485
787590
350523
673960
846526
154172
467788
800818
517294
717721
262372
203687
680579
286001
349741
306635
505305
128448
62257
627744
70547
11652
122413
115733
746939
256309
817277
821580
868929
731810
387638
774662
332192
248425
784082
296046
928030
609683
265478
172414
945970
892426
290928
966482
124351
313655
68652
517191
707775
362492
161030
551951
700027
891467
574153
91221
172086
167585
611830
315271
100458
111139
92881
120709
856746
799699
931221
51108
829286
283375
197319
810335
525197
570406
323175
66714
120589
843576
95107
294100
705014
681001
448487
370986
908348
321505
396271
953730
743259
10339
142589
772890
916565
671784
647941
840877
300887
652055
489349
434047
267706
834788
380498
625862
867940
851458
362830
154293
48399
896710
252854
833189
638754
929882
639128
480994
66811
548506
145377
327824
758158
968270
19924
283577
742567
530628
953879
948340
601291
335306
175080
221746
413820
614085
251181
838632
184732
588465
338664
132181
841641
260534
490953
112623
908391
671651
744797
204846
903963
801673
993957
63604
829811
60983
934465
24855
861059
913741
205963
926093
668394
896127
910913
742067
197075
374248
584090
337210
222103
180040
892537
254510
136704
490908
269119
983844
991209
859161
125435
817920
864129
317828
172093
800288
502958
632112
363400
660585
637390
814549
304421
145708
458584
806858
881172
866420
734305
204704
628318
172014
704955
833306
119302
99765
11128
18316
240029
611770
71180
705807
18357
299213
943184
909854
945389
892810
696227
727568
550507
870434
723243
987058
563881
793669
562361
105216
166310
729385
491914
493632
559036
478394
566826
685820
157009
572190
571252
107226
708775
999139
152756
722969
98575
131336
743405
918378
197947
377829
482998
73001
272816
713079
882047
401462
619930
981708
246513
826868
115641
688263
152500
980894
398266
760977
814922
12097
532769
131101
516248
665114
487393
925525
466885
306764
681166
662310
587323
641341
904361
688293
214411
137615
750171
702684
276141
583862
503549
979190
692132
603515
814804
427906
411392
388684
735194
281127
281149
642109
653239
695589
518473
610271
173711
134019
394723
459323
856564
130715
719839
244908
788540
570942
464710
666390
472238
882629
892122
803911
43478
47733
490423
553832
422456
469006
666964
659167
562721
550960
164521
497093
854552
613611
161963
736447
47284
56481
36403
608443
431431
801690
732860
152265
420600
719652
704267
396755
553967
285477
395241
761019
371049
914239
883404
856271
954539
207198
288020
253483
651923
897761
401073
919084
15113
437282
148193
718028
102229
662564
559127
78111
89867
86424
398327
815657
337057
997260
474814
178266
557537
266289
703743
20391
687545
460615
844168
196485
421424
741159
356707
25028
788019
520492
14456
52359
22158
697151
125392
383132
631734
167422
445044
722812
909250
936009
305524
999008
213562
504041
259651
244029
424520
927836
828736
463966
264843
404737
320271
733086
608843
9500
792294
735870
995206
747527
326756
469545
604969
548086
654299
872513
884058
895909
616558
951077
776306
153376
4886
541890
609992
751022
725247
81363
711017
517275
113871
171062
159523
681761
349382
68844
564544
553139
630336
598381
975825
204709
862552
13158
891040
316027
862887
451920
917383
972748
559530
207150
961566
463250
210817
52323
669967
483729
723220
127149
998407
12834
224208
470530
578501
12892
821711
223877
179668
488349
617302
329189
218261
217338
851575
718291
655926
916353
917399
79453
878975
201895
578634
711084
626763
532883
805338
982806
327315
290629
827239
324065
705190
2085
273256
200597
88949
494628
598352
999805
573962
334225
895179
71738
221081
573434
555431
918019
99823
369340
338960
920700
548615
837290
344948
173298
490620
783510
188165
380465
244952
862015
335964
985155
459978
430103
607995
107525
897974
859119
858155
509415
92071
887297
99652
987775
902240
135386
160203
207947
252432
474658
849077
422657
789987
379273
830410
251221
107445
54480
943973
307847
966369
451825
523480
355749
391928
992044
986796
321124
460237
951216
735109
999191
521901
499618
31908
848266
157229
714764
558535
299134
584411
99301
609771
786368
848086
876857
148978
464040
9786
639861
19615
519595
864947
506257
839421
614558
982323
911962
800864
34504
286142
680411
635203
386402
440418
436711
162256
809581
536901
279174
83135
828272
116311
206330
345430
161869
423782
288364
784654
947647
627407
112312
538646
326130
502098
44370
225776
572095
415359
45907
48314
326083
881741
254884
909191
990939
363274
540869
805484
189117
172332
520379
260567
88950
283141
529748
408345
176444
143445
766168
209860
53231
652089
650254
191215
98737
37954
656423
997846
775582
908321
625996
541086
669482
503678
406783
270263
596182
923751
72432
611675
426191
204901
656351
385651
203811
812779
343016
275032
87072
354792
32496
407030
367819
949819
472426
293965
674234
116294
737863
358225
729423
991900
459576
929906
905809
627604
899617
953142
220968
404607
856411
147009
944245
12470
627302
632503
250508
810956
488170
469880
946063
736034
162984
231498
480360
115034
357506
876245
753890
416484
955491
925895
685668
900724
769356
609239
649100
2708
994172
618087
24356
233813
508987
888131
878212
522529
107396
698759
665028
376428
498573
305117
776411
878409
944948
226658
784217
990489
918280
403626
136509
581534
818480
767514
517364
364973
939580
760436
121455
164994
229254
127152
666783
996717
67460
757445
539664
223339
295982
175751
311391
455440
400518
277034
178585
936735
257864
731364
959794
829180
117488
207601
109279
780472
997923
770864
965648
414092
968571
340267
676045
856801
677298
352756
189548
248588
700074
588330
845229
680279
491798
99035
312370
710010
222921
533251
725022
482281
348697
54067
42632
3655
897967
323661
91036
712248
332974
742508
747726
261460
245566
240352
527804
970487
933044
87446
317984
294517
688480
131287
901038
979115
642930
839335
834000
592816
22345
676109
459004
325547
325658
292019
73518
161150
792825
617315
433287
760288
69191
396657
358722
70345
99321
391992
73871
529158
642496
855164
315662
96748
686298
473647
681257
60009
999861
395855
827342
984950
845051
88044
861128
25001
383295
766279
915833
671398
846146
449302
473654
555893
136289
166373
767103
251760
638303
460118
905369
348179
797643
790985
778634
724214
119502
214
699121
363990
293331
775287
174975
458511
975443
945923
534614
463846
729660
650837
171260
356738
899261
399819
296123
626875
403376
807850
385753
356171
911717
548063
925295
93474
506055
585889
13417
707477
346542
767474
902873
533686
531648
224131
794743
265598
252356
51703
965753
916519
990085
701184
197323
547607
122143
211814
129260
553142
261033
892454
289445
817248
263999
7799
92326
406134
977194
787432
256894
903183
574766
484132
531510
877453
806449
964952
148235
272266
220803
574059
461063
477552
567758
177004
772347
453031
622939
695178
549339
240234
278974
510076
871478
805811
108256
228289
917904
260309
663463
328961
29022
100392
438468
839827
580957
371422
299672
785944
157455
651572
89924
769860
865235
653125
513611
766205
796831
823800
590054
915419
386845
536282
706917
991056
615904
1222
376829
529313
974786
616321
487154
832978
425563
430754
849570
374752
909920
424942
102763
232552
107989
234178
369786
583909
521200
511209
451121
317527
740364
512398
643188
826878
725318
581387
436561
224965
341624
923935
292681
517052
675216
241663
640383
724798
347404
160835
575356
344626
407124
216641
949661
652396
927667
741943
150874
97715
109108
92513
945011
90846
575893
613035
200569
125015
767082
49473
35702
997953
660177
250882
948730
94198
60558
696402
667139
473193
768003
549902
990728
28459
700109
212123
663906
646025
386301
489751
931607
85458
47537
569329
473925
234294
426831
276437
957032
608649
242269
991743
949128
25063
258240
110257
658945
448178
409616
133632
569264
288503
35540
638920
590199
580719
474463
834047
970478
632609
769030
388583
866535
837220
453500
377757
232539
328131
701517
424847
992757
277625
750131
638027
484219
386651
975576
810098
117397
563093
793001
747979
63740
882316
566035
228916
772544
326307
883678
862899
152565
690650
503458
835050
333627
376848
82921
646889
668457
540969
71331
658141
927446
358666
29184
865127
414275
757889
191342
807880
296360
324226
478895
490104
896602
651916
636565
215702
221653
952747
53085
793913
458604
997270
547814
292
20362
790456
280844
437848
299492
598028
739942
641924
286909
713825
225048
975896
301141
493309
38549
303223
636015
146270
284852
429259
988030
122523
20398
466802
174507
406826
674418
604565
419653
542522
961829
423578
877958
236992
10233
377903
233022
165520
203369
104967
816991
464545
54414
759778
17316
955379
861473
202436
136734
161420
264654
930887
535964
905501
820337
342156
252662
8580
79983
929165
851638
507691
624180
70670
914532
36749
341444
71730
63853
530713
235776
834986
9903
645487
548472
831368
987364
312583
984871
804274
997672
963889
406607
933234
754664
372215
562226
633129
148137
302430
603690
644004
349682
918604
681702
696903
85336
670851
471233
424101
277924
312587
366080
349170
159650
172078
627048
250448
47049
999773
438714
177669
870530
816176
19724
38990
833430
65867
486661
400012
421881
158364
290869
826909
434605
864832
628815
609606
858389
80709
849604
805132
779799
951818
612988
464930
113516
478083
703155
936380
538119
680729
151343
842433
594207
26222
778522
804064
981211
378046
133568
195130
189337
28513
378597
611005
642460
575661
20612
833360
426256
74680
672672
381674
278842
165947
161801
578110
3584
859345
732718
298577
151634
807583
392473
658283
348404
720911
939339
645163
560554
577716
124980
864309
304127
68242
771983
27335
298929
61941
45080
60138
76860
969279
581483
651012
282817
667520
914106
423178
125267
356733
163883
759442
843423
780563
70156
82246
680565
372213
633524
689781
954615
392338
273399
119491
977884
347218
643781
159937
334882
549310
16415
551320
308558
755839
145079
879070
48289
494590
783012
410059
24793
181739
44095
911621
112544
704602
146781
405463
624726
621575
332136
16064
458102
686714
241180
722408
996327
957701
546332
224365
623265
59051
243822
922716
973434
697947
647642
773628
40332
957017
541146
24707
406661
877502
248766
116780
221067
582742
236063
103648
275466
373287
518333
965905
352219
432337
689016
890342
207954
147409
712231
605840
389860
231263
533977
685244
132147
258104
692582
709217
963512
195126
316080
773625
511692
473434
514875
705996
907667
851692
24742
68839
551877
218809
916806
364268
134362
68796
426398
862019
739794
382295
801916
271790
341598
328384
290995
864827
198638
520569
881776
474450
655000
484983
187579
224814
798690
858916
726988
654377
42540
125248
907975
373039
834877
646435
930902
197269
284648
926749
51170
718274
387674
499326
454446
464139
541699
415601
897232
730781
534751
74243
991628
767251
196128
90626
948622
625384
835066
150592
197508
340934
645323
927031
162006
658429
245476
549190
185859
810959
801656
10265
525657
781096
348000
723752
638032
576682
747656
819734
207940
185191
818362
162809
322382
81704
238917
699385
837438
935722
269065
762385
460982
233640
491490
631091
101606
248787
894511
34440
763359
470751
242302
200469
307286
783799
509589
743673
836472
632337
463327
699603
261348
260763
123058
909376
315338
375509
198201
214850
113182
152888
527299
469116
480888
790548
467303
777369
323851
18295
289681
949965
542208
88713
432814
811635
481198
168629
603376
198166
649784
912770
355774
829451
102596
665216
542395
841083
376019
194461
76978
903999
988162
985175
299547
754596
305052
671628
545932
660430
583833
661421
34175
842552
164920
664337
396412
444697
800180
671845
42979
804450
99942
769666
967960
173732
372151
630359
42059
520911
226879
995781
640994
934678
920063
234122
43206
571566
748023
133972
126599
325748
11429
942199
460589
149422
306652
376826
723164
611433
759293
421772
426915
702402
416212
39316
247137
576833
73489
193254
52820
766880
106209
895761
291967
365353
326120
625813
693239
837053
907614
352178
347723
871985
188931
442715
262094
560530
308416
38025
320067
976201
708636
873389
378851
536218
492887
736957
950861
662406
843622
233008
480715
207377
692812
747077
191932
427102
42834
800572
228260
19446
806499
438440
730381
997287
955270
356380
287831
940745
243448
131459
505187
146332
419045
903052
467736
916941
310275
223618
254224
913047
697227
972345
170595
874822
974997
124068
249742
257879
789392
300996
252799
748412
351643
740667
508351
982396
38402
231359
721084
775734
929624
179305
31090
334789
38765
510829
564086
811455
675244
201764
300127
90392
110100
881990
368657
4644
34641
957811
678823
510778
892982
136624
141372
647348
320665
389359
92246
885074
28748
275142
421680
628670
727859
179138
485027
767722
764679
781077
112624
508566
212454
183466
467116
155693
157972
369945
344009
68815
69906
726326
482493
898218
919705
896004
362256
705025
280499
736967
769287
753103
599031
27511
265640
186052
835615
434000
971242
833454
740999
32391
4603
27891
256900
852759
547565
14459
896543
840888
721790
334826
718573
359985
92290
962955
214540
468101
846703
771656
16636
947913
86213
368725
65175
176405
969176
863405
948143
935897
882619
976373
221570
545927
301067
7740
611612
318766
676117
957796
894986
285735
491685
273690
554614
571240
835756
13952
183396
245686
439757
175916
829256
448375
951492
658826
677249
840293
40755
869277
284022
77215
274571
463074
443276
195673
974035
552149
494081
713972
586712
764301
10664
979689
113522
977026
532545
899550
557230
92847
582324
970779
527325
851922
856298
108502
871608
120209
898632
764522
152110
894519
11145
46374
426380
729883
730359
977218
694856
138657
27718
879469
201642
498650
637453
357633
847320
357767
539618
278744
649852
236091
614224
578424
679444
299742
845175
251690
422997
779789
702657
49576
219069
357983
167805
420596
4788
184387
407961
536581
476958
419845
405696
682780
98240
617903
489614
965302
180428
458060
248620
254170
109771
218632
287437
166162
469797
375987
402372
912630
956176
398820
955583
22243
319571
113978
788004
475595
284214
137406
848454
564838
882120
536548
436292
4423
78668
578288
146686
555081
28161
959030
856501
722280
165069
44218
843454
412780
795077
434293
658979
373375
371996
532153
915159
795296
837861
265196
136339
306864
681798
541808
392401
643754
113851
4707
924132
455152
428036
847810
682994
323008
933421
314088
960080
803653
796088
48053
413816
188170
952360
844938
865065
948169
711852
831536
135643
231714
445863
535512
179806
438951
218264
25277
369614
637076
223339
368613
400245
114780
46683
484743
574525
643230
105218
633159
252176
336567
895870
98909
549902
128816
85506
380691
596202
177112
369078
367469
553826
982957
343436
133794
71065
958900
777249
664521
445778
787560
620747
591311
138955
485327
336197
23844
174068
721639
456180
190454
485642
405888
289301
962646
112725
855331
4038
916406
208954
588720
597933
998867
563261
382726
819465
177584
384984
104986
323155
471672
716336
39531
764496
695045
138042
661964
25014
412094
12778
485344
446264
519642
257811
976164
359664
346948
650080
122918
338345
27543
908525
453076
996614
343048
687747
578287
71825
738595
948398
248799
466532
752942
995133
485407
541422
138858
705878
71128
616930
833911
571891
874956
474498
361495
513789
174505
730116
42059
937475
711998
1950
516889
294295
685641
967731
375279
726661
321070
315482
768225
357745
398021
438919
597711
333964
37770
955736
864482
109938
361016
910014
553205
978980
216111
495174
133520
255709
30481
709187
677327
71827
702701
120922
513185
641419
61779
152810
465132
597657
223751
149461
742990
57203
707024
382512
756223
867697
356208
476163
144786
414052
539117
73021
161242
141648
85006
312887
604905
199751
996642
569187
671860
277987
940473
172241
374034
438303
196406
131677
722275
36754
447676
342777
255373
235530
410054
114707
229474
792193
738067
175522
682270
213503
614974
759506
292300
289419
449387
938506
806023
541007
376990
588630
251934
202631
950950
40246
513553
692837
867062
390210
66488
512133
405843
199352
710147
119880
631401
658404
84188
667791
9273
495787
281193
722390
620781
361203
196077
436714
303565
722098
947022
117064
987017
214994
276977
502740
529590
445566
870785
232883
520342
807692
803343
126149
608784
374599
933396
670082
396158
796247
78097
404656
248229
805583
515031
111678
490048
299092
6819
803073
578869
644901
767201
163080
819817
155018
387025
823325
329647
710365
597191
488091
154459
26991
858700
116583
264373
918169
534178
218956
321737
841569
575717
508279
91548
197637
353101
715852
379513
290215
672976
154466
515432
610260
246309
563682
845632
68978
187682
102455
994068
281606
221383
265970
868809
893408
969811
247998
85960
637540
113492
931322
26318
498677
143613
104952
291104
947839
749807
202834
947228
397473
34522
520100
244011
638902
295677
212713
850195
643455
691145
879989
867497
270510
451171
845772
855076
161873
600649
63966
952524
622361
193164
725408
865232
292679
468859
161992
885623
279666
742112
801829
394031
891639
240676
961112
508994
30461
294925
255347
504614
882531
696616
188332
801267
684617
132738
779197
440879
305528
683024
800476
195397
318575
992046
12946
638997
284875
538756
389819
688996
241170
58693
690649
42932
379996
733521
67604
954287
814878
608507
438034
277821
64916
106660
159471
473077
643338
814406
812697
673071
109000
376269
774667
769720
567064
954847
450724
276447
775925
594685
535011
229612
952722
655553
924610
780016
910723
539335
638380
34040
235468
562280
438939
227739
632069
535778
730386
799667
286118
787667
647412
953576
944821
292964
402048
19752
159369
644611
478122
620339
680121
765448
322518
202642
901927
697913
394099
902439
664034
642153
56306
649760
587260
171003
306210
184069
160490
887620
835818
347825
729489
478094
820706
600414
638323
488505
656334
812569
135925
355133
833399
893716
83660
89226
108968
242522
191044
213840
519938
795229
200813
730459
715580
797803
439842
554774
262267
97215
650551
773488
928330
452852
167678
666331
294518
108437
211894
334961
772233
331023
790673
537969
339617
981320
375905
215016
283244
757448
217118
481579
879298
662357
814358
411648
340830
296094
378993
426525
746746
425997
193824
866760
854919
139135
989410
575325
779782
237136
603251
93358
710982
751439
549009
596549
316474
326353
15596
394564
574390
51361
402729
88622
20358
537557
406931
381374
260011
364603
518367
882933
178291
756915
629914
65905
642676
460758
136369
820345
316708
863572
812124
50133
515992
449756
101160
847706
614615
576884
419105
186500
779739
540648
843096
822587
691171
734943
985750
60664
85496
23433
562653
782721
634874
298676
778007
658832
673701
997054
863390
225234
943974
596965
504615
188491
398548
739578
278092
399382
792205
76532
98100
98122
80238
774689
454752
750201
486190
226551
134741
187922
799895
926409
640802
781222
89442
190037
76173
230408
23791
800890
322078
468749
721886
674759
13255
972978
713613
40558
829998
712093
979374
294103
173977
710460
808707
969361
73269
513610
678073
943331
236547
296944
799135
12289
690720
115848
662209
199258
860783
669436
517413
50958
62501
597133
811745
685757
860144
636272
567575
62331
881925
76562
786831
261023
854277
839101
158127
442490
568907
363858
434457
323173
957716
182518
405665
493364
646731
466058
944618
720519
53681
271634
233884
58686
711142
432183
392835
476620
675798
677287
995975
615013
710211
291482
582212
45841
220458
760048
22725
529571
911317
444406
416226
44034
680381
415560
691763
923302
113113
564240
143728
645599
325959
589228
827943
142671
279510
812846
217368
499896
510254
312445
609648
173616
810524
126616
65313
7601
363198
824187
131930
819661
637703
811802
662632
905982
680752
133258
322025
824412
422140
397439
141672
532519
382053
245744
236122
177860
485480
117847
904948
698245
219754
556500
908967
167137
803078
731313
890937
249795
574324
300288
866177
518717
498967
157345
374271
702109
57891
911456
836758
975896
47400
192699
81190
682147
687744
628225
713866
143073
254353
785365
940395
928311
180288
387346
550143
636027
465907
115785
106978
336842
173696
926757
365583
518648
313079
298608
335739
81763
187272
10158
307406
876000
81491
411495
931646
962711
671307
995586
356554
179755
781701
597389
829329
469841
494947
925914
181516
418114
801559
577795
894830
113035
425430
306381
385879
626498
29148
339242
14127
173715
179349
184920
400165
701624
905455
109544
711940
91335
983034
784537
722351
394341
677816
346659
604281
459992
626247
281807
460835
899131
650088
914691
968435
398474
154475
42524
865453
532061
96825
180404
133681
201650
993725
740547
975153
572643
537072
723937
46732
663478
711553
724073
749644
41043
804765
333689
325049
929232
456864
963095
897240
611816
270040
384622
46723
754763
485233
71158
174246
902927
915587
118705
311827
506756
140085
797841
512003
699236
105484
807415
412266
573993
207572
787798
514677
768377
31529
311798
27683
827837
389794
173845
906941
981391
531163
453095
501044
578642
149726
381502
302677
701595
687470
763078
949355
399116
773103
769959
489265
932034
488309
739021
264562
735140
282663
85636
316479
638556
845263
131388
635020
170338
229762
584620
922536
566772
591462
903187
723160
814434
499557
383450
987151
146373
866029
750742
985739
547024
119393
502761
721038
162558
173215
603912
889911
218923
950062
626071
314558
367231
266180
897648
348553
7045
202162
180034
3437
88409
735021
149334
988356
478080
87418
147245
390055
443410
328885
971398
908616
580626
200317
173819
581999
93790
700224
892939
941519
630977
285790
468723
297668
499622
134908
925621
452780
742440
655144
677370
434527
762564
981604
980179
588172
799984
919697
224539
298097
64389
891769
786745
275574
364311
854137
757314
156967
410085
295753
207867
411020
941484
86506
296507
972647
806998
834283
528815
633610
84432
30039
604024
87570
905849
85950
890543
72708
212149
376735
988872
162562
409826
415343
790932
777513
803555
668488
927456
442379
219095
701873
237307
220740
31278
294854
280021
998779
456018
638340
154243
192887
438592
482227
717088
574619
617274
210736
456909
631743
921429
607958
557528
821421
919917
155401
402810
526901
377
597726
913339
210669
121977
131882
352752
218121
211340
123430
492324
574931
692766
175612
481813
260615
965950
155888
892437
164173
992205
989230
269330
618131
261650
274540
971183
30662
570987
483835
678992
240430
910558
974256
759605
606436
744910
904745
926270
823600
490185
11646
517837
157763
70718
68678
255688
34125
954956
240003
159741
620156
282997
294315
357793
275411
762673
250580
798321
193826
950303
624059
311546
162920
669590
884592
571251
438209
644186
205858
719240
498893
200171
248515
160690
249056
677047
975447
981889
269663
536879
63774
657915
705533
977078
331804
240414
993234
57346
801218
835349
585677
240826
879195
16438
682021
743188
713306
554843
541794
43016
574514
548596
18868
461031
314488
863165
582732
2915
652195
513488
2794
169527
900019
59684
181461
538228
466095
832422
307877
837802
510342
788466
304378
240751
413975
978094
216015
263695
510988
499267
999976
910480
212321
62329
767593
284832
447875
96302
160193
908189
72659
3635
660227
679745
376841
871235
532245
221161
197238
610529
15873
64192
991138
708685
75753
230988
25171
395618
794007
791509
224879
763215
426291
968365
100665
288304
55949
769633
284215
245128
141082
188346
218420
827549
709628
288752
437217
375601
574074
4012
352343
707992
355087
334968
421112
203707
170590
803078
453171
400807
572227
321178
722789
835666
903172
93652
723805
49325
867046
97758
998968
125279
57948
604718
422059
717667
46042
548536
572448
82559
311753
562420
821367
918431
887827
708551
375661
837967
836893
991313
164250
711698
614421
940498
426644
205089
544224
864761
729009
270083
792502
553803
225642
520965
942410
334380
875676
102871
374945
197454
461096
926659
904772
197811
659193
601290
317137
355360
924197
237277
423211
392736
858925
528821
507281
573937
727135
835279
27852
934096
602203
383368
338946
741980
579442
89232
341800
719593
31914
412366
958933
848484
385182
533200
828337
571742
384578
264173
11468
197623
500420
68090
822155
657896
102991
489381
968189
538284
967721
45937
173964
334156
574716
847566
851598
472838
825970
591508
690427
677145
802361
504604
776697
720368
406758
21499
13780
375528
322614
578332
893449
671232
452079
182265
557697
545116
175909
650102
794651
848566
700184
768730
247074
204322
157051
190250
476638
126587
214799
63460
450246
607535
720302
799573
894611
760997
464932
891031
520879
611590
921848
660331
362252
286063
462984
956591
578194
829169
754450
691516
224304
499715
91279
855262
818836
869445
969145
483185
838773
456881
39854
246740
57101
513120
868141
216013
119781
617463
716924
412153
738632
940908
213036
950382
96409
79416
621812
26735
111425
322523
199227
536459
218368
884039
117298
662418
226149
404522
968733
23285
110424
485659
103025
508089
185429
583392
122009
779287
512883
292698
250515
132404
405346
929614
242551
291448
471988
384272
944920
568781
3346
783694
709187
706358
188367
668086
229860
689609
784921
100229
237832
248779
377867
838445
84477
471270
334880
570978
488086
354313
18947
936194
105931
305628
451522
976159
549309
572319
214048
654186
866070
491550
824521
840061
78991
157139
515488
419780
136651
558808
886837
283721
520161
541191
431698
170716
848887
201776
284468
503963
912713
212662
56023
386723
152777
567494
433130
752083
812577
87797
794274
406778
827348
790965
558379
765085
291650
754804
62264
564134
275402
497426
15291
105707
316682
648060
821553
452954
560257
38954
156053
254335
896790
175665
287220
881842
178290
468421
885792
29024
798024
11919
29182
354676
836980
37223
704315
531617
779457
812399
91355
154638
984581
131275
644338
199135
313831
991488
302443
928541
216321
497256
606981
89921
34912
657103
121694
937634
543208
769262
785704
313656
121813
522882
391800
138700
546588
416455
250045
392574
938415
684886
529485
973234
916384
362136
925979
369561
271773
244582
545349
479383
122329
913023
952202
788118
744332
667429
627929
9703
369104
496276
382404
705360
345644
73696
40275
117686
844398
94506
607861
933928
892721
523518
703890
962309
597375
588108
776828
444556
794383
597505
853891
984510
169967
480514
997287
896626
180285
299333
175976
226293
260623
438732
621946
627227
242675
863614
76309
956775
902480
716963
550952
622354
447339
571771
940269
436219
747782
779644
465688
834668
108322
356839
981737
798981
22950
680646
317281
654088
46808
625796
230353
869952
304455
791336
7309
779790
74251
291760
487808
625169
936165
296710
499161
243441
839680
457249
51491
657545
715737
159995
371571
286127
142074
816298
21498
29537
271265
517214
148346
861517
273792
595830
649878
611196
341598
141183
49218
837277
390363
775049
870425
323178
155856
205032
739405
998073
130325
770436
753208
160161
251932
610525
726290
665223
614074
879008
525180
94084
361286
211230
307000
28084
73178
440815
589116
876254
581751
893858
56091
595515
389957
64671
284259
138853
78199
33884
675398
776797
458253
541304
35632
986105
817459
229495
305463
581608
486215
983835
434481
528867
10872
153691
238495
434995
763273
849603
292294
803289
138165
298791
96158
698845
354029
279685
405796
797430
578685
12662
946634
321298
353356
355601
331406
669252
232066
66653
777064
494216
910084
201520
438877
948659
433050
283752
27377
990075
586674
883141
488825
692448
773822
881058
847759
851383
56824
471886
782302
107665
623749
426955
929500
367628
462519
114274
188696
583734
437357
494945
161897
107033
956821
798387
659910
967207
495634
372506
537204
484099
747257
76107
361178
266409
469940
701350
490992
639996
766153
104016
544982
337451
391477
428271
303873
225598
849330
818113
224016
39171
535000
437913
951613
927375
970528
839032
534318
688947
787523
535940
643243
154173
440769
212647
983531
457448
467453
858887
552967
292577
352645
764893
479312
129718
555440
41972
452796
987101
223712
413760
194747
289695
390823
939865
822311
852384
123526
740243
317722
997451
973777
300666
365403
132510
71790
903599
300080
652175
934588
338842
343447
597082
759184
477770
135887
471528
924442
919025
313169
974365
614374
279413
187868
773438
677439
369716
972974
81533
529774
27415
172686
709475
220896
833425
290374
202265
46053
190645
639535
299283
623764
619058
245988
239514
226445
245612
494680
916020
761751
736887
706692
398897
552935
804594
510137
265813
319234
738686
608531
122781
756345
296922
681102
845872
780052
723357
344946
922404
683722
664526
736554
73065
252715
104931
697587
269974
460384
640533
375472
373902
911179
24092
89114
809422
380744
478796
210836
746903
892245
815180
15068
863090
762254
158958
300702
669989
189584
444400
276770
674096
257088
413966
354790
367236
260452
905346
925703
504001
777838
597466
565208
994282
151706
52211
165269
136040
707629
623255
724210
633591
106268
869873
746956
543281
137231
157417
467905
653621
151802
435872
133467
396276
534763
37705
802407
311832
901923
338658
955556
150097
455707
866447
691543
811261
391656
86097
53244
621490
771320
696999
791638
405675
980220
21761
536935
150094
964064
670237
226556
432470
996341
216001
285664
308130
97456
69011
180017
153113
586700
779736
342095
692664
509194
54663
780592
349049
26009
283273
863376
315937
883408
180624
856326
335079
746903
894289
670962
549052
980902
597471
601107
787259
883237
146342
513781
484271
643891
881536
906631
705595
687171
818807
172234
615594
26464
843480
528166
476500
165969
918896
532055
426153
161495
517990
737732
354333
32787
807029
635056
394288
589124
637380
848521
98009
945390
425379
769566
606158
388439
73060
559790
618035
976300
212308
791771
381276
128576
893333
804286
900033
998964
743513
913748
842685
27761
733757
458389
446402
538258
793791
743269
517534
455519
513758
454628
340322
366965
20429
288800
860532
194177
167059
895594
162483
116651
80130
253510
701186
838671
825489
871164
160692
53606
731800
29707
325202
379267
978024
670589
461195
156410
705349
586710
94073
476379
405762
689062
652940
786716
279671
444158
850581
666836
537440
313727
419057
778980
91093
653581
127312
641840
408034
834467
916769
144139
415042
862337
29340
524657
844925
235456
362219
108653
942363
332869
484086
8859
100035
741140
702025
120904
744117
596412
137764
467829
3937
469680
402016
230331
633186
476406
353401
954248
818714
291704
795964
89031
88234
116921
208078
374366
101966
532705
89238
904401
534548
460473
589320
274947
25207
381618
780239
678429
476188
456863
959894
620871
650664
652099
712372
617108
168252
442309
935154
250234
661070
632128
304185
141758
117285
365495
58397
815470
95217
824677
883776
899336
751940
795571
114084
483641
459633
434307
800657
440831
973760
127977
383647
103087
348042
118010
33697
234003
22391
912828
73070
196779
24722
729981
983757
424660
120838
576319
487740
307335
277816
900112
394141
677752
382528
950456
243454
962206
588805
479244
280195
307474
895155
73504
764146
298897
948828
415194
121755
422492
779048
151521
10466
282431
200826
674803
144619
198894
801250
803478
313184
825418
669048
190438
79778
484419
352667
227341
644042
201880
703302
78289
897754
185467
591627
701384
89925
320144
318320
825958
702743
36947
754979
273271
846978
551704
154266
313320
230471
366382
617483
418687
60285
829661
567557
747563
460545
996879
301290
663222
561851
847243
377225
166870
525512
77468
65244
621411
602249
705360
391515
765348
348999
958556
464443
467330
483586
833949
3846
475550
274261
356921
525400
764862
580167
260900
260531
210530
148976
729023
529600
768437
595525
985562
721763
386399
704131
334362
832377
188663
430645
403510
580785
235350
845089
693211
715332
6983
532181
659440
226514
914394
152137
51060
625370
770136
782641
431042
339862
502864
243810
127926
519025
791952
632094
510634
521126
779055
754622
618394
983670
434247
822907
751334
341317
298945
335128
115317
595410
918473
873008
441013
484050
994848
148759
768001
491751
885519
187568
908572
46978
682297
22859
916442
144786
163978
941752
819294
574439
227020
785069
351294
862184
281816
522127
153411
472621
93801
607648
648396
770362
469260
78534
506449
624729
96691
66356
158469
213459
695593
174007
10389
290058
972129
480799
579982
39478
563431
918792
967963
854586
835832
235908
69099
323554
53293
189158
206769
512380
898513
645358
206085
606544
348244
66956
461800
758397
152345
63379
744357
214513
107562
433147
92754
722628
814155
35475
615414
266738
130028
563329
678213
971123
62199
450871
33030
163385
776714
455732
691733
578949
156735
345140
955461
442023
698022
138486
209245
88272
545364
455144
879683
302037
860500
119024
964919
331010
266748
373465
473206
497753
719451
511064
867774
286630
302287
753787
910577
577600
881395
88429
360147
626334
619253
855784
4270
394899
740997
626807
975765
783463
78697
858535
227525
428820
162029
399242
199975
730330
908152
718887
614514
432447
819515
771137
997869
918887
675394
485634
679954
822731
80749
201540
622542
696857
411256
733116
779685
287208
839285
64132
865523
575510
754524
716932
338125
265089
30713
892796
502982
903966
954115
274160
359629
468793
189261
142831
945972
494601
300821
612866
22987
974575
191482
646190
647147
102667
315659
229222
781903
426235
50363
379665
488476
944690
754672
816371
612161
386736
216826
736826
492665
651555
560609
698472
465837
969626
930135
373079
662199
43682
319180
263278
137602
206911
656801
931999
612557
88585
752692
686489
290894
246688
763674
709777
661747
964941
618154
436649
881539
403574
25078
540474
507684
578557
177365
627395
784053
679479
861852
731181
932891
455748
210667
833146
228058
848464
973283
775946
633881
972837
720821
327370
604616
195818
218518
561721
540061
902076
619278
657176
473465
56871
552176
255086
826474
598144
668260
328309
710281
484195
846688
520548
796996
848261
184821
120026
741814
927221
854470
249188
711730
187380
884883
534507
491999
897645
619251
752573
466109
692626
440992
363190
212166
871381
440812
160459
558831
138176
64274
331570
813965
542578
451176
589425
749525
496887
89264
863298
604284
394882
232717
518368
871037
345161
912978
944818
595641
207294
713526
669008
151864
437605
434340
726838
132813
711254
401327
283780
205784
344145
370723
262895
195750
22457
523510
66056
434291
841007
906270
375783
651151
871372
95868
668532
290013
174266
254901
230161
402104
479024
287970
720551
161585
195144
271261
454028
904180
406782
380604
607566
538377
921799
654234
520671
956726
561611
526608
707292
189121
469697
997251
615804
254802
683942
580439
251346
651639
60762
38530
979390
972610
175319
355835
244470
660365
140878
601745
604268
127006
834080
982295
135453
693797
975734
765757
350710
978850
235005
917690
988002
629411
84737
673445
866676
952107
328229
932323
653294
583407
360317
825979
365100
12410
820488
131270
506032
980720
772493
137026
594507
792047
451152
436165
452644
975953
618481
81678
118760
365902
606626
701751
287566
920639
574915
194374
823941
397117
707548
240355
385405
90664
867574
585829
558927
151491
197206
630149
634058
971069
351191
802548
710555
548426
934051
498632
758680
873392
862990
593553
496809
999390
829775
580618
751763
834486
551003
478060
708259
766060
794143
488348
291059
823494
54298
590532
88156
276547
789462
221054
749944
129560
354625
186157
384274
778837
138604
157158
427565
847079
932767
81356
396205
500278
158998
792250
768102
297710
861213
755352
433216
421852
683139
445393
348292
140974
399870
882715
235205
459805
730075
704693
933869
101542
199456
605103
560099
288819
260352
978403
876694
400921
920825
791937
781865
109435
412366
382088
763707
273675
345308
550481
184337
161712
421276
809221
135459
107076
137716
183023
313024
873716
347449
859820
482590
347915
557126
599103
631106
966408
221938
227521
675720
693227
121008
77110
266000
621071
296328
360890
2181
169329
725806
442202
634763
175246
293756
704191
407748
382059
512337
46724
368896
433326
86085
484905
455359
292104
813281
595235
23160
356822
16774
349751
659840
420697
857069
33878
587735
779035
294611
88569
574850
417701
798326
572129
487513
434937
497728
140829
751175
805097
716574
894968
359086
255251
488048
380611
275111
156857
987033
813755
656487
255041
257973
938838
612797
333190
978026
98159
676408
162712
584535
636811
979685
638807
127338
31303
759733
766311
389646
914272
843197
583184
322561
450847
434648
569653
439939
996063
428391
945775
783722
342716
293369
970694
324115
670042
219845
509707
591411
787151
877908
466133
375691
677998
853948
46166
50554
969137
509574
421849
319916
147650
388145
266394
941424
194790
217808
452865
560616
567814
784782
987581
628185
448412
288082
293370
736867
65654
188413
440126
329162
241514
605776
244517
57394
551255
738923
483767
891369
445075
140016
853475
747423
545590
566726
622747
225073
908738
44538
198155
365474
562990
503487
678455
581290
793934
234006
414000
243113
549536
650569
182386
369780
14069
877393
301277
392080
698937
153879
674574
205181
278369
485911
5658
132713
689841
578849
261798
19590
415592
789946
892070
130613
130312
92447
641072
58785
195269
180393
301820
433705
424202
768780
182523
496693
128994
868217
720
367082
362698
995620
991151
638968
760208
620064
686481
324432
644071
107621
187601
618547
39371
520436
195430
501094
352459
469073
153277
70850
466744
397807
730483
587751
542248
173482
639724
531025
374951
933806
210963
929411
700219
787061
203310
182495
260691
111597
877020
198807
189323
682295
87726
392446
392222
517260
305312
951224
757289
315770
555507
18512
999512
695692
146088
255336
185007
523336
125530
76811
24887
37650
494969
672415
770115
967598
271647
585654
54238
674659
949776
137411
686675
354939
845459
117865
138903
445990
905255
453167
698967
126142
993252
265488
462106
223205
733424
869551
86483
348234
2778
353192
724358
293963
964502
340034
35604
450740
667157
396352
843621
753062
178241
856087
505136
210643
755346
199097
251626
642662
198352
383120
899849
840319
40165
881350
5107
240412
258718
809537
926152
564051
196798
240940
355592
171003
767743
119408
703651
739883
638630
33731
665948
815386
573761
908631
527705
322278
412864
975026
660617
382320
510318
152157
378610
811236
368778
676470
751382
568982
528838
845665
221761
400968
864475
350555
553714
972872
821575
561774
386659
344054
653284
965569
882807
265892
275174
156103
837120
440662
372849
532952
395050
264232
360981
205468
669959
137999
72935
826531
855863
235255
790525
35730
756403
774604
801093
951865
264118
530901
144835
30080
926666
235450
719781
51838
585067
549542
69508
459948
447065
711047
998393
640366
570623
259378
720218
550033
750715
683044
135952
919635
138314
21732
197014
68699
921937
168836
777744
859785
821194
428229
468933
356648
862217
90586
270011
861632
179946
872837
465454
726280
598618
994206
464044
536505
965630
678387
699600
781502
322883
456392
66841
462152
932803
243647
600230
543101
629393
59539
100176
599824
649953
728318
416740
92972
508695
605947
119483
639882
229226
987942
996024
173986
749301
893695
47582
939965
861914
350797
297676
672233
835795
781791
165909
839878
59222
655981
90240
176638
586660
719198
614553
627858
554415
73123
926130
871439
295782
564544
372026
410975
84190
723435
975863
601147
61982
256909
608803
916094
539719
757477
875297
127701
865246
248204
958426
286995
880696
298131
696760
434081
659521
46088
451007
862355
981736
768856
339907
908245
136619
976974
854026
568644
673594
643769
102206
711769
70027
833260
226062
444096
4729
407071
906595
736775
199001
475891
192251
343025
966684
18067
386979
635435
599962
454198
214101
656406
971201
823169
224043
101891
635865
38792
656511
668157
219187
193717
896034
957183
424046
151425
85237
327558
819941
551136
492711
304833
762936
667834
167051
121382
554549
286995
872597
933342
792420
558795
362033
631264
78956
420865
172415
821915
780389
64275
108655
770189
555195
233153
986870
601265
167739
259376
624554
804693
300541
274122
863744
398985
286255
393986
947615
262132
387898
693493
967904
836160
79890
569900
549093
15093
405855
834686
85139
227812
919811
785555
277357
758073
793608
958723
401294
620468
742503
847004
251971
567409
166455
340290
447235
778019
840049
291697
523211
696351
386076
891679
920602
985812
313625
997757
222278
228761
215501
389083
335290
245471
811430
660843
512717
17414
142476
215837
498879
860363
488422
264234
416530
898334
623302
415469
375811
30673
49522
515307
236580
963885
886672
65331
777303
63071
662573
386337
632104
525904
557290
728252
860168
270034
955011
482623
584994
892853
135421
681205
493596
576058
743212
274557
317676
249375
933726
562093
306644
484185
695912
356627
871548
408096
6602
395095
623658
45732
228161
620476
515808
429085
577770
104453
206354
780992
442894
543988
154882
23565
981454
886638
139002
745477
182828
834874
805029
421881
900787
174504
483851
837502
24773
876238
297703
440381
576191
590701
506343
848935
608138
32115
874624
703877
222529
650458
917547
265453
550906
555886
515135
972241
227892
309611
966188
701105
531099
61700
79633
253744
292666
89408
563643
515717
411261
672959
806395
198024
355362
811803
615203
998252
92796
694634
259933
998220
691812
574175
556071
700830
40828
220624
83758
314564
158049
625234
234566
50945
60077
707328
454852
809992
212133
620251
427705
847280
248134
500619
134603
690053
724711
300996
663601
684920
679435
32644
767946
215926
319365
239288
838235
149461
974728
876414
168548
924075
502026
24966
337309
499705
106581
338705
984146
145733
890986
897563
79448
446085
158034
637462
565675
434551
625986
340044
110693
239374
137450
521765
477853
973702
590554
364297
566874
945368
338961
510749
548595
168458
267812
762154
566788
312030
699592
58972
664847
56234
494652
518758
495788
801864
10261
684610
685230
518563
10151
852886
148
117746
538829
285619
49449
177857
296278
944054
579641
91051
310860
263057
294448
981092
81698
280676
171152
225011
818297
866309
992462
883004
286351
569311
176266
689915
163717
437302
377450
665805
567563
397256
91730
724904
773866
782799
444097
913452
15469
322404
76235
762769
40749
616317
307119
196863
903736
570391
869012
649916
179229
137199
25573
372415
317783
404329
614981
789156
579732
799636
829361
243321
933024
319429
289201
750453
499571
325663
576251
256904
995027
667189
928676
280590
305575
954054
226563
828637
899674
974887
655269
676029
686760
648894
932070
459511
479368
801514
404466
603142
128374
772096
259160
210538
172956
264881
230280
890332
73308
303559
800873
466460
292925
236622
788761
448550
194223
930191
575362
509891
818748
356856
65045
814651
994446
791703
431526
267880
495255
907205
360484
7653
731937
868127
332403
654438
747442
884784
623848
48673
49947
107051
200608
194218
769693
891411
858430
359581
951865
433213
108351
74228
684563
781165
696059
676025
82562
804126
718906
903893
539510
586526
246064
650310
349062
316053
73303
619951
270742
316646
363687
925257
468002
789293
676149
363447
826729
267433
293797
341624
84920
814131
560973
621174
737105
293932
123688
353723
528249
230518
415220
983363
470043
468504
901993
623916
148892
977477
627413
42826
230332
958902
840409
83223
830117
10164
999866
263687
574740
612402
304804
48378
494241
610646
538178
235211
720556
997272
270706
160198
791846
368899
319657
83382
847225
944345
689123
730203
976789
181844
970372
559482
471704
986950
611664
435087
905242
684834
509124
729374
232658
930259
470287
691239
417960
698634
285680
772856
775063
638293
38893
200604
195838
875883
868525
279409
668356
409732
689971
697176
722662
695717
468023
386629
739807
130425
74339
627254
545266
849691
828263
503552
374935
658737
199609
350468
369856
358066
601772
335681
190662
781191
813548
232387
919989
492559
748500
574842
108849
911229
222124
986853
333699
673628
833538
12461
404484
224627
658531
973646
970532
232708
295670
299568
507415
785454
344310
460244
887390
668146
213258
647850
412334
369682
393411
297727
140030
862101
249393
128403
240882
971304
692706
425800
729695
227295
1336
572087
791610
506841
507174
640669
69794
655616
288711
884339
426183
366383
54427
823899
373365
980399
193822
185014
710977
578202
760775
223506
731598
951969
869338
177793
177021
497321
633834
556869
395503
943695
430703
936423
567415
719501
644736
963047
652705
75124
835501
23117
486746
580953
719419
417502
616442
204621
879228
403946
752693
184260
146187
861442
666777
600534
495970
793864
125892
156580
791704
715614
392422
570579
162681
452608
408367
892852
82499
76398
134997
423236
608187
347714
9027
673166
735531
625504
954337
525615
341304
847434
284924
164146
613219
326547
845075
119257
36252
429163
421885
966141
200446
507801
981306
36365
19244
143176
207892
548914
543750
968120
757937
53907
203079
53525
756216
298548
743293
748389
50462
547257
326054
193306
688204
358857
839716
714119
198767
568334
426077
715247
15963
897752
825970
233594
246364
382753
941274
229697
888795
937771
60122
139336
756842
635974
802275
650827
451308
535086
756872
7793
542180
416400
815962
498845
710168
396077
902754
978596
749025
669655
186618
538009
326034
984985
325384
392707
814339
770100
403416
278704
432377
760579
24341
390819
965747
70656
122148
479464
851156
489311
796254
339976
40872
759640
925607
938393
967060
2498
776431
356333
936415
131611
942213
394474
162903
707108
729235
685306
508961
460905
98554
737496
931489
23007
441163
383499
534658
273573
776030
212400
21730
278957
862227
105007
69021
83572
617699
736336
274677
382893
898786
786726
804059
872828
288787
60329
983068
678941
886503
930338
100779
39589
182804
961407
409351
211873
922126
904710
403080
595803
792933
188070
392908
545338
865147
133354
512632
216841
556192
527879
66925
662480
386124
8084
553289
75998
238264
473497
118999
650153
217945
610431
155796
381452
175674
180007
629599
151278
329461
680087
467900
593091
779405
247952
276100
276908
27307
688187
716333
404986
394292
627777
323698
75920
800131
37370
984671
558886
78920
26557
532475
490410
199484
752470
299601
956033
35200
922069
639389
829098
843665
505667
540240
885060
524842
853872
63296
326054
624631
732392
871792
61548
199537
916164
971895
285010
144154
939164
147983
622584
197271
395354
832828
189637
833829
983786
580310
43176
888249
542989
369141
157690
65784
23757
963961
878911
798992
259595
758131
40844
783729
693044
983412
400898
215660
344914
795760
181368
797798
462142
73805
53431
315896
972660
949070
556702
139559
440383
894167
923750
837691
982035
448988
835776
27006
688185
474090
132187
723731
929444
450002
204481
69232
432483
898413
367585
375993
544752
885777
628519
778810
801253
615951
249351
823617
772622
550565
900506
791958
236313
895495
244703
490136
687466
49157
726306
331062
340619
298649
481913
173510
978497
956687
122411
28357
233210
757585
94572
120940
471138
47822
460036
910571
489044
793735
950797
325381
809453
88886
827739
232263
948605
485658
940534
593254
902295
486115
688322
589492
139784
533111
943616
331839
474276
860959
402669
336454
603835
314194
788808
967001
699947
234523
998833
316876
700111
924969
514349
448023
692182
169971
604806
314189
48878
819078
485711
844599
987102
787244
957510
55117
487283
562043
278610
276432
629202
330167
465643
56391
902637
189925
949464
249043
761937
34989
897940
822321
782811
644330
372682
349388
13770
867602
87360
98749
866864
306493
997840
810016
619843
53972
529808
97428
789968
916887
782099
138638
403599
846154
747081
629723
945681
515325
595265
392112
159702
88631
855247
647279
204091
228798
69897
868857
472656
14342
279403
637290
598728
782452
639066
46261
65417
332493
93702
261725
284324
729984
484840
905998
64862
70988
597803
79830
948909
990927
824487
127555
325311
491949
296904
41177
656179
808473
417805
479344
821355
499203
878253
321064
683769
539230
188372
751434
838582
733900
932874
686525
697393
977577
732213
799074
59077
753841
360309
299660
709508
398287
965805
238687
325839
907395
803873
759428
707207
851758
711227
848006
612894
830205
481768
735372
774983
524976
591967
783155
338508
512838
344834
719176
871614
868103
922141
676959
838790
257325
207499
100498
415578
982640
349239
447002
574988
338157
154304
896899
933820
215794
129654
231119
676206
867177
814146
629289
725174
539102
684578
8324
523856
10030
578961
824336
357004
568526
587716
49753
134054
59573
92881
410748
596980
252775
347819
148038
645432
284895
461896
48682
244885
176921
681571
444959
840287
786745
548573
488084
36107
461083
241663
151441
428677
455224
355930
559851
385505
43249
24207
701476
48809
457532
44651
137629
573652
685224
39338
771448
669016
52046
995485
958222
105430
738966
269733
670858
99892
635811
730207
475936
192393
992860
751578
974510
267889
699416
259395
107117
845375
198373
907938
403603
84178
147893
473149
211593
241344
427430
491674
670596
386736
403373
676386
878274
49796
888862
429921
836259
317427
280730
697898
112162
818164
16405
231256
824686
448982
258434
258095
156265
605037
203934
812384
173628
634278
107350
305835
326357
256700
709014
864415
956478
237507
399791
60733
870171
931490
31972
543483
313600
464478
265106
704356
964908
875089
883129
951132
226087
493433
769451
231042
894899
836972
539727
879662
107889
278121
350482
880921
345300
977995
448236
486876
926586
965911
4682
195793
12140
593076
54621
756054
809651
883194
194111
486000
751317
813986
285757
301707
94059
125982
406021
943263
966112
338242
317229
742063
857544
576735
372510
308779
887130
517809
468443
752438
536204
530350
518642
346818
931466
305470
370109
49942
409170
87306
445653
498545
233134
865901
774613
765577
706191
77384
509830
90028
817475
73074
292396
148040
162451
150028
535084
788230
94268
420530
426072
636432
235720
883021
650905
630579
565831
463749
206392
244704
390767
99348
440777
167693
453390
541494
78388
285817
746727
989628
762721
340684
731889
908288
56447
903644
897384
840627
235058
488716
64141
320978
864983
350479
79297
468535
420212
35786
640954
699532
360897
314904
197087
262106
789965
805543
154054
80576
683791
772543
911495
296254
640842
352867
118589
570801
564699
387600
888729
575705
369122
674786
946850
38550
400587
202134
36045
757874
855864
801130
599412
635415
164301
636065
144502
168033
416919
960355
632876
848334
317785
620288
396931
74322
278261
400789
35067
732552
745268
28999
563643
832130
130482
978221
771150
390849
742889
656394
187006
919232
331992
278327
696715
703147
460495
998751
868872
62893
590938
464740
846611
263463
41544
363552
753391
257020
227158
457542
936448
833865
445821
809574
886050
315954
650453
461519
904102
540952
554980
20750
157353
73254
702024
21973
293843
22091
762812
67192
412713
269250
387722
564368
789904
254732
345102
179650
655263
916031
78434
695258
721183
517880
107371
81425
288610
212525
873983
796333
239037
96861
346674
233991
656419
587048
844348
946152
153503
243323
426440
606029
564781
182307
738651
483466
702326
667715
788319
176907
519015
519009
978892
217269
422445
868826
63538
605546
211663
167286
861861
233260
435431
130134
236293
507481
96318
501642
681128
191508
900163
584831
513446
667973
939176
736533
646850
750710
132826
716303
126192
13790
136154
93284
525191
110011
228541
679602
632261
422168
187196
902610
359545
653870
534265
142918
67729
488423
703951
63631
673728
575421
647316
381404
641292
33217
176046
960988
155249
929208
185167
835316
143989
688928
539662
331980
5321
79760
214435
104964
963801
712957
78847
16261
178225
414105
527174
176178
493771
563029
548074
841212
987513
268999
592293
629397
73003
93416
398162
70844
63198
590516
686185
225079
264162
374644
885333
318943
598598
154392
271476
245909
34017
174909
834218
317778
875200
400719
333794
644317
29159
557768
837731
395349
453382
926359
909130
209710
274490
987419
468970
451385
617084
725454
567741
600859
412138
225151
279173
483487
825072
257399
362691
668712
942995
902462
876883
928255
828250
231926
765602
696523
840985
286180
874126
568030
715035
171535
158040
105643
648107
796033
728520
923478
662079
784490
589726
797796
366466
293668
227248
821138
84284
494098
910885
469633
809888
166817
43404
565198
543923
122032
283482
140992
155988
526476
437374
391067
722028
635796
731299
586385
864178
275964
727105
254360
800603
318444
923936
998935
557149
424200
358635
246073
828959
244683
61357
561700
620287
801612
94634
361860
359807
119203
807196
739265
954253
557285
375753
62927
375853
25546
626429
196067
721605
332656
371370
917187
332036
183352
399128
335094
962800
801294
287178
693211
311692
936775
495663
88918
22626
453091
902850
388005
831666
810993
965759
834512
50871
411602
335489
480703
554514
34965
124989
544933
737238
483266
100821
259418
879023
247539
705050
107847
619503
441755
935649
548219
613751
239274
250816
644314
560766
854857
565990
417716
194433
468416
621716
251828
274695
172536
536444
938223
290128
223834
733236
357020
682585
960405
411415
272803
631503
826367
257656
384334
548622
762579
227652
16476
566996
288537
958707
615412
535495
130659
746795
202423
311839
657779
516209
343150
257073
150778
557516
797538
743257
125627
93816
418059
816580
2254
474948
288544
891799
521089
957897
215181
230912
705305
823687
114307
121431
917622
640029
137321
105968
23636
586212
990960
216256
291054
187945
591620
964840
38461
102534
457374
428387
484317
741084
714486
778249
103569
72815
888534
270141
269021
324254
707914
212154
387537
479677
919284
991412
983270
16529
853116
118190
55489
31015
169316
817048
594964
914833
327865
359650
395684
775870
164133
203425
557925
147573
538082
848412
2113
109230
578249
534069
379575
642765
305224
189679
343584
162236
959154
780192
48782
632483
798193
689780
906445
30023
631062
519259
649419
27644
136529
703440
113428
969352
636220
993991
681589
712214
232657
583859
691394
536916
290172
690033
265268
785130
304268
550548
743210
171926
474307
899470
262736
239784
477452
907319
398109
981015
620300
43517
713846
213631
342033
572009
241840
242552
563623
830793
864691
621460
939081
369600
136122
215092
165237
267942
544118
560647
613528
135901
166802
441505
688041
901873
560914
443188
648210
959851
827924
144365
985160
221683
639225
643117
151868
416607
343965
585442
437161
40028
582081
37698
433294
663735
432202
794404
968566
772489
967842
540027
267058
875197
38525
169199
15785
804671
580406
478361
746886
221443
553687
241947
805711
961007
133432
184154
297366
29863
698494
952410
285704
295923
697477
95156
479010
258510
316632
403318
593924
853773
172381
994775
274398
548521
419662
783573
765767
15724
413282
380909
21420
835316
184394
441015
432421
85927
79575
342043
528227
847156
831736
64180
63174
342657
999201
935679
822475
233975
442056
623103
457186
161062
803273
373873
998942
533
943594
276135
811334
28650
457976
706436
889224
312434
602896
784979
997133
577294
158586
286916
22760
668667
709295
964739
656104
545724
384443
937526
701900
444198
197437
453588
76630
301384
332556
863325
100920
64244
888948
643513
656619
556718
339166
739697
419103
951793
209357
747524
203789
460312
139268
318759
488360
445808
93446
846173
475569
145367
721269
853230
868138
630672
162588
698311
509538
742887
381320
933933
877999
740219
583697
468447
88314
501357
696438
156680
522356
438692
865702
299038
140711
188026
374491
60762
955687
743046
945761
177556
55207
823110
810101
885754
250855
650025
108808
471277
975627
45047
217443
37368
654152
732766
561892
544941
188087
908442
590502
724830
333260
297407
609919
743541
372640
189862
899427
835377
583210
813170
838821
552701
880780
421310
473886
59246
135945
747173
247846
894169
434901
680813
693567
708687
180613
274256
84050
322103
414758
595689
425361
939846
782377
841976
555003
355357
119739
850322
30270
768702
606387
446056
988022
907372
193125
557553
296787
462687
439380
459127
347098
45985
188804
185595
909314
398920
536044
626566
893822
392144
530762
414990
840858
184277
359249
46785
590463
917097
134590
783537
688913
12184
526153
816411
619511
873590
989942
326677
556986
369888
8650
178708
805702
586776
501211
251031
764687
197751
973377
517812
338317
633550
598376
153149
637543
437149
35207
46095
752110
541039
149803
374454
973376
627216
762157
203136
343757
503405
484610
995741
677174
748742
438897
701743
884305
601106
340831
407220
819465
253551
331270
288909
659299
980163
369284
583915
671899
276469
342864
455253
296300
810050
89031
164952
872431
234236
545317
158603
316187
744229
312911
139453
999979
548708
629196
950526
542877
181026
528980
453511
527446
599876
875905
779206
778851
427205
227554
93002
431066
145327
230191
673672
155039
365429
332246
88328
742338
226608
340532
516847
985222
636468
164063
383017
466621
24719
140960
778866
366798
196061
492414
994114
194905
195659
707381
634515
608753
81446
9606
938064
832648
394527
620328
820188
448360
134429
260764
516027
444125
748991
992350
884385
12913
393517
159671
552725
136847
159449
845551
437058
650057
220952
519648
238618
797557
339159
112806
256103
468786
931963
312179
212464
318472
392601
386239
421252
344878
135503
758428
538278
661221
371325
884455
35349
528257
105956
722395
401270
193863
801881
988479
922208
534002
748517
40576
489092
299728
328316
967641
655735
479690
181400
840814
411294
304256
124914
939897
764213
594066
857821
123355
220475
41148
265663
854804
174782
742425
844460
94414
806206
790536
289760
379284
766465
754156
625689
507680
826675
923213
462159
83729
17079
548700
330513
148219
21326
726995
311102
654552
101538
341307
702172
354077
995376
837703
372952
59176
138961
60190
452315
894677
510435
766134
788356
161520
612504
573404
578440
653380
419355
663632
804964
540178
548698
911500
823226
282334
425780
464613
429839
607203
872961
614667
61536
395302
580088
409899
360092
172136
529281
102323
671235
809588
786776
237045
662169
544921
96090
643365
574342
963442
160048
854589
840525
124449
723285
103231
412263
118618
283973
16858
843708
546587
425732
94438
463037
209017
963464
901258
116000
954646
234115
609725
989497
838831
193617
123433
79282
699410
163067
215659
823079
10157
795046
619575
791072
174528
161307
198489
568940
373108
644020
378582
831382
952454
203743
554417
735111
805212
950994
546953
717816
257208
884235
291232
274321
740042
352771
98934
99619
676703
177071
281364
127
936184
29937
215076
891697
367798
384546
349565
678940
365104
595828
272381
589107
836711
303944
200400
366865
163345
878219
743053
609078
324241
630797
585855
675615
348744
73120
312768
414081
846597
428969
864129
239201
896280
478726
163303
813075
688964
377564
528272
184141
976978
173499
573619
368423
250306
730544
935142
376305
597085
718120
358072
444273
435878
20412
401406
863031
744302
209053
534891
829215
524359
404317
437721
184355
584272
172184
112612
556058
730223
855549
245877
673937
847262
248957
545757
903300
917532
853006
233111
272634
911683
906076
94064
727098
596282
578317
636738
370861
807488
831983
851548
624785
949289
517953
948157
941655
201574
458459
265535
461851
39676
372794
894865
242750
244503
642284
784413
6241
92408
594516
392648
625535
102729
656923
737175
951591
428561
939571
294831
956117
460546
5833
456821
271340
68848
122951
411220
541459
609052
783043
338268
210409
998191
235655
970696
346086
239810
419517
455384
35535
575194
406007
783453
146773
847537
868761
457747
569675
469039
335524
314088
966339
560504
71839
641755
569732
124894
888612
729024
365673
822327
57220
571423
450777
646410
641688
595260
86302
462051
145509
339506
367972
950982
290795
667705
542289
472512
649674
385415
10619
380697
13841
604946
720586
180645
890149
879474
568875
561849
969163
369381
922094
657723
291410
952109
903294
105619
688672
273172
186234
217150
906007
73359
4340
988417
843683
852992
647685
843962
784035
913622
494218
565969
530161
124816
416512
741454
107088
75166
454520
769669
705009
493160
263606
368812
882402
872808
577388
817933
60756
982450
203214
739094
513735
164116
369682
744142
144468
500632
465030
989602
370774
82918
961293
535198
71414
805510
599671
13367
444626
944772
634492
566980
918474
879020
205397
851853
583718
870773
10296
478460
133543
112506
751086
641520
91241
331043
475282
311025
796721
249442
548456
937854
564761
824474
667095
288897
970901
486298
93508
354532
466465
558534
442125
100796
742089
616278
539871
809123
227988
65848
72309
335845
207246
605713
478958
697233
583025
39393
209992
788463
755567
945861
611199
91600
228511
282389
957436
939328
385857
84973
975228
500248
915376
980553
421694
388272
786659
922186
794856
481138
583391
64341
792951
53963
740541
397211
123361
622074
258899
746483
927882
929162
784386
754914
644958
336093
301468
414461
322193
313182
199471
3494
77745
842136
945395
556850
199332
405861
514828
433003
825988
951230
896699
946865
786387
523762
614375
254523
735389
866610
754180
667195
263337
491656
282270
426592
646235
812136
177732
220789
951657
408031
954579
542694
504824
36968
957982
364835
132178
238750
150647
266653
468742
888203
733917
918446
214109
268958
912833
817301
112052
346747
944503
924639
177083
203885
125942
746849
436745
808951
703243
734497
119321
117320
109921
198740
737701
392652
398437
278594
314077
744991
827353
75526
122756
344988
311287
362737
765096
703764
832063
389710
755452
116762
324767
801985
811411
79676
529599
823881
58107
740556
599654
189348
649268
456284
746316
386898
75020
198343
90876
195569
941272
894380
558565
707335
199568
707958
803775
238367
755016
533527
8149
227274
552519
13971
26482
59335
896454
150072
304748
559037
711558
987116
638472
400420
660942
187231
726216
563396
827776
766303
17112
911766
583703
7562
742033
601414
215232
473309
529447
715866
726545
491051
456694
863788
629738
827562
470052
90131
194599
162024
105266
822176
402751
623579
274596
838020
333116
586005
205067
356367
363927
934230
183148
27539
299951
218939
676111
596839
164582
690453
111333
771207
70617
797589
545814
416345
248569
857315
204519
306123
365130
273677
686917
426135
484408
496924
350256
881960
43345
902147
563335
480407
293540
377457
380524
665422
625075
872518
870419
90445
474967
912353
129644
954507
861361
410456
966379
610292
973960
512833
316848
845521
801604
553517
152088
223878
2182
452341
938208
834484
977570
378476
788465
176575
19962
669043
133388
218537
402104
559788
754770
475869
823399
649351
104305
566280
966703
348152
284711
135138
883563
302665
446900
960651
634729
25163
110880
102864
905661
515560
157222
531788
147906
931668
212092
534123
45998
862306
442304
231178
486417
155955
84160
546938
16810
329929
33254
754148
52518
31033
976190
720390
17334
314879
51814
728795
446347
97771
311057
520345
480817
518458
159543
328660
331525
6720
246237
239552
547989
723136
681084
957140
842834
465502
487313
247497
735732
895787
810113
173697
797035
117728
557670
124101
384189
767398
661626
507943
697985
476690
347870
452230
876534
131758
541576
518192
450432
863474
860296
723746
155841
452050
904821
533866
482896
898801
31416
673006
792025
322099
99508
798725
966097
324400
782545
259587
659987
337220
384292
199378
583068
877955
711932
431931
107296
693834
24652
320836
355975
233265
769584
769140
648135
154140
794590
350706
245790
274417
865002
582092
831789
157603
189877
262931
764076
707053
673011
365666
24334
108443
401944
157056
332082
902914
949663
937371
731714
642832
526327
177717
570604
891262
684810
482267
755067
700642
915242
934863
517585
37984
589594
94471
486915
702465
689463
736526
496593
24796
909314
118857
688704
397296
814667
518292
523158
134932
129082
867979
588978
614085
854589
515173
983429
49887
724042
791738
909169
920167
191631
645925
212348
737604
644094
415172
520881
107854
814254
46876
25235
17087
474416
919898
981631
646919
828335
632180
943709
298107
967234
435246
629378
689901
505170
140601
823142
118871
598179
697142
38461
632496
181569
306328
724276
817697
221703
810534
874121
80593
2767
621472
566791
245596
975793
122233
641565
617379
355386
425667
843034
801597
779307
594217
770056
830988
532714
815189
813666
384490
893514
559730
889138
495681
50866
189451
174411
767482
461228
996050
220000
542221
991948
740349
735424
882743
967931
402123
764911
259914
574111
867365
768674
215134
540328
404895
426582
362149
426938
523357
992717
55452
931570
372947
423398
277470
410519
427300
530264
555219
589151
259628
936715
893125
899803
708953
896659
548499
853824
103412
830921
886398
639250
336318
310088
228256
703150
901877
69761
254077
546293
951798
680380
129842
471313
747708
66923
325578
241509
775814
118124
286256
172565
676567
138844
263806
671022
209623
411475
93875
205428
76759
479871
343172
580039
637554
909728
958985
325233
475662
876509
459416
785551
730626
659650
177775
406873
491986
744087
560394
747151
799765
491934
892117
617217
445496
961320
756732
529339
606235
28692
399966
826636
755161
335397
741727
800498
857189
614143
811612
820900
664079
471358
463162
88316
302374
23347
10520
693182
585016
631996
601123
809417
415285
662143
814471
580184
217906
99267
871554
341941
41929
232875
738133
588028
560413
31055
546581
636360
478779
310712
683934
440636
455388
245688
403686
677104
422279
232996
683567
528757
451475
251312
512470
372807
851978
164773
850953
529550
744873
469441
208342
376145
810117
289579
949534
553208
996807
862801
638248
775868
692056
518880
109138
55725
648664
251231
957154
259167
613447
262312
386170
922994
891910
243205
4906
399485
939960
555875
963168
545751
386563
643893
484986
164353
616691
148008
414716
7731
657533
129342
445981
926529
61024
52554
394300
55466
78695
220359
308912
433534
57100
18068
213884
847657
84214
483088
935329
202911
430947
229838
730190
524646
422561
503349
348979
597755
631863
139127
195379
485282
500064
300
441144
574669
384439
335114
660832
131496
898158
611587
757461
8383
274168
878267
827578
93005
404871
11301
744961
32610
513455
532281
829657
73199
872170
15636
823493
128305
884149
433067
900808
958072
387095
203053
118588
925524
850241
520181
299778
560219
789713
781865
536212
454232
569009
958642
962743
642707
353948
38936
968716
841209
329345
458425
517188
35816
984703
815589
293107
846617
993041
873753
504446
475435
380099
237398
502191
321672
480482
297694
361767
954102
751731
249483
784179
12732
133657
529164
243511
15022
587290
515900
525190
818968
429755
449824
264212
549763
723399
975421
509379
471910
629359
56468
590809
384876
978315
761724
523923
103646
255742
22106
976274
27438
232184
952958
603636
679647
783382
28061
559550
861139
699620
676007
365557
855859
487106
743877
943180
280309
50148
445745
103351
381389
26867
200881
650654
517682
946833
572401
992493
654539
79098
362364
58376
216502
901573
214999
332124
425205
549002
454778
133201
144246
180254
111596
386715
444094
462842
501562
974960
635889
73018
687059
568852
2624
541697
914179
388239
506031
188217
918218
853760
599362
517688
633752
44812
510403
257662
767848
934127
484851
736987
713270
18674
575755
472558
890590
350525
122669
711111
808083
154436
195692
27310
619064
465309
147252
746685
651550
978738
613720
105128
728155
106130
573943
703965
775427
564706
423753
836550
738438
639792
11275
526188
785190
487720
599557
271413
621331
387423
558581
374670
66212
20045
248090
184803
662324
960536
354846
704331
550423
403147
502176
555521
108792
589477
213982
112653
656976
557838
794492
771906
891141
56164
91187
868832
533277
330996
698841
924441
207005
185989
359368
265777
811586
156238
247150
563838
65051
913159
112689
291023
511105
151580
222652
429673
467636
200126
164587
562797
96084
680404
788943
25941
313977
623568
57950
928157
171119
882396
120122
103934
900689
152434
653148
522965
691777
236107
157981
502179
871297
171119
20321
470958
134833
618539
529248
492740
840677
175585
309970
931999
656162
419961
19447
386788
813365
60853
619904
49222
944881
638947
116061
517127
49987
739691
47140
269151
30835
513288
105691
96117
206969
180884
509858
366602
908218
735739
934464
725237
682334
256274
605384
226569
573327
850688
65447
104914
268687
188506
833613
455678
415990
472845
409270
403545
789447
360884
124756
594673
172078
439562
331419
986009
592793
714617
831208
664392
794160
878673
634639
216481
604914
367956
31104
847501
110509
581486
558100
492164
179034
577090
761978
126891
21203
86239
756664
103384
775409
341585
419296
476273
144710
699028
680914
40754
705908
686052
625768
300620
487400
527087
112514
974187
867895
730220
665005
146960
910099
893445
635634
898206
169769
220720
238905
499120
782683
410972
316569
412967
934037
554566
893501
471937
239502
80554
171252
356004
619357
371735
314068
646075
527477
166491
609676
581367
463871
2014
426245
213303
839122
102859
445877
780418
273042
3177
606272
150833
99234
283784
436490
494890
735431
544278
26525
482503
6426
54225
155508
53204
424809
237335
137314
160183
788908
427225
857890
24107
437983
787822
453884
12005
382017
531843
568592
249303
69991
672689
41090
442898
400125
131879
923522
477126
480922
850182
759606
740069
997823
735116
663687
653990
431277
849191
849349
870950
181600
948203
582200
399336
156843
729951
509444
657021
329713
704498
517687
511103
574205
642059
502131
110199
265599
384894
637299
868446
149156
270746
983739
281409
933520
230943
178080
993789
681659
161997
127921
611818
146725
92695
844673
342549
7159
928759
210642
70757
310648
281499
32416
884062
656744
232061
717703
775428
377277
446288
16529
368471
673591
973462
664032
262653
775010
533646
297461
292542
594344
957131
283546
666089
559056
225248
94514
400915
945751
498040
609179
323519
356457
56706
62909
228249
499836
805577
211122
479709
647818
260321
607954
624853
360553
832957
309849
209919
90760
572830
606775
895436
438984
271590
876981
717317
326644
487819
91519
479177
962911
415654
279570
296177
473113
757611
544707
949012
788365
279604
949097
102694
369786
118326
849000
515899
738700
745940
467163
45802
846934
813138
50141
909132
773807
395810
412276
527396
847910
38938
52251
296344
462563
992967
104875
473246
148635
973211
285861
348594
733807
626113
478750
734083
772706
413393
434631
569646
483637
755999
367384
698977
5601
268206
574745
253282
913329
796674
873037
633192
682425
824787
87803
496935
974006
188574
606170
804457
866244
787605
192088
616792
450422
169014
236615
516376
17557
216121
937893
686353
290296
409954
369478
391562
515645
320183
81824
509425
841249
191180
752499
156407
758977
329658
962387
93144
845870
475438
583379
402424
717607
573725
120848
620713
196597
902677
411671
537161
83112
315119
916532
932040
402217
636641
74904
993224
758332
374064
393830
185181
473877
61634
475866
599284
535699
825617
659862
241423
787997
585020
70923
890542
308952
525495
557120
882634
903042
541155
169666
898298
187822
431417
502248
471929
957788
308191
366658
118463
123956
219485
816094
226763
564959
772457
316470
917058
795587
666974
140281
284593
297433
353867
833652
783215
799980
768360
918109
389662
566127
203428
856636
579920
456380
610202
279799
836549
124197
225633
473976
708882
239353
841794
878205
12190
411989
128517
736891
896391
524899
953124
486128
30242
30452
381793
79492
705631
399158
306355
195995
427978
444434
280283
269370
964973
219940
655638
583315
131539
982936
950507
542894
973095
810142
424228
22710
658235
105801
600473
642142
810534
714377
883367
754926
490885
476931
308864
228718
893706
514845
131501
896049
120445
420878
519534
544118
561021
710321
860464
129156
621256
929985
716121
746209
81143
283014
55294
611846
679760
344490
188625
93058
374153
414700
705192
147838
227930
871277
801830
936411
21501
920744
405384
158776
365445
635519
448398
346575
426648
41328
741251
852543
171403
984358
718763
592484
362456
411820
607689
300578
318590
85180
308938
575745
922422
546166
228753
873074
316685
157804
494880
219760
975779
110170
713568
798850
418622
165299
537101
100381
84300
258326
141952
8998
892275
702496
920666
72852
173719
639003
198538
805876
917735
629395
472316
261382
853220
586057
591007
760325
865392
612417
406096
806148
915278
825462
376552
843636
938556
918894
661855
471426
47978
385448
786267
399645
715222
519793
486361
624789
650245
263381
437815
791583
120607
857715
677275
824245
228904
333098
24708
548762
674583
688431
802795
368187
829205
771393
446933
118193
950675
545395
435896
711779
863432
397928
49031
661769
479430
351262
387164
476235
338424
302816
763777
938952
386234
281375
418267
965618
869973
854939
484532
184854
183702
281532
588644
528441
989385
610749
704026
877598
565207
786888
141644
288677
494329
932636
864313
85645
886168
809002
631703
433498
285699
770368
872543
989714
953036
527836
211569
46049
533119
246051
853284
231516
374272
814314
343918
930274
404416
603696
695661
598111
11228
819887
831376
857386
854994
77831
341605
633230
371552
589275
227775
539686
585211
530551
680195
491873
767593
555310
382607
670758
172155
270339
727112
578961
429803
648765
98815
17434
181134
985566
281536
629399
22965
360172
789174
894616
591270
434926
962750
645808
83698
345843
944390
90771
764083
732235
363042
473691
407652
148761
477931
937317
768925
244800
201428
388376
599913
84859
97995
689349
502533
955721
511175
874794
91256
403653
743156
28625
7946
63252
617785
688086
778402
151159
288802
103941
44608
239872
577583
467554
904723
210273
4024
120130
148983
578975
301243
435414
977807
170726
879940
567048
414908
502967
650615
528829
969143
116156
569789
578939
597137
278589
607049
532196
335556
254506
800070
143585
350964
255832
758623
880282
44552
749129
143594
148001
883616
718948
248690
170158
227250
164355
249439
200197
845892
645803
543684
97524
591688
810199
552261
760056
458511
400109
933155
958016
226795
584594
524902
566857
450470
261209
368166
196968
730712
313430
929525
904038
340137
165393
989420
46085
739236
257814
564881
884769
817267
738154
56610
155826
315325
266904
261761
676526
607897
285673
690043
980811
571181
196273
293686
512418
611432
343942
549495
145711
113496
539660
814542
834997
556904
379820
621598
761726
992890
534755
631245
291008
470429
542774
922628
838748
407915
915971
960099
883904
726786
266483
643781
26027
593053
559820
244203
570384
428238
812707
52167
48724
330970
562031
763943
481074
946480
862968
371196
673214
607688
575981
646279
930951
319317
337429
571807
553301
21862
975262
559841
839185
865630
517266
975860
15044
315086
532711
80119
966520
842924
969205
529482
167034
695219
670594
194998
184321
823510
474233
633402
603177
985442
781946
366835
789080
636143
17675
975334
424130
868866
546539
269293
786311
588034
694983
152829
365369
973653
984646
675280
42108
588695
9599
688627
878726
196407
829130
472110
233863
113581
603124
109387
820514
610907
572236
328389
276184
260800
938074
409615
508998
279635
925551
82429
178309
970626
464024
56531
901807
316550
876140
216553
215361
477091
855429
780599
687260
197305
278283
732291
255142
115722
901868
296612
481933
72969
40360
735665
895404
928603
880840
783883
682566
96045
97198
600836
920046
76529
67912
593515
165705
492214
55774
437750
656748
590754
179083
491850
546975
380239
711049
717353
68675
184256
484517
270712
211663
64575
550929
988204
198774
603476
861016
273169
257317
431907
830572
700599
213032
866275
493147
695865
282348
435767
576416
744939
191135
287146
326038
44895
731252
237324
402696
550868
178370
176867
687203
239164
44812
750416
922957
844329
586779
329472
960974
194643
436296
717131
926380
433096
769878
549612
712278
801200
481147
846558
599286
432828
586816
107855
13417
380523
207166
74755
880331
423736
245704
723912
713131
386532
672423
531601
941086
671003
718528
375154
419695
993094
888530
512375
711412
319788
369180
309345
748028
44229
853851
499006
496868
825245
849329
498852
859912
934498
814433
364170
259479
257226
807927
780290
387776
491491
533829
727127
387529
364792
248583
707007
365822
116957
90856
417789
554566
979032
172510
466070
104081
221804
281904
373869
347437
23043
738648
501757
659320
463159
401795
91699
342320
823677
818612
31270
347878
900846
981769
168692
565457
875060
952406
624890
838207
3469
857837
425199
146278
467007
603840
629406
500569
691544
921949
475646
275606
92449
291159
190639
132604
110687
571461
650323
513754
197509
112100
933703
275234
177209
105496
548797
794044
430977
884112
112056
319415
790858
285254
978850
864922
565141
23782
741069
139737
174783
991302
954052
86371
180971
728532
563469
678296
845389
158990
50047
497240
376470
75817
905530
531575
620023
946773
427462
780492
789012
988248
510731
687529
335879
136407
94058
357540
781646
613428
973624
178196
74834
660624
558805
326936
917141
691505
211820
863057
752119
674047
736777
261295
520612
148393
823633
485417
42013
890213
894115
61830
151522
874708
912266
582809
827578
256451
20891
658506
750494
340430
684594
213006
987016
664799
234947
642040
410771
925972
510623
296105
726415
443903
696326
753059
8675
819974
898915
43772
837215
995563
240936
872750
785694
433190
192966
709003
320852
945903
547529
169677
893562
330904
742607
974348
403859
955606
116899
393544
635161
261280
906298
145702
926665
299567
716169
495096
112200
164006
761601
490293
369840
955276
3945
468744
699132
94452
928022
131268
219084
813118
815944
531316
931156
709110
712676
130128
30311
268825
244810
286092
89692
138936
404818
686667
111642
931958
866920
296690
323526
34731
407425
142743
40261
543083
433785
973399
466736
996513
500171
926982
291028
684052
293612
870850
172066
326604
126084
199073
777786
504206
516106
224328
550030
368130
125435
973597
866870
758006
272374
893780
981393
279803
419447
506214
286290
655149
268846
66528
630574
281297
857531
316824
120416
860182
773897
105914
201047
573630
962244
26688
531710
699734
973816
12672
778597
882593
923527
447007
101905
103955
935751
834211
1373
971449
50742
474599
294282
809526
68890
294567
381867
328935
662393
214139
573478
433704
532466
879969
796775
981872
829623
533235
819943
786071
813736
933815
322644
789689
275340
795989
534558
153330
919918
546339
903902
914376
978
609564
965666
819944
269267
738160
201497
991689
540122
254581
150104
630765
963325
748411
698182
458502
776881
959165
934571
771765
179309
137074
207183
388141
68318
106627
798866
924663
649216
816472
332680
976014
602912
206156
691406
927914
730219
171199
782638
379994
719025
178633
418346
597514
919932
382795
281129
246180
286727
251746
52667
453907
289821
938165
297291
59747
686032
397742
670816
883077
434450
449669
550543
209838
735475
534008
61761
429278
686647
289623
395549
713534
221267
243451
881618
534306
470532
574615
305474
579759
30797
112678
999758
428758
709131
830724
875386
31614
96822
409689
434173
163392
282998
306672
876648
350092
597727
28710
540592
20713
578507
653693
665306
979161
961107
471248
282050
116122
489385
773537
834119
552585
676437
154190
306582
111458
496778
474658
633170
496034
204325
682376
167837
943437
735873
975131
453958
648651
274809
978904
271183
993518
667195
412597
628185
464527
524997
443339
918318
64918
47744
359790
640683
195863
454517
650717
777736
572057
81392
978005
264070
182643
38192
17152
951284
265360
186119
431435
670621
952465
1236
163541
428369
81937
826907
226179
233678
869636
146430
414384
432332
459128
640730
66
625634
218558
877249
464472
869976
413346
467407
959391
855882
771861
919275
195204
795317
719724
609692
206019
297185
737601
961477
82974
22315
904055
376703
870890
321390
326812
493457
4995
126733
874983
246670
770272
15392
993056
151628
82945
66041
464991
549628
518469
145554
793324
399595
47128
974548
446790
261332
121033
761350
318463
591647
591161
797649
762884
152954
140975
200172
129403
650963
600073
587752
68741
804079
780045
340954
234082
742890
183134
574496
519476
473675
568714
796178
685724
78659
262656
797767
549633
881027
47839
687617
980911
967543
121705
198710
719899
138850
786710
996475
205381
333847
5381
969679
588854
357585
80461
264898
792553
633584
503922
606848
818950
424401
947380
183294
54217
874440
67905
551104
791746
734652
171466
541764
970421
308256
282290
750287
28769
850634
460451
474129
430494
425777
711739
650103
994463
203272
171620
704270
338903
765361
147074
784463
583865
74656
920517
785163
540183
941773
257246
944500
739180
812373
340302
638341
175221
853550
624729
635279
710713
280901
568922
623329
71850
618038
835696
448660
422052
768359
146262
350896
546898
660033
637329
286271
488752
396620
981506
886124
274090
823399
380123
861782
154468
312160
340974
573111
311635
503990
201633
236907
686280
984168
100606
753760
169165
923001
864039
667481
693032
326787
564070
356766
101500
674293
574627
642628
401807
617131
11951
949333
587879
986793
413308
901467
384141
117555
807535
149326
706291
867531
364110
616215
336177
948424
424788
840576
497387
353103
878564
244219
383951
161713
347546
998604
854395
499105
816508
106451
235131
633680
834191
433402
179632
724455
169862
835639
965324
305824
604885
212606
711353
938049
280677
764807
782041
347319
98400
923575
16041
343627
748203
824877
921279
334979
23028
572908
738162
292760
965217
317664
58776
476302
479015
114895
184938
505398
448252
408605
193220
552252
781092
430587
102153
794797
729896
596654
47204
790922
95462
628408
736425
439105
154241
883813
606105
99726
852472
73971
279044
509550
286868
61278
743689
779195
975803
436488
602425
977513
663459
988226
424026
983067
477600
111994
591495
352035
679645
780545
904693
326293
946217
420855
304464
723526
681001
632724
696131
305510
441196
363990
417431
394807
386268
638915
450227
781865
825167
328282
44226
617364
571069
7962
953202
604369
990092
225198
489880
96886
460232
377011
605232
969324
527790
819624
419650
965101
255975
623985
286753
479263
720018
897224
475982
659208
928250
464768
580153
856366
895911
538423
36839
965452
506064
327000
465647
467122
656430
168778
802526
139002
469419
119673
325178
600866
601017
440319
806116
988491
8256
175662
511062
447821
239855
34364
337356
852149
565620
889484
639616
531356
69894
51349
548813
25253
296351
930161
126645
538962
542408
741572
21374
372355
242380
697287
559863
132493
966094
448880
346840
859699
705335
392768
793671
440068
520583
427305
318647
365328
848205
535897
16555
558600
925682
368167
68825
698673
76527
964121
793769
828421
405534
250255
935644
694118
184366
647504
40650
781824
527921
395248
893891
749370
379280
493850
521559
541336
712350
445056
288114
168112
436617
829980
636383
992646
39277
907361
296109
868935
809090
564355
222383
150558
874870
783712
39261
786615
701014
120521
793623
584782
816741
489201
52490
543347
178447
348274
317803
947548
663991
284534
864161
689446
813485
887048
662911
312938
290939
365751
159279
134328
222238
698276
71978
177715
523346
337513
989539
923657
795142
417958
656579
370252
516591
27497
510287
680690
375865
704377
52455
957158
434712
860864
20136
915208
103164
233426
979440
526408
854498
134366
218561
673050
487815
635568
389758
582614
90743
458016
211795
856304
290116
819867
355890
102479
932691
557515
275064
288011
603153
210086
234286
508104
696515
709584
124202
566698
101498
497838
616982
828852
258148
92808
880072
46336
766783
983770
698833
597405
82793
605752
908050
690304
905236
670619
172487
136809
433941
61388
621159
508564
659355
542635
427108
805399
998140
472156
966797
559966
446763
36367
740628
795841
29638
73003
222441
910655
978508
867415
694468
468826
102700
398180
440578
522830
474040
785626
135015
359535
350713
843934
780802
62238
127067
428861
46958
526439
985161
877015
739508
644411
222676
396330
321422
517957
380236
734138
890183
86442
502961
188763
224830
976482
9731
244699
472393
711150
14646
633294
187637
273781
847746
22838
958636
98431
210646
225551
314672
149645
514284
951093
419779
93266
447864
295475
948137
363666
87546
427113
730245
856022
41331
966681
520032
363593
228468
442766
351753
260339
426641
321449
15830
387727
768693
559113
58440
730762
505615
841302
523917
730011
658410
47019
139742
253241
448347
858333
906313
170174
868051
117356
429897
363350
474964
306182
418257
650979
81345
764402
580648
679409
556366
293599
846829
614289
939414
700490
216700
348308
284491
800198
850153
26918
638599
264299
509929
113348
567426
982365
782737
61915
464861
362552
995894
210239
817306
478805
905586
108804
591983
954748
847432
407421
921455
476838
293599
391374
959272
638061
466603
608688
230156
581586
736681
849921
130439
588075
410760
118406
307631
379495
886245
664318
127066
87103
104175
409123
196873
535547
456682
431680
860865
655582
496271
871530
771066
8752
304272
493468
418481
190310
470520
822131
456728
199791
109041
854914
948270
938205
640799
681619
744681
714734
710314
912507
902414
156791
872602
826649
933219
96044
819995
136939
944509
273614
338719
951500
772659
415985
540642
367566
119795
347561
121289
853872
206898
445457
133796
656380
783679
968631
647251
392768
922545
551015
695620
418790
870655
168403
536922
852978
160302
670300
120169
149912
339685
371839
771294
141560
583516
953567
992956
709495
242611
131243
728321
515643
705951
399531
34599
677442
576575
711660
629574
245600
69581
292998
518038
755219
575727
523207
418963
561924
26477
673022
790521
63325
356670
358501
169775
667777
48827
944940
860224
662700
511413
895326
752388
410089
724962
125234
223709
512234
620402
37937
110877
273415
697664
388030
160261
843990
914979
715399
445224
645859
376485
421447
888111
812620
646603
280885
236661
204668
219091
537484
281298
642946
724860
975288
27125
296973
817023
698074
170667
862534
299931
444984
464188
687498
522382
689604
123316
328323
743583
937095
375935
226978
140888
342122
820654
182010
748690
400353
978198
129084
124904
687669
880535
883595
452750
713836
947450
10427
746298
766678
390196
633899
366976
661431
390151
776572
397051
914444
290888
18477
517735
865596
100859
574165
593036
161180
808858
922684
529877
872223
249013
856981
756607
45337
691
475996
479149
448622
242806
250824
622808
582491
847133
540654
593955
63456
767843
439922
904268
360201
933540
252842
587647
767192
580160
179857
411589
819921
309656
767140
356953
723234
893622
135708
284955
420460
848521
712201
831646
745906
717325
927688
680988
462173
415177
354017
318217
357865
202290
965183
608452
684080
463853
399564
431210
881361
48242
677097
545157
373885
272972
924871
161122
933854
906492
549989
101120
828899
843966
537254
302052
628908
993059
991694
763978
816975
170909
142745
880565
724549
650777
890744
318760
425717
815111
789609
668269
376218
666421
83889
300754
133587
744921
957817
38772
236423
221677
918018
999603
440754
365685
558535
324293
84817
899996
268654
968038
65766
937852
189610
85357
611112
876669
629168
594746
172747
472789
757651
531916
878695
405869
18558
463279
690632
271844
235278
457298
599889
521004
352202
729526
754893
151122
295487
925507
115540
123868
233532
607157
533270
920523
998503
325875
986887
498368
691579
844160
307111
227707
114399
22282
445164
157374
209699
475296
316303
330640
735897
415361
495792
769949
824462
172496
643367
158331
568164
583395
485352
115207
884557
559802
911826
301102
781158
345740
281812
898504
189422
467261
557564
32926
661345
33709
975966
293388
846325
615146
663773
880066
945456
175493
203673
92196
781732
888834
556597
82321
478984
58665
881475
903361
877493
230201
577551
795272
165306
312764
784709
597431
904476
273142
583872
549601
816813
262519
815663
38651
902471
300752
842790
487389
519974
500194
930431
888229
847775
290386
147498
202363
598721
264536
680344
877422
988935
244599
470016
719741
800694
267207
726413
585075
636249
295406
818148
476457
637271
473709
666389
358511
654830
489878
412445
157766
593678
394971
550870
37892
509780
181698
572732
112730
229345
464182
701660
217395
741655
696631
859035
51634
317360
13296
305952
149790
601274
43369
886943
822938
400883
580947
654211
557709
240253
526209
550199
673568
950397
34742
162194
52645
473046
895065
180189
104533
936509
21573
731649
710514
777209
872957
224018
417803
567290
450556
368882
985694
691539
538155
290467
64087
331604
601836
257645
11319
20744
630931
269800
538320
159944
419189
128871
409900
935034
408408
873601
463694
60778
676490
164925
119696
488706
200973
922329
76011
218345
701231
675831
607701
203062
235257
113509
853573
591184
459197
938247
508050
693988
938258
815459
626809
708737
407709
490505
484221
494803
926213
379741
518121
47546
176712
121219
617009
851782
454764
35621
989559
696977
742925
110627
717993
972665
895509
542552
454919
575225
624907
51590
176642
472996
561986
104925
890752
30013
966961
507245
398973
112629
959651
709093
404811
755714
401669
491399
154809
97496
85021
521514
697554
966854
419098
125803
43709
886768
728070
930929
279938
993509
511639
460316
769900
978588
820453
767050
541705
77328
732599
437381
187406
606901
967862
453708
331415
68693
490435
229437
901901
1676
676388
412444
827681
74524
823961
644034
642420
961902
998157
604772
694425
188966
870696
976639
270194
70177
329025
777309
132919
281294
849009
354375
776085
652134
400323
860296
845170
521
944839
704473
682767
983479
790406
516078
502727
661799
130639
732
646132
666439
423152
282405
865649
724561
421376
506914
918009
520199
414489
720523
438574
16907
508772
457702
277750
445085
365773
707786
759808
169713
638805
749775
900069
434860
190597
32085
258793
147067
793728
636909
924000
363088
754
169127
491565
790586
806565
992952
176422
528736
782514
651528
650195
421402
450004
161494
655573
355629
120472
927433
442660
604704
835504
706388
492913
793855
100328
670468
471722
906028
646064
571561
798044
992604
207255
698143
342898
330805
459737
571768
504155
630851
605135
33991
83018
886225
473540
840523
664151
533162
248424
543735
825155
498796
176158
392602
509208
816069
842800
268016
164399
670413
500706
271492
546763
845568
46116
528640
432227
439958
347232
532051
548221
509505
763188
793533
552374
317763
48826
870330
678238
308457
177282
874249
420672
878439
611233
741079
903103
688081
866659
775501
453083
762612
967259
267955
994451
640783
433948
510143
930533
94577
843968
940030
792305
70384
574181
965342
260028
875971
423288
579414
700111
420221
320809
631986
222399
155623
303294
107070
240840
724600
800899
455566
341907
260851
904223
170729
535575
142685
567619
551184
63579
89754
746043
676526
461209
4068
675111
874333
899583
259750
173251
888018
999951
389947
106081
574119
935590
44542
537657
178884
49945
972941
444439
189736
607355
418527
536626
879961
15931
569023
79709
905190
919274
760165
351382
12566
946459
577391
292604
622383
788195
437505
454558
531940
640512
950390
143599
700444
958998
395073
22933
10395
462356
433957
523360
192335
998198
915981
176984
711801
212387
537544
44271
877046
234870
5157
611861
210666
4314
944872
896939
428232
701006
211878
112975
554687
798344
524226
667670
579908
184374
455940
748439
721208
213471
608531
677156
251767
139880
980879
742356
918013
103987
482829
450812
881460
513378
581744
418876
115614
442233
656608
432693
659995
117409
425898
945240
515480
485641
207284
250522
997972
545127
956571
231492
286160
706205
660523
81830
378707
270710
791994
227563
726935
257999
768737
12232
52819
538066
570840
476750
705510
675870
235309
162208
563741
849923
970593
918014
318433
486889
932767
786687
928256
932112
684058
739805
476118
12721
36098
687530
530711
969924
849698
490849
105468
490971
532633
244760
76040
543211
307634
178769
730422
29227
851683
52975
972097
52182
401311
21125
306639
728842
460184
136650
759611
374930
362452
67305
437182
621057
568683
871029
678329
430133
949979
126522
976993
161083
192519
594414
601607
906833
838034
685511
762243
199686
683412
196070
94460
446014
290104
398833
461079
381650
708786
106174
749370
975892
994463
154218
904828
857776
7610
957450
529387
688941
739640
970169
545849
251859
104194
319121
463363
179559
421005
620277
913919
335378
307095
317578
548866
607520
350335
377029
929836
426019
366657
601247
444593
658552
87246
776934
958340
88225
228612
771309
431266
306834
424079
854372
175864
505415
430363
286530
866033
184530
556981
156126
322720
728371
257405
804701
344647
439519
715594
703046
80386
788003
262554
151410
682323
316066
242484
82143
606411
338106
155421
475043
160273
36933
409074
382525
342738
26939
676136
109255
957253
838965
447710
948935
851929
636556
233692
890278
557694
572192
376363
968824
914893
685109
144208
994233
492437
61559
146918
805209
782211
431006
461335
51310
241837
555500
709623
985865
689531
709780
371069
195811
787570
112181
629342
462069
171038
852163
277576
802918
54620
662663
483576
541023
975873
376509
637624
593595
292075
427355
25273
136602
587874
96305
498248
523732
674154
53483
776432
31307
90599
746228
999341
138970
302125
639861
455176
38954
988964
235451
277844
461091
360468
975607
646403
27326
778387
575518
612837
817209
302792
313393
428223
403364
177371
174807
456580
755993
699003
437862
573107
696137
334987
57024
11084
52528
40426
89242
784368
432682
18589
60440
897300
329056
58972
313748
645985
667930
954614
946046
247020
802681
292001
720989
384653
431356
725282
827444
818078
571135
459669
361343
5586
828101
301914
577628
114543
631018
482268
82439
3945
985403
323263
358526
245149
816737
885413
941955
725158
492152
604829
228608
43104
744445
635242
235780
52471
42662
517611
678188
941418
416524
771435
861853
282146
670468
821127
659437
682089
255947
552696
387041
256777
460959
263805
525073
553090
63466
802982
665000
646950
203993
942526
188680
447637
238412
604630
459530
184657
429990
775658
476387
973373
865347
164723
510242
880375
572489
509000
295061
822606
857688
322162
697547
486498
331099
860171
956597
146007
109056
320785
964326
910837
381892
335244
554362
973216
965735
494490
27602
995759
117183
922068
471293
990890
147433
655263
357106
673637
884954
740433
295033
698547
176723
349373
200426
753801
813043
753629
336462
252849
768870
279003
321186
254119
440123
515644
96505
469204
712276
940457
575297
7140
214966
194396
462622
403334
257
237859
551346
566400
168185
47444
550206
927596
944066
153934
82850
820626
327915
550887
696448
726563
347169
842999
17023
762000
420740
926656
665451
798917
432854
206584
969722
645510
262799
217205
726826
971172
614671
525429
855941
674587
741739
849798
565702
778059
846568
913432
570326
423953
743238
383197
930607
669634
734323
415514
701986
844548
449057
818638
984691
246856
200241
535099
261602
918311
529486
307221
586693
764696
319063
791494
155600
243724
259124
416092
47863
932518
960458
741264
228138
13722
3593
134836
601343
288801
695138
986744
957038
175190
117782
513304
237621
816049
911530
13222
66140
260637
769079
351471
889363
641079
390941
59853
443383
530341
107864
738633
475315
496145
2475
221610
758979
16833
512632
82783
197780
269845
90097
173572
493384
110556
534697
321556
672853
673682
715716
986284
565709
8058
337421
385784
94968
694164
156006
499580
831901
224956
187418
671489
494112
122335
983823
41498
776965
630682
66775
656721
300818
897905
771365
147635
992659
653608
684508
791605
224631
617665
584195
987906
7000
139091
25621
680866
273688
222596
665589
998024
429031
616291
708671
916920
911456
932068
165370
298259
365267
593721
794985
93888
618718
632457
477121
612281
453620
636495
134132
447471
282623
109714
380460
281883
270946
414652
574291
594147
746135
637978
596175
588197
885368
715311
273163
242274
513497
936117
481073
2186
675538
67313
297396
665184
831258
976882
818889
243209
826766
159270
888629
923191
993170
845720
327425
306669
486158
434314
872011
994606
566746
891370
858103
406982
257140
506037
941186
192436
416302
316389
811702
640114
376357
461912
855418
345187
17003
802687
718145
890584
57350
764671
106915
620095
160850
892647
137480
829673
649729
122254
481728
289846
199555
421577
393649
507744
893697
737927
612328
934624
371714
275529
563280
65024
627120
309120
193536
537087
241973
353860
615790
826586
834560
156207
648001
694397
746916
362708
958405
938758
906015
580959
236920
640626
69687
40011
586177
399974
385728
877754
943936
533340
926523
549428
226624
413864
221081
659838
312585
855974
666013
385750
581843
9154
527071
430282
764436
633252
353580
654066
465658
808950
669259
276496
165685
744915
758171
820994
473131
247117
374552
119393
65679
488475
150972
684218
176204
671518
999105
979239
554587
254478
555845
951369
969076
652805
14087
139043
691680
612072
403278
228822
385005
208238
18665
271413
615419
809422
523409
510404
504692
307785
971178
422290
733913
670865
802344
976176
999159
622741
916239
116877
542840
853930
619603
158703
261205
70359
833565
383632
933737
956669
852847
473875
448929
876705
486366
207457
541904
672408
80446
874341
138975
649614
3741
189600
863906
939250
763557
947177
547269
57793
117349
257285
968037
634222
698985
673567
850555
501611
324037
450724
412019
386647
373745
99069
45019
128388
888910
237802
580726
885027
125127
598840
15601
41103
423762
7710
18221
220083
276566
228346
486395
144024
410855
363939
151526
116622
44524
356970
461225
729270
403746
701490
310465
363627
812473
552809
618269
293771
845980
421666
766771
721957
148750
129617
318636
567041
573488
541794
272959
817798
738207
913846
634268
436684
751546
218171
69054
265023
170497
902758
599843
452908
957849
134672
234840
220715
51628
40362
314413
835945
179117
872223
519689
987025
481273
546501
397782
487319
932185
812862
491100
573473
807204
257457
181292
572050
23361
467808
635314
85811
940106
609767
37358
228160
346573
718416
199100
913165
536684
592341
860815
921875
932260
497715
891900
264475
657706
345191
513522
335686
436081
376136
457352
319351
622665
388352
863215
116125
282209
74536
285447
511584
230317
448575
932877
967719
939682
912583
246065
550276
883294
121405
204741
634621
435814
365043
853650
30648
980359
835467
775109
712834
662813
233746
34567
698108
268338
853302
402346
30242
462270
483558
595326
597945
696141
968453
374084
138389
451774
861706
607738
934020
954087
143606
487317
542554
410774
271027
520461
596826
371570
414022
784274
803070
687617
132401
18140
761636
479171
727144
318880
423061
960571
159277
937182
291570
827149
15242
239575
938173
107650
294763
303709
107841
179497
422549
29570
73056
632729
485191
483058
43319
487697
388331
439069
101679
607808
242553
175500
352803
462816
484265
821461
272297
103292
196114
755754
772991
939923
2020
248843
136724
190293
775487
344604
232304
799050
827245
883089
112384
86866
471299
301701
468354
156295
773263
959786
963977
418878
26302
401819
430253
996141
438349
708110
530963
686566
458858
76005
174421
495425
278119
432291
510285
451609
397849
439035
438211
830316
498323
327364
926385
199206
492986
815562
548335
427383
606021
558654
234239
42528
617620
544461
561719
153038
41257
26253
686983
170077
216391
304340
388646
901373
181733
468771
423646
905778
962895
723840
719152
925621
907802
866337
889125
173304
649090
681924
92786
595079
168418
847964
212678
640906
907662
343653
360372
307239
619344
292185
674616
141380
370366
941243
932840
606826
609141
50704
875768
387269
182516
128621
121642
472776
63703
269740
434256
272365
244013
501496
525119
251546
825593
342920
284050
566431
44290
107305
122392
799132
1623
273395
239259
334912
562787
136477
641806
616364
718440
992813
790546
73205
168348
985607
491045
198024
222685
15527
847015
690472
104145
788010
449290
827668
739358
768326
302550
212292
120323
985691
440279
779473
199825
591969
719460
823604
943946
57600
546956
460006
411540
204926
352990
835815
594778
568146
580501
365851
682112
875224
926110
500046
745664
589342
51080
747800
648934
459995
220103
884060
504932
365823
402917
815210
816787
210982
184198
575877
950087
584678
650134
935550
623629
859335
877969
330303
630723
292754
682926
997348
47444
834946
642857
573955
521104
887511
421740
391372
75364
955530
340121
88332
69434
512859
385847
123148
637552
676550
85494
341846
930733
883732
850464
306647
70758
36685
436958
207136
29164
169931
142373
299910
742575
642985
964539
616554
551891
617499
618154
315731
593325
876056
429119
489655
187034
814833
428287
598425
334332
955461
200872
584780
112786
822733
569823
436821
321267
984659
853819
830830
887335
245568
290348
984679
282914
791186
707721
202088
672350
981292
906998
769489
526611
317447
970158
990146
241430
659975
618611
921782
968652
995752
607503
741770
250761
200919
792965
183004
161801
920605
589401
770318
244553
513142
941369
860714
922243
24768
745095
856608
610629
478863
934724
950762
194669
114269
626970
288080
680451
950047
66566
494343
541939
104882
462560
398837
482981
337012
289928
306768
516091
348848
962479
148644
736230
332849
731711
284211
545957
285943
503912
278070
795548
587207
277768
6850
33741
645917
562486
395654
193013
926141
982060
483889
761541
894248
266190
56880
750011
470761
475099
677781
494813
85454
612335
378707
569170
99508
370226
433510
905373
284092
785249
371023
334966
738074
951287
811517
399879
351948
739127
570312
529216
917927
824345
633238
116823
459532
479759
485024
575648
105146
259250
445903
514564
601469
10254
340096
167521
90373
444934
439143
98430
917969
358502
164751
554665
976458
650947
549119
664815
567596
753361
917816
763896
438047
910593
663772
876348
898468
143060
377385
991910
31083
472833
538210
129667
171713
114559
131278
9191
659814
625328
757914
489565
775421
262250
415193
257800
303324
18658
978220
928282
839555
102967
761725
268720
781738
258393
571877
9609
842419
330452
629934
957410
325503
86013
59250
834991
440156
107255
589922
231031
744732
256930
951075
196109
132289
462114
24914
642982
829908
641351
567464
186716
594645
890462
619193
709502
422540
338579
906070
127953
743614
24193
208211
272552
646395
712536
630691
163355
561940
659754
741407
326375
69675
933330
255589
177378
963427
378497
892125
844825
485429
139110
212823
954888
837796
573690
655760
653941
429577
61989
420692
702889
110792
408464
831357
537164
854051
426696
52441
753948
990893
411019
531818
676745
211734
107635
977735
308529
354789
993340
316127
518643
667205
855540
23325
442034
235638
185278
582952
269992
713636
643842
808386
368996
16853
613301
181584
88609
994683
118848
870456
68165
163817
7503
5478
757683
881507
452473
745194
540749
542094
441223
929915
825609
862406
768291
8287
148206
713038
952095
34850
987500
131298
218398
743747
20566
136681
813795
413615
80445
126598
909300
396837
756330
444750
675626
668856
498871
998420
324824
516083
660682
350559
277590
738262
782191
212221
903721
800319
47826
304433
998032
485604
28438
130439
363949
522109
411092
958857
295567
705918
410739
959690
584408
440386
639136
998687
486864
978883
900138
80237
593861
544582
972669
679454
551452
133908
911929
113070
488057
541474
128047
165281
381382
64146
638776
672023
829028
427730
193649
109303
326444
111907
339990
402889
378464
234740
241850
696352
155380
403180
383520
394228
991858
972679
711034
2190
235086
502872
555835
145756
668102
510828
547035
871012
280949
942543
738023
627862
750710
926056
816962
299770
641583
969279
958716
859528
6721
880735
557708
242774
495562
604695
270381
808044
762709
960282
826131
813107
327391
324230
739849
172492
419399
78722
728809
647166
516753
654272
466615
69127
459670
323746
378714
322835
603980
60281
860983
430666
913390
502696
265963
689732
928456
714599
60005
114840
931617
23203
984095
573458
314244
440771
733623
180098
23917
337030
430830
181361
572301
855304
922044
416367
842746
350883
530765
351624
462070
846450
216668
448085
417946
82481
244523
106606
615392
696896
800540
894589
388746
164231
456687
251246
916977
660595
846233
774722
702509
88797
813565
170243
147678
662284
309193
578386
841301
341777
14576
155228
897187
3345
820735
398891
363835
811231
20894
798616
124166
964807
359526
333279
463236
957352
257561
196747
616089
627705
102530
553552
915004
95660
515498
964599
148791
433519
926580
919924
827227
559951
993814
69779
53636
546103
384628
499921
279941
700631
517723
552647
369583
310880
688662
774529
958339
843307
619569
677293
430386
572601
450760
899119
684236
422997
697418
80273
142029
963542
501392
152792
343681
899713
500820
81458
473104
575115
575759
892683
142570
260923
736627
495870
406671
801454
922754
483816
62459
796532
685769
296793
53101
717400
236349
879524
751251
853566
124848
94678
277780
284004
811376
153923
174393
84747
33085
436220
413561
841455
233700
971740
453983
856689
220284
465602
563674
435798
185468
824985
303073
850600
672312
976402
727105
142714
108854
989491
558212
718985
670705
638025
293824
361790
139177
641465
32441
243281
394405
8629
588852
317959
177863
621066
535897
645723
485514
442901
460419
736891
33050
67605
343848
864233
663247
918044
378976
243650
424008
899232
258707
767004
823392
606638
242308
305352
627984
843198
388276
45686
653345
197409
358196
41016
283083
329111
139531
261087
201903
111869
850111
139586
670254
57571
791940
694877
811812
514620
622974
262037
300933
691310
908597
191897
262290
20042
41876
17317
404215
957590
335454
636896
862724
449285
205550
605157
859270
564680
237929
978143
857794
384573
313794
761358
418701
714758
462953
678246
271755
373877
958481
276950
887042
556259
200604
889958
824218
100128
171622
904377
52467
123524
432107
229362
765603
22116
381462
313907
848010
547872
134823
690177
655444
568026
778239
552196
695819
648641
976203
868266
18775
707211
870027
820522
245395
394433
26622
492582
504588
575860
575724
33449
471960
666317
292687
909072
7569
147394
122207
499782
676077
928997
821177
401704
442619
13142
984619
728967
507836
764505
938462
746507
885660
832130
55393
468404
835275
491085
387534
271612
431293
46538
389787
214297
954426
917813
57343
651166
139298
79204
96830
16897
507649
117273
517459
915895
840651
438455
617081
719740
806196
889490
974359
77551
487534
555999
621702
55513
778752
581322
745216
626062
389632
668711
779750
626540
225261
796416
95213
450496
158123
509836
13223
419081
186139
648321
110762
72404
310806
154049
29279
680006
907079
520047
730793
750200
811746
189797
409583
382780
40581
890174
656648
22847
738217
934350
569794
503943
738821
863089
134415
374363
905279
322817
353997
245185
960271
299553
163184
342818
129715
992950
598095
296842
774345
458422
342471
830028
345036
959512
219920
483778
524909
693355
464666
518898
424973
190915
80931
552397
322517
719053
44184
501265
420403
876100
820453
637070
481521
531772
913179
263941
688627
757212
60861
485099
365581
603241
806055
532366
218175
433085
750428
931407
85326
722326
172714
220941
328704
801738
209532
654114
173171
912152
658172
363591
798874
877403
357283
384915
134869
358552
717342
745056
570924
175222
610590
757070
292521
178189
815421
439329
887887
992150
853064
122694
353594
253571
794477
326643
831572
48296
167490
370924
653105
668566
249903
341729
261128
887817
467130
370612
542799
960055
99629
925593
215090
471816
458342
360279
609967
16677
538235
88235
483409
253930
115719
832587
128902
362293
632790
136136
168095
672800
76777
923084
987557
518731
369510
980355
404690
581074
556831
471191
369907
175582
273725
161491
676056
482327
604553
761705
402740
480823
820950
869455
494104
21562
633935
516931
389575
442097
320857
128560
357877
64566
94820
745193
212769
912122
463443
837906
733580
402170
573509
409373
496980
387729
592960
660082
972018
830374
110202
416488
468429
174789
400515
262960
834296
668236
139602
335378
28815
503548
825450
427215
78377
799279
976040
1252
959994
79080
953580
127408
141512
563398
90594
933357
783112
638099
636908
792730
627733
682297
544238
595641
863564
939604
479093
417012
569286
147875
450500
734171
729267
993431
375933
9608
186831
625806
680553
964260
235460
45017
968484
472258
835996
21497
396264
460073
779041
232745
192820
990575
770580
16277
479896
818368
447494
707752
756448
126
51286
341507
80602
487235
332679
105481
93638
142593
953276
354967
386330
100235
774611
244497
468655
518764
699868
628696
351947
694837
93941
481047
808332
285333
906755
17149
101869
859744
936847
475717
956152
395186
814650
95600
818376
264429
642718
997333
743290
78749
557187
293966
483120
402301
908667
836756
154753
81875
544667
428389
253248
583670
98966
87841
304424
531312
119415
920501
476833
493822
212411
783470
744049
297652
299272
497967
884098
436093
559374
47998
119371
108672
876985
451960
551582
363807
267088
653797
286158
49561
350509
26598
140795
241999
866009
482763
892348
756132
241283
629633
804007
615869
463645
148392
107840
525096
849620
976451
55163
659481
130154
537929
70895
227343
928689
840344
389594
365013
214374
817225
700747
565668
848743
591710
819184
732389
377810
933656
603644
578197
220284
69222
845428
714498
807627
686007
227031
714482
25585
537072
468520
185122
514629
271482
644761
221804
113791
60530
311190
568002
155472
20356
712299
291542
123804
577170
103826
433116
555029
80845
938589
400039
975989
475367
499772
821040
876440
103391
640492
845238
738035
857659
776637
657663
800373
785492
318461
889276
214392
19147
237958
257866
804452
864601
823585
978837
557857
843525
677782
510487
972918
124654
376786
537598
96259
422344
326962
30828
911703
813988
67890
68312
147119
69991
13293
473105
313996
271324
514896
94819
550383
799910
899551
757522
511092
573710
251683
153795
310985
699643
562031
759995
460361
728127
524430
739838
279417
622221
314444
730649
114973
588617
496029
393724
901624
782968
845613
146879
685471
861015
493956
573893
432953
310087
342997
690686
263317
82405
301668
498246
595112
794232
391955
354987
323106
245956
541959
644300
427307
624699
175995
463516
832319
98963
788257
684102
624739
892403
535920
303723
440258
914310
140687
58118
361897
567282
132892
851185
165788
470179
454425
120064
483475
344769
692787
996875
514772
832128
855537
975818
738606
257109
277750
656216
249487
226182
238642
375898
838979
599130
708075
547577
893769
186160
228324
433355
486548
564588
762279
936783
110683
547468
400948
676951
579229
765784
412230
103680
915701
906488
181630
779293
936661
480992
645807
794866
470306
163878
551109
833628
941292
246451
405394
149518
508232
674968
832630
64374
196044
103096
885227
438398
473703
943587
888875
102254
186906
183620
615550
203886
526871
369200
639203
10089
791924
825310
51994
463246
203788
704438
246988
72048
297203
751426
953048
968525
133651
606017
384636
471980
587688
908442
563867
746655
355092
510574
221168
184104
310303
350534
307024
983096
771663
337643
822165
929555
451872
981525
762989
567503
187297
999611
562941
242170
868779
19017
112051
190299
580350
775536
423719
529553
130041
878231
533357
61017
9398
359599
312313
66731
669568
830820
381167
536003
229042
984047
410375
988989
163629
328136
367578
685273
251125
340921
777291
681439
314472
851982
972308
847964
690077
448169
858284
822730
458837
613490
383186
999885
754848
918955
814905
350362
610128
651681
863824
820210
572690
444606
773613
616844
451246
100732
71061
986705
315355
479732
412266
335297
269951
294548
137266
709875
705987
131439
443136
848633
112912
917487
240065
915170
38760
304485
836453
466137
932707
807873
184935
602794
261700
927453
114107
200037
489463
589619
394836
279899
799209
999856
479119
619013
551748
635360
811135
883909
141190
936328
862549
345540
821181
323858
916204
424186
47969
776995
726575
649611
131533
616649
192104
837647
953564
695888
52965
746474
30236
917555
114185
726362
929970
164400
115500
421968
574602
229748
948784
658037
946168
233078
448289
527501
147888
912224
559176
293177
442590
315879
356301
221974
135395
475516
228550
470147
897645
413978
271520
192641
976690
877760
568552
968307
209673
396921
651255
584900
626213
915862
471736
384423
593006
474878
52375
31162
852414
185820
734472
891012
85749
443254
533169
986205
875129
953950
49973
639917
338381
334721
112926
261580
124301
286620
922598
638537
101507
622351
680930
166790
839338
929994
514124
821825
654717
833124
456683
54957
960186
785674
525985
994494
511096
615252
6545
898244
903010
287923
158635
761839
866255
785159
755029
547697
869631
462093
87159
733121
873973
823990
499299
504827
184812
768594
120288
554212
137847
353387
35410
890380
580856
750447
36487
327372
739132
798404
994272
885807
256818
757440
590810
168685
942022
75825
859832
701010
184415
700438
270863
235838
279217
492977
543597
613061
482047
582196
168551
514870
826545
86488
503422
645625
986637
580109
4141
640274
27541
744012
750482
393154
473917
917832
572406
468492
819656
609026
663419
772821
204350
911356
28129
350693
741964
163013
715125
923210
979512
614131
583126
972251
379903
223919
237605
165082
437900
877994
204553
400435
774103
284078
334619
106209
366361
681359
78901
528944
511719
58624
706002
144477
756210
153346
970530
691865
997082
484726
256621
364140
18090
491284
353953
621303
55220
561204
847610
402834
236234
280330
1548
244371
386326
972399
741744
403632
298839
801626
361545
241916
349689
617837
453362
682957
695887
909227
138054
277951
172335
319880
927243
718097
715370
755865
295611
652908
86438
96427
188785
344836
459354
447791
781613
105751
499878
230867
299460
20947
842125
306411
828839
202453
939536
802190
427597
963211
282856
294590
804800
32698
868831
309823
733313
831963
700107
53000
195929
477857
139432
505751
304382
868758
570641
893599
340830
237027
418459
193757
491530
858862
929358
555337
377922
978590
261313
359
974553
651898
169361
359228
624453
861103
170301
561886
538437
687024
383969
722853
89199
847160
4237
74238
130069
217899
128770
906333
318995
193690
967880
220754
466360
520997
871471
23925
113935
33979
262112
383932
311625
55998
491422
1387
46664
428225
584671
842730
680330
742003
865217
15858
500848
659605
364139
634465
160426
896423
822913
113070
102594
908513
702403
75254
37569
93917
326403
647093
2945
339474
331393
146832
375761
767418
123620
393230
236734
931605
12567
209767
917956
69191
787902
32629
849425
747421
768980
509511
8562
145965
222499
333461
95069
48539
845406
189645
722266
107512
709214
758220
945550
702916
564024
136360
821029
923412
2999
888298
717147
125455
615419
796697
516200
992786
349357
130353
656518
669300
718045
267507
764192
908963
270779
74134
619480
109229
196783
693979
951285
90523
523285
685758
685928
140728
291224
232136
914489
726511
551338
701825
832531
789394
226845
102531
530024
324087
197793
243178
77506
645053
914459
611368
859304
791596
9310
699573
704809
791354
774664
982563
284424
535338
67003
978127
206979
582159
268407
665716
548930
482159
846417
974937
296217
965314
532818
205803
709818
66202
158063
283557
756602
915868
80096
210923
183230
578860
562591
276023
759362
467879
293054
11242
150469
392522
676005
286148
608085
66288
843495
604463
121202
797752
179073
415478
200482
122437
991342
678483
802449
395486
651306
6629
322850
311606
105537
343168
123542
716551
320914
157279
487575
998999
570021
230708
821154
778397
791846
226592
658255
853436
684030
159742
76479
495598
424653
551642
304609
123196
939141
810624
826336
563433
40870
373806
824877
661935
80658
703851
85284
829025
932428
661745
981342
800687
157329
152389
680978
23048
500819
99496
544488
349466
452046
143013
769052
40117
480137
78603
302987
633677
372459
149173
611422
362718
221176
412101
421072
930858
307430
125295
190749
301982
944352
73137
956616
32467
867926
132129
894473
735152
513663
939422
811858
624364
619500
762600
636221
195313
254026
621708
207508
269468
496628
249400
91132
324385
485683
572653
230526
776844
578899
138513
588403
253858
318819
667044
458892
104102
590280
688331
820284
239927
66366
485896
368002
194646
584301
2955
910742
843654
787299
239841
389871
735116
917044
773195
793839
315670
735915
166762
217388
738232
407660
154133
942364
670353
499752
544781
935964
432332
571
619656
757277
66626
680101
69545
744748
818301
672163
591761
842588
839000
607017
861711
189137
666306
631615
250931
341036
319905
485941
588544
556110
909651
265796
69375
949259
378511
903427
140272
426733
771242
78082
173532
535586
711030
456711
704838
973187
717061
210147
67775
524673
53643
531119
331481
81070
14689
148264
837363
406630
780582
175204
811316
95512
661952
996337
330323
650100
765696
58185
272594
666355
570660
420339
883402
956030
643701
266040
294754
650492
549585
67776
854745
31675
622915
124106
1795
961786
586382
338501
83921
682960
963977
276813
154248
820093
500324
850629
354836
638732
272712
971597
616822
529441
711965
426848
136664
910949
429733
337997
943937
136522
139013
302544
534179
260925
736740
447309
903442
124008
90412
481448
188687
595360
434990
197827
642883
893810
802402
762645
705095
196101
82764
761252
171488
782060
788281
831647
764168
484235
577896
713754
383783
458530
238854
723942
156897
668155
46994
616652
946056
667756
20704
109350
426290
219658
682361
458651
934246
152042
727263
52981
359152
739349
649966
127457
497172
393799
892893
39042
425823
314532
664804
846961
636825
763896
987832
143638
171670
992745
432498
269468
244523
701756
819086
912724
924670
431872
660878
278888
574199
208731
684286
598713
281171
229423
489107
278872
115223
191336
821229
840862
534113
676004
992252
351529
80473
128128
697406
831603
843591
74043
536422
904208
378303
946570
969944
479684
654455
580984
581073
344190
401145
142518
227620
367541
254195
344454
190495
478046
579500
202880
264716
322439
391953
83904
199443
932115
364526
845485
33917
501778
485752
140838
308499
96508
390918
579402
924965
643979
183456
139172
99558
463218
896432
536434
608629
221565
717270
160721
179703
523526
290007
213318
98079
379025
515637
486891
761231
10245
760729
976756
115160
176648
17133
544733
483166
522741
173318
644146
410455
216253
389055
744314
273202
921943
968545
325505
819348
379685
126718
148417
349565
622949
430493
75628
978633
224720
524943
467801
990291
16787
849760
26824
648756
744871
850153
64787
670057
343567
521986
23220
15698
644141
641366
187245
430295
793474
363855
867096
646757
986113
772719
60555
822614
431630
615232
716647
6319
60888
701988
161982
507075
347343
58502
781278
305076
430532
169841
754174
223833
623901
228095
72772
745659
637361
75113
889393
707450
428870
994814
368234
446989
304804
472879
136676
36711
965781
725191
382762
990068
318844
346167
504206
115586
16720
600143
854570
648317
759219
960905
645522
210003
334899
194240
270616
371062
401500
430398
743418
150656
772663
247538
52012
668720
216228
851904
846846
124626
34063
420659
96299
415165
414866
52558
323965
630582
525351
297280
815455
916594
246408
8181
161793
855737
6821
163977
527522
612006
542465
302295
476925
318539
539242
304944
131922
194609
529363
981928
885071
551421
92815
359626
868187
180462
210284
335467
252992
692354
810346
226076
540338
811128
288343
95929
353152
907377
512968
478942
158422
249776
259510
541113
444588
613312
83122
580091
107023
111797
406726
641640
539466
882250
783146
59919
88625
134697
402144
822611
415753
565642
441197
825191
209303
519987
873332
213208
741252
858461
373680
383364
255338
6775
208909
61480
812541
532164
744548
419799
734232
489759
408401
837959
24419
69599
244531
16134
706719
186453
233408
598218
448526
180850
481858
244005
464642
430790
110002
376343
669376
19043
838575
454269
400079
936416
525403
867496
236579
97273
758163
532937
452257
783444
714505
462856
640463
707422
528511
394931
6362
278612
970209
731219
915906
486430
564800
737371
244774
979861
896103
588282
547431
135397
423452
997328
229628
901262
677812
355900
448978
755332
218771
754388
868190
760119
515712
794478
314368
353773
952417
50523
334613
99978
731351
952372
441433
396402
49656
717900
715255
190341
84133
316933
831728
654793
160008
601086
406691
273702
900653
384362
306430
553802
159225
919228
826562
404333
418699
133438
581420
820334
36845
118529
295493
432476
281078
934703
137544
434578
942912
920188
973291
863098
107650
594043
703372
57010
947401
173197
861177
110411
459928
199540
877404
106798
521880
654341
475649
993753
732221
668924
300742
981383
317752
831913
347230
268206
461522
370057
560321
137442
483948
738928
300276
423895
686160
763873
63216
576195
969459
69632
338738
290
462217
515806
696286
419475
922053
731188
334481
604064
153644
29036
459970
98715
225941
13400
544787
241955
72063
969093
185594
670086
844943
580842
220550
521472
572452
688891
258129
146082
246425
771291
514561
66062
563350
519150
802234
567455
657875
852364
971556
170277
270699
159057
680276
731405
357528
306321
555033
153696
68241
388201
926182
520930
627965
906865
977367
700122
247698
736077
58401
480818
899535
719011
701659
475828
253074
472678
977507
652980
675671
999313
167918
206029
627213
269488
196272
30723
942614
500184
817188
355592
76764
530807
883064
573018
894155
968006
494937
757769
691694
122139
882838
313750
353897
499738
542643
591927
941200
345420
57933
99768
585507
730184
142885
948475
989608
144717
183434
136224
508707
111026
557671
294400
295475
259252
941479
221394
22796
2543
724992
342064
166284
104744
373091
641012
803260
772871
41278
793276
70694
428258
573676
257294
730382
522483
296827
546708
144654
488748
11351
571464
873169
638241
852119
303915
127660
579172
149988
285294
69780
675951
766850
650228
41216
49017
19452
868335
743900
227627
446704
836903
261158
5868
527540
441881
436393
33177
532964
421052
577876
213328
746378
642783
265015
461739
123560
585518
717657
70923
428132
97235
21368
662026
215377
301496
535070
209234
783062
315499
57820
51660
444733
794843
799398
564848
340058
607359
571274
468987
514453
986006
486990
246783
259991
354057
259366
997332
138701
602284
384335
440684
638812
805155
547339
205124
53537
960481
662137
549303
802275
42252
328592
947053
234520
759165
160376
508784
481168
34275
865669
874143
631298
576774
774097
187131
521138
324521
455732
427038
473083
883210
694242
704140
891134
786051
453218
470754
223783
453266
996263
245739
899225
195382
222861
304722
912310
893424
424305
991281
915852
681385
706285
913864
320799
870258
307503
574025
330767
255269
838132
302095
441638
437227
628838
620655
240704
436184
442576
393639
489303
281584
156986
65908
432171
160909
424614
344447
805962
899416
724133
59703
589185
39348
495574
706106
581471
280699
744060
488620
436578
366112
9851
590058
981761
28276
809647
178265
234837
974660
898538
732376
712485
113375
629000
624980
719116
106613
249583
831545
51145
797658
138216
113094
692643
646698
515989
632697
324151
464263
137486
706858
89952
381118
913820
627316
99905
27464
817489
198349
593586
590892
426306
719671
135812
573314
271203
34511
905331
944146
943229
406339
52903
574106
966222
670817
584295
526254
458877
584266
531035
445434
460024
311493
401339
484515
140204
97456
139866
740748
635040
801809
997321
703541
578415
821066
465513
140541
159072
200811
983889
648776
880867
457570
803351
173307
97387
259149
941183
381924
843490
380784
735550
74359
73614
243074
72425
374323
588798
300578
712703
52068
536304
315047
846607
981569
210179
121940
375880
182837
182035
678442
612955
482363
131254
928728
535695
390498
147538
353870
565601
232304
198745
880623
630293
269539
467235
309669
573917
188242
267686
546574
964709
385395
844692
906644
226745
509494
50578
823002
528916
261518
457808
755282
86086
639375
471369
929963
299776
593778
786585
277288
423551
255606
36982
494156
610259
173217
107276
200945
700107
141733
479417
773945
827135
236957
360034
376411
811898
714742
903344
945823
883842
56427
854571
896485
779140
214376
84785
701150
743137
214416
867474
634910
820751
5978
172235
287754
607661
797782
423262
477356
889192
423886
979914
808933
316547
608135
301356
158786
392134
922855
161586
16039
38277
849072
559032
550823
103051
559850
809345
700662
879012
845215
339
902774
843524
939264
314159
910573
116759
395557
455659
949208
632934
936306
270190
333848
300579
8533
16712
831435
536273
223851
756395
989302
310226
469250
588810
734174
384142
161721
101133
790582
125245
394436
222446
841842
420882
826508
941043
791610
26629
705139
639048
96250
521275
126261
697272
110166
569043
359722
947144
969019
165071
868328
549808
769361
433501
505477
932471
73484
413826
192634
64106
482210
232034
815075
982520
161175
651502
411490
30253
479667
872874
855716
698313
975253
376281
826363
687933
230946
697480
952811
70273
985814
292917
72832
743508
289018
26650
109724
84817
78838
311385
197391
548843
114494
29637
20511
188165
459112
268234
956007
584113
417118
668347
696987
360066
422831
668214
90409
373391
177088
52534
273979
16263
225375
908789
354969
953900
863096
511804
582316
726190
294240
572488
874397
931429
321679
64923
891868
149417
962283
334812
545533
882385
725759
669163
852476
366407
556938
308357
3041
281413
582772
8017
563711
245166
169883
764101
179670
597259
391692
970552
485720
313376
840014
979844
54665
477802
819416
541527
889983
454584
608034
531031
798985
595619
459160
915951
100332
81900
795627
822075
714504
935728
575810
15372
466010
765834
347471
816152
716955
294085
64380
384321
603909
298172
186755
117824
842229
322833
447389
116142
144619
971142
728466
899055
338863
304955
932527
965115
993871
272068
821654
996746
56771
588262
343535
721308
58481
432559
777468
807394
878155
99887
332939
779084
783446
773910
419012
814640
755910
616620
628514
129235
475334
549991
208703
367512
665491
555756
486343
9795
424072
56869
97039
230056
228148
211515
469822
423476
586855
946800
244457
689623
12684
304220
221501
303629
398128
684227
697813
704840
196001
671055
502892
979324
562545
436526
795820
900230
242586
513930
229413
288954
676539
904865
159961
327
961153
270914
366836
769545
867809
756771
77529
961963
817857
925345
683223
244855
950070
106964
180218
621244
395944
855374
543742
193307
213778
450481
718495
37230
503270
188778
830155
624532
208397
384142
151481
939101
660748
659215
379795
81743
461634
211163
692943
173907
974670
936657
581788
878527
359757
420448
621367
688961
117185
491966
749980
895076
812813
774466
686234
766018
198236
127711
803647
57415
821538
19326
510131
25757
123963
476279
633633
957497
611311
192491
125648
407554
382167
639680
817552
773401
392537
159354
80719
765193
378062
984819
902539
68301
184133
511287
454050
530424
919073
324670
297861
866181
424989
258182
445387
515195
229872
970893
101730
659068
369675
906472
4064
924907
764928
154371
78519
94328
839484
720246
179975
999370
958581
399168
462734
831944
869215
497122
864826
471619
643607
436890
277535
782787
775395
191482
29956
856748
178257
713509
187608
66700
460283
634662
317506
761668
781036
735853
670550
129809
802013
789415
432483
804471
906520
855545
821801
281033
138238
236312
620648
839383
5476
797128
403475
623732
486487
735278
169060
346146
149568
610900
208585
67933
875427
224890
175932
551489
52225
594003
37808
883928
600030
71331
738791
915972
786717
891378
388704
536389
995399
542957
753838
635560
356778
799642
727716
536397
238686
246326
606765
317779
677091
504558
908728
994082
756902
61302
944080
231316
661794
506760
813385
23553
12771
223036
855574
927397
480743
440768
996408
228784
919645
983989
957777
362347
267535
16231
436951
791682
388507
887334
292964
102706
760540
676421
775657
362063
432169
706799
269827
9906
91059
99809
109222
791807
496018
670919
128821
299023
729753
76151
499252
839230
82661
963652
166485
35474
203765
136960
189806
962886
327155
556178
336460
461555
757265
971055
870305
277850
216911
926968
585048
184720
590873
756464
852553
695046
215628
84377
134984
875892
645977
188266
401368
793826
785922
511342
444925
400339
675074
706363
822511
396174
75401
663054
351403
266826
563941
177984
591331
210677
438396
131687
853525
803745
540726
226636
747193
803276
155575
731844
553683
9802
647242
846253
61737
480145
891353
325319
128079
314913
658968
167980
99358
969166
856578
693613
291715
758187
510460
226699
821683
298069
257941
583759
438524
77593
791983
447750
346743
758659
976887
977373
46490
59780
163919
341332
381226
181694
20110
938018
688973
819248
265757
704358
478717
75705
193282
365317
227929
400010
577017
576420
624277
570669
583358
378051
635666
669228
802472
450292
367113
881119
951087
208632
785504
463830
867022
247093
680735
672287
679556
718997
535356
855412
392756
483517
891154
996868
596652
471656
161072
508124
839746
771360
221710
675186
911322
383897
874523
766670
435077
606122
431090
498389
160900
356392
471658
254580
152362
614305
28620
859301
92959
999474
920864
837537
37312
922886
951328
916386
295716
319595
197198
347988
174138
903314
8737
549848
161614
441635
552795
627
31338
863291
117622
373145
840857
878147
649980
277010
596807
878574
210166
119559
637252
838286
752124
708780
50087
170388
247403
969481
912143
371234
308021
871270
736069
625295
45011
179730
473981
907958
539221
145104
116348
290939
475865
936351
821651
784156
351066
39397
383177
189935
113632
618679
434455
752830
608469
364743
194316
955835
31544
707179
854929
962337
935850
799942
700615
72490
286246
657429
611340
553511
825422
211992
280541
741503
811232
421466
728853
709382
94919
44319
337492
586105
921870
872106
838587
797076
526767
145576
998163
143120
504266
790268
595085
290492
700977
472680
262116
883319
40928
839956
613023
743880
264714
263231
372658
241242
968910
452031
801732
511511
188297
138422
712844
104031
106053
224211
854228
669989
711438
112770
913056
718118
565285
549682
143912
349319
920654
235008
957440
95115
550980
958149
185176
554606
172429
67897
771488
981728
340328
562818
433732
300385
933474
793181
552917
604277
708615
118119
868807
850885
264310
976393
912279
928338
27406
129342
345861
263126
714180
108099
86975
172601
314327
691482
341214
71469
784282
673082
452425
39654
916144
76246
333047
91641
679575
117000
187667
115472
428314
799962
669368
503560
519530
159857
781083
374631
878664
538504
502205
566745
805091
655045
812886
531419
679047
714003
173848
125303
656182
714578
828416
480428
428720
339460
957171
105451
954923
374058
473348
59906
264800
485642
570881
783856
227695
298002
287354
491159
16239
928983
498575
766799
254998
309942
497717
293654
561346
248923
568773
900326
290978
571872
81792
982175
335875
992077
185315
959588
46715
118014
799971
735938
153324
703138
638150
231049
770997
754847
689182
361791
434683
723091
142370
916650
892367
705270
305898
961164
490940
405147
177223
82476
9584
935509
151164
466254
538565
171574
872477
646020
625386
559667
408387
425053
439282
602531
339754
783420
753977
269798
742375
897797
983279
232483
711368
865648
421826
122537
374858
602623
75820
835895
836529
72268
98326
395031
416584
632636
773287
976996
818805
38352
975982
23469
547448
846874
969576
801778
247168
951244
736430
955531
662570
570667
375422
87336
746583
585763
799332
769779
269544
369717
373380
27858
871385
234572
369351
339784
396919
569517
290656
258811
495551
754251
180090
295120
506645
512570
376832
659122
653085
855548
171784
847730
6330
696632
432669
329033
66657
51528
400871
955896
418713
737393
251705
1360
13649
744558
66167
64526
522909
49317
631010
804766
61775
723451
173442
383488
77486
861891
844655
25992
869590
594321
999291
303103
754155
650925
480319
288168
88059
95075
146241
908317
876784
260536
768767
871575
543598
458679
32346
829899
576591
482217
46178
214706
903672
52706
407482
542050
891224
362360
663592
829976
938813
275727
762747
510615
701842
545104
907225
244457
185977
167416
941092
917316
800257
712780
180553
19528
943492
643691
244965
456101
891744
981627
563923
395482
543376
864133
987542
389784
629478
770333
254240
942277
824935
558266
154173
570332
647299
567076
559327
421041
99375
140235
655814
836242
733345
643635
574668
640521
190823
534477
323786
609791
540837
54498
731243
359291
430121
299688
349579
128071
594861
386935
366603
620531
116776
145365
51316
685491
467473
587949
330117
211619
769201
530271
710106
130411
26403
481265
878139
869630
596587
462498
980031
918524
995569
436255
516699
994936
257497
531727
380812
955155
154495
377737
844700
39879
531860
401381
882003
824064
761808
398896
748350
225636
991827
182457
906965
863668
547228
406408
39755
768266
734180
682222
218871
196674
126744
485176
342554
658870
326578
456061
111628
642017
994483
218135
18376
399397
610943
471086
31376
108007
614740
25520
501054
697112
505640
990109
708841
397135
655967
321022
324976
436882
429670
833589
546918
851700
194095
786800
824986
451736
918793
940151
884097
625939
861723
620709
627651
247600
664956
357044
674079
155661
342962
796145
731771
580706
990982
426702
377676
862114
891136
653462
79710
505081
940805
586107
155456
49078
757193
801419
676816
954947
165618
139329
26334
429007
469515
522872
472384
736140
781601
631291
518514
53716
361726
683831
528807
495079
888767
794578
8048
377871
853844
94868
926792
617060
582932
820867
821242
573932
961851
688910
736559
947098
509761
433567
3480
463479
570391
236371
12724
190686
247873
137606
525118
896801
552267
918663
835895
967946
746921
670763
875147
978171
482991
335613
431331
457975
961897
674067
266694
869561
845720
758396
643628
31362
630474
948629
656289
776561
512852
558971
694866
93642
548591
164570
53048
923929
199213
808356
101918
463023
803734
487966
839376
962571
332451
216596
845922
193877
948182
536685
623194
739971
953972
964441
287035
79198
378592
665062
883631
632991
63446
400818
776656
867699
68288
223675
431827
640798
978168
796434
575057
708667
648091
541614
353203
341986
337350
782493
644858
968930
480048
882966
968233
392813
555940
126185
736719
232211
273817
660631
281781
520679
229104
700030
362144
522174
598025
396333
543171
186133
996929
826838
179396
775698
116620
452193
688169
159971
131372
266205
236319
267139
689676
506001
998375
466459
557371
742065
46493
236677
528072
326124
940198
510507
214006
591330
386934
198286
963804
991603
278716
102115
403228
913395
388778
587735
685949
602681
149668
490036
755048
106071
496260
396764
923708
229283
547144
528305
46350
847604
539609
721751
49344
329065
612344
39185
121980
863907
361543
60872
361806
583506
942514
316138
529756
950317
585016
533551
134594
31291
93658
792311
398734
763471
865822
355600
505045
476305
984000
942739
182000
115958
835126
424813
971607
34449
363103
595323
15447
901251
98247
958223
527795
679182
627545
43024
573013
825672
511458
479230
863471
332011
480190
946258
183731
56841
335841
237187
487147
250717
909188
341157
971573
517884
36777
295084
263327
157034
467341
665039
883419
681288
130538
624584
868063
799339
569702
963959
358492
194121
792667
176678
806168
428685
483588
577320
847274
394186
511232
566938
437010
7243
598854
847179
553842
544584
629926
511672
280301
321590
908984
293360
966043
807542
632419
36310
653478
287661
861323
293189
188740
68979
451352
679502
383377
971364
450144
706780
982023
38357
595184
179193
504989
416801
393212
452969
887226
767969
861152
994356
913429
920121
327442
839746
439147
182351
997607
277982
495195
787223
109502
539677
614241
171658
876941
900504
923181
991733
716230
81108
244831
140014
355109
991491
327074
604129
769561
699811
297058
702152
538508
214341
164459
360697
113617
185896
422624
162073
533033
143940
465236
256558
682866
320034
450696
969619
53037
692904
314818
762564
322986
759091
54598
803353
492050
417885
763059
730576
842001
313566
107453
100483
765342
595854
865731
96888
757032
333896
446925
805271
197791
766123
80483
38262
674204
735610
137356
438992
73005
844259
710050
399893
624129
58333
259406
664795
671724
32298
918118
467634
644120
987772
452448
651925
513033
86900
795185
81531
989707
940293
177990
184653
489082
362871
669918
721971
549678
735432
341762
261000
881729
404781
458018
54764
757630
210486
325454
242807
795495
485391
614733
430090
674851
278242
818910
982146
192706
484378
935368
968390
148463
658755
600288
242944
922673
595789
415959
968681
481181
821295
454589
481404
370908
666729
153110
142028
945109
212321
44311
317041
965686
638767
598974
467230
809060
325172
768715
21262
516797
797541
611358
738141
883014
385958
523694
228851
45878
47569
131875
384155
397982
477077
814545
218226
314995
125371
367250
798970
818618
65412
631167
242126
174478
887279
66315
880944
602129
686743
196476
872510
490413
914872
321734
72260
435334
963218
417669
193322
692222
791526
647894
804622
754212
972893
757971
316141
915386
25608
880746
544506
477025
178946
439514
192657
334307
829490
634377
50949
763037
869421
995460
367701
12679
858360
448467
216638
911969
199595
700088
490
154172
598448
64196
893190
852131
24299
947543
532785
316068
955572
859186
331728
471678
128447
517754
310142
835624
577181
53452
437857
537788
682331
226359
123608
705983
661320
979994
494992
94925
285333
771611
13366
113893
686100
481793
370566
77455
728227
591087
769858
825638
444130
750910
990335
783302
577631
814966
813849
446162
249491
782184
542407
392162
92102
530730
997705
871560
127949
989296
861054
147390
657588
602819
647058
557485
687798
312865
687316
657756
386665
808690
639909
332787
605367
843106
709580
917483
523462
261279
595367
515541
884089
366449
177148
572099
483536
145392
750510
607575
438443
249063
616907
537894
642028
903364
727554
930888
65529
323704
814066
653054
574369
504369
757789
787905
466838
924017
41915
187619
286104
399307
613547
677988
369459
232442
759685
799892
2526
775966
270794
635295
283013
249044
588349
212154
161185
491056
652619
697513
291202
806170
989605
182058
94318
320642
335086
132865
534116
603777
234576
181857
338425
471950
354921
474868
761508
701209
434723
44231
592213
940551
40098
156949
357823
448587
629910
466991
571511
726621
874608
653893
54196
227034
103281
298835
758966
97656
401117
231530
333444
806756
630927
639513
716878
512186
708966
671545
268464
933728
603229
393362
274903
139840
94713
617901
677246
251488
390683
751799
665298
17567
669045
810575
73524
646094
420825
72429
444764
996968
425005
575470
994459
340784
497851
289472
919097
921958
679909
199718
456572
679205
345781
387624
676298
562780
161555
820635
607782
830502
540624
492232
899414
583945
774174
318460
550757
841096
42594
931372
37893
933669
15266
147010
392780
768695
824793
967240
350175
53027
193258
892208
705836
339450
867505
553213
115601
684079
938676
975762
940314
190515
741304
841429
527271
613359
734512
25792
711212
685085
770641
14916
653267
451140
53185
221017
881724
193230
130605
177639
739300
276935
189817
39434
435619
352820
124627
362630
552399
750094
451553
752007
167679
434202
979032
616979
604778
325030
664430
244110
953197
99746
28327
952681
228395
224280
903692
873065
453070
409673
692987
517903
170476
24230
232663
411305
31238
476007
603423
945397
583082
771020
103068
66989
62200
946222
322292
583668
579393
808641
297501
334171
85515
941033
803243
167376
906865
456309
543689
295523
101415
553596
687622
481014
920092
796435
48775
329729
925944
836328
280795
643712
359428
852414
733868
458745
196905
714501
878032
791149
877073
288597
226943
729755
238442
846343
191711
926059
247625
551216
218812
369086
552171
501883
462483
152143
72086
278114
485517
141126
63774
365513
704521
900121
360515
33015
474514
714399
381176
471921
204976
871859
301246
326581
177114
297793
281199
981264
352137
594352
289303
647068
115751
558572
676797
834266
591014
768975
423615
258151
401774
706859
517787
553054
255150
408374
283018
10955
993556
112275
523718
654983
23895
524665
560493
155189
367985
972866
461950
845975
576299
606482
407616
359566
981264
613218
435201
482732
60483
658792
553852
749239
490285
391781
776596
482941
494862
596298
235773
278159
602805
823048
860922
535707
319499
729843
215808
178794
877961
342482
37946
981234
834889
540165
544166
837401
822138
9491
276444
523207
239214
72144
281391
883878
583694
423527
898860
255353
828781
535370
987327
208534
823929
989747
776054
719553
608462
698837
599965
605479
132388
990372
611847
635892
441001
5438
679278
805841
68202
682036
648370
655101
44394
425977
252093
492231
859093
397094
336072
789861
573390
18792
615862
619765
648741
450439
271262
849293
860708
718867
607398
566336
325000
274221
556298
883056
606093
572911
257980
46027
136419
562553
612710
208676
790652
861593
497291
38254
428167
19350
394379
366423
500919
549913
564933
674431
391612
139769
128535
158547
423315
19746
259969
13002
644921
861409
399399
763196
179323
97742
278261
91418
654249
406805
823837
454734
853672
212067
475259
623216
440295
613291
626330
515169
143658
531858
781456
222024
686530
649533
756164
133159
564957
150004
339472
102553
822137
215539
109121
777770
213940
566669
397883
909011
84096
913214
260154
925776
400114
349899
599411
929248
603961
796824
763545
807513
672363
531014
194107
192869
141691
919046
175114
702109
153799
924287
730617
327936
798670
808280
240509
442511
396927
177250
638068
85129
876204
613221
868194
457726
514334
493190
445974
164882
672066
437649
513899
446993
600000
512809
143146
204009
491564
699017
756301
921800
825109
716534
314398
70355
594299
863747
203838
223935
527711
169088
203842
126800
538994
504193
795832
857580
358703
695814
252167
48731
214724
782668
514100
146974
797931
249455
863233
798761
20952
498042
934256
673534
896779
938893
604645
478950
3653
246442
853417
502799
56343
305500
770443
816765
434069
650308
152673
742574
181674
459649
610220
697039
68549
314427
81369
389844
115441
699980
303204
479992
519235
851660
867927
887057
192812
899128
418608
837838
553263
299966
386657
404433
187116
9064
500849
553251
710682
231650
810496
456216
39315
530794
33639
65728
975305
461971
604158
71175
729942
496821
384375
762602
408498
655796
496103
842710
647422
261996
774373
64223
453501
607286
80139
754137
878114
343834
496666
874199
161091
306577
345338
737598
553901
203381
170270
910788
347986
228039
215622
329163
518750
600924
922846
568788
434535
757350
990916
417889
300739
372763
338663
857388
516147
440132
564874
252285
53372
906148
882024
351788
117270
989571
339762
402163
745726
454550
403956
623279
357094
448652
302357
857139
710605
801783
663293
609801
564457
511061
187729
863046
107839
831867
650522
946057
328469
646301
127875
323536
129216
758332
705
187766
301207
146156
375821
357517
640328
423489
553933
131732
529864
452694
34257
499477
591462
516793
140280
175902
414457
338806
380403
685529
590328
219135
764577
437579
262120
487733
749146
283877
367664
270997
664519
375306
814664
248578
584430
16222
981648
336106
60940
842695
702397
59544
762331
617988
973678
17302
102003
331046
884189
542589
576589
899438
850288
749019
284642
265477
738543
524031
648626
116370
347793
361059
416800
201916
820911
101367
591098
592700
433178
322822
722007
1501
484744
852807
182937
905235
170409
274114
245203
130229
870360
636317
118404
481433
943149
9987
365952
836939
427311
290160
19503
499305
944038
187419
912559
580510
660239
309439
697941
895225
557993
2120
330193
509417
78893
628567
624687
419287
347866
876850
610618
110752
572462
578443
312187
192558
965744
53163
911519
713266
602858
307003
271478
475776
357045
856815
509976
786950
461228
550671
880290
838506
999363
88036
961118
808192
191472
472571
650817
581733
735623
991000
191501
322491
8547
876219
907287
24257
732224
277704
835235
875789
917798
984213
493099
473769
618752
5589
651518
698696
283915
623707
150405
582179
989290
763406
680802
737333
586774
338984
300593
848079
763826
356138
202672
828312
90428
139872
969467
43109
452576
887436
198960
286385
432743
339570
907697
902265
215436
809855
103559
734263
242351
300247
604964
291768
345059
77050
867585
909724
996130
963730
711590
374122
738336
518043
595336
416461
294460
24751
766860
506927
162515
889517
89322
288177
997295
61573
64748
516100
635933
67811
51030
261095
93660
887158
290592
41917
957233
975900
857247
929162
504088
893868
831938
903754
599381
356703
297847
528366
604328
590683
17837
634292
574238
533534
597429
915297
920260
3012
508482
938590
554167
514228
985167
508013
355543
240237
465759
989254
216602
524585
365728
806098
741884
916971
480745
5571
963412
946346
55074
882062
336834
631066
569667
227206
580421
776275
989237
42838
441961
337888
665556
501979
936861
272487
446294
658652
955683
422384
837
974951
965280
210899
169640
731657
302995
992066
465792
243497
797538
325809
575470
696577
788752
771998
471794
659770
506123
317760
913422
896804
12130
829200
209992
147535
236500
636910
526991
351368
344196
682610
723573
495027
288648
438736
531675
369986
704352
129639
180202
532687
148227
404710
793085
128284
446549
155611
512604
392932
72438
499418
414372
986013
402612
178310
228930
708877
156640
378175
812062
876486
523518
210280
935444
100352
478614
557843
400157
639697
635047
289548
707340
396747
600699
845375
986357
439026
853654
893446
667176
502424
467784
387987
335515
746839
658338
1527
767525
222251
371653
862668
980775
780010
286614
759237
291653
680736
706893
597392
837138
529995
397869
195301
855626
639152
178671
815608
729048
426134
38611
394040
863594
483782
721569
658583
322470
785008
822870
174678
70971
269767
309387
976718
230086
660046
949054
982829
178729
902323
634492
318750
824131
507509
133543
185223
203409
894143
346537
897196
499809
187545
909750
39153
604142
177012
910583
716860
891485
242339
243096
409657
287635
330409
795375
192759
593713
718893
919815
698607
122093
952650
219337
649637
406606
899843
866118
997352
963779
951508
347620
263667
232545
354083
286626
376310
860920
307925
97097
246254
130960
886589
255729
633200
625093
361328
849645
321734
972412
442996
762132
278448
102337
914135
49773
298700
444991
526811
749366
446288
286491
67599
956753
844211
247661
191737
153740
803819
804635
109423
589195
408466
843348
38788
26772
145058
687078
984480
861047
222239
497213
43177
235288
922324
170041
225501
153434
283509
188202
882498
64106
417763
554219
831604
612965
798415
743384
469021
250151
906550
419565
447044
968177
619274
70716
518588
854134
704113
991114
916284
590978
835686
739207
394191
678856
859710
110825
249826
253894
639557
155748
914811
716375
46407
813896
329481
119701
870314
435382
534550
520168
863544
551168
243416
54448
316219
568989
352871
237899
744001
542021
463946
950979
798335
820911
257770
474071
127506
572709
17000
807908
791008
427072
64586
952624
646749
936838
143312
709780
242922
441052
441125
533763
802775
774121
843377
964475
662217
56970
900939
999494
905911
206891
914252
885165
490126
348872
743231
437050
388021
655873
196020
128553
440875
256467
912308
962027
668812
582073
146766
471638
151410
830174
341840
324204
714039
462845
126994
673605
959641
923479
268908
126172
885111
313232
622087
550260
229432
563431
525457
794469
757771
353808
718794
114055
140680
337136
115771
591353
583605
894004
707655
976783
225701
387535
350938
515542
498300
649742
530558
506436
196557
774681
9868
435457
692772
368712
860607
567756
35423
505951
882212
254604
192695
907816
215534
676980
150620
456235
20774
430609
825919
650445
301055
850291
977257
878403
676679
128949
738696
249457
331834
714795
754379
308707
564209
226536
845986
618534
534647
639081
536360
690628
743548
13666
465949
78299
36259
746402
913804
733657
850166
913125
117963
177687
594937
509814
47969
787598
218972
417279
673410
874618
425034
81391
214965
612233
214622
169862
711446
175360
106741
651136
732920
924587
854878
922907
636706
296703
181998
421383
115322
186382
245809
335466
883008
134181
233786
913037
119601
979653
471708
509286
759372
115709
261937
382146
812784
300704
650455
85583
391780
503208
288251
628483
652721
18087
337677
9261
46122
603430
240339
246486
126476
523740
807130
506259
39872
126668
872710
989994
36285
669052
308107
663839
954186
896077
217332
554074
568289
982396
432289
541942
896367
924852
622990
306728
278136
257485
683981
803914
935128
277093
681622
671299
33828
170137
47989
634965
887407
96801
713313
371267
652969
442374
234285
588509
137953
840128
349528
205481
517291
115184
745727
375216
240348
64950
672433
454434
299890
735600
991907
344551
40337
504464
839354
533891
667880
35033
284742
914980
886194
121974
290063
579019
282457
204983
329607
662485
736948
651240
905310
217253
72497
350672
990005
964208
180942
767619
158826
299877
274753
412132
922386
665399
262712
192699
87749
793672
151163
510383
360850
928435
948461
535712
438291
866742
515569
16099
753372
994939
3560
470171
670925
333633
579161
460336
655815
909932
176298
400687
226235
739045
445515
31486
347870
830127
379762
83898
703481
771848
962304
698991
80668
647224
690627
880499
767410
521849
607189
266655
36400
453122
14433
857643
812776
262322
904773
428901
488890
600662
269075
863310
659497
197527
63154
286993
853067
936195
830498
750305
539034
706678
970461
968430
734505
288420
743128
598403
511984
398726
71913
39871
128264
140383
161346
659310
818866
764074
837339
711491
40913
502306
807022
555124
672056
208237
436700
391602
411294
374630
413101
88068
831214
169158
51125
88703
816507
216878
957457
750372
822609
751123
590865
520278
654566
680390
621936
76662
544432
186207
386878
461789
440784
948613
506526
506613
684396
93981
321771
313204
814746
283277
767926
560822
304887
407980
705003
277239
579096
833032
637778
826154
820184
523922
480945
298040
86481
16682
610574
554904
809254
730883
509969
54791
69564
205747
353160
693029
704072
529370
134917
932780
411203
418988
158754
458189
830139
554908
611109
860328
518595
409766
218814
197352
802571
264377
893485
590906
251146
51136
223552
360424
680919
422028
188474
64214
423063
324128
525072
25879
147281
76760
88397
448941
529246
641526
941269
485851
21820
210378
764678
260137
246465
849086
1018
530292
632876
41787
386025
361455
819735
215996
64428
7930
728009
807021
865884
469085
910824
460863
277273
724193
262027
568843
438182
541771
111789
463584
42354
788790
392510
922219
196466
630860
4308
67714
266601
874720
632960
502989
896457
31851
940155
499281
816499
958946
959230
520538
885019
896752
424496
538501
790279
69013
960122
628775
783222
462938
267063
16286
512157
855152
284359
495538
466188
336805
819203
138982
518256
359490
338442
419937
188401
283203
592698
854708
340732
555507
314235
1416
668891
513316
613685
596389
685311
832008
930657
906145
543328
336048
864381
178915
54267
787870
485145
777491
515322
79624
851855
129056
484274
851500
726224
438509
313414
714058
894104
934169
8232
708867
742275
555305
386560
597644
192826
223636
536549
342031
449734
934123
873864
219742
465605
222244
112304
71380
623225
724162
195935
351114
999549
271202
344468
385139
270804
672227
413610
34453
771738
950003
139934
954212
414300
54003
9326
599293
824707
651974
246172
840252
537067
833275
759057
609978
595730
870804
614495
575270
181291
942323
28063
535167
44754
638176
755193
940523
956763
660729
606530
537335
422659
663607
197184
645932
457480
45976
204744
847306
485972
315759
89416
571364
841556
473028
91169
123287
54824
558633
111148
602088
870771
447898
411102
884345
672977
799824
29766
24936
669096
107746
661363
589189
240920
85592
79538
518893
823180
438158
653684
37255
507378
169986
433103
934427
841031
159674
510043
70154
183563
136660
537405
786542
10580
611884
351168
498447
552639
527843
568927
184830
957953
369362
339167
45202
660571
334988
657113
972028
259116
137992
205205
525769
546976
991795
477010
533301
385414
585809
999587
725734
300928
191820
499699
326284
397332
61339
126121
341202
571615
773200
28454
706561
795688
950718
393643
69170
656210
46468
312024
201582
414956
234043
36240
566820
819811
825528
603320
770373
808791
953470
924509
523392
252106
203331
122101
194901
598133
931357
630077
808024
881077
919625
769538
345797
675618
556760
850364
910650
904512
165559
426964
958549
823183
685913
583687
904554
97021
25731
461474
790817
581116
842355
856685
461931
488301
572334
449060
235551
702139
39397
41120
4853
546949
629891
399125
631197
88627
798614
462900
537789
54250
161047
784753
770246
307738
970968
383199
144369
608628
894665
981239
2844
561529
637286
129207
337531
642286
841537
342631
73276
658220
861543
717558
454139
877844
615346
756547
294879
988639
290475
832953
292815
108243
592665
235154
237013
202513
273066
360252
193101
650315
917757
88472
432137
111444
831562
408991
352901
988688
690095
968799
71489
875146
496536
835620
832065
458724
449161
408370
244445
86889
532939
256429
952261
430143
226801
567003
243989
285048
726213
929794
732177
93895
626260
545324
652285
423695
856851
415305
871260
563543
831085
778291
9027
506010
882666
837452
583832
410108
172029
589507
661804
586006
186858
266230
613619
895858
343954
33138
378844
781714
520348
613589
956113
667179
476098
845972
65741
227823
272629
107801
129300
135880
586094
658245
317716
511520
584211
587859
250070
771229
170497
652572
159905
291946
35516
933687
666603
604401
692337
949816
650109
539045
225571
302617
794914
523067
1082
720439
277131
162360
933093
987763
193090
322213
780647
963897
556873
309408
183557
923101
958735
43341
651531
963489
968142
714793
919094
252243
590852
831487
182273
661523
444171
586675
847695
233395
852759
159803
302449
373815
784396
6894
611733
65083
676730
553076
447564
655732
997366
366237
406390
228558
791638
602255
36876
338037
371912
900247
292042
312496
191055
960800
161335
449447
299227
29953
716690
27589
863301
663152
878171
555576
729572
679252
505275
291285
318414
149753
269393
578265
795439
244509
172697
55627
767423
976679
371899
441021
533667
380791
916270
173937
272994
690712
848519
288983
368834
817810
41058
929204
344895
652573
984811
76895
103
961647
809738
560166
835605
834806
377833
131725
923271
43106
93411
283830
117406
675673
105162
111900
19059
824846
399253
913593
338769
669612
447268
165384
800530
356652
262386
105061
321497
196486
463062
125328
487913
573699
594102
436112
604896
771057
892232
601716
689300
5617
278406
642293
792329
365546
13294
267511
868107
805600
129587
338670
944942
988447
32003
140317
189600
934097
722998
175546
694440
915183
390160
445742
51837
523476
713395
737464
620997
583405
684260
947185
335401
874829
975672
38058
294673
530461
914842
698545
306049
235121
443004
6899
825167
618229
851864
41979
529664
406982
421218
325017
679871
438365
679628
416733
670521
609190
117493
429314
764056
425455
659631
213673
452761
833340
267115
498490
29324
64247
562116
894063
384744
918148
87716
845484
224776
992179
22423
291654
205702
993551
243242
28004
380722
730195
213567
927875
331376
944188
650288
338643
346091
381818
455326
470271
343802
870208
464725
51338
176013
247802
740253
374228
943635
352926
181856
495997
705516
859868
314483
992
967558
551919
249923
518592
587862
540053
896477
119745
659061
469083
695513
244301
31189
660498
850084
691991
202782
184670
432553
767932
47401
239468
158748
920261
919512
553603
724963
937737
842128
508020
3808
140336
494932
479084
374751
744786
905087
433384
849177
539261
181917
519879
443747
723926
969383
473787
41334
911126
307866
401433
870683
580534
419891
950993
517491
410726
426761
185079
216032
157174
68934
867775
563220
428696
877443
357832
242164
164156
881280
882831
622376
641435
337917
448644
842562
826640
853367
160185
119048
601440
450114
470199
426912
360922
866431
338347
816215
456922
768187
654014
792909
193959
25829
570370
866561
909244
751593
380808
397045
926372
401005
357710
746558
510206
216679
202069
331370
731616
58073
576593
922381
462168
988394
795002
639594
805838
62050
725312
354811
775429
183618
94043
961886
265728
315902
176704
587868
82945
352792
202351
105494
929709
435098
539177
458126
670987
459248
534336
612239
421739
899296
280582
576890
885795
43110
564135
839023
34613
124080
411091
526100
777996
496370
758099
463109
622309
344231
584253
824984
407563
609830
181955
599499
362554
213213
115493
572557
573221
442988
628807
238117
55699
393440
368477
963587
825636
283146
342594
879970
510002
859707
376104
833171
79263
272234
46327
158586
208564
927998
820266
256701
317925
728454
409225
988081
272711
23109
919342
1137
591535
354030
433249
806142
489133
619864
221403
347200
466090
283343
800055
605803
629978
337220
686324
941501
653085
427364
447849
76899
514552
240454
905734
244219
739754
330173
106498
430261
282350
365965
825830
834387
937165
477627
920310
847183
61596
912381
959479
612059
571673
150161
309282
112131
539358
672234
197539
369903
371904
119940
441358
20676
693831
703833
512607
8683
317769
104044
652268
268457
807717
878722
293673
736877
873625
449072
110552
389737
764417
295760
692171
996440
524973
57421
205399
805725
823517
955422
465239
765004
355291
26768
861018
577730
501365
883323
437994
912238
847190
448918
155258
649715
916865
806567
707819
482918
677737
173075
947835
284466
480559
434259
663754
642331
676344
857927
104074
23327
464554
747876
372931
872824
409284
879690
731137
254783
793624
846833
692315
617770
694885
283265
169184
578806
694997
172352
172703
956832
606991
417253
886739
705229
925114
708364
444905
241417
322064
247683
160304
685612
586202
482561
552988
573913
226957
376310
47991
985184
420609
651390
669285
162243
577034
452463
81042
340438
501237
165969
446394
240831
864033
79597
655380
949213
651063
70398
657244
604357
498055
714949
39228
455016
76480
636856
836630
459408
810444
788698
471984
9737
751558
101542
184061
908316
735513
556965
874436
115575
748918
470111
469231
696488
686193
606574
603250
252168
206777
206573
313046
528309
748914
559056
910881
795063
408561
934414
685668
951492
307155
724472
253729
159902
510714
103341
513814
377690
803877
597222
951275
50045
460651
937197
6771
363391
138388
434539
382818
171249
860052
354846
54092
515194
686373
171753
628950
581821
787200
481669
995003
866646
551095
520470
619517
743044
599602
610456
855526
93537
523012
490424
492025
778891
150697
457407
338170
253287
612830
901929
150743
179196
794013
494612
456626
239162
686580
35476
64268
780382
460673
286499
138511
359789
665548
756086
227191
280989
811137
198570
40927
239251
179080
854941
259876
755847
711043
210586
640632
412357
97507
250156
619205
629900
869544
159507
562491
250329
598835
565909
491512
509950
809225
227883
124051
56491
240038
530012
277637
138062
530235
330024
413941
326295
825735
764698
8863
489492
10317
174656
870240
460732
602423
127991
757664
968007
23111
556640
600284
107578
273014
344431
712399
821121
82667
54882
89980
984308
568665
758542
82203
780412
260853
599572
834461
743759
228627
156787
237790
682646
947356
83320
306151
383792
772846
570192
566748
924368
198416
988798
96200
714946
131152
489191
715715
730955
143420
156746
459838
77741
528121
753614
769387
761289
721283
284852
393675
735263
241345
856172
162581
245745
348420
960387
205632
768007
274780
159481
247854
857419
135447
870513
723957
923540
394199
383361
975754
2944
15311
362345
824076
645818
935322
855137
578283
435739
700471
845259
772083
741228
707429
573768
452665
729802
253655
717863
991648
321250
851093
531959
444872
531356
602159
177917
478996
533269
967390
862145
32855
831940
183096
739651
94427
347902
159183
244939
160461
786772
31656
692830
694600
299290
342867
652428
702140
116995
498156
363366
100347
288616
117164
65870
652704
203751
705580
8807
108124
560104
46200
920491
385310
12347
148684
195610
319902
517661
597550
462160
435911
530010
777959
976944
191871
146572
308191
269948
246740
998145
714964
107783
393796
701754
994487
946497
377769
502800
194595
962033
314367
641522
701050
363202
892308
207497
90910
43380
259083
740540
22729
551219
104588
944271
51658
59269
827851
43622
48477
357276
552052
140520
730789
343883
232624
72767
400136
479830
47063
679419
522023
176162
282674
518166
764345
426699
553643
185938
43651
147924
195796
99519
628662
264057
712016
268057
594468
518881
831714
185741
888352
941039
594704
24284
736498
779896
15795
758105
737716
618831
956638
165324
87693
801915
980841
71929
761671
343178
957081
60794
464910
777343
445677
674377
593863
640230
625223
952794
958794
462089
646965
270565
476670
299387
298460
573057
915728
476753
478400
414188
349840
902001
34034
440551
953384
486722
748567
760382
112633
909123
913168
45094
906003
65271
73419
291006
829649
961406
340710
31032
900943
231616
319483
414673
509442
865164
16636
397330
301914
5644
606685
33710
55487
254600
723312
255116
293050
661744
352906
310435
996217
274054
275576
71719
826178
948066
975172
146024
83717
637343
210582
408008
420490
949926
948470
672343
709961
193301
947823
502413
410776
24971
413391
838371
425727
322707
34700
472846
276007
733930
899649
371097
66609
678126
54357
915165
916324
329126
656316
733664
857086
930472
665367
518472
899755
854251
707255
848058
853715
838569
380607
544148
857230
577904
827943
506819
690099
810630
53021
462913
814862
245879
67590
941294
48815
642173
224482
770762
784095
339786
92173
449101
628078
569076
519521
129315
987368
370365
651513
622023
724134
382206
616913
275003
748160
388272
993609
781537
300000
889367
793928
282490
185586
657548
774845
897848
348791
677477
414273
358401
278585
101763
592472
965059
509593
883191
511831
727662
827140
856529
16095
954899
761796
308615
114695
886743
428978
142847
368728
158675
783690
320889
112881
907596
18135
968284
479499
318410
639885
73564
899223
407511
98485
110084
316292
756693
701379
592613
484253
43516
261699
786843
788622
721776
835058
552376
615558
206907
794857
752016
689528
152812
781556
460577
33405
128651
184065
626780
479252
394743
337012
705876
528905
701342
917463
818562
499315
920281
28335
482227
854550
45282
399146
38479
102313
366131
271476
292934
208307
899004
51240
339224
348239
428607
843044
782721
995790
823244
830517
85440
832891
135444
267953
740035
460729
610349
280676
465201
254729
246049
660450
954963
11112
601651
804540
923168
219669
599663
251597
516771
848240
924589
698164
243147
19518
573858
21404
736335
702665
569954
844534
675580
678117
109366
94280
98396
605901
111189
14239
559236
173227
836035
887008
851387
724598
257347
319677
730562
103542
144570
561667
343621
197923
525410
865743
68764
251243
92263
328225
574974
564883
443170
234824
323267
236597
429423
962109
855891
45735
843885
503948
738928
692860
263505
654189
81502
449060
675239
925937
532203
775279
874535
610584
87454
825582
787568
455231
529152
918074
37603
756854
196737
776974
698015
172784
455177
313487
842516
771668
176157
898541
138246
519664
676521
620833
342816
124237
170352
607190
421234
366237
144525
874724
161673
452945
630564
855799
921962
565831
172651
443150
63850
845473
794767
313056
283437
885553
261444
771609
896313
872912
817196
189569
980342
876238
353955
941502
473540
63427
1381
797744
670265
260996
738012
647546
105846
461873
401610
494177
126757
792492
868048
398924
855057
292708
132377
199467
565537
175631
762982
179957
408370
700086
791798
916809
530000
91050
483857
809014
660433
251604
957233
19798
804111
950506
572686
945109
322752
7934
379333
971599
486260
227696
240548
72343
134698
47492
79636
158805
911758
276174
39587
469575
397651
348682
244654
341864
127401
878088
137767
375213
911451
73348
807369
721068
577480
380372
445141
69912
810620
820538
536711
748007
582635
399641
898458
245652
538441
517
676469
530688
99785
881907
975089
985780
867440
254863
386119
58433
719892
769453
683163
220424
442422
777879
25823
961174
528761
615237
810981
84519
244863
871786
278086
299276
693087
430763
61608
425191
484612
600874
202478
596626
972837
32065
483394
325727
17948
170123
28216
933050
876006
409884
378655
554091
841526
436944
306729
366264
442678
591809
487988
515111
318619
910098
62004
98209
85411
67240
464127
383922
38894
623353
28021
599853
436022
136252
349706
539629
277613
205696
791730
78134
252402
76825
212584
279929
811503
440628
477274
682230
704785
303948
649140
453116
223845
548981
173639
145932
448076
445206
175318
570204
129562
344564
119165
267383
699089
819625
68991
502849
862197
852083
13674
828121
484492
873512
948841
20247
67892
756552
706534
151988
93408
808811
265561
149577
916657
456537
977266
279152
418669
211576
694879
412039
887774
386080
742138
477971
441993
427339
201491
651648
119882
872104
129621
329670
693513
16782
932439
717352
782299
308749
497281
458647
947063
116001
35545
458547
654034
67392
154793
962417
214170
545106
547983
389463
207564
450049
370721
883236
645107
930086
307258
20622
822398
234466
305446
4131
835516
59534
618662
128721
567222
505482
555424
976385
867433
61298
116326
740509
896542
107951
457057
307187
490408
237737
507545
584177
110778
172762
276772
289168
342242
907134
881386
62030
307558
84391
707472
591379
215865
913580
763849
284789
653082
403073
958773
103575
216074
867170
309236
647532
769832
931498
539276
223065
74410
905088
898099
997305
684538
936112
840057
441722
38315
414104
900948
250468
149590
976761
793098
745786
296597
970669
921525
102137
541403
51384
138038
550781
663023
687862
694777
368451
572035
84852
80352
246793
122165
740891
10510
729938
241889
346055
992147
991046
566177
477303
790895
18485
968290
760796
337925
82748
185636
572948
116509
763072
235725
508016
608086
449368
45483
37489
622950
304839
290885
528274
247951
823526
600220
269759
631009
578977
382019
21795
928678
957912
189848
472799
1645
895781
445854
858070
65142
711933
632
934437
275319
701551
243012
452400
191305
480394
311122
555544
153522
592540
584960
308936
283919
43860
94580
741999
197406
430345
430260
633736
439334
411475
499749
582996
103747
561111
515230
28522
364242
417313
685736
993700
285493
2666
374804
17659
860419
85752
673337
139053
884239
603045
421833
436698
468179
669623
623311
526767
389754
518446
424840
350265
506183
2077
587035
719707
10597
163184
43573
78875
259147
225804
480965
684822
491083
924820
867921
222356
40696
372551
432884
961206
712626
904902
49524
246156
784720
615411
612932
114563
93480
130166
97875
788027
68797
803481
140750
459319
5638
292627
334393
26350
269463
8226
197349
237694
588143
188305
435727
554624
662429
197849
11477
372982
18447
492388
722966
993697
318904
784300
460260
118064
731549
978882
592424
632658
894205
559211
660563
928108
577499
933
673853
302887
266409
665095
144668
733088
668946
935622
57185
836035
574692
44756
70002
691250
165273
154082
182016
908126
454977
810247
708998
464057
805581
153849
468125
115842
842554
623863
657725
765055
125015
405065
81300
349257
509301
213919
897660
817857
19051
556311
180125
492577
193027
497114
485855
771757
586245
10598
400841
861831
804893
703718
877179
903842
453163
772284
893828
646479
590440
373921
487969
518451
241264
142820
620307
184282
258480
10382
165788
158564
546732
601767
596885
268893
122861
505553
251375
83051
123526
257617
703300
273504
388290
305902
899353
910959
279532
43314
932595
945340
200891
797197
688978
54604
63703
708185
528398
527452
215948
903737
148621
957133
677834
499162
414047
865980
369686
252123
329526
81648
821137
496329
437125
369773
125539
293315
572467
799269
558276
198141
242620
621262
379943
584479
884389
498447
621571
924877
194714
216788
699071
944322
249509
786688
72313
35221
145485
342274
655795
839006
430665
924609
233114
334578
693983
743793
483828
860169
812702
712007
673702
799361
739700
930697
867296
334396
708717
637182
183974
430692
185289
310917
452667
541646
987448
587522
616876
475580
670580
667123
291062
59453
164795
163233
988821
608111
555624
821809
952682
467493
850605
896602
193863
752995
773743
913393
964507
776838
364222
823135
801461
652865
534512
420981
579702
207297
201817
721622
494040
3058
126440
874130
503125
476443
245729
676052
840885
741733
287794
659377
803319
884473
655413
268704
407259
477638
652353
195081
524298
724066
616941
855990
168419
957768
437026
792166
594019
846528
422620
416256
109040
373276
534461
948645
550530
67230
456270
648350
166511
828663
674707
580149
513937
165738
879433
360095
555605
63759
743870
198998
234019
393204
457357
462341
260709
709854
918389
605
140727
889389
17238
233413
223977
209309
328199
798766
680819
790057
730710
176516
304246
849802
719517
46208
478827
986269
547965
457690
661098
171874
960186
475356
491033
423712
232947
140178
712367
955879
324412
14366
773220
166765
117146
764776
171831
193562
615578
895090
387931
553247
932942
49737
376831
676609
99813
599895
30585
846836
687526
740886
918926
920866
688201
472351
121312
978827
896306
51616
582005
116486
272906
804396
463264
560549
190332
65133
604750
349622
440521
641140
932782
171878
333641
123825
949502
952257
309247
422718
197103
284244
765015
962837
749684
933428
297278
974179
591852
927511
241502
509492
825578
754015
940469
835917
135005
431415
459089
696856
544225
123222
680810
732666
777633
824929
750364
225217
625318
501677
717695
351289
640833
755874
548837
228190
835281
502459
415471
366123
197106
946857
772364
250577
60738
896727
746255
658819
932049
304393
479852
61870
612709
200350
461712
378438
316326
852852
870362
941436
155820
201642
735801
222923
914596
692544
780963
347442
912857
881883
912558
664764
59365
999334
977231
982523
201075
792082
534318
247699
475759
233917
986658
762930
567117
26352
271246
960861
322099
88323
203607
680102
743428
503643
447105
31098
30474
127572
303653
156950
3135
600313
37393
891610
750328
17904
882812
102966
185711
896307
505764
120769
954731
106553
27462
285096
399310
29491
976761
74435
920187
141874
800296
130755
22690
260197
279146
959624
632681
526848
349952
62735
913144
448185
811114
564681
693921
64108
949094
757766
324075
743967
616774
528528
656442
41439
233261
804629
869276
225353
641253
4028
81778
606245
598560
256856
684217
622188
174858
710330
614324
227818
485063
451808
107960
102206
189134
147980
124883
661311
145249
620464
990746
439353
955368
584837
264654
662997
929129
285371
572586
780438
240999
548299
806284
666560
405844
363560
777469
625171
868339
258515
789087
981365
678799
360014
987634
743405
733713
684328
443075
600907
981058
363703
66289
675046
806046
336932
148061
536766
894417
989984
956909
185535
633873
315637
243197
792743
190359
310135
656228
428478
981051
352857
490462
266116
381739
974684
435035
959657
767879
222561
25443
923702
752028
433632
277220
823241
373052
294193
931034
477501
997558
540296
160217
257448
847224
332542
404154
255998
842685
961674
602912
825042
516724
894030
324005
25789
346927
975566
285222
27351
974532
526203
433704
857890
576516
614381
602086
5191
126101
26672
604664
569464
381935
843445
674145
201460
845359
673578
625269
662121
378267
40164
611941
756851
816947
221303
232681
760707
422576
677864
549385
26587
444188
609210
145095
30325
293709
182948
256556
266115
353791
91556
305454
928146
108109
985389
83770
665672
453068
436476
743588
890636
60996
378377
335593
617476
177100
48920
780637
591417
704769
882734
593013
851864
200611
906017
678835
470866
120908
501321
162858
309986
757709
29395
150637
723246
798054
506548
599832
725255
758754
58937
703674
599819
385933
442301
188894
272810
406611
572085
684661
127429
464951
209765
617697
89010
658732
432181
180256
988124
655315
748062
514579
176264
737874
753663
355626
106610
768461
161164
314542
440342
189956
660453
492779
457674
113929
387205
584312
992776
918748
510161
694885
242634
19173
620560
449983
689486
44109
546618
916994
887353
602425
407273
760412
574616
431459
493740
277274
623425
682391
91515
668081
762072
166600
725828
309931
618669
616333
382244
907245
944643
797435
868529
43297
819372
953887
326196
797380
59983
326424
89972
781901
928908
397967
544173
846777
743350
213909
65824
837360
175551
140951
2180
704085
561330
779456
133850
612655
344665
787947
305182
588591
466494
8068
768473
888669
170255
195386
369427
647907
465754
565474
255398
126262
759672
589163
772654
683165
285959
986042
311709
290143
82576
793314
618347
888653
38343
562689
756586
913961
904304
171962
320119
369074
320542
970890
283149
812941
690262
468489
205235
849362
332883
640384
737366
730544
970595
462369
9457
997181
113135
538023
767400
402845
949720
935819
725941
332814
673212
971488
756665
38735
518487
234891
923444
660651
890118
827427
988752
150502
506727
566177
505176
119554
380637
652932
743686
490990
176240
626244
469369
928652
879249
601200
564997
529246
280634
596710
626597
643916
622708
273903
487883
548628
747826
951605
160216
714126
225691
553121
5415
146907
843237
590229
182084
785322
587357
34243
154747
694694
818563
194152
479754
817216
622417
460457
982648
998100
929756
626312
945535
49658
625300
115075
93796
77292
828070
311433
472296
785743
583616
246681
753303
205216
94004
421050
900221
632380
600886
776529
545976
206731
763776
987490
823529
23307
121045
417958
809540
492789
685089
756484
919687
183757
352447
626480
742344
866827
382101
330589
135142
77281
330266
814688
100321
92585
317816
223906
740358
738669
433485
113474
488323
631314
852363
854597
97689
680993
715582
588474
842606
680371
239597
116463
202242
660601
300826
240265
42106
378085
792485
920260
359064
256889
822541
767496
355852
201770
122325
569892
317603
516656
986821
580393
581150
286893
111367
879781
182046
647735
781362
160571
198266
380932
358437
397852
434867
795185
130825
852388
545535
356911
172600
679251
495489
753419
104700
508518
590682
223832
549679
240465
537817
771834
508610
555740
377614
802450
985242
420503
429180
353281
535829
571131
206828
888219
336683
214367
885406
177450
964207
854356
982875
555996
743603
673117
809574
82442
679691
636686
802961
457509
123563
97664
323115
519231
428394
862254
846231
527731
679911
387503
160824
747379
725770
498576
121928
445036
201956
823309
565832
326488
193456
964716
66705
43487
679163
621495
70410
945771
547743
225940
475763
529799
962987
23426
623133
619890
896031
169586
953852
950214
525394
836736
467221
277440
969078
285772
543441
869931
723892
492729
539572
682798
315697
412802
125287
970990
356018
457460
929585
395361
803100
248716
817156
138737
253716
637165
68340
822536
346501
5629
719426
24126
704
386014
83991
866909
460157
345156
491916
240525
70399
615864
487078
745825
147478
954920
110303
542780
621374
360488
797215
221665
498021
427401
620810
338199
590218
369876
236146
174261
349185
52964
225645
989839
777299
492509
670082
87101
526082
280973
843645
277189
917929
602077
944418
484132
96834
210099
15166
477118
949762
292264
506329
20831
581279
549921
612871
295853
675249
447308
362846
189229
319926
152121
846657
523566
810352
842386
810395
35413
382889
59129
188328
299718
143127
482364
669293
439916
397978
377335
314888
21606
165793
260807
925666
388239
103917
991270
517504
11367
922670
746024
282809
484515
550281
975505
786498
24589
95739
281169
157861
184985
193559
57693
825360
884358
386731
807722
261834
589805
886913
174280
103936
75114
860161
250970
360830
692772
532212
601070
125049
736698
32355
395005
231752
624907
714013
375424
833587
101986
958488
405292
12772
842621
522351
419724
84603
61112
846026
163962
912829
416347
576156
288250
353772
412797
633157
334195
387505
755410
295191
149899
948022
545944
337525
479070
844560
16603
592663
148058
975002
747936
843435
916410
459805
29108
992726
417564
589547
793169
808728
77505
374027
186729
450254
983265
901070
370514
449680
993705
505728
395983
824890
305170
75962
868919
575113
775263
213397
879045
245659
144499
226809
743227
833560
447564
327827
65907
210800
603104
172004
349443
513530
53970
604918
442188
93116
637649
941163
214111
625544
563534
742574
335181
576451
165783
454602
43466
592065
270933
427801
880125
981260
477598
807828
683943
88772
537656
485386
420717
88608
485867
16620
57347
203026
425986
157957
825463
823561
633886
415686
451736
703248
915702
559551
226369
377428
228206
912938
347845
376578
67603
240482
300472
739343
174001
529457
305752
528721
496017
730054
521047
400202
931667
973253
14086
986950
333796
560377
955423
342554
466459
258277
412783
344588
228533
675704
297374
240593
9451
712734
84573
90673
615598
215091
861098
307719
627647
463506
363971
854308
447980
562508
565029
155796
703530
164597
47359
479544
129548
179736
188792
855954
332766
50826
122714
563680
35808
744476
154777
604063
487010
166058
78916
747824
981625
130512
596487
884888
727387
956924
876634
976738
401372
521759
431050
692383
592390
278014
667298
600078
332622
504293
461750
127190
458361
184954
509899
42223
422475
880879
361702
420449
842855
873361
876016
604517
603720
121854
874690
541736
335130
891827
857939
138093
912246
601347
68283
680529
239097
538148
816867
311018
426880
743588
18636
587209
741761
754169
6456
752479
304969
107829
498232
836860
926286
95000
156435
680498
471600
208768
462864
931544
176465
161595
447393
955819
608013
481405
502380
363982
95256
396461
613495
970290
888819
621849
187822
407056
395211
500298
801236
146131
87022
685491
60740
527700
955434
612483
981155
313085
532740
174938
739813
997070
343442
555799
111096
289534
87798
907088
805712
584633
591735
581403
307408
974024
443197
262665
561042
13263
159721
105075
68563
781679
236559
196268
909246
749132
682897
304918
189587
487337
72921
89616
535732
507694
46322
246733
526156
351884
549379
13696
584668
138423
766122
120243
296612
725970
33201
364599
219882
631273
581488
372470
979946
837847
852543
192676
939226
529992
989333
182484
176088
200281
453314
892903
922738
331996
42885
815583
282514
805239
695243
118289
627716
818475
810437
819641
874917
864691
116196
533480
849387
755331
509748
337944
946251
614575
538450
19104
785099
551661
653771
167810
852196
568307
625811
8610
828819
187578
833055
233042
588028
455269
594143
621512
972411
501754
496027
717873
487561
621198
59561
225758
964232
679104
976137
301148
806380
501787
814749
680099
944389
197087
35527
301668
856556
903194
619361
504517
53514
224431
982036
412265
340032
544824
625557
212392
518710
694024
936962
544862
752580
146953
927509
463007
374838
501828
811842
654728
730047
903040
936115
980657
802750
190657
318366
696574
532325
178481
320895
378325
459852
503773
274167
847082
363665
579286
379649
797813
773801
151032
910477
121157
957064
939591
433403
739246
962281
449908
777077
832798
968954
561536
84137
33166
465191
119800
731682
914708
734018
366366
710914
390996
345996
179624
864478
626327
656931
719521
319990
734964
12423
186926
319695
182954
868234
624556
570479
535888
78676
484724
846580
892003
1936
357376
62866
683519
651703
285799
882983
642793
205623
99524
262845
862281
247871
255733
457179
696949
129578
418879
787336
239400
52357
699151
409629
727825
470335
899867
120646
578568
158252
578727
458389
277659
364982
121636
337154
820231
431776
148915
551043
791298
951672
883335
25988
144437
470553
979816
318340
437831
283290
333459
700748
63381
92567
625854
929228
302845
532698
934906
841683
250650
248229
695986
434986
189770
424286
307216
90190
988266
892503
37311
943177
210723
179577
534923
708716
672606
214158
845860
864555
900627
738536
574529
148821
447935
904880
185184
628462
813428
652686
285164
819946
264970
939698
669944
998537
199539
350526
127464
107466
983980
129232
770416
642125
577488
587759
590835
510664
882695
199569
651981
85797
8475
349894
430444
776375
828843
899013
220057
348632
660088
31697
293717
181344
910492
349128
556702
844036
400347
36168
231441
229000
623954
333310
422185
853538
347852
839501
556005
889773
418484
503127
715400
126022
389028
586282
136378
995847
750940
828554
135500
669726
43086
275095
590425
451465
40853
597979
434568
724784
325574
214002
716141
562590
207519
555222
671759
408478
201565
415302
670404
143726
820713
440211
241081
83490
550898
114119
793422
830616
19990
886642
876062
830868
529593
506962
496092
757624
284985
630366
875352
259297
433592
518703
675361
265312
506008
662924
908485
582867
233413
101904
804404
508000
178347
76026
585859
419789
341577
449169
819148
393727
644637
540722
881330
756878
239679
861624
491650
131009
319754
725062
567605
250539
810548
167859
118226
635105
347583
393811
924336
57494
569096
245342
100761
290326
490749
236224
486923
301147
617964
523900
482136
769615
81334
724285
146925
645343
909282
871739
239471
716152
77262
698374
291457
546721
505728
782259
424354
254261
23130
601888
877044
374843
310764
869605
130839
816100
992036
340952
989556
417632
296480
192701
517014
563933
524068
185929
263602
339677
506599
716817
604295
531442
785224
383124
594464
577945
437534
113057
750455
959345
58796
245734
356980
438358
259700
912151
732050
763039
55522
26167
371939
185584
132137
136262
758058
503548
242347
228104
692646
262682
660050
401005
30062
136963
974716
347554
557431
885350
677331
489971
744627
764904
260538
342747
561236
410427
1379
325034
72110
339482
256573
170129
350971
944286
746379
350989
533176
443008
833168
766702
241388
488940
803174
274947
759752
467838
615343
210468
588266
842459
74978
307164
408316
260783
870599
827696
349433
849022
480254
841936
132880
884649
237560
321626
88929
215744
481993
841349
331172
166462
521238
551408
971241
508517
483945
388807
698553
895031
308963
908879
109596
303630
360337
935824
782324
381464
865175
312156
210503
144947
93512
61759
682650
214433
992856
788101
775480
729768
23145
577122
392914
14281
504001
739586
822208
645850
907357
352878
603686
549762
807071
914711
758065
59153
619170
968771
133313
99962
233198
362705
594849
132334
19847
812586
471793
454549
890528
321734
748901
61227
809773
522776
543078
174326
632342
794456
539094
522783
256903
480299
15665
424436
233892
404016
124559
86649
146906
728233
29765
624551
108881
451076
288299
679618
550845
152325
884153
684634
466900
949075
807115
679774
151706
513500
396740
59543
815959
638693
445006
823945
118507
339249
483519
90017
757048
538765
358935
707226
774909
654710
16550
454643
754563
586600
602379
741189
461167
264197
622486
971587
154040
816862
90639
931859
300659
621600
421008
153987
764426
517854
418445
589929
781452
652662
15092
353436
323678
21283
413807
537929
509198
442655
48135
325042
11784
718707
475554
487625
708385
21596
973549
664805
682001
665051
57237
49695
542078
951322
175278
912460
223987
831798
717687
165654
510959
640109
337653
916985
680602
277605
571067
701783
190739
573591
487691
205561
955492
978326
619735
511075
844567
833344
787104
793235
381282
963200
577536
961686
826621
440381
86402
808454
844372
545122
655919
389091
861272
223563
350884
10445
427248
44297
189214
612123
402766
112402
61080
672668
598236
81800
963275
429352
921044
772772
132692
11745
258159
575935
638708
842379
486901
442749
886129
853957
861491
565590
960153
304356
894987
577218
422886
57899
483429
969728
668029
720168
981444
286596
762257
74861
830195
861115
524773
81514
653981
889084
408686
198372
421180
542732
234518
300372
879402
998030
518045
653086
991891
734277
464538
598828
828428
573895
394912
768231
459068
651521
183099
516754
224504
557665
582746
880771
827437
891236
295942
736638
919606
835260
358032
731695
215118
452189
118154
273028
660703
267620
641387
91109
594041
849124
167318
179089
295838
640911
847348
809366
20538
655742
604989
915564
670512
730141
388758
722863
310479
956342
940821
377720
190115
292696
438176
771927
320552
963300
3059
239022
472538
173811
251520
8237
492328
620327
7728
372773
359750
479821
721608
324427
93537
37676
671911
988620
157870
683565
622379
42119
591196
965990
954996
835244
684776
999813
130368
189423
528206
855829
593845
457832
359261
238384
413630
443402
813156
789954
424781
752893
238280
646581
39742
678811
644343
327998
445148
468804
905399
142147
19580
493727
117208
226536
288327
192109
912648
708213
570454
693131
413509
711333
385334
625156
914285
140494
400522
509968
124017
765160
283152
686190
229544
511931
594428
852953
232192
471465
887168
670058
389007
550997
635949
953737
837319
744239
329587
489169
610376
808222
86340
442944
234960
254088
971543
38935
257037
924993
139849
579796
297235
219405
548253
471242
869353
180308
154916
713178
689086
747361
755192
658256
174521
924630
85474
803100
933614
720112
805532
571307
973484
685747
736816
894689
765427
675506
24703
148597
869699
897341
549085
426282
742095
789031
230298
69798
867793
658162
192412
928241
505335
191513
231911
257995
161083
867450
472575
779945
374608
239967
656357
946702
668280
879336
979068
678083
249138
618454
849615
163955
937425
750710
49132
963173
198120
286888
208360
205846
82850
46219
186822
149490
858862
451015
740851
538991
747991
697334
922728
76550
998577
607151
276530
590415
817135
66673
566478
609209
906066
792233
575342
530979
391740
379680
96472
909657
445795
462276
258030
730862
920097
948433
256712
967538
448359
140508
982525
942160
797650
414140
35265
102663
254422
837781
215656
859267
698966
556930
26057
899479
78358
665695
405885
918169
293896
893424
861255
247451
94786
310641
926350
69377
318481
486650
83205
1732
872103
729295
318763
819906
685487
258
705838
911743
54466
798661
761067
900092
972145
906896
235344
270194
662530
176555
540899
618859
823289
766425
858523
956990
871371
896865
675756
447077
31352
884794
91680
446012
777905
217426
247009
877720
15156
147835
67283
842626
768441
507698
980446
71183
900036
428494
709769
492509
543451
715074
639042
496812
351122
737742
372538
578326
852546
662920
875309
552044
493592
305923
763903
34991
140489
538841
673730
833768
35171
605467
702036
758693
747647
207825
646182
857104
393299
205615
538519
734893
601508
993111
918654
765999
955608
880517
154375
18424
650281
961692
962804
76652
114806
226122
502277
564529
826356
204442
408627
463429
622721
984278
456597
84219
637465
890838
103398
345747
924001
747625
834654
270581
721569
736607
415548
862730
506063
420018
10725
732215
804102
846223
584998
110839
60502
414084
911958
479700
187956
123143
941591
541698
1618
863328
560251
856472
187338
660148
568770
296876
609331
439600
29954
57929
22294
779790
263648
635599
253947
140167
182330
182760
927580
699605
876007
612259
942971
192804
86038
722926
10767
728276
342355
457972
609178
674541
829480
189457
234646
706976
823968
478574
461453
727350
69542
746174
858312
401048
100045
693204
992799
571321
580905
93406
481391
603940
615706
498882
581930
659805
119273
329363
489673
183863
24650
859504
501020
403314
791105
622585
702401
412878
274466
373167
610739
582832
451248
939623
271674
158640
623719
422507
241472
831933
815702
979054
12868
33582
591715
400233
125800
607717
814194
864214
590948
510690
84001
999944
650077
683106
629482
397349
999760
647473
631916
634690
727848
187987
262851
403609
569008
902667
213267
328489
898147
669702
78564
83882
956702
836519
939495
612844
693686
599600
132119
862027
280038
275913
598139
403985
554593
607600
797704
331496
174726
708862
732963
170554
902834
964370
965955
626983
929711
835932
763701
913634
983049
222024
818617
951017
287681
892868
6154
99871
959771
195568
581819
304135
847506
555298
337533
531423
387500
969554
387453
261463
469672
491945
14314
269100
272147
141345
243156
744614
525369
234712
869680
944106
917369
426871
275448
431356
832690
806777
323183
694933
807449
170651
640514
549021
519021
687903
602058
44742
487489
668156
130159
343941
374328
201317
255078
187821
102672
448052
944666
783721
350101
153011
940393
837525
760053
120263
318277
4218
467444
628282
70203
480932
213302
47459
628880
268130
98105
139892
369671
592474
711590
92128
607744
376646
401724
292071
360890
787471
140012
631359
359865
302916
431300
852128
693571
208503
562563
947693
627268
791860
907083
961402
65873
274975
880692
620094
716489
416361
991036
193494
54872
359598
743901
736755
709141
945519
779831
635042
931659
724967
250285
581238
392085
518604
685900
246420
384931
281059
681509
249563
213529
918528
832443
945582
896982
222873
619544
211103
799506
11782
133690
261433
742688
904792
298539
149482
780051
107475
546030
713739
387453
110409
522389
27406
58322
497044
902320
558019
998508
778927
176543
375047
699496
759601
290057
845385
25645
663272
861285
952378
508813
695310
529461
542865
287171
993642
729683
207544
887644
350534
8228
594774
394355
206537
147433
549050
990293
546352
589940
856929
237827
297197
715191
519012
36117
371740
231608
611649
387515
970526
469024
831811
672159
34196
460211
853841
532582
489786
568539
207825
458390
638557
59741
446327
848466
657722
111469
770286
195008
255925
183196
489953
961611
119155
464815
823846
398660
296788
425228
83591
164323
216272
682894
665775
324972
925613
373687
53998
431789
372826
369285
256041
416355
315116
893533
895521
61757
245042
345252
999518
333048
506870
982381
329591
322217
965395
589644
651521
68377
128430
538953
64274
14730
842450
909680
881
626136
489324
509382
7515
738299
944991
63702
17204
661929
379397
504809
319369
185944
105476
523795
825598
772705
260680
900010
330009
479424
286242
702226
153257
492792
452605
948852
167828
832340
22200
33165
843452
35015
380581
651810
362318
497397
321182
755602
216359
698187
817471
723780
556386
674696
640707
421054
288706
645471
802558
107415
550137
886133
871988
436293
780499
848197
968917
915536
892866
190947
744790
183208
220166
680862
206573
622225
445305
274430
853033
180540
82356
532268
756523
4082
486369
532913
144773
398057
589791
611991
279341
905145
385739
731180
71837
941352
289713
682660
567563
354529
598479
55326
908544
476484
729922
509823
330392
897751
622992
600443
901781
899673
927441
109938
543647
545143
63546
702454
833884
511576
629447
792875
692072
944531
268613
535816
363377
498688
237561
643002
521842
524076
641008
891815
137802
215974
410533
304207
229496
1654
483848
671311
832566
158894
251633
606912
392878
464536
283297
71420
529693
560014
765232
279168
117763
738473
640153
194733
948996
124497
740958
864041
701599
241396
446105
528098
836808
62098
531233
766771
823459
922932
714965
715167
422943
220476
433864
416890
727853
140760
955081
234342
130268
429713
947469
774971
418515
39744
810299
785216
251882
130911
407380
729238
418597
81789
159806
700213
640589
146251
667307
575373
225389
470548
767722
711438
107302
654346
980618
702019
674479
573307
56103
810521
479789
894819
909970
983230
761579
894042
607201
435301
438966
935790
530064
457125
129304
655243
816658
159425
298991
705047
249592
535363
175209
493466
603325
229121
537374
938331
426731
319937
863689
560326
858478
578681
313380
5000
837364
476527
12320
207741
559421
247487
843454
601473
838980
510075
965837
251427
603210
721068
474048
624248
526907
153271
667691
133451
390847
2203
913242
18034
630176
345943
155278
213692
473619
653416
117013
221062
54629
827376
3525
408621
90883
412275
414292
687709
98470
377914
542551
562184
573145
422298
356053
503411
258088
791887
425864
943658
187047
885953
826671
822868
333468
259177
868050
938849
915402
896205
193364
360415
742299
837991
644910
104940
960937
860900
450766
382598
260648
602120
525387
452286
457780
785326
323779
597516
947763
762989
503763
941883
535975
321431
227762
545477
86355
534619
865642
686649
449734
466314
544628
486680
608456
898742
425328
902912
266208
75190
625662
431360
465472
658503
673084
546058
509967
993357
776220
861062
328081
517815
701856
176771
599412
697216
354869
459080
467833
604753
566890
669961
462908
573571
444939
511029
70050
478787
271518
640748
360543
436623
97337
277710
14817
727644
379518
542127
894301
721050
590261
836454
867828
840591
660868
581509
756161
866528
467725
530915
669442
390575
459044
868628
198112
887389
444203
803066
70876
294448
734157
395573
212824
797904
812243
68469
324032
676652
367782
893105
496275
943098
847970
579440
11154
976283
317330
954949
183107
496156
413006
606296
796130
202265
986478
515550
298149
82236
930730
931690
630891
60707
144912
292445
35712
44704
223392
870778
782095
510425
401735
402708
990309
815568
993590
494248
861917
826814
906719
713863
356078
956312
993100
257964
626509
111091
327772
789356
510656
137475
608922
931851
777473
436799
969979
635306
286859
814497
937652
752542
7492
452489
469430
612957
744966
117121
809223
238482
859275
728667
910078
674512
565173
173111
265435
755106
992568
821793
162752
586305
519653
675543
248336
381151
44499
587623
232739
356384
973740
336375
811683
493736
725265
109791
180230
298127
372587
730288
16424
923249
55503
70040
97284
219811
448013
989277
514191
828480
749590
401735
909681
949729
972295
603547
635232
126250
418774
873857
100187
689409
880024
362567
558465
226330
327212
201662
535691
814190
730568
68162
402156
513866
130334
652888
350276
946756
406634
487472
250683
326280
300123
543241
207104
95056
599259
891315
344542
211570
919677
157872
22136
906579
611906
220916
253409
835897
85960
823692
946842
202175
116112
770075
766889
427681
425770
796414
811858
666743
75007
854545
853429
862335
93691
199051
94787
92371
79381
874885
230686
261561
429948
852824
34189
952281
984223
893667
351065
997513
732057
373868
559815
918085
298168
695518
913393
365178
201065
250864
585539
533313
186561
528550
720527
805993
393130
332721
341198
144557
997928
23474
804212
999876
937671
940381
129838
336792
775587
897080
117755
685902
972372
948225
409636
996612
226484
88943
261465
338201
489933
852753
375402
777509
525028
181011
94431
133513
885852
845920
404660
941218
581833
552033
712820
451031
284114
346082
378096
992146
274242
474774
123868
836236
953259
431473
882375
776000
225015
337139
183222
480513
47116
892293
258780
250535
758939
785723
399031
333733
45382
751482
188233
771702
397740
464563
657265
50038
388178
668877
397670
159053
291055
755425
472209
348358
214100
573471
456388
507646
247990
668558
931610
990071
446233
869424
202731
639436
228635
522819
151020
495359
919579
39716
911906
615790
925124
57487
477057
16293
623866
366401
772901
883148
381471
675134
765868
823425
454786
146223
202862
624961
620324
347107
773146
337279
881449
347574
360494
679383
329496
351119
63442
546652
636431
757762
582290
411725
157638
821079
23862
733543
478141
359842
244480
607700
83653
733329
295810
94913
473448
766596
728985
380621
938807
716694
197514
637661
505966
745083
562679
915084
749573
833986
592701
709440
303830
265849
292205
530840
883301
251887
851878
779649
910865
800212
874636
761192
751126
291325
353511
41097
754621
152388
265946
44966
777761
315085
265981
355924
925278
257059
588442
229871
787095
764288
677761
425646
143268
157547
601416
716945
738199
63228
81443
864311
576873
581243
470748
343244
597830
959143
443183
773663
776690
76818
134148
505489
235350
2025
749257
592681
325355
100434
664107
407557
973314
362990
504562
694380
566573
520446
100087
265022
677390
404769
726786
743628
684730
399227
401668
832452
174152
524978
906477
362501
67900
403538
516779
74641
251659
803856
691585
669856
755595
20268
709055
625489
422393
407663
815460
332476
421158
697300
151500
279138
931902
382083
791
231942
750326
461368
901401
765525
604434
234563
544887
100160
883536
525736
545188
535211
636596
994406
796984
913213
563057
537493
776362
882264
904881
418280
21866
580194
661953
969363
366558
587906
833884
101638
698358
223207
438099
871894
987502
801858
320853
351549
269088
400596
49889
114680
627203
910369
389
539534
470660
119108
334289
457905
273407
291228
550109
707517
18522
179428
839028
191133
708478
222817
546076
48461
138547
103988
329795
117626
481303
426703
911624
67781
549755
41348
592930
272358
636314
53049
877553
843373
741047
316472
119263
737060
475346
406755
984755
37393
997190
248005
299314
929048
747522
554115
175794
956540
989090
267185
297212
714950
290025
590720
112733
439870
542493
556374
566473
379094
892864
378230
720749
760103
745830
663966
162896
410194
105976
481712
936805
173129
994691
724616
883887
969830
160381
87660
374993
77304
264150
729953
220721
988959
78135
635290
881288
897677
883419
168524
887050
894316
907974
479965
88108
358366
485
609658
402326
41568
924036
528775
275687
461576
793190
544434
724895
300077
379588
853921
841198
293669
720805
434121
475286
464937
749654
957984
997951
909909
806023
709162
178967
852300
17602
793200
216803
114745
34568
734928
439079
689776
278794
509165
648622
372274
201985
868998
570743
651727
389482
810789
108284
795686
945122
970926
598752
973768
868761
94615
398132
770683
830582
12022
429862
860122
648519
787509
757382
729050
523107
344547
276982
327079
572959
776165
422318
30381
593449
595850
309033
257138
704900
100156
983408
569056
189792
570001
276673
304289
924053
25089
515932
896035
774844
6771
754537
692475
670634
140208
992457
885029
720330
290041
600375
421865
923798
613363
769947
744922
853170
857024
272491
366265
176293
736554
110270
314422
64884
29049
542127
20502
916637
830436
676970
404912
369965
90596
969302
454097
734078
310563
568991
698303
904849
957460
203614
295259
84420
576732
579816
496223
67888
379053
520624
908039
650529
986036
178522
826701
398387
842344
292061
21964
889989
155395
798291
562950
714077
330318
143776
371777
143576
289620
362109
77004
29068
488440
640736
255327
981500
833315
509322
353248
693046
766421
806252
848450
687053
373341
972087
772488
982575
884388
502271
40104
750946
473123
424586
608842
814751
426165
126715
88559
397451
685702
205334
155183
543566
263787
313839
570843
225746
499980
762484
79041
360026
646524
870611
823629
646076
281193
769289
378444
490173
194287
660809
459468
483399
155463
38789
927136
387337
342556
500251
522112
616747
920126
334111
351500
811245
5871
912449
477361
624347
749851
659931
404452
744751
868901
586842
855180
635907
243293
163654
66812
210929
766221
128943
689374
267593
443443
421558
570923
905710
929480
991797
421526
737101
823999
826572
918921
147387
758025
324297
800838
633450
16917
867059
71728
10568
337046
13811
889571
61237
247676
498144
485565
605150
636868
7973
696960
861307
27115
121617
647312
261729
145470
765307
390166
492612
861581
430544
439815
645709
868285
249915
933695
361684
66429
414639
193543
377915
508945
36692
452470
899750
766474
811276
936627
448730
815382
31712
123352
984753
107379
458636
536434
742519
140351
235619
476133
711525
205676
198496
622764
466808
915535
935819
977471
964652
967255
828549
185677
751898
177370
532336
578088
63339
377803
174653
296833
24056
510344
448467
659336
451008
779728
284121
71349
616453
586770
278496
424997
985667
923232
345200
299484
945294
123651
964333
336041
204935
93544
117350
531495
345850
657271
801275
820767
36695
434180
509672
820619
869707
813726
863282
938742
234747
605637
627692
871615
553309
355130
414694
951100
488178
562030
946035
821562
675684
234396
390934
762851
821304
446578
934409
283577
108079
900074
779241
90622
665919
551992
115777
304630
347113
518300
265905
142276
868279
22231
650426
768561
587732
790138
389737
573004
230407
880281
439774
206379
384270
868319
225657
54927
481683
555003
368928
782694
981069
15097
64366
153193
93686
918571
939515
748518
511268
104645
790084
700824
194119
717577
32631
900594
433214
76055
793118
565627
81558
395558
324837
552018
361503
795344
229321
619155
192493
146183
140447
81234
963880
136101
822015
338692
393488
583842
875275
992126
282066
181727
691295
676501
59327
549919
570583
351140
953839
40021
942391
509227
580337
592983
758139
783124
614957
693362
799100
168978
291737
879576
905916
133026
39700
825781
472590
300787
383138
20512
388581
38178
788869
97068
801079
210462
268276
563357
305805
358507
339387
978679
453866
758850
509358
469106
831061
698453
66443
980043
521733
326063
702251
982068
741289
654906
939301
727276
675217
828379
137344
603433
556604
63928
113810
164017
872767
230233
477177
63815
346958
231916
470901
635459
45482
255906
392353
284091
231655
283960
502412
936413
234329
385104
30328
265439
30043
885501
220590
753613
643451
928926
614140
971969
627461
732769
626573
895089
534634
158377
896099
660642
609805
872138
55027
553979
379115
645745
172381
35124
649380
811233
84870
870957
367274
885464
728276
143899
879045
786832
184069
40541
371328
964769
496748
762477
349556
384131
816010
950513
265262
880690
932741
113777
896960
253034
916103
65764
847649
671954
747446
268963
435265
815925
99211
869823
311086
444075
651409
99182
326876
339350
653436
469984
446164
257224
796452
674736
237948
203202
713244
27446
780095
232087
160051
368569
379352
187568
507975
784897
787008
974760
268865
33931
586354
730711
262576
227798
967255
813421
842501
982171
406548
247092
10345
440537
620
612855
925623
973902
937810
334337
648089
464386
989263
774718
578434
526972
770316
603775
132613
573464
600253
231577
362449
138353
50986
980012
171018
727032
421147
266177
899972
892902
673632
56397
708766
692238
669754
219411
178937
293707
648810
327141
342228
400729
981075
512010
398021
653568
64910
974395
411158
112043
404746
956360
432570
162903
711198
180184
19755
14759
249837
721293
802465
348052
752309
462726
429040
862017
72884
660158
266495
391532
875511
107985
106784
4353
445952
476703
533777
674569
939155
256457
363662
522751
558685
837337
19857
681283
300418
801470
847784
697960
402946
582260
800816
477736
797766
834818
260595
93431
45709
265181
993500
688372
722350
767850
540179
770684
126025
254817
587961
889625
132750
631693
355713
368408
161641
315312
790825
783864
481929
549891
924756
249598
300172
931290
700998
156966
9225
508710
40699
24244
717369
384853
220772
277032
318402
326548
748607
20623
836002
769140
29074
27574
106164
626090
39299
351418
434466
889648
384919
776955
313576
563722
407493
82735
534528
886627
698102
35602
59312
750038
205532
599355
788716
778248
455468
231562
597417
960434
550457
888190
895231
645820
538031
816867
66745
30277
225960
937832
654973
442815
540654
734095
324178
329912
942542
756349
177811
315763
666709
502961
992303
2548
313642
810641
819034
211163
108167
803168
495060
526632
850518
892557
131028
709661
321892
714404
334609
264449
335940
99367
972972
227200
79171
157560
688765
545904
701891
61613
691768
228142
2294
165382
169532
386663
499961
458362
230328
234483
412874
48173
501434
132507
736488
196031
325909
742395
692934
534590
110255
995075
34347
431547
617573
772375
134185
524602
335643
635990
233911
723523
605027
556472
820909
578581
618248
869777
216668
675962
542073
786610
562440
695286
245261
34351
523268
897369
301495
657082
615272
367604
199
745198
704944
36968
631002
552744
722996
460250
635936
631312
231104
754050
115848
3062
357071
172835
845898
170262
904617
894677
134224
296382
539606
92094
335234
515911
839677
363871
766445
517246
549534
816138
9743
723815
12841
170226
576449
542935
563897
794843
639425
835200
243888
714992
526043
856522
138159
883891
705012
464028
820786
767758
142579
126393
548999
743689
814797
194247
179305
795029
513643
102956
716029
455941
228345
616145
239400
131612
510797
49928
816395
731777
311090
754058
245788
534223
182481
938905
291618
329545
174459
308420
829005
920043
718869
196681
693807
61339
259617
141908
108251
661438
217893
609062
623257
778343
47546
625681
804162
53291
643954
465631
453374
350928
412071
878995
144664
551780
86236
908743
759483
920873
125907
656116
59276
657134
717547
334352
318819
670585
70258
567250
289830
506080
648271
988497
145732
774839
71493
58890
460876
287075
681317
132673
72423
836749
217811
216638
79928
897330
623794
178168
96655
421016
72047
347984
785092
598043
2023
672756
500022
314918
472950
311076
780640
137213
546397
976785
703636
454582
978255
481825
778648
782792
885528
810512
437210
943931
462379
638000
763920
966655
416838
800401
78384
791449
834628
114171
653001
103928
341119
972824
716925
449702
552031
352367
110875
954714
723140
212555
638941
69354
655500
550202
297211
551901
337729
771121
425321
671390
734434
976525
576564
131405
392204
971316
604085
263792
874117
956058
908143
277447
245093
510303
285899
464381
88610
581270
537901
896954
599222
490209
562546
755093
803311
444088
901897
56295
336339
782408
91691
853691
935853
9592
704184
776801
839608
821510
246831
502882
761191
650896
161354
660109
555407
172591
812724
431408
430898
261054
247592
521123
702633
723064
479655
880894
713261
328895
774613
715050
28034
433785
203889
248213
773760
672853
547951
343679
173183
18668
1076
28082
538782
604610
315758
49294
974064
768619
504269
581570
687108
77450
179873
507863
708048
391477
886161
781862
547322
35444
375221
950826
241666
284073
23825
572464
217102
510857
78383
829291
909715
78664
519448
791268
611486
827283
34926
562318
215869
97399
983017
338743
368268
360607
154860
44635
563871
832250
159619
264851
407497
733627
220924
674346
972615
286138
397791
200656
666508
622136
590283
841512
572714
454271
253422
463996
525530
707752
788768
689360
165672
98807
444381
531988
902654
639712
819421
920819
481419
496685
790418
981704
258127
374199
728765
890288
619142
131985
576557
130554
925166
128005
371030
399227
911287
496118
599434
848639
955975
976292
22742
175194
240294
861134
316860
167068
665549
592242
377992
148706
979014
951792
71057
477257
122559
477005
568718
806654
418225
809171
990994
158641
432040
684885
187557
482344
208366
896911
628737
31408
224728
499116
872102
406126
108268
129122
297690
891667
749805
940345
398529
230829
49862
464617
560212
235675
877775
367200
269185
869337
437182
77666
175967
423673
394221
618443
333836
327987
125763
785904
659174
757459
869186
613796
450402
593040
712365
766870
407692
20029
866196
807255
278811
436825
606845
264314
423152
401537
545393
208853
529323
78149
444640
739811
100714
995031
501745
937739
817184
312799
318442
208508
992461
318956
578169
427311
297503
492358
682653
172174
774437
153183
919156
890035
526252
308391
181921
354633
743160
819391
729689
323023
300128
31813
853643
216251
712903
411214
123306
651067
235891
228594
69272
674390
911627
926848
727536
655025
336433
341330
405168
514926
81786
136572
712322
674095
148998
42974
418789
618616
62145
493337
682812
532147
474229
705374
929651
464012
438217
877602
698890
314620
312025
627758
78528
737892
974771
915730
250396
840527
407980
396665
128282
221274
780446
253528
394865
947696
220287
301761
238397
441005
826846
201556
484302
723492
377148
185492
587021
749628
246468
185431
417093
882869
468392
947543
986453
32456
954522
432423
74289
116397
961316
236543
110224
52918
350437
985080
939510
358233
612585
151123
895838
8395
744099
530867
749699
857159
899977
974635
64843
698989
287692
871794
187473
504328
191475
351283
854349
402792
557459
121153
540130
509358
773293
51496
967813
464870
324580
38303
975813
301198
650265
75545
546554
708853
8997
713402
937102
193151
368114
220455
27747
202245
578423
780726
512032
808345
438542
315781
895067
941991
501811
612582
708260
73783
242011
796792
386476
623758
429294
679377
40657
236468
932067
189399
481927
242001
245879
203438
379044
126513
633162
128523
193224
628135
708886
152743
808358
366221
281676
870224
325556
159081
531725
591193
260715
667691
839874
235570
580539
122834
2776
145874
700367
468079
523035
389392
96184
828546
551150
670802
748792
561664
835492
783900
769454
926070
182143
115466
573401
94279
563267
64921
821642
51537
84149
150175
741547
589806
526453
941595
180197
422935
981429
200231
737203
318626
767189
673162
620801
64876
216221
636330
284672
927505
422678
541598
485065
390488
192389
866210
188203
151404
337477
673315
62163
308229
761472
757371
909719
793702
386250
160055
352415
22847
98266
697043
43952
185394
535077
594759
139286
877106
421464
720122
899758
411592
871282
440341
978445
25520
584253
608499
79632
654624
872231
221940
38849
900968
973121
443313
979107
962996
226259
562569
799451
773871
296729
4122
66555
154626
673823
690060
885803
185594
675700
786567
213110
508040
17358
217924
66415
375713
218554
213249
268350
529414
339069
442958
808394
773790
899277
149381
323908
778111
333029
507415
991310
342027
323785
790208
601991
268599
146774
620828
693365
636199
324805
283924
302861
46133
770172
670001
183137
120593
35408
699281
979431
276162
161628
283574
75681
18955
590839
879804
751022
880552
803988
997731
824877
76088
858555
150090
78794
579764
120928
870461
791270
591069
642333
127845
380839
532660
918289
806686
953113
4451
72852
373094
802751
67577
404822
370736
768251
85267
973267
235800
107029
577814
456500
341170
619
859736
114566
129083
611062
243230
645839
896753
850228
22656
603730
132286
352567
778729
122657
738128
450762
562683
84698
304324
883323
984271
986175
418240
278410
956762
790454
564256
1196
892971
794841
376711
309628
787792
264955
617624
116863
847257
763961
679741
729554
347124
726200
402596
651635
971127
714624
357898
339368
281469
179316
460463
628687
679399
862445
572777
311043
429124
263155
390421
444840
609611
38551
402920
605524
473733
308592
161571
275546
945607
728816
530341
537460
644637
43106
21274
443084
577219
164610
886162
369575
906829
541304
660908
478959
795942
489331
800497
497179
225653
909471
301629
894141
857691
921282
320535
850216
115865
988088
560866
869563
631695
654601
712301
426127
171871
660388
16037
715641
79920
192187
14442
404412
317838
690426
706622
742990
682223
838244
663450
867973
923537
177997
409371
889182
112958
740334
763929
99242
227505
468840
932952
96022
961747
306328
553880
601749
424926
996563
104199
677548
95267
677630
40983
934681
902054
823437
878186
915425
892775
137110
652904
323381
523452
824785
755
612800
704601
372910
61362
691792
125810
586323
531850
295454
870711
805041
660267
200187
945406
88386
915590
41242
418175
247585
575004
826548
658616
78725
544050
510811
20145
168219
363489
863135
378522
939456
899146
882135
318224
994008
765862
962061
986494
403470
97403
3144
420832
891816
328298
279478
62435
449285
246501
611638
189161
80438
747903
853824
705448
629111
137180
542130
213938
806473
256903
230647
897423
845933
497826
223510
523398
244670
367736
508117
820731
270892
411119
515783
59314
688593
316633
161593
57714
771441
439337
763253
250884
869459
444290
749873
514139
952182
209195
418263
161613
663730
331871
482738
861567
103277
953794
281906
583968
199990
61357
498460
854412
811649
382186
813393
692304
566847
14459
538232
233805
919002
760597
802699
592949
587402
589034
658683
581619
543255
500068
485889
240167
326379
285549
390530
261711
897491
669035
313758
103617
525842
406153
634198
960404
278050
372785
931159
317023
447688
383894
729639
209241
797650
871853
991083
757599
310768
421435
621906
345877
838573
470857
990306
482404
313480
97525
766173
617825
17075
284771
145167
757965
795111
780240
632567
944121
414754
955463
686544
921154
144382
784556
838267
862138
711535
880821
229770
144359
9049
341753
785195
956709
483020
302944
197039
877606
209885
588923
104374
818394
703202
512237
500857
345578
280073
440838
751604
849373
210261
589680
372654
456734
718071
669954
22758
918869
400325
936370
307932
595697
230105
842983
418489
872263
873481
458413
416027
454100
323710
51266
666113
475678
149043
607245
994768
572665
289804
246510
385216
666598
474832
566896
839590
532246
941317
2523
666782
125836
112679
305511
649940
848928
717828
237003
910319
794271
530359
706930
219292
81744
35135
203279
909874
800402
775611
1415
844231
509537
827140
469837
797519
479607
150183
940236
509355
793679
127677
187645
184534
131716
392553
190552
369831
949016
154862
727591
706883
396369
261099
713781
561187
252542
447539
152038
848702
508760
254861
126240
376595
362499
12677
435431
378517
694580
602221
206343
713330
474732
134515
660906
106626
920098
901920
930121
211145
298686
157739
794175
225129
423810
119160
414521
994023
868611
402928
910986
205719
150741
276605
942875
128615
368454
828322
601216
391878
511360
292726
488165
643183
472466
248187
543399
998870
17992
890911
842239
244781
349302
397070
177177
612499
553556
704050
728771
433434
204483
414152
242433
44531
634286
997280
148413
836408
586700
856817
981403
505686
26049
15830
986283
977173
919140
275177
335800
46982
640284
769787
614781
66696
412707
35565
337591
611510
658476
642350
929814
921009
745953
510481
573261
681733
7237
297929
87880
501818
198969
595525
496381
553658
674010
317218
865756
538138
17863
417489
327648
474182
224512
844679
756231
655502
950314
774746
616286
656519
348271
122367
287926
969375
170562
483613
365939
107009
565952
273101
728258
767585
288434
380657
827818
791908
689711
157998
25980
888495
374430
419399
947301
592011
836186
89751
659234
795314
179374
703147
154962
140729
881791
897210
983975
388185
949897
981633
850166
103579
639937
947199
632559
16096
643290
918474
4454
288074
488740
179533
109839
309771
821902
982111
310729
749448
997132
115840
77265
609449
574740
236850
582231
948096
257986
374194
714989
176211
766491
552465
438748
523399
703150
156340
636177
129771
457558
779748
9461
256927
1245
180243
624794
137376
28795
449772
325457
464305
835324
110101
344920
208422
171455
926916
108528
508304
907162
368891
635405
541504
199707
567969
824231
66490
710378
370239
203182
73144
89162
213780
765658
626455
443902
291477
721504
61666
632712
796100
444288
322106
690444
684715
527675
899743
762836
326453
222627
796509
430061
200234
957578
726037
873390
32133
825180
862183
727576
999732
648393
38457
747929
696748
560538
517735
625067
299942
404517
366023
673945
333305
327004
638999
106338
918613
668095
544709
932086
142809
731570
758043
839133
548370
855273
638278
127223
786257
462271
521793
369054
160680
646950
92835
691815
512192
234681
955265
8584
636506
211182
549441
168979
721632
380775
310396
599329
988135
674087
960655
44810
580228
212897
645183
527504
653576
608172
806598
215259
147289
685908
927806
816031
21614
387658
192745
451161
935014
6203
425691
23353
60614
159102
304388
820442
766606
110438
70814
75052
925302
591031
502895
878835
451274
483254
426043
158376
859679
951257
42506
191677
877745
948126
174353
870974
542362
562872
281792
946707
414897
444131
281448
968034
43773
547353
9990
350609
935125
282077
874032
243177
965013
614068
143066
313046
315199
610099
909317
282123
851371
730612
973766
611138
105132
811554
982575
527905
763713
805940
788508
86584
43125
77815
411035
743271
848660
287875
64121
716637
691978
994575
37285
327803
85273
549665
210820
817046
581302
554270
588304
324763
268737
829503
287341
530830
638368
468068
430794
931307
553463
514243
625712
35053
822597
737017
303275
211756
660126
861697
665425
720417
620609
499074
218355
906566
521877
886530
795424
770904
122885
544953
684432
951294
630132
655616
809524
778052
135583
294504
192280
112640
870798
217895
171633
633173
319351
397230
829129
189589
542639
936150
950596
434754
684429
508152
607630
202029
90589
930267
32739
134784
176318
445256
779258
153239
501465
225594
361295
552200
734334
801714
473355
951939
519773
784998
236243
654741
117277
886489
966570
843463
482332
606918
163332
351203
534020
154806
338600
247062
902022
449265
797376
530417
979638
686673
842176
227402
39235
549106
934513
841343
435089
587973
40857
335258
839349
623492
976649
763216
105292
515648
661251
71972
190072
653909
80453
533545
693241
990208
244150
567908
400356
900679
214828
639759
500034
546966
715800
609658
779975
224682
28879
9677
176044
267494
884533
249768
947948
268611
732296
140395
149465
570149
761030
227345
989144
585480
469692
107383
954751
114905
216813
61371
376521
814817
447963
950080
64372
291292
480693
403725
770744
884136
473244
363093
399587
854233
34196
427537
473621
450601
521796
430537
15830
274317
504553
468467
914895
212834
419101
820786
170796
897862
45632
840639
658059
563396
983360
881637
980513
427815
924939
961190
429674
685231
858638
336571
408202
88098
528168
508729
740613
64377
296048
905295
678168
133499
534623
356204
546162
849256
534620
777533
57170
763531
275235
53204
355198
835251
642961
810852
512605
441019
245902
509353
878386
849156
324823
143333
826485
314564
922022
139012
957903
619448
271233
296929
490931
617909
47388
80033
401492
621276
623724
888573
137734
115820
541514
954846
398069
44978
997439
828897
592444
606811
856818
863034
808227
566378
703851
529460
623672
175876
497667
233558
896840
559080
247019
917730
616314
871485
499029
57783
165257
953732
312642
979734
22236
264685
896809
472065
884868
514437
570305
10239
557777
736268
556395
765949
949201
78117
820927
506638
954854
921062
594482
44435
87107
576079
906529
62198
832835
729752
350140
454096
929510
166755
371666
68587
955496
555025
742516
602337
851968
423665
574537
383907
790194
164690
188782
217942
621777
60793
635911
223063
948245
141998
640807
492703
920020
797809
487064
982850
696161
115530
851271
202834
749374
115838
301071
715808
634494
47261
136736
622946
920380
83705
178316
963760
445362
891313
182894
980841
662455
218795
771063
779762
860183
383008
78550
754846
433680
33232
47043
730538
983335
37975
29673
13599
246885
591000
945262
225562
715058
720341
676640
981032
815116
76961
983165
350667
17444
258668
647519
4762
661141
663870
617794
734148
110786
340031
249779
564853
776522
274738
169111
248273
5611
158786
553686
685981
561072
209973
334818
404029
782680
873597
403048
665176
630085
105005
31185
524503
414109
619081
214965
196557
55937
470134
444125
385457
785448
31440
660083
966854
999895
327386
128648
584283
753727
157968
831042
571438
281075
37785
752992
487084
300356
534681
665260
290900
678459
802018
926588
691705
447474
508106
120356
912486
376207
597463
113851
492699
402526
264087
491336
489078
594442
143885
982090
391277
846392
634053
566561
277496
209153
700361
284828
207884
216777
549996
524448
896641
441408
157571
100785
708181
351989
452276
865952
374793
441170
925094
741009
610985
244984
750872
654760
513641
610232
901453
284176
224811
409322
673061
488360
552285
753902
322632
237898
713472
904381
648507
600952
741059
135018
970452
28261
721293
234619
669322
219230
877914
804894
653606
54163
827645
990922
621654
158790
936835
782323
169952
77839
898936
561257
697204
500745
895043
440782
378906
78365
876012
274098
704394
590953
359871
990029
362778
814924
772744
970200
951762
730576
820477
960584
333467
16117
829307
162792
971222
304662
607017
174674
338250
62074
320825
608521
237045
103738
314253
700022
753283
107850
551158
899838
38492
514469
689431
920828
906904
573721
136872
480032
861198
617452
43286
922083
294666
767914
590792
686182
637084
393036
471229
116902
197261
516103
833617
650334
630573
141166
295391
255482
6664
753732
231039
476275
820471
312610
868080
554443
714514
656385
717969
717287
720451
782629
542154
597380
153846
475431
107528
136471
341356
709277
81189
470085
199471
466919
907429
827260
129376
815385
79836
758188
75820
51200
644398
646118
26141
78035
104239
714191
720269
770552
470440
290368
432757
420911
970363
859454
238883
140511
684382
546001
382602
823547
742595
21891
424179
547729
18456
758391
833618
194095
989866
20835
342579
738738
816741
415403
659027
151020
320374
648859
378571
436657
139601
276737
902567
472511
483278
121701
90965
674439
202606
899110
626361
45660
507452
145331
219230
34359
359887
941794
681286
787556
999404
980592
553314
127117
914120
552726
716381
914145
765610
200196
5842
781153
345455
387261
963295
664903
405288
963534
400465
739731
8606
834860
692798
900403
973237
332137
548466
252430
61038
212883
619073
650605
161542
361001
75836
70
645052
609211
164734
354471
469616
264989
764838
636796
503463
673863
906655
884989
140779
809612
471258
337910
329871
874101
410333
790324
630736
695418
950261
31689
434519
427676
991047
685885
405724
415010
686469
772113
511460
693485
659900
873392
50666
228154
418377
626421
670044
71348
420844
492563
685436
724660
667892
812773
214631
886934
400986
777107
345779
994105
299882
563805
698929
622226
945436
824711
453330
981549
14657
710754
552357
710786
112985
863986
528510
690416
84865
939329
676019
998873
163017
611263
21824
614745
423908
952468
998666
731683
415353
66756
677056
208442
666582
790974
566046
266122
640964
990913
521163
74209
517749
964908
354787
579085
98970
85088
909647
552530
83345
58451
184783
442760
806012
426228
278809
158607
102189
121526
361243
839920
413757
998908
327837
473746
876412
230687
48834
155670
504002
393247
77933
299791
276836
624995
204673
40161
660354
639342
195648
975861
231294
278241
973013
353686
137607
746663
455149
145451
547283
877248
940927
816401
364331
707246
597293
630613
784224
265910
3138
786699
187163
149843
35803
808973
675602
974781
890467
964051
887959
460560
327415
281260
911818
656989
365032
172375
666735
222282
30814
993728
457050
197798
442393
723418
721863
512973
285843
198805
218694
485876
824770
497853
193171
724882
315066
44143
351172
938412
261166
601272
347739
757883
454358
593483
462779
210811
529965
218719
798584
824659
404114
643683
864519
194652
270414
961823
74516
825871
665525
836776
54771
426896
11109
413631
585710
631889
523756
52040
289597
235556
306310
491938
415571
518305
655875
907559
335317
509360
743239
496833
967589
949748
765611
245351
602589
920405
302018
934579
216600
229351
486134
290274
639018
298364
812688
772391
947311
596419
879574
626284
415361
502811
539406
806310
876291
482360
405985
547859
607002
644016
929115
174227
888380
236259
19855
154913
715424
595525
636759
110764
127573
138506
915577
957398
146159
239596
232934
668552
907868
854556
312156
432944
390932
868483
34155
211416
397999
629107
202836
951012
329808
16047
553100
182568
764607
586963
405537
661091
885397
544929
419764
101020
475216
223914
548708
681112
386630
398358
216012
369077
436535
394448
258594
998695
106555
879184
18816
783564
336026
683334
777855
325165
552826
980896
958911
590675
615731
389496
98052
183428
937535
971741
610171
420889
90445
793981
964826
838077
610740
736428
52005
756740
606148
497171
155660
747429
569401
363448
286898
930582
444873
615717
920712
214850
376029
312440
342744
778986
463580
358343
863326
553429
712354
989933
534928
847349
319119
975733
673791
622232
567612
75106
2901
962119
702793
24409
723390
768639
228242
261612
165988
327241
788992
132484
531090
811384
580667
588778
466426
91903
251325
739826
439314
800300
565250
494148
675416
561349
25372
370504
741623
108350
273314
736942
244034
311700
905992
168983
781853
797768
599370
745571
270203
958523
659651
223448
704513
783331
774362
881643
778953
906087
654939
7471
805252
535901
201572
157591
239415
785437
308406
959017
288358
543042
419307
107266
960910
660925
85127
821376
957387
281173
262630
886543
261722
463487
690645
634131
110393
885205
178237
720175
793259
340150
496250
887664
145879
909691
236363
12378
194832
658321
968930
63117
83632
833976
941018
210194
179741
108759
329992
464520
372973
202105
838569
96357
944998
815912
431035
428971
789662
439076
830633
619946
34881
184064
113886
490155
350577
64794
508027
478080
310792
153589
623651
524198
112633
364661
422963
269844
818772
868278
564879
233635
809832
24009
172184
633113
435458
691083
182137
544019
793684
659812
80033
690127
16945
437273
852171
768851
109365
131343
600312
907326
824002
817117
634815
872873
690725
909324
467771
187898
604118
714990
864098
889861
336798
911192
595893
880350
530067
169341
258835
750847
857215
434984
912809
322258
950559
746389
991556
440285
576519
884461
699975
357576
47075
999581
720504
297099
32088
520530
418100
6392
526536
42130
465475
24354
214708
968698
784646
174249
734141
707536
900685
773475
749123
333956
923013
571625
965166
902536
280654
428603
565643
325065
48299
651025
151182
293192
667411
52479
948790
869722
722340
934019
129998
395576
740023
176175
46543
792260
853774
822573
490019
767385
352618
783796
173508
137037
894970
456710
31619
42054
426157
604707
443173
408949
375465
660686
890663
561652
18708
285497
356707
560504
456975
710479
570123
328307
88514
180638
653521
168265
885458
384224
480233
457004
431919
984612
995750
77462
929803
114782
846145
717538
733413
117319
422521
731400
314307
466354
887508
756083
635454
553645
108099
574721
9079
50704
308195
989206
794216
915109
935328
403933
796053
944308
296052
665821
199392
152937
920845
87091
504892
810148
449741
992370
574074
599965
105707
392788
796927
802162
988599
742427
331223
503759
983866
495048
595362
41593
124091
162231
639020
824311
783326
389269
697435
198877
17000
147263
313025
238198
882205
787641
338897
216781
939274
758408
618863
740952
974687
270637
979744
694146
699188
267646
445665
214548
463404
344034
228755
971455
313847
72616
57491
195912
847089
772869
337576
600592
188456
840104
871382
920703
78971
936572
993487
168077
750493
502329
930121
23597
32057
505383
700459
971158
558320
682673
778721
435694
399421
977634
103311
661013
75322
578046
87009
928204
255804
451263
845825
764993
324696
974059
390434
675960
691081
167566
411449
99223
42
419034
623244
149582
5917
843543
816290
547553
655886
255112
659994
916307
725074
800860
975704
259825
791081
610509
855834
917240
421922
8601
393897
421348
646494
799579
851882
315606
79340
152966
675156
571168
79252
522749
616828
567152
89647
776337
688588
997464
706099
558807
411474
270198
647821
70629
899636
609669
335847
35818
834562
936062
538057
600679
612516
107756
507675
879886
433970
714059
859464
609845
21538
421788
725183
301431
853596
395016
311251
986663
548714
868142
968259
682098
683787
610379
908307
233296
505894
360773
281177
829222
592796
682452
319636
272956
87286
508941
892725
327318
633918
266509
846658
211697
888105
835134
245328
721692
511921
803913
921262
493424
395841
833944
50977
349421
414730
171334
493257
104114
569907
334886
190114
54232
384621
286061
440806
141164
512100
440189
217808
118280
269073
48975
423228
212941
470188
815867
317674
744319
400703
310247
475618
849469
939542
622090
432881
443355
210387
667804
478801
761246
157662
157532
358119
190227
722937
467709
699749
136716
889073
572078
686480
868856
255216
422277
260380
658910
341936
32711
42547
739382
181322
43734
289940
324324
459820
680951
285016
407314
570537
288511
680656
634536
575467
940890
931403
263275
749892
707128
746420
239
935073
154197
367063
689018
747231
141859
913988
825015
752056
289109
340876
59092
322006
959818
170536
656889
777352
783637
107834
597732
765586
164773
532843
439653
447134
981142
733171
940211
628881
95571
252279
356266
534777
545061
988236
562914
155042
493277
905369
496109
754376
206298
702363
732268
330214
444344
131267
923726
559405
661525
88122
935143
557776
252033
355012
692521
464188
310209
820098
262401
765349
33344
511633
134160
400316
355475
260049
160580
489213
384487
545216
253011
209380
886410
410884
447380
364607
444754
674567
879226
285023
703918
950396
86509
926760
490055
684801
650886
812552
392786
714013
342759
951044
259381
452264
939381
810158
816339
43978
822900
483699
980150
307931
435709
973392
722584
923562
787998
994213
993550
705498
894990
127650
753042
848358
881035
737566
957803
547844
868882
854022
128699
527335
898683
402482
242085
306591
836398
456467
112728
564764
396229
662729
390845
400080
179136
507793
352633
341554
495199
755420
160159
944542
952864
333498
252597
718105
257237
478325
339681
407283
982497
418811
967857
18437
552015
722867
287748
332378
630990
371696
138647
340458
207565
184835
257136
944642
609263
323050
596193
485439
727659
150503
9529
973432
139076
582764
204237
867644
90655
260530
771998
403760
853318
869225
846887
351451
964920
241866
42950
455613
917034
192584
218052
252377
52895
16549
937603
843028
562719
64800
666243
611382
185175
665995
374672
394189
773772
977403
346764
413680
807549
503514
131605
791265
328725
192662
336466
975308
455370
344252
296287
446572
302549
725407
664786
365965
129870
530418
75370
703852
564835
81910
716948
666490
811636
297996
283097
875903
525327
331884
692327
405660
10051
979566
90297
310633
811299
963846
930470
403453
670553
45581
108676
919947
753060
397690
210678
793449
598127
334575
448473
482156
782159
702000
345735
734000
328729
679086
615430
125428
578270
606850
350737
346146
501765
281653
225856
79019
26435
369083
676630
112785
936121
105793
759335
417214
179625
207388
501476
856466
567574
526624
388037
185402
200696
472594
849937
534011
316377
195829
836173
484175
465871
743872
514559
12902
579542
397041
800733
482445
82825
1659
465367
630700
81597
487963
471294
280361
176891
845961
395535
806827
648919
760841
160160
322617
778609
913504
790502
499584
738376
609764
603809
63283
243766
643117
444901
448397
405580
572712
113733
133362
731146
202890
45661
584755
425275
805920
468924
189617
456747
867973
134124
814552
513926
641582
46432
354893
988175
914719
88250
104611
883961
250752
871286
570310
426342
411274
487158
414522
129337
319388
584746
798590
882906
821482
764507
646090
849734
986196
978517
427128
850255
99989
543407
30399
50615
995410
28408
438105
37861
710930
263680
54471
852674
681101
382208
445355
845939
366877
701927
982034
442611
772753
830722
326868
327499
904097
582470
533588
356977
49659
299261
255587
234107
95996
591691
432001
397374
953082
981404
650627
712584
338046
692973
891984
389749
997455
690099
499397
176690
832233
878699
68857
597004
513421
572799
612186
774836
222450
231058
526262
910417
172889
915369
702678
345474
701310
814837
228165
88367
393898
406849
964206
377738
666341
40244
400739
297512
570761
475268
600442
315766
35571
230136
629458
207385
489362
403863
654835
514406
476897
646194
291091
43899
189361
358475
715189
972344
793823
195041
981356
790429
683558
575833
314302
470594
46413
255050
358308
648237
744129
999205
25389
560083
479677
567232
760385
99502
168165
1725
396611
498039
623987
641627
480720
470145
952136
816857
431525
744818
617380
5890
419165
856926
356145
825690
380887
253569
499066
680739
766710
671129
328505
274828
245250
673118
322637
507895
5931
361823
438922
620966
915374
424635
945899
211265
450385
841784
234466
625734
725768
138371
227088
979981
414906
120260
24209
136951
821533
571229
419886
244403
687485
375360
794614
472364
441500
550954
225062
715474
990592
711237
95812
746584
313988
792909
267671
810104
962740
295683
151558
321091
78079
141224
410102
42727
83109
716616
477796
894836
287402
376815
790381
299294
330870
262715
910265
37537
425612
725773
203397
428095
771813
247513
88972
113253
566249
485981
780562
259628
766665
664879
295757
305531
369275
457902
671088
481737
635731
993562
977941
470720
791419
455104
462662
945661
734287
803086
347175
183284
183959
600325
186116
736305
141986
626956
367859
282873
26811
408736
998630
866191
713035
975401
39631
635346
81995
243752
707952
380163
851875
423949
641086
431077
217188
244325
198129
758077
534495
17969
924331
581945
642144
264338
381698
684205
965642
606368
326764
800056
85904
324953
555014
50181
950285
49846
125057
557102
925377
969113
846569
133946
761705
970723
115731
457287
600570
209251
334115
628995
523193
352489
794551
622740
451962
545208
475188
128408
677171
981849
889259
944262
103740
369100
623399
751987
249445
101274
678229
435569
895987
117126
54289
10898
654265
575074
939145
691722
847696
349949
875856
916786
870643
719738
434369
274025
479097
629436
910
158933
208623
814589
532644
834311
33873
164286
506812
372157
966437
570457
100033
696577
79605
322994
653913
352814
422375
263052
741587
335186
641594
663991
165675
115055
979231
920231
191804
962268
911410
861985
869187
990025
608851
402830
783819
601375
404838
711346
211643
474502
160419
177462
735928
12160
112474
752545
873144
8690
855303
418341
54501
20227
159757
414230
891945
417437
658323
826485
517276
531537
93816
139499
344712
214615
154292
741841
484373
914419
369164
856300
454358
98994
93617
994806
459630
567956
828726
527319
814688
845892
104685
512051
13555
767554
148253
813149
48830
952417
740833
329257
782997
836012
838496
737310
120272
229668
798244
24394
174260
123173
594329
143408
202497
1127
599780
865757
36312
769119
665374
807193
490758
74181
483756
129464
698353
587505
453948
283856
72285
77151
700958
48900
530780
863953
879932
148543
842128
90579
79096
47485
532126
498842
417313
534019
230129
370246
801425
811503
203368
864967
540901
468586
467549
65947
956186
388409
334291
246389
749761
333875
475899
472122
811742
906509
144803
912932
190819
455121
861564
85513
301636
594157
548678
765302
644855
158184
978650
88821
532170
234415
759636
528495
204000
407502
286683
54698
990921
72826
98382
96114
332477
423819
212044
967766
944053
394758
403744
910986
122663
710872
209159
124330
373532
368736
207648
793438
199087
30179
595568
405272
820452
44771
790414
936378
408738
19913
980273
231637
590286
288767
918036
134093
113606
965210
532867
433560
846903
675829
654086
239973
341852
176665
507815
363801
620563
194584
932512
363956
408861
953401
245926
115026
914802
328845
868236
640334
174335
241568
166742
818625
716798
286539
226651
675496
35631
829543
511189
850020
840248
862684
150217
221210
41366
763863
494029
294586
518655
412442
540795
799005
81046
265261
634417
736904
435914
162482
389441
716942
289612
216086
534588
22865
860523
805283
777558
608616
942925
372019
610294
861405
407372
774591
211933
554253
431594
362518
477936
900978
790195
606697
447779
629566
413742
124291
283780
165021
135679
645909
468257
963549
934748
620591
259736
967978
456106
34635
963833
360690
616435
711812
946329
93095
363270
261540
868854
516067
637612
116250
509698
766053
351746
336010
345102
458681
911480
990079
893076
766966
652197
534972
901281
856289
515012
619632
712733
892336
538447
647879
65656
930472
942902
781725
985139
367911
406268
421133
904008
982526
293807
294440
804792
478518
822274
806338
226863
49780
756808
423398
648469
571959
486223
995497
107699
783101
160855
862172
263040
520005
698990
517595
167048
696688
633385
216130
546168
366977
663872
580607
515144
308419
995911
209219
620933
690634
202885
31955
308858
676241
831027
850235
581178
741763
391826
666657
885197
358997
923625
721335
824117
535440
280666
371978
836635
162412
592672
73720
724443
895192
138216
73214
48169
29783
32136
370031
615902
157700
633440
520641
295331
826870
544140
744130
714425
295102
472131
651240
847266
49037
604943
544517
430191
328883
357097
682713
92263
991682
1520
849474
537873
303825
211142
197966
191711
842972
422663
493681
402295
912265
967847
799698
571550
41797
248551
321471
388355
533069
336436
913025
388774
873545
379804
113547
684643
845522
15853
42572
96927
178260
271788
256036
558030
99471
16175
104563
47582
504184
270936
202892
968707
354492
229998
498824
227552
653348
592793
524279
988431
201683
831610
535666
751181
2797
857125
664268
76549
574546
844220
225511
105847
728648
426985
392418
266245
932151
804727
861680
178714
940301
423310
449540
232439
59010
19209
888296
40411
624630
909942
130413
41103
904502
834857
454077
583307
270429
162941
83468
783304
772759
235368
736493
759331
640769
323002
198465
942251
933292
277298
286922
147463
829249
891453
757213
105799
916158
279948
875894
222277
358494
611472
85862
490935
703319
686165
80039
732565
223485
813880
665232
341409
860804
478791
560163
946904
429602
614387
649476
147315
530963
392564
156357
900570
809910
648506
123036
628518
571477
988363
942774
675985
538818
1341
448100
246909
517980
133074
236788
851869
542129
645995
560987
221572
955837
89387
915597
598984
784977
404201
916463
772627
386063
559697
110308
160838
710610
638936
255172
581065
552426
170393
603499
16435
942149
128209
715053
361107
230633
398772
118631
367833
963293
599273
305329
919140
511400
888105
144495
147945
939825
828719
103047
845692
936581
890333
840621
763583
505271
162155
953241
131364
954978
418444
255962
99552
379786
606943
503492
58350
458273
376974
174021
715580
639397
943047
970134
236278
806310
902997
187213
851310
588838
391130
562447
189413
611865
317419
621346
418041
124619
502536
889824
674986
555809
772342
620871
767946
446711
961915
260206
365505
676905
819318
653906
934842
419245
938840
459855
693934
409949
87235
159530
104459
517587
877245
823819
453632
40494
741009
22792
380840
544113
998594
502172
414416
582474
869933
473014
136871
80815
972282
969774
75393
497636
165886
410578
81735
662106
911409
402399
782719
947505
112263
968203
393460
331102
373037
418815
966658
509928
106337
485346
685248
275980
129646
670545
328010
490945
239939
994795
162281
765462
859183
535368
343074
163575
466364
812745
420056
392206
273573
213898
81950
972421
174132
609012
171997
343850
445948
481008
475614
870700
927088
658422
635317
654338
786911
637571
845323
237611
249997
68713
167430
124112
736559
934144
584023
362181
329858
263930
493663
986414
959240
726356
832063
40702
424032
470889
182203
52827
846273
696481
674058
692382
290003
984710
437564
393590
463978
295991
814024
722156
582495
414133
586161
223681
773069
529307
488341
643955
547109
451562
429330
751390
810223
956482
924245
892416
699421
773485
477568
353813
888653
510934
651127
413153
821020
49559
130248
554380
82657
455792
885749
594087
627213
859219
860958
622796
519517
542299
434959
738340
675961
650333
637028
582979
822189
19159
794389
933165
42881
108934
144482
275324
822
204307
193372
192089
583712
371885
519373
331880
352667
192306
415557
811904
140139
489862
943234
710551
143604
714375
440123
926909
364626
370711
355145
351551
442518
182104
701555
208300
5214
18934
889364
4788
723536
738269
295531
820459
971955
149516
543103
55405
152233
140993
943853
565916
433549
737556
882959
273797
764773
644640
989515
281057
572804
381852
815157
984055
145535
934343
943458
742495
154505
225090
324426
301601
41262
922167
752921
204923
502185
674999
126546
206593
24290
775074
290016
339231
930375
24127
602299
453050
81925
899244
888307
571445
563299
145071
29213
272016
92347
359402
38231
855722
951191
959981
955512
398631
647716
933606
348313
556908
181653
705843
334139
518087
628183
244312
483219
12268
504556
312716
307641
214363
682983
182574
707433
427485
856899
268885
648115
859884
35359
391492
163333
811890
280026
787965
548435
159786
411335
510316
636768
604835
161805
792644
724972
705251
372382
131240
468474
974632
898258
117503
503869
889674
745439
795946
953438
684924
310583
145682
245997
442993
340094
990874
240609
509275
413479
624820
648333
758734
906410
143823
874018
898051
33060
339630
809499
696633
969994
768532
617161
829558
925067
517787
581627
716780
804290
674661
899977
565238
773461
224425
387965
145857
317101
620463
114975
987272
50258
312535
412124
613687
176865
493459
928338
846193
921069
943220
839995
464749
175280
55586
980083
105723
37484
630822
719399
284261
845539
228897
404508
494064
316975
497696
575385
175490
991295
674311
542771
393181
817966
294825
593971
810633
467585
507834
466789
719440
708029
979356
120640
970083
926627
189077
443117
979867
392970
507234
195062
237657
146967
279333
59596
169678
591898
75705
876021
7894
344904
690982
175632
830719
367249
331440
523718
397097
122974
577354
543183
318789
22761
83304
167710
156351
703224
507186
494570
170296
767927
66964
495898
210732
830001
763890
911181
434035
210539
458297
595331
13091
481501
2449
354027
283026
413710
411310
42121
825
649290
779718
493123
803444
323139
198365
3849
993573
288194
764155
960544
226745
355784
425088
903497
468931
126149
22862
224018
230340
255732
410276
985464
580620
616465
265995
445367
672121
371320
122728
396337
449822
846108
640114
198070
475648
910816
647870
622582
605114
163669
387703
835648
474752
445713
258153
942518
490496
518056
338812
519760
977636
331402
83773
544457
552756
184761
300824
860969
156377
966308
255074
804784
135548
585189
951699
205532
886157
907476
808785
652312
89696
959494
297575
114433
421809
50854
76756
657173
96264
366189
185664
793018
31928
288961
194890
451241
772673
193384
389436
395573
48085
860775
341216
851452
442872
76731
208876
185576
864448
130675
677784
223266
649404
952104
674256
267221
818033
933530
505925
816986
484415
90025
85406
549125
949859
913517
898317
845579
973014
109362
818300
402319
936338
354899
464165
33224
374132
528305
35457
210767
222397
545681
71640
99338
641586
67984
772471
971377
113188
932803
504448
15674
10122
834863
206683
470821
937034
220513
814347
21798
714006
639596
981403
551914
495411
33469
520758
169351
239957
94940
741974
535941
611623
2433
785493
365699
904039
2705
103071
297672
84589
336180
559305
52135
190283
13267
669114
390286
615248
522867
753863
336619
145639
431785
657693
329146
851293
491001
102423
447600
60544
672847
394224
423421
858082
162969
934482
864962
840573
328191
306893
504911
959472
455552
368099
400791
969512
12010
393280
373747
425306
199734
464903
514447
819372
699902
367751
48181
280883
615643
996492
332532
615447
180511
396498
664300
130195
615852
540693
934393
8793
748271
913348
740602
577426
861757
947539
735101
309315
224584
885359
660489
766987
530109
240717
666759
938377
868862
806236
252365
436634
206391
337305
241288
523968
101663
782272
210566
420702
246477
499680
662750
272032
277044
45704
480700
112695
208893
778973
220301
456770
249215
952973
230787
519880
646302
451294
774341
10146
947517
66144
952951
903862
378017
148929
303521
555805
933859
954175
241662
894758
794385
243256
415460
584308
114595
789085
711882
836546
266325
249157
859323
601799
347045
290270
195542
39733
905067
420030
818239
35739
568016
775319
513958
185386
815660
250249
601394
619476
415296
451538
603529
682576
51981
167392
141054
855802
929167
374343
81816
923160
540441
873358
895355
599480
614862
92324
749430
666485
189305
805616
406248
3288
753482
24774
565263
116954
555502
2613
42799
235719
853449
396157
2203
891135
930131
985310
200675
222423
353036
475595
13978
295580
555037
133822
561922
695415
548813
22437
527510
707820
784028
812730
113524
16253
737600
307376
758054
775403
844025
870793
969356
819484
453971
449284
217063
93144
34360
133108
11524
722925
852143
519852
986691
31539
852277
518807
209730
316138
93750
725092
74411
385343
477224
326174
57112
274990
643333
666585
548510
137729
523363
310152
110205
446902
431281
701548
454178
100478
140624
198695
860566
700258
776715
365039
293063
809344
37813
405918
231985
731764
116254
626405
102505
838034
555121
971937
577030
915087
148141
404614
176684
396415
364414
81592
688822
947192
570359
401144
719295
633110
214383
886907
434062
995992
949173
604567
285276
848232
30129
47894
79042
947192
75864
312941
346307
924808
989643
519942
856948
575108
524685
386170
902532
927561
507807
859995
908332
930504
53882
935084
429044
272515
296552
7924
386526
679669
753152
854759
230580
535951
337285
358953
851100
989177
714367
918446
280581
716490
762771
200468
559473
151672
163257
724569
398916
852634
74229
40785
591625
740557
132365
460018
474090
932753
1877
887164
793244
308864
439910
200707
387287
965484
189933
674523
691587
428627
380831
222
106031
974593
801482
410524
763450
851139
368519
937440
177876
69379
302284
927643
547743
741509
434654
501488
118767
502141
970403
591259
728560
247690
707349
474879
755239
949971
354515
931786
162449
75773
982418
131847
80039
219846
611184
46399
840451
375745
125865
721165
715868
429806
348898
149629
33837
480565
709027
198816
705397
24127
793442
425519
750743
860530
256506
394457
971233
242951
677371
934060
946921
694793
517786
968092
234771
583851
209929
78194
935216
526278
245986
471187
298113
457263
747516
411563
837785
372722
673504
829431
794912
381037
203926
576365
311220
590666
699864
992840
525417
420058
244328
61875
421105
627787
646781
404689
240855
37766
41945
222695
339173
935
341046
258215
286118
328538
493790
309146
371078
731790
252058
56937
735509
182169
431362
161351
382762
802280
403316
880766
839524
404193
272159
976853
553228
808407
248575
817307
786006
35753
898787
193044
64519
842104
273321
479805
209200
448962
301516
728956
930200
649056
124180
832233
901240
749464
385068
5427
936991
246304
725712
357808
628854
569584
33637
640389
256926
682818
685538
671278
331061
765417
701996
244267
373176
713035
973952
576328
316034
975293
992010
597703
381043
101113
236626
372779
662572
457150
824534
296548
829430
63557
754162
491858
144258
860763
728443
290871
809547
714400
710892
662142
959448
459610
594744
534498
871645
157558
210110
102205
40641
897373
438619
813742
361019
61423
927961
223461
739541
676639
102148
215310
957843
321707
603933
293975
617709
628662
387688
186656
659063
795779
565728
841406
55010
929680
156619
298412
815451
206029
591464
730703
379345
165688
611972
946085
158932
873750
597036
461001
515801
944591
925756
443941
860826
573159
599638
246772
718682
997973
560751
889330
975878
244610
268867
593251
138679
414815
280232
352701
208404
546083
655872
581300
665813
279584
729417
311904
243362
112961
951567
979980
506329
932450
111808
231069
524271
561228
504672
673437
985197
631499
330067
730979
913372
157614
677848
792673
82556
849051
138261
864714
431597
425164
547212
160478
387889
888682
537901
43539
854345
93252
767942
791585
884155
410220
972822
303146
497269
365486
860863
878533
396492
247790
748505
854438
129693
446493
30179
265515
770260
895320
426772
67589
732619
248669
837839
945217
689930
567530
570230
246578
341677
543604
747478
116541
775203
756993
499200
233537
510226
179042
565687
416865
371288
731985
866309
470255
279917
101283
386536
782774
363620
782697
117226
140452
891664
779049
524942
161682
47747
341812
83814
598386
82866
832548
982018
392660
383220
269492
469698
305429
206185
106748
755917
977508
489464
967239
180634
653938
344304
266386
619627
585718
950224
106916
484762
518746
486242
579589
557068
722949
694466
518620
587266
939590
500540
811112
352462
429401
13651
82779
94626
250650
858014
46286
445188
166979
573902
710309
445725
876259
253962
478657
657841
249054
248251
852315
226922
984091
430883
124548
116301
231118
539112
850038
951374
502241
823023
401301
634750
771393
992996
954376
685794
998660
264213
41135
755424
907570
881278
253120
167315
975735
770848
169089
921725
173027
659466
762596
793244
537115
278969
604922
783445
883744
966939
288213
75213
418361
395312
24767
506071
980032
323593
562448
408263
817799
663283
781808
712869
414693
431021
514026
326846
576736
534356
941032
851732
413560
993952
580177
707189
631566
603335
302460
687785
215728
132479
237263
718404
446914
184161
5944
323932
189450
332009
700104
411669
434007
761306
644391
925400
76815
246974
594936
240866
786260
107531
13898
726904
141330
543009
601655
360569
256808
622640
822813
376332
810929
68919
913014
790391
79278
800871
717271
190993
96914
601894
16450
304976
541801
778095
713831
759036
12517
188182
604606
297413
270918
928233
508794
156591
373477
176627
552810
22315
767134
102746
315185
184002
914648
773864
519712
453034
732339
947110
666157
374523
227596
253284
137427
200123
358127
639254
893573
173717
79194
372249
947792
729449
841514
456147
350604
666877
883301
887223
361470
999632
559459
823976
67469
872335
466777
758581
247135
33057
836419
567747
487568
560669
633774
604488
235279
746267
470367
670451
163476
345704
977123
573354
109505
