98973
298423
281063
655405
422566
742037
380498
669871
986079
43275
439929
480088
981961
963752
696819
898921
664143
789558
701730
955848
638811
589936
676896
967880
772888
280224
655639
467408
340817
928473
646768
529514
883832
54670
918499
494186
486659
134670
641389
328057
639153
758237
856224
880445
22251
126192
157652
841574
68421
891076
364923
934680
533091
331611
734226
61936
403193
892500
583220
399733
589098
52006
914697
677597
663250
450489
835035
175609
684895
409441
781513
779838
292506
727351
447572
808816
250308
963094
991638
106732
325147
634479
447315
603475
847548
658058
635688
721231
591778
106777
92512
884291
592460
705786
719782
547603
957565
381194
409748
508364
151069
890081
227049
255922
736637
961133
703898
391653
92152
436462
319679
160175
868788
574667
972846
285549
486472
944976
349285
95895
360120
749509
21152
851565
875739
527852
204683
969087
348446
989654
122770
225625
411361
933602
46996
315338
473471
549843
993013
841040
933035
692429
96274
469986
959285
359596
561488
482138
812012
941569
115150
460540
62750
578026
100089
39783
411515
676429
282109
217430
32216
9905
398744
284051
285839
761849
280651
745594
90115
788157
132139
429862
586625
396102
447572
436794
952450
533158
164732
618830
144461
862130
644837
429747
661433
273246
20396
346085
131280
62515
702655
540812
401167
624815
473580
751279
455691
474041
247956
623606
901613
696831
32638
847194
283614
941038
715144
243819
594942
428685
851896
735037
184717
111286
363696
139824
8428
798387
895168
847067
212478
648113
124438
347093
102121
703523
281040
507359
594617
531190
839218
344625
957347
944812
734643
963167
725350
177048
208946
237736
798221
672885
814214
825628
355474
155810
216114
720423
76892
963646
949495
550653
334185
911708
370372
988644
314055
101987
780873
952921
486077
323397
787689
230176
767366
168346
482190
39467
493373
627096
84246
98534
953428
264049
66923
289117
129982
513737
873584
830539
618605
840531
736343
78976
741365
412103
7375
239789
84752
859650
19355
178447
384571
274425
535998
136694
876029
272283
155538
702130
138439
738883
444088
318169
78071
195287
107498
799094
377655
635328
145901
902609
605314
833094
966050
304599
826823
937735
825786
143270
337445
361107
467849
493111
264663
61863
470964
643177
639209
448516
260357
810918
690856
43756
212893
788340
118105
750137
984457
347610
919263
123354
442349
516396
326336
213290
861724
81270
423617
401518
444490
745537
289325
492011
610137
29188
797685
276450
719567
206826
495985
209322
888553
385340
784900
415720
941256
148012
147230
761452
322314
940733
393308
557803
501428
546385
138954
117013
357195
477073
680584
92243
496130
619315
801674
145503
873165
640619
797945
746047
960468
479472
313079
915807
39747
67497
590080
205066
127166
887220
41707
124421
626290
589971
717520
12744
523399
759092
875076
716826
879345
324124
131968
867720
807206
824047
11040
402753
290218
393502
363911
298769
698565
944813
609311
379768
626966
903200
552702
439398
952066
661569
117796
658390
673989
184785
796129
726660
702184
831049
998804
240908
881811
663115
317453
155425
707322
202666
826644
867814
474803
834386
907139
739820
38760
396310
147150
771337
97704
561813
813475
931985
337112
297607
891884
320948
88710
242729
920370
595764
29278
300355
805787
619649
832245
726419
727124
796786
333315
854616
290569
323746
326958
399548
523345
169381
504513
121438
208039
83686
935419
325308
984467
588318
192260
41594
90664
221747
999738
246353
349350
526443
144170
324439
922559
691019
852827
332390
100599
378832
578884
239532
320548
961289
566621
53007
636757
95951
773842
959290
202127
223650
292756
130505
151155
874722
272970
597261
882107
21287
15078
119356
198627
388669
391378
534904
364004
739263
428808
498106
149211
762319
6401
940827
282825
928815
515781
549183
986612
374399
41889
548190
157994
822931
276279
766064
70309
550576
262447
276149
905546
645795
150347
256798
829260
697727
374937
567771
341741
304945
188545
267074
214117
613569
887870
798297
914907
552935
707690
55104
17744
325000
137393
413950
801499
609804
140904
220774
789199
824221
559606
936933
875384
256253
135536
14699
126340
962308
235843
272564
212415
328309
882378
337138
216631
165500
822528
962265
176511
200519
163087
684678
417102
389758
527367
895309
161799
534112
455978
121182
813459
380027
743524
135442
696490
246088
579800
917208
892465
146465
492373
80438
595134
916831
753127
419710
544503
564116
254666
702288
803224
491234
591610
588742
734226
838902
846757
746496
348241
871013
664706
836875
761686
58081
678203
63664
924292
780439
95878
323159
450806
928745
603346
18455
112461
511491
752604
882843
877575
280668
862432
686450
402826
86091
292909
342706
49537
498307
898065
93322
592797
208813
844148
707811
634109
954080
875585
535923
867368
527616
929727
293854
944887
526128
479806
850184
947728
808053
117036
125627
302221
207400
166983
466162
803386
310167
335789
889984
693885
43450
725007
680864
692305
350157
564228
390234
404459
426575
498873
960270
616509
350357
673671
822112
397016
249739
334109
476928
346028
880840
206748
687380
848811
302605
914498
464261
747788
285915
469757
397475
663084
379694
25313
892918
683534
31897
110837
291938
291331
818751
42344
226229
421925
156587
328161
295249
332605
723469
928372
948913
62340
643282
770160
218969
546887
402910
972885
135902
519907
547817
510819
52367
920176
556403
317453
546687
270907
623717
357005
322352
32619
342278
233233
643166
356676
840790
832595
482853
810314
834379
160326
573583
687933
92709
21100
509054
609027
133936
739716
698163
368164
585878
230753
738296
974447
185630
315670
491952
166905
710853
285582
470329
545093
322871
61048
344059
132031
254058
362975
144016
403619
731544
113943
797392
858491
212055
525971
503287
746885
890070
162964
967029
246258
870454
269692
299987
348171
492738
542593
985469
603375
41101
872572
278512
717879
640615
610721
543681
68218
330171
229450
512199
653612
171144
283948
184678
536737
335674
35050
411129
714032
592484
338376
246747
580210
805917
617592
621842
287402
871604
731920
386201
239166
839569
72925
857993
205540
270377
925073
974755
609560
174941
475287
595772
440521
877296
461319
104645
45972
73955
992821
125750
399207
770991
72484
973719
672712
165663
86296
196907
942254
6343
985033
593081
755021
167588
68852
956152
191535
376722
187467
596758
118910
442404
43020
421605
859166
700067
178223
450019
145399
185702
541496
378724
113680
71307
636717
634782
650135
521359
899554
124241
660413
13967
619568
254545
361150
485852
751428
310065
700350
763637
450131
449998
830927
543459
707435
316341
496783
403702
330277
776370
889070
558359
301687
207798
396302
700618
454438
316132
661315
506371
593752
80312
331898
735329
320967
367764
24757
745355
333906
471337
363636
427814
231725
298686
248176
690416
641145
294240
149376
121212
423663
276902
75679
685066
417333
643104
692549
971522
946387
199580
422769
720589
814591
718804
847048
432529
469652
551543
28503
297031
780065
883794
800437
564858
144222
1051
918084
257629
969018
97178
587606
537290
319696
694261
965611
635091
704823
91990
420440
111303
407160
754875
244612
887683
162843
11737
122125
667313
385626
610798
216200
812834
978743
14370
451429
999172
258217
86681
848944
43456
249521
661336
630387
606770
833164
780369
556153
553798
222977
556748
845037
522412
876570
559220
239393
719159
615919
986300
172716
684055
36125
36332
798379
894705
406358
187788
896423
779352
661075
479147
790423
266539
395876
203340
268028
746699
730023
849902
91242
205046
659799
649079
986983
759237
689212
649340
527980
965438
416768
17455
754760
326551
824226
567270
583460
342152
313603
474436
756705
517387
237150
622086
87710
496115
876949
929324
256597
785958
997094
659777
743845
526777
140092
208521
757866
54182
18914
17095
308232
624684
989522
967208
216903
492100
807788
270543
866904
624059
949186
732990
564278
442417
477328
685150
851112
349356
423369
265323
565603
35674
609228
800510
467468
196321
686326
299384
162330
43685
454225
153992
77338
534869
35049
297882
142476
799282
933951
683037
778667
296542
497047
837038
634186
812764
739564
493542
411866
991914
144196
96125
813256
698936
117534
864537
405827
241604
812935
942455
210651
43539
666891
804661
494917
476429
875273
581113
464443
15030
834784
405378
772288
821253
763205
441993
1857
911715
956983
799059
348119
150785
436233
270742
267625
590614
55198
675461
216943
113012
94004
578042
349009
909702
209494
638399
432494
592744
140917
628025
206456
826211
507665
405554
88636
329732
674194
485058
847167
852503
84403
660248
960644
668741
983774
887402
90091
588935
327890
712503
308211
899270
27904
296501
181984
128273
758902
711453
402104
484730
158962
786191
245927
435917
556825
225122
230466
722798
296192
741836
918120
195982
868518
582315
253317
185546
485573
910574
210096
168224
389053
308451
404148
905870
679089
349149
196396
392841
907117
396417
334791
525143
265284
890477
768620
955209
483129
215366
640567
650585
214803
985181
957600
148572
611220
929662
330621
458851
825090
698324
540318
114356
818020
264828
188630
377504
813065
812196
293721
411009
241345
520608
803649
879698
686191
642313
614443
554155
371510
388626
678142
991127
115409
396905
195147
670995
223871
451013
430736
648358
262299
181842
757719
517592
297482
953143
730748
713872
194061
210944
676683
714638
128054
455213
982280
813313
443255
766742
412872
924677
561237
234169
929596
562429
560636
516322
325454
683658
536365
691637
695779
239653
905234
20699
326913
333663
379315
218887
436106
633266
859520
649828
740647
215618
400718
478813
80512
441526
761631
826824
60519
600814
557210
665584
752148
431200
935705
310845
2827
117394
21025
452738
741146
611190
588653
475683
769278
640477
264227
804321
330790
993049
204456
902724
286479
699956
333327
575332
966478
126790
567084
364883
570092
558071
531655
383658
184555
455058
205356
463279
273319
158977
98336
105248
831192
110123
745006
126559
108980
659303
755295
90361
289009
525211
846407
139924
541992
165494
419452
473653
396757
123718
421090
955820
614331
88438
230370
854428
607012
225192
805945
133995
235398
694827
759404
81602
984834
189529
100761
987265
466630
340752
356137
324547
756945
97995
947426
968201
766486
516188
437081
187077
851130
254728
577349
332549
88504
921790
116526
833530
186404
118582
316419
586981
893005
596643
639435
91101
523963
250708
783284
237119
411607
682540
928520
749874
773098
56124
185853
205653
49406
132730
900779
696328
877280
678049
574488
259988
302471
851876
75631
891256
168847
907280
297168
709009
851614
172541
22401
62308
231656
899696
932929
545675
43789
259216
10941
88891
484831
54403
864988
904238
143042
348773
217845
197809
236332
359077
172192
128332
158605
445179
685098
934857
892168
575369
907746
843619
821150
878350
394832
292685
306028
490625
529477
464539
670411
803792
794766
961361
575893
904500
24386
139783
71111
639985
748155
77173
976578
732199
634209
680417
24684
672600
397794
411426
194739
307447
627070
67279
634866
227113
734590
357961
505644
50587
789188
282018
310452
681215
81470
820713
124719
915108
688052
82388
705970
431280
149761
219208
726277
196797
223967
909319
559945
303886
257499
860854
995189
553965
817895
362122
434812
573218
414158
745103
606923
425937
939714
173653
310510
282929
610001
627831
341010
376101
729718
768905
154405
518776
948300
239261
463706
91130
948958
835314
268808
610417
626457
665722
784818
333502
426467
100039
693409
414862
937028
179601
405934
457273
787650
652070
624668
345978
750796
527278
249441
856204
776908
672154
210182
11805
104735
50985
637092
663921
197601
126038
909646
896150
412129
765730
323597
62847
493748
456057
852550
218304
641445
192708
261112
245029
827466
796362
532898
709551
988146
489795
768001
226412
732090
4923
869879
536818
159742
192096
81927
974776
43117
857640
245693
271504
240630
856481
183467
173061
703711
198486
478669
695053
368052
350299
16846
25515
724828
911606
180068
479716
416391
761002
798870
627739
398019
304353
144414
510411
892782
682677
804521
726881
374470
21019
101946
804468
162076
749036
593327
704290
841319
375634
839132
986376
964085
434251
951635
72157
596028
869789
684294
729708
540815
276374
99459
386732
203820
718399
901149
896253
688626
477981
177387
675713
341488
587299
280554
947349
433432
697463
33214
268331
352978
313887
609046
627782
914989
991112
721580
207184
825328
880883
713068
379483
412495
980541
649644
587890
904441
670793
289114
776411
222350
584587
968180
773805
979886
547316
782191
177224
571629
239989
130171
408180
202210
61426
32094
93785
649055
898693
361149
18392
227450
527084
334394
290694
682314
596496
511734
12099
93422
64563
521847
471994
949895
672949
682341
538679
732229
183298
271471
657311
229471
589915
434123
808977
827804
241408
80986
704408
518543
561592
501289
359305
133536
129084
80980
122688
537988
168326
375941
797361
623630
27569
563482
634797
498847
385997
804709
189556
665145
157953
593612
399473
276402
154589
815569
520406
946244
154556
170028
759124
68289
313938
939157
816055
338595
924568
740382
658653
978498
250065
343868
883793
677790
131191
41638
698952
184924
209543
452949
327351
718
57766
822572
545743
54891
440622
906802
448727
456606
971098
350970
319972
817274
967434
876132
392246
37834
546034
227388
990898
520582
286309
881151
246328
910498
569274
390590
205472
559489
424280
701020
514262
925896
433572
393137
150991
521549
119875
550481
827559
222445
524942
544615
901977
909436
344594
827578
127834
526360
408960
313170
307090
660887
508152
295540
329912
272734
973740
959624
486793
50067
201332
543388
945700
134314
713583
895297
84613
498460
30736
808083
507356
308982
778956
772055
198281
310158
244702
946172
452343
469520
268469
953028
888466
868278
733436
580348
370534
260694
576003
900711
224213
664597
713999
398457
341941
260601
580987
272703
916996
325597
856520
524764
321736
777149
957897
421677
294343
224817
264164
820750
406688
969335
202693
823734
774405
331817
584229
299709
853334
977933
521394
119487
332634
174219
491164
285464
579292
465337
420220
297870
826912
590738
641056
937742
527233
834822
188919
483087
786024
291947
860246
237779
795563
587089
411812
139340
24511
624435
59561
708379
372891
40072
562093
391091
267244
6969
721488
89629
573678
396142
900774
418772
238958
776834
563148
357456
32473
512213
973260
849504
66623
285887
654760
549168
979498
162017
312967
545770
294229
187672
656185
495097
179659
292811
354025
186473
108446
5540
733854
820907
223872
332123
891309
463924
285697
954158
64575
245060
151717
857965
969275
587076
870625
208497
817616
322824
695602
782381
869088
326581
73371
313884
681100
244156
30457
954266
230360
885572
166852
477711
75771
255334
221604
704454
962246
6290
516205
971676
171566
140687
566073
979539
319224
756319
568161
406726
886528
697664
67031
290999
958885
269263
911139
400452
693844
971464
790520
505208
415472
268403
594494
669915
341043
470383
865713
636900
265553
462023
693198
653453
210068
939881
120651
738359
716821
683475
915713
84844
472316
92078
106692
784521
162845
82051
54291
755014
509631
339614
454571
362660
819833
10494
917430
601330
52278
305781
104545
812859
218263
998562
52875
440207
838135
613961
713817
984236
984074
131404
89382
108234
447326
256584
580184
320448
668612
787407
664590
608342
836744
680637
16373
983272
997915
443513
149690
950067
491730
808074
425433
382847
50119
14867
384404
426217
742877
535789
920896
735500
536866
808671
711289
409483
533773
240444
535094
963454
174950
986970
276791
734391
286853
450410
982043
483248
761074
396345
623886
287186
440876
432706
770015
993124
463301
813421
922415
918479
587114
750184
17925
399946
709505
706977
40127
886758
951851
714717
23267
60344
58024
93240
353044
886878
769562
567545
569568
123760
928034
456209
177206
732549
805799
249457
741877
681247
195125
432773
192031
921972
823105
159632
915116
201241
567307
28069
335483
619021
359388
134719
134371
734944
991983
616062
964712
984254
740524
184383
598858
7516
514959
559766
312311
577854
733032
15786
354656
422434
104315
700206
956136
814733
322503
747000
4793
743983
219748
304255
154737
37621
521285
819958
503482
461932
566877
153471
740536
967565
860895
972238
349595
952681
252381
140443
196500
151346
817106
793475
930788
620707
821435
592764
83535
631181
239135
133299
79088
373759
845808
488196
326438
628690
908874
350165
36460
587150
988824
45455
279559
13565
727830
612602
39640
712586
972656
468789
430289
51540
494474
981198
343684
639445
901529
844676
556567
767849
820654
114198
91924
466494
9811
982727
178461
489943
807502
280881
686140
627452
604226
530563
934169
681410
875701
138009
855109
832115
322349
32695
621554
398323
792289
475973
662252
188089
59353
752452
944533
387607
531574
605226
159966
107697
770781
762778
483705
903093
273247
413616
255402
571649
859759
443442
963665
946465
380734
568293
13400
475958
143349
859900
1973
416114
795598
537515
527836
581119
355215
27611
391621
130559
574757
399542
236629
332719
968985
498529
309739
311525
928881
396554
357834
743288
847718
387543
819934
418174
918332
772669
372909
109168
999300
349426
159771
904234
738026
50426
58713
630991
967035
477598
940012
238154
933176
317948
775638
640751
350543
811703
108899
701439
137084
710030
615761
661386
250556
623242
483996
600751
577961
705745
305958
922495
558007
974425
825728
892800
462857
242934
749464
405581
708145
967315
271807
810523
960451
921535
759957
653270
389908
95007
888466
278121
61716
868866
190836
960477
711813
24146
835329
320729
888471
656293
340728
391752
251042
186995
793432
414872
789631
626594
14220
183198
61124
918590
73585
5526
493658
698308
838214
723464
342139
729757
125487
246343
91341
809768
482214
270100
502166
620272
511422
709727
673052
443069
468885
454445
670298
598662
927638
603797
260896
916932
211944
582308
194760
851681
350455
584800
396624
665423
917725
841898
229593
944310
675436
912252
559867
767685
408218
359826
311043
42346
149898
649190
491530
26972
498419
684627
548787
893909
282415
104283
915904
621086
296354
320836
289361
167810
708101
208989
725691
524836
101582
738014
314241
185453
342526
100717
881394
42909
823815
628157
831966
463555
855063
515089
804982
678344
399429
240159
65279
258405
268183
447823
480243
132404
792685
59426
10356
652900
664782
452912
455982
146887
456910
337545
189896
875398
140888
629949
422854
695092
397470
572088
948862
780607
147098
382661
440948
794051
188479
167603
574357
769400
896897
676437
615116
263116
686526
259811
100933
287756
29447
733437
960956
221755
839759
834000
712897
67269
831856
199697
758154
611661
270996
633255
167028
808611
815558
629221
330008
687953
805909
839285
274758
464340
76130
865360
935393
480168
966535
676201
377687
230396
375204
473641
568826
173445
838599
214165
487296
649711
733879
434829
209172
19502
433502
671918
63318
715250
739152
29718
26614
96568
949948
388231
976104
887997
726574
57572
218116
448333
301246
476249
361662
104826
866329
81560
355901
208937
905257
848638
384729
417287
161380
662612
350006
371033
74542
137648
209912
887024
479020
119548
919522
756218
485542
922446
98254
219701
654104
933751
896139
309183
435158
733400
992270
592778
860505
165229
951383
178923
55402
536365
938914
559185
103529
910794
699973
608146
200442
965971
921068
198305
1805
148218
873647
499164
842697
351535
769037
526274
892437
508522
62344
365442
300674
777736
329436
70254
831896
627725
579101
57359
756476
130568
872940
595473
179131
188436
314453
931359
935477
171706
957129
581642
529064
365684
914355
486626
891416
763725
311224
464231
283993
464036
438864
821337
365689
852815
854972
194220
487692
547547
757859
748952
385172
135026
984845
280716
831437
438486
178939
365058
864211
102857
313120
66286
98225
736015
473984
542544
838855
95115
769380
624041
982295
124294
856887
124554
17132
81935
794881
697607
336295
742780
591549
482763
839655
299982
133272
471493
602836
773107
49993
762560
575049
489316
572167
601617
831643
532783
66348
624233
119434
702159
597028
421770
807044
935991
86993
135255
310992
322158
8191
840132
867229
767763
234239
599148
884840
286530
65058
732353
845700
897103
386836
254429
434249
570351
154194
250680
171931
943543
621577
230259
372566
938940
801933
985616
422611
688216
696434
125637
823706
196942
929419
714597
117284
175301
526780
341054
358091
297905
506430
716354
447696
265039
958767
38493
404553
16910
64020
881189
54309
556043
699884
592368
249821
441461
513329
236991
820153
238672
871406
541143
739196
696405
561208
725360
495534
466102
710282
5959
885956
713854
350849
636878
993261
557271
928752
129476
447099
579877
371233
63135
947116
239056
783913
320996
473237
867680
261991
901081
270314
913345
684505
428691
69996
858085
520602
340521
929199
499976
343804
331081
363207
339087
273982
932264
423183
275210
547434
933973
902549
722457
934734
463847
411109
904938
678932
187669
592241
187936
296704
613860
514138
929039
778118
371835
630365
433572
651846
147090
686621
45218
880677
461257
328457
974919
896265
152533
97641
106445
35888
883157
619018
338252
695534
31427
879748
346684
729985
40837
89829
38681
580882
187491
810108
522079
623819
896724
208899
766453
660111
49073
717290
273382
318234
248203
298300
768522
888951
522584
553584
572611
849880
760008
895695
224547
697877
642934
540028
342251
826756
727801
736421
790126
440049
710555
964677
165269
66874
515809
362323
172475
344458
768521
472778
359544
604272
779602
867222
754555
627739
694773
371224
316305
747316
116977
336790
190338
842136
24580
48770
218906
159985
666421
998629
291653
627824
519246
506344
262100
512168
725992
957823
916572
269962
136670
244723
609725
535161
977956
831434
756160
208137
145264
382036
252506
786265
518998
808597
435917
686154
136689
604170
364718
216539
37373
571802
102209
304419
421634
424986
223552
395242
997355
401981
175739
235299
589941
761687
693785
476106
141827
529420
994684
204630
308814
633049
260931
446300
98937
19454
83561
560128
797954
49031
167370
624152
462677
803958
45638
368223
727483
989327
760510
327442
945263
134592
278652
950570
808849
943338
725615
89399
942388
206416
411603
46294
873682
398299
324655
392975
265439
104711
463416
278989
421626
780206
318355
202106
370176
145391
283704
20023
145595
260475
238642
428085
813176
96508
833026
608691
405174
560673
226788
303060
878714
111946
928105
299740
265920
593741
242371
718471
526987
834595
485087
553862
827486
657011
93549
345239
975107
620472
550523
974655
904968
167249
732543
879783
204234
658597
515251
248784
941353
700720
224923
352885
319195
235759
220642
84860
810140
821092
172450
858072
952003
827078
444291
582782
682096
199497
482811
64833
685986
325125
35507
709068
808869
15942
429770
736188
156264
557423
845874
849624
612588
359307
784568
483117
772761
31538
499554
750730
112363
233364
783345
597269
843273
867301
653574
307785
629302
883813
910433
428237
807456
881098
944068
841457
930966
437965
93878
371143
916503
612174
790883
345884
359302
67237
287265
400402
844345
942534
869069
749723
53936
414864
850260
42132
499362
330098
737038
851260
950899
145658
542980
753487
216515
948604
608722
193987
309792
92059
583016
147550
576091
611831
54506
309042
897016
513715
980599
190134
67327
464033
592263
935299
589295
795469
294638
843816
739410
61923
200061
684074
401196
964478
965959
941019
139469
212109
310657
372117
285254
673572
9283
891156
855224
401821
295915
551085
954568
784936
374561
51503
223982
844214
970100
829077
573037
464894
800739
804580
384093
463979
532217
391207
186212
253858
833423
756613
33091
326387
717109
27516
833484
5339
502700
387836
911601
624564
717322
458274
749880
534522
808768
11279
542924
452666
674489
344293
423533
37593
293272
319710
179846
67454
683300
587400
18655
185501
271936
284129
631913
15585
480147
219339
412919
592245
648646
783915
103308
692208
347051
182308
190415
736411
546875
38059
97115
238239
146360
92999
364915
884944
475761
135528
515730
179152
203364
724641
284833
482913
551805
682306
419842
485387
902205
360982
553993
453606
333686
624438
291339
511365
759410
528840
409294
565823
943732
422680
817248
854555
415062
633296
956547
418071
360785
976023
198021
568277
945179
271684
934511
550563
152939
660414
882387
53605
344792
879666
247496
451937
493791
951087
292787
760167
554947
317857
411643
150107
459855
755304
352862
874849
531831
202196
135458
901475
697437
903807
501091
354433
208687
818119
835531
23702
359597
290663
150497
512100
671240
297970
174648
219675
689190
430507
193799
917323
728451
892355
638361
513059
108401
619632
581531
158117
940927
904870
709779
55656
554168
615092
661552
289609
866115
713982
465852
349871
184360
121235
974061
321594
432626
191722
252187
262152
450799
862398
362253
137827
764628
771
607404
905482
971453
785667
802265
370011
497555
3994
717978
903130
602631
632522
328559
725024
281914
470396
423171
562146
755583
880788
570686
54173
55032
988079
404727
527707
198557
103548
254791
4581
719643
474868
956153
812870
214232
766775
224157
622327
743573
600069
271804
723564
204077
555925
810213
586426
991354
761173
919142
182179
132183
712511
189654
923392
868095
639957
331983
219465
251476
633273
570746
806532
415868
699627
77635
931080
783078
777183
139243
169133
477163
797370
912187
448531
713103
988905
857878
452491
428646
701790
574824
896741
967443
483304
681979
856406
520428
173358
274344
623302
475001
305864
102314
758132
204251
394939
641486
688327
888778
602830
292486
417714
194743
457101
638174
550914
485840
556058
730246
707079
577250
180266
618957
716893
181912
426275
301999
588310
301729
594705
518597
79365
438320
875263
447962
65449
290845
222008
323230
251509
886249
774554
968692
283576
16158
821715
743142
792174
138197
916155
762616
212834
989841
981774
387482
492414
518025
87300
449654
618609
335427
121999
254826
969787
856156
641329
356688
613464
663652
87095
673016
726023
841446
367189
858295
540149
711045
210079
258649
209547
508545
382306
732273
124049
443033
63261
291282
908861
38411
506783
578902
353436
645303
390462
173467
948060
475106
417393
582670
885556
99989
949835
970655
192752
945573
872085
25620
898076
692110
198278
558393
183116
935865
734305
278133
671815
347293
392875
183289
807182
440513
123720
661265
626252
190751
883890
929885
602843
629989
586708
305369
20528
643349
714441
23895
422181
198284
760940
237775
628258
527839
224091
700621
939046
144225
958093
534728
604791
242561
168333
866771
51364
478416
627539
331884
855220
645217
824125
414514
363437
440969
447471
380148
650882
422406
76420
502053
589210
938172
737519
363307
881785
487514
807923
446998
67277
991772
628347
853166
700375
663529
51030
846373
620532
586524
819667
976235
997320
241376
449782
857825
937798
33524
777556
997733
813213
161550
550288
343692
985218
125916
66226
615149
619030
56613
550241
470874
959029
826062
512509
318186
702555
57913
582875
56818
314482
643144
4638
564754
237244
875839
7790
93675
828697
464583
7960
461614
188918
131663
969154
888976
828946
376589
72201
896026
686574
517219
908985
660252
742417
703900
458216
188673
108149
492629
462255
834366
650961
484984
456326
460836
22084
117092
814075
919126
996891
187881
230415
341588
449727
955951
616237
478517
590974
875446
783688
988147
405172
982455
688080
322720
719637
701162
698384
781431
634458
478369
224743
447694
441798
398033
799264
394983
183636
669169
510705
449125
635135
127356
330061
294299
286381
561680
730150
515264
286201
108280
811330
812671
83548
561351
240505
772523
753207
87131
472393
663952
698815
647489
331989
708004
11717
555575
530496
477725
53665
156812
843106
502236
442042
420580
886886
874375
222005
215896
838336
476532
959800
213626
657165
566144
199834
330550
964232
434048
121065
105171
417766
872207
514135
419481
796176
851143
546945
850829
972859
895051
52317
784600
568357
759232
653952
672134
653165
849051
977802
125289
333455
585301
559407
829406
424060
410364
286818
567271
447314
811107
320736
134264
408765
19194
163670
585165
598185
368120
700975
644024
303395
511796
785854
62841
79755
592979
994885
393349
479544
568796
205216
603689
426984
268136
902673
626824
471202
490165
870377
305472
553003
423577
440463
456875
100064
134163
938928
394817
124982
74941
682947
420443
496844
288349
748343
80402
966250
900124
933564
566470
719001
357774
770411
803707
829406
854127
710931
175197
339220
151791
13601
989732
925093
707940
930347
793234
950053
654239
911513
565018
982475
294361
766704
944667
56844
154379
303740
73225
902614
153116
793114
198957
948646
411253
758047
114115
774918
478705
607401
559425
268519
874736
626688
615863
80470
270730
325992
572753
883806
630369
29765
174970
278523
80720
733419
678619
367862
16000
500866
474369
925410
192409
716882
583965
398321
327316
223601
474212
838131
293871
246918
877463
889133
855098
284409
936541
438226
687631
52025
4556
50145
503903
253097
710470
797786
171174
55016
826624
482014
285376
37947
743390
39714
500630
519642
714490
49871
949296
148628
935684
95290
366959
410207
908675
20155
916882
162176
604602
386924
590069
563667
754341
636608
64795
276536
768418
614013
12704
789146
611565
108375
674577
543709
775364
793387
118807
296803
109353
475924
6030
431995
657798
979374
434867
615208
211242
157029
493052
224969
865010
772088
428290
51817
453059
196752
562202
391077
7091
175927
835649
84150
563591
775543
348341
138843
893015
18576
462816
17124
472718
898388
579183
312988
84686
577827
797762
889172
390448
552063
581692
469448
282601
389131
809337
133361
844616
296997
513055
770726
306011
248796
31950
330160
236145
523728
373809
150505
549307
187941
978102
291663
830860
921059
204890
314026
105024
591470
421085
927000
828728
48221
542997
739058
436739
576376
707743
490525
830808
414163
564912
444399
557119
264193
514505
51003
803728
573879
627273
238011
162196
389055
982044
191641
306248
481941
416913
386330
910143
252386
20426
861287
939431
408018
2188
272186
684452
617300
185719
397345
57176
734318
187599
308978
796356
303418
701368
827788
119688
9984
383425
57093
78086
397169
926359
209845
950629
512382
440474
353182
769137
386643
576716
131190
529504
428404
142309
372371
406832
275570
371589
424115
847019
300425
739265
663716
835724
129369
677278
545046
590332
987455
427036
466171
634741
915216
494313
303640
346248
364978
778551
974380
51449
403286
383335
217721
718600
67093
488484
648051
709451
270118
693005
381764
323510
865082
524746
400250
301181
113716
496384
152206
705296
503752
781727
205778
451013
814063
823640
16118
69844
301124
981548
693814
682811
493567
621664
608676
287234
936651
631117
374349
318617
719493
139475
444235
298205
320979
711982
164903
203705
630751
498785
682216
638953
178735
542926
21885
750618
121763
793191
711554
506542
427210
276735
73650
750555
723744
854074
662698
744883
97448
989603
620630
219070
591650
877788
92538
347651
156586
626288
143903
367142
764781
899077
916312
638891
499144
811565
942255
429080
45759
435291
954417
591929
43286
864690
526099
673085
821775
627129
572160
761726
381889
449579
303872
585630
188434
380395
138694
205453
554961
517141
951702
389222
164082
356016
142417
34489
170919
182911
931294
638372
162327
731959
388215
773210
956733
657290
600973
420613
890272
959522
839641
771272
50218
524329
105921
554397
570088
939397
669475
211614
34141
637409
945984
975711
12163
297831
174152
836344
386591
303434
567102
147424
638976
667647
823303
480308
855572
617291
538133
914520
846054
391159
336875
100148
814072
971489
767500
993568
432696
660781
971908
757210
730659
827800
842002
291380
309107
712300
12528
733771
749574
662672
325953
220337
656781
214903
340886
848748
483245
539449
506525
281752
589749
47806
295527
72551
871484
352150
729748
473545
605527
327911
927646
171879
191925
413758
139134
233160
106711
241542
539326
486934
564462
289622
209117
237755
414738
478436
573272
338022
905757
465943
10011
484074
712674
652411
978564
707269
146125
143374
316048
975037
419545
777975
938148
122982
262696
91222
814074
687425
249922
225206
114790
651647
849644
135071
9796
835939
268644
739401
483968
699845
645688
543338
77890
220594
221184
35632
316148
552881
152446
629579
32433
894561
565008
631329
736971
6654
676623
641189
957049
611330
424904
48386
76188
927719
101461
103729
85932
854411
935639
305258
356739
841901
875857
415734
975046
172436
831012
723875
476844
337551
516003
510865
957356
853335
49170
50154
249223
719696
29312
84079
609263
778158
197054
888877
591635
774581
878779
27022
995144
670489
349629
645387
768149
492419
898110
255679
794907
102453
246369
379351
697695
887812
152399
806566
962614
574660
512243
817301
854476
586883
489166
277368
445264
314027
519159
867259
611007
454219
622771
867451
799052
989551
647789
815921
318121
727531
328914
167753
121077
198967
172555
448465
467842
476404
68696
214092
278337
891725
192518
26215
696845
152760
85964
822211
336401
186012
65992
14577
943190
21261
780753
445372
262444
473138
226168
301151
762228
397576
988320
197207
924617
405375
149815
564115
356553
275586
339792
57353
954563
78612
118943
960226
463935
965334
442896
446037
144740
775973
104452
93778
44874
322144
165225
266516
689117
273735
475444
13337
418346
899839
463038
423854
177161
346610
120696
639971
227495
788563
190925
657759
183215
860799
665427
681036
565781
838719
282540
792242
914431
209578
157439
467682
419344
712487
100622
453704
70801
891024
69429
225444
556798
235763
954622
948434
568875
306866
465827
849477
744593
386378
738785
516818
98425
748848
685429
257512
848068
689431
925366
71390
777173
352783
268686
559077
275867
881671
354326
779293
905470
549299
868301
244035
999461
94472
736373
62343
589410
385956
60619
715067
682363
306572
969569
281064
339158
698765
524633
769083
803456
688131
751488
152221
804186
47160
544964
971808
250016
10084
822676
220052
459543
347283
505427
949690
153299
57252
928056
309840
550178
576109
545668
16715
331608
855420
630369
805987
475704
415672
679316
400392
670012
599463
47391
514162
121346
979977
717494
753046
286483
870049
1243
710900
568656
863699
39832
593933
834619
893736
846617
700915
100447
501039
421859
392440
520286
973823
135477
551368
41877
918743
234681
245139
642221
404646
136039
221410
258241
891238
46135
669387
811751
775778
177408
453760
333277
600665
677810
430977
560466
528123
740141
849330
652046
304400
359163
823559
664318
457720
189809
591963
104032
43789
112413
881056
354631
14052
761132
78641
505675
219251
275483
304004
873041
640524
505304
229051
32755
366471
756405
155033
467211
998975
581447
195921
232481
938866
526369
132026
171951
672972
910888
410528
533901
10877
803859
974196
576189
491462
434626
422755
859925
312084
384695
36803
665221
719235
737653
909482
737988
12547
148851
656089
892508
219864
114109
222486
828430
186363
970984
9687
139683
408414
413232
404314
432720
831501
272176
719762
660868
172080
587452
710715
975442
12141
840158
878351
925878
393002
741868
41873
338758
44400
448259
581254
969974
570091
121634
299971
608584
660686
954661
510562
950798
59859
80603
43086
95645
526048
627527
312254
659920
775877
487280
514495
867830
159458
805413
219497
365529
449702
418321
16819
106156
684850
671350
730915
821840
867995
432714
912797
669571
443150
51371
558685
387493
181198
13247
871424
709224
533658
422188
350268
739476
643626
57585
893873
912693
598935
174047
434775
900578
563034
206648
273686
702378
262188
125986
678708
25948
239757
84232
517480
661235
282401
553934
468046
874524
235636
97582
548084
556454
899678
882228
590737
743429
673922
12818
790805
176515
171696
625249
303388
823300
463979
928821
642492
340084
566980
831451
357117
870031
789029
703985
391848
353228
329130
192354
896312
171047
197673
185470
311405
53002
753618
660978
186880
61655
611826
280424
605425
559765
46866
567742
414780
389044
761596
63643
368298
741950
402973
716980
252419
527516
162054
83866
20449
695427
984012
578749
425119
128569
904272
477697
481777
160200
564697
627195
922766
94461
940381
869768
22535
821085
619231
8266
326395
856806
907186
965568
527203
315197
368283
627777
114313
569657
397268
103573
52310
819658
829613
611248
926984
60615
289486
82444
259330
661908
106135
462433
800765
153196
58344
962500
339869
315601
780028
373850
222366
365261
487664
678455
190253
159011
601762
854551
823955
333783
317556
66807
180428
888087
642800
506385
238646
14981
302854
581747
271269
850850
680688
489339
43859
309912
707958
351729
497781
647012
204557
225921
775336
262174
818907
340819
142474
705190
341398
856073
645862
78829
978058
133268
175367
530077
909369
241395
457517
657702
678556
420106
283613
627878
218440
792795
130707
781300
139884
815203
905043
66506
980215
960915
607326
883724
260758
375337
702655
773433
29659
439851
801732
578733
303801
65024
324234
93008
33644
821227
93618
706783
35509
817444
564464
879893
472323
990229
245570
712629
462766
706478
155389
203703
865820
820965
888322
172749
603078
47822
65552
227152
518293
364754
780979
52172
815590
3279
56475
932516
501229
177484
459079
428580
181045
307991
189664
852449
151301
327485
15714
979599
729950
898342
187317
707935
309602
21898
984858
230546
657103
163284
810241
978527
532648
591057
489527
817597
414900
272085
425980
65742
736736
153707
233267
4072
327295
97846
287410
833728
634930
423848
474361
4661
858019
140446
334656
541687
65771
544151
893481
838418
565012
615120
996309
208539
170040
730429
847890
513525
322440
950821
230962
347648
947369
991771
847223
186720
445752
884948
192554
186021
658286
891690
82187
427740
86239
154732
722274
733425
602460
688159
44340
781951
151289
751254
811729
419894
108585
496169
933194
946024
108421
120789
670017
10352
47019
839216
76441
764799
83587
883271
252427
950212
29213
23510
105178
405880
431350
145059
748767
880707
722714
710903
53182
726798
155811
364474
324921
90470
850079
837034
184931
985097
360144
396919
923372
758225
729741
470271
420251
733562
383557
538337
862491
503442
832291
902656
534700
767292
552462
11926
652666
14560
813320
161522
745355
380851
345206
597839
919313
774110
255102
169427
703711
637325
408588
68193
401145
611543
591024
766171
689540
886341
885793
348855
120796
469633
730533
32380
749444
147165
676680
661274
910904
697788
790345
945252
644575
626145
669461
23339
54108
285586
595819
711416
613764
618344
659614
555877
400426
953078
234937
638104
864725
533716
696700
314269
941203
683207
139333
519392
334055
206798
266
273092
73629
66315
901443
21026
766399
551629
649636
119265
550944
234806
770184
496878
485717
101582
598633
415064
396675
257827
76236
127691
194772
157978
341626
619239
105540
725783
563560
128573
705047
220036
503352
278566
914925
588098
479576
311039
327405
906602
843529
306372
977823
841406
164666
360648
692310
32242
850834
301198
743946
542032
677389
819272
17412
679308
533694
296873
676402
843108
290546
892201
729882
128563
821941
878805
216108
183316
135278
178576
759088
487725
705957
480874
558942
902367
260133
734618
118732
101192
849469
865435
74818
880883
166112
625953
402153
271709
724524
292407
159586
624293
344328
237495
120628
193423
49830
592229
570589
643892
482088
797672
735561
881290
749023
687973
345312
621772
108270
382137
544250
702342
625101
549587
978350
358079
122409
822061
514504
692546
760425
342117
798232
126667
566860
54204
598759
402827
81454
23402
82949
897944
202409
411163
440574
655412
842264
612362
264107
109944
263735
845241
960228
98974
202918
538826
541267
436904
840461
416637
574052
547375
163865
350791
583896
508235
673059
280523
638329
188764
884658
562423
442408
573555
97495
611390
717522
423841
165623
791021
428801
712025
103205
26412
690254
122628
604653
868692
552693
730466
700270
773351
893505
330007
389599
133488
79206
746010
916466
912696
882157
220021
248981
273058
406858
891129
674069
960228
171337
457794
302301
675682
942503
554979
502045
737897
668669
531885
425862
820676
55767
906017
659441
571455
282659
201648
607967
975990
859333
25450
499803
147416
816263
504011
594684
776830
243054
822367
584263
533666
120680
456846
147953
384893
347617
825928
897857
98113
782836
870989
115924
537520
693630
145049
789306
111255
16975
643371
77310
723051
215994
346609
472260
849790
600972
728530
675530
874910
962905
675927
987729
485579
854834
547703
796245
854802
117746
367037
711671
830218
275704
53784
251644
181802
271471
97215
833070
797126
334600
265919
559904
652644
512969
605154
44623
186815
545791
781502
760548
2455
97679
400663
512343
921587
806315
860274
724397
32373
828640
485367
835873
276952
630347
480193
448161
59528
178347
710150
37231
579485
850834
9182
810664
328950
934966
439153
521954
4654
420836
59714
938478
67902
784660
250130
555324
824815
642647
331634
602270
630841
789613
497513
218149
546557
711027
230845
459688
705244
476025
938658
227043
90674
17394
146172
945851
790387
208132
583443
170463
18592
666752
890130
221323
608357
260908
746428
19430
259026
175739
701740
786955
862196
903070
620039
61221
178768
673651
892352
786740
866747
945692
107783
351468
576281
597227
447759
146172
134640
230265
22458
669228
165032
637398
772900
221535
231841
283930
554377
69432
172721
641370
991764
408217
248248
468150
496581
380231
621730
230864
977085
924138
98489
154519
959017
174064
749285
151425
249993
76368
569537
352535
36188
77868
217114
224682
351402
824527
990086
541219
942445
807318
964255
894392
435805
819308
892379
310587
587095
332526
73
235596
973609
729965
58346
94575
350396
564177
792490
861816
813023
188250
311865
309283
659052
127426
693195
868992
556825
336703
940072
208715
382941
869668
131568
908634
248060
507815
764463
176815
710129
68605
890137
70189
442551
886242
609314
357928
770549
737845
283772
143637
870020
707519
304878
995552
31902
386964
381774
697053
963428
530706
217883
276118
673547
74566
682937
257922
359717
241071
126345
36055
479944
388186
837284
321271
710429
513260
461045
753285
408519
713470
335024
946715
16749
20386
529011
376340
970726
589829
773751
300100
965504
813357
784947
923015
100013
892577
148685
836407
573067
482279
290621
712055
282190
819304
331329
711148
739725
777520
230775
589644
488485
782610
170266
814030
971022
325736
475
112769
755512
155768
562075
188537
34209
774451
137539
596451
734646
934551
870273
76346
554531
328628
101727
906450
824313
84299
40385
543890
47867
751441
527739
819711
258373
515668
237581
243251
411162
490869
330364
450796
874184
199763
532366
599488
861498
760136
721377
721070
226906
910669
308584
921553
826657
203769
233987
420974
93692
472486
19194
211692
155292
750324
842519
915747
792411
462567
989149
674828
880582
401708
520680
277785
535755
605881
69986
751902
616640
892562
825823
77996
762509
508199
276758
847359
82680
719450
728317
869389
792395
17951
790336
699582
278628
921085
139741
88827
767705
290225
646047
881184
173253
353073
837236
925259
302068
391630
25389
970902
926311
630450
699539
332641
965572
191433
512352
956360
81821
677053
345889
170036
506715
165785
72870
248525
520263
726479
157602
109709
669236
98645
951270
466096
301645
966121
403125
688583
743479
915318
679555
357804
647138
259599
498575
231248
1969
534808
788506
865968
187267
238275
611394
397287
26270
341560
710912
16860
172216
811918
861691
734747
968865
239222
652806
248834
43664
760312
352701
60114
343944
373909
133111
813029
329126
375242
652136
430014
76682
445494
462550
991868
99360
301139
705974
897257
77770
747616
216931
285679
163564
186015
154682
504490
732755
828026
295060
725785
810434
89025
706145
130221
462747
816846
213789
571972
857063
876106
577138
476591
263170
337416
236586
139631
264166
528783
82447
442303
110226
226101
253346
309707
556758
816422
871156
212734
170110
663172
838436
965881
936472
762409
837237
316255
545636
810119
840266
995661
946328
433969
483393
973223
563213
776498
682538
204814
411849
485467
962915
904493
560234
414235
506833
679411
154795
990342
283005
330011
126678
837176
38216
99878
545414
197395
661708
710315
745432
485475
937041
619652
169518
860451
920041
343210
913247
593689
397417
305115
770430
137948
362436
647735
201414
868214
919173
165099
739039
123044
537129
450372
35919
916922
684310
661669
903552
26019
804348
656852
890153
625414
772999
777838
386524
145541
732734
360763
355756
371103
792251
282652
958393
202421
158599
987937
843098
930282
761745
784823
385189
396451
603723
888830
749534
687790
600290
588857
447033
329023
682904
79903
475085
394965
367359
935438
836248
229819
729364
153375
157161
559466
92981
703700
3630
504011
268928
561134
727642
662555
33866
256156
860850
714920
91449
556813
956469
399992
470591
624422
35238
458568
956275
40144
838839
331250
286605
793128
886484
513832
305598
98394
221577
739740
589482
966920
524880
763586
677955
603043
211579
40365
384643
188125
133946
105558
220358
668149
801418
258940
394305
697777
753915
224613
340451
427114
879707
110658
541510
420481
608964
617520
844370
93999
222143
163227
965743
588923
170324
684541
121188
38468
243504
597892
678801
206078
511792
337618
916421
206714
288016
287006
914301
903133
133803
833911
403194
979378
537774
639209
326077
807708
45277
844088
460706
757092
708097
50313
263703
81969
538797
146785
233207
285909
994988
915076
602375
136835
858314
600895
743691
675551
750715
462018
642118
875502
984427
741733
112013
923501
719202
273355
471047
766845
167123
377572
36867
544635
896706
906060
738934
492654
488977
118929
770896
199066
386341
73170
592249
806641
343801
788738
507117
607657
562303
743500
325489
214953
839598
609041
8048
908252
117101
462092
641207
898408
76506
250263
733642
736505
342839
208902
637409
983671
833073
128625
751746
461910
183631
337104
576636
964811
985396
905470
980413
841884
139024
826592
675153
890256
691049
754143
35127
41286
892802
68561
698210
940194
449317
494773
563017
374498
456914
697949
347755
625614
516612
614630
216355
702414
55964
2723
588451
74902
7533
562072
984464
658620
952419
914530
470778
690793
628112
742516
896630
835502
671956
400380
454362
985326
735209
65956
665941
30137
253321
451636
89064
780922
666364
706196
455045
641606
720385
307311
836802
813332
58520
628980
41722
131532
871466
989878
556993
592440
118358
856627
296449
159767
531866
632050
493814
245968
920985
947461
69698
626756
496270
564974
425133
50684
477198
851486
858685
830465
497971
504985
36910
115403
410603
911733
348431
691921
674971
365952
987705
171711
677937
351105
544236
33926
787269
419735
901063
686285
795563
60863
535908
377797
141527
585457
216142
977114
679661
36841
553760
520261
408485
103491
649083
797950
205464
16447
871907
138063
730729
540773
642294
999300
280978
973442
593803
624383
767370
711888
605923
619304
98576
359411
535310
8321
561111
678368
625694
727127
781070
175192
374208
22612
290699
200466
506940
598578
944851
270839
700233
308106
812232
363911
22797
598218
60592
270041
962161
436805
744158
530239
21342
689381
268671
142600
796822
576379
678339
936287
336369
15223
756517
183440
584818
366515
944921
46507
740229
955049
477586
286017
98775
34438
827437
218443
424850
283222
847037
772267
983604
709406
564531
750410
363083
883976
42730
653472
917967
348665
755021
385297
886043
556543
676902
261685
810570
281574
719427
93232
152298
750313
68167
573824
753696
408774
390730
90646
838680
81194
899374
353371
624294
68748
368319
369235
876734
349270
622086
831327
549580
988605
219819
266204
892593
177458
205124
214249
815643
478192
119102
366279
892160
699574
674342
321305
271351
328719
986837
47242
805619
663628
990646
47181
984732
869780
362933
869824
33996
333202
238726
445290
223651
282380
599695
914339
555975
619860
29299
685139
37435
901143
956092
741522
999451
604882
691812
835183
799281
805989
461568
534988
324792
647488
268298
906855
879083
249338
912841
491571
250760
768832
255775
187044
722726
628330
459823
496138
343024
839465
778601
722709
388477
698333
39027
193399
374797
448003
907893
881831
484835
588812
940993
858881
297082
104392
951774
456202
651429
412929
522160
146962
156230
181349
733381
373362
27050
998874
413886
180789
851520
965110
163544
873235
747956
97543
208022
782936
557677
801740
987725
860772
989983
964231
404491
613515
182797
372778
674533
213788
101599
667694
197468
210623
671259
137283
914411
509688
352323
312994
339056
364872
275211
562750
762420
152754
917366
129176
71769
650587
864268
465074
104031
971787
360122
972699
875539
5648
451334
463913
245012
580673
517101
557829
220099
438816
284890
468320
306375
365401
797893
183108
432441
750311
211623
135301
966771
416982
102229
609814
639472
363235
430912
998520
615776
502975
530824
867980
848139
286514
793592
483466
150111
611613
396386
393354
716888
761176
205528
102720
519626
557305
20164
105221
504910
442614
456357
221520
638407
158562
923367
553539
942288
651539
584861
65057
406724
243237
475997
211358
429097
238871
289912
967055
895865
404626
827284
815937
738511
333706
997736
704037
381675
612093
549140
990761
345314
902425
591131
148961
860069
251451
437886
942180
262187
501457
153334
24116
756542
48416
255629
505493
166879
806497
693593
296766
992535
923079
974998
241709
554524
784156
289887
852053
226012
504329
228297
174387
995048
466420
721820
320575
397632
606276
689711
210749
252215
185152
969055
847474
388163
302933
25067
848116
14563
713014
120879
547995
391341
632350
741627
857492
70451
234993
352976
30995
907985
124352
519606
796200
805590
303275
461181
802539
772301
707425
753486
738962
631463
195140
993964
935393
47686
345767
9293
59968
77480
739513
52751
933608
631022
241979
567961
494007
265352
198637
815695
225380
544256
352519
258929
12748
373663
677347
381713
765867
77055
642872
889775
25254
902255
921600
574002
574788
227836
177467
471429
963389
11298
475149
96012
129387
756175
974979
857730
85213
914960
86771
217969
192331
528347
965249
80332
295011
677624
876350
942124
909122
370380
950314
95526
866878
478531
494554
664901
944800
423961
935285
515433
37039
41286
857368
539835
131367
43524
491674
609547
455561
433406
75561
151689
537740
688022
180115
774429
457073
189587
381345
785827
55028
232486
537822
733126
189790
418199
689333
450680
149943
631697
427320
46539
737625
860934
890749
286063
707040
598080
660835
638601
209726
124422
166706
919788
821739
202407
32736
28214
157305
672422
700720
513033
375365
611393
322677
783653
950026
632096
964213
285983
317007
246359
336680
500480
746817
504600
966176
960509
149531
528312
83458
424270
499329
394524
153458
4525
951661
857152
327309
353644
261056
887075
962832
406643
757050
700691
977430
368021
619461
566096
822974
900303
817644
269408
419243
632348
852457
550447
744164
528824
821851
122016
463836
711023
761302
826612
618957
832096
218773
215957
582461
430419
257610
501120
74531
886452
182038
943629
975906
604908
259412
941597
982580
285787
456592
916639
953186
270451
722262
526334
540399
413492
807908
182955
249621
604416
915009
568386
970343
182938
557095
940828
870869
866431
858779
5744
318222
276897
895582
363238
648320
703868
727675
936442
996603
3543
301953
984393
633075
482649
828171
417084
438948
762566
968059
786446
537424
2132
694533
195643
472484
349294
929639
414214
719609
594436
135415
219495
802230
525133
104660
986064
19986
297114
924350
424219
330935
271640
30146
748306
715714
674978
877646
891034
776871
670465
683171
548540
345522
422017
112679
857681
735720
200113
453082
477194
2380
784502
580833
833178
545917
781708
784894
748544
240892
137307
171105
752116
215372
118769
331159
456557
675954
331682
715745
340557
938268
583225
807008
59434
603038
295962
740011
381242
883095
149814
715267
502234
212594
39849
483230
574203
352712
127795
83039
922154
831587
419537
145575
413626
914782
607031
410245
872015
81576
876845
250505
896586
487015
74051
405238
314124
473529
46322
697365
238313
40789
779665
183974
98347
859152
814128
774066
863040
670716
354325
56892
374017
356395
83793
432853
808863
906961
251197
847
121452
396359
406358
594377
871556
608940
836018
768170
496598
42214
660895
816233
407058
958982
363031
906632
118129
177674
406433
283552
638172
470139
567558
683736
633722
494711
643502
148463
997849
512777
958040
957625
815672
551284
508787
385575
176366
925391
175899
111998
153723
592330
115827
61674
965802
603086
814299
915756
813535
62531
948814
275886
156803
526571
944667
337015
155336
186795
478206
727481
508699
753130
227547
491528
123878
91090
309398
70757
649406
485428
463505
70137
526448
925000
715331
57693
390819
260946
737906
147350
809898
667167
618701
653214
415017
622958
54120
596957
156704
916012
815828
105271
942553
723608
743386
272382
151658
860038
799316
269512
359592
391039
860137
905756
787048
300933
795683
587718
874611
685812
450095
744906
130565
323331
811120
210421
609090
739178
522303
980367
621238
229086
531908
325996
960455
875832
839722
788001
76986
361140
740674
67476
272414
822996
806326
514413
400985
294820
346023
1321
282573
271641
969958
909069
301414
644947
954060
656759
732610
774786
264951
971663
73214
909156
89377
346525
321689
71212
840926
668917
367816
719998
438642
522061
537174
314199
821388
147887
976564
271562
26147
530633
810020
616997
401452
583842
629886
820082
963509
237351
567582
965017
384929
456740
901099
739683
975168
817166
853124
90457
761290
589756
77832
674955
89465
482358
973698
70828
193088
346342
755568
906011
133803
807340
212207
284797
62676
590349
341892
283781
79999
441675
40265
124309
347411
588879
356274
601022
662902
574147
149883
562660
844931
201660
707440
335357
446315
621653
729304
697592
815589
173463
395455
742778
354515
995028
734687
434307
293555
211603
311466
899119
57406
89893
291127
484953
723297
926678
263302
59738
105109
592575
814577
735663
465693
223096
790066
351672
28443
300460
717003
781469
499280
208965
170518
799563
428207
801989
518569
550876
527132
257526
164645
649941
765958
760890
109532
199753
242717
4028
889244
290586
686130
265607
369372
149663
998059
430901
880194
853729
778975
256639
125839
814144
428884
262324
817448
694195
409042
11269
353282
629677
137379
450173
943400
292762
885866
630861
795116
734152
318686
786565
910056
974883
769953
398815
477680
668441
368193
907830
332118
415260
233290
446164
679768
809414
544389
294824
669034
331542
998674
891158
387868
424472
936157
387305
562025
389539
244096
849828
89563
209788
495285
462070
601437
113304
774134
210635
224223
479231
674099
157631
62176
623052
972527
809069
164891
939153
135672
160934
242960
146839
54465
802814
58989
634051
61149
342528
117913
561236
725402
616129
698590
186568
849656
600978
675824
749662
642437
48015
64478
417527
453206
894868
454548
319574
751204
669711
25354
864262
843584
558001
406157
908891
785588
877630
591912
251792
865784
29317
151407
507791
179342
788841
400679
945232
769467
716253
245717
609113
72482
591790
440034
162403
600830
414842
865000
868445
975355
62206
194907
887946
776626
278925
445206
497925
58687
120669
201857
722085
396353
267004
890845
85371
614126
910752
196972
143032
716880
258779
563968
163692
945888
711853
808606
887593
288893
925683
202765
93382
76809
690174
676993
549247
713953
575039
908511
825082
875063
551134
384685
292580
191245
192425
93848
862586
706575
56681
564256
969892
884366
783185
243236
644987
644245
295696
307269
234027
600938
9606
143098
789044
532322
295314
746032
391754
325857
952778
707356
177501
957422
219844
326174
755059
216431
726353
128531
701296
598917
125066
167351
292152
771590
745410
285109
386027
18515
406619
732238
254479
265494
660788
417953
807244
131675
242048
864540
688912
382471
564210
54144
770451
508153
296468
466058
833076
770235
232759
265411
234626
207908
602053
354470
133272
203214
470706
268265
724768
211568
284497
733610
130616
7639
256195
704631
394929
857926
347466
835898
926260
659814
449595
143167
659647
593515
968338
696996
376461
230022
752991
274652
951316
624576
572639
464799
756584
300474
589862
19250
687741
232254
61751
293966
894857
449857
848310
108912
427656
147447
574516
607548
76761
768659
439210
603151
344262
248410
23490
685600
849761
62499
596302
619537
46473
58989
269723
402712
85004
311901
874784
769348
202598
284498
67153
487343
473704
696487
194577
795199
411188
147652
421444
179032
829285
131681
907202
274082
860939
592601
630823
312050
529427
996070
472583
537047
42182
6463
517375
671364
526568
463243
280679
630549
639872
880640
714019
940287
121400
49245
592409
662105
542106
903552
658108
487489
512058
367077
152007
337580
372275
765627
902598
231758
962249
522212
366990
100194
141806
246218
515789
58454
13024
150169
165564
426775
334575
226140
427185
540596
273180
275511
163472
132337
340317
25662
823970
103659
903870
467633
145150
542627
926177
775062
588643
137384
812390
558897
153000
363685
739686
741345
553162
748677
117208
117466
520165
203966
535126
839482
768830
495297
272506
7690
230973
537084
955042
835796
942136
970762
838356
771804
906601
399289
644282
777916
69250
44789
224398
893983
783831
327829
278993
273114
124666
735490
932532
13730
891493
317440
201306
541550
54031
570906
485173
277098
244321
647406
559053
896084
158594
535634
761439
664823
281231
598626
950434
791746
996134
828392
771045
437829
705953
436710
166868
41991
11041
496066
260185
965254
898560
616335
327646
98444
616104
519412
254705
211626
764098
702011
252865
81300
433990
857336
303877
268056
792753
688019
489852
577276
683029
296821
851727
477876
47178
672587
201234
3005
182530
580026
715049
910937
409082
81439
534087
717415
594381
464513
375442
704414
543459
163798
769763
67110
258694
689774
650345
178515
382421
587136
892140
794111
209745
870800
577583
36802
346964
890233
407728
4304
597026
912284
400969
603568
341016
716709
312888
261653
986241
826423
825148
860763
120776
5492
76310
296223
2183
861930
727407
745659
290622
875677
257688
680797
275871
579309
819755
101826
94021
296548
322897
405332
503429
526046
472030
274014
994269
992277
895638
318184
992650
690569
433555
932404
443317
527816
740990
844115
89485
795615
638970
463780
306864
274589
69665
909866
669826
912704
548134
375817
838816
915391
498202
883741
573807
460851
99658
961784
621710
606563
325573
886518
340522
198506
941243
448253
714735
968391
845504
377110
877340
837185
633200
352611
97263
127989
665901
130748
102016
59518
849604
612138
113386
387007
123246
140159
926307
188880
5618
90256
46701
767170
731752
502161
767781
513553
445400
446987
593721
479653
500672
911932
971895
79621
604340
969867
514880
947737
881632
73190
136987
614681
465705
242362
475110
399832
935218
922510
591335
140903
270011
93821
3584
725479
194083
595342
34305
161455
752270
775281
583768
381141
454049
667609
148003
96669
740458
797552
373094
376956
23197
920316
842520
991559
682745
202188
128856
973245
443786
464542
417533
727789
352327
904145
910218
379078
842907
441217
644608
560249
116481
553284
937614
460685
400264
718848
193700
651007
673398
456423
783589
379731
45321
725841
283003
403515
453912
115636
516484
790947
762329
47682
741162
43415
773052
357536
494288
226002
614836
221374
932904
827044
239893
287511
138337
804670
703192
839879
938046
379869
291004
196100
408322
751633
255559
519162
533511
581993
324779
546631
255791
450685
270979
173328
142449
965016
491964
624958
851669
190592
177745
996953
88827
839394
951662
922047
444180
840735
500726
84352
73332
291181
502496
696985
243392
438187
509756
520012
152642
482374
558100
157912
497755
797313
402349
309402
481688
614820
12397
432320
776797
415619
446614
244006
316605
57257
435248
798799
460972
425890
639621
807820
884322
764230
631485
996771
76053
483723
590041
77934
242692
643768
420988
927566
74081
775419
698294
858785
990191
698545
336121
74156
926032
981096
947640
647476
50476
136639
941595
843692
467195
411178
775900
247432
597744
460498
569729
769008
825795
984985
179510
561808
744601
328187
847878
340556
673617
1168
804470
16081
536813
236974
789374
141767
324379
261355
611237
238370
950368
284928
634872
960216
333152
313225
788518
542573
135948
44712
259067
425897
107240
791690
641719
13739
747319
290433
610379
58136
288902
221905
758063
148268
21203
376582
328290
52144
645272
911042
922559
774796
861559
610453
522425
200564
85059
416709
505651
443774
483048
650093
502783
306836
946553
113345
428080
301189
205588
141615
230173
918646
631220
420449
987189
24757
215443
845471
451130
290798
405050
896658
367644
654326
361446
642595
968051
830085
113561
889410
83479
877185
50426
329923
576095
625141
258601
964258
650933
152992
193315
587367
721875
461034
966351
881253
329884
649969
299491
833692
650521
704770
875894
477822
338062
914532
443554
688783
289080
840974
627861
575205
601894
125112
92725
316367
790449
589582
806445
224210
174170
759873
43929
11662
774206
428728
315850
486784
302072
203365
304630
463585
686995
912498
391615
330155
833130
621401
64862
909499
349919
962195
386604
148689
999988
993704
708877
457909
398857
316005
96121
95477
391730
157292
449256
674697
384116
721061
476570
165847
943261
517394
660032
695185
917885
505473
910602
804604
139140
34906
489870
525452
61178
635032
444945
70636
329365
454869
111478
126297
813050
74621
301377
279790
148371
354469
324166
783034
914569
246644
574450
111757
203806
769791
649653
55698
30954
743923
675851
392086
5425
620587
467558
767911
238813
179746
110586
308119
197916
504258
644708
753056
194392
33051
319928
518945
282895
984111
309605
173831
801488
871466
149127
250567
942609
328239
168457
32967
120815
429837
164853
840924
928258
969104
557914
314030
787100
280692
366937
51704
367903
715509
325324
900908
644024
14913
245202
822643
862716
443599
812475
34834
135325
523657
576589
831976
531785
776677
872625
194900
784543
437522
489405
930547
349838
947341
709599
14407
757964
375122
439842
746355
93552
239472
779360
997474
446637
368629
969605
674440
524524
73225
749307
74945
728261
40151
153463
466517
6361
930470
14624
521949
625486
290694
183383
447039
965096
273829
765159
556564
315905
262337
60363
857771
227429
983352
701910
54823
429836
622843
334083
794115
473588
47905
375833
148790
219547
235416
388538
638257
337302
327542
672265
883782
194513
397101
989494
298594
525348
907485
955752
584187
546574
34756
707590
697733
419152
973200
614497
985885
246312
350165
180289
361801
138216
116634
304010
109847
215539
450446
635786
696481
216852
995800
793442
245362
274043
911436
354127
316483
102613
795257
421525
72414
589191
360159
965767
435812
631942
288766
759989
70250
320662
850249
628914
576509
482844
924602
121280
404998
722594
101823
320155
355593
999912
696530
634847
148039
246689
804838
666454
228612
465233
884029
754210
158883
194368
536790
541315
621037
267867
887364
778758
853296
784424
975770
678859
283972
910884
84931
66481
446697
876284
161966
923104
575884
255844
607590
754738
207464
675862
784703
42111
769545
946858
654956
983619
427053
638478
415982
361454
373571
127267
614567
391561
776469
43061
875853
130688
135105
375252
62010
987856
759266
799955
894175
273485
632399
763741
770009
726736
82745
101807
748124
269373
28536
295925
758539
200813
932703
416261
515882
685564
635403
911474
103915
27184
789947
298446
235236
216452
977305
144064
91874
325009
321047
374077
878615
401944
466549
248934
654254
760494
331615
951486
954815
594244
934002
116615
721182
945298
780831
486200
100814
978016
123752
174172
765331
424113
16584
637897
45349
521100
900271
94140
528641
725800
295147
520462
547801
831475
611362
112021
875435
494335
736828
114842
86511
890058
328861
224882
268841
941480
929360
130619
419039
728335
245375
619829
407845
562495
143518
791290
903828
839180
292648
855899
227993
817993
406978
429977
529385
366099
563003
768317
577234
276535
682101
347476
352877
764097
378525
661387
271216
984674
26901
433954
389792
451068
746292
563344
623971
217294
668835
291188
198771
61495
4136
387955
258607
132200
161343
919602
694667
315691
209572
77937
997480
134922
803054
594434
673215
114141
955285
619494
204918
627316
26388
957507
514133
763805
420522
187715
520978
227282
941306
235659
403208
611522
969362
821334
748742
114170
739016
85806
236420
767984
608064
837255
87985
169708
269451
271224
551848
974867
937130
448406
753536
145554
832752
287087
587906
95843
907077
766688
213814
999679
87878
199380
803350
977184
969930
478681
60772
321074
798272
119968
132311
714966
916724
393681
897777
85585
342448
465929
545644
944983
384831
185841
475730
175216
562957
555132
802028
893253
611370
463420
83154
116170
668845
2146
788001
628871
309173
934160
551819
125380
374155
936477
637641
808208
126499
772772
592363
343278
563138
65865
327119
387869
149817
2314
642928
726275
101711
770301
63126
101749
263933
512364
278763
690917
835218
789193
22702
679977
723191
281039
662336
249892
166349
60984
549212
935891
947890
477717
556516
254134
216099
321677
437782
631192
942075
371188
46941
383037
622362
892615
734212
564200
54497
780930
602437
993478
50265
354462
315840
900986
622835
570794
139847
712262
506538
135109
145686
879698
13253
317494
714848
824989
940600
303272
88004
489085
312490
535877
460831
719316
305362
526765
13947
114193
370682
459667
87204
529376
411366
292020
173275
894320
55630
296373
557924
149726
681670
361177
735546
924227
234494
358364
1315
898903
35046
342254
163486
365056
480746
186447
265912
579195
283547
230147
866749
813157
112045
99507
825292
647207
117789
586656
757508
720828
64043
694148
421274
971553
904005
916231
528717
415448
476228
354971
464752
209688
7183
366196
245542
481236
659421
15143
470381
991014
72409
857310
493392
138264
739550
581302
204928
54351
793505
221941
953598
621653
796398
991915
213231
924417
669771
920548
566737
271685
867961
951942
556045
150548
850264
153998
387042
884590
805418
415905
573953
430601
776240
682642
836088
961054
253232
177711
814150
662989
701208
841928
708813
257133
883325
959229
865829
99956
248252
826371
394828
90816
399041
783347
469564
423808
819686
999438
385813
481345
220403
62801
824122
332185
328324
912305
820280
378730
454344
932916
138975
573651
262309
110188
191605
8377
599545
501904
204992
224429
592188
877496
439682
46458
767105
244533
862466
19214
811675
393930
297348
364739
643996
665163
122202
268680
441593
39825
787539
983344
135689
585624
575762
872727
304620
926261
609851
697773
938377
42486
498182
874208
345903
472728
514677
445802
960221
358047
948386
426164
915421
52054
895922
720037
195978
667043
582630
26828
658739
172678
475856
369190
556440
391662
270626
887628
295889
823096
848417
52028
340750
297733
199161
587842
758393
534774
63531
625474
929016
213831
452642
272613
698062
374533
54883
343006
327585
861741
611233
769944
596438
489955
60208
529022
394200
522571
11410
419430
755960
869064
798702
35099
787887
521935
926046
354885
243198
11943
47719
861879
286838
438079
138052
230613
761236
319403
362779
997280
72772
826749
87697
644576
190918
899964
740537
135661
883438
200260
273767
433177
171141
620153
474787
760125
162958
81833
734585
419551
294179
90942
88686
299453
870973
850844
996045
185016
285201
874141
756767
770720
890328
495782
197816
474776
784808
698086
873646
65254
947518
87531
156261
562137
923677
609440
337926
983831
427343
464679
10254
559234
629834
705999
672066
827975
397294
570546
73793
865027
106155
125294
940913
172561
740544
100286
239131
285812
698974
908212
750611
2142
164267
865621
371472
298651
501410
17553
956698
598173
614935
199645
73825
194212
562712
275439
188457
879690
525039
856277
515683
640808
584901
92595
690968
778601
687329
378839
174462
660777
933069
787963
303661
540105
528921
936790
387755
868114
75385
167839
293731
89987
59273
565215
118325
390456
211825
120113
519847
757241
982308
913369
208120
684829
139522
775039
74837
780697
898398
959815
126117
665002
678105
239501
491263
496026
148717
993794
914427
207793
226822
751582
295398
292220
922378
857089
212303
242675
423802
305514
429886
463177
552624
338642
56900
76245
504008
699814
461422
920792
621852
175456
552595
701482
761511
678465
161741
334406
734859
681709
53956
825006
303661
590498
304294
776124
636286
925718
118131
601415
438933
904109
532532
478510
671288
110676
998731
8388
618170
428477
26918
296536
913662
532855
13133
64927
322457
644969
46043
26305
477078
479466
895690
145661
279315
867648
545767
698553
966408
692596
372836
794858
396776
361230
64524
395676
431839
768819
579921
455646
825276
918807
984065
682254
505065
420128
483927
681532
681301
840025
745390
731710
846386
353615
776593
742160
724634
961036
84397
290213
438541
485229
856936
531150
37589
281186
203530
278534
555146
6402
752857
172376
700978
876617
374276
107053
937216
763823
294901
743606
243069
34853
848073
883634
35140
533679
336348
600732
831143
876441
305469
766325
165680
318167
403777
409897
694273
218813
222835
262305
481181
485399
305065
922276
608191
995942
484594
562730
155880
758008
618155
948159
595063
823842
8433
62928
70576
576093
886640
686358
580191
86715
800986
943644
293205
58116
831476
679598
29201
505713
158986
233376
678139
679748
924291
523448
915977
123778
860239
387065
20548
446478
158716
113997
736613
766756
187688
242126
16601
98798
25745
96177
832548
166534
460552
116367
327521
567817
466308
342609
577896
467476
381395
494328
786824
842014
445228
901895
460723
411314
105503
711501
822649
154631
266157
500883
437549
825534
471412
885406
169188
738999
18243
575905
211099
670095
286924
350978
828344
505082
539639
284039
488553
740986
609491
861661
851561
482362
764967
633669
704033
840649
534951
329499
38315
29174
313922
860036
761521
772100
238168
901236
568948
265226
583561
526618
871273
353322
965481
876456
239165
329515
174415
133698
650170
982710
348173
781442
419074
3562
325625
175334
616567
639900
194730
851287
671997
525614
499519
317526
201687
407114
199129
451141
409198
461628
220712
341840
450096
769834
191075
442486
146773
513456
310609
151992
369341
160732
254469
328604
338358
848323
363815
34014
127769
270014
381356
893748
481811
970885
428775
407229
948545
102565
756153
62085
212149
781025
72676
431223
33814
982499
781502
354784
228004
149917
24001
299804
50136
270465
471551
805919
134185
835353
276339
658466
14123
652803
785330
105767
501394
622797
88256
485739
802837
318825
34622
627688
965998
475853
359681
861956
271421
295914
417535
347609
658252
510022
914723
430434
971694
568696
926656
259326
441344
458688
556513
237028
706129
970688
295742
679652
672414
288283
85388
780502
286006
863785
881900
294817
546492
759508
254019
235817
990411
104466
333097
715158
560052
579199
823738
665534
905378
780373
400139
945774
299935
375755
526583
700250
115567
838472
429719
698014
806298
889411
342159
754480
297608
93753
638661
591845
583044
347465
905517
282076
958435
695919
17536
763787
44222
248539
233547
762276
476826
307373
271012
266467
478697
891408
124407
695799
799721
883312
841086
934026
845931
137241
991119
267567
453934
954542
130575
24039
27562
28802
392196
620624
114472
235990
868041
457707
742030
197488
349658
278984
269433
959060
911
750736
855619
114337
904486
186287
211300
827531
519289
68892
332660
637105
273998
923718
555342
415259
112717
943325
265937
617489
723468
240954
44032
126682
435910
549035
413577
882640
964395
248351
738147
586716
163729
472618
114000
76756
576904
84790
285314
848814
34827
748231
493402
618079
609937
149417
734795
225940
385283
336120
932253
934092
382985
85964
825742
160080
557566
737791
112595
701520
485122
551004
864700
821532
344493
387237
77557
591867
407776
480577
529896
123116
958584
735552
467648
610230
699036
654093
186057
67886
812982
303791
716595
265349
473087
966075
154677
947787
79410
348954
878415
844228
679394
345715
41383
683749
551207
263412
491797
74604
543156
935234
101242
965081
876740
708411
285387
647948
730099
40100
540396
576892
146537
141044
359223
108881
719025
545468
902491
662175
565544
104881
468001
123840
198992
298072
794378
779021
463236
405260
182805
2041
194438
336303
735325
700234
95924
733419
919518
486452
205466
147492
437400
144723
100704
557884
703756
141060
172900
174978
307107
151393
886755
414776
615150
690904
206416
153215
153864
464040
225351
133537
374872
886135
779931
304955
245491
298194
845835
416645
670942
958849
288276
293631
162545
789702
816160
786938
936726
404594
359132
149953
697329
137253
504935
145058
395162
210336
394726
270556
478149
919496
45620
408806
352835
984250
927927
677530
844129
926981
721166
216509
948270
633800
897638
600427
962523
92969
28844
161379
304378
137519
956124
978285
912425
597565
606072
4900
83976
242540
979029
986212
277413
872196
888015
148944
636089
423894
403229
90176
62924
529976
686399
883014
27379
228190
162708
732764
976378
334673
688584
898347
81244
403663
501226
138810
93103
969728
732443
412657
573725
832208
146722
872009
105932
610029
419805
15507
660831
32543
444242
604641
948118
774910
738148
92181
238289
353109
206433
724548
360754
695826
252472
803910
499615
848166
729992
588252
298279
669567
557715
461119
831804
621471
610193
403969
904862
227865
86369
534690
941273
98024
23515
371762
919780
411052
646720
755869
517419
400386
320915
765016
481895
45630
394817
797991
963496
705416
193467
889352
944180
915088
448676
330943
949066
203439
323942
429247
897151
35484
473503
850674
255434
997511
420729
950565
357019
129237
387928
428691
387173
893241
374316
974541
269053
957995
973606
328131
158042
30152
771399
283761
69244
800070
267987
319272
584362
647250
49445
624311
31124
876296
149980
846263
146390
560846
817267
599664
330845
182926
72367
4779
915364
428430
772913
271509
249112
149997
799083
603213
476186
115580
816303
575435
904994
803382
381795
898284
710785
485534
19025
235230
296319
26356
477467
281444
611618
269779
719563
158854
612048
224682
212105
864473
69260
984404
458470
679654
644508
796695
691540
650618
406155
36534
677112
56906
305419
351923
457432
709056
627442
167717
414767
743782
235173
356977
835296
913710
689554
936808
371335
615579
826711
707453
321322
925328
369600
468129
526158
79283
701421
653437
537446
840510
556306
157643
951783
376866
31385
564562
80439
297943
272930
746812
462787
946501
876010
339285
230831
570888
972617
507362
380137
999972
854037
115740
468823
175749
200869
78856
74030
144241
564912
636276
824100
520972
353427
504912
603133
287111
213681
369830
383682
624743
287988
195575
309841
345069
632946
181556
455501
205735
180972
439701
12661
128275
855472
179802
131794
982123
839774
361500
829642
591954
318919
144463
270739
832857
280241
102295
672833
461614
383671
288259
790143
895137
994317
341674
162460
466004
856034
775777
44669
419391
728158
593686
188017
674846
611530
985164
419682
976695
460111
593331
237158
553803
769431
357411
167093
86425
720976
949685
505781
31433
35407
235646
87922
132220
540817
948585
12201
73453
217500
293360
815875
482948
151236
828087
459871
478071
940873
548805
795528
137181
633822
958367
772550
422097
163588
404547
481360
88767
476949
155198
88991
387982
369821
441898
135261
72298
384227
95368
656124
631405
297285
688181
210916
827881
212673
623116
376452
822036
910736
290649
938506
94289
128556
440629
268333
202903
750067
731651
839143
425472
275748
323333
188289
571312
955910
227292
995910
865184
649767
826074
983257
436998
70082
717957
634531
485539
284986
731627
796708
337640
227715
939037
267435
467462
201440
505097
335585
345489
340806
52664
820863
398736
597600
711904
893855
926755
606700
639591
606384
967953
80898
974133
843716
741614
330037
872948
760452
479141
890770
19047
518915
395816
772741
815140
540079
944881
836508
562927
377252
692083
66851
14325
515674
952418
266413
899554
734655
411996
786676
334111
422624
490354
98008
92843
798272
124823
925763
535573
703243
295652
525486
331987
414500
701958
447228
780291
113435
104261
282116
675323
764154
708017
266348
831822
877502
933419
554224
901918
267107
139789
521410
732889
49497
119223
799052
11794
934226
503287
89617
785724
157501
244756
733745
941125
390669
349751
614347
653453
312498
683575
179197
623425
922409
995712
50311
637272
17455
627423
566669
380138
781713
571116
583931
73960
431455
10899
520067
113852
463614
130881
191745
986046
17309
766889
919296
45455
309184
945392
269718
69590
878264
756091
473130
86037
812467
572690
386070
930023
134831
696369
912935
520024
266
911275
438017
190689
444278
360764
566560
656318
616648
397289
170169
692782
799535
824598
277695
981639
217601
838372
487105
873587
622321
838980
302000
314187
607005
335325
505663
125326
868164
37462
369315
199805
276565
803584
138106
115799
80674
359011
308552
394412
55860
683236
222108
634016
194552
177551
109841
363903
667478
455367
946352
209783
677026
357191
250227
266358
407595
384724
217444
204833
964721
814977
343588
312173
271349
415326
953416
513566
553320
790847
446494
569050
716293
334308
851213
144297
388090
642762
258202
896332
697857
609869
252679
826935
305102
171704
643990
371372
94817
472939
124395
981812
141115
995368
620431
858557
425069
181050
334225
838603
991755
539266
255303
458588
231808
240479
45234
117597
896059
369273
891199
762882
454791
463978
403626
497030
919289
783178
146621
784639
668098
376726
229302
82652
458597
185980
620231
681343
28802
774598
249527
388209
24016
895776
482918
131334
140265
214088
809581
383950
301311
549009
828516
591669
508844
465939
14653
133176
661416
632690
297677
75844
882516
358922
381227
379565
725939
813556
873521
902919
256504
607672
801440
630373
919417
995727
63456
696620
740227
679187
445796
218898
987016
658437
861740
447929
775924
5242
176036
217570
675165
274084
515498
24463
244505
491961
723309
106874
580521
639042
910704
198891
893522
302402
243694
261818
746892
225089
197464
985569
759252
388276
604154
629437
222940
70986
34171
532065
168803
429013
584771
634199
389215
447187
43447
461172
722773
199833
334688
239191
466187
644891
47273
614590
830230
43290
629703
254276
512717
366314
632307
985147
640990
901343
983059
321826
215614
265684
366903
840963
721148
874071
275070
426092
43119
957236
647065
569927
596110
47709
488231
644377
772958
775027
937152
150355
415430
452211
126349
369176
248382
872256
793300
865420
611174
477832
547858
576725
125875
373846
707585
18034
671172
394868
689273
120820
288979
716795
451123
170524
754758
848121
618728
760019
102437
14589
54232
119040
960423
310081
761126
438538
659621
238901
762144
727402
460528
894436
232925
642667
50302
903749
312895
133825
886975
423456
798297
267971
839630
946715
560298
174407
687747
400353
808774
528345
368037
805998
7445
657815
684604
285241
318645
467116
758277
793597
877179
845991
8447
61350
65047
553207
257443
188885
233557
302533
669744
590736
595200
93934
937892
441481
656225
890140
87302
611785
534181
723840
249824
353849
718620
430446
262667
606605
350366
918996
989922
647501
828104
280664
799961
597058
31716
527822
649574
14201
367655
65555
62173
265270
89235
950409
192473
640761
443581
985775
910294
834214
959785
637403
902428
266131
950225
65623
846038
161779
170180
570710
827969
579865
405227
399505
548864
234284
207208
796483
864780
580390
734743
676349
887560
486088
156662
782118
267634
248990
170657
849939
252982
902250
396662
702271
50269
437104
179543
269415
104162
23581
28621
803525
961637
988437
161418
254630
199673
151768
107207
942570
55512
97104
581772
185048
490358
743865
88270
937307
488562
112109
802738
158877
519273
484811
956912
796607
335845
11779
404498
804594
419891
950593
207516
76725
270546
628
695878
936363
415623
588154
333925
734872
405582
132458
29928
842616
462123
992573
182973
30140
333214
642329
466195
678690
533108
720444
755387
684079
408186
977602
165096
366092
392141
832466
456789
356411
654797
840107
948741
197044
972912
512519
482470
928864
741874
173225
749519
402865
748778
993160
750696
564124
225400
565464
963625
437044
395291
518577
276283
32996
558687
739614
529210
486857
107123
43845
155484
176234
422745
583086
117483
118997
679094
962545
370414
589783
15305
941312
12262
162263
677880
600271
161332
156495
214342
85468
10648
548328
186337
177310
999252
540722
868184
937294
973870
470653
749546
743052
880341
137302
50618
104624
936987
52129
812190
472046
365089
417680
647574
404581
837008
446653
334489
119364
172163
523626
151691
567769
125506
440978
642700
765240
896042
251115
934122
728516
485608
93627
884278
210205
796708
654484
277812
381926
777658
79342
338668
198833
164899
947103
976093
27594
996530
319417
987857
835805
432187
67392
558796
443588
142222
254598
966430
172657
899233
330085
625304
864245
621707
979993
627035
933866
358893
11064
148876
53059
492715
686158
881059
560174
260120
944985
982947
749411
634096
736542
219556
934477
166782
222566
475084
214801
56414
24792
673628
639359
208797
746740
998502
66836
888636
230121
485533
384297
832852
692500
652804
267260
83539
56279
333641
666714
135140
552337
507563
135909
773805
890431
618773
173127
170098
856111
643855
261556
298455
684956
609034
141141
956290
118315
660889
846230
48671
722753
638719
502541
128317
61247
374435
790661
630549
571355
744096
747623
699243
656860
972345
873604
342606
582385
760810
11650
781561
9263
162841
103264
371996
823078
999403
547239
837684
173278
228915
652463
645590
636915
788358
843403
2316
343370
30570
985362
591190
354927
392301
759755
204114
591117
363089
856244
667830
685705
269093
782511
300921
691515
308655
560458
599697
641033
640325
538345
587480
410914
945594
753490
491272
713364
997750
917909
55781
341771
567263
978518
814394
53287
102387
118840
579195
832696
918584
547496
2761
735577
964170
578755
969173
853862
924115
788261
38108
316059
572762
615695
839696
731914
99890
194612
534871
153976
70098
222368
617900
42965
338053
672070
856740
693207
751928
131044
319179
324274
427825
165333
429613
544182
874207
535987
708144
126532
110284
341542
467038
499310
56558
230478
830145
298155
415197
352393
980327
777011
561184
532321
776389
499517
130784
73301
178616
292947
498046
383042
18278
632142
752768
848174
855939
909876
619878
348274
975024
703274
801499
464513
809725
183895
386503
709977
198159
912536
11009
21124
335517
457497
619106
334027
524436
442518
726325
237112
27611
452015
782410
479623
162289
626529
89514
355305
970226
998759
242532
145332
924600
310252
612422
26474
882205
324459
489000
786207
177061
366370
773658
356893
78206
7389
873682
406398
333237
632903
307107
652849
275966
889632
223461
665550
778366
807857
199991
61979
591394
374045
701741
719147
968669
797008
132948
606178
630012
492116
2466
316947
491111
569090
207615
729546
896566
184085
56746
829221
79405
25306
4874
370077
247254
964420
560658
763810
265273
545628
284175
29925
747195
915349
425681
564271
940113
283261
350259
681902
304543
494480
491657
970065
24177
207015
949606
191816
938516
204493
932295
356270
674322
892402
185376
859587
12873
484025
550208
619282
177639
12204
933155
705649
719493
56655
712404
376039
203996
852626
154557
110120
895464
856608
765133
287483
430679
323028
675652
42492
324654
425163
896670
117822
984249
167508
422297
249480
954541
222148
615589
118080
730140
432359
13608
201830
673811
642832
77227
272183
281235
944210
510628
690354
540779
560263
520480
592822
506542
528461
307853
929034
590614
515153
612961
367479
589429
740035
692203
46224
773780
602729
173108
543378
828074
633872
657
804838
853050
560348
587848
145539
688138
120001
609757
400944
873147
704714
98296
608423
685962
369559
645492
502037
776226
621412
551686
959038
126235
580803
474184
334206
474003
159660
738593
989994
835367
422635
415699
277461
964111
953015
756065
479791
442196
573155
253723
206407
289966
136430
254023
168369
898174
695733
884974
30594
803236
521287
861760
67384
650238
297689
13733
757175
612222
320976
763681
425774
115623
568828
344098
156952
11428
393893
499881
927327
976069
264573
12307
328282
462102
568500
563011
645431
813470
182763
377966
720372
40049
798336
248195
313479
729330
255880
551157
801374
594921
200859
532198
723329
225789
47880
454449
77651
868302
369641
663124
965879
5361
331474
347065
877902
45129
349859
142111
474015
449214
694269
376490
508944
409757
554321
794563
715153
328844
95764
583405
409624
276264
494095
269798
273158
530045
827090
352438
990825
680673
786440
187223
415387
222829
928038
57664
919943
792729
822334
618960
707147
99699
27056
467156
145593
12220
177215
628661
362104
8479
364481
737601
315336
469647
534960
699220
436323
270076
70559
83426
507198
688561
272006
775076
451887
109901
239934
341661
963304
872604
327496
868744
963809
142353
847559
992352
199316
125922
612686
663755
47522
460288
61460
998116
805587
441458
203844
103140
258363
219085
693553
420588
38583
330898
15527
108977
547031
927460
257948
13316
431830
421028
605126
482301
214084
331307
593926
775043
351300
174819
626178
732091
623921
227650
683152
806987
524252
671012
965581
989258
957361
243141
564110
818118
643960
669912
305582
691440
937335
889350
947527
852200
947892
914374
103100
485345
470999
738389
987442
666993
66542
787539
215646
146808
766539
961530
345273
288938
933128
10939
75665
910138
124203
929910
341497
215396
60196
680662
253153
756439
339187
31496
242816
208958
46758
295638
548077
887146
418304
730532
607693
982366
680758
559941
851367
688822
526355
661499
822484
833396
715003
957129
147090
467048
278732
575671
510967
826364
600736
827426
81794
189081
938863
231037
534733
93690
998162
401576
845855
800459
330466
241771
946270
238397
251967
557199
29921
603881
127148
35801
116515
579102
220248
508452
336020
403145
556344
821466
251594
459712
108111
54286
184662
64747
497487
921081
369073
717711
731609
144848
406036
103480
510369
983550
204070
814147
343725
519235
524432
991877
297468
911592
7149
961372
84291
652382
240925
266192
815890
196595
173369
758884
290774
513520
748704
745727
181943
471825
220400
838066
450658
382305
280017
574950
437473
335154
436331
883619
122085
772982
981687
624575
166758
633406
647987
711009
626977
603916
518639
356849
361664
664086
665349
972894
244568
740890
531238
531915
608844
267288
796110
588119
547150
734513
108825
989511
499078
852314
343152
266962
802443
397053
797276
802761
761806
126252
563323
144802
684438
88642
312015
632032
53989
73496
433203
614240
580538
503329
432618
901697
65392
448419
259664
241713
942788
542354
335218
817041
981108
939595
767481
39684
57282
478762
174081
511001
34647
365192
271560
580626
59333
346388
714625
344785
582949
844621
229576
680350
97119
191641
959665
274199
976008
319109
173305
267189
377830
62298
69022
816822
511182
42840
929802
158061
93934
172626
138666
644514
523495
574949
309726
789415
887250
179030
210569
835448
581668
845959
839239
311182
280684
852886
648702
943488
545849
418579
458062
994838
94424
609435
824290
752044
826618
5397
50152
646336
274997
14729
159261
599064
61473
770584
302785
473618
268643
816988
504170
830410
935430
438685
93557
912225
899525
186028
862999
468720
35621
903840
105937
508810
467071
259306
40514
482790
994715
526167
837654
545393
474168
809635
139868
351215
503913
93620
466742
717130
653401
731770
873834
539321
963055
976992
754197
779086
40652
759023
968062
621788
409521
369600
876680
21634
511358
497500
671874
728409
23382
297778
138457
259702
843934
773171
663149
934300
183331
456526
738304
690625
72731
750851
530251
227195
696003
343142
909803
154759
690984
189171
495800
117942
450946
43656
779446
669429
372538
42499
200805
110263
760525
632120
243
600321
449480
542095
60370
986513
768499
433593
723875
517676
156362
216717
818897
3203
62438
324419
725563
821185
146875
61259
104777
60532
382138
132299
473632
273365
143319
452788
530288
511030
347301
864127
509610
4167
732701
596234
148367
465796
851197
107337
373220
657919
415309
866474
557698
731525
299836
639241
705738
123504
615209
743565
45685
299529
788095
214173
69065
358295
726904
488963
169639
34504
411074
661147
46017
187707
777022
678327
375338
149416
969765
965075
857990
287469
342661
304687
186272
60790
625386
903311
276378
430471
610136
941643
906559
634985
175219
13075
165493
719407
29249
874563
717262
445475
197768
208671
79677
42322
631250
175403
182693
849393
294927
914538
789389
294507
328985
680433
468592
91912
69522
48678
495474
223803
959593
699034
961324
156296
866940
153793
487656
376848
516696
132042
349480
144698
156507
719903
647649
513152
172602
497851
128581
601939
366879
251554
124350
239404
330347
408514
105334
164529
828889
231908
17875
911103
738306
168463
150912
720730
337853
682425
661543
398511
429854
301099
475515
525825
267423
887088
243057
235960
192285
321913
325582
899779
978297
779472
247323
348261
834591
193015
415990
765475
553507
875037
540483
914889
130695
731836
282175
338836
630105
380434
553525
176191
552185
961081
816777
96365
468921
74917
447921
543023
20253
313530
189124
251315
461441
946056
551274
150858
194714
513252
381619
137620
702420
933988
247493
419786
965531
472502
310317
313576
528438
967069
299734
86261
831053
939529
783127
751664
213643
4755
946406
325145
692638
493586
303850
266329
735643
1308
383599
504847
613311
928413
142899
879927
931665
397901
154141
395833
435235
898193
806413
319052
850167
291760
931022
571013
455357
357488
306152
943744
156602
729997
150867
779049
920005
724757
829637
617576
340652
754531
654764
297063
592243
877301
120440
895041
387196
179436
836047
345352
166786
147041
606564
36723
591935
512991
622754
702626
301998
877312
805890
454096
102827
4135
19004
396436
918390
454231
476505
979860
550486
803246
328231
14726
582426
296770
910535
164580
193659
974359
187872
711468
862813
895225
64374
541905
642356
972796
56533
938881
453379
803598
294439
577684
309184
521718
189477
969230
106580
257899
822954
8529
54910
492179
958627
575522
386263
186199
737763
2774
266352
642911
18515
141016
294295
133231
1415
469786
187897
352093
955819
655830
305761
419310
449500
910912
823711
970253
439443
738378
633475
444199
399420
484755
754120
180582
725669
511213
440079
990663
461010
137801
769984
142234
159277
278274
543317
807254
744666
513474
462642
390806
119017
675989
559340
560564
922917
583496
564650
20416
9609
656957
255337
8478
664210
278222
153753
788665
934576
246620
881893
995560
776598
140659
515088
751643
506672
962139
852154
296513
476404
865086
544131
823418
757266
573489
701062
8372
135493
479841
338886
127204
538635
149659
690279
97955
31985
378487
193235
201443
561288
412002
401085
23564
785524
812551
419458
561527
414690
568602
336875
690310
991193
727233
427663
559198
297002
105566
689302
119042
176002
2429
312664
753037
93982
117399
126435
990731
958237
743745
837980
951669
264177
767156
807996
593992
626991
887097
456316
222401
603463
625841
823628
868279
347085
865662
793852
397972
421813
806546
876542
820593
448094
890130
225474
885454
328453
987366
756417
454571
494554
218272
137622
145733
407855
995398
32582
384496
345229
658366
118432
826765
515489
509205
549440
27561
22036
395819
472877
539635
95416
740863
519458
651607
94366
382291
219754
460411
471556
230204
628964
37973
448939
685512
851878
832167
69831
756427
810302
220568
149648
923720
401684
665584
541110
121401
436651
947760
768305
897980
85638
760012
405686
934938
527015
911366
848197
117620
250227
661928
93727
216972
748913
486302
49622
518765
705969
998638
575612
27320
731657
334676
581245
466957
271867
117566
207881
972690
231858
88352
168297
249955
930667
733301
808051
935382
345009
721620
211801
764393
207168
61931
901595
510539
239627
377626
566749
522243
697305
527918
951251
218753
560714
669560
203160
627328
232696
896713
820958
311700
767545
103757
241216
533653
564288
988162
738996
562408
980515
166931
963932
483559
168375
87381
979067
784172
171991
949021
601092
267839
999044
880443
518798
612057
302822
353048
811941
154133
762609
850920
551034
721650
637283
609099
783866
462983
528425
173894
47164
854980
260897
444760
510163
541408
717883
523836
706627
338084
841401
724347
748881
987668
398549
506922
860147
571509
155777
315143
427687
500032
434505
249644
842464
120033
313749
781870
409434
820204
320714
862165
925391
563997
232721
545079
46466
238794
7855
117363
191864
824935
874835
685319
966342
731510
816367
765519
309318
528393
210174
142043
517475
367221
936995
40875
14228
321813
294770
377801
26086
158904
610376
142467
562225
451688
213460
972420
147116
669784
403577
278287
247389
311657
269580
793111
244969
178137
458232
438269
976649
223944
902401
392550
964957
921256
582373
113528
435802
38785
306654
517234
824224
319199
565573
236774
745319
106329
532176
866643
67799
986174
224444
497763
978102
811869
680262
151357
568251
195185
14867
170312
752386
371239
863983
282238
109721
479758
945010
594536
510327
344346
790271
754875
990988
209557
426534
71439
896884
112227
439337
395064
571141
785776
198876
251715
399495
540152
539429
454287
179139
954802
847651
671877
325812
379738
941803
280949
663643
483226
953774
504206
265390
90772
575222
148986
515184
597070
804623
672084
832092
120571
705602
347079
852987
908450
564285
617604
567189
571501
786190
10847
30852
994064
934670
679559
118371
113236
163739
78048
311462
973439
951357
93439
685700
890018
418538
450433
752142
386367
645412
515720
47651
890004
808000
32851
89212
192393
201091
443961
868323
869809
101349
570306
613825
151296
220855
327522
846804
743178
293408
42771
959423
903028
822083
957454
169723
497977
84284
807525
948204
619547
885002
967488
249678
646308
419527
515314
17870
448855
58961
200055
307829
107064
266957
887372
515071
996213
114050
245291
266
537264
977504
888802
733546
240042
668388
315023
695513
147789
353107
237882
721356
415701
835747
347599
379040
960861
453433
499062
207283
135490
551693
345617
342096
433334
228587
408913
320962
266787
614098
450998
333001
227065
802367
481121
756779
583574
392260
678679
241313
450129
539985
354452
854322
500643
297940
697353
875998
497267
829181
585269
777712
378941
727962
929755
387382
906654
667554
732901
637965
505598
875277
69333
336406
990810
524896
298020
544965
607085
407111
108665
235480
177146
523674
87495
527460
905145
270082
822531
958666
564187
891189
732545
390729
147004
25180
709930
646702
69925
177750
705308
620326
480890
499862
910366
726644
335302
827176
453630
698045
365601
770961
792458
908352
64316
702611
595303
478564
573513
483215
839633
140778
347017
516549
600175
175810
704627
152055
434706
324025
507838
665005
838282
582991
807116
297745
193189
977063
593011
532858
88197
726423
979688
868294
822493
575327
626762
978848
589128
53431
173385
566561
97605
246913
716849
908242
450131
761118
997463
652368
711973
91549
648926
220232
366275
990669
88550
679074
777597
768051
30866
510779
89932
205271
248693
127690
266758
854585
313625
217508
977661
634273
397611
455450
86070
183380
234630
946496
578625
84898
926810
532041
73658
329820
31289
600654
427226
695652
942270
578349
507898
448989
279898
909518
766374
547649
608060
288129
888538
365072
840412
603459
311260
540646
401957
881504
137269
206566
863421
905522
306445
500370
297394
116487
495074
300797
264386
28192
692389
486359
158663
44246
999345
64807
540093
210008
429096
523800
950514
988495
289836
777386
793993
186082
94775
693769
669482
301333
310744
397883
777737
630284
884363
275698
205586
487598
208883
28353
552622
268901
924982
368300
512373
779137
634805
329240
171504
609084
764391
530081
405769
651032
475025
377610
350162
157733
965540
916879
174254
743967
391858
250647
397344
78643
571790
354757
322478
569250
522752
980910
267825
578623
471138
704805
808892
311634
455003
548209
897063
992159
313525
538656
853303
138944
67100
533109
394667
771247
92789
900860
873637
580448
556696
816383
1779
839883
81452
127441
911738
374215
284446
657735
312446
158610
777790
959367
97936
864109
258998
169784
940693
47524
124519
731417
524462
60780
846049
89517
175049
736420
573055
191444
434500
408382
379741
577526
569337
985911
680952
813592
644202
317826
448736
395600
237322
215747
810140
461269
638822
9846
16474
702512
907950
322608
899025
978191
304932
561534
907125
218744
323232
993898
981590
103323
967869
80668
278998
363200
294884
996956
660357
889183
532787
823861
808091
530062
379081
114485
12433
289173
450865
254098
686492
227613
438440
323751
56007
868359
963020
597019
239339
681818
23396
615202
887054
975956
284934
561757
787542
376929
717673
954525
38440
256937
344007
350021
210722
358852
235758
747853
70193
465417
164836
888419
700879
312260
84405
786860
192412
103109
823579
244008
276696
542741
485192
563827
685755
839940
357714
895399
524145
463646
978939
194399
536821
230268
482652
803735
138633
910838
665838
771247
313871
915446
557557
121742
403144
549416
706378
279011
362534
957453
785987
42695
516815
846255
464129
451646
202929
588591
653909
901789
212348
874170
885711
423109
341825
6938
934821
312141
93157
517096
70781
833278
923969
770656
609559
713655
570266
949709
317018
585393
819768
102883
689658
276829
563237
132139
283522
967082
678979
331161
741827
51619
13066
170873
6297
778100
585182
727112
716822
931468
824137
252959
237454
924126
777562
887306
605631
171843
504473
992567
991066
459898
191525
597898
572658
416975
718764
44237
289152
873433
620871
931141
834897
553180
971056
859744
441165
638799
677857
668298
218916
743289
595530
84062
262166
335413
998189
676154
496799
788
658842
980331
968766
997537
403970
10247
859617
403327
969787
194266
289135
38703
842255
242552
893681
230830
578689
967410
272670
610299
879069
90083
283841
759350
65723
399722
101897
286628
245264
664498
337901
645455
865584
84332
465658
17675
719780
903262
377338
26259
587043
120341
459202
388433
564977
302390
929113
903932
166161
442675
304640
676188
554920
954137
500323
827753
269680
864773
592666
966865
255893
434359
666460
904473
516400
759358
904769
69083
460317
388499
783345
891693
51963
532994
716846
308258
676607
966339
216060
687978
343605
52071
153769
7637
933845
490222
780412
347700
764862
11573
807678
21088
413649
227660
728223
423828
894573
235622
887879
347701
226370
42474
338491
222579
730260
172262
208039
231111
853134
467939
159054
312540
204224
838291
859787
425290
290039
702887
700866
887485
329912
215869
784489
288180
831384
927543
258477
790886
8187
895463
360258
334335
581287
955110
92490
343303
223940
435908
419425
314404
582962
224793
748227
263286
579335
981434
396506
99168
787236
44295
62952
258215
859827
445538
493838
885426
297471
706682
110007
257969
960623
858373
710692
763291
938336
913356
995284
614671
470558
36960
730127
596188
925247
280810
20239
620700
152541
379744
505420
352315
234094
544084
314403
876309
748482
844134
308322
708285
219736
117146
404146
419099
985692
254532
581345
860013
106689
43552
708748
822894
168055
530494
39973
659539
751305
962778
109415
461234
593110
731274
44627
637054
918186
268880
509925
516333
533049
87311
680024
374714
79991
265499
77523
98054
823831
870185
449391
909658
910814
425445
605861
731719
299682
902435
124761
677806
138596
525805
369277
667740
450375
982203
693027
713101
933357
140736
781028
97874
574829
57697
834342
741389
271794
429440
886476
156888
926451
416119
532928
94661
50250
517793
757654
408704
566260
896786
296861
98897
182372
725670
600647
785982
714500
47159
588082
30989
69321
987112
926162
182887
805745
874398
607357
642456
932444
890511
356243
97523
419588
586226
985032
114195
581851
366294
722064
361788
369472
986639
694758
645023
254237
216522
284728
94204
40159
27010
835186
153826
161939
564235
215845
990738
772890
724620
299412
167490
707272
12106
671451
2045
379359
419039
830333
654375
478883
426889
353288
482719
735194
83614
910631
435133
351330
908190
439108
529466
636590
731361
532375
449775
489375
877423
63376
640054
519803
402734
770333
514797
540876
148022
511384
684313
964823
351233
255121
124006
427064
105982
733171
539148
271511
923780
697813
971854
23241
730595
962399
16349
853253
534999
19479
535449
727040
343958
426887
71799
380264
331336
34509
96509
851578
829015
310207
958250
248193
25052
607288
561204
213804
144952
352004
186153
99466
577540
48996
734775
454948
259680
183550
881351
497271
251624
838820
630275
915724
220229
880767
970233
674230
707999
483159
990103
183784
165424
11010
855830
484208
787700
266152
165300
288980
41725
731502
591833
269447
701410
419719
605531
963976
848535
318035
87901
682968
727064
207794
890706
341334
34944
549226
463199
54648
199414
155505
870623
858024
174982
212119
445376
44153
657230
222098
672586
467972
349327
878952
902464
633955
11875
159091
964639
849801
456526
612372
975299
511293
835308
301111
139049
107697
704842
676542
369359
632515
597713
735244
609464
549839
646813
225457
377548
239983
686061
526125
971803
224464
76914
732579
354434
820466
821258
183899
71078
526651
663494
559028
465438
863097
488359
175716
990381
137331
591080
190253
126636
425770
220405
948767
902919
768241
61433
239748
802718
911206
921813
416491
628875
772684
386028
307284
356547
46214
410139
990773
80917
524914
349254
505319
224400
826080
787278
727408
988546
152686
336222
672109
882074
233602
723429
368540
665391
975586
79646
683204
983321
418227
380234
864321
553277
641292
422016
897008
55591
549430
912730
650099
930448
775938
878289
627041
161022
948167
252451
2701
493067
281591
92848
871025
99389
899997
977957
422008
805204
410806
440271
305509
924771
169513
386513
279971
155414
422243
989745
42857
486738
411539
136908
752457
342010
830847
695018
165270
592909
411970
293164
476976
673260
94114
81826
336366
7801
806482
621945
354726
346844
619457
8529
393883
217695
849564
59501
572932
998457
305639
233668
943413
690856
512179
733684
500333
596215
297341
358870
478843
651295
166499
658284
204237
802314
263620
444087
913366
470450
884914
60966
46171
452136
236182
782312
224795
702513
49889
197026
536025
653771
76971
842045
696199
285837
228010
883094
458000
106732
145103
826393
490818
255258
594432
93544
416791
11400
110190
3828
809823
694093
408532
78383
132619
206111
892235
16408
296920
443453
19019
755061
452309
952687
351298
157407
46739
717413
944202
943991
126569
565245
490827
303991
303457
37344
809581
110755
996547
441868
768247
841565
106683
907436
204937
992920
982697
399906
957170
690149
505414
688423
462703
211625
411822
343754
466049
680368
256206
833172
244330
391322
209898
470733
924803
962163
821643
576919
751549
898209
847172
373815
850994
647798
421664
749940
647335
876517
561770
12952
340193
223826
842713
909395
397728
975490
210773
228095
996284
257650
156522
652415
814811
397187
25800
908800
931597
24146
28468
395617
394244
793958
235983
720047
673651
631811
402305
374537
616769
352283
599938
692195
158378
120292
458885
894053
539571
359493
117185
14707
863176
983594
873117
426504
707635
150326
320695
806523
532155
716056
171153
998884
137111
932983
36696
398296
875405
916743
339346
515535
209900
936381
165220
479655
431842
593695
732158
983362
260027
435124
833444
23050
712119
302235
55257
476820
703174
753976
131434
829794
274722
787657
246292
712323
859273
973591
327443
781397
698262
169671
224008
368555
999547
894608
474949
504329
711197
286919
764409
745932
111372
484437
390707
491111
335006
855563
839444
872263
514919
443916
436118
109016
578006
214760
813683
276705
705455
63114
955059
378571
730016
234311
892885
501055
393603
806422
726809
406060
150191
41567
723304
510888
338747
365932
174817
692398
780368
466940
385793
106374
192426
352182
81006
960130
357739
472251
560416
976164
502108
202964
970989
561949
689665
351563
551343
444080
95767
963797
135379
723765
543340
625836
838337
43194
24475
994107
851363
92996
605795
517875
631125
875635
235364
172731
849255
244675
554549
152260
324369
172207
839908
532858
98868
204080
127883
611606
933577
412707
860875
542928
341160
113736
423208
547634
596343
273702
769665
634888
4013
388621
236458
296436
549634
406451
520232
176542
773045
12608
461576
22152
737145
821861
368220
432639
844797
99047
882515
699501
390231
642298
508660
257932
286732
852424
893751
407349
107262
688017
876928
412822
704691
327020
564024
837122
630270
621675
421834
259491
783756
202396
855287
878602
908172
401644
788631
961511
900924
588903
285613
133972
965517
467930
461029
493067
720114
849178
621420
139641
702090
155613
586732
183210
19048
410373
102627
699683
443451
470269
132959
470478
343903
401852
540504
455952
244607
397415
445994
376503
577252
712083
125485
701583
598111
339752
570483
145876
328783
812641
758557
56513
668368
450479
11098
354375
868928
703165
287101
723033
424495
776399
891386
245284
613347
470020
149566
130652
181572
36538
683944
210354
912298
204304
876647
285985
664386
712326
275825
883432
951831
508865
697500
99538
766915
244716
375645
918257
503089
650872
73564
718121
99213
957315
176176
898664
531851
703446
839356
65523
695377
749449
830629
494044
106306
537793
266543
88784
161768
869914
696179
593164
841021
107679
436863
893360
304342
859062
89802
718572
455725
553177
387922
750359
722441
940543
909396
789470
854156
510681
726119
764569
210713
775416
818102
669561
855328
682187
593816
598302
299847
43974
568654
828549
679862
202527
843928
688223
601279
322866
543604
959996
113257
819077
589300
681126
195224
466213
208891
547787
297626
983983
799891
67602
160016
14059
144494
549198
556919
34578
670776
982672
215250
564720
509845
220438
906294
853156
783932
293090
885553
289093
830767
987622
154456
654495
715990
364251
976684
908827
564727
171313
511592
528316
60373
424609
67626
570118
789986
416030
580219
973113
811745
747177
61565
755835
670045
726660
538672
301779
956159
224830
679201
742417
198352
758381
344111
917324
713612
232378
372667
745796
17631
183766
577515
452965
968895
708043
802459
962221
991909
269037
244130
710564
831145
881327
641276
281482
842105
552914
207257
744783
884341
651767
94081
111420
259178
680854
905698
790511
511210
309383
41080
800131
310148
499006
461655
38670
383462
370260
708312
606660
71755
209408
892574
124280
505698
557604
641667
916355
701373
10052
74532
261565
581170
520593
588614
592104
643410
48931
992868
335149
465091
808902
619286
260734
588861
27051
580319
600090
646365
40768
787
932463
88617
324314
259619
402457
144481
65229
249223
604489
696510
689822
157255
831617
596042
222928
149477
424571
765723
843866
60074
665385
814125
511738
19148
542232
530267
887715
55992
474734
605818
952274
623618
222418
930066
391743
800871
346666
74042
713838
851643
555583
104079
282660
922867
377918
57041
150903
901713
831960
613402
228287
913768
134152
888315
860201
778699
209844
566772
849770
765910
105325
502736
355599
208088
183505
425691
566451
380124
261776
296769
357707
667411
81035
505093
459227
320351
643864
63450
923211
758270
43362
584609
794132
793553
140718
361536
765909
146888
907320
856475
508546
630572
499580
46258
247035
557257
661520
250903
690747
504054
83886
515274
569767
495683
369360
686963
295878
536381
867572
203323
147344
850784
299135
412999
84319
774170
301886
224849
585474
126840
800839
581989
976497
982127
718014
34294
666330
298697
85107
304347
815322
265003
710121
780969
272647
844671
230258
803885
763882
251330
322421
388870
976202
581547
489234
593437
351971
557175
924892
353027
907766
415694
91397
993061
508410
917971
837272
581038
143600
931213
152095
137209
795860
897197
853860
57714
666671
147643
614549
446280
827977
587873
851200
267856
76988
424020
970174
926777
978916
968987
262189
758952
927283
204861
461398
483888
541473
54347
876077
405871
364032
687239
147126
594504
936173
622832
781700
507768
419
4587
553692
197591
477865
75792
4857
952814
780012
893582
720681
533039
844327
750523
584277
957589
210878
746043
40670
224921
735403
363276
327522
212878
883407
207469
501597
57305
936042
915369
994092
529297
670950
831620
522349
773103
983502
858432
272963
875314
476252
783180
806774
499986
705455
151306
452663
566878
985179
104700
470208
280308
812955
827722
392346
164445
61409
965746
533944
27779
238414
248908
787713
65231
264701
601465
220523
875043
50618
202792
49603
892657
423761
372996
800009
65526
561216
815166
974391
371031
333710
352242
870882
116310
465909
729144
563834
929137
274682
669706
915884
184343
746718
683021
794214
729095
731821
57086
66170
47944
749107
29242
527452
650431
639310
166633
276230
271984
478815
470409
609531
267924
365658
592851
393511
209810
192253
884107
815589
307294
406174
764521
319003
812331
876124
384607
368000
653134
181047
434631
852670
282992
178108
130411
327283
33968
329689
503216
430993
801363
534031
297119
992932
129832
941508
43473
772019
113213
937208
186231
657280
979959
523024
10499
787307
253842
40334
116023
983091
120694
677218
208584
535003
138994
583833
795246
186475
941079
310132
81547
808205
249779
600084
746101
956120
31913
272208
137762
392555
972266
796265
391535
793263
286482
183573
98381
741054
118625
505015
13065
962658
986324
790128
313526
566325
416095
148687
834808
219432
209098
962404
523696
916512
33829
733810
67647
785467
877673
944386
977529
332977
82029
169236
627368
583765
92738
285745
338490
288313
677675
996892
394632
635889
880124
564263
388099
526769
189518
716769
817021
884176
248732
245421
817937
220525
317885
573934
63025
393072
457598
80734
226378
500074
444827
714686
595670
756118
302490
355239
485693
684161
403397
875712
411305
56453
585346
658121
11941
786289
167120
707027
383024
488133
212818
703012
405336
991566
107723
709310
691228
388410
828327
736393
639034
719175
369834
532524
787735
393968
597117
23756
934072
176130
61863
725599
886658
363770
616986
997519
845274
923323
930090
125318
752939
660651
99416
513500
434118
184492
129613
588699
846883
420082
818594
715115
604165
268806
268956
862047
55484
534166
1653
585498
224836
702646
330645
318559
941323
872567
668128
609525
741904
940514
723560
96563
147367
548434
881923
482861
42521
412971
486456
994939
706984
172539
667795
174627
821999
184427
14680
573858
722216
365537
246292
930460
917896
601014
9359
106013
60869
447183
133085
839179
719031
141274
245716
396523
599388
505831
859479
409484
477110
649504
47441
458707
201935
723751
351038
339172
48349
242058
593059
425706
356992
723237
70110
25668
886567
181077
73752
132109
284371
171924
395094
704197
957812
744438
283887
873313
590831
438655
355608
943915
56129
540575
427931
950103
789117
176587
682214
818532
448561
350456
412608
673451
710695
639222
993430
69448
899335
309544
549172
376290
195226
153052
65359
505560
923689
317643
286654
905
49411
45358
858249
75584
72414
161722
954330
434683
488981
77050
118417
321686
840912
647688
634291
207961
937922
662440
509954
781851
347019
166913
892839
333776
952317
128633
606348
77238
426299
997100
649094
609305
656061
548296
248496
789758
616753
339144
866515
688370
928508
164106
23105
70831
295902
759759
592769
350183
745332
80335
624036
540016
114134
827383
99062
176781
879328
313600
670288
156245
775375
289389
836299
52611
498689
935585
983759
505753
481758
443162
826697
916849
977238
618062
129850
239329
415040
970016
475884
340554
502626
456447
344129
329213
48846
475868
301924
74763
935785
483461
894688
65768
519751
458723
956175
746107
43122
4428
885994
70917
182410
329990
633152
633835
292550
673241
105090
704481
481880
485200
611771
101045
57967
905804
972316
957046
387798
349892
199029
742591
66362
456732
445760
682147
478600
110689
425240
330550
515893
111263
498823
84918
122519
788063
109564
860181
137392
114753
442267
209764
710796
448754
46895
658845
672640
849929
513531
181453
66962
704131
874606
115036
530039
136153
986164
518715
741303
230652
83689
983464
87853
625261
722664
812513
132586
583610
944514
98211
525498
139544
36747
358237
15166
861466
215374
940790
758264
993292
717344
618232
20070
212398
476370
151063
623877
112144
939712
256994
926838
65799
83334
873989
535038
23241
411218
877560
317096
945386
510357
594184
508229
683316
412244
597184
677076
987740
284763
33204
929468
230311
723088
366121
977525
261465
742693
829860
321223
726933
82279
911118
477227
912790
94004
601216
504142
851464
17033
578225
789555
230404
664953
343289
566903
111719
824250
870401
183600
218254
854746
492362
597487
224751
50127
156694
573029
682327
416235
858422
369954
602812
978734
759729
243192
683646
766454
776078
484158
230719
165713
918015
135217
610587
696307
997226
401460
279302
884163
974293
513656
516353
37967
87660
493686
566841
511584
640050
565145
406012
122345
407362
690682
441752
360537
558273
489411
926290
160912
815651
317236
646528
991789
356118
859652
744196
988422
383502
857311
567205
27697
418094
846158
739083
89983
431888
799413
53719
407817
548145
431989
105885
454050
172732
431218
511167
185836
2417
806447
74279
268614
586674
284884
962528
657955
208170
368786
566289
509942
509082
444765
190488
667529
20610
980376
607359
905005
789480
42255
384094
839564
739208
368285
117325
38170
982424
608430
401027
156586
988214
860511
863760
15325
457712
896898
71795
832181
282672
196413
645721
474951
692098
284049
516915
124815
592835
530425
936306
413598
641065
696745
139746
268142
439913
368117
507424
4246
81417
20819
663353
499928
476226
115321
136225
972312
684177
190240
385805
701032
200538
148715
13997
859262
79801
642912
237129
81415
258983
381012
612855
526036
909638
165926
279351
515442
917706
128289
291243
722009
674179
781189
624949
206586
832266
842720
37423
251
554824
181589
379586
522623
368542
532734
142435
507102
876340
128750
931824
7220
412450
982735
866211
879509
492084
238442
173872
141790
416285
455622
928897
941671
949692
538279
500748
435412
288451
72695
634765
986123
67338
476995
458149
781184
184943
596188
358479
158699
956775
178974
6651
108187
761126
163341
605705
130980
419623
508250
219683
845364
390424
109318
354743
915332
461733
318494
196752
473066
102880
479332
218320
192906
201866
871694
977228
168685
448065
404071
508420
68266
125509
885780
605885
602304
556712
589234
764093
635654
807250
367962
156770
141369
102062
179974
320096
208629
57205
605645
158869
827135
166677
9930
249227
604159
919869
656091
487177
847947
931656
828485
379414
510174
826371
602805
344779
163431
495133
95777
610132
540286
79274
899405
801155
964657
32084
289194
300752
624317
963486
40793
551601
292632
695190
162637
795474
848683
466583
493646
680242
542813
614136
655129
982362
908235
529813
337124
955258
562259
604728
118784
550241
843856
787619
305112
64152
199264
137020
776790
168988
652576
620053
360101
678839
864505
719383
261969
294970
218196
660428
874122
77337
262633
270854
737607
659491
820469
924590
955846
815708
573258
387308
92914
899448
454848
706224
204318
771383
196809
241564
937518
495768
196770
54670
887382
283579
361894
923021
611769
740566
716029
969679
785907
418195
566385
491300
202994
405637
128737
884675
145343
492230
144142
77807
885851
174126
986962
747142
666116
383090
960177
53990
565527
35670
858632
36540
297359
377168
578274
51115
998891
577915
617066
830805
800174
143860
264890
641096
286976
595989
371282
855112
250482
451404
53348
960565
748447
935767
747659
956505
845486
579614
61340
284688
64691
423788
753621
872148
31733
209100
626995
827684
623370
639740
705887
532049
21279
295120
760776
347045
187540
378470
58124
267824
252036
431682
157071
418672
267938
927622
465135
848540
519998
2895
126350
576909
415719
989934
663694
200074
338795
635521
649179
346670
961082
374702
509793
240568
867241
470587
826527
312495
64594
54349
31251
23536
787608
469948
444437
490902
320776
442255
44608
819460
745755
92057
21770
384017
709144
333871
40373
239185
31254
13828
527710
972156
823967
916452
13811
562110
683761
37193
954882
655770
509086
607133
127788
487291
630867
4941
165880
743449
93941
498310
193860
30212
250471
976911
190038
109905
502376
436099
410640
421342
867610
175849
603842
777155
98013
996338
115866
727894
835482
498446
761782
644315
772508
88875
633242
131847
861464
250315
900477
518447
40461
633728
143486
238290
658374
465543
620852
966975
709949
176831
633122
895716
684442
476164
177866
458997
97048
925229
465816
379445
983625
729566
379903
951908
786032
834634
455969
498438
944204
95496
49320
111755
936116
540881
491122
516640
288733
671572
520553
842577
415929
259702
557104
515737
54138
108329
397945
276936
528884
575592
495603
13327
357217
206860
355681
697131
587198
436238
509958
387180
917138
276186
915004
262113
353998
416268
918373
215970
884304
55625
35768
301242
670466
27325
499133
664942
340703
339628
351252
949998
142678
596215
415022
893016
308807
103982
184095
135715
568938
27852
949644
561070
136079
7251
559999
569573
756607
504965
351833
36173
331650
819068
805863
46318
659450
328742
187853
565466
150189
850209
804894
191517
955936
274351
849550
202435
282014
29590
248831
134144
907224
396247
514935
836224
964518
467016
316531
290700
489452
457744
29525
857493
344087
581119
955192
582817
472775
213320
977380
425423
695559
408988
371165
7688
711799
303459
411094
182980
30859
984729
818435
133622
556332
402884
760972
430998
216188
293005
108061
30345
392183
882946
625882
426094
267317
891879
430512
339655
598539
545717
463495
617986
105233
431920
871635
829027
366911
943656
74314
963153
865393
576076
225840
91514
357322
616229
881741
152291
895860
765559
422273
261135
892997
645615
20526
86795
553341
192264
359955
411348
597612
578113
80953
568550
195121
550003
838149
824099
809564
571409
773294
404380
600053
318081
776841
847742
132374
903057
192
775324
692787
682775
30242
223188
524346
394090
1684
304801
135061
897271
659044
824509
602253
508928
358334
288049
537160
772215
983735
431674
673843
523827
869191
639449
946555
772749
5460
370552
925044
197274
921385
358708
805085
276164
357125
815051
634491
866567
286352
463523
403745
507909
207337
489205
798865
318919
252122
163412
605821
592785
843117
787742
736870
364897
485400
627134
191270
360068
690963
107099
259080
96916
482954
589472
98517
333969
697134
217705
389546
908763
540518
836935
890948
977289
239396
511600
800222
757290
269138
197958
155697
177046
513962
305538
640986
479023
517477
817661
866202
842553
156363
49883
124919
285843
721449
292308
981759
45074
981921
26144
520428
722489
395995
256254
364003
909142
888154
871330
648983
441659
922921
672441
742475
73368
404211
19610
519156
537458
575986
481546
89980
29506
844928
973420
788515
267244
766793
354307
99712
338010
942306
146725
425702
407093
787442
81983
462433
526848
844494
780287
998112
304273
109283
772386
474988
323820
210956
181018
396246
873789
669508
600219
902448
704434
629109
903106
909617
372787
36271
650402
906812
5951
339764
685741
306746
600996
351408
321212
649827
220186
201926
504251
53404
472189
913925
956212
230779
362534
872697
649270
722470
215973
755166
289186
432793
288540
44656
270673
96838
567227
542174
194981
862166
326803
493148
571051
371406
128665
80151
599338
870157
19194
450180
996747
627505
75477
142994
2212
913434
83866
138686
51747
519174
647549
996612
430163
414107
629270
60915
236430
608644
626776
695194
130688
119155
18347
5982
812115
520900
67817
684653
597180
552258
841970
104845
668705
988738
554797
867470
632806
460845
247323
242462
609043
624092
670681
20347
384803
982428
655730
390787
730796
621968
465758
992551
361638
836854
688476
174526
296857
556162
822055
16182
55079
573478
767704
518629
748339
919539
700759
272253
948461
378905
183103
708830
276860
228810
916622
199622
721158
18429
995653
369571
146271
32271
546
365385
220043
436867
489656
178175
292338
383786
228200
393268
693343
833118
723902
845007
227764
791720
421610
871908
857134
640578
187225
199618
168273
286774
408943
583849
570800
577381
40995
824409
814107
853923
63672
410885
581029
965632
915668
950631
580368
257762
636351
856429
568855
203277
623993
118097
269016
629317
628215
678278
764317
77707
799036
427470
194438
860674
957841
822888
743956
25269
622241
447207
66004
733810
306163
636510
174374
500238
253508
251640
166121
504460
410176
328292
27909
958681
173853
517613
843988
606510
814676
603943
454829
556440
702909
206533
469327
922132
721671
671432
664615
616020
386065
223570
15102
999838
797223
268825
762690
110676
144860
1271
719791
316110
47104
832285
480730
263779
30590
848168
284698
984071
305301
850252
973587
259854
28657
185644
416544
796431
317797
586380
161757
840291
814407
946974
183630
789965
514025
492664
967471
800180
868143
749351
944088
478475
686034
904157
804941
73425
22704
458373
551136
480884
680845
211064
927043
205137
890602
875015
803694
288470
584320
257144
662313
313481
175833
174479
490103
232481
12492
673153
641439
583762
632019
21902
936408
650662
136842
290983
54352
90823
330054
184970
344025
600345
936528
1327
169136
867972
161853
198810
798956
551887
989227
941521
142144
206376
922074
234984
344812
353984
86308
687928
594438
479443
752986
606510
698849
775365
879165
679487
829399
557288
339670
507833
615033
6298
753907
712053
358863
976076
36286
694057
438861
828701
494203
570970
93205
411236
984157
293486
72163
744269
959750
111391
225370
284826
648218
943628
257384
681483
132031
744554
436568
779161
592179
246359
307444
690331
439113
257423
98580
540748
923841
170039
830855
95652
811139
145111
52509
217826
128184
435173
277776
177835
115909
25532
213325
586508
294245
809644
576034
660572
311010
325162
742149
806653
273264
662952
428862
704961
622118
203008
198642
992168
970010
693897
87182
679176
15191
575500
376204
175814
177981
289169
705957
541376
76982
682770
696531
38477
631697
589521
720450
588508
523516
789701
684178
431609
279394
329904
452491
269934
7903
396812
653598
487302
523100
356835
993556
646252
419724
589694
444630
434419
813762
639413
41943
972591
303596
893477
674018
102272
723312
972032
176251
406511
549729
528703
609525
918960
926686
115954
83152
444423
986759
385207
326476
452360
742045
948297
507278
163894
938613
280816
530734
366541
655897
542486
655451
919452
693372
102010
600748
408969
407063
620094
318659
925368
828964
316826
850912
828167
717686
870835
770112
106928
198387
297094
632047
683410
86576
476158
892017
183561
808551
586598
877449
153785
506455
661497
674532
541610
420536
318228
983461
517517
866074
263692
840654
792797
415321
122396
900167
313633
620479
164087
35598
468366
987830
29308
640764
296009
398888
947720
263792
577865
602485
930277
660442
525147
359504
361631
229670
934143
152759
155767
490114
327600
46477
866033
594062
234945
422421
302536
370464
384291
85581
819970
713648
89091
364261
867550
985447
102160
514842
611177
257279
118554
603060
438127
257942
652822
85528
21775
864661
529918
994570
791208
609079
52373
410307
630511
742009
124552
470123
794915
267357
158512
411636
473943
906522
683829
269843
892206
384867
352652
884891
425190
5202
357728
696119
57227
954993
103567
270147
304011
215845
69579
226248
997290
371000
682209
281618
597260
873345
823254
620336
211439
368946
594541
561480
343484
335102
44998
933204
336050
355621
586592
659133
890818
885213
415743
878930
511482
889374
849065
890469
992025
760011
717450
481858
31617
587704
975607
331405
80522
912092
605263
798455
928562
365780
699902
581724
216691
406865
852059
467581
792237
991840
133745
461973
373187
514452
639643
935642
961666
464658
560777
629393
787387
347001
614239
977486
795633
88364
588284
721159
146542
472509
149528
703892
497776
240695
765382
603526
909953
259592
370329
586273
308772
64009
822179
401975
7531
446188
619224
629346
601830
4929
734866
282269
256501
964517
575662
825791
71103
87175
147667
901590
95803
590936
966099
722588
85419
859343
979881
479576
623273
424534
199330
595476
816922
120212
306009
967543
193087
728600
688091
94078
476074
811231
748777
677595
604621
542338
424091
917098
804846
31935
400161
488204
305910
772449
890981
295906
330793
800655
167948
904168
248305
47087
426972
340907
413395
422837
565752
92392
220419
616588
684230
357891
133586
74143
231537
428449
247685
119556
302602
305058
274754
387909
983689
406526
144228
28749
96946
840571
135469
397996
875475
234888
894171
145159
284201
726138
656339
273247
224995
976032
453882
80316
228286
385988
667555
188085
751247
230657
694882
567583
622047
642492
336767
746000
593136
597824
273862
165455
525662
575930
321852
20249
61729
764685
660332
457746
107375
923091
67935
400839
745342
335666
647529
597596
744999
803990
363424
692823
463462
89808
65512
610759
55934
285323
167594
604562
836474
380006
447651
576986
999309
967667
870104
14540
623195
310028
914664
912965
931921
186957
585402
576544
601198
733233
267092
677600
551397
272076
443597
394679
11355
29602
47387
17201
619275
250467
957574
475520
549193
950788
309950
356260
171748
980731
442567
19703
556452
471447
334930
39122
910066
559481
349416
774367
430935
784819
10815
86653
171805
343035
323375
49545
354066
245387
554942
374671
344298
907225
681047
860365
184964
578734
621018
748448
126469
497766
486541
294222
534625
20867
4527
577007
294456
947757
989997
655480
422620
641418
820014
452517
654193
585654
446985
62083
395886
640927
181718
749271
523776
653440
751458
903278
729997
420216
423804
566723
912213
128518
591852
480326
926645
830500
820676
584271
213126
222204
569934
18591
323298
639499
121188
505358
662406
290129
732959
491991
59987
39282
417959
380092
485807
96237
303018
397783
209992
958838
764136
984767
110905
21233
975850
931603
844549
346765
342418
159270
43072
75579
607438
670983
715532
419146
459751
631787
602433
144481
919734
880249
97574
64344
211637
158578
968924
348339
840755
503228
171739
70779
255201
611401
408659
712187
255882
411368
698996
769300
49184
107944
156937
97405
338097
135013
368447
81179
947065
196400
524548
754617
716816
447839
406987
729188
163780
209262
675819
410726
517121
912912
306343
392477
809901
72790
780873
911799
251088
321851
652007
644172
941041
910025
202887
413207
408892
389740
790623
811858
66398
561938
412341
553646
307123
147131
506469
825900
198039
287906
714817
958299
293337
568520
465362
85294
21262
844057
451453
296185
202497
336829
676033
194888
163976
464766
175837
571868
942322
382609
955598
644675
841244
942339
960182
71187
7715
569409
582297
858690
864563
281028
252672
342693
694590
407959
883968
451587
390601
621190
695061
817046
342560
728613
444839
682077
395114
717754
87279
161312
418135
576264
261939
75266
780789
438073
123117
559228
445218
672359
755978
876604
438236
908358
218638
128921
966324
208562
411476
78577
171042
426001
831731
918881
530161
287781
863421
304736
736603
34545
73633
476088
572335
330820
953328
395170
769518
388006
155196
912574
856950
912734
246940
882220
363798
141150
56333
5770
824384
332877
654579
284554
960668
669615
966397
889006
267769
649842
429734
228259
16606
422679
390615
978680
466623
223162
2153
329657
668555
419904
936585
658412
390370
166301
885109
976423
978980
823423
43234
491660
122597
733339
840512
929379
41852
563474
117013
49490
587835
731007
719110
703099
370041
664032
846133
329074
575114
816158
453123
459801
893840
817466
305462
44251
495531
987542
518966
209985
871947
976350
305138
530612
114215
663313
625632
690832
855750
5232
924065
532832
484859
858305
700482
761148
422638
33920
315423
208060
721364
234083
485090
366872
738752
585993
129641
711326
315859
336510
708102
752974
745680
756525
685663
236501
49034
359587
493110
254308
321086
615931
330436
30381
216701
303148
240702
453690
140290
94059
47545
774186
836450
286078
161833
77320
542753
834591
932037
564489
302752
998281
343943
542050
334900
646434
408847
592836
495187
267716
128743
804853
706344
964649
260897
477324
53446
313011
342557
732489
347128
170390
21415
718222
181815
879459
901053
262782
284341
307953
321261
227569
632278
985898
587677
892753
797246
364207
662181
784468
931205
820585
342
14294
411655
428077
919134
292178
444569
546571
87235
937853
908886
643124
224013
631167
811415
948357
952449
289742
954624
849140
714439
531689
492855
701334
703661
589679
255088
423818
907332
550233
997348
243462
202664
814362
238688
557692
953566
134610
731770
105064
375894
700905
486878
117881
880015
937038
14982
704921
273881
377036
224392
430171
192182
268934
625993
498176
660954
941647
164431
381862
594962
167528
664373
363214
669441
246679
635639
761736
240708
505184
534829
868989
859319
198115
604437
343641
152657
590161
647753
405843
351211
733836
571663
564570
965918
913563
156239
518685
244809
249351
448927
832887
607218
228885
930747
58486
683652
484255
397520
429383
119094
26961
461111
45503
84940
205565
669503
44488
763319
402652
728739
859686
383512
256418
153690
934885
10083
543164
354062
547041
354526
237993
911908
960498
653383
410226
19066
583218
107733
929863
857903
402411
208023
536312
840923
955746
413689
505485
793311
949114
49638
972866
474520
580359
477383
689058
557677
722288
790312
890878
524424
973440
778556
549578
962594
65929
844151
318549
68214
145589
461081
584036
470551
790954
676875
371946
237469
418393
703265
641573
277819
734116
40448
54743
765100
132330
592153
892767
394060
347376
123795
434036
442755
839789
803143
487615
620316
423474
768101
233170
742964
196788
266548
940872
980621
267575
550198
891385
629826
85721
48681
961178
121237
263161
936554
201072
816356
23874
206773
996399
252155
749528
782791
162931
818498
94365
618340
501338
185751
113376
714101
286140
568247
236834
793289
637128
436693
640007
45116
734716
272397
277782
34485
522624
774066
609133
59272
527520
964419
504644
508669
819108
916605
142875
132200
935054
338762
215491
655671
373296
353687
926854
879562
627431
435587
584949
872380
112760
759667
353164
813697
381189
743746
736387
429800
838443
109462
404852
172095
266939
42190
165987
886037
429908
527959
310831
928538
476762
321310
691348
272227
950229
476447
470619
208266
225512
415964
732383
272307
122859
283306
400636
446569
871336
639205
909909
362342
483759
382468
107586
950001
764566
900487
576405
556578
174801
520397
409927
734721
937706
333186
966916
235597
453405
752501
507024
861208
750802
842951
306964
147215
613879
590015
550985
685272
821945
100027
157888
517012
409760
501698
912267
109316
525125
586740
817868
270727
324656
921826
730456
78017
125394
967738
952710
653336
70619
500315
428314
153496
381945
571463
358473
946934
549359
645302
983529
895858
639245
757383
2807
297109
285842
806226
94852
816026
955546
86552
311996
896617
59845
529244
515476
125694
841575
521867
262288
637865
545893
841046
450158
91566
342130
572193
484658
14220
616294
547603
820687
865691
24952
676430
752623
879310
514136
703992
716959
754649
839468
690104
194266
399660
722788
799293
769329
71132
767932
60600
946131
481315
410574
146346
70079
572670
776465
668951
696323
512948
299250
445978
553455
796087
647821
682514
235867
460195
174600
717306
982674
344739
925580
535895
592538
769267
309153
293962
542753
70336
617125
603909
307142
49451
819689
313242
48960
86572
392104
611695
508591
141651
900517
883854
265341
650858
140768
687449
842097
265719
707892
873499
87440
781470
698704
779321
708336
889250
776016
227015
789274
987020
702327
217206
957787
136484
258635
124268
820967
465052
21198
906924
549227
177997
928020
663476
880238
602584
263494
881574
740323
621423
561521
149854
751821
674796
879179
258722
900559
708190
588676
565559
632783
73637
255749
551120
311686
137075
371465
114530
295720
264434
234004
787539
131498
275908
396563
456528
110644
481958
423378
860477
370085
628974
541076
165576
731005
930931
39570
466135
153708
517003
568083
330463
788148
944623
361892
859798
800509
999355
914229
589440
219701
294034
103760
521830
376801
77279
915062
746150
946181
226742
682008
781027
496044
60056
92015
829916
911061
814165
982392
531867
515834
977420
460560
772036
745854
132750
959911
246477
74354
691361
673316
502220
864516
966944
439957
992747
981700
609024
948753
351609
424212
333805
865261
353947
345900
52819
384663
982624
28103
734648
137042
801202
822894
224966
840846
973479
789535
741479
428003
773111
927450
399433
763562
482057
692615
574721
75256
420070
822151
978379
605752
218959
908053
892527
577252
800297
468441
960256
166240
277974
843401
732863
881267
170208
425532
690140
221090
133391
195789
811228
884075
346330
690984
141910
924059
303802
513396
318999
751628
967321
365661
369893
631295
23274
967420
6817
703378
258962
838438
484805
95966
93827
490446
657357
234671
882858
398488
26803
525857
857790
685115
298002
552083
983801
351249
729260
291851
991972
518654
168903
994726
909834
822523
340658
638906
775246
544446
380261
948042
641689
747080
579334
232740
331435
892426
522824
542171
570899
909045
922286
191325
196602
702301
118766
132080
177049
716680
41392
107917
333579
841113
573493
169241
269308
588628
384533
287612
853825
591117
740833
796064
357378
710322
438119
522248
560402
606385
110483
562186
885855
846087
236722
728619
977093
849831
521746
595669
961725
146691
749510
933751
25266
926905
6
875321
525876
41821
827314
310555
624965
959583
526839
574185
65681
973465
868682
18397
603451
966712
265170
995729
693907
26436
605858
845919
176099
183437
327268
174487
822697
362100
806097
185756
778334
496531
778076
656795
214901
982666
474543
38697
871967
312935
765260
354488
750795
772017
368086
424310
564460
73553
336617
354819
477362
596382
52963
518348
392986
660675
591622
806793
339297
46287
830390
860111
25364
836121
220700
952338
84931
592270
622957
677819
328275
739801
793093
990626
406323
770541
867501
596585
681831
982450
415548
435316
848064
559562
900697
263816
812332
484350
657822
71423
796201
266314
392792
444645
486613
128129
247403
972915
722146
903710
242834
629670
87269
36585
203781
61370
942221
839555
246643
205576
657840
935118
681262
63673
587521
49083
143015
654054
463582
500849
47630
220110
854598
717463
63963
537523
599656
595966
604267
756753
252310
306862
654786
82748
500057
948235
22191
816149
670110
363236
581901
875304
846029
627929
962277
251877
446138
209638
247857
646073
872308
526032
838588
762569
901563
918570
879205
300107
30800
302532
69826
601536
411108
632241
730272
130898
48370
821940
784553
126022
690536
48711
647967
577501
365504
70599
153732
18765
501870
660351
936220
148823
943026
405903
300554
960645
747149
649016
214679
805954
147856
82823
937682
739541
757391
719196
201041
128828
738165
23127
167061
920289
244145
684382
636812
923515
73295
64332
520815
808836
81761
312889
679436
410258
299035
226850
49950
482773
581439
303797
850008
34668
221869
777596
837825
389988
222108
563107
943224
91789
337510
411559
584857
595835
866685
785373
32056
644950
78075
73949
538826
93790
439128
123145
918116
672320
886517
875133
463515
98317
959189
555669
638922
147421
779499
117461
285617
570687
832845
463289
854010
913947
200584
997978
405080
493863
704142
900602
896904
168386
432075
464748
717369
251440
444566
263587
933896
966451
486594
360405
642468
179394
651987
935371
751825
825577
978701
195464
282056
672444
806760
298963
252027
500089
935969
177187
999477
185849
533610
708839
186656
215315
946114
937135
215905
496526
934495
680122
279326
438656
491655
292253
603487
595399
855037
137164
493714
505443
553305
335368
994536
439919
139249
642405
321246
265082
726451
658039
541910
990406
395221
194649
925731
12508
829987
940441
606948
572554
204343
520579
573127
651579
105991
284296
954671
382321
261464
856907
439280
127073
617361
999369
907127
682539
822634
196386
660359
612084
911363
453512
612702
299362
544273
809539
605494
625715
128947
735454
914279
626362
93859
627570
820905
383416
294343
413196
412792
902867
196903
224638
332688
844597
267322
895295
763928
744708
913433
937983
228507
713081
671381
51340
933425
454879
916324
516762
250364
772970
763510
370738
766094
647474
184358
739450
421352
600074
703820
572509
772829
265025
915951
384150
886294
570741
913175
901214
818414
902287
164225
652080
527293
202782
590316
193781
39347
115667
945169
370386
802842
375703
783599
536586
855869
253701
718916
304720
926823
211591
268312
561325
137028
198736
442546
699786
56613
711795
923758
542363
941279
2015
151271
654888
630098
887416
803022
354297
598663
657874
926492
141534
144115
40396
709668
554776
452761
525191
954625
4520
358603
67202
269935
420593
243408
223699
310582
364940
473953
89604
582785
187368
550606
798280
417677
874460
996734
654297
471229
110795
22227
450607
701706
184563
433580
696286
604503
376786
285124
570253
852258
404917
760183
349134
213783
922462
439333
177183
626431
932113
381999
54012
228245
58427
302431
343519
563257
670272
520932
429014
812798
91872
367226
264254
403806
644740
149352
843489
650253
266859
989923
237738
263402
317292
985104
525185
545234
52583
754535
261895
933583
146572
345523
429487
251566
764551
218102
363383
866286
493447
977641
464194
106068
525290
465952
488020
941660
742343
316876
859049
136010
879063
320795
77554
226078
190400
944826
798125
147877
965568
200954
159520
882860
538034
951696
972337
345552
132416
539318
234597
433713
736998
670448
28723
84101
875806
315817
611076
193480
300142
536636
815306
787089
150026
601870
865978
921344
923111
254680
146599
331156
449757
73922
827837
704729
61239
599659
211158
95742
240155
536325
562044
268805
8464
413406
526652
853075
765105
825273
898467
389671
707053
749018
36056
21223
454840
744033
928149
385558
545298
954318
797444
467811
414194
578275
945266
3546
429135
28967
346930
140669
68874
396614
129617
899950
592571
843798
500209
815043
301206
624756
232516
590396
216378
667469
66919
677264
611350
121401
25368
974819
221304
848257
256790
153749
884915
390401
875476
386612
782381
772777
85401
2577
357123
779357
679223
508656
205465
422140
480741
951321
788097
913406
377915
417931
392774
432439
899850
23632
762071
75640
555926
977516
932235
600789
903410
534063
990741
28864
828470
800682
378501
931668
849246
192702
785656
901294
965442
520592
586142
377590
272814
659288
361190
272700
314205
530905
959240
646204
611863
304683
908270
51588
255332
782836
735552
483693
42731
184181
942027
259076
25388
899520
421133
323149
536983
85128
168927
575773
540231
695825
314047
307878
700702
498886
839481
515856
475581
673449
531186
432258
192480
566820
550609
138687
759125
197375
219851
231149
457687
91755
613385
175730
674251
889979
392567
919095
759766
712370
911467
593934
558553
780215
496560
691952
75466
525221
216111
602271
476336
466239
528505
424618
981627
989825
753011
14799
214141
964881
216799
161914
165513
710036
406787
417388
334951
539933
140856
338743
879664
35201
248976
960933
85132
41542
649957
540793
804294
851002
300218
940557
907145
354207
843921
330778
100026
530628
443913
426646
621553
205167
930288
859640
377044
144694
431213
26135
95186
730157
888451
400688
754746
912185
9027
245383
938485
432195
933905
575396
655014
474952
833680
338366
67933
328846
689325
293750
940978
588657
689797
556282
842820
768732
551668
153162
341838
379411
897275
923031
684706
4524
544461
861255
671174
863582
705526
561814
265000
152945
128489
444822
64766
790997
537124
373527
640766
192719
682050
23969
465335
950926
526237
342430
788363
379740
226781
654933
879433
634928
730274
94033
367787
762272
905738
113760
14825
633075
316319
150007
388663
777876
964768
438707
300066
814371
950954
862906
495555
631270
690883
115840
296221
242333
441091
335013
301849
243763
960032
17660
181979
283216
529044
777255
872128
383179
96173
754014
580855
27517
100209
423822
972601
296753
583403
403358
46566
670263
656598
203532
370365
375896
856613
552374
100600
655715
833453
857397
161794
476582
419312
847204
15574
960505
194183
426110
867061
158324
25643
975909
204547
456384
842400
165951
521663
267595
92094
923387
784797
184917
972637
942258
521026
174312
855964
107048
385052
801572
608398
250865
360539
866936
161602
817328
447695
555565
869358
771899
190751
924828
636216
767834
513763
912768
623008
322991
647775
337638
989452
903151
275485
386433
965745
119566
957926
819482
921820
221177
611100
706724
747483
492221
918775
140205
792138
924357
169562
44017
101053
949696
143057
637001
840967
69985
388202
555968
334117
299264
159981
939910
785802
831966
634617
460862
773000
358277
652092
404082
41432
392974
142990
867238
629510
311869
591915
425226
929788
910982
213771
681545
795049
370867
814816
223230
93453
248861
703787
735622
367076
916375
433595
227376
588524
900075
681604
716113
500629
693692
648600
346101
394565
74826
965956
711920
196228
717716
497546
287442
269515
346328
332278
10424
842276
175222
162655
117631
584381
336435
202108
101076
81039
871513
120416
829863
720806
961915
811795
1150
270604
279445
763727
927398
2326
951442
818708
407492
319242
19560
85672
416137
385643
424223
318703
774019
188580
815343
87522
855441
356365
331782
612271
250415
278236
312424
588973
783151
403051
637553
11258
67593
810977
703990
222132
217865
681344
857034
161808
590694
757131
710236
291674
910707
50450
417725
827465
30127
861275
351360
709694
179639
823855
169275
995929
366619
107646
976553
803960
731789
434991
392241
690254
935669
906632
699138
779675
479842
77815
975253
880397
23836
568507
978068
803123
737365
875314
753753
817114
270397
86783
747087
680198
244021
563991
553013
279310
909723
8105
930497
321237
885828
5864
270497
946401
620808
648502
491932
400729
507190
72302
227223
437279
628200
697038
461620
443912
686770
499904
776661
876020
771316
397763
974718
688719
425615
963578
366617
393955
328820
850897
357266
787415
251288
890824
26530
581127
544452
641310
548586
388417
346504
813466
975029
825754
957263
594168
86688
999276
698318
5807
811798
721325
853143
118747
88179
73324
520970
816844
622218
931498
313706
801643
362114
522322
516429
357187
425563
291094
691053
42483
510798
905832
469341
991727
396947
260242
466005
333934
825468
314739
5486
976308
107327
63895
919465
651964
621393
463153
780713
583105
82925
80119
582721
479785
571443
155098
309864
907855
523246
449377
834825
592299
876974
662753
973751
872672
530964
928283
416254
478051
890796
999474
131477
231555
788596
613831
921071
363672
889787
588339
197168
242380
391781
140448
628477
59393
972299
794117
147180
832670
566911
963516
225243
762617
973933
509697
589660
86754
186269
251401
381902
236874
885268
919932
869447
111759
723482
582801
502317
368805
198487
319109
113892
229154
488663
35704
646945
863782
675757
283236
553181
433444
260467
50362
727846
191186
706223
452187
680847
466153
39377
338160
455560
544153
418136
232486
47624
181069
171349
647049
768038
530582
437384
545084
219080
931382
402854
656018
809970
868748
469948
959181
101568
220439
330989
793457
423791
587368
112279
284931
214293
383209
885652
946083
604145
362243
160733
239043
664541
283249
604616
21699
536736
194911
550194
29035
213728
463870
398967
262404
688436
666919
133470
495251
15768
233449
909906
100851
730105
276273
985611
678926
562609
488853
722636
21304
595085
253949
886021
265320
972681
501678
183128
995731
796061
172468
906744
486374
445424
228908
982190
273952
698731
406123
283702
344267
203561
138126
634118
739797
396938
541343
564462
626831
888295
567073
505114
426945
784031
511865
848565
394791
801424
634681
819368
931085
160930
520969
192
155458
184189
947508
256878
147388
19994
541709
207527
587976
820151
872060
627116
510251
58212
343720
188388
86555
844731
658562
215653
602067
309677
292716
279441
159895
959222
411653
92701
16772
468530
58771
178285
175379
413002
928843
660827
992682
567367
242751
906839
516510
814087
189989
716392
560650
175628
938175
957905
983109
211826
333100
476046
409346
84665
792843
705214
187017
744256
355336
656346
192782
23123
96900
634147
291051
711323
744869
503834
928191
50484
481399
642793
647010
550684
275133
498143
842500
987014
865817
975513
761505
593678
427347
670460
44130
938888
657609
283742
184276
83377
770420
911620
959805
232455
516882
267590
529312
587892
823029
463695
73743
957158
906920
531329
341480
771130
60345
89205
256301
462486
843368
975328
297924
920086
538922
576785
66823
395357
719386
545814
13897
844942
411005
338431
907815
155603
550640
100282
620550
135450
149809
304733
381358
138656
723014
317315
929218
243557
353741
857101
387227
134143
963809
632202
558145
395595
894694
764401
333125
49406
583922
604555
460222
230873
921560
478573
966942
278907
259026
397923
391344
389456
153994
102825
489456
418280
996997
585491
977542
200738
125101
739212
415777
449927
375353
710395
967085
481331
197371
376257
341936
162221
963526
385119
180422
728152
146041
26229
573431
686979
392301
248165
935346
557787
184439
143894
963753
219776
939546
699092
936264
535156
792972
540053
199954
648176
304483
375383
976539
226257
977116
448420
317596
923119
891336
674999
899894
852110
988500
316537
427078
141678
883827
590820
722465
117949
938602
943369
659756
153645
34551
658924
126683
166240
123487
850381
950660
927422
910163
443330
958495
984041
405118
548543
611676
860744
747822
194616
594145
318336
141852
627037
163743
843585
693017
23940
969936
621756
230872
808293
792079
368562
819410
173758
424467
295784
548121
944407
78601
300407
96573
630176
263950
806400
514069
697078
617094
275836
70251
684740
627932
522737
557446
40710
233814
232256
863252
127593
49811
334811
97204
69455
256164
17301
737438
232942
836101
737426
576816
298840
183479
710621
640661
836501
607291
411352
593172
894828
191084
568206
723443
785281
750074
450213
142533
121880
81279
952623
314583
465400
60223
779679
304947
823466
558721
265752
484111
308577
834628
650657
760853
24627
763744
316725
278224
530117
67131
442424
244784
31366
819428
3523
886202
578066
143631
375136
551375
506550
979693
762065
949526
299987
949416
466699
100873
442971
131384
351040
163801
478137
490853
897946
234751
567693
872409
523139
39392
419157
445409
819105
746396
432487
740480
759839
784564
306522
233648
153959
687893
83589
914038
250796
944581
339039
319904
495779
880745
531397
187678
19217
940336
405595
11003
773695
95328
642506
206006
211211
157115
451815
308353
443673
590605
592307
614229
28390
338837
341119
517552
498941
785614
345064
890540
437506
838489
129856
818109
960299
776968
129485
348743
757327
210633
112171
840922
872662
654125
532748
8779
716561
126932
492128
771248
868451
846775
806032
510903
459548
590162
903459
414755
72934
748204
843780
259685
596568
937028
778843
106003
156584
938842
366359
524935
757885
624983
540173
405655
232099
847129
206586
508140
974296
405151
806052
30465
770371
988110
340191
150266
466820
910046
741804
811870
565286
100004
950780
728819
124017
801980
927058
999989
144541
279954
878726
435378
710433
81357
4581
801093
293224
34202
119158
583597
894053
225616
870744
155657
680317
834757
987207
42226
974115
603885
892285
757941
974338
99049
170997
675371
536979
703796
312330
773559
499406
16293
223678
834332
292797
148129
888663
55609
489259
537569
411428
450593
550076
989468
281566
563803
741782
347857
288233
459891
602813
748403
809786
953403
936445
558192
726162
600609
413760
158432
136488
365550
94527
638791
477860
539033
554837
977159
292744
89030
718191
955557
345321
675934
888544
969717
113115
335179
240657
892453
460460
183120
203990
939428
322886
741892
327003
730605
179512
661993
212669
297076
241166
497453
879029
578475
862940
582588
969199
612593
894298
463616
925753
313496
553449
142710
831703
876241
410676
113070
844211
96630
156210
656287
314097
757236
350919
993892
195425
968787
844106
51735
900686
581668
284962
663625
817331
887814
590153
586587
890893
790036
663090
446844
89484
440815
655943
895871
579107
317347
972171
943511
447678
532344
246623
916531
570259
625880
732512
878768
201042
480664
847405
35711
297334
993572
278214
350677
339901
196428
665744
807816
69428
582373
951157
898893
763948
218013
979304
322827
429577
670815
489478
182427
279096
25183
698776
968927
401856
455490
783541
692156
350258
244717
783236
34805
6395
378729
21024
842341
825048
3120
431828
84569
282344
117719
339717
471944
59741
984407
805871
829167
160012
302457
300359
695629
677157
720414
732096
768632
230780
162216
548330
957275
522053
636681
601780
72269
30111
651494
317138
188110
173703
791335
166266
646368
374125
660382
860936
536064
216355
913873
241665
816703
277746
161445
499764
387842
996487
457833
649980
297106
111499
873021
263907
32545
105424
666206
217761
910682
160551
89551
770946
691939
997006
160804
287141
19506
416518
633134
9312
998665
92483
420542
451329
156623
764349
272216
341616
312013
735012
706678
16112
310722
134512
622581
66564
189347
712598
408736
644078
71282
929558
69272
778578
630137
766065
37341
132602
828707
339641
649659
644275
915960
668416
179667
224020
481331
791090
119493
287390
656706
435903
391095
858815
987226
335024
153285
813361
32564
4187
47365
909055
59239
721394
408501
585768
907555
58165
480579
959772
531079
586376
390201
616995
801760
563999
596676
226525
356927
376789
897183
410596
411894
99036
824737
965389
309998
979471
370847
629582
874920
237284
207999
146297
856846
215037
84378
572519
139189
379613
217037
871856
627954
917431
3741
804758
408150
601378
858692
620033
986951
148138
650396
62501
782012
883392
921447
393791
513684
324561
641401
734655
552212
761972
740994
820992
655356
381628
74940
539122
957508
568685
58541
546073
390776
43468
935129
484014
170797
703439
532360
560355
116895
264436
215919
312004
826472
547886
645886
303225
38687
623353
907718
863208
192331
920655
377860
30711
18243
549939
641166
800751
745187
226154
595032
922492
483117
473289
147939
431121
478969
516906
129668
251112
986330
190072
735693
999591
880143
954218
125786
453022
645155
152909
261369
448237
327074
183225
965239
720643
570552
26981
601987
799745
855207
176855
903554
111932
31332
254516
386734
427169
355471
338421
867243
560244
678030
631418
837928
859761
168581
308153
36846
955027
101235
685199
490633
13874
572204
332215
795983
293447
701423
852056
696913
879308
929315
56952
400798
781118
238515
897615
704238
621316
765058
667190
713778
771242
187661
576190
325814
995910
170524
626333
231023
759675
867301
717956
411367
683099
519485
851084
197378
617192
341755
204046
327148
771123
383723
415889
744545
273254
799916
61598
740504
618333
398183
126000
761741
636078
635756
275208
697385
70857
305963
327068
506641
846523
550667
246895
42824
542221
844138
329788
249154
526025
624242
262284
998790
48156
993172
944039
395006
754903
541540
168359
38046
941008
632273
590568
370863
308133
683903
744859
140279
366176
691587
563002
236359
213878
709114
846934
50081
22186
42502
171595
660547
71759
814759
786070
981012
971242
60466
116925
225066
32885
663984
98796
723446
863936
870229
40096
86861
478707
962394
81148
161427
877294
836282
161401
38854
507473
457607
229371
64100
653015
836070
637310
809850
529821
511661
696815
280779
719105
266135
612311
757721
913830
274850
817586
257619
7699
605510
197918
848282
877179
832913
425263
469618
473623
854947
855391
373762
997295
489220
173475
784775
384121
303837
903320
459355
861784
952922
280732
897950
881349
70873
562106
968766
717387
206287
726909
905385
304428
897144
893349
33996
523809
64568
289784
362182
545407
720467
90095
213038
128053
284806
803217
412541
695986
681024
744478
567386
63075
434560
74017
233409
178266
765388
544425
265743
815754
277707
236241
502636
723759
54976
115514
667989
797131
877667
889242
299140
166538
903197
603374
472063
483207
351329
434635
830266
826791
820706
910674
390186
549027
157044
623298
875688
83876
589379
508584
966717
974023
137962
257329
230224
435584
153073
500960
111977
253978
31654
864026
112289
195036
48598
130526
229737
871688
616232
55763
309939
855805
772759
579194
615488
262588
52170
92099
991559
806599
79698
440251
988031
36965
454591
817122
718153
667779
400543
349723
817213
329524
502804
623100
303632
602073
173201
367237
93855
631964
785073
573422
740698
738198
189236
919001
753232
951185
299542
258919
193234
303975
356814
246951
482823
449353
584416
79528
869068
517084
693343
9775
15045
240893
467715
465604
44165
993381
866018
23783
355478
255016
887887
594464
447077
843800
781644
796212
107021
67142
110956
230515
878718
975144
738570
161711
270282
737174
787424
34183
685004
454959
605253
469793
728309
803480
745733
353974
229300
490020
361118
104774
255873
642896
403285
359405
143047
898213
473843
591502
970028
419008
367904
710315
114174
420078
259546
268951
633915
175217
725778
110402
558717
852000
592547
803956
845376
320042
547184
982293
718289
834235
230104
927336
656917
202551
891417
504856
796404
911523
319422
675051
467040
413731
428870
785811
54854
458334
485011
934051
525007
513661
153291
909087
986515
33811
572431
628844
776667
95063
778646
979814
662993
174796
11173
234000
758662
542529
753709
684006
276128
476660
434817
960719
588254
17042
207986
950959
744522
665498
263177
67736
520634
341983
857312
278048
196610
2604
649757
59533
173817
891073
490508
409709
20646
822716
810904
625795
187656
70355
115942
695771
844671
669822
311375
601407
222042
886450
201463
614850
100606
652807
804750
548857
637807
577275
176611
250570
846142
690255
413728
808604
551439
461199
561446
886638
639622
39279
489798
926531
648782
643729
256344
406587
916870
255139
110460
312702
157448
640678
458347
681873
212438
380809
635384
161866
614755
491763
902505
131168
921148
262624
219372
457308
102353
736227
427064
54956
529188
245385
140673
63510
980557
573342
607959
631818
212839
909641
304796
772304
438491
269010
211616
363424
857927
216197
424475
725392
917514
930158
239622
411880
868718
569795
71702
647633
480819
793569
463702
587628
185908
910383
314336
395776
806648
359391
306039
456971
661144
915987
851908
294905
557384
356956
937260
897586
816963
539037
654154
55630
631895
549838
600846
548324
415754
98524
76401
864768
583016
193326
96276
127538
653098
280451
21748
780803
976389
518071
22284
871363
146892
228325
648392
870270
777538
804645
426529
49421
821504
60470
164633
669896
211583
283575
527317
821017
554499
554256
878738
42348
942693
96238
528581
749506
120571
753771
836307
866725
666917
919755
49770
423350
624567
587682
614394
607586
582910
328852
449684
486515
465905
690805
605149
521219
627958
276046
795438
703627
731021
461697
185356
921625
124061
650628
517759
782944
257433
677001
936145
90281
307023
471870
772837
122600
428621
977776
509873
92073
289840
555851
367513
553
688522
183484
663145
695105
245231
493815
361519
349181
814941
944020
405107
618955
115397
128532
451092
671567
954362
723138
246529
253140
613557
960629
67536
912988
14210
712114
282942
918936
432395
414254
367044
55091
82751
231344
231762
300872
162719
5333
395307
936053
494117
422510
209244
463559
916113
977988
401562
357268
544209
239739
842423
385704
449548
753812
825409
457943
510155
214348
829879
982962
597636
987874
30569
695700
975557
920502
904619
874204
347834
705485
503989
746357
777627
560241
759706
109008
862900
75445
551139
504819
333970
629462
614664
738347
827591
466173
22282
849245
505819
495330
221808
651131
165199
766666
659675
237266
753678
120176
925256
228991
654451
873666
372130
522370
309233
675266
471234
300522
345571
796237
527428
734384
935217
766393
712647
543776
218587
296599
492160
144626
231973
421528
663163
305335
980448
423115
481648
928111
891920
615684
816702
598391
599295
561945
748679
202527
560221
267014
212647
46810
294674
899632
493585
956495
200226
346566
119816
808716
5756
66244
598968
57754
557343
516625
243887
768107
415594
790473
832891
776816
843582
406293
47456
577991
187217
849461
46134
255570
708818
561247
303581
382307
829876
650177
445918
871443
243994
339683
103776
458482
727645
477480
646084
666328
764669
168947
227165
98458
848033
13607
2703
904920
116620
550022
475715
390900
330975
574075
352196
976029
202757
782707
721465
952201
392702
851749
552191
832769
104652
924083
282851
27222
982772
753704
314553
403377
658801
823009
549147
787080
43003
901705
54081
578669
48430
206013
764602
438592
803547
152270
275589
475973
459368
250084
234766
384080
490980
503423
664904
293405
169643
908441
18211
184700
123250
754664
675563
681129
487024
576896
566781
739898
18858
871828
43238
701233
995289
321948
444825
206385
948473
588883
498701
343758
314225
878552
295537
769789
894938
982516
522445
485098
462317
218491
4214
292393
126414
538059
780653
118212
740463
829170
886806
759091
169506
225132
445072
598441
155007
937289
628213
905611
890030
542381
484527
391483
156370
922865
629301
613779
895955
202280
27105
942126
374149
354108
635248
247072
739066
76534
407957
948485
702305
717148
926522
812471
483929
334068
977364
585113
91670
615207
303265
535824
788846
965505
988545
807826
263041
62613
329519
244502
115075
943933
760026
29355
708328
362367
538084
935461
250666
257420
255350
98610
779002
219170
686526
153162
22849
227665
983750
537477
253329
555738
248882
618310
793581
481330
143126
399573
271921
858855
34929
790411
890527
163354
89354
412710
685320
879082
946150
525436
153620
939762
387747
414541
290862
433768
58997
907505
910734
800358
829882
664432
995556
288581
595515
898672
587102
171173
379585
885705
434646
487498
644178
135349
567835
275873
384519
50339
776155
588192
755659
204778
818026
523019
98610
524058
431153
588242
60531
447855
715766
575512
891076
605023
467139
563470
488144
720723
981558
196030
504536
665714
524197
327716
596963
791384
48811
128310
921827
577125
366867
298693
292838
821874
602592
991291
509237
913631
168247
838596
920653
717256
181610
256010
905975
19094
746914
369240
782214
271345
140648
797152
966701
124115
360016
343448
627066
881848
79618
916414
510643
693554
479590
439421
893836
72088
12716
371112
131330
477790
832629
537251
160278
339008
928929
444001
987113
889689
260982
503303
488561
176528
850793
130159
376149
572721
183245
836298
245419
590874
379477
658717
614667
529676
612231
138668
679376
487969
712960
795572
585579
544477
163294
455633
656675
645404
606797
918784
611949
671467
385649
433343
316707
288499
33965
445585
148580
49232
100622
24221
15177
43265
122904
746614
710143
980728
281963
336118
76678
491472
168464
367555
865285
725726
71718
572659
920391
589471
850339
763724
689046
347089
912521
160356
123762
438495
178600
168359
565550
204532
214985
860791
236712
781681
968254
18158
302691
468793
72836
734335
85187
217321
657106
243770
206948
113509
767105
40110
587607
59534
720983
436840
924857
296911
84849
341210
854130
380631
12173
356439
698119
406049
602417
294715
228381
190510
185084
875368
50251
708821
936263
76907
256858
980145
714360
1532
22236
78904
664611
975524
608102
945963
600092
239481
625387
11241
659549
379845
704950
570591
157264
862149
909955
988314
747067
318989
664379
353533
844166
957961
511947
933390
93737
553566
2016
996394
726902
62830
502336
220185
203904
817530
485128
225212
852647
310435
987774
66851
442369
359753
200594
298939
996583
134292
805622
464868
920729
264081
475671
603553
910095
376948
682934
56425
479837
630076
28008
619226
311745
597364
603814
12365
352589
475989
890770
796036
526059
821897
473927
142272
848722
461450
172763
593840
586884
494057
45748
854659
536449
44267
742595
825951
11020
922893
409890
361066
467351
5097
587078
24389
229645
450161
354017
474840
503612
142679
235095
783944
466206
348047
706778
101125
904962
639468
584228
962049
651036
666151
221840
453435
348773
647999
797718
454201
143664
899450
272353
610132
583627
893705
373391
827309
411086
450057
603396
187646
737411
315046
159851
728651
272370
468186
736011
728694
889799
751635
160065
415666
200738
398195
81632
235984
209787
516017
575074
350133
22768
513309
344713
98989
959981
601408
876438
53080
222199
808161
868453
842178
281813
29540
920547
945425
669403
862606
186157
503831
834388
78691
476999
271751
237387
8304
428534
605253
737206
130789
431291
728982
333120
144154
293228
327223
354098
744946
638320
684809
359613
929885
817814
395241
402086
726263
274835
63774
849614
355598
381718
925996
113501
296193
860234
917573
599947
380675
659047
935839
891083
591807
114997
583649
175060
432662
935455
318391
807372
443459
130928
499461
697811
735200
783532
84599
37802
486722
193869
707319
231871
320382
99929
622904
58902
124175
123932
152495
858261
627728
72392
849890
495276
853155
109989
604696
863519
150388
134710
303856
940657
992920
20650
449358
601903
941519
882811
786224
771734
223016
145383
154783
994210
482116
300553
235328
467572
141682
799060
593610
287966
298362
399851
352786
249294
463285
741151
566850
469590
273241
255045
87400
950356
125395
954867
945642
127491
887501
746712
912920
192732
305551
617973
272986
768938
795393
836156
278728
295657
762702
41347
625304
54362
416293
942821
603122
168550
934361
170485
727584
682924
33065
722336
479585
46697
235225
383134
556572
431235
737727
761172
40178
459826
756634
249802
529068
464075
7259
270212
200276
665515
795208
59327
961631
379772
704758
643146
156935
900519
130164
541438
306679
449366
623751
760347
674528
304932
575567
769344
640489
839588
293704
496774
589763
711243
686380
812986
594842
698235
909174
93942
863655
993069
677954
836955
170850
854457
353872
49581
264469
83781
316264
627787
781644
896712
172887
363721
114665
827898
585367
420332
975380
644570
120333
69057
371343
903579
392619
24410
63079
107116
692726
632742
876422
108131
267682
245484
878182
378181
621529
765604
706592
132020
679706
16370
878562
486645
145918
733376
846975
805149
604950
189110
708641
786648
925873
818393
436570
332374
735802
22909
919447
485459
59709
318632
730677
364225
951242
966277
447086
147219
198962
440514
134700
831976
27310
957895
476926
618323
15840
79634
752744
563331
205681
761843
917908
453972
544793
789601
987431
1073
628861
993016
413807
447779
468658
521488
269944
257723
210015
417339
724286
206616
991617
78362
982972
595286
953481
137116
882851
294611
5664
822357
850534
316895
457290
819447
877618
248575
304936
531119
597051
383966
351127
520478
236210
924561
521271
7922
551123
552837
443846
810913
943194
825864
795498
471938
818709
7920
702989
13000
925077
821740
37922
740571
505406
942757
809287
364692
969342
301648
513923
341077
321242
423059
330030
512579
288484
562769
67056
279074
549001
883220
279969
861963
11206
112790
741648
889164
814075
837292
535968
823516
157720
538896
560716
420985
580532
520713
295562
825824
395964
308601
297165
185769
286024
886211
492133
431996
466185
641686
447874
470643
59615
957531
788630
111374
537159
65335
185176
433613
270386
533181
140708
29614
918512
515827
966335
172355
207627
897791
249
358383
474225
127663
6059
581373
649545
991906
853024
128156
232358
794965
944336
393467
191449
110798
536520
285565
759008
992351
878757
206489
485821
637271
228542
809362
42850
542027
115362
853197
721800
18364
814070
956244
600287
298277
461441
246182
909152
493412
291011
884024
652606
149890
296703
841997
990075
557857
514202
885293
244374
208769
74332
528261
453665
653806
594771
703834
433329
240522
289814
485483
476848
631027
935591
728163
989900
475856
28850
101624
230034
349693
625074
60387
189269
436368
558451
239548
36168
959880
999474
294513
360492
616146
425632
510818
256802
828855
328965
764125
350498
153125
349890
461553
177796
957463
564847
950833
58876
531620
652963
625543
504547
437474
614993
53682
473264
29492
475279
2397
209669
111223
778354
602077
98790
655685
720790
238343
776388
423396
556730
137516
781112
15695
770696
406195
126603
738078
472689
869201
447345
405268
370999
488871
563927
980869
592772
334967
900434
765602
131384
724292
590838
102883
334720
361734
250632
113935
644705
749639
711243
411371
781781
932765
854646
292285
849868
148292
985095
494331
311571
724247
331505
524629
981522
93611
538929
244188
852719
638921
623807
790029
604817
14405
880287
57214
234047
261183
741462
686500
626214
80118
329658
573439
792185
975492
271907
128227
344243
445754
451070
462179
605816
528024
764672
821531
414233
361513
307446
171226
574711
462905
337659
341866
119038
802868
890500
208446
639315
49565
479637
492536
296777
752423
15574
630164
166924
97396
69312
914932
277408
205543
690
62344
581444
582504
920288
954905
320560
489460
705514
771379
251390
585245
104651
308781
909221
201637
752552
619862
21023
923059
847304
445374
648429
195888
96227
672798
862961
642625
624211
822693
725368
456993
413223
107104
257242
647577
298839
777284
528762
857439
308945
805083
419625
893577
811250
366025
231911
316588
547152
410298
901257
717974
640564
894059
123382
614627
13221
764305
755467
860800
414111
912489
93215
983738
9251
576605
793632
598146
771304
590288
490908
452287
945647
314183
510364
781456
313396
369139
122155
262109
716288
421087
373620
980184
651675
604658
50057
882582
578847
707170
971136
386372
500585
281206
82488
512711
122152
968181
553721
501428
717335
996336
757881
476713
229511
681
551803
371398
595989
781791
679506
348939
317436
392311
42756
489232
733251
757768
330890
305435
772055
530499
109235
382625
283443
785854
51431
594460
250363
993179
520265
150661
967273
604761
413558
375983
439454
385015
827435
659008
655322
939072
748675
736140
705543
743032
903261
462543
53552
573217
738204
958535
619663
111210
157640
59436
495939
154037
529
687693
377504
68804
392116
280649
740769
850495
922551
246118
870968
263652
1870
196113
428038
764171
416480
223602
443111
180949
572771
279723
768356
467313
781987
793582
421004
612618
911074
437432
437532
836944
114458
287982
685851
804642
487518
527122
971011
667157
616990
881762
467417
11620
717897
47821
377630
385908
165069
312467
605342
530498
882682
17784
851237
386347
153028
968484
770385
991703
469863
969562
996739
732227
282149
777043
306863
800554
875947
67959
658259
723664
498770
918135
989253
766123
628609
321289
741924
144238
161583
118657
960560
874035
921158
408329
405814
188996
803363
880573
373924
774725
404410
409061
846139
584002
755031
897936
850594
308433
382207
622665
576278
515236
164469
30905
44735
291565
835352
517465
823646
562030
687721
5265
898531
329692
368363
23922
685467
721327
216547
357581
17031
450569
353023
18478
460168
736384
201619
820024
652022
401546
171902
584670
909967
665092
562091
295547
945996
791071
891572
840079
458319
155751
836576
453591
815801
240433
382093
951816
915161
777185
119017
617383
522495
681493
834522
574152
854126
629554
63806
993377
312623
811529
274572
962826
893058
367973
903193
990163
106480
432115
81655
7489
107004
761487
316664
783847
216248
516135
161168
794974
951539
947406
446680
901857
244752
66207
43247
679047
498802
714764
113275
978461
278995
371074
720909
455711
344308
593402
374115
655891
747375
818655
363783
341891
28264
601751
908756
565461
334050
739697
608280
95048
359597
838057
334357
879501
620157
720346
760738
838336
668887
915649
858671
32577
298468
673321
617637
498676
589288
143353
551660
568081
949196
111958
587782
943144
140375
998454
128024
909749
341051
524291
186953
919131
549644
497639
745987
140417
220747
441978
315223
908742
319841
122950
832765
351458
42599
206131
803769
698394
960546
658964
36120
948703
372108
614284
729818
656324
897357
793950
55338
903131
691017
765457
361608
646443
978003
925884
193095
525455
798591
629107
174130
794286
398548
300942
501450
838674
927776
317522
411819
436391
552550
677887
821453
138578
27059
164790
114661
91180
986063
771076
792107
890010
15566
849999
231735
271626
473414
627995
126725
580428
415386
945722
35351
450378
198773
496462
601785
177382
652755
557884
43104
729263
71353
607983
915500
380031
682949
671238
556685
951667
357216
10203
215105
543368
607951
472305
749179
326223
561769
864953
803168
262732
144419
510913
67882
716081
248519
557754
232687
397170
515075
467812
462460
323269
455390
718936
697371
820984
651653
264626
357621
901038
691972
114457
158608
105143
105680
440172
96824
996619
367489
465610
372220
322083
661532
62
683920
905653
627726
690501
727504
775946
829942
677310
194468
627389
656409
50222
459454
867858
431097
458796
484672
737008
718783
273839
60027
545148
532053
859122
715795
827476
545936
138625
602750
450021
473867
236388
878571
810026
268815
756389
828287
655169
677038
901566
769914
586411
126127
853348
751992
276256
209827
900266
474580
135181
351318
491860
32871
857068
216417
535161
526766
425405
374237
91475
503754
38118
717490
145511
166432
810404
432845
892491
674656
106477
298864
378905
873763
817636
848547
499503
428654
852088
909512
155743
903572
702554
872908
389434
788727
723929
73337
690612
54510
460699
742313
534836
360707
803066
749397
233083
151187
499896
874188
938606
578008
93409
245247
9089
594308
360572
339641
274306
847491
112493
474475
671615
714083
501162
713125
720342
535632
386072
629665
800279
106296
669313
884090
912279
601997
406004
184506
458132
561257
482682
827984
54592
577611
902768
234784
195436
639231
722950
512821
834194
452764
589907
248210
673023
205479
496274
852646
562075
790870
296829
992285
387862
124590
505732
525267
695217
949837
971434
949027
596774
402116
484989
235166
760118
782044
169200
697048
191053
38394
252310
511772
902739
995805
808509
531519
653137
685315
958373
467410
120126
104747
111516
596465
328230
60918
861495
189496
805046
81127
247534
360597
936230
738185
323477
692153
648067
557936
489523
580777
116184
977047
574977
958129
177656
489577
158528
776695
580011
817307
273335
37549
240371
731510
333320
378528
724409
87538
983662
470190
84185
474686
920790
839252
622727
460573
152726
154469
971292
438634
244750
842839
708609
919548
975066
682872
477751
900388
541041
963326
399296
211603
124637
146555
567597
145817
390615
114671
643269
248520
491646
977080
877967
768439
251892
383524
176189
266146
472021
397735
419381
429231
659029
170472
516220
576075
324533
356213
100545
155059
943330
610135
418052
711759
730922
941441
379425
22712
756699
347618
974973
915930
365050
732058
279884
368373
767837
553481
724220
7998
960294
683522
768769
449762
771932
449694
920766
29034
404199
503085
936205
172665
268392
452104
984427
891315
873843
635970
517315
743032
82730
414013
347349
250830
840567
690712
389571
436637
373413
310086
468280
838995
233884
313402
337333
305576
262135
819838
571065
120700
808516
580643
210381
924316
513239
720915
884905
116259
948555
256642
91078
67965
954838
994243
353345
403975
50952
843959
168745
294930
453472
655840
189285
308487
138123
707987
567045
665060
864314
186828
745507
778532
339422
408668
630517
419389
299459
221501
331763
627779
418950
817286
731423
18922
984565
926521
964214
721320
154817
314554
87857
108921
812834
33627
730680
506812
608904
406866
90980
113595
375801
191756
993199
823752
787723
982106
579323
687106
752576
848394
373755
380215
132025
834513
132354
475619
556185
830819
837542
336407
790263
997
10961
955253
319551
945082
324708
908248
198886
306106
993799
247568
354567
56449
220753
299339
334367
865443
613585
815375
184610
447229
511479
30115
233207
337191
76194
750542
103575
644229
778311
87671
306749
928893
67514
300395
156875
72451
896157
196349
944761
522319
327650
328264
988730
113264
672190
379408
371949
420154
657324
272391
576380
214171
383130
294955
744597
504204
813876
143244
331395
998883
963980
822636
680
502533
827811
731263
974809
260216
438231
656913
997270
657814
501416
459463
559268
531997
223656
216253
815305
901412
532991
998095
477476
342376
327896
684979
842278
992453
509612
823875
965809
831424
420713
706905
129227
849473
269118
679444
519551
810910
587910
749559
141328
659602
859982
808560
74267
763724
669381
336053
930440
747620
958079
680266
222316
722728
346789
833632
411007
795029
295549
180183
129397
965857
845394
756516
862459
294261
758016
299086
678863
26232
855198
599762
980796
628551
136840
867751
78129
730817
224327
521308
103485
961214
592352
284125
884010
891615
777590
201108
519987
789632
619740
108203
82082
509706
31611
375088
948298
859750
110876
469202
587102
29644
182675
767624
111469
91577
678473
791441
17851
668479
116196
758294
160701
231350
583189
831979
740528
272
818173
696628
888598
947978
138685
701028
135310
994623
706841
245153
930255
766743
768648
433284
531713
834268
28122
322620
409656
354797
345862
290066
366029
843275
845071
154887
693915
762321
383571
854617
831507
678336
443824
804644
273213
522872
870483
783142
448587
977475
973598
609819
627035
575692
696949
883463
952074
306733
777446
809554
243567
803366
900339
436621
333627
694249
983356
374354
740779
680337
329805
158154
125479
755443
493058
727881
713147
994381
408915
39059
999279
348
194496
941314
968708
875785
655194
910911
403342
245507
295147
520494
963817
184168
1155
774886
692313
563612
774176
588573
117634
858621
426489
262627
294080
360685
245543
223621
828516
124494
881777
373074
369356
167628
899506
483514
258270
485267
740073
819025
351009
871522
92509
43443
636855
933303
556587
144130
382779
751914
655597
979915
688947
575574
891209
57927
933170
559986
168531
783869
395469
992893
2848
797893
319863
892696
169832
730407
273404
780909
977943
672033
28567
47757
378608
666055
671984
453720
915678
870917
552757
195477
616025
664448
27731
271138
808369
295003
103505
756869
57275
861590
940617
435552
900821
266960
116933
228995
593046
713133
146482
538716
28055
968018
773059
263945
81881
670541
724005
437646
250001
742802
446426
501026
991767
294625
274165
70820
157223
163587
220209
49387
991121
408114
809069
268218
943747
806744
96456
658131
694833
255664
313685
289314
934686
302089
711163
931994
754506
320105
776876
139166
259704
734670
821632
922709
579419
436112
705325
375200
981724
254242
163685
513960
134539
522039
506380
912720
856799
658113
562069
207626
811179
588116
78840
929861
539168
801129
988562
897476
61817
285631
797336
207946
200391
615068
571321
925233
674073
205874
117584
315227
287431
123292
902851
896319
706651
892935
128571
971685
999069
848494
889088
378541
84346
863293
762735
105353
973520
999639
997019
909002
958297
927411
856958
956760
168881
723425
421850
107644
487749
749803
887409
142167
661978
143958
823453
582198
57335
356552
615117
42557
155697
191363
27164
435455
899281
481807
597967
944560
748579
454454
915819
525682
161182
173737
405937
157451
160747
176321
384568
196856
460948
301727
295781
130523
655306
123892
470600
236751
166547
728476
24598
61788
717966
3941
45375
604422
280292
418543
463980
598080
923725
865963
316311
727742
179836
548869
15302
303400
968488
760990
251557
303722
856312
278194
596415
317480
367115
78105
963673
494799
930081
781993
567915
339271
313321
161016
723196
920708
891687
390399
80216
32892
903809
421850
793393
448883
675431
281515
172752
433137
269726
192479
295606
994134
376231
823817
798547
206276
212304
350058
21666
934266
770454
438994
794975
155649
790645
56287
667558
664382
965967
443620
588522
792552
834036
581926
333070
615572
860052
850112
743139
936813
588734
607078
79743
393727
546196
457798
742582
985970
24462
790026
79160
100435
1511
203194
55303
49870
139111
481599
377682
445688
835982
767938
750259
334025
622042
667251
903170
820647
258806
804838
835412
792989
95167
968471
470996
173034
89395
589262
308539
518902
206520
863390
332847
748000
230727
740999
366838
185970
344051
511803
483157
231094
296538
708286
408777
395554
910758
923046
296481
889390
511360
993730
817846
337350
465427
579351
731016
213403
67064
231877
564535
459028
350275
816201
107611
199331
671849
188316
885696
828338
110989
111288
798977
215355
184422
839802
435775
39287
423757
673315
517183
628974
503784
120
837854
592557
326511
54794
810929
826326
461016
103632
884541
654289
772259
221616
571407
371489
305924
154076
71546
994321
43048
909657
619243
921676
271525
175003
812202
45068
97859
727245
681327
954027
539809
984173
457375
548245
213446
499219
239394
529631
620037
729681
587937
549040
100236
649014
802401
952157
338185
449709
35703
698963
235576
182723
860519
795053
343694
81414
872925
142502
71867
713800
748039
679208
391456
382915
211085
904067
76493
563350
214894
148153
148469
191982
64696
550390
841457
132224
623140
760669
856173
933554
519436
311677
160627
969945
796681
572770
141714
749597
136877
12424
142442
668089
281114
687915
840023
301791
894653
311930
301944
672056
291243
438569
527835
718473
356950
747429
288967
309489
786987
741603
110757
695695
604044
54098
713931
782720
806949
919151
840870
888006
268269
93942
847172
127684
270267
833398
645500
379174
292162
244798
249978
648541
234603
267635
827819
951752
291597
627075
89537
362542
578764
529012
704035
841384
83851
577174
871861
194396
199055
99095
105215
484579
557873
291701
112892
415308
655743
150606
908226
924154
921009
684819
953288
91176
571843
536603
568537
89997
520243
240916
633300
143771
153177
872148
981917
484065
21918
810253
59940
824912
914778
719647
582288
762458
731598
808840
629319
947830
559739
767734
957084
298368
961245
438013
169238
597630
146887
887972
672153
609278
659228
721498
555956
69787
254759
468294
980742
951454
452312
660476
131341
272576
990492
92107
907149
169741
631959
527347
140761
698917
352001
742964
629953
767325
104282
850049
109144
192578
499211
543956
147552
54333
853339
347739
546324
686738
257354
689808
316946
233923
297806
147686
540580
989521
671143
727583
277674
726882
194145
965050
463141
818814
226022
986442
498914
595763
553341
632226
135553
570009
315747
894573
733536
698160
243396
443418
815529
34725
552406
718260
310646
580532
466835
905999
708956
940775
508177
805918
375643
211900
425791
812706
98976
727908
191166
689213
102196
481704
525017
572197
554885
768038
894243
799220
373199
368186
668204
275739
355175
200312
191391
540087
117668
337365
67771
957372
454378
435941
78188
908878
506260
252286
99589
400558
348733
949180
26333
771985
990060
750878
320835
354893
345370
945742
39775
670572
163168
657598
41446
885091
857153
668142
556921
29212
350226
868106
384219
80752
260098
613679
940237
112241
632522
418254
900552
424866
700018
479849
747670
389898
810108
569723
416270
202781
594802
494389
325546
624795
3207
270562
512007
300405
455148
278891
157176
80489
902258
945847
451270
773359
444311
484330
57288
440267
333679
993743
449627
87555
65968
254736
488767
457131
886426
238882
185166
306204
710081
675837
688730
479491
400569
785289
946401
751125
996956
568085
801839
608096
230714
998208
941841
323901
234078
952378
260081
679074
952889
297829
651155
332308
915950
861397
313131
194809
92857
988918
59864
909515
16445
621133
70465
981481
294824
452887
867595
781128
851077
194893
261108
496646
227037
823689
457743
543327
903627
70018
175132
421560
636251
363763
367619
722713
739102
52635
602669
182392
252813
52765
359424
670960
481303
85191
260085
587985
651914
577583
559319
810192
80602
751801
77273
802783
289872
906614
876116
672920
555345
368679
711517
151122
332105
455839
614464
704278
785717
288774
214939
497772
545803
11450
102616
874574
925894
143439
332552
673854
627729
801911
528665
597427
118671
147901
728564
138415
209989
425323
35189
753708
95973
585164
109896
942452
459704
41996
369628
639312
854055
462843
798151
877208
211557
547376
390902
203242
328828
415626
290127
808565
788339
973266
937957
217653
40153
405756
305303
75513
387250
924365
311878
271327
855483
236822
968560
684770
407322
636958
66670
676618
609703
73758
456710
800450
326289
503589
325230
396486
519342
878748
780894
295739
612323
529892
623824
390680
73260
482843
793047
412418
892489
876158
734937
425718
368454
205800
733611
536608
150693
904889
120839
943112
630249
294994
829228
759212
974658
703420
525523
665640
707728
756200
86921
429585
533397
370129
569198
290850
870908
990206
318984
396302
796032
645027
408196
832884
896251
172327
846027
288561
831692
959617
73341
21199
466147
262331
295053
450842
297644
174233
151289
248467
660181
832531
91172
530238
68926
241085
282641
774870
989308
582856
717886
192673
439242
438817
534747
596766
431821
991671
287462
990298
875587
179098
964772
748066
812423
355199
978813
57234
648707
680608
8565
786572
259890
942528
514051
16133
684944
643276
343184
573561
28193
600221
381453
56318
776475
760986
71345
845878
543410
534587
750222
67295
552190
184744
195919
300741
245642
246143
719952
514326
11387
530805
157978
973078
359707
951315
259513
451497
263425
287394
238012
352846
141791
378338
8969
4011
856296
686771
212698
992898
831708
856983
205976
571011
108273
563919
35986
635772
202527
911201
167322
801452
976136
307131
190908
892277
857539
261618
932700
565487
77124
968931
882027
320409
596969
393850
157702
803114
274979
286993
375147
459013
480639
382128
647704
951500
827536
142835
265346
214668
843963
859337
642543
835734
625759
804184
875952
145901
645087
877438
885375
115611
661005
576691
913905
119838
185780
530698
596503
560064
834690
712406
493879
735684
36048
444777
132258
577916
276304
322744
949362
534904
226066
839130
546658
804568
849267
923695
571594
638659
746594
27614
629109
500784
962320
519158
223072
303137
332340
727670
73618
395824
141240
72872
917651
394818
859779
782440
192394
134296
764196
797686
979396
905687
280889
699081
554104
662456
777252
492828
797562
814593
862132
678163
506099
969025
186640
736847
705191
890588
617825
338633
852032
275705
526121
67986
821891
648140
421262
836836
795940
88639
532853
621923
471540
787583
314122
736182
95672
858786
163867
678589
352406
913776
577508
178350
215465
231317
27494
889423
618611
734497
745008
29586
449522
667257
350655
630472
511947
789278
509057
985219
928227
108823
378358
960525
481421
922366
324207
245950
455645
699685
902585
943934
484635
498339
745747
547352
899348
116222
431194
416438
615818
424694
641414
912319
363083
876332
71629
575946
55839
137774
59301
105533
337114
439968
853287
802054
739474
29768
698895
158518
774059
549621
958176
369525
570062
357325
72356
999142
743352
635186
323601
798680
687854
314704
384135
435941
764943
546310
440054
295531
107586
758959
93213
57508
623821
42444
819885
861221
366727
554448
146700
807344
230310
354375
872821
873973
937138
655331
743484
883628
133659
4708
183535
547720
252453
217251
856153
124184
349889
363644
883232
369343
754552
959638
758222
367438
771072
414865
229036
600443
294257
898058
557962
148161
668561
678541
88988
388883
604619
359448
783871
8510
946815
198216
91673
591642
805875
346659
642909
766508
947366
637441
488366
96219
123461
386647
779099
643533
571895
714721
51081
706078
968403
569388
699438
844797
82929
651645
29241
953250
387614
957793
552976
292719
167465
747346
749809
117155
247770
984835
182393
26869
413315
920201
777539
140755
487342
444517
401833
324598
322677
482994
269926
310177
796145
223336
673564
865591
867786
793610
34544
475959
761006
917106
604755
918421
641245
632567
114204
864630
915232
423352
263377
303175
961817
666248
81285
941370
222774
584758
768283
634654
136768
747255
558376
765017
621520
454450
309367
979397
764320
363304
641254
64805
960447
980990
881837
232835
606558
259689
933887
428583
322568
981941
646345
455349
940015
545778
801623
588516
522785
659515
136406
387223
195290
245092
663924
581401
713266
544703
899811
794874
219383
135499
134845
729280
291669
207227
593474
632268
910578
140190
386684
141899
446743
466607
418115
914901
493768
763899
626525
725541
221684
16043
531261
28277
716615
575085
697772
370678
365277
482179
289029
84905
891538
602792
540442
427869
742773
845722
427893
424901
487771
141065
620217
769269
431119
122394
599974
950521
29415
871768
182907
723474
212018
106488
954165
947086
477517
435399
912310
597699
40981
868594
371393
366888
569398
573234
275618
841935
288482
406482
226410
865091
457246
438494
972376
398842
253110
25770
38548
93175
278865
393404
706452
427519
489823
2007
760993
542069
889454
208164
800052
173972
516060
163135
776954
604617
720807
356444
756343
10475
13728
666325
599495
329944
64383
524689
580415
110381
261071
520722
935729
4641
579018
682970
51854
726527
824703
291387
213094
136318
790063
311354
1164
992574
728632
266079
164949
649697
487017
698268
279679
756868
380148
832919
233517
183769
241281
369494
506000
841634
224159
29062
694050
472844
205461
663144
752588
112422
90903
851289
811816
956
109908
765628
794080
754196
45996
20486
638261
451716
275007
885669
794204
394734
410017
967694
172163
719386
429737
282338
896049
580270
218729
937148
950155
661324
469560
441113
35570
128008
157802
164517
60362
358981
385249
495966
780246
702251
173437
922855
249599
328071
794799
18411
849076
742142
365931
958508
108650
885423
572091
732711
241284
106853
576753
856806
341967
125749
386165
511330
656420
255674
408700
379090
623728
13291
662425
495444
602897
714518
28653
849975
530518
166075
793019
516387
45289
963976
995094
842406
332489
410604
430011
550875
957999
808665
121723
995385
496658
699035
6609
162933
336774
308944
15250
464405
563136
275331
117442
592979
925364
722089
356354
962026
341087
553911
551591
826431
698273
689950
687591
390703
588930
361189
456685
21681
714709
299297
48332
801896
334073
274322
2191
728648
636668
35997
62191
42786
255963
197794
132574
599565
959781
66617
177664
687283
62525
458318
697145
750325
388222
960790
682913
593212
592953
160813
62356
260509
49305
239886
926119
853096
427432
842094
749429
652814
618282
454965
656663
899884
455591
75226
186289
189304
673543
635801
12393
235911
143189
733012
291891
70392
238118
450052
804936
175873
5011
749146
433270
96788
214753
966134
26768
433901
875714
908803
665797
917243
657333
852141
789710
719528
585800
150592
102081
479047
578877
969886
1539
809817
569291
173852
202522
796284
726651
481403
565281
730097
544947
562686
711252
821384
798928
735212
226315
292330
37100
685988
210756
122691
143935
381144
84249
268490
76961
720552
979792
891886
847341
630043
188177
374302
492738
51900
750578
94901
999907
936015
958639
359169
18622
425455
759413
179951
89354
876549
67485
285012
388553
209959
457398
738842
69485
455818
73211
550981
616663
832229
780196
333729
229434
988709
763992
511306
78046
29702
575423
972311
914177
791893
44726
289188
548120
261823
739420
942715
826547
529812
174921
33695
795518
231966
976543
682868
568419
162328
102520
347662
762253
476813
461246
490196
462664
863567
23258
899857
761092
588176
425861
638807
995769
684128
738554
644240
198308
915459
373004
203874
473327
254062
634323
472318
711534
424478
95234
197318
123973
628501
829652
77208
435112
309235
87717
83772
99195
24429
217053
329062
308696
385772
549895
495144
582894
515332
903680
604343
257926
561487
433290
126615
36257
191398
273536
52262
16894
488763
663908
671043
852728
699798
412436
754969
554827
381034
270492
669515
560311
92819
565860
469118
806397
611887
496778
900029
466310
668758
588363
276685
982435
290167
920346
97614
853999
781648
907539
158283
656401
545865
165257
563230
67614
605230
777083
659715
260763
432008
448422
809271
224928
281751
852276
44044
414359
239853
680722
75148
712036
722537
695519
400584
475039
381903
950208
647292
3196
802625
518096
764384
883468
363484
750005
433997
115932
126130
478350
130186
887995
96927
983496
529715
875738
397386
426832
729733
116876
823226
127970
275080
433772
184850
181120
798425
513117
204715
942591
426707
540460
608588
364604
849434
950483
931656
581675
914564
299607
525941
286095
4323
596048
801860
647622
413619
532233
7938
957436
649949
658237
642602
149056
512998
747394
893732
137331
242103
512834
155870
456668
852105
976355
628870
480537
987309
791048
390689
788145
431157
521393
630027
782212
253698
72126
26507
824611
40363
575953
547410
173692
885063
988560
493841
161710
133016
740554
372404
116667
803796
406449
3966
645659
355153
520069
97410
715565
180428
115794
242491
591369
835797
176848
535689
134896
809691
116072
190728
849061
706832
458838
201039
60501
160504
477737
597890
373553
3732
9896
267477
177373
949285
272271
13533
751936
817183
588791
75156
614204
416876
630867
430505
494840
209049
739542
119362
497752
454049
136306
972495
733390
784980
638396
372748
824522
678756
508523
962707
680845
362188
860544
808091
620763
403038
779199
117265
344847
60071
636827
572561
291080
954560
604591
768449
361793
184116
526633
75914
37183
966601
527489
282740
228003
941549
932455
639966
211807
320383
903163
154198
459717
475254
942390
446043
613307
788530
867558
387116
795275
4765
569558
612108
659095
845309
975052
172245
256810
312090
124971
271478
2857
919110
89977
540811
302312
92558
296955
35735
565593
315644
343613
2913
442655
336965
614062
869672
435264
138454
277223
389507
943865
984566
189708
841882
752300
636951
420299
208059
890741
595711
128386
661082
589978
562766
716541
770344
795360
605483
539676
720078
235258
121615
880019
948678
101917
215981
292748
649686
999599
82045
893799
35627
5981
144292
646689
507406
238156
864386
2194
541637
861735
449815
470096
938056
746519
459922
88178
413982
618129
687160
260783
527701
339912
704494
563620
543002
634564
271715
335476
487674
710027
869596
360329
185014
219387
477853
401913
138044
671673
169585
576645
154696
787012
412055
891
944471
190499
758537
284347
935811
641789
182889
860118
323200
235975
223627
331410
236593
839959
406105
651530
482088
425816
204903
376242
326009
48790
49812
615417
460857
389881
341401
973703
462616
361551
182193
309606
2648
52098
47333
336893
175337
490472
979507
804022
748963
404793
506266
688193
808287
664284
896645
264562
866099
282074
333138
39814
976775
943796
757245
244675
996312
533711
239021
395005
650121
372941
993435
625844
752993
627704
533531
83931
5542
118104
237897
893492
911379
76964
858641
352982
111800
670229
487066
409616
926447
714901
936656
747048
65078
875735
824652
950268
77678
971840
864163
966602
522735
28674
345032
63115
429254
242442
219550
775180
420560
392990
791858
779876
178571
249506
702773
333072
624647
37260
423241
877808
243918
286229
35964
708505
526019
322806
164681
839694
573967
284204
221715
478110
272306
903404
493262
443865
257339
885923
431933
407984
337555
885096
70165
106024
144947
411777
49857
728955
527734
950991
455935
885451
8712
200215
52711
457091
253374
937005
549708
245389
512
24191
509947
993129
412065
477115
565089
992497
668623
40478
337609
482342
702438
76955
28418
120885
990943
604068
880030
778380
243813
646487
395927
43412
964552
840904
126605
674762
294346
726567
617003
598525
972567
538702
499943
845350
771026
964138
550503
583135
884363
771843
354753
869762
549005
131049
1819
588895
150611
519229
826226
814873
155418
968345
909622
435549
577297
155293
221713
226560
95533
166423
220872
963381
763929
538126
575802
719400
617035
503787
851206
2617
576882
118277
372618
772056
617163
876423
991942
287161
736915
172928
86686
686004
739095
27847
882686
282941
915943
800201
595480
592123
428137
147249
632457
684614
467721
362098
745177
64066
597838
633652
554913
625939
163464
562840
91143
997179
864677
635754
717477
324951
54500
520994
611272
181619
877089
951895
141332
625093
793422
679105
915653
866701
699650
872169
100624
847175
354283
789103
22888
399753
37728
905912
11868
777471
428241
338226
392861
470273
177760
238149
506270
790478
368968
605847
281364
652520
443579
642108
639645
538443
435850
348857
420733
704779
498814
966707
510595
738185
872836
893241
326218
909329
608580
868395
231963
885908
256018
243461
629232
597821
989629
279628
155987
335985
125446
784531
825189
430632
692203
409834
698171
921379
618272
717988
669539
955017
854047
746948
914820
248866
71446
239043
329379
283119
960511
177985
818498
691107
507278
721222
334307
317954
228739
85683
636074
992021
776479
616649
628640
759751
401779
621333
904788
816544
812499
516791
817948
113883
627050
602830
677945
343845
366440
737923
731544
43509
759638
274990
337013
826434
939721
94184
885530
487526
625909
117742
143878
83533
673689
801198
895976
207641
790616
735218
550474
848726
801448
58982
902987
659925
299747
892487
592133
503207
762811
228202
712973
90999
554635
673510
639000
805829
434504
833056
75514
471675
351126
369137
132874
760685
503351
289654
738722
490610
287134
768307
112899
552857
338274
226084
752213
723082
798286
762402
122827
617467
685717
847599
92133
148107
599458
681950
137039
935423
556430
179874
16487
586518
460203
786737
178716
533386
302077
866196
483634
746726
421896
317262
823969
46527
239301
390566
867741
314512
128622
184275
879601
338934
935928
547524
219973
6468
602977
386697
453054
244356
66015
835681
635588
744331
220152
198432
170207
133112
951023
936893
974266
417737
223132
361462
416010
912729
70805
463584
837448
244282
729032
597583
995418
598571
354475
399837
156944
90038
402058
516891
697865
692969
314559
774546
921078
435502
309824
717236
599734
313033
413714
916836
673377
285294
602844
654367
755681
845373
753238
299717
884346
181339
987040
670728
149225
350318
291119
78128
521770
403252
365346
539656
476692
981953
813107
769128
661280
912979
768457
683936
916999
295571
805225
113662
562697
861163
409933
412477
270985
864766
693901
487946
910421
819592
505978
216948
366148
95380
520394
549679
622969
311636
465773
669124
107716
638880
527806
75289
647015
648078
884885
151768
662069
936234
721337
888895
39766
866322
794035
141828
200616
452465
353405
172579
31488
251670
634073
712453
206286
601264
124991
589134
745758
543848
51054
105924
435771
91227
701988
311895
235950
668659
834665
262481
563620
855009
980805
701211
30381
900536
301777
180329
701793
805161
504107
940291
770013
416087
612355
2033
953131
400790
343058
921091
819840
222405
570347
641402
22622
696645
241129
368854
798682
521493
225160
229821
932856
316748
496784
911173
32690
11506
349164
893982
813144
720506
177049
318879
157201
301152
17786
574187
419519
969499
186632
118976
79040
534080
809574
106780
932369
694323
951570
706572
206606
149706
970296
312530
153429
628159
790305
180466
573128
192850
910024
170713
596208
856697
980749
662251
42111
640517
374275
958311
687790
264787
252900
714617
298053
396267
370340
572573
148153
982776
80482
552811
619759
845348
556923
263939
172703
185680
822201
821909
816020
847085
933417
920909
811855
754810
10378
196186
793675
914522
58913
854938
303964
878033
241194
547748
824817
279387
141161
425649
394680
465897
324062
458279
767392
731512
444630
287428
383354
687120
696030
972899
330297
759191
689683
490030
742616
685839
645141
548449
595290
359539
761626
773558
700461
966697
15646
391603
804456
123363
175800
712908
977587
774488
169672
978549
110278
770523
635149
17545
408202
863381
97683
654224
911771
937060
714633
77936
451823
809550
517809
341555
910288
766755
887216
854449
327557
962927
635205
171290
231567
762969
982166
395298
381455
392540
477286
904009
946693
719903
277092
6982
177267
890290
671389
70543
980768
60647
198736
488520
835832
125323
757986
720838
729296
288960
994472
845246
660552
480376
216738
523662
579593
963600
152904
221288
597230
675335
270971
296023
949184
261593
342174
239215
555225
902268
34302
410709
715177
667190
523500
984168
498583
669401
472940
174091
151999
455004
497798
196113
784858
513880
765497
48067
323963
129436
439247
255952
626550
435821
508044
103826
63259
431773
434880
48889
679328
637062
211132
406102
660765
526884
661089
921478
870192
184012
953108
541241
750784
872141
151181
178846
471263
771938
67599
284141
558665
942160
781042
316944
166409
292002
476508
489519
836859
354751
673614
682327
331372
149605
903578
257990
11485
852740
335603
877333
409511
836665
245981
348290
236088
488869
663875
902553
829115
432874
771879
380479
506582
770178
132851
582427
85197
98939
497199
250145
340676
662995
705292
814844
634593
205995
467229
388312
948816
439275
916773
334217
272736
960371
742091
527515
936330
578361
65706
91639
351570
353924
697285
523054
992455
426628
795288
818469
915556
625419
25289
980573
643161
770284
176957
962910
588387
164847
821384
592192
683800
380654
140732
626966
131391
40271
292898
265719
997787
831454
818567
891178
604169
416581
780589
570861
554879
730603
91491
967714
302132
864295
474735
333463
654366
929120
53415
147441
124183
218627
927
13876
459993
619551
144956
448753
70824
910496
340775
722380
464463
104806
95773
918248
305474
161345
216932
967666
324706
64331
483416
102791
433440
103842
220068
987331
975417
945025
679308
255719
417375
958843
739238
458982
389944
75475
683113
331084
539967
844602
933725
555723
77897
762278
323954
275236
83746
107787
855149
795567
58838
955576
573
159238
232395
985617
608556
711700
469643
289573
301681
719861
171360
235819
660450
79242
572696
603806
686790
872349
865256
954354
948424
736939
989677
351345
343752
456274
978509
913079
171468
71960
587580
335878
755732
451413
374363
552263
149707
238463
100987
903006
886041
893904
772095
636648
404629
393558
175646
17940
621592
718359
397576
834907
518125
41502
95776
578397
996580
19430
847080
117722
981638
384546
188475
405769
191330
66023
285875
634648
362310
66807
748778
813825
745738
263787
283934
512454
525830
648828
313774
556617
510243
644270
674305
34698
316047
443097
865350
880701
133962
348245
319765
311495
894942
540801
86260
397845
282027
104048
36278
130841
668000
688817
355199
997026
13894
355962
897762
558423
708598
66160
827819
250832
429931
388502
148984
869842
461874
282767
725954
199140
151038
531857
758138
337554
826776
653608
264846
175742
696883
87716
857226
435101
524125
715937
663579
49301
26770
348081
220400
237489
691947
910504
310777
284991
611252
686147
615953
997831
283738
242549
41336
733160
975363
883536
212921
47568
285816
306765
438123
214615
303229
412088
293458
980729
505026
975162
674917
586542
516978
90884
49002
560552
289768
896598
196862
806697
396929
956265
522737
721278
219660
898111
63885
641755
449054
610501
417655
800660
850563
993121
849135
803062
564751
896286
243058
481984
655314
375282
727935
909249
38249
766760
339574
161295
340721
451054
967963
796193
449303
705021
75514
312586
90827
468320
930597
14099
329747
89444
880089
324083
806012
828827
613631
724653
444779
764876
949134
904326
922385
840954
781005
4706
978045
312335
307638
891066
238219
408870
873526
671868
784890
615410
166930
905152
30683
882189
862627
400674
586790
260641
682306
186880
936999
925741
88190
95505
40277
990517
397322
519264
246467
114953
317620
751653
89136
124911
173968
61182
716921
369839
545907
86223
508654
352828
162395
823731
655041
526394
114028
515933
799898
242224
287381
86224
63432
425484
651921
263223
368211
321485
344586
301985
599085
882961
551832
945373
190791
16571
9766
303406
408639
620224
253045
39660
440758
991823
992378
644855
116928
22747
803939
632280
951157
899526
825848
877557
215844
2347
996380
280113
235431
252232
8562
217374
940690
446406
61020
74336
937989
935783
874078
528799
138401
747019
242849
21224
893975
289503
37780
631009
173532
424611
948909
563815
188665
249045
323277
286598
552830
249855
927170
437780
810006
227866
35366
561386
544950
685150
398500
302784
662128
969383
272666
53796
767908
203013
372058
48919
859925
932960
452107
960260
268697
639494
927725
792350
565291
366547
702010
881492
886107
117948
608359
990452
955940
275320
578890
641754
78686
535499
35349
884754
312458
948528
138048
759250
99275
80802
983429
736973
313268
182407
145925
617077
111164
688826
48264
346704
814478
417203
880610
374006
463805
299221
769520
292516
974997
221268
658562
317824
695629
823489
347475
169578
18072
596660
680051
416699
679002
484757
812678
295389
990136
619143
757157
823879
719304
193905
579554
628051
453992
451497
843688
500989
877738
600383
970049
706554
210029
598372
726706
206771
467591
515382
415553
522461
685214
85225
979543
629366
472918
464787
660095
425629
800868
60307
832718
584718
543361
699039
49373
119354
475771
577898
809458
300287
228901
262766
793405
409225
251631
974747
318142
487300
149584
323420
739396
934653
764191
680450
132559
842260
310530
515343
830295
795744
553469
160225
414246
606175
956076
253562
196384
491800
396428
130216
785891
515983
384243
784405
33225
484004
777376
873645
556554
984201
315053
925031
994111
901534
502561
379635
719361
614187
553186
767038
212720
378937
474887
407461
835151
10253
402572
314676
449421
628034
442911
80921
773663
783618
524375
723881
358408
395425
994372
410702
710394
817686
923169
792013
537174
670166
916966
474992
209424
213583
211514
710804
868654
789822
43014
932369
568943
359085
402277
843777
446856
42381
967991
351023
357706
624619
266197
423966
453727
684754
394270
259763
638259
366270
223536
763968
22703
74872
734899
270509
625952
705171
319375
65605
226294
549505
34749
906586
92649
471634
144699
403478
599478
152459
615385
660256
429191
24479
560113
782439
155761
694349
431732
434382
734743
245397
27550
199028
217580
840408
506059
144607
277141
811403
560868
662340
527596
381079
884786
851125
866913
68561
486291
219175
758843
464145
616585
495839
328828
918257
809328
426361
646115
898980
646152
881557
184011
115952
317168
319774
990193
603977
814452
765816
681555
617548
284669
85766
654259
368532
776807
274773
462011
627325
122928
339432
249274
222387
902731
236000
55180
776181
920340
449864
411032
814892
125087
440187
426419
606626
383849
267250
435619
12385
980208
170606
142014
764137
836831
685438
819952
146060
627169
515438
87962
196266
32662
408076
234264
328197
413603
908440
959707
547520
935268
522695
938165
934073
378237
30004
769332
804543
592334
768420
206117
479538
992964
961524
866426
352246
601036
926433
125318
532563
768291
650164
885028
902573
94089
240776
315704
786906
25428
38137
990477
737253
13601
594987
696094
399775
716645
237940
276400
219484
223649
962663
559836
273809
934964
981950
318891
819784
488138
174499
397465
65725
361011
771611
683708
190297
589454
242256
434814
488008
355684
162809
873542
357369
734161
358312
301942
543729
362588
233071
735629
571085
139176
390768
385899
265746
53956
464000
732213
661426
67741
657464
539407
595742
186515
300504
328902
661058
817960
595287
136720
803682
154005
535819
941098
945551
138935
48241
389985
713669
130086
399130
971309
984228
745959
692019
660279
169161
325815
685743
589052
472393
247175
991891
33161
745930
683592
82781
702502
768701
561116
708562
38607
296891
955627
784163
315549
458491
319127
290619
250116
60654
385159
361000
718389
818103
397536
398371
394404
213642
314130
683325
977060
933984
978062
853288
50926
432980
750998
169888
630272
247454
756396
436340
112482
84649
968108
917429
256708
363410
324854
289337
265411
453183
27651
859596
357066
125466
710489
953077
818325
473961
355993
923360
363601
573900
26614
146157
105439
221394
827840
769300
552568
590263
343070
171442
335018
278142
187866
291829
348545
506087
166103
737697
923329
481934
236445
373564
177103
778272
603925
310044
638383
630906
626512
997515
728103
919264
869633
932052
406531
704854
255435
878189
693810
384542
545269
128256
86606
659791
619195
794392
430841
562639
39230
358693
175074
493165
785307
556651
986023
452445
385496
855757
725653
290897
980474
277362
48586
620656
72501
792081
305916
918005
949883
185439
734162
443367
163702
982738
721264
469872
402960
662096
821328
496733
742831
816057
48459
810865
56703
101774
828792
435622
142119
199356
68203
286081
221789
722249
309343
256273
243797
914714
735598
513540
774356
558686
176188
343141
337316
735131
212788
364661
949664
841299
668266
535141
253743
705170
896352
922158
691661
773591
920548
522958
915589
30557
350358
82272
117371
483908
215624
172502
86373
716129
414398
133205
869274
283359
246420
593196
411715
446032
840959
935090
498542
629268
306092
952508
41473
882020
931332
851448
970315
900476
338001
252266
411830
198563
763066
552896
838809
180440
913130
520979
959658
571419
80783
544125
453264
17556
877439
728209
564951
678820
757748
462331
197373
306951
94328
119733
477353
421091
43100
46883
181307
34991
858466
580045
978686
858819
343162
24310
730234
548792
610729
397469
571111
660091
813958
838224
261884
400819
675807
647015
318052
717324
371576
815652
59282
439392
841331
296165
14828
394946
189515
906499
820002
73766
492154
962251
437474
455216
256315
7255
373156
282967
979050
530056
146208
406070
963015
560481
457120
862383
650393
874243
541295
235132
546159
972737
22001
363604
96834
619999
46220
799094
750262
751276
808260
160340
260223
425017
412005
606623
347232
814133
977497
668971
615823
167270
727577
966591
327861
318534
76544
632380
312081
323064
508731
478504
2940
133221
335069
795029
611079
358840
367119
233138
356032
183154
993957
302126
182420
523754
347851
992388
797070
378789
265822
372776
188990
548238
985367
479116
170229
288402
18658
436175
566572
307802
932109
31747
570820
69158
467740
425241
277223
907523
415353
341675
196686
144680
155720
450214
830621
677747
610841
494994
113513
282235
971191
155840
613849
958289
607709
160911
156330
783320
986120
907994
429516
410494
428584
612545
802986
68694
57392
899859
462343
529748
150284
364309
903044
847268
836466
326002
320894
72999
792146
407102
515476
307915
860903
645544
587846
432005
816879
748412
547832
653294
128695
687699
600150
499191
131344
318936
761170
600330
698782
205943
534281
814271
157646
576227
646020
179064
616743
30788
256987
326106
445434
993852
715891
392232
53748
582229
28583
107133
236626
371017
422596
747750
29619
106028
308207
312794
119561
102458
617954
472279
257449
792441
777107
423962
878339
321547
652789
170746
314987
82066
563287
749089
226837
439679
328043
170024
601504
604794
287714
578766
630473
117480
45618
856085
326272
298267
19321
1402
507607
562140
688123
810511
187479
779981
338888
10358
30061
290046
711353
104444
562178
651023
916376
793487
885224
699453
342943
627870
527472
480202
496985
486155
925784
134861
302437
416975
321441
291923
60890
847659
419007
964657
49156
15559
242602
903720
247947
904745
349138
615603
59444
713299
205295
710383
935233
291641
73526
381287
910132
25309
96551
871548
944882
714249
977987
452781
282754
450857
679836
392009
812084
943618
37892
618030
688862
87059
257063
931068
912386
621894
779893
87196
39819
860627
830455
416166
2742
230066
624835
853812
189518
734586
58699
164481
265295
49883
751375
143996
893804
744820
533427
187503
43245
950482
28843
955143
176752
796231
221714
812479
73615
944098
49626
83501
812834
924176
918622
916137
878555
221902
649556
966870
408528
635722
574878
766798
591382
714326
691007
955566
303816
646215
770155
855419
819431
944688
714103
36207
378907
840566
527983
921572
890328
883280
854662
881692
998940
692702
670056
810411
943252
773090
31916
963969
604767
430111
632741
270168
972394
219660
609303
210934
88186
625013
215111
118751
938888
765103
906604
662939
827398
330102
23425
511967
411072
837861
203068
460891
862110
418576
977688
169567
135750
600449
198479
40875
541278
222030
177508
928401
886511
134228
51164
470025
434661
59346
446028
789457
968370
413860
16718
428031
904275
157785
169741
616293
209963
980532
499264
228895
972235
833660
3828
106811
685523
678080
965889
95942
209201
789739
248926
317999
336776
171903
370001
754586
600301
208049
83007
194244
846091
89121
527393
474446
876326
897653
946967
841768
345596
389841
334359
407067
310344
870261
102014
391282
439968
466482
529799
126598
117502
738954
218969
217125
755611
190435
733242
466143
780279
857320
581730
636332
114230
624317
546794
91901
195364
358172
56355
509853
32153
412689
789443
76868
852792
378062
564219
680825
437521
288236
16676
752160
235494
280511
650071
895783
747147
513620
256987
640265
195750
285193
631737
609214
137302
690121
180268
506816
485745
794212
738613
659769
117349
352391
222602
15374
696383
546140
909422
828610
723082
919105
758556
415496
944464
923101
705053
944554
867068
613477
233657
187791
273439
252970
541834
275308
466449
788443
208748
91210
91760
839583
374480
43247
821636
707783
405360
290540
597059
706484
448477
711107
729328
874757
548916
358194
452765
371962
726639
96288
142162
279786
743511
308835
946182
412573
648791
467692
771338
41863
906604
248720
50629
418338
217017
368691
251546
385062
142839
965587
82214
457064
808586
580846
63845
233037
235950
529297
23796
695465
303248
70015
529265
371640
104441
926458
12478
806263
229541
571185
303525
389536
682290
137797
756181
958401
971636
471161
592523
944312
374181
661238
394828
133709
446650
685817
313102
897132
682512
914714
765559
763069
504389
891450
826493
350690
640228
842183
649708
37004
18424
893806
476486
898682
472897
719199
113540
198416
507845
895286
657659
237008
44093
743435
625690
634231
376944
184727
637775
230774
547102
283841
200394
500235
184082
752068
360346
749244
607195
813055
986355
276464
744276
532058
558864
547946
281630
444431
606517
133410
222511
854940
214030
176322
167236
754436
95667
525946
469426
394300
548429
134336
595034
807801
814546
865640
839419
344788
157804
805595
217314
932310
409655
361911
76348
563046
288169
224451
149068
948364
183053
553677
312823
507745
952360
865698
49277
149269
958780
505450
544130
332445
890794
107421
183498
225719
133170
579942
184324
254555
959703
812178
172541
415232
736030
148981
237237
730439
826612
61914
169231
317384
922543
402340
86305
188088
848749
311173
700780
112052
55321
239898
519845
142508
44108
621538
276786
137326
931791
191322
82224
243790
137343
951094
681137
688624
764105
665917
606403
104434
441173
25153
423083
812664
874048
529914
566065
987669
751489
8319
440469
226706
953069
978784
711711
297055
263637
577378
249876
588884
751181
925272
873796
690850
934024
809754
279553
787354
239583
196645
310826
686490
656624
933775
22245
267088
487075
365669
780267
712812
647368
727395
658620
325670
787612
998158
346612
35561
268971
523122
575030
236379
417871
125876
547268
472393
256982
965651
423729
767092
39170
8703
420717
373618
132777
85078
521088
290115
918909
953271
830482
222001
349286
9605
835238
29474
290763
978874
194791
843262
107312
957349
943899
154871
900793
775681
591220
769849
147085
800308
304197
260592
864470
297441
583314
965552
367524
865194
955392
375238
581681
419589
578859
172889
281599
410617
685654
46075
585374
570102
321149
934994
484554
909327
658183
839581
206256
508949
951576
483301
864337
251537
208578
17475
671296
775069
745371
564168
771269
508511
798441
553740
598692
873187
695930
116822
686776
553300
979153
742821
102840
886871
83578
427353
632987
571205
488511
885825
543640
507267
638387
216642
102087
343935
977067
751072
59875
672200
895501
950380
50800
878026
445568
630922
336953
507045
196419
486494
962483
313258
583130
798291
463230
356402
152866
934087
32329
822042
867270
827990
529428
699230
691530
477698
849745
723089
841796
354300
916836
122614
346155
804242
415498
230463
648840
452276
12501
425311
15561
447460
838229
846286
663924
257594
281875
785881
394105
849809
634679
574819
386144
75602
211017
195324
90529
293018
449620
902619
71762
873547
985382
574971
35451
549676
609333
584080
29253
104958
339228
543461
426257
708188
264194
748628
629542
667533
3996
393505
638850
155050
73608
276915
856529
106534
710618
445103
892476
455871
655092
998578
485272
47808
301710
718571
819583
977008
765206
751124
539068
345435
217777
81675
496736
546810
172319
91857
679985
549825
731196
577309
286082
229766
664610
70046
27486
240969
910956
309452
797726
541732
13718
725738
637146
409616
461504
723482
334140
842961
601425
129564
419888
413375
886200
425957
617975
443571
818766
525144
66779
470538
494232
130915
88253
900761
618600
620025
284810
156141
88098
658919
492748
236861
218972
881237
520605
500271
170911
27420
427766
26435
924171
937470
176293
424544
306902
771782
195549
348217
580404
317565
607271
963932
550355
582598
406391
850391
948670
704087
752921
981831
873505
83348
388042
401662
205164
541066
329443
228624
340176
149572
33904
949178
955750
108558
12511
764400
335471
299012
705556
553090
881718
500501
260954
634282
94226
177498
297459
775540
524487
788173
181648
103946
195916
996775
616860
349019
309096
292954
283954
246056
847286
273192
582192
101291
34247
48606
866403
675172
256614
743793
849569
815617
961270
237491
993270
883177
58808
368690
750646
940581
401705
590702
235826
646955
650568
853620
527109
373769
691254
665755
33486
497706
778869
18650
109560
380680
557203
798341
259316
647407
3872
207394
426504
373930
350362
72172
799553
76428
231722
402339
330756
513308
266311
891022
282371
82654
233785
407311
819595
144314
176568
562529
573689
338956
922867
952560
551245
537351
845740
213780
841366
4998
746432
74604
597837
342705
158532
272851
852926
238344
625099
58882
912033
745807
735749
553282
769479
485078
603010
302219
179440
247268
34580
471870
838521
795456
771153
221948
476786
333531
252727
363745
817998
523613
323243
652705
26356
100234
554906
473405
943154
989393
448320
873825
106513
872881
160519
664157
299523
9864
604103
518718
717369
496122
597420
101193
127057
290298
224885
538963
38637
357688
642329
748608
424799
13671
815300
305558
637184
859498
154495
607037
555808
887322
981421
514581
201047
18934
249841
886004
843130
503400
873133
471674
675241
40112
719078
755539
401286
161903
744387
290633
71424
168850
695348
834307
316301
453081
63344
471775
735990
295875
985878
940135
562508
266392
567733
702322
985080
240659
394023
440218
967088
721961
189080
413013
555910
720762
817764
850930
869658
132691
299871
286578
247216
414942
520558
374913
584796
731687
356434
47183
651354
940619
847493
46160
198650
447359
860029
773516
988984
963706
680077
338723
268842
811456
482795
716641
66386
130509
497932
427962
794451
921306
283051
377058
217921
412238
59113
985035
693137
363716
614991
167740
799727
49205
859759
297867
233967
125442
833064
237431
129499
235041
22279
278372
955627
946209
15114
205811
485330
984411
886209
316285
232053
518199
637838
676269
231927
633432
474827
246071
390383
262885
581194
487545
725499
751797
922167
783212
685294
449174
984218
522375
700324
852923
698553
70896
466679
417663
113115
42719
614922
710298
96038
77330
513410
441247
468266
459751
450453
624111
141303
153497
155898
1854
536552
595673
178112
162239
137283
354056
434747
891695
816888
685199
835225
632699
289223
579164
272786
758223
820799
111481
451390
417405
275425
754506
75648
203782
414563
895971
607328
958663
614928
490436
208055
232450
223052
222450
771
318216
852278
435
291994
812929
479270
858597
865340
230104
119702
411003
817025
667845
977116
832533
341809
821816
881493
48827
66546
279007
441054
902967
270364
10132
851900
829708
877865
492134
95259
421014
703368
79938
249140
808575
961936
199743
267655
563547
599953
100355
236360
668385
952967
328596
561238
764743
761448
328383
989094
367417
751133
276831
973950
191989
191437
308554
862046
978502
30868
171230
775993
505626
297938
794595
192672
408002
70944
260509
154304
406727
887006
367601
559298
584995
236648
783601
759504
860963
675495
520390
826232
682967
305603
133433
385577
50674
610998
131486
24921
665989
599228
415453
457417
612435
236583
402974
437856
355216
836878
583184
310644
544955
744229
960983
378984
55637
585193
24080
619759
576700
554034
125826
441647
815145
831594
415138
828480
927683
36828
330178
424467
542749
416806
705560
956656
853459
677321
475367
94999
71868
124703
664140
589640
920140
319084
144679
415326
701193
756492
657124
878295
763048
389644
620325
402991
72004
208725
282190
415977
11578
787908
773484
747823
455843
680789
274179
651409
191151
434173
526130
741673
268570
949654
484165
3487
104654
255797
216471
606153
210965
326359
928738
54058
765561
819194
659557
307035
666171
331017
403312
850696
774700
750895
27407
333521
68394
912525
232465
651856
455227
673414
773876
955962
726975
816951
102382
676830
73813
891204
280154
719755
736909
388622
582334
551951
372805
411777
213685
287769
654562
501705
242750
268736
962221
901732
266847
300189
303879
865042
181111
852562
432906
679594
794783
496494
345470
188935
68412
311657
203253
53919
473893
984266
663364
752691
752363
131496
938142
995426
982217
689356
620174
793689
585513
48182
62545
236069
292177
79351
938701
929769
818600
187963
134130
596651
490729
805673
830572
206984
466915
62307
807874
45128
919594
24744
814222
896780
758814
351897
900249
51876
576341
965913
713874
633789
984168
964045
222891
366712
294359
774018
281105
104405
131930
218798
842758
140686
15941
192399
233692
959104
911190
438512
709455
190020
677278
980618
35584
967645
126154
317063
927818
731849
916238
131682
216259
705466
640045
562282
97169
882719
306663
921380
351206
878235
133630
987536
499353
157015
51175
985156
133602
100403
842122
782069
476658
668951
191542
865429
830317
437864
830181
44182
12037
520151
428582
823564
681524
689811
878957
207280
753494
604446
372211
368704
532896
645885
534091
302852
647937
377801
905603
135660
115219
470179
135923
26262
693694
370181
939237
8811
302698
809651
154848
1449
601502
841423
8083
110267
830330
808652
322971
570436
866829
985787
332721
265914
21204
685697
123699
96879
583504
376810
97037
407340
508546
676374
755588
577974
352326
989649
20191
387954
89545
74305
678898
851108
266665
446520
648392
881107
377512
140522
74924
341257
69387
895992
882132
105974
545301
986666
541227
727860
547163
241084
727162
563430
260420
480399
841970
195129
239839
283136
949144
910476
150497
185494
3277
779884
923065
706837
935161
817912
125138
836847
500884
92132
586149
130458
274128
300185
821560
254461
170278
68152
769206
988804
335100
9087
713580
763795
364912
757893
548446
401942
358020
168543
126532
706423
575654
100133
969636
172905
757530
142798
604877
463841
737926
554936
930029
719333
327258
448453
994832
282365
971034
857759
879925
155013
996937
80283
453134
877028
17779
551547
415253
479063
448472
209806
975878
19879
223024
438386
51197
40953
718239
818234
789484
989892
570935
731178
78392
997789
338660
497311
162609
305070
505464
810508
233772
672581
936276
172254
543999
341192
966383
155713
749081
749831
838406
34300
629115
777578
814112
161912
317783
916425
376637
104734
582531
637018
198235
930334
996634
441413
622436
756427
371056
44436
865143
632931
666671
822918
962513
547437
352083
677123
161432
518203
340670
439401
93380
369807
470712
846980
597162
941722
660999
969117
739367
87199
213735
475945
784485
576311
192167
394082
793101
90285
341088
960115
661705
664969
584914
612749
223924
499306
789148
940247
439969
896844
906904
315522
750085
624106
454225
981050
183874
906429
512609
385272
969488
395362
896172
532404
935114
491161
778995
848376
124627
164585
986453
290256
599779
564194
519913
187934
501042
228411
108720
866506
902911
953241
934778
681110
508349
370417
880408
501839
208731
677828
201914
662239
859630
23689
519908
793664
441662
299753
376465
314699
301738
318756
759972
362479
596216
997393
14535
58877
684029
976194
642019
403871
950757
34629
779514
875497
882528
918535
325348
739719
183530
350164
195492
749142
556276
476218
574822
635088
432308
56971
67671
128479
115974
329664
340833
15058
801917
826618
458946
461101
855755
420068
19528
626010
13640
320245
209579
568318
956002
92114
329606
486439
478242
769360
575604
579169
113495
683799
979011
885288
924129
799650
773784
813367
103068
579426
19231
550015
882534
531522
290732
76467
493455
424390
947059
613312
168476
57677
238560
496666
791288
157045
171988
622066
882616
403101
270141
382468
683337
507909
783569
762252
486201
935506
622631
78744
641438
434543
487474
51129
103654
446285
562778
307795
792445
889162
885689
363220
221525
114672
273135
158401
714325
668564
404322
853868
39392
994527
102997
357954
52032
467817
782948
226049
664175
975041
184153
676998
959298
512777
844782
331972
158515
716478
522592
881425
239241
503702
318893
955354
292518
268098
645994
785207
901548
77011
954499
80025
327437
257721
595983
158432
394607
923494
805454
940873
254072
584080
314563
927813
668283
775830
41256
797925
349246
652282
461267
584944
594151
212492
374499
811351
413251
161192
399462
853568
357491
161110
88651
897982
34740
324111
460350
349090
309897
678111
687334
268139
919303
175526
801975
651288
107581
411640
921076
872798
477950
317988
24837
365558
705036
422482
131952
274893
431522
63365
970423
908191
515294
507329
327118
155870
628489
328774
552440
966732
8580
905466
796157
385256
271378
560100
137098
768068
730940
58836
802981
855797
124005
936097
860683
883749
894058
504331
702631
253763
707509
847359
740401
857945
456671
718648
735905
230333
733247
682242
355407
183201
10516
980633
623337
820998
515850
750769
987280
824653
467693
435279
110927
310382
565799
11348
791736
623809
881271
67802
930077
149370
886577
605431
290728
100594
140331
931039
204632
896480
206219
482214
990488
134950
249835
766370
89470
214664
856294
375214
508189
87607
865026
112524
574727
497932
670458
465570
711266
910608
993766
949349
641253
848312
497225
679123
137328
152750
668087
379482
649030
760714
18721
643478
237992
144223
722047
671928
951502
73586
816344
725634
228036
112006
884145
374254
997216
179795
395280
714478
554524
803348
911659
71951
157972
34111
788978
746295
203293
43216
755638
820749
134527
867455
38516
651383
571473
818960
284162
200318
759216
558217
319765
285775
638619
493245
444973
57115
976942
45895
708125
467869
474617
255315
503418
369979
71933
110038
715552
772678
672962
760605
593884
489372
858968
483203
814585
813
783400
929853
120746
849754
429877
363663
237649
542457
136885
413217
75690
122677
393606
126188
184919
890003
611599
790863
943304
717135
279924
311294
190662
537061
616501
497050
914909
426731
187236
858267
197348
840475
976833
682473
173674
372719
568435
112458
628223
274341
993445
467958
376220
662754
103739
599751
542448
450675
98480
644620
787335
919406
700878
10045
587225
635447
610440
364424
612013
376030
479607
231242
346856
237286
763055
799257
590646
3681
209662
941886
25556
576119
220673
773312
521143
603141
628066
201179
266524
750945
562353
385232
298669
645692
285790
209814
894733
411681
416145
455726
270080
435930
521062
491028
321722
64305
374280
447505
137411
946324
854889
471726
871811
229138
918683
352067
674672
357058
983694
639085
208144
843330
960551
935901
862317
423453
258553
716365
185429
399750
785058
378958
60683
410881
646212
238206
761678
737697
818783
42645
210499
927532
963400
933854
449345
552730
586312
348162
797881
111612
311764
350271
824064
722874
362852
210296
34811
88373
584241
530663
771366
307019
903632
587118
384001
403768
14246
314634
928855
446425
532871
832104
715564
945484
738416
394834
119874
85620
426332
875202
982472
776537
976966
11287
287264
312684
134141
14437
683211
848104
635613
369255
990388
861971
768815
278799
810070
974436
193951
85246
646474
100158
107990
419856
611632
535450
302324
427790
867258
420996
484843
822855
176784
369724
299003
320248
921699
907773
899589
629352
373522
800026
217871
406737
911922
268291
301331
545848
479422
187687
186180
188062
145307
998836
481950
457103
288261
425913
199208
459031
212764
231405
981129
846612
340229
32329
625092
372519
761662
793232
590162
627012
233986
899567
209883
178345
89941
523454
454928
477164
123181
710822
338152
552748
905661
122333
270708
404457
674015
516173
933793
563952
113820
865556
759114
635567
637147
160548
263352
502887
598949
320713
237943
432447
584145
546059
47317
253684
653969
794601
965306
738478
607959
186182
891423
469166
759973
43680
851693
943908
14320
727930
576050
3102
875504
520476
609154
945306
895559
68849
691816
270652
670987
61134
237320
504667
587826
200914
789522
390709
29017
789736
578661
912067
551153
300393
94654
309992
572678
723999
365659
815106
125933
890917
16688
44003
372554
534634
129669
555994
785211
704468
981162
100522
673253
62848
937752
943644
122841
329000
191846
206128
477218
55390
50724
377839
75501
514165
146264
270620
664341
603966
822931
14025
124555
306288
386414
104901
669663
805473
877350
217587
547949
56881
722001
393462
641574
440774
767804
487176
223674
633969
198180
129834
301087
785967
494605
568822
19585
521484
185537
992080
362118
322274
95464
285115
596348
442176
511617
315079
854178
327910
835195
749160
127248
455020
2354
162531
446148
848961
592649
548257
708169
518673
438944
908454
286725
108608
48178
990043
836640
434772
48206
906887
680013
148847
144112
492188
20598
757945
50172
200878
914248
759132
293014
27262
333720
141225
438752
7861
318960
153304
570129
805868
311803
839532
345519
589160
874056
363381
406633
906147
432958
634031
717651
664133
772637
463304
968190
766450
341932
595199
180019
886397
796677
751528
307404
612026
729913
249292
290224
976368
378465
922285
854761
992877
234882
918694
8484
692852
567004
858993
158212
661586
727311
309251
795298
277519
322539
693458
437413
82303
891795
910070
484219
870840
928460
148397
508785
360413
296359
510201
44149
335449
187657
281380
251237
15336
870292
752036
266771
194639
521652
591129
985112
120492
600904
248562
895570
705448
413610
455664
264379
126664
41245
941443
872423
836899
983442
594960
487898
513710
169751
878292
150403
460339
472925
356578
232217
138080
656740
122120
122385
79228
439749
985360
602169
353588
84699
803298
412852
735828
756303
384135
375762
46993
588543
589640
117067
682947
145355
914037
980313
1072
678716
885121
743727
733570
680080
375882
807513
567131
694310
841591
287921
56447
542082
569979
240571
346672
2686
33398
860190
401047
817166
678458
456768
460126
427118
927274
622204
775578
1514
929727
179459
439334
517129
946468
514380
263755
756567
647361
888377
65691
674830
836118
576008
146013
978017
706109
222194
956130
238052
578769
965539
566838
365595
758318
796183
856178
915613
453262
159886
687599
580068
121170
396715
94165
567860
847970
919855
394449
287206
646123
437772
417893
836177
423175
872489
742553
282195
149627
497202
565903
37057
227353
725272
116724
506665
54662
468204
943122
142784
250070
773779
123651
403437
593491
235559
955713
60273
216605
741099
352472
888817
272171
181160
56956
198689
979439
82344
968119
620239
350232
50254
246202
870409
209137
574992
695893
516716
587943
618643
59394
763659
531303
362914
135068
750712
427878
145482
128429
247346
621754
398036
268068
925675
373798
939744
377574
276468
673203
44890
635771
728775
451513
8348
162729
979505
637821
674208
730526
615962
101044
767776
821510
246898
125222
785484
816701
354490
930606
588071
597022
449260
727518
609599
399930
385736
638079
687751
408933
456317
716213
487122
566058
193520
995457
199022
683870
251243
194785
890075
424786
740069
946578
668519
159842
209770
283189
642791
96746
921127
195791
484756
626713
132948
590955
296703
986781
757566
263258
232178
459390
596848
615131
913637
383751
741821
426069
24666
58526
973933
960705
91222
967861
634306
77924
468668
138457
778789
973114
99591
943144
987314
18031
727651
605023
743645
397126
829737
598161
969919
318365
518453
252596
648065
393351
985638
634774
520419
748377
107314
242861
856362
71233
846307
300427
881252
729231
853618
744880
874457
883351
482686
440954
181840
184175
168297
968823
866747
889108
584400
13659
848384
146345
558565
35277
974756
943263
450986
514203
838614
535600
864011
461199
862550
905860
112537
574809
832832
362679
100703
849451
5305
526066
236067
57380
241908
147702
956922
89252
298274
332919
809352
405118
569268
709157
83220
594699
765774
767109
14276
332699
314889
542654
754553
366791
375077
649904
361609
690914
475914
559423
793877
683662
698617
83758
334151
294122
467348
500453
457706
823657
60102
112021
704102
341630
728656
107186
267414
345907
81713
782879
208904
143065
717874
118760
139664
354970
239499
873320
466697
944106
234933
824971
933674
906332
760589
708078
888064
109137
27490
310627
63629
443659
3675
725904
939517
966687
925064
73335
663681
263241
86595
649616
241867
588890
949122
324498
615332
541580
39229
998992
837549
879670
126326
436352
707504
934042
689514
659928
824482
693020
477010
938002
489207
681166
96854
163534
388578
932710
310095
477909
692392
947025
787127
157755
356896
331552
302000
331615
539337
893793
153389
304205
636744
579337
300929
974786
622524
48716
918402
934543
757503
47503
837017
453782
962812
281333
462761
968305
136232
638550
783514
455347
888799
887374
635841
491718
203035
313777
58606
494579
582995
58908
372177
778881
178670
866983
650761
998260
266146
449334
341451
629750
318638
304111
852395
250260
511344
608070
552714
292319
928419
609907
156317
58099
256185
510341
380181
622932
623441
52496
35760
188532
860630
214722
451804
549713
573171
331924
156611
14075
141686
113500
506424
831923
392384
459391
650876
156975
530022
691075
522092
158523
736680
248130
343755
917881
146828
453882
520744
189577
31382
833666
181612
868035
247781
781399
357762
579297
486509
722325
234595
427770
804620
406913
156285
343209
482891
850307
807295
746700
993588
939889
871107
97704
343691
238278
657177
983146
543402
462641
950060
408648
657404
772874
88596
343174
48214
540447
62135
61973
114285
254317
470684
824726
786552
182570
404046
279292
313251
980799
195113
696975
468972
266771
641348
91468
946270
776515
609467
780266
221032
94318
102423
442039
383706
425068
557020
858209
78587
680606
349360
996561
304393
709472
805155
326258
336142
660571
838623
541136
974107
572152
694061
276059
154916
327535
975329
857354
910135
940413
139428
718236
728026
77556
382364
827641
96833
743724
493242
289463
971113
734487
241439
455802
375572
546099
39596
696627
333281
85080
714853
288073
592327
578993
750464
433492
951982
203911
199120
988997
960362
943993
127753
531556
443476
932360
587823
364466
365959
7375
956576
694829
377524
860367
980666
130802
602339
733480
891946
524540
569287
809060
525458
121354
810620
363694
793686
47775
297887
720224
202564
274915
7242
986618
168413
570407
839082
791086
62916
160902
803007
226391
57154
498855
103600
694602
82740
441374
944585
83589
792338
122866
716690
737925
722588
850809
205453
287348
54307
164192
713099
136190
55153
650311
22315
535684
115286
843465
719728
965610
427152
489817
748350
353611
355350
931336
268913
869324
398337
19491
280026
854798
325079
633656
148696
972029
788598
971961
901454
40901
107610
455162
562694
604837
141515
65877
418978
686811
949606
6125
413562
133311
1541
290447
638359
589676
759310
297716
724171
649817
924949
176867
561195
271301
247919
269619
513643
487953
521812
660846
320340
294759
884207
736146
946724
359384
179718
55025
999618
343364
906305
323384
260956
367346
196697
673356
633119
41280
891358
274064
395666
884340
881892
327427
409872
445360
837323
630087
962912
985924
540714
577404
995506
219358
471384
573259
519417
730652
340950
897983
472735
153346
921180
388813
85673
785735
826751
425012
409641
310602
919803
713727
272858
295650
215459
910248
54299
149843
196578
447767
362763
710620
166637
88456
4797
291500
283463
109962
658904
958837
506736
739043
569294
200218
820587
138321
448567
495682
221739
450027
378761
503054
343257
896806
68342
346599
818180
587508
900067
928176
438950
148359
94208
987163
877711
913716
83400
291799
55601
756530
245655
672295
889159
366081
49187
385678
348322
70951
948888
156711
233105
376533
453076
297041
822124
225897
259324
316614
629181
139149
214841
603661
866380
939068
706003
763206
174022
125989
224104
882211
755657
811176
791432
840566
657807
74045
503152
631780
935028
542452
824482
904441
201189
33814
107741
203094
864487
560875
899582
919557
63105
567125
93939
707949
343368
259034
351896
317152
628485
959935
55792
629394
737732
394895
595201
747237
897020
59899
946700
775007
239382
873435
403367
827773
168668
60371
253945
81249
140927
803729
911058
295974
156612
929074
23396
210772
444365
660548
917474
972463
767168
720294
225652
222634
846486
187148
314964
535161
667970
934239
242184
246980
111675
340993
632188
774007
121384
449646
307131
782390
137383
671486
531466
801454
206971
767110
658465
652487
83792
633951
545735
461749
520875
335166
879753
686638
828530
187842
501142
287862
819285
280717
731130
963478
616600
370441
259829
805483
991487
579020
904376
982426
338837
333654
306939
463713
513752
364151
781373
643273
468612
248846
819545
362359
218746
459692
859906
109026
563789
116630
127643
36127
967914
266729
825525
516441
543841
610520
646950
500508
589844
405393
561794
205840
430907
590591
593529
457794
161681
111720
892749
765150
115294
451573
244718
116345
505954
937362
449843
75275
218395
322156
568119
431610
646771
465431
776654
57937
657738
692370
296099
225935
464283
464162
366640
42076
868749
498138
832664
413527
939288
639868
564068
324298
91218
466426
553496
703679
868822
99157
223217
422124
184847
492135
439102
829257
720742
983740
272088
487106
624070
904666
425984
417544
7240
551137
27667
551299
496576
500493
204652
224738
200611
607641
874710
440786
320467
402174
759596
834444
84041
485722
55376
378313
878302
807979
84548
36753
969462
30586
857384
812721
839434
552532
749968
832075
136400
887731
672769
346631
697992
460284
507081
76264
411749
706594
610040
570361
695831
544104
870142
696166
660849
472771
204259
925670
934588
736733
829149
923734
742231
209398
185937
818722
584905
716261
396841
225308
159333
158397
292302
382126
818968
425803
574786
717996
222227
357563
544093
363651
222479
785946
643490
449039
919873
286837
38718
449416
715292
463777
873052
730715
524990
636372
995431
487127
271608
242865
486749
518142
629373
809313
511437
835452
866918
935708
212141
146036
639455
136840
548698
473781
418802
812728
742316
661835
417774
375189
868661
419506
116467
995546
922647
270502
481309
11897
461503
174870
206795
490267
816706
872374
614411
88517
106322
343476
802531
355222
379484
243458
629886
411948
656386
537874
297970
292711
30704
430304
975850
617029
906269
517800
331573
125037
560864
698489
421802
288839
761644
384482
885
984200
233962
450696
728003
863627
169394
267161
271238
651675
761061
311835
535845
59661
531497
786846
57604
885642
848258
468944
636203
117803
263626
927087
918037
394365
255437
404377
165783
908451
114435
66687
266091
762331
635306
759352
122457
730073
600256
243954
796609
587087
70746
980611
304583
73486
476836
894493
480987
874566
781046
532448
803619
681257
761294
196746
138184
207534
172080
792906
429466
731250
898199
418738
701281
114745
137878
871242
891393
282449
794768
318528
413385
644439
837392
7229
500312
704339
168646
644180
333804
450431
507679
581588
53384
733797
60736
524989
832706
38374
592926
153295
622758
306582
212284
534781
853962
462597
777794
813441
238064
290841
659703
426441
442321
494871
444316
36879
193868
457984
541604
580102
635947
685656
109523
409584
902797
704578
705777
330316
372278
239622
623531
162989
41776
935285
812103
846310
235803
247588
609218
606242
151256
7572
178440
358032
959374
9266
935824
802043
602647
109305
918481
541559
961547
676853
423332
561975
117799
759779
69687
657788
788889
430837
603243
636712
584426
718193
545292
669361
664328
345145
651370
81073
396015
378917
433048
591577
53876
163596
274112
503686
124526
606050
191713
920172
417857
827451
472487
553455
885192
312750
531430
325456
436254
167317
607922
171460
378057
201520
521373
188961
507204
619241
719630
931697
364776
354546
210106
672105
748342
972298
912258
926580
638403
505759
831401
447272
783169
364878
809840
509018
814310
666310
204689
421964
248186
828106
917652
520453
315714
524437
168080
517626
570948
419159
202690
962536
374135
618270
964803
426755
190921
413520
621353
670856
100620
753108
461565
285999
388990
932241
455508
102076
993587
718350
830668
191477
173217
661113
347876
699502
602568
810691
890361
125696
859516
87080
240153
955800
822032
932876
885126
627691
574881
800641
215497
986887
538812
604901
164719
6405
546797
512681
360741
818779
491045
414060
223659
557198
592711
334725
94584
436804
178255
931616
877675
443831
108127
734655
715369
481030
143400
422626
896087
138726
232625
178370
145397
857205
825287
182903
936469
897967
686338
748345
884983
68345
491439
810499
913091
97627
980639
162899
155491
355147
600331
29518
285050
739236
121570
736065
779524
676278
789745
953475
633227
509494
973102
165110
309955
649046
200673
854188
352067
779568
718384
271910
733600
234075
811909
658871
371048
857632
481438
967559
389176
464839
934449
928819
595131
262154
338681
555474
609215
422635
974497
901907
937909
406177
724556
303554
285509
432174
773311
755689
350284
467020
912812
916371
6899
374149
988892
762668
756397
768866
794935
901892
993612
938107
7539
889330
550209
84334
266711
970837
178926
137579
860523
54198
903658
555179
257150
341193
936592
579904
638099
982738
327364
352520
131945
741157
226180
477563
841638
500677
956966
617572
495711
623534
942772
161517
635015
83759
3616
789522
592817
370478
430501
798136
578819
443344
764413
621462
243641
633520
215417
806481
36499
536268
217472
190694
481117
747199
340262
853505
574297
798824
599272
170794
12362
748778
809922
488095
276383
999117
955565
241468
747195
576835
261304
262743
205725
251012
399234
501736
498033
280922
440978
4005
554226
934009
366867
316716
961658
663046
905263
43162
354599
946744
225478
170105
721068
820188
810635
463701
181233
144114
606459
785711
45224
292021
458427
175755
505902
196216
744334
35940
970521
68140
315952
744640
523620
580350
656209
201822
344884
419933
48625
995787
398406
961305
634132
163604
150008
940775
323683
73237
414576
549633
431135
594288
830317
972458
549698
687002
215592
956303
821556
264399
887718
72009
292390
320741
267485
734784
605903
989950
146624
443177
188161
21912
563561
16879
191911
558271
683619
405232
958686
461090
888913
156958
819628
764354
712125
358022
469921
401158
509889
558317
92425
874348
263628
457302
355082
97434
129362
755361
794977
240978
469906
370894
600755
723396
998661
233246
439954
575998
541216
677594
552591
867647
242950
900973
738871
657833
772750
462956
758379
913236
42988
351735
879584
421055
425086
718839
539247
854049
959733
587910
8281
236830
653854
170799
647963
184277
203020
301322
703914
429974
673700
104330
33036
876529
825157
844626
608083
609449
351954
672257
506166
253768
205149
886159
310029
156556
38769
817359
767785
438015
192444
817684
370189
428772
954263
749744
400333
942221
690612
531928
835074
953802
352867
653731
890407
845179
425856
844849
933460
130503
349437
816168
769364
854693
403592
501210
776677
534871
538200
925186
684491
374903
958809
548525
853777
996650
579442
863222
369565
515121
32495
873194
569647
869214
875024
390730
516790
744291
663213
851502
836431
193606
106116
931910
928283
392241
625505
657852
692795
521061
85033
32950
577899
921743
857346
942583
325560
647411
692322
99365
188447
963013
634035
89381
568196
441110
342752
879906
473739
147883
535999
319533
824855
398698
253403
290942
349021
248622
410525
47321
477348
380537
512086
133388
882843
429321
695787
424021
351254
780291
702429
162912
431335
103244
178035
137261
426069
549175
495559
840272
823164
148568
277419
25234
326976
769079
174198
342389
991087
236257
203438
506901
898611
886680
186195
331626
321712
213162
856006
157738
151552
54815
654932
586507
833352
342731
933475
638502
978423
336132
233144
375415
354331
874414
277603
642881
664543
912370
948232
372943
382757
489869
632714
98837
968828
8709
369173
950772
525310
217142
180296
93980
769865
907210
844158
938188
101080
450887
311928
484213
510845
887041
638504
775548
226813
512753
274460
790878
723272
295134
811014
919407
91539
137464
554788
94203
746196
468804
629392
662093
358809
669424
545958
484173
808326
273416
975117
390788
638313
113153
60644
117244
879035
99699
759051
411267
189430
837476
227659
289230
898958
915135
260643
610297
882509
688228
154992
87212
204238
295833
71608
512410
694613
145502
797715
701027
990218
842269
163958
173081
543184
457920
350493
364896
854214
389853
691348
330031
117018
243277
879203
239347
937157
54554
96468
596562
535271
68502
716130
432716
590271
248328
682816
525118
955718
427330
466562
693377
774313
580686
871980
611759
291426
782278
533270
563846
992050
234691
685496
846244
704957
995950
964440
446002
564865
528946
7501
91230
865140
374674
960047
977664
720442
234070
78109
682078
524224
933089
944554
228939
279288
690910
743972
309866
723697
153049
793859
170064
760018
518442
422315
317703
285298
695307
207774
759727
786839
788235
772545
301952
206730
503067
154953
468586
796563
631622
780802
28189
403991
877630
700732
739108
710986
388817
929170
563244
882578
370171
242840
79203
90170
101780
212064
46460
62287
52266
968809
565135
235547
775081
362917
537884
748923
267831
148582
351152
741279
124829
386212
91424
362910
487199
665581
951666
616116
146988
659370
913436
957401
354416
198281
79140
772094
873223
78540
137126
855015
525709
960622
804148
571295
537169
754989
323927
397661
395816
748857
663988
924210
275741
259703
974602
812971
493894
558514
158232
253257
177074
924127
840476
693210
668542
326219
980277
656819
926215
150243
643114
645005
110009
461855
596099
354234
466054
128973
42133
392002
140275
63094
873628
53598
774028
281902
180864
457360
168056
481981
753274
692189
893287
854053
239312
423912
593575
839504
747196
897133
734550
355160
284779
310806
498674
372018
909089
580989
486156
195768
129529
833535
771548
86609
836426
360825
457517
866559
208998
453346
564985
778756
342460
965125
229647
266610
872605
438745
953008
202510
471579
318974
937146
102496
128462
585751
464060
178842
377264
725886
837608
491810
319464
230696
490342
831614
119844
434071
878405
640027
882463
793142
924044
286650
286082
528020
258479
370936
705254
103744
714141
828792
313784
345597
572086
653551
66358
235426
64154
612235
587606
348689
162077
285633
472069
276561
446934
672818
999756
377547
124247
73273
382863
938910
733047
405459
131952
355551
793482
53419
731664
767472
82610
284610
638518
183611
116239
963192
289992
360204
98130
883257
28981
690569
796911
968775
833781
641550
568497
749663
784424
685289
380839
481163
500763
519151
363260
430532
97834
699001
810404
2177
135679
454462
825010
550816
348088
947342
261575
792240
917351
48297
839910
158745
92467
934714
921314
993000
500443
646771
943288
36219
428955
407814
586361
523333
140007
632061
533216
763967
377940
543222
139714
797804
426902
793855
921187
176135
278948
77770
562468
225034
162680
572109
602266
333533
152178
906105
812731
389978
244060
756052
758258
500409
796552
869813
762002
883037
621142
628507
663270
876090
48018
693803
787559
843041
7802
153989
222599
70569
214045
183426
368746
39676
208990
516875
29876
293051
148312
952281
438909
739151
575835
563076
401057
545357
792021
909642
695477
538757
74829
665503
673428
660903
278152
628715
848855
742355
70030
822885
178723
706556
154694
175882
47963
836279
655934
289081
92086
637030
446919
165166
290988
201723
689213
113561
442507
794795
723813
604442
39398
926386
183407
575772
253676
25468
627802
431115
983254
618551
503286
518579
700346
345779
626501
376246
624253
116018
474171
720682
98982
246418
456613
12813
454157
748116
606502
140773
718066
873160
440220
418937
409705
210519
143264
638629
799603
938668
164908
2974
195817
330240
264216
625219
90897
320898
146685
883547
59219
699935
731322
53105
737285
958579
201877
534217
370275
575436
140089
217854
126234
915286
661405
970681
317187
831849
262790
666960
82157
99436
667235
810809
435283
11876
430805
889833
598317
761181
339922
397773
982114
418675
340767
853540
515098
20285
587898
107575
485234
12759
188058
241718
238537
103499
732750
88177
680823
294492
944642
315631
517278
580718
615073
493998
209624
710869
43860
1464
518608
373048
215592
272095
160172
756449
385805
474517
939048
99941
105658
847018
973822
1963
844398
415522
979265
516058
926866
616242
108810
614947
754555
967639
587913
740072
847947
521556
953789
732807
19510
958022
887230
664520
995426
666917
320119
282271
630184
864025
583922
692061
293944
794806
865676
517305
163737
46358
182215
839479
199629
997906
245054
527347
841746
645469
931315
458828
947269
998908
767556
567408
685282
184678
852989
806335
233382
253236
742535
355550
505877
500676
214845
433819
27160
101744
797791
691384
904190
227046
249887
973974
592995
923684
14169
448448
994926
16531
95072
647888
250292
817469
134515
587969
648826
374571
508943
257107
904151
83231
691038
946005
450744
64938
449101
526418
690878
257772
651771
781722
441090
562086
558861
600876
510072
502653
252062
166205
984497
587342
925716
663847
171770
274344
913038
782513
192098
695530
405817
188663
300249
657338
163394
949942
559924
268127
986854
806902
568717
794428
235876
876436
560712
32426
98452
963307
55216
370096
398546
640927
154815
344610
109714
442693
91516
100243
693911
323826
383743
202744
136895
675423
348688
831514
379318
620854
554414
31927
283403
571963
731435
750070
466271
407834
908532
2502
339193
190601
926255
316946
379319
693529
688189
519650
412448
60191
647775
892113
175252
556729
396788
519335
540004
585855
801632
248019
721022
725320
743241
145798
339393
633942
555579
443438
44015
470495
931948
13261
720128
934073
273625
372150
295251
257313
667982
995940
971456
493479
465669
953975
158793
438714
930086
370060
872878
754316
461101
475575
345055
649697
721066
405728
416204
965305
711649
977271
631257
881880
961169
455829
562157
350319
562578
955888
653866
33192
748055
258235
385783
325715
807828
738712
694264
848744
835065
219387
285471
404024
950620
58588
116060
683061
477620
747224
967408
608026
879937
697445
6815
629176
621066
678320
887620
75743
16766
453013
310014
192101
784828
886714
343240
619222
856302
436425
910567
800376
427984
893512
167548
883129
815247
21014
989817
349047
824332
147076
331888
269548
452223
251341
753671
378805
610104
6004
829448
385085
999489
242873
759445
964490
977568
690807
462009
280740
105977
229149
249753
653853
425743
823110
276873
521090
586795
83064
71035
913948
749141
297334
224786
569187
281279
183490
893140
633792
163074
580147
397502
988349
976320
345582
298162
760652
324136
420740
186508
562481
134551
339304
198482
101708
116252
557451
291721
412615
628372
365270
473252
911000
506740
949955
539160
552883
63397
614105
600011
790288
364554
724674
220010
11732
866333
910218
247258
243551
846583
569718
93830
604337
418606
613695
160663
251449
635992
677226
78594
289212
976814
387141
598778
357278
800524
902847
847367
858385
350485
324069
315311
743831
342388
33397
354768
904373
138237
868513
978127
899766
968689
172065
476459
13784
395425
868533
474731
383640
482153
331574
515062
834645
480798
4120
122625
954083
954690
820095
311266
17967
933556
217146
456388
721802
17573
534112
395571
758036
164292
365061
3159
562950
761468
371865
433662
552347
799827
835422
23058
807068
550195
173829
380650
538951
420486
606436
396475
496283
341562
628181
677679
575107
84708
410669
8270
338588
963072
605975
295577
68965
253719
836685
899510
951746
693433
824050
369988
859757
83242
482831
535056
618234
85849
372393
835553
963652
390155
256251
491246
297849
348119
779094
813488
273280
621450
768849
261394
942338
786346
424686
322372
651036
107416
64522
200238
578463
896015
931392
806210
284674
140489
193244
384298
263589
580800
732919
65505
258114
727761
217524
274141
277298
434237
24021
711530
575066
731402
162683
397906
413360
457287
95544
828088
736365
403116
162706
282053
770321
933727
979351
728185
818510
118803
446616
661091
38802
968331
699395
900012
309108
658429
260641
607949
124730
344593
602984
585185
187973
717448
107070
675285
476122
356090
510539
667579
710861
736440
23417
573246
577804
344208
943307
699120
906885
116334
875863
739071
168757
377119
884769
662151
821390
50289
359766
937665
30660
895927
461410
15512
985973
470569
608174
589340
77363
750184
729785
431631
873711
208734
927442
790941
148419
624516
873519
26090
625819
315709
345005
568195
497537
766752
807525
959030
998789
269779
877543
711933
78213
885266
333590
474517
486814
412175
388000
503725
310511
311220
87000
230138
995335
436228
414897
563943
667435
78495
338009
657258
88389
105188
366639
461746
922667
892464
928867
703804
25483
231045
848169
60997
680753
540807
918490
580826
77877
549663
868263
807883
308100
708290
433786
839358
801161
689612
870507
52191
182263
757574
992219
166069
797878
183943
927601
191504
439335
315126
314095
594718
442134
544813
493104
793118
650171
289977
791616
247852
346861
99582
466072
508794
327652
339320
460788
562655
835625
873180
369043
886409
863004
360732
141195
433423
198689
491402
817478
27873
830761
322196
790812
342049
995160
312301
187983
261962
892376
292173
56413
949902
840890
740366
263366
481983
125700
844343
288474
677347
670235
699798
686269
686122
440974
97094
526651
31291
591996
218833
881666
473706
132068
83246
665920
352070
511687
633067
178522
3408
569916
903142
248069
364422
185168
301877
791941
541852
688791
985893
618432
725836
557268
221792
798974
381509
887168
24040
41152
108095
347259
710400
646458
688366
544076
76201
455789
28116
411158
78025
362085
112497
571674
100265
264268
812054
728163
215317
872106
40472
638162
311270
507130
974623
394822
41308
190762
113630
686951
446053
183534
622685
27536
831995
352321
376561
316823
486505
44409
757582
948282
523565
687429
69683
384295
963385
744582
876611
29991
399956
534216
129076
540457
83806
896412
135840
104807
327536
392211
389433
34551
625569
474137
47386
196208
778598
588139
498232
403127
975121
18230
868855
772517
918138
169166
758169
721622
378171
960455
920977
975441
779412
895732
253686
441167
28719
184698
158547
871338
611519
875855
331483
140131
201729
447765
386937
588432
898469
588365
861446
696352
517574
396281
241492
218893
311827
938643
381479
104925
344082
55715
815619
115732
849211
219265
411553
656953
282560
456807
962427
857475
257004
374834
796934
293152
404777
449845
731904
192931
759644
680186
634463
103624
899243
438870
17129
333604
530974
654824
604834
717486
726883
379438
432223
53155
390252
926147
674425
954203
386163
467065
724893
618854
839709
399759
944065
38306
331196
617871
29873
18653
527599
73479
708103
908897
412516
15073
832825
245408
370494
206305
113100
111869
361041
169339
964391
865141
168138
692879
890882
888360
703212
84802
914365
577416
137205
532090
184397
336669
727071
411318
489233
255410
905346
22791
813763
814879
242903
303534
802314
624628
111127
256980
810795
871423
14913
713056
13472
276859
262075
601208
335361
78549
529488
623960
40479
773787
27224
366664
680496
159556
152309
777789
651684
217494
802937
528334
753366
143992
991589
862737
339806
553364
456269
828114
118531
960936
189463
56175
952398
905962
412322
887443
692857
544854
144067
504269
732230
516245
512938
812492
163949
518539
300259
318585
580973
197629
831032
409009
770500
103710
854260
322014
378874
614133
793731
11505
198935
31532
845174
540990
505588
935734
95330
130931
382767
177118
453096
927350
820472
988201
74895
10011
749960
58984
600076
672255
269426
907676
294948
783620
451730
407173
34472
409320
368481
677129
524255
235396
828075
61886
864386
891999
254039
729556
421217
107181
505829
102882
157283
368039
297399
39691
378858
639304
170246
573388
909077
250401
644341
574950
561823
473177
383554
311010
231525
312325
631385
487686
518724
824992
908931
822866
990880
262951
258363
292023
406082
145556
581153
121429
962905
949812
992968
166319
532321
779367
486186
463790
233121
387700
243131
592590
542734
942214
306842
8425
911949
180039
146852
534110
191190
886808
852387
227550
537588
601706
90660
867603
1257
537148
586214
814957
381934
831665
383022
508682
344087
707405
154872
771136
308053
197004
70088
47562
384406
514015
543262
635726
171847
539524
499527
584903
282361
102080
182032
504660
538849
754620
17046
804188
530106
996282
139769
464220
993925
282866
114351
104654
99824
249165
575412
604663
758229
904061
540127
613390
373977
608503
788368
888836
735669
820430
383430
637172
258897
942125
620941
191977
154444
241585
105364
939718
430808
237601
53149
706710
362435
383627
406733
678513
406096
69308
86243
7431
697860
403675
185926
320524
569724
868514
889270
835008
258427
376378
206693
403610
776002
145587
238751
534928
67224
123421
516259
449926
694121
926917
475414
646480
864139
962703
426637
35750
419547
963757
893640
967139
294982
164665
870271
880761
579428
243317
407188
948982
666238
967004
316839
243371
370288
101284
727880
286910
34410
866963
588615
539278
901456
943867
505000
961214
205186
30100
603315
805409
275382
157492
869479
666880
425408
36141
343566
249034
64691
509571
517420
631769
251234
384008
777745
278685
314047
74710
674638
620455
79653
73577
173764
723860
278065
985623
297112
591764
333899
512108
465602
428374
835587
604326
443717
397522
125782
820809
241145
59378
491023
618720
923140
666462
353866
505170
767143
275490
438164
438237
377716
734462
224302
205361
862174
957451
830192
835243
637609
43397
589771
965100
421120
754809
54695
194006
169893
873548
202027
167843
909379
716517
473050
678049
943071
509496
832282
812494
42157
677104
796305
999692
276031
506872
892136
338305
844440
186023
628145
69197
627103
556934
634341
624361
958063
789438
410566
92121
548875
14307
735011
429005
802415
623255
947258
45594
711105
584348
53687
181712
509030
663546
363163
465463
956658
679881
886008
684203
213815
908956
493465
527633
668030
473354
200126
980725
403860
980570
691076
372866
492923
194122
578083
670812
576898
285500
939858
738590
751
443390
705477
841579
926296
618612
377750
100083
92241
803173
907138
884804
804927
685022
60938
60298
660043
984646
203193
946981
590067
820480
976645
431781
433530
572278
817231
133605
757311
265673
580421
923073
161516
252306
193767
669941
64965
138963
302502
840467
154720
95231
358888
878496
153908
997922
532137
584268
47433
627182
993915
362765
943311
793316
945966
44183
265803
662939
288522
526522
132012
882928
874169
37143
163772
953355
149122
306752
682034
130825
74608
188396
960420
62667
595089
88275
831193
164699
418266
515436
460412
95926
553128
474753
195053
830586
893921
170859
740402
697517
25465
573168
817995
761767
40145
773365
820963
456862
814009
891297
303842
252492
195158
41297
926048
103039
322015
796721
477491
120060
941825
831933
757481
252113
342819
624532
353873
532406
589059
154742
790132
645215
116479
974938
925537
258273
673456
498607
120294
126014
341233
779885
404507
542543
306749
915734
868632
283917
641142
678734
761478
178171
394882
191188
145299
33524
683984
107996
329279
765516
294201
952267
820436
476966
721217
690446
407922
87570
538812
598423
50888
838944
425037
305974
943263
393862
157962
396624
771088
687209
631099
619390
844438
252107
803330
64452
765054
590930
592788
595244
883451
706929
626597
206654
418198
152949
431586
985439
511042
377966
122712
775236
834765
311416
588466
37137
67955
647973
278303
593618
738893
831625
152146
656852
479207
403617
769763
957665
290926
196320
725651
336471
652744
780696
162989
133860
991742
886209
595399
478688
957140
475370
300584
140231
910010
447737
607171
558098
471771
616928
334370
470384
406034
242142
124446
694054
34300
563119
949386
133440
995048
24466
429808
862963
529835
393141
786099
956113
312785
999038
762708
245799
793838
108984
344335
37046
414866
952280
73125
332364
268954
709164
614709
304959
499363
97631
512516
433542
668698
932843
475612
484788
373615
91803
673872
957714
181032
561212
808733
762583
120402
186272
513003
82502
748370
339982
914035
430245
489433
616393
160188
475477
425654
917499
65086
382739
884933
476414
848871
982986
817349
11144
51387
877266
141383
585008
214678
186569
309763
535521
904717
532108
463429
305946
725235
825875
926980
904159
37175
443814
431123
604287
660395
123200
938673
943811
615967
755135
190971
196336
431148
618436
539905
496185
88333
995693
434485
961349
644135
633580
55231
669336
686633
837764
137582
576864
424910
736928
19530
657695
973951
791504
216773
192303
993174
907552
438544
251255
445950
485591
10953
252777
58422
381769
500305
130933
962548
953625
283516
758861
90598
196879
817122
700502
704851
458770
24530
401640
655776
941122
267494
227586
102831
611892
492978
343629
485282
668043
958742
687755
635517
255599
199667
432924
408298
319533
358650
41965
736469
178475
262240
341821
447416
735942
502894
991885
93361
510730
813108
367716
568846
93773
486238
19900
208491
744360
318622
736397
401651
565075
841801
553395
207682
327260
134910
299070
600363
392452
408384
405142
579157
92086
504677
257929
543424
517733
266536
570291
989734
32257
687897
135497
895740
907157
367027
981762
691927
860736
826574
692642
501676
395854
98987
206371
9904
349490
137581
158851
171486
673506
913191
703205
234391
648719
832400
14436
69539
710464
768019
542139
281749
638986
14403
373642
508557
484270
284268
786566
346455
201359
317445
495232
862769
116238
4993
112848
81002
586180
890116
208286
335590
700315
336371
826572
958270
603081
766564
596803
283780
692586
277045
438425
579108
568569
311736
516060
233254
63340
898828
191166
990479
519657
625351
703773
778407
794024
277007
82541
277590
438950
947912
80004
818792
17986
753575
635265
733552
184825
682853
242778
21448
729529
428304
485505
413686
276707
319995
762291
560234
438178
750230
430749
535332
114787
915736
276715
988850
670064
645400
751982
450903
908205
249084
374952
684679
39789
674376
11191
855375
888625
753048
89820
65490
112831
690217
27176
795694
522268
904209
219714
797758
501862
226703
654871
589752
236304
336957
659742
888245
101754
852194
769863
334097
283372
815332
304959
480232
483823
465434
724386
211969
866952
643968
12542
76743
150674
66948
715968
900274
938039
471229
321854
737029
204618
491387
433888
466736
380676
103929
262123
31701
196122
877615
909932
430888
451319
385732
900541
724719
94811
182497
985847
132969
242191
486689
751732
760459
653508
62948
143167
175397
25160
641411
2971
341859
314916
655581
404653
563504
156052
337424
415686
298613
841635
110788
755153
327231
786787
176225
911318
784639
40006
651168
134440
285547
119581
988671
462321
298369
74858
266318
238040
63851
280355
211239
17932
819198
562054
522619
888496
438172
326291
851783
107299
159738
298795
813925
694954
259068
562883
121086
657213
124348
106565
342045
559467
105450
68547
946975
422122
17037
376152
743751
752959
630184
165085
560046
534726
845048
32901
225943
99423
965209
554070
861792
292085
665927
803908
818069
788076
652162
237932
854559
219431
262860
376810
912858
306355
955724
108631
871684
479635
550677
997666
86992
386920
801728
207498
27547
937661
40437
15541
594422
553517
351113
839600
958113
947441
638721
764356
872089
676874
597877
66161
527305
418695
400656
450250
290268
401652
656820
425452
945010
473311
44026
939036
689136
478600
514583
397244
251826
935908
602778
548010
189852
257870
745233
109366
518222
740491
935436
352573
928885
916280
588473
970278
813950
682322
7406
45369
640678
795746
228038
944087
705069
291779
366050
76698
803242
984977
506385
294858
765559
686512
416202
930296
6284
846006
514582
500475
967657
338230
948811
207876
633901
66794
770098
64928
984388
280316
628746
82763
76926
90289
229286
567083
450874
742002
461809
492784
183617
865977
464978
983045
363375
418965
539306
908723
194379
362009
957178
795027
960440
429223
311970
635118
365317
391444
971652
729459
519007
868536
301127
213459
188582
432405
52536
400701
437404
287330
133386
106353
607546
820083
372926
569027
531229
557894
237278
438062
709213
56556
319651
615507
344383
420689
158070
845773
378432
447595
251347
200753
205905
949947
473162
344935
759075
513731
879008
645791
275544
429957
442642
832435
979673
556787
691577
143256
97861
667448
5897
952511
786886
348001
449587
90318
561920
716330
683371
630454
50787
413537
670083
558768
945568
61177
149494
63257
437241
448814
200514
378792
605744
28687
673836
977992
669665
576621
675559
256470
111788
122718
590863
828857
409994
631854
784848
509272
999361
702243
264996
753724
649714
630060
131577
519556
972112
975270
606576
601983
915819
627530
392066
546410
558314
261109
721853
132997
210519
913173
141292
369492
874965
537453
933589
325807
20140
967878
846812
900166
477317
444403
333061
100469
364145
876799
932951
71936
232931
80693
618395
190827
744254
963211
463108
850425
840265
586475
720168
429247
484864
55647
300524
304995
169284
755289
595967
715510
899186
582877
103293
366380
885776
930700
379251
609972
662628
543438
414786
536120
315743
260186
999388
885683
517622
114789
114732
878889
772306
673125
29010
261576
853661
931520
15180
188377
607037
826198
307824
407587
150366
571240
917141
607196
476711
639011
105298
961549
497358
823117
190814
465985
886855
11275
526487
360169
248919
202764
786206
578383
788872
457430
816095
762357
256565
265963
698990
841546
305029
899287
248077
683592
864500
574681
831818
682797
170509
68075
806021
80595
965236
447856
189647
424238
193183
517562
629295
694882
633829
884725
843966
456319
502767
716339
840946
287450
320075
92564
124087
247561
133599
198929
95737
554810
951482
659750
844543
282096
199814
110746
343217
879835
618714
897132
112634
568532
722668
412635
590216
95474
498851
375634
727216
738763
749195
640623
955695
818955
953698
559
292619
468202
125775
335479
814617
165069
575090
76417
663575
398779
570966
520865
903161
271930
233667
566707
187393
692230
281265
592868
447303
477613
592855
991193
850456
127498
579937
503487
71099
117787
208639
467952
762383
919809
722970
182975
44368
767829
285793
377952
854968
928417
411906
928183
795906
966338
939637
606843
82761
76120
293746
206471
890703
693351
111043
570557
815451
545293
367731
748119
224570
956576
467878
218571
102885
945443
984578
738586
970499
830053
305931
676598
522501
706487
817549
757582
521839
988488
610866
40887
243319
213023
422963
626040
894534
108019
13291
873074
92699
513130
697288
334122
80719
618733
186202
893941
740019
32740
248590
385535
186261
710355
996532
973111
262626
467472
385403
630939
429093
597664
685119
553243
163309
408750
609145
146413
793293
105959
623957
370732
783421
515637
79073
372077
730142
797973
961633
200033
382107
811735
239743
170464
451755
849458
862047
40344
914226
244865
732305
411665
605511
829086
243296
237596
531089
190553
231431
633304
159114
626646
58755
563680
949158
998464
286212
918868
593676
574701
353021
336131
965379
280144
981531
131442
26664
633045
867538
897035
289051
692253
381266
58917
910522
369302
451416
367340
731205
206389
787553
962669
90849
146003
318650
109697
119992
804834
997812
388179
468285
433098
702003
316815
566349
259556
901029
927848
449265
832338
261071
352006
827776
779896
982274
542731
725217
735644
426925
60865
282415
349910
695756
894497
303989
557299
792574
123906
690520
793068
294325
278365
965844
616702
995463
255929
349983
693542
24993
69943
307305
102587
224922
524092
334853
59559
903205
888950
744225
174531
303841
681613
149681
827215
549451
606504
148779
628043
427155
96217
625259
860596
132300
646310
577206
426590
150588
929205
582875
980458
15955
195603
971509
477541
450233
628705
893710
141310
285504
997659
616606
347489
303993
969478
377649
129204
592226
342134
880102
258349
272573
109817
953683
181646
932795
578532
841734
341694
209623
782520
67751
278981
234176
521583
837305
183460
605870
609321
638719
869391
306454
525998
79483
834120
458040
423327
245265
716761
580182
136702
404619
380718
695423
193750
189174
884108
534729
48521
364137
212530
120732
316916
642981
331979
90539
218049
12824
769228
763454
453832
994940
128304
520683
995426
424348
291982
365284
996621
192823
775059
348265
174197
312381
595874
414
813029
955830
292933
712823
483913
682050
531790
330447
788447
201531
295822
556120
277754
580535
974257
167533
617459
807337
315253
375556
512428
972455
47877
152319
946050
204742
98934
796641
673167
738529
64477
751774
270808
55545
259850
224011
850714
301046
974566
576692
415596
709516
440868
799180
243089
690681
206823
412863
417948
617642
155376
707684
197312
882877
280642
339662
58675
997473
629141
679170
468671
189338
487730
856322
437413
259297
92337
803976
153006
194856
15437
846222
803407
744187
53601
142346
689400
261058
982210
581304
20985
118115
405368
642255
193745
486020
184409
521685
64789
244910
570628
517582
90618
649293
958327
993424
71295
440596
856334
626738
580537
407613
717081
532642
940604
547886
111832
16406
304547
606711
487637
204059
110461
785656
997982
760905
517204
400736
174302
438168
265755
27152
63576
193867
570867
5342
867583
290250
532250
178421
441716
394253
235313
88601
112092
536820
380712
52360
63453
365109
822856
126908
368630
183533
403676
339981
722104
737815
287933
725940
39909
793754
511097
800427
83620
890364
681311
432047
584797
245813
373994
957031
550583
241886
662664
857951
854444
659080
963461
517165
123525
883049
555289
791220
347831
154994
949514
185927
663834
277052
933631
15845
788354
501728
390563
655778
443900
806181
933426
61223
938087
998420
8867
351632
833836
855656
772018
761459
816987
679074
269257
556673
445987
802680
774026
330052
196078
127981
886012
326984
183127
969084
809359
231574
304329
290158
160973
795
313717
803083
590560
579752
173103
292845
637434
490771
401510
823600
431333
236218
605758
309189
646631
297511
944524
579814
725969
773327
503213
632932
301028
746613
298627
546652
623649
156268
216077
19784
953452
209977
388066
598769
794524
562839
393098
339970
315618
890131
644921
780664
902163
763480
922217
508598
940051
957317
922643
964725
435232
497402
833865
794713
585016
97266
993587
896286
961704
655754
127396
978737
748147
985568
802712
151259
286683
768151
509580
827096
352142
464950
399866
304070
79216
852464
809584
481529
659905
488510
836556
102571
167275
267304
748374
166097
534059
602468
929978
83656
345
886357
957472
470766
47573
850548
471210
943502
243344
263500
478089
304371
163636
110047
258109
438685
472433
776806
943335
487122
598118
225142
481740
953995
198376
787198
979752
168015
781489
619437
632748
650910
803688
962736
326615
733123
866504
253977
167468
459085
222000
417307
240789
270935
525447
360370
867092
201794
477194
674656
576866
620932
206068
529361
214182
294106
214025
599008
188371
740697
12478
382066
565918
378786
6792
925696
402651
180660
2239
259443
644723
623580
640111
238952
405124
669895
443644
70099
410645
38008
1519
368703
596724
153300
967201
990003
562607
515291
496322
718193
323627
52529
88966
600664
646116
288026
818414
849897
211457
44997
908847
623846
950995
887935
979200
150
982122
952200
742853
754022
463444
835331
799635
33514
814771
224902
80992
588096
489850
910290
322056
970517
46980
968860
343102
464065
164304
687306
509837
88014
702493
339897
48010
615894
297310
761147
423385
369738
122395
680158
242584
947471
575524
891367
97131
648194
853554
131870
494437
865436
496155
955331
117071
516913
761969
611230
879129
694739
759417
878708
353626
720211
533187
607253
294790
388455
573354
83091
288619
829479
748266
150797
845607
163122
295961
440681
569642
198254
654148
935392
473828
707244
789863
393650
723211
242857
640200
94779
527434
973552
54896
524190
335881
140061
608327
120093
270933
606973
899531
615819
853677
825298
601837
526168
534952
382707
246728
550540
580422
760911
191678
177231
876881
513426
430833
900836
585071
205024
901467
388790
708935
868478
27019
538763
481934
329424
985469
768085
249453
566333
957268
473127
916433
559278
901750
532549
348366
243702
799236
675924
124272
823244
264245
436080
867040
951219
992206
583260
885808
491514
475392
420820
82435
747423
68829
710079
341084
400591
986296
465473
470401
661897
773977
803180
464459
804512
768730
182934
326797
597407
350114
615621
710239
869319
489531
989831
40710
227251
96785
476575
249921
139357
466249
656793
520563
449721
655035
844735
666536
16703
59534
790564
191429
218182
220847
342109
842001
360716
808877
3024
793178
409170
970741
964068
368901
363684
472933
769624
480310
326518
151630
910000
813336
949226
450251
571849
417737
203375
767928
608270
770725
890115
431569
467779
371566
220760
514345
802431
96661
212565
498436
731446
736039
964595
852241
127796
598423
389384
954439
968870
991332
319841
859162
354323
344103
357447
576026
531752
294011
719204
891561
539056
395976
577280
155799
179362
253294
987556
45020
419860
920587
550815
79153
785102
941674
836134
542475
739513
951560
231382
839605
976759
977796
638230
861064
233804
312162
786968
177418
114105
698235
465342
348705
945193
522181
737113
622642
350469
675963
677964
46491
498466
156905
241423
934984
388058
812886
868240
11190
185848
45069
614515
725634
319565
436298
899386
289517
607327
395262
892096
411503
192961
988863
184032
107956
269630
526288
267635
246263
100399
542216
159605
108090
146924
933345
542985
446687
112735
870879
243027
474470
49076
308186
370499
566276
639020
137514
701106
385820
813457
32047
413028
990685
659460
414074
7021
515383
272882
311516
971505
30202
650853
179273
392772
691214
398647
844775
755824
164233
568289
911033
80852
596400
48049
375523
792169
609806
482266
377241
483168
26346
566501
444008
407783
652583
775046
455073
460427
430909
36809
239326
969016
244304
482091
787826
8987
260394
555717
861041
217512
169690
50339
423576
186807
384616
56627
95131
835018
795955
292377
816778
388841
283177
951072
508383
512174
495075
193418
534118
486429
772891
982216
645577
221739
111370
462469
916599
989024
97954
400348
152881
615574
208869
239787
700849
815777
979425
6847
919351
71369
491336
79663
605425
580402
473840
416708
779781
191645
532771
196821
116543
772679
598244
609394
126738
836335
925247
209527
377357
535029
118923
760960
708571
195678
333568
862971
45942
99764
751279
902296
459882
8202
232866
293533
428802
652381
762064
121943
395473
439383
765821
404843
399518
196653
459948
187083
279469
799143
309442
293636
603814
9408
467641
782259
352293
836067
57853
113496
315101
395669
579238
716227
556457
641266
678867
55018
904689
15184
51423
278428
933173
531712
437443
893776
656441
126771
816456
295191
857421
785272
972583
902129
261688
67811
49215
582651
69568
919370
377777
192005
496089
360745
601308
916226
280808
372837
731696
360921
970098
311022
109873
942616
799654
615293
738378
755784
520899
191293
783883
315931
865063
104134
924545
149762
557366
440644
293617
197403
250787
136054
886896
869256
653022
530258
178466
873627
101402
67654
188173
812141
903290
283866
536217
611278
55511
515121
700070
454166
442608
485743
874698
98842
36015
915700
222118
947771
281364
261509
501795
360088
176384
117964
173454
101731
907168
524726
68942
801361
565236
119674
725054
731883
500539
263482
761259
977154
254397
243522
116523
651135
213749
829869
144600
286808
699352
968742
338856
551967
262982
691340
809962
504372
969164
872687
797023
88795
718804
210295
659571
740072
976874
656997
281495
742615
469611
619824
54396
939384
234764
213585
556781
995207
954692
266907
744137
201498
128535
191553
450012
989555
298112
507708
252250
702197
271931
178820
292087
996852
303148
135867
694822
7269
45487
594089
423723
994549
781757
635298
466783
577845
311607
800772
504192
701234
268243
259549
911218
422499
696544
288297
759895
426619
200823
924408
441542
371359
908608
265710
358634
575986
249246
825253
546554
596619
339832
469357
975888
9480
305829
576307
296297
94844
133299
543551
553592
573699
951380
677271
466471
893175
579046
606081
326059
701755
229982
88806
963138
174196
270672
905042
374028
443608
854685
829720
726723
687454
351481
130003
116761
437781
466327
633607
136236
302481
774900
77733
88105
51584
744701
767789
36922
785626
747422
654830
573101
898487
574248
645929
124963
463674
203422
205140
26480
227883
663261
217338
32022
39011
562213
587775
906137
816288
150856
414785
667839
233976
529261
324315
308198
885803
155713
83395
978753
826961
444412
218003
525297
51122
441035
398565
682236
240692
519456
78743
655340
894511
653074
240941
291206
429469
701425
820118
597221
690285
92458
985415
749108
562294
967315
960068
511429
550793
868885
907773
479312
384671
47731
246933
892362
405745
425851
812093
853281
273255
593735
668223
909202
547752
594864
541015
678952
626896
647953
225852
509522
965311
50419
847868
214751
175438
179802
461765
208088
288669
680491
23232
776442
144136
834552
895063
841358
298296
100074
353687
178983
145109
167626
993329
980024
702233
257004
912731
403471
306880
979768
509908
622322
296028
465942
566916
939732
846469
320885
145729
232820
756717
634681
592878
138835
799953
166655
172286
170768
653195
42637
258006
836897
498948
38299
687185
573296
676168
551800
156957
254992
985714
357403
771650
212314
417478
883591
718531
613928
772765
169689
101149
397805
889211
971761
285100
447344
51964
158203
255533
105315
941
279449
774430
184548
725432
604271
791298
683151
4407
659274
528128
848125
932969
137005
407787
728158
62466
396666
550877
682287
530140
804410
216828
305431
846220
441225
62046
20964
549711
600673
99337
943901
599908
879297
546451
339139
748659
296313
187880
972713
776682
92245
200682
241453
648681
398884
767923
290962
592403
309284
1206
290427
27013
516363
618051
186182
758499
459700
759465
592835
625230
952164
88181
8144
789682
990201
185177
437394
937339
733678
672936
861266
159207
124429
946814
898162
770870
9458
271869
333578
926847
855095
843186
617763
389789
352961
582421
346958
912198
953766
199727
949154
6971
649274
890710
280529
670619
286965
7700
448166
14291
896514
601254
412894
292400
356070
669280
311328
965909
843979
567022
833113
604744
616361
222837
699704
652070
162256
545687
291779
762359
211220
710678
201748
707612
385237
519248
859508
629413
637161
322408
181523
993535
990889
74053
382881
339275
413653
759988
68363
929097
395492
245609
845781
595315
999661
873955
415376
120358
488427
873965
642233
549755
900848
177664
403438
56501
710633
9414
685965
354386
47498
944569
785195
246532
362710
411114
934766
975354
950668
797278
129160
204567
60913
85651
922384
371460
895607
205792
186431
445473
485191
856762
57347
33942
969840
403282
182595
873288
182123
305052
570288
853416
279562
258859
19268
628709
489789
551096
547867
61953
815169
585346
510698
697153
264294
400847
22368
85630
460603
423056
972183
723289
941783
15458
338743
444108
840519
98417
556968
204443
833743
795959
876337
772265
876767
995810
501874
571622
539156
154580
340730
532070
773095
917892
119942
69005
388022
816066
210391
106343
49901
230743
459503
595540
999825
18122
920743
29792
452009
115583
28336
651889
549065
577275
636836
617433
278908
653315
667720
882572
715085
249761
807073
204907
660018
814728
25903
631934
992150
217167
302410
624449
207297
54937
967256
634645
662631
426134
258345
280343
84874
895330
340079
493454
854028
230859
358365
83198
315221
952176
730330
477145
976156
97220
451298
845717
539606
515314
978106
738969
259897
675483
941454
136401
871532
103163
258088
343073
995405
596201
854863
326005
579742
24125
737594
264631
741453
491852
512495
191962
366814
551182
938877
753811
477623
15585
65426
310888
643336
232678
233402
802465
796692
415817
459381
480922
122977
718687
803123
404026
85176
414184
932718
458686
724441
652467
185956
419567
170943
920865
494512
662706
874891
377985
256964
450494
29968
491675
323845
814440
447738
376840
145539
582490
688091
373566
299156
687266
212436
476266
84812
513958
142556
118902
613082
834358
165936
442730
508674
427578
247639
748782
202866
223562
518353
506926
819652
692252
831836
637078
339599
148952
500194
956861
226602
167176
845826
697246
641342
573099
515769
990080
901767
597225
912301
23160
124199
295136
392662
311813
934631
40092
560009
570585
889995
283302
220834
783479
845136
390131
539278
609079
734724
446141
931315
936039
676866
837808
129084
487308
623817
957754
803332
626630
97273
439045
323806
324753
845609
405697
339775
448807
49767
574874
196489
917443
411853
285321
794420
28353
808316
478278
707483
730850
188472
957275
617761
798443
648160
527764
302974
316844
249352
625107
984297
315358
387893
733312
188772
232934
86708
543965
450335
767734
222359
83255
339402
808659
101645
649464
59962
439153
618077
887770
117879
641402
270655
856886
64352
584941
393879
682555
706811
570339
468174
581690
198493
715181
550351
195869
433138
282970
250267
787896
457514
445973
498442
789367
668544
698218
493215
298231
440552
22633
540102
940466
281493
144803
79916
197138
2020
526098
538043
680998
759592
564309
817585
417266
219603
609560
224860
412768
212669
482514
828404
791125
40980
766952
741909
477791
825697
852143
799447
254474
580659
257231
57996
963218
122026
507394
389141
140210
123297
824444
976289
690203
273401
969637
203843
993344
336703
141121
560367
819406
562809
482545
299857
971065
786066
983123
957323
218610
459871
87748
207625
888885
987469
916997
512641
674942
122601
650491
693900
504859
566348
902800
117916
147101
22241
81208
51802
234152
96213
176718
58013
963690
481241
227292
696200
718568
500758
712121
308352
557236
725935
74509
315336
657211
599788
929585
745276
572027
652232
45809
866151
590993
601944
318323
956097
59312
504341
709361
237064
729198
809609
577441
674745
318328
995667
661431
167467
887334
188310
58880
220809
878121
69636
349679
997802
552673
575362
428341
453391
406731
403129
120841
514744
769368
421817
208007
897379
481625
770569
114869
354
954645
666831
599072
92439
926205
795096
203685
798479
272183
672005
950795
344825
880406
982355
928206
932098
564459
711429
485623
33998
631221
360560
981414
114708
865651
679011
818162
484758
844506
151984
533031
291580
888035
484636
197486
377996
562172
617439
55690
777416
497886
64855
198846
954469
743806
205776
823629
487395
269661
828968
909401
721485
516346
399906
447981
294287
276904
842186
598038
749231
876474
151615
94124
899882
594650
576994
915438
743532
342393
913178
113739
913195
700640
87681
739069
304608
275621
291822
319888
239395
947642
724768
237441
598370
752416
63427
474497
341693
947833
425826
893785
585729
960250
300778
529191
46080
756287
227735
772422
566729
137528
199933
650380
406985
783617
199413
534572
810750
813392
96162
350332
981588
409607
989087
827474
482398
692010
800711
462791
935026
563114
328736
755613
241185
82784
114212
625021
440977
237077
834286
186841
223866
564286
45950
762416
619705
432453
510377
239663
316948
723138
208736
693045
746251
317896
38298
595887
268311
525724
905185
312354
608258
534081
983031
181768
212514
669999
9762
497169
577139
559010
686363
803146
633936
395278
38799
523355
995534
573999
573200
106283
219381
489727
219739
175262
289564
122369
431366
434174
884320
132667
12422
561847
276864
266880
931546
606524
452952
433643
810520
742984
519225
349096
350354
514815
484641
769260
637733
418611
948700
340293
407646
874562
416374
853771
504392
661404
815387
584630
368598
692130
932174
961993
712745
618858
761154
257708
26431
857695
243032
815448
760569
216453
156726
761644
721352
810523
783936
564956
527603
387033
4406
730505
919431
200025
343018
802283
326811
631954
868828
952042
88702
404223
425588
458381
758336
983262
656667
338697
376282
710996
82486
861627
639546
264813
693631
904881
582767
799810
28034
477155
52654
276019
321266
941631
134719
934100
381286
958690
397255
964197
148339
105122
833650
952
81446
34888
835580
885879
267678
848987
783645
561086
697732
563863
841743
619684
633193
628221
546173
143703
342138
674628
988362
804837
533282
299053
214138
424919
125820
663092
395649
401912
454899
969186
744550
345139
356537
171520
62740
626394
920480
21862
225405
624067
488536
728753
939563
266317
646790
444690
786149
50368
74109
872899
811386
6930
391579
404885
766125
220486
705091
713510
268605
194224
494322
768558
907087
220499
422592
963064
340282
424683
339766
100845
660015
707590
606598
895499
505859
352908
356139
715893
286171
692064
811806
276261
536499
245855
823793
402557
586955
726726
925516
248314
558126
841648
947459
675849
680800
628796
919568
890740
655459
520461
823026
351733
328550
643243
571425
651243
740747
143430
934188
521194
330451
850651
631345
549101
404457
481264
244153
910119
536583
431417
823790
609782
85577
76701
779065
303801
308748
604690
228988
912312
76034
655524
59817
738178
480726
155733
452733
60052
226486
592287
266525
240373
957761
304533
991051
140127
136847
272040
215813
618839
488343
305028
852858
995998
634625
533466
814569
395968
745609
191993
911065
939529
214604
534
232687
460503
111091
427050
41071
456843
715769
864378
735250
918617
824730
444146
470783
119551
689050
94891
978345
495123
799983
29068
665414
191988
374988
971852
620904
621603
733450
617493
661881
19562
545589
751812
246615
190778
505713
195533
683082
871315
499016
444284
243230
795932
802193
759702
156962
303762
759485
269278
327483
229469
374913
335923
661861
343934
866907
837974
204296
405861
710404
560778
114227
903776
963889
819860
756471
687469
348101
419106
555938
365872
739670
772616
795415
939008
144538
459365
389319
121883
124014
681444
229198
674298
826562
463647
684844
427072
388197
830173
266846
413260
385257
39868
413208
902253
810675
187882
290274
655413
250081
22477
57356
872742
355800
987843
287823
429961
875752
508739
87938
959134
628510
278306
335094
208686
167527
81970
863790
854780
743900
252101
574398
550106
112239
941903
249983
994839
657199
198505
752235
272790
678395
241202
732892
141306
484161
97168
886300
330493
232114
702676
442024
438304
875780
680572
395654
928445
536419
620690
220480
617848
365813
502257
752380
652884
513480
300455
219321
391457
588443
190390
858088
675987
855302
984309
802468
439343
974214
867348
129296
719262
739817
805565
858828
210724
152402
663829
862228
795818
613034
3873
293813
728439
927332
670726
127531
662909
385322
538025
86236
250832
48553
579381
179115
627826
120310
891898
577019
560713
850139
530098
104064
733617
963714
691232
979971
5486
180733
726162
968626
679930
973104
917253
689121
998013
411676
435879
612065
3291
270536
906103
827387
815783
898702
544264
405898
947445
684159
280485
703282
586956
384564
723791
765120
488314
341938
322402
703200
318978
463673
556438
1461
775089
33257
481440
32217
250767
401106
970168
601009
925808
896150
250166
614251
255978
4029
935062
351575
770721
876629
881434
684255
791805
689348
929615
5989
31293
691628
122215
108023
846309
356473
589125
50097
491603
229898
974680
782576
452784
983033
727646
362926
60097
342601
514378
185535
992669
418539
687809
625767
88697
335661
950782
129685
430431
369024
398741
226048
660094
833252
407316
517597
618458
992946
328965
494394
691748
944901
248848
680186
531428
7942
77053
509230
514514
882259
381912
965132
567365
713548
363757
564366
469379
43129
655795
962089
122550
76827
155717
683368
438848
304270
245707
948133
652389
324247
507447
841252
816487
345104
456619
855308
306671
637165
45560
407811
499431
680106
40514
700133
188709
838675
358591
280928
737409
530863
832926
254702
702023
362314
623684
891696
814280
773150
474289
14692
52171
913949
296577
429763
971809
517662
373775
88250
596310
504097
777268
675266
214787
196481
83693
295326
143425
675445
72539
555697
255352
704386
506147
574009
45845
258049
129590
188972
595802
542728
43051
420717
524943
878392
903495
452459
422166
872035
516319
346519
367708
132567
487892
227903
96555
870220
86206
200460
467229
58022
430372
813524
97452
451366
325734
339741
918692
190579
612990
997167
616377
204865
100699
420309
347893
812252
836845
263408
880010
968659
369087
373879
514373
321475
461245
215118
876515
503871
217047
477634
545214
35609
198782
906719
923104
384144
767436
852974
313209
146838
763904
737295
979499
868092
792486
217070
266433
532348
423189
133221
849600
516130
343762
524078
875286
950105
731219
642371
582703
27406
690269
872405
841383
667395
268110
503141
742809
301554
604919
276289
773142
164827
847905
239518
764914
85612
512049
884751
777976
970189
511526
192800
283261
311429
495550
293649
715538
717004
354617
843826
706003
316845
89781
695832
623068
379287
116984
279225
318428
366594
887884
634857
728577
79737
862149
488306
189651
938055
87454
289865
445021
915458
460546
889395
677445
479471
387494
517620
384317
201424
82067
677295
921874
522193
113729
546719
847202
500363
855775
816368
939563
388914
62640
547579
363070
45282
960399
960797
678737
104001
101139
503411
77492
293776
346701
500595
997596
459476
615342
649834
728539
472795
390854
536142
978225
868525
127463
942911
492412
328401
969320
556959
481418
437624
500229
266570
911119
441290
274404
522228
71090
248780
627698
665502
362626
942571
905964
873205
173638
356072
610874
386055
905841
924639
948533
50786
491252
548149
266890
341835
20270
342429
409526
725400
707967
493511
330545
61163
487546
425703
357095
561739
571576
368349
40161
371808
945865
274054
663683
605579
293446
168031
203886
855328
953218
754641
118341
156225
619999
955101
768653
357528
896828
526116
197934
727024
274828
431572
134934
779440
445314
840107
87549
750646
354600
935081
397635
578316
959311
985366
379893
324042
334241
701869
102894
474248
500306
120100
633754
881853
518069
141529
268950
661241
145195
674650
698291
930235
788150
624721
461146
368752
134443
955914
230473
459337
979270
514979
607099
929783
837656
237583
166374
148038
820891
977542
461534
565715
42086
939533
511063
892843
631355
67357
427272
398658
991102
525043
399082
442893
752513
230644
65951
122812
803834
894202
973808
247575
972438
88703
879151
639220
425062
751076
337403
151250
276856
220895
880034
607894
807169
369664
549345
851935
969142
490078
616902
225288
23161
222754
431478
886393
640240
714287
176331
724266
871474
435245
990037
111542
608859
72945
506946
274712
42495
500554
30360
913348
602043
413611
165342
567780
865383
379504
35739
532781
959591
393103
195062
21982
446113
579036
48188
582229
13257
569848
863873
79246
755799
83479
606429
353336
924634
816685
840983
162678
427750
195637
494624
649455
472233
44382
853366
675666
249180
646994
201641
688297
925781
694499
486971
679577
946873
860821
386784
219892
53774
114882
405028
529147
206254
842286
498988
429235
25879
863208
972628
182114
283104
426521
699384
12006
534598
606892
875406
538931
765285
905562
655281
735975
662466
788624
414969
563660
973701
175104
612165
969961
827396
712833
369050
788997
96890
924068
880869
780153
918102
785108
326044
560817
983088
693289
126083
855871
493974
626057
953995
729435
369221
645947
212372
583739
51635
819082
194387
433995
242633
451282
441615
562186
824239
936874
110022
713985
751871
104749
312620
411936
310683
654247
893459
709750
86106
322329
748966
159500
675101
783913
659279
808351
713728
333354
219513
501689
425964
72003
256239
174891
173386
599742
16291
841449
781522
613103
535627
857986
250369
980863
974182
490554
876649
117396
764381
993989
359010
109791
847428
491106
475614
442945
711167
242834
325467
881754
628481
421813
258481
394992
203952
12927
3467
555833
57189
223323
784178
419526
181903
860252
747013
903756
624119
301596
3909
204943
10718
509107
121869
139564
941058
598166
98782
112452
7423
825545
824792
741633
210451
250882
665542
605574
29626
447516
831760
761719
531064
209268
130579
331682
695541
656804
255374
332744
857090
28442
452723
614476
604218
924948
752862
844663
589187
58298
987681
952614
217652
887895
871933
695825
521105
905653
948590
310840
364337
636117
823966
919147
502720
252360
574393
42294
40417
872813
479712
799976
728427
58248
20983
276479
435093
622267
317145
275826
796780
20771
761131
966875
266752
630609
705294
719742
874847
517859
203950
912826
438905
590399
994679
532939
497251
133611
651688
842041
595319
686860
142463
843296
578840
590265
213844
911261
748499
92988
937602
129874
670368
9381
400128
101207
384265
633546
209933
647805
651682
590430
938698
443328
111414
859756
889697
470664
564994
335985
998627
990684
655770
359828
163760
616228
258922
706563
273999
867993
100440
84267
871326
468939
941956
365011
681315
31694
396017
613654
290752
387906
194941
741755
16197
551742
670604
862259
524832
731289
405507
798190
303471
320404
983664
653914
147382
302439
37447
196025
347116
438630
411400
842653
197168
199440
30396
684163
984857
55221
228829
747722
161387
327617
845461
303054
927845
838696
58847
317413
806711
131888
612490
666166
85648
107478
538972
498033
6166
370846
876755
36974
877103
453946
441287
396390
758076
274646
938027
962568
610982
825086
592114
243257
454160
419245
279182
765419
329068
375411
969107
391769
464809
752386
461370
522460
789002
110741
808322
994285
377490
537084
39090
469560
718300
870793
813049
708889
714503
493457
946421
153013
921870
967711
388882
604983
278453
940283
334027
334694
614111
117906
877836
266464
79933
429186
465016
547894
604001
682180
988614
219875
825392
532919
798406
759465
59254
92421
588418
452106
901652
800756
853055
559072
410452
995211
303651
51353
34717
318238
140208
852371
75202
794361
402798
483024
754740
843301
824936
644758
22360
789593
61836
821030
734643
745537
777462
551382
834498
345443
261510
134733
732391
987764
137901
446811
725373
451894
570695
44915
275020
794380
903331
53254
100504
399900
113182
874620
168148
657375
716012
8657
382260
13256
692216
336970
475104
17614
677796
462867
595076
273496
402665
784887
387652
410308
285410
688635
975693
101908
50020
619863
221127
86454
278341
960210
636326
680879
664638
595705
886240
894371
434027
243643
884345
454659
851055
577508
807098
866323
700404
202548
481536
554839
138384
249244
683312
656153
742083
559700
57160
572826
869213
823452
394513
792211
10748
550285
524592
481318
870259
671706
89756
234342
925767
729769
663723
553856
394707
436360
589765
314052
424715
445069
943097
802068
863261
170575
28334
713895
807411
984698
839985
236602
823957
307411
838510
406357
685036
917641
137274
373174
161889
908724
943629
585564
600164
279213
430861
433329
370249
823497
115973
719828
214732
812146
591988
354947
722613
327012
673858
607266
62295
551681
796430
62826
991602
713106
550498
78321
191288
864475
369736
952529
889261
578010
932150
573752
136487
332251
103076
666828
208885
229435
331967
706105
796060
963191
418421
486168
327101
617008
184369
981949
665426
845437
391777
513117
554327
10477
473522
467098
266309
86872
996445
935981
42169
107616
417947
338351
475444
56265
455860
894852
712443
630578
199925
537188
712927
406512
108032
500231
368855
856966
356413
706861
834313
744130
627695
87687
769960
826934
18081
787845
851062
854034
836543
119165
424939
999771
552128
697845
807342
533642
346561
512269
927616
255427
912558
109388
988792
354672
654553
663493
207976
773626
653741
427941
998047
871972
734523
396700
734152
631940
986739
406502
489904
217054
798128
324789
24997
173662
473642
687549
390329
140146
925199
235291
682470
561026
668843
909155
666955
849485
42243
60037
138517
711009
57282
554650
298233
531510
950539
269329
192093
362472
767277
920497
997078
260112
281460
925386
579020
697470
343452
368316
620410
757460
868577
609763
206930
521218
981682
99294
554750
931161
419779
246010
461312
179278
751682
846144
245306
857358
580961
485720
756042
35000
445010
427737
648653
299452
748305
388270
169669
364046
635227
556774
644117
529030
248700
980567
801065
837719
448582
56816
880434
44393
664029
411546
236303
503702
455600
815691
624903
933182
594882
579367
106995
183880
863526
379794
772537
255605
977225
166295
19890
106786
809897
957294
124845
31834
228260
918701
587341
815829
505195
457102
604621
455890
435285
373849
488868
380940
392336
702062
141380
548380
952882
615217
151228
351658
859309
368658
249469
293521
256097
839735
448633
324559
730380
404809
68199
860645
521245
11352
859747
613905
158246
5932
709811
6950
236847
848937
383077
437317
35046
906333
278676
532474
537972
685354
546505
856757
157356
137931
895741
315811
776925
22212
442365
497768
943815
320042
800998
308091
164266
724108
935120
222879
832121
5245
46343
779386
384302
750783
947060
890643
459575
413902
898331
212845
268174
831366
281278
645754
342566
240177
404062
658494
582337
1393
806241
295234
253023
144775
9295
842736
536656
77117
732150
884946
148534
221870
710946
11863
350864
928823
501453
922822
132851
152958
868425
877826
618873
688959
455759
910367
918714
969924
509047
67216
627378
578251
939504
90070
440465
479109
650264
658579
877024
689083
660542
894653
280779
79947
476913
439342
687119
877137
176837
630487
250241
907937
823074
815125
753208
802608
963272
105692
988376
123282
788579
711888
968572
473949
448518
695410
581375
249005
619847
770615
279207
88962
918136
845557
126383
91331
935677
674294
996848
65445
994511
632239
119211
223847
600332
292043
281845
340917
341240
161312
653311
696684
43732
690563
313345
979709
299225
648183
496579
628907
746449
707712
938504
560046
37715
468374
243287
46970
324121
627637
464423
673561
781375
520721
967782
732661
266906
64935
837990
518258
253555
873583
192933
449656
384479
293101
193911
705486
902140
620327
137298
630753
43722
587313
424822
49189
4387
997092
199799
983827
918872
627949
411176
681552
530538
127169
203878
9262
124962
269422
470910
322507
257742
126605
970428
894935
398936
222036
952209
673524
981508
63624
313248
69174
389189
161039
743589
35785
215677
81379
173826
863346
127248
551139
734696
86830
536355
184388
738270
246
789367
953252
1073
231396
677788
655679
636472
846383
630419
219258
811651
448338
250052
636893
450528
786572
814616
545950
219209
604224
662580
564696
291181
744380
880531
699739
404761
800726
786175
822812
93059
800883
515628
761549
60147
11105
819761
889992
844815
972516
96932
535269
425473
751694
571088
886250
136775
450119
277717
266530
803478
822317
840669
179846
608300
996180
6006
461080
692337
417326
37393
99343
175241
620166
10902
352749
41337
273511
755682
903788
293875
202521
758430
760790
996351
788043
833469
861748
457032
22220
911762
898270
877825
978227
67659
903794
161074
522207
450382
584288
840739
661785
249326
908321
450275
963222
881226
254343
283637
82968
352066
995824
829272
719667
59223
919188
741810
251181
379294
470718
862168
737471
658401
218200
996860
123384
498322
615454
494580
605761
416557
268853
117027
161851
20521
859860
551814
518148
561818
645536
617373
67033
932134
959062
159796
545558
967201
19362
610764
845144
46344
120332
664491
236739
992855
989714
27645
408479
996807
380048
742566
733725
933544
355676
272869
415224
191574
89390
938598
940087
47131
612412
725412
347790
666337
847844
477688
489764
637266
869443
247747
35376
377742
227683
65909
920317
934216
541777
295671
307212
320766
650891
318651
460376
725267
395096
836573
596468
609994
936434
471158
78097
907745
552031
865662
9820
531144
533406
398043
592196
826300
736508
208266
961305
380933
51782
427753
163856
180808
145944
93854
149475
581129
581396
993768
380117
61569
235631
265536
43411
740440
685413
486635
779126
205120
892429
762079
68645
126958
142406
351567
316376
710324
397905
454549
382967
937535
713209
942331
335136
563371
736813
747303
444168
464638
705454
134368
623929
973512
522403
60673
615801
953365
626634
375161
69387
144140
765321
85883
230543
482535
930978
943625
849924
871439
456837
4313
887150
376979
666496
95201
386195
590597
266770
975684
544159
444593
178973
490392
817575
385467
232633
708563
700746
77268
597541
556243
396467
270680
994712
392711
250940
685832
492726
152189
254061
556127
147678
56136
611234
537490
974624
110925
17354
345193
18636
876779
682636
943669
36965
366020
210692
644205
637173
36524
57706
211113
491322
989422
863315
178042
619966
231733
182290
566756
238724
975710
942327
750521
209310
587991
226551
56275
225564
26036
449324
406893
3550
142222
802547
230238
430027
536408
267635
350324
233690
362688
892029
185897
631310
666685
326735
856516
669374
325179
89715
689999
505810
468961
269957
43377
444426
981435
472145
212455
479864
359945
316250
158691
767694
959843
142968
750401
327314
547207
847449
782882
589550
640769
768039
417191
145443
541045
651274
682636
17246
239948
688837
399774
740643
712441
354363
142490
314150
151655
849940
999204
409336
896705
650491
185441
29534
599133
782079
513649
264318
596550
361945
979212
352563
465252
619853
374136
755583
436874
762217
855332
942432
678684
426
174629
312059
202459
424510
342346
604149
186831
968421
585117
237857
581072
21041
990265
882515
199664
453420
561411
557139
479688
104664
956998
393454
842334
732561
824943
952422
461808
886671
569889
803081
812000
829128
936054
948255
625723
81266
96148
805949
493351
564070
619239
36790
976361
247328
705216
508145
726289
573475
489226
77910
17987
459833
75172
796066
984802
788440
280608
683355
884058
528352
606104
863773
262858
906177
412455
834962
538253
890426
924619
824448
417636
40508
507093
371580
836609
168557
832330
519932
676338
353224
568154
365898
615976
314913
569786
946581
938084
883526
378656
458658
929533
695874
719643
402399
484944
176315
195276
273048
10564
566587
658117
113218
439224
299851
948604
74037
789580
119227
913515
170551
437257
924799
239944
979635
237358
353140
745052
470473
66712
92864
138050
356159
658828
897430
865855
191445
473060
428569
432248
513461
628117
391576
368340
136009
775065
575416
865263
594727
101373
492911
550967
771624
814473
617516
924007
635670
25415
131413
692190
203075
888306
940712
350363
444214
214973
709123
677719
4289
671292
940414
925375
700654
458035
674678
84301
92504
104122
40293
654594
415637
68233
266925
585346
427665
824166
699956
616396
973878
858728
391016
859668
73287
898790
132003
423870
750348
601985
305898
554233
397800
925771
465808
924534
378886
305683
578232
746948
101106
703183
900919
964682
977540
940900
909592
526368
80758
107220
820473
833290
174807
67652
186386
536785
86297
712425
992534
134976
550084
965007
49778
126840
970893
471686
432818
234608
303233
617385
886915
627917
547868
604876
266515
599770
733046
606977
84884
108452
771293
91719
462816
732021
334398
537040
893879
770411
990524
29550
654051
28788
168739
270425
426237
565223
62902
30303
674440
887426
551844
509480
142394
659900
572313
330405
52571
44039
681649
609621
256007
196900
209416
292980
485709
223778
494509
486080
875066
547892
854261
566312
78896
563502
103403
938516
37871
293852
698981
456587
48886
963711
171826
992581
885186
460069
490479
546382
627509
83748
63161
571412
668114
237362
111612
394829
742949
682084
45290
732487
52736
543937
581256
393869
829535
100163
756002
686771
109741
318953
171551
398719
691168
274171
511919
289460
451199
265116
2016
747324
944323
47557
500432
954545
33755
55844
880701
370312
205706
159312
234297
953946
723180
166375
885049
10641
63190
472710
970188
965995
921178
744228
803368
737134
441577
961675
121503
446249
137108
363124
850865
476706
62571
210623
816828
95393
891782
751052
436495
514456
845218
715321
47452
982957
634018
486008
333067
954854
754999
919755
48491
188848
232923
217119
281219
192076
454519
27970
336391
455511
887717
182339
106470
991924
475471
718757
302976
738903
407350
388223
971637
451057
919567
672371
262169
327859
978184
628873
202308
699201
375208
243815
155077
812790
738836
563823
753014
5005
147757
297845
881898
156274
704983
745947
94787
598630
860053
258124
174625
749257
427152
850705
374453
502471
857335
694739
290547
367522
555327
19886
437478
987671
565964
70637
264157
888432
382120
969320
495491
206757
135791
340535
260812
260400
742542
751058
302668
167340
344992
695943
381666
320361
106551
943958
478865
98830
806972
983916
743790
484779
718574
23482
2485
454491
755782
630322
428599
76754
892347
797086
796271
861449
634465
279517
93234
992387
23789
144506
95556
548346
939859
950378
771783
944363
563024
140962
628494
582971
233988
43795
753999
938949
332087
17411
719927
332417
2556
475017
561496
229842
958066
855717
406525
511595
235239
526841
208607
953631
878168
675688
663280
652549
31124
380490
56212
749188
265023
612745
904303
956673
954929
528731
566233
899106
186942
798108
536622
214205
127057
103943
86979
760610
234673
919697
789747
82625
216102
438562
722327
632826
517364
44336
524436
816128
170374
954426
450253
175848
930790
834910
797241
538964
997161
530776
822544
27126
9576
935576
858912
583299
976872
852031
620348
739574
569627
729781
359379
890494
771200
476457
995358
108102
296997
992614
644403
929246
798477
774159
861175
606539
97196
675511
479025
696552
797327
15199
181689
57974
575704
74317
732239
332296
660711
391557
452039
264260
899413
600359
996194
206806
195354
709092
316793
748151
118222
992158
46547
750485
392780
960220
136405
136288
682163
313639
34265
355505
676550
825987
532695
929750
769651
405773
123199
50622
815025
562798
93609
875774
945602
604537
136292
508798
536344
270119
665643
399427
63892
457196
233270
632473
354025
540149
891820
942556
380639
253825
807093
36003
654324
643417
191278
427338
265501
413869
947766
299995
906410
981197
725669
927896
99015
333505
73437
57896
136670
254021
646520
343388
592858
323684
354977
786076
512519
435311
302206
732978
890645
203866
127371
864563
153596
93364
624706
924869
637305
595842
881846
659090
500918
260982
511616
486984
553927
331729
381072
777609
675793
503698
471845
772534
99653
383449
934167
21203
759562
131293
151697
856471
972857
950343
347613
429459
430081
874089
995992
92732
221931
423454
819908
788695
536441
80702
395068
635328
728487
459262
65026
558102
232659
384547
216052
650950
352440
951649
624862
91571
298134
413972
682857
427071
471086
712026
448816
162681
409129
387595
563571
187043
312856
992086
50532
684318
241878
963321
926623
338036
255306
962588
156023
245634
103433
450379
920107
930112
427160
674766
690680
868911
182351
174695
254792
111134
519129
392872
767688
695896
312215
2926
155031
401773
524836
197630
210842
596443
830451
767418
796332
131610
938133
87039
778163
25985
803032
546782
680590
796376
519945
770038
387434
186555
181849
26411
898036
509031
355677
861957
194665
481316
109231
340391
463625
123471
136690
150313
343401
425667
970611
474709
591720
474148
696940
750587
75449
107207
338210
289969
7327
208321
673966
372715
129784
126923
163864
727283
998576
553039
162078
132996
264406
615505
309461
89609
680459
961213
572263
698093
862807
981705
547450
172318
196117
917254
962738
857316
999823
247305
500940
597528
100196
916720
482667
347458
660518
782163
283888
29715
493120
695945
155330
87163
625876
346324
61997
881192
720547
515626
277734
637917
977574
651872
136301
265962
379833
874165
158923
123213
55351
515833
178619
496549
8929
872473
60261
109455
225911
589511
595909
918624
742569
919626
122154
30077
594215
266463
143899
790361
784533
472203
286164
487500
570778
351678
766830
502349
646104
758629
952476
90700
2038
998541
939281
500014
613976
568111
217535
491430
564400
590748
503931
627949
785902
665158
142909
308445
114899
222824
643331
730672
194147
531795
276500
494032
666809
15703
948386
91674
622708
621898
271561
557364
286863
703224
313524
776903
39439
734567
675998
718491
737813
299077
698486
562766
304979
33840
18204
858993
71323
847074
595849
610495
367123
469175
607243
785147
644293
788829
469485
319205
839187
873047
27573
807896
597960
892269
220614
857859
887049
69620
585446
683586
775914
973750
836314
163160
616925
909757
74670
718923
612229
900161
413777
797852
163944
708651
557148
44258
616899
306821
942195
577090
402552
301185
570884
743885
662371
100067
705773
232694
934922
190795
661626
10670
679858
469411
286796
477470
115790
869601
287893
435969
535123
238009
588863
413403
923111
929635
409772
8025
207479
95492
604312
917958
222120
664636
883739
169640
970725
609803
788939
836277
75607
718048
431103
902133
304371
9536
105198
775413
487084
464975
431669
570789
336714
911294
286135
415439
221075
705618
261407
4532
744805
608269
931841
159557
67429
843643
990494
204795
523474
680538
10246
40723
235251
64551
292440
708522
533423
632705
490917
837872
273467
939132
799155
484492
508653
598981
276445
931276
935152
238509
287319
601031
500816
480468
960208
864018
560821
716659
105008
689435
307821
553797
734145
470565
81122
808211
70122
347936
269227
883099
603349
802916
598845
570908
564786
767562
631106
143233
47637
511463
482050
995559
986107
70374
866814
742093
383082
417217
232028
312727
609846
748700
345276
341247
117535
873278
226600
385752
901144
865964
394602
788288
764643
753892
988920
165666
332567
470259
326091
254565
966980
564979
424782
56117
693037
254437
472049
345452
458035
15463
794844
171100
510995
898962
502593
757308
352902
329138
159114
171308
679751
976098
385138
663014
85489
183876
153904
624387
645254
392667
845133
30951
73164
168197
189782
877323
842577
827992
790318
684005
591696
719575
132987
395190
436972
797136
291584
536624
895577
836566
149195
73793
736730
93527
476485
905920
379684
398425
933095
45299
163554
790677
647500
450939
854162
603888
636065
89756
16269
992274
205304
327917
280803
416293
409916
44568
178852
433452
530431
343631
743996
531133
980591
420684
593206
963869
481448
982018
599841
147510
201635
583525
518800
43511
932875
393299
687354
888456
767280
424606
419650
19945
629333
816247
249106
330726
887843
992376
480352
614521
993857
850637
507859
600188
79739
393280
563454
719881
547743
685536
627274
326576
390055
196110
672115
802580
844496
467172
265513
283938
844873
121730
948310
197039
351943
731254
391103
27885
517877
866055
114116
857162
826697
242591
111041
765734
498994
199314
817751
533102
761773
72143
805061
808666
645879
726818
463407
101887
626717
885091
201409
994449
95087
789375
682989
714425
703507
600416
460688
350799
10421
904444
658994
409013
979036
923063
282412
626447
299224
862454
294244
275234
594968
835073
119604
345672
346392
810900
183209
818957
740471
211907
618279
781994
235302
39111
719082
923547
301500
342185
501223
396767
905639
734665
981777
457868
502846
228683
583287
986188
237105
232799
619914
643640
98018
670764
994557
666063
900620
217753
301637
326227
678433
123896
886208
217664
274099
343502
647218
410858
628168
474051
53226
979250
444304
196195
99779
238884
739378
213966
902662
74352
466242
548866
396909
427395
68496
186499
249602
92674
418842
431781
867366
813091
672673
560118
377070
983015
516184
218058
884584
632760
805305
668131
201595
62491
987763
150141
2604
428625
917118
510004
809213
654608
412174
802323
399856
590297
482725
313914
638889
389686
122243
671147
351153
347474
454841
818545
849047
676020
808348
724013
951665
820185
438804
847038
753280
747182
369108
204876
469233
404263
738596
737202
985536
156287
242969
621510
720311
657932
802919
650053
652437
96958
652813
693792
290185
673460
72366
142557
849693
248954
55680
197292
239984
829219
954653
431047
770844
581696
564535
394180
491446
338682
181545
540922
970099
210513
481000
23118
371239
856305
581272
467801
766377
609902
574331
492279
311571
101277
273540
670447
264934
852750
978826
781946
888778
810409
873880
772722
334578
587876
975777
664
430942
128030
419728
599426
497786
980059
726654
486431
675108
972765
972029
39400
21579
714011
773585
841317
87475
264160
268734
489753
821204
960451
174205
287884
734434
471295
546248
95667
595112
612398
967317
586429
946318
89767
441759
771068
148153
606512
6879
124655
759185
66594
991450
113000
149214
963032
667156
119646
989516
967571
289442
309329
897037
799022
800797
820374
205341
961400
339250
653438
21857
745523
14679
267111
653737
656680
822296
377310
592276
229
268367
564335
285395
385557
783858
316748
279430
380986
693958
148118
256578
807177
810866
563274
607924
994849
602606
635723
838559
899498
318554
72456
72769
163527
623851
774921
910291
677879
609472
781596
147312
518669
946515
438230
287373
615754
472075
617800
974950
73236
64302
654976
410938
460949
186803
903672
716972
756531
204853
350496
807307
637799
932804
169795
380075
587580
796374
536152
76338
748454
881051
463784
347887
118333
195374
586262
176676
304724
177447
225232
135204
259514
474573
790033
89687
717325
980777
641552
466011
42421
33269
958664
586629
21252
26356
536741
455429
551848
396379
315656
220647
793291
998573
226935
21430
525896
775140
902628
987003
715977
526155
64216
323491
438017
947625
364156
771646
693827
644055
256516
101668
781822
670643
555129
433650
932821
536237
211681
460082
837087
997886
712268
239129
450616
399417
285182
733161
39554
404410
792884
271223
758652
808762
210453
997383
298492
155141
490486
206995
791756
406274
592970
387307
277151
738353
383525
718582
399279
935284
438891
396374
262516
503236
188505
161642
389570
217668
745583
702317
192960
31602
891641
556539
381312
789562
346809
31348
570176
349349
532723
389561
775932
898478
321237
195475
496238
215157
237568
4916
901220
777741
614775
429653
94139
470704
565667
708862
362109
893842
258496
669796
434901
309522
357544
132332
73579
940237
278330
273422
135072
391181
36903
748181
237671
799455
19865
766082
29246
444483
990463
980368
276296
187260
901753
566099
745929
49734
53213
4538
607165
64359
160036
269747
24405
185310
363445
879789
250127
454136
789579
394105
657841
740610
257669
815306
535649
436505
6474
914267
484772
284637
125014
71600
310321
767492
317030
42740
777329
723466
612732
635905
701718
988934
266703
254463
137813
660824
811027
368803
873345
201215
756576
605785
382918
92487
831554
598332
152702
376799
789788
904002
615987
692809
326393
975093
405234
520490
136177
491612
20104
593473
405236
353144
502492
225013
645750
288618
642216
955846
528055
578418
794837
365478
986605
354258
513651
556321
12049
526289
112274
718455
851971
434907
820544
419274
42907
453573
65759
253106
804301
430575
485153
988142
769272
51587
247139
454582
5003
531417
48163
717804
853588
237373
950048
186608
345319
848072
758669
834386
568039
452074
261745
274082
921332
458
788766
971876
723889
819652
266699
376736
547568
881105
627600
613269
406269
458373
680638
845454
672900
886193
579673
372684
705824
402664
820788
671522
128064
945503
427559
74592
694968
877230
33646
290535
640738
104691
172769
403292
411119
881237
737035
744120
41358
861798
613866
26299
972790
69154
243075
277504
583508
5204
554335
457068
907084
272664
38309
540928
136750
42875
661077
656270
40311
683198
171871
741001
824513
850298
854814
754101
589128
606877
673716
879485
844185
172370
594178
718179
167449
789247
413444
521618
884463
314728
782600
869327
671311
943921
999561
211214
648100
673344
341484
167073
938009
503361
968470
636939
882117
639939
687528
802291
258225
991232
274136
827508
241094
275386
460717
355345
675672
922944
49431
120070
98953
89680
760808
389369
185179
631446
944115
815119
923926
721491
522943
280092
77330
183321
850984
846962
26530
543282
317011
501274
462621
902112
280076
199393
983626
181056
611198
341897
387111
154696
432270
95713
328854
286895
14228
633903
900773
767276
142390
904905
259960
766614
542051
887491
446101
947370
62121
517314
616716
162795
674036
240687
910465
62244
242212
33992
922904
815305
681737
862032
660219
9276
725822
2855
593675
493355
586655
927412
52704
562518
544552
677950
962239
74542
164779
618010
126615
522393
140910
352127
637624
34450
770143
828405
16273
947182
894196
757932
473892
423609
736099
791721
473928
950975
755195
937755
112538
247526
712734
412428
625154
931320
442587
368499
894749
267199
511660
545574
13068
418889
528905
658796
575896
272460
841702
197232
198784
850658
247312
477138
521826
556213
71392
705112
208258
634742
552409
505282
336441
828486
734948
173627
804988
394680
691173
129131
20040
993518
372217
314474
381671
463775
494222
736782
720546
36347
282528
349157
404996
382437
212940
883710
94406
892895
800274
619362
795676
57988
836076
999904
341787
516270
588869
117574
753989
829815
941720
594732
929331
23389
363046
37418
637021
646911
115219
835305
892041
340164
277278
606039
53134
133595
494651
396084
639684
812636
729487
801482
788811
766222
290824
771769
6900
738242
82134
382640
318095
781148
435209
968888
398290
48625
991496
479338
656418
931980
196459
232449
145409
749451
34102
581514
554645
708903
491763
692536
389841
737425
367723
444436
93250
926647
100864
741713
517112
268453
225322
890109
735631
486025
128332
792788
415961
586831
530290
112175
277737
315691
48106
752346
418111
773173
841980
328515
353227
122861
472518
601869
912416
704608
229817
888900
969526
70052
479530
454187
718235
313021
389270
7218
53624
978402
189109
687492
272060
206745
314105
906364
803495
785919
910179
240247
635573
659748
988930
920580
124645
268499
373194
583672
231076
262447
917453
99807
602075
569848
322136
540749
249554
484973
481581
933138
222975
103500
145944
295051
84719
464053
363440
509653
681168
240748
658476
351773
663385
535229
439519
45267
781014
946042
670609
180221
617491
77856
914428
753960
715364
887512
436576
459833
492496
410393
949571
484321
385368
348778
275337
225711
386599
583813
881387
646271
716055
495768
89943
489360
364317
396517
791460
998644
184915
448008
429616
829024
534497
834649
60313
131491
495367
973415
897236
843316
396936
93221
318765
831715
708214
684001
2779
687602
733207
657135
594047
936125
976753
30244
620537
85588
952951
766846
638695
437161
896912
704161
587515
294180
119552
876668
836792
102037
689013
564874
813129
86657
25072
878645
41470
473821
993102
283029
215268
122521
206067
519061
61951
418003
135058
690742
849958
197228
840666
853486
82748
752632
403968
401128
217222
811215
466661
141423
914158
300288
943589
410661
480979
833253
554684
724205
429963
677970
897684
254697
201462
458791
68911
755165
671616
460101
145645
584562
833202
348061
7163
465815
715958
368100
832216
210946
158181
596003
317765
322260
346958
494378
840457
138011
821702
62117
901854
102193
801639
870022
865659
575553
568871
501026
318719
389354
179861
956312
294775
577788
539121
100651
149772
272095
236649
75057
369548
543314
11564
387301
585299
353745
611565
725399
234133
980688
71030
808131
384843
144357
806886
616190
88440
744258
141513
387916
324375
700383
3666
295375
490659
852342
917687
491354
941058
332968
536169
324260
41743
341373
84975
771608
865987
543817
260190
992585
252991
469674
47863
485635
72824
934253
936221
363965
887487
56080
514481
23402
843820
556066
415628
713902
53671
198471
899544
743342
613266
555416
934219
656000
682070
433895
217794
803266
687689
159967
965878
709638
23545
213834
382429
557163
430488
623661
177439
677063
383043
533646
941811
870208
292336
105110
583062
873210
231860
202705
840744
130282
552943
358033
853347
822345
738069
930995
941560
694309
812889
15033
183944
804817
638136
577814
485691
543869
876447
49481
884737
196768
230713
157665
913955
36881
644057
404894
29061
369078
216321
203960
932474
314259
320525
256761
125380
343172
402623
143557
200871
414022
209832
121466
138984
624879
846191
900850
543975
577342
121153
272805
281494
613645
193493
8620
650325
661795
780826
857824
355436
883558
783744
890401
88676
285293
549280
243699
351490
590644
484105
546178
729441
227433
113000
345222
428331
770211
956179
612801
25907
194994
771442
618469
756786
882001
585418
904660
150621
303224
408871
550911
518431
818766
504230
304687
249592
709692
981789
471906
312434
307485
502695
812877
84795
274321
816655
997313
598244
413681
493848
923816
378101
676828
361766
87726
599338
477424
263245
368700
292047
430165
357429
567455
170099
121779
158054
653511
163212
978116
156854
798700
817959
719107
238348
929035
821769
636227
492304
72143
623976
616093
38449
927562
749503
691202
70290
369506
205074
798959
326226
640777
903550
500990
125046
620196
232315
493400
586870
689037
197106
48008
299361
634932
318965
46827
439533
245280
324639
182340
124767
358099
42442
863724
331603
310796
839078
416550
861673
61286
271164
712464
945676
437854
853248
175542
546208
9394
954700
304385
335623
51236
464639
116557
507728
652766
377073
131288
336446
640303
745361
132309
217456
194931
341598
798689
564146
280273
223102
488461
929183
70303
202046
173209
484400
791584
276391
49666
450918
131309
205177
993651
696208
927409
497927
22615
980793
734029
831535
875214
929458
272797
149491
914301
969079
136082
616889
204096
419265
324926
936603
939067
367272
904239
698156
505998
967922
247986
103944
588582
830140
762553
793495
624880
58179
639895
464094
381033
58639
842471
372609
959890
696510
278797
800921
60095
219561
159700
484398
534861
359029
162679
469009
510835
307000
815227
72985
829938
172613
399801
346168
968230
445142
214970
961977
761599
628501
518267
601240
158537
368263
751055
361341
701094
814101
90852
974423
558942
867385
464477
97553
736013
52737
326303
497588
250106
765571
996840
687449
42632
418462
42393
225865
246278
73512
429908
941939
278625
974713
634304
393929
334841
234131
849769
957687
760528
542509
735301
652288
666719
605210
166993
133111
253827
663131
711898
35096
285717
311550
216152
563521
981719
880624
531509
968528
408393
100966
41131
677338
877532
969828
984970
1092
972606
775337
684569
76802
643860
477431
333141
101610
624774
126914
551189
298932
170931
692661
537485
347920
691141
607707
851633
696932
178528
769136
215537
958497
162420
815237
82787
646785
407666
527946
891007
743583
19804
587771
864259
620978
694516
965866
833719
270247
513942
38437
899211
229275
17890
687619
878684
772082
15377
769552
980565
98199
272745
511058
651378
617424
222283
914936
378592
721980
21994
774302
327169
974956
390102
276415
247563
507036
201142
35576
180944
776013
403797
436277
710872
516352
421331
665850
163562
299728
511803
470672
257834
885549
470133
669962
443868
34289
758034
916723
608774
320736
720261
424277
697012
560961
357425
121704
563541
551123
419037
292566
195971
616430
22597
477223
86240
129400
683274
107982
48347
579840
454025
896463
393298
171578
726664
482315
254354
964887
368333
162986
829305
14656
47113
694947
277693
578736
679474
367083
115973
599916
574446
979319
728885
791839
467755
295600
980487
290134
295115
417523
448533
107668
666045
124545
518643
34515
8423
647562
916472
968408
702719
146065
963230
267889
242937
360187
142015
755534
2714
804154
699071
486522
495404
419281
690377
910708
208074
329987
40113
30062
997275
362716
401785
959201
172123
124635
54703
799563
630741
87930
433652
429830
122669
145564
31703
892166
131417
371026
463071
610799
159856
946314
368232
749137
512859
138453
770660
159233
806376
899348
958595
975253
28221
470910
537197
165307
511913
766863
886508
306742
287574
674512
789479
784823
528795
502336
840777
18452
296302
619548
99905
723303
3511
598096
69282
756166
635519
955002
587434
122330
835783
933911
864351
845662
599029
437388
859989
16438
724329
998611
169613
70569
160110
759552
352376
532349
710477
303663
669529
686766
158395
751692
533064
897866
844914
267711
991954
12332
962269
66098
455678
34323
967340
726528
130026
796382
622728
388603
240660
686886
447648
931674
993206
458936
715618
191358
544072
64237
828934
607007
603241
214248
792708
123607
244696
777260
847078
687883
396316
871255
302903
782642
168260
430079
480219
453251
795849
826280
891192
356095
670543
240543
204690
745112
543690
567606
520117
200829
520638
667995
422731
689411
998750
338007
580429
290545
932182
968161
957590
147176
614372
429020
650900
195821
849313
676788
67159
681685
963358
159376
252108
473996
189097
792692
320579
367617
59631
375543
290347
803314
280827
411995
612128
770063
143901
365134
117403
221069
970086
579580
410312
831498
8271
373263
733685
975192
236665
422532
938598
132201
188751
628203
684421
289109
610311
282235
541942
942858
548808
497743
410505
908560
41702
720257
342217
274871
532808
679266
55537
462048
352811
177235
217662
139622
685439
980547
513056
65895
749615
958213
542154
8690
944702
997196
308457
990799
371789
818182
288689
270565
616761
22675
335442
593164
303201
764193
661385
574192
688069
927270
135316
512606
16393
862968
748158
296302
6809
101964
246744
582797
854952
365449
548104
935014
532753
320776
359931
720749
797406
22123
443702
350728
992038
339671
295114
48410
49168
93007
718438
229868
794998
373166
85830
246970
830310
541185
196425
586584
15490
682559
434721
669183
603847
257701
515620
624505
515114
306866
511
671716
933598
624828
553097
936230
842803
691182
885493
141549
637336
597407
729634
297185
850113
252303
781325
448169
680995
22912
818342
953111
142172
399791
457472
323441
179568
692909
308641
540701
760559
616991
288505
331560
152050
993422
400880
770355
208387
878508
640600
234234
793052
130212
82626
5314
909064
939932
363372
423327
258087
120650
378776
985695
700173
803120
484535
935575
34313
679349
774276
807495
813506
688162
757166
98028
38589
781877
928749
218275
705852
208741
294774
516277
906433
9332
90185
656195
143153
956522
423336
278863
768851
162611
978914
953764
755319
539927
525965
111844
971443
918417
458257
208620
975305
589455
251233
973413
499429
257350
759237
681514
769729
13422
58771
661969
851499
275745
233661
287448
897183
369228
215875
244590
904398
112207
612553
231067
367232
115255
950275
856396
947669
591573
844556
756671
774119
236859
469207
531847
990091
37266
318716
890045
395703
473819
233268
550787
76029
637632
56224
37366
876021
611862
547203
43247
897593
910706
971153
632438
976522
672485
498143
942917
140753
933269
403129
31348
532543
289977
600338
679045
190613
600368
178198
846542
253952
985215
156316
630783
860572
783973
643959
372047
594137
988445
628972
505160
603835
39600
108669
306347
392315
954996
762596
159617
900683
717221
292635
21823
291127
792541
732760
37525
705319
241203
543063
393555
790081
893230
586319
58936
102891
482405
207686
432857
855726
856884
508800
162923
804342
240732
224339
408685
311221
92536
230358
776948
482728
175832
936696
640212
476786
592892
872684
542504
594404
667759
829762
203903
244766
572925
935313
386083
533199
752210
219921
344135
850647
783664
499141
993100
15950
554252
534165
332336
920286
699398
273337
790548
435019
865668
993490
869992
927123
991914
767443
957621
126321
657015
38620
975750
660987
141567
290599
437044
356715
632256
168923
961357
509882
927716
379006
719712
941672
965267
515080
365160
129497
346353
152210
99475
513305
704443
493229
585517
947072
72825
241487
339694
296561
320929
82793
632668
391740
932424
966548
931550
679843
893253
900585
743071
444090
493412
397807
264731
107624
302916
270511
838345
273802
115470
486500
714405
668470
732050
205455
941081
368604
389248
434343
939655
501833
12095
495084
630262
366405
922349
844764
104150
108957
312244
610111
63281
912763
863685
503005
309425
428145
846260
497552
506952
26452
273968
318516
548287
979461
10397
657850
849311
257227
204304
453404
216054
496988
610918
541867
235078
53819
116609
531844
163024
936570
924129
258017
440
638113
704155
533387
355541
604455
633528
313901
682455
232797
481900
29316
720597
338858
534704
32051
290739
941681
735167
477747
121196
23695
648682
780264
491842
733056
887513
469006
296831
663649
351775
799442
730406
100496
361848
603453
28155
418799
929122
751819
48428
988104
438997
430298
829595
371274
447135
63806
967433
657714
366880
407601
81632
369029
361184
440680
261085
231993
172168
473793
389656
494836
113156
805079
781553
965996
234930
838968
329305
796717
557511
177262
97402
184889
261567
157754
450756
751561
359998
852831
885909
194930
289864
186842
283972
817827
349338
285295
618059
104395
689443
422942
316686
588055
458018
313653
991948
838937
822557
467135
649633
346564
747707
925082
381685
108052
782207
243046
439685
239498
785057
226073
284108
125013
819274
867376
7885
198476
850220
390016
132736
856536
885245
628971
144215
120431
312398
239533
230571
368571
392908
94422
730824
183513
811921
663186
770897
728444
997800
502116
461202
532530
188764
461617
938593
320447
425467
379257
427951
355173
98732
657120
478384
965189
674986
292522
583333
167071
7388
299334
369666
262454
782291
953473
320641
67279
498335
587227
686979
946135
407630
682359
904670
933092
800770
147755
881223
799892
544430
395512
397277
99154
717933
62035
725008
494199
652735
1250
60524
657804
377376
657154
537478
752110
197959
854021
876865
536907
47224
926009
182397
15752
663302
265315
25502
768581
950249
755531
496052
831352
615671
935409
667276
700854
781763
369181
608530
116880
130255
82452
558305
212186
511726
56103
105769
318215
315515
906661
447484
261168
470255
146608
577589
954227
977955
92141
825733
174968
188195
444565
960283
682127
351019
676905
121904
762933
841025
712770
1196
475382
871662
289670
425592
307180
359578
54006
957729
966181
830979
728613
534373
804259
565850
19268
457950
581564
363642
259352
357000
567650
290374
131404
614513
306429
812637
942114
480764
699636
687165
195717
325009
207499
814577
343035
121637
970279
602552
425270
425249
179500
242036
291529
165938
836039
994187
865656
66540
158471
177054
641128
729883
541350
340580
176693
644328
679782
42082
293859
951269
531607
13897
608236
617333
245045
748524
450743
766171
288942
700700
117866
121053
37952
632994
669526
502292
979585
866264
732305
383379
493496
944356
845409
800370
940905
432914
400276
240246
907567
727501
452397
866014
901505
882042
524281
572237
616151
849009
4415
237583
59941
886233
696597
440201
948166
205279
978319
551298
717748
130963
165651
822472
294196
978015
214792
438784
812047
519780
715117
69006
111162
291059
274182
367324
306967
533156
739696
299403
264404
783319
419094
626356
960689
232389
86780
792922
957280
295297
894457
31598
616901
90641
395905
99069
889693
370851
744864
214202
588474
42414
540099
576036
669996
949094
985393
913491
38012
39067
637271
477029
659346
541167
81728
556671
605750
121010
738787
670338
809779
137820
620374
248396
348056
296486
736993
943592
262680
716677
629101
210387
158929
412804
864348
377260
528617
421437
575602
897591
946261
234803
507952
222285
620020
869775
895233
961380
674391
497845
380430
925175
71076
84035
462252
148946
574224
827110
878965
338620
387401
142744
172148
871680
588790
539770
188538
736794
441430
417225
413517
153403
271429
552832
217216
872121
766365
564619
963742
823254
596281
264931
582656
787244
961557
630538
566270
456178
249617
241253
716610
53485
975188
199601
780600
784181
787085
526563
921505
166690
896917
737184
957447
57556
430449
689750
762187
579740
216371
619317
906138
689739
667967
591502
553342
675668
191979
837574
522385
334880
752384
750198
750412
800047
911518
964643
903933
683110
860731
92501
751959
308793
881420
315926
302307
387957
798460
43465
853781
141546
976473
976484
794425
252084
563982
943755
907916
262246
91083
139978
191911
815890
847425
998895
507350
686070
616969
35778
85640
264646
348772
969890
57246
160657
740637
880702
690534
425619
936075
564588
709729
737880
577715
39593
720384
730696
729674
771502
700782
233427
250903
416555
500743
589305
31799
230307
984998
740726
263226
287843
768283
805705
143851
672160
672764
812512
560558
353964
990354
296418
873921
345621
905332
453272
823396
204058
954354
710393
266773
757067
335464
917904
464309
99324
390962
137484
742918
993061
631806
704996
200406
421017
888636
522789
842741
655521
698419
913817
31649
970485
588909
941782
294403
140694
631315
579680
782482
247435
732307
879996
217046
943093
284605
63762
82119
443089
189037
818813
367572
715978
834339
25011
788479
821049
808495
673356
235045
368186
214791
69105
348828
818156
703675
976482
738037
655812
682367
379107
574368
255182
765863
738180
691503
520706
655986
383116
211507
834879
197821
578689
244546
793191
457048
463127
54490
760534
192182
206963
770016
791231
585406
225050
594689
799013
141438
109946
321466
220596
114431
916629
621426
856506
668019
105542
528516
561989
666507
958898
915739
427225
188773
742092
337271
601550
372643
493700
172108
846596
579479
766477
128841
154436
537882
274249
191222
661109
959228
905620
865590
263224
534549
934570
889132
479392
716282
119286
862906
798353
831372
771960
673445
628
601642
47825
932756
28628
659462
865646
217911
260568
741717
918927
775045
856349
412960
133875
769373
32367
670904
652898
535374
101477
510406
993302
110322
915734
113280
648583
962293
892283
675704
573970
322868
411491
193423
502725
592320
867597
560518
786185
815425
891237
184245
383597
610359
944862
676052
171851
721564
329064
741238
609817
536934
602383
292310
875214
317160
36464
388554
610798
203352
820376
546900
946036
331051
720186
813016
157404
514140
271757
273063
402186
88588
711040
46521
613658
608708
318363
145722
75205
524886
313459
174715
358316
679137
674313
909577
255300
520754
104193
10395
93919
315336
135290
531172
735827
31664
806478
206921
218313
180303
108647
532525
902692
437566
365948
599527
251147
104719
69159
902933
967829
329006
493349
842762
432144
992483
45929
710178
929262
182132
883037
942647
125133
567272
371702
954476
33249
605990
214130
401574
434177
481083
792049
379803
402698
107642
818989
689858
804660
962237
383960
917226
68527
380170
170769
422055
90041
761554
524738
340199
562943
183699
345945
509666
147501
967708
945632
503984
688148
130672
613691
116724
465911
607364
46270
886454
833650
162211
462184
617615
553224
495474
201088
451773
114824
30029
750859
202070
976026
196495
797223
552090
999275
304625
48392
788001
430195
244618
968844
901235
301151
852276
265532
304502
465504
289487
181025
383362
778704
667103
347521
157201
352764
172049
457461
603602
712594
293147
347048
856540
826856
321856
453870
969088
668326
614963
295806
626359
30226
870547
301902
163130
174774
12245
231881
137777
605680
484096
749552
810819
831062
860753
500810
430156
668739
715838
994185
655404
549571
276760
548283
502396
550231
151625
457641
743836
554853
726525
297488
806760
975167
900638
391481
996361
450254
415031
72759
673255
883931
825658
299069
23036
151801
986652
642009
371844
413267
344542
117329
464401
534670
322727
966233
984251
382874
597965
771949
107764
268954
675059
212369
350329
513710
823180
797283
779684
426649
964862
839962
61982
877332
460577
373661
83251
779694
46246
668290
664638
524766
374357
751905
859011
735783
21742
75349
282843
935718
51697
79247
847370
576123
77434
181270
866156
750738
772100
666719
581518
294605
43790
973188
689306
706320
776794
707620
291242
689576
861266
961816
683197
417496
253702
865485
941767
792450
259856
636675
116322
802607
729177
11937
638563
644859
436468
669234
110216
23200
137511
252032
830797
503325
342027
428811
542109
531010
417865
187558
939813
824731
958404
525679
873541
624567
604309
354217
367328
126995
849841
578040
247251
56104
272680
572024
856962
237326
622662
957882
652750
20235
767132
891547
23139
345981
529561
972419
87277
158367
290641
906871
320042
106747
730720
330076
275035
343532
822184
812937
75796
81487
64053
876231
433395
757766
568130
30376
762605
35816
85333
718912
75844
447881
271429
196869
629332
989025
314652
475071
599437
247323
726615
538027
749819
353980
584906
552050
345345
593710
333088
669569
550181
434921
784832
895557
665988
969981
783628
982020
480742
526717
855107
933851
992044
888971
566790
926224
941030
589117
409016
856979
261569
206505
702270
862614
975070
693843
685414
607237
411965
890543
695331
719972
45528
813524
654518
859205
470028
200512
625321
462818
651378
438530
530550
313180
396941
403848
136900
292689
86043
174085
396241
682068
100430
460990
278507
586508
757781
400050
684440
911658
655635
982628
971541
190600
113265
899526
130427
548059
426639
832260
879486
124053
162325
770090
252368
61722
489960
195442
368611
925852
726137
905838
925131
883605
629431
124238
451905
149280
934820
576527
761348
49973
458693
524033
398681
939967
842483
147506
735668
230428
437327
18428
655599
50160
34643
856488
47287
692454
763715
466110
573318
621189
146434
943787
388042
493546
522560
6349
388581
564008
983697
462493
935374
673784
867097
489145
908820
286047
396452
782861
84099
499099
177618
111965
850207
118025
555119
992498
224909
55766
45217
436959
246353
873695
92730
173871
375090
117416
315886
863982
939066
669558
673566
35152
236826
191946
482770
359297
333674
619642
586182
726089
231949
77677
30939
945947
860851
901298
495726
740860
176952
129725
871046
591627
430121
715584
163943
152561
646055
445603
205507
215525
84837
798815
157776
102748
216972
870780
887861
633676
976253
480165
353694
348252
738166
50597
571631
262698
520782
763456
601848
33242
796848
232631
402675
733490
789179
272587
301986
361806
928429
356742
234408
247625
22903
217067
891445
701960
595492
48389
46607
29812
450100
357743
766713
404258
356759
881040
444797
251028
979527
833957
498523
530777
29058
753591
995022
618447
174819
725803
385463
317065
520348
858808
822121
334155
164179
911603
991760
565298
525142
733446
690878
167665
511867
273023
226772
17206
863448
798276
813065
47722
883035
275365
74202
994264
91848
590026
226574
277605
552078
341707
685093
949053
555204
158046
628572
807183
32389
350955
249760
31790
23268
946492
847437
496664
707022
871696
154401
59284
318331
683919
389953
6900
172432
683543
289256
562426
444053
959092
26024
131799
17870
735343
8798
863822
756024
554877
317559
8312
331489
938328
246744
130848
383972
274092
557615
812366
905025
302055
458388
453665
979861
987571
648155
782677
857210
485504
411896
656613
885757
743354
409487
180170
852344
189018
399448
589409
892236
375513
394028
343594
789629
667326
11118
713965
931754
861208
679704
668791
612711
18696
725601
342338
543993
426486
691912
681010
585517
585124
177472
564348
369109
690719
172536
290465
392608
463313
157062
461144
858837
527540
80239
368074
508844
958369
835093
458039
720585
754887
975486
619062
638614
524279
763773
801689
749307
935323
423551
392495
291325
798983
472564
297890
344688
919079
613911
825473
239770
519512
981340
570265
213670
730260
335478
216764
505218
482245
905346
629091
352021
325434
164755
983215
667168
246455
102810
753931
663984
161574
724466
236846
223101
764716
671238
116797
32419
238551
163552
438605
770042
404723
590798
393734
973140
808764
473715
836451
468754
105069
554855
668309
294435
186807
656972
107016
138715
742733
810926
587261
978220
346588
104982
301142
775683
96408
816236
292784
162625
392882
846086
813162
364692
662886
880465
650885
284274
531952
375770
694756
746418
205918
746938
603890
706822
96385
734556
696994
268313
426045
752940
168081
167809
621440
237854
606089
638241
77903
681240
473183
510814
765628
295805
512252
427708
522932
941719
128696
67796
416181
266720
675554
512180
181276
180462
416028
927251
739484
766136
293667
592367
749067
130697
496557
695877
335574
575103
198763
778156
184917
678080
901166
719
711161
58043
928998
704069
318498
882326
282949
857679
785422
702265
549761
94829
936619
209014
449721
400477
336653
453204
75695
333937
909242
47415
656116
765644
669475
946605
371489
839097
46958
350679
169153
666471
63022
278514
994572
836677
946420
763329
906126
611702
666239
956825
534375
205361
786830
315849
427883
753849
808662
721187
965737
714099
914448
772395
118857
13225
829162
13084
192719
727834
303453
557329
345340
52219
299806
555159
535571
191182
7726
917900
22137
431070
971980
784115
8629
576852
89035
886424
192152
861433
346046
480410
518198
631049
202063
127770
665042
137008
106479
282623
98648
164324
383335
625251
149763
52638
659469
785501
709343
952182
922003
517867
233320
505754
554490
448636
834770
634730
735204
634840
716962
991028
634438
547821
108665
801607
167740
412087
691185
114230
357686
145098
509408
518635
146128
62655
405370
158181
591040
889081
317587
552719
691560
260563
974145
67006
414220
195048
188768
63175
311773
746110
465775
455739
902708
20367
486999
623297
763930
642166
164940
386830
478660
241203
342476
480323
995548
439323
702149
141218
187450
9055
1683
277038
737073
983222
86375
598303
941382
570218
642819
918271
569980
606908
700449
930212
175947
325493
919540
244106
877295
233675
484934
954636
232988
431148
34304
14655
240142
661161
205448
695980
824959
7106
930756
712999
932082
430410
431742
438992
282797
437879
725088
55526
759427
448392
936542
173315
253135
108819
407538
123896
873981
418218
503747
568645
593026
228777
589983
765749
122668
27743
742759
421268
300051
51991
822410
443150
480047
367234
662569
842598
125315
591234
247578
169551
141560
930325
868105
964523
504132
831644
462008
385245
21897
295367
325030
347981
15610
606432
108430
681144
514744
716528
34694
371440
820091
854226
488904
970999
186475
780178
95310
780660
219407
992768
496790
729872
817308
604567
954757
865008
293231
787397
856680
786767
302871
424983
878229
947894
550857
879683
172080
50587
633078
821137
589962
368404
327930
674278
650595
533110
606315
38190
872848
135822
253906
481189
806968
299963
865462
967043
576376
872295
352851
762498
453734
740576
363434
701645
783795
569687
532786
544582
908330
348019
68140
77940
940757
430931
196628
813384
889278
48287
390195
141386
517139
287625
85394
334501
996131
464998
664393
774603
751941
219747
169333
116166
105751
115749
790087
671261
414244
717889
553977
31263
850079
356949
416156
564943
927692
866881
388942
943275
287038
403525
87687
380955
868731
636601
671570
103987
668347
110115
655320
15781
393295
102328
769815
53702
146783
569586
876018
678843
343820
152202
54755
540864
984372
197139
994636
925460
292435
162611
823402
500293
655942
40574
829290
53971
449324
808496
359254
853380
797029
725639
674472
48324
737532
645307
266495
671542
214369
664859
490287
458459
379535
70342
647347
249757
502028
732802
357438
858425
352591
888124
819631
754888
584059
264796
171106
203880
727562
378564
72610
767051
756229
30118
792189
972380
248879
217471
507633
941065
405954
933108
144130
5297
497169
649159
538221
531692
833484
653174
311606
937265
566050
366704
201182
43624
974209
821941
14449
317773
644345
406793
143419
32573
698366
783828
720922
235873
150156
19993
616751
267956
249893
789329
323246
504370
5814
104099
816213
161695
967383
549059
151994
179056
112177
105572
510333
192922
464443
746267
688156
500278
721245
878738
623332
674062
183733
854693
664773
312007
489143
470748
769407
473962
363695
941766
49913
861456
486562
270446
126256
505194
310098
178109
110220
7659
231649
631276
814990
556242
759501
91043
425958
316823
879386
408243
754530
627185
869005
343853
385088
190722
416276
929693
112868
615841
57667
71334
63909
454209
443385
670203
921473
139842
991521
758775
341553
32532
844756
896794
660248
308420
909404
217825
719125
433637
808724
427521
856951
732252
316715
159871
962320
7687
768327
605231
505122
866954
593093
38855
396790
969144
277215
937246
519116
11611
293543
871239
675181
639777
764848
478916
193820
706275
982668
66217
449707
410770
564143
155471
504745
99776
347378
554481
2873
872777
92340
30566
76670
948636
353115
361915
917810
295273
423160
22444
636758
990889
844936
387007
935108
784389
157527
732862
788960
769892
203008
564175
513517
422676
646543
537009
472123
230612
676103
8853
542206
836091
844735
8471
350011
689609
184487
670487
887643
216201
490792
44473
346786
413791
455273
70901
475385
372724
242159
966107
455719
930170
447964
887975
994782
550046
506968
829820
66546
573962
895629
826689
131301
733332
547020
609685
312733
389894
684749
497584
934711
60746
822291
920599
60212
768754
911470
662651
802321
617250
42906
856879
233333
384475
178309
895428
510404
450148
306798
874692
616849
389014
809257
881607
913712
939781
731135
835956
597352
508998
111218
597720
6599
570274
635422
806684
248912
8598
668090
696294
960080
530563
127358
55375
756495
680184
376543
441468
171297
278298
199094
431515
28572
495406
691966
136764
787876
618115
96124
205897
451233
191295
784441
469604
809490
953476
166123
571868
877051
753150
663794
668363
905146
973451
198462
931534
966264
908232
752653
416034
762
275253
480466
68055
847063
843652
836017
769716
945540
423875
265127
972776
9483
403106
564423
922984
189979
896227
330527
344105
956472
84639
966137
558332
774995
260463
157693
472833
929460
26429
508020
533513
100755
220199
453415
343308
420487
359948
992038
618563
691670
508535
975716
363236
161707
554150
304960
980536
37605
406070
902942
410522
327627
619180
509812
214222
498462
868578
734113
492155
286343
923596
882935
942598
275184
549670
551641
347405
636015
356220
127296
815101
476956
209173
1368
349841
434307
247037
511559
209447
515317
644462
696909
704960
662585
818202
761350
959636
365728
637976
872077
822160
290422
64424
811323
522286
884756
792996
365133
634222
592403
567366
595811
543030
277211
970320
604389
542659
786777
994780
846656
871691
457807
946496
229518
781169
46405
477853
928212
229476
587165
592261
266596
368789
476548
391494
326371
96403
642501
771799
26341
543236
140087
139294
109300
113986
283479
821596
7408
614671
456240
484598
322064
602103
65078
442849
937862
209665
362355
523752
28929
296273
484761
381597
657356
183965
535605
775322
426196
719818
157189
436147
659655
299618
481568
440378
185367
201332
193747
251053
978077
649993
330445
907840
469531
872446
665776
385539
9562
558339
771847
434673
89394
25198
934039
698132
786728
848381
653966
721559
886641
432231
384728
144618
348565
85341
933649
790988
683951
260962
44309
52536
14097
771204
721842
770798
616772
368822
390207
10524
922028
247691
965510
906153
265610
883217
438556
765279
600092
971592
674002
691635
599519
181757
860164
64689
976821
339464
168206
885640
566305
691614
544607
568752
608750
140436
284581
287987
592559
802225
364072
555039
890146
538862
476275
855623
347310
264332
258668
511856
77452
838674
170309
615135
981890
987170
386699
337149
5513
643895
65756
780388
742224
214910
468086
941064
985945
108749
783530
838085
602690
632452
230127
491648
506334
847231
829010
954877
449666
748853
852747
107517
823708
821360
314283
499282
819580
982505
407218
73409
476983
707519
14846
23761
845472
929492
579229
271350
79287
321028
973507
904213
84062
610691
903127
753524
576454
254226
268520
602176
471401
31582
372669
830201
839280
837621
785225
844606
18228
118565
381885
535089
667233
935795
471416
771206
875447
133941
518490
208813
464298
1869
814198
527834
631530
751810
5541
176429
860669
762940
709623
454403
740999
333084
308229
262168
16684
673846
789922
994199
657740
746796
815536
564737
317997
713192
414926
206581
767031
758389
805167
997921
403864
229691
991494
861446
968263
772501
954781
579105
493798
235601
847365
686267
945665
94339
800296
719951
784756
290054
775930
903635
732264
827344
905614
395045
582717
172977
351877
816339
179524
597608
830881
984007
461283
195618
61944
816653
374428
795600
927427
478595
630759
238371
5654
169308
182971
958247
684650
78288
27884
405945
671574
360804
964654
601255
643677
512977
35831
712546
575840
421716
246467
734562
872884
63633
226545
130455
387278
33061
322891
69319
860507
796807
935011
920840
629676
116313
942424
165340
73743
958801
87480
815268
368697
495614
404543
305091
217311
484154
879614
996112
262307
325227
609943
118263
647019
10869
28452
249133
371918
622400
56888
50765
329768
980001
873853
835540
451341
612839
627964
719989
152794
567365
169276
686682
699431
419479
68225
447801
283864
832146
763382
670222
238291
437197
448485
913850
880524
846438
407138
716088
359739
298898
694856
824504
465007
396933
46043
275802
880253
326714
912269
454472
95568
543392
185692
821872
106660
474785
911192
31901
28238
910735
251202
697457
299315
131053
142288
72385
489881
115480
859854
144461
899226
637713
408030
467162
807796
215335
577888
69998
100414
973829
246444
830824
227190
523222
553084
318393
488373
712272
744359
787843
190595
765668
385608
206732
70343
45953
997437
476639
98647
11967
27019
279743
602478
785007
223327
328841
689915
106108
551664
959525
228950
896509
266944
189608
724877
970139
489472
542602
990429
527450
97427
581631
681916
989381
997931
510835
930451
199930
770960
19175
356554
124303
635199
537379
888955
779744
186415
227863
939720
811383
338990
851410
311368
561686
194346
220126
16668
496483
169036
350710
718496
394097
542271
123044
431101
663335
16527
836795
63196
984975
444204
674670
984117
994877
749517
241164
872133
359833
797233
366105
723678
252876
580992
621962
411544
589891
194769
361180
332517
837923
958853
325585
653123
371273
218192
428872
107338
678844
488920
994552
890853
374514
509621
406409
651229
653628
913817
911822
614545
863630
289353
968355
199490
660719
557065
409504
440139
122297
798550
5047
18798
738062
930637
745328
163848
125655
111529
70397
172135
661882
314410
307516
830578
307160
571280
746890
646662
580031
18502
994750
976674
66739
50972
962377
788024
569620
200429
392744
110436
849388
183456
17539
743544
550615
3785
378278
210102
760079
988079
110489
257559
407188
428969
63197
336328
406772
164449
81798
636276
188156
670586
285104
866940
212283
118670
768543
805892
253743
953232
541879
116263
377679
64209
544916
144970
850036
977886
166407
43022
222821
818246
21166
939551
720126
831416
127599
229993
173115
183243
640785
604587
642022
160600
242998
634596
427419
616578
489913
69673
832693
850198
371680
470040
643607
446541
816766
436135
596185
385838
415016
175830
359564
214736
643601
321091
865964
61886
177797
416412
410721
429235
740670
74350
710386
448068
38759
281948
718855
366429
884842
24300
561496
925475
183672
128316
214520
536633
555861
773010
921912
47134
870812
822416
742329
166772
514135
395974
8658
5212
516531
822178
481178
702716
637347
58562
951826
874658
553684
786794
583538
410306
321800
777681
758990
749915
375698
613910
185893
351544
482092
225872
441990
827283
142776
637187
526624
754132
494354
418670
577188
179319
54030
718337
604313
563979
244563
421291
488316
216022
365587
407698
583889
704278
98470
175836
723978
389666
11650
990954
932947
132207
357977
415973
86840
31983
822095
857712
987444
772180
636375
374909
752215
250419
322793
299579
270226
153603
846945
356461
625442
75780
951479
550422
407383
208380
677655
235217
2368
527900
720221
451005
491189
490114
160943
304597
653825
138264
101494
330397
377834
271321
803129
556472
847582
131316
175960
581911
634811
682761
294371
308172
930298
650896
842325
904636
119609
245593
771120
680947
609381
393390
722998
604882
144193
709396
346241
680099
268885
513200
773504
389901
237365
40135
105614
785763
812140
790174
649456
171286
222342
982528
576107
976267
221431
642974
798720
887047
319915
126352
405638
809543
890155
884922
707938
450989
869225
880714
138532
182868
500328
633117
858945
105220
441418
453889
513385
64705
110071
576981
729733
285310
997096
174157
974415
377903
147277
318930
134861
322108
876065
42054
804267
392145
211528
117029
348532
500306
859297
641479
946797
610028
30126
126850
221902
444935
511069
815788
478237
520599
270579
874941
546921
998738
291092
882003
48865
347196
480433
488656
514383
331038
692302
903966
184436
131157
481519
998035
119296
675974
804958
813295
873326
339823
362908
450306
207354
260057
918498
63595
920448
292650
717970
655099
859123
101782
551807
247287
200118
607222
65813
213820
378138
491121
56423
771261
18421
346710
81747
811177
855067
304140
30484
129384
313340
355872
641508
319683
618138
636990
169356
419939
940772
617339
852873
421297
929396
306127
429661
288285
580770
959968
582767
15418
778435
785081
922143
740807
563458
896409
660267
860745
475800
813992
95479
277459
550571
5573
500220
259624
616449
231610
495120
407991
960415
338129
446541
58372
308354
776320
783585
577704
36601
336063
764850
165295
492381
206267
901291
491487
403310
841251
886376
539544
618700
208927
447098
581655
57935
842016
24599
8148
611843
777234
256993
941644
841475
293870
671825
521625
394992
492525
477312
946364
9359
27863
178834
541821
476285
153913
60479
257577
324879
763061
967743
526779
755978
17972
988626
65301
826875
134646
265321
356653
41077
704521
476148
584837
115237
451672
545353
978578
1235
807835
544686
726078
822775
331372
265155
118601
468342
680442
460303
38410
657208
893526
96805
858196
350758
214571
567858
120052
754629
626954
244134
559254
69034
902563
977405
48903
125529
951185
457321
275669
47550
549516
662046
731410
577287
338818
421241
984632
161308
783551
146190
73574
847420
345672
855692
675720
982261
66568
610767
457750
125568
799394
677379
46387
246902
42853
822767
244597
894387
507805
79781
857220
909446
151302
571397
813339
297170
623708
640617
350316
876292
99406
652848
103456
211632
673296
321514
816636
378315
822736
576861
734047
764927
862976
609842
191400
26031
142546
776639
121204
190215
14722
493362
42052
444094
813261
712534
406526
751787
592895
253381
411978
806529
836842
574827
58845
726569
532850
326386
565906
613370
526726
912655
552884
639448
454313
766185
995864
843494
625198
995489
93031
965417
216450
78018
654266
889850
790819
904071
877406
496551
247471
98563
424247
860392
334679
232433
339648
577913
189618
221592
829808
632088
536750
23067
528248
130397
414177
845403
213417
448881
588093
912713
187571
29228
515810
622219
77065
191183
260430
102602
735072
202459
577968
117974
147285
427212
23578
723895
620782
814773
577300
960017
374584
389369
205388
224562
694096
367971
685740
983804
457726
319139
83396
733482
846460
959206
786982
228864
275220
229200
150865
276179
741095
558169
401093
349234
149066
905857
109109
720048
665418
81009
332699
649999
519120
315952
297829
134475
102368
139966
492557
644672
683579
412753
769414
543032
866341
862377
838354
988693
11649
248658
616561
454039
882136
944310
249011
536523
449784
574364
299631
30801
763513
648897
703948
780296
925339
14929
504828
9368
154699
410882
570825
774555
782916
881166
346759
221161
90642
276939
946857
319614
130738
837736
476592
210762
77974
392902
380030
878870
890501
640560
615113
561294
177694
431545
982891
178095
293564
669361
759510
134029
671285
898947
99620
386241
390461
701294
848268
872047
110440
54430
9393
687984
682957
620646
910164
457504
915846
90077
161962
592389
909331
280914
691721
876314
83614
264941
974523
474616
737369
713507
616181
675872
177091
198165
234466
244839
902410
199878
557208
60286
363403
702583
765740
28509
370933
986657
437857
118604
603851
262030
544187
61006
172680
827669
905714
768874
648476
750512
761666
689303
448917
247867
432991
426435
990617
670860
887942
45952
221071
629737
903151
13196
241822
904874
122207
349883
451277
982892
224793
598915
401610
153327
196724
252068
934150
329741
803784
404338
571325
301912
637506
66880
43795
168782
649303
73707
431898
74555
531861
442240
130801
507052
51541
694731
853446
402635
997709
751613
539643
243548
767682
234616
302694
224915
443674
236795
797555
876367
189199
403301
728805
850423
817024
483943
941625
74544
768802
41419
349419
220984
860947
685979
465298
484194
699855
911087
569382
955758
466811
12119
740706
148292
191199
338529
645252
157069
896369
557383
756658
810863
998028
663544
348087
623779
250880
428545
66410
369716
84483
597528
380719
271317
281860
799877
389847
598047
887584
124398
192099
345831
679918
137085
714086
17081
640821
425135
490760
908531
528061
84476
155366
125375
994690
924511
670807
583598
865349
680129
295242
629614
11262
111430
335691
449064
459948
978355
442212
21176
914700
912569
197920
908810
694888
413667
97899
919693
768646
513753
29077
613271
382913
237647
310197
262101
28662
685325
274986
132461
741205
627867
743101
744754
127767
292936
960738
683523
174990
739095
237533
155777
535576
620871
377602
12010
118509
39422
868245
652503
86744
898833
653519
180622
112067
343410
118594
611845
757674
898039
338900
799732
267698
642179
665191
710997
989266
154835
374681
860219
554799
83047
448231
197772
65158
77898
806124
675101
659395
158976
507272
780904
642414
776396
996827
922348
856581
643675
911281
451746
448420
916304
432120
164311
333601
182765
842540
265067
453556
866011
172947
681764
814035
724822
833444
76399
309661
150455
406787
586357
843564
442719
172583
816278
560973
690429
317021
242821
761228
56189
159653
64000
694696
186574
59194
919658
813477
959821
421616
682118
843393
164627
850677
70290
756414
396952
707001
445694
958558
781058
746410
197512
804973
753102
642520
7669
746936
319065
229688
94509
900571
101772
427204
228340
631288
423650
919807
593985
287236
733656
884375
869629
236347
531056
959523
147609
363892
224545
775051
953356
702991
831646
875782
893736
787786
640385
230078
267992
99891
178836
241105
45624
966712
518140
855857
444561
163418
299843
503339
798255
440448
298304
955973
139681
460392
182501
936192
436813
116536
141093
92092
561517
946290
926272
48379
78698
396550
24108
505405
165907
307010
537890
758603
825658
140389
105922
667408
77867
822737
167523
563425
358282
148894
5435
512094
793928
216907
147496
181040
412674
301263
472793
772210
177590
77390
165403
353516
367458
466919
802116
52346
568571
699306
861750
352715
123335
887271
195856
847045
201559
311841
877047
247046
360165
407394
54012
554758
870598
458472
194795
390168
338891
247485
367791
785999
337018
532580
290149
809533
243492
488047
416379
902743
899107
684526
951684
947508
91378
355842
897244
292916
748073
904271
13619
587261
949011
262991
222135
187745
220525
959492
874850
653916
617662
388101
655581
192569
712462
256634
685392
756947
758148
514723
509895
70201
528607
178386
33858
779051
685457
249529
483929
115073
37235
82078
843978
846699
786281
206891
946401
13331
745236
945377
415682
194399
164461
796461
322390
744658
125828
468627
898256
424210
792342
958215
89435
310660
717444
710554
122850
863827
448310
333137
463419
531280
547467
799954
616625
28468
129595
119800
327084
241216
898636
627142
665919
385797
458670
581367
998478
59648
386739
474291
962778
531805
262573
539806
583147
884316
723814
881803
852313
104465
291574
766350
881654
166917
966085
215855
539163
786874
989406
479803
448142
604300
481579
180084
957645
28147
168467
241704
675897
614629
731949
586847
723554
232473
405535
802926
51179
126117
526999
208488
449178
519880
755493
235060
310911
246084
129716
884666
239997
570980
620708
770807
139386
404892
52869
78833
532767
354829
738993
330052
176524
823719
993094
225178
998300
155177
556094
853369
774799
952196
652462
671030
305818
530973
684568
360711
491592
23282
727468
516470
227275
651604
411746
669874
86179
47634
247597
589056
307434
711798
267356
141326
144889
972137
299986
87784
739387
7217
487520
880132
482188
756635
127996
584311
695757
436148
864737
776650
722567
491825
214338
165160
963001
799406
173163
886062
832256
88403
162871
321189
781729
519571
791848
710412
78710
134414
741158
471373
485235
123479
179671
682322
436373
662415
509015
917361
956518
426032
658260
260483
389039
143526
683593
498002
901690
879127
307797
712752
162754
769924
167223
202468
254713
456007
253545
220352
465974
498428
363734
697934
876090
828540
731192
878569
610781
679045
583954
673319
12250
206261
567431
755444
788019
776181
465750
946490
627842
225715
413619
845948
864030
106055
228355
863810
152038
889143
421171
432111
508781
771670
163252
170094
943298
294983
248727
89803
406810
763423
148802
849502
199965
773928
730573
62241
476874
286914
973948
487203
539719
256741
800024
432406
347337
1857
729964
444994
724316
981766
684569
812316
306575
895232
994583
116721
881216
312665
651208
869949
779136
205634
912698
974105
402850
253037
961338
1680
952165
807666
504847
303954
403003
383057
241050
703873
681973
275159
774216
429161
759950
627801
33457
297037
273297
258269
341968
319644
239783
488793
163743
479171
419393
597843
505359
157596
232478
399975
654881
51523
15097
81255
638756
14537
712403
802908
903563
488322
525016
361067
489642
248441
832241
27731
453837
720836
464869
867347
140981
563314
985260
293545
759280
84896
27474
833780
164628
786155
321861
651643
720984
683071
754683
663238
144334
909582
890434
12522
381569
856349
878757
368931
308327
566072
913784
63129
222275
914566
75201
532613
459610
712759
981635
118253
577295
223641
346856
403915
911389
148042
601994
261836
900401
459400
766558
593268
31586
625189
97917
102046
356430
513750
744720
240481
732178
649770
8792
826575
905253
919383
973336
328983
35026
867311
471007
728202
421072
625203
32822
753914
470015
767422
918178
176511
173569
996834
603990
663315
494963
860368
12472
415133
494023
361968
187150
940299
133887
617809
832581
467032
289096
385850
311006
754029
382065
175327
778421
597156
781062
395759
219311
258919
192525
122058
433600
382839
938076
106320
784663
769865
651925
560981
767782
412106
836992
804721
260369
551235
465219
161907
829106
739672
80384
154677
138631
546411
757387
241034
146489
701918
322375
14292
853258
424629
760988
199283
470810
866329
343894
248984
774933
797560
8093
664823
344508
962186
48397
320603
861967
49327
549042
593747
784724
256692
20577
859018
738887
782773
466421
159668
343518
682268
447397
236965
276600
89735
762815
723260
624097
819720
430083
335100
268228
684934
365022
280507
474798
224832
85058
716466
769979
885554
278686
48181
845407
991632
738431
904638
837907
602479
836675
726498
688857
42691
904309
716709
92142
436931
109706
867689
793420
263721
804791
706433
506329
923477
389165
362083
678319
90961
689586
966908
932937
312495
401053
813854
515718
66447
467566
857173
83101
694461
788552
176023
47966
105015
307212
79833
760737
939852
460306
123454
456525
952223
773894
945642
607367
755147
525341
431925
746484
664225
377523
577916
714989
34188
625283
500369
192063
661270
181698
723602
849563
895555
170648
644119
761056
35547
800252
332293
449603
667653
773930
586303
444377
754767
398468
483517
191425
868618
800323
766644
292785
171346
275864
307701
361179
953708
995043
620306
579579
755976
947854
124474
894848
67301
757960
160358
828884
172180
633370
559468
677386
590932
449767
46641
954788
192668
549956
935164
45565
728568
323762
598565
365785
206859
874932
895340
646727
923827
422865
204006
159665
59849
631848
425745
858688
731399
851051
330569
711982
393285
882042
439252
628585
532700
146204
786775
389473
99563
377820
234028
700911
403704
97470
296587
62817
177966
566236
859172
1190
529988
488098
247439
90195
158591
567010
212315
931215
689294
636245
614979
387041
721171
111343
761215
879188
767873
218334
311094
240005
435616
291230
76624
951049
93229
201915
46250
206333
985695
322597
8675
463787
327301
44073
676499
574613
980235
313554
204828
45986
112988
244891
263896
918626
614497
987791
79218
660864
333223
639359
816400
986499
513566
869600
616046
347904
603005
258367
541894
537312
298627
517089
222315
531850
175257
474427
693430
278189
863956
544714
583575
241515
619990
377424
267213
869797
880788
129837
304688
569055
887730
736406
529771
241424
607369
221748
433480
122569
454731
72027
178020
4031
670462
753445
971585
422199
542820
758635
606970
82317
915068
990815
624849
900448
172320
659209
608612
162653
277903
709916
694975
456807
250693
377524
753867
840736
907271
306607
823907
985495
75643
812453
252743
920718
930035
129605
431145
160230
264074
670349
11941
984105
708199
444709
456974
288052
123167
306457
468196
359551
801015
876914
102497
576267
522950
842287
877874
696486
341113
767973
261699
998814
555825
276848
572339
417792
931527
832853
498663
81931
944111
883062
517946
301302
982330
890544
899858
935643
505845
196885
148046
845183
109487
348417
37211
487678
500312
823451
514150
80408
709381
632682
827564
229906
518737
108881
715053
729290
995357
619049
786302
261723
750071
208569
827518
989800
814808
210260
587744
839689
503111
864912
560680
814864
188316
405150
735153
183351
473887
465035
633194
119911
235535
6482
717281
58855
944894
198491
663287
91999
741977
786964
136372
157000
303366
30187
265267
848243
336294
431653
142782
407730
60666
548766
956788
490727
535010
538845
295015
560871
969791
694995
340674
921290
946426
862257
130023
201745
272286
488163
480599
128949
165409
422252
10507
923784
87872
97695
303647
737098
342920
652279
468270
801739
811824
965908
568697
268023
260899
469586
17024
111299
359389
365384
620083
127347
886251
982554
983746
838789
835476
992892
520593
393661
517910
136515
919367
720142
181321
484329
957958
750242
482081
439517
419765
159111
630031
205765
623928
285558
521670
332945
679041
244032
278107
366973
201088
265751
225989
190691
748534
621814
614148
226618
517095
300654
950751
141423
307630
295182
895109
291038
596202
917359
270037
841069
301526
884057
394425
899845
758135
475285
542189
269294
47662
604625
561950
67718
7981
80873
722733
834270
270534
139416
869394
293298
820703
249402
613278
268866
315970
180285
442968
159953
265361
728036
846665
100537
806231
594615
448660
476457
249081
872523
839741
150205
391947
898473
508938
562168
537599
976478
558150
295649
681144
777823
507682
966199
582012
552790
697399
326161
710920
355213
67111
855255
916158
899254
398497
721815
394490
107348
821826
627397
166338
987082
74265
157970
584987
191102
11075
375527
13560
154474
945077
434686
715022
170239
332568
850077
852291
689846
267407
946353
560900
327156
356756
333123
46134
317400
351616
402073
84932
397797
560873
924651
342039
500423
678757
633024
920676
779716
593005
945957
888223
184640
695006
574794
211469
845676
671257
531577
761655
912013
871689
642740
14714
37476
762500
813673
790267
674624
330955
764500
520569
794844
792428
263538
322747
958325
953159
94621
289384
959597
353901
77897
22837
335829
70051
257753
540984
80731
176327
910623
712796
395727
907082
587439
957038
115987
499291
760222
913555
443231
274981
926940
92892
118127
59630
194219
560626
207818
650976
758331
265068
459886
299685
624548
895295
887197
112171
770751
117077
48958
100423
970977
37750
977458
346870
397941
282723
191860
645246
507701
381954
446316
349490
935685
440371
369488
708501
726828
585728
476791
284118
30576
904115
643388
29434
174092
904322
135499
576984
729616
316902
395211
393277
633686
604810
951400
221424
615004
917278
839484
498255
183939
639050
282777
16792
969763
743040
661813
680132
90376
417578
132467
665741
16334
4675
55626
844817
448724
184898
931476
573774
499680
167024
336501
911949
664143
19291
835174
429788
450167
521571
580957
193843
312795
493809
832219
2105
475786
71368
989329
319710
416212
88691
631600
491432
167402
692190
607116
213708
805521
454721
846892
228338
836355
790839
187824
845852
694754
258093
198175
271199
962969
975413
203405
162575
710162
393914
97893
251833
40589
498510
202585
427849
760803
727519
469667
707468
263960
236489
490422
656848
253910
600837
936070
470248
69004
621118
767345
542412
654051
349060
556040
889309
573208
996314
485758
234245
127226
630314
227628
821757
161730
266840
602879
655784
634826
302387
99775
982813
634796
907656
122876
54082
254840
519313
579031
973779
766161
406923
841002
449410
958564
967781
746005
370937
100998
602516
273062
581627
572138
960067
291044
920616
304827
201512
381624
848543
486044
539314
621625
902782
129082
416286
431635
693764
971146
374953
984531
59736
780516
501984
381073
334051
463996
144595
917434
757527
11065
613096
476600
925459
411635
225803
718401
171039
891470
661955
908089
830098
41326
820960
505605
750099
941269
490641
229805
937980
717856
81362
676589
12570
324315
947458
478616
160849
859004
339986
3242
809245
315651
508697
839784
448179
732843
262661
561142
640325
894093
322157
894773
300005
86098
906625
217750
556673
122131
521827
712896
16460
543567
619279
771738
64062
973576
287092
906357
573297
687482
662887
675673
67308
99897
976493
793387
550653
386918
514422
315960
604927
623053
325353
182240
295932
233759
567962
650913
259115
393863
764121
719295
985370
397290
189732
76237
439463
670016
209468
433563
419880
297098
941013
495549
636267
91375
168614
494771
834007
874615
257249
217722
470321
957154
496445
565102
127419
34406
529390
653018
26870
265796
185078
209182
298441
360966
140053
104828
135610
586391
955356
307711
302104
547135
450464
480456
944379
630073
579401
342006
793636
815602
983562
965105
71742
217312
765291
851923
293766
73533
389633
714356
308550
839711
870784
638289
510268
114614
757415
435801
114330
571297
486745
939091
395815
795437
431948
186542
576771
519019
865050
835495
901831
841452
687861
464145
548554
228955
65976
155588
676929
991800
266200
882788
985470
530221
564537
902925
173721
401742
286173
791384
776876
973746
937335
784909
549239
259112
848030
921829
570341
693592
85853
365434
788134
39672
985639
553549
50427
700519
290343
646516
914768
429354
2742
223518
210691
860288
727974
179844
804099
661987
329083
232430
435411
432734
406458
854559
752430
588933
410649
956767
944965
418646
988949
314083
873700
821419
814115
617114
598898
986904
841406
569046
598359
825831
33951
88533
969720
171821
251979
951852
521053
343880
21382
849487
116
693752
420005
577919
432495
817496
300609
735504
532936
304312
680967
116566
70692
889303
933357
792364
362517
750786
888191
491744
388026
275715
329687
414270
294017
640328
755435
346488
306317
123218
556033
182639
565235
259478
767485
647648
571165
70132
739098
182510
528337
169745
308471
87431
935692
14419
427465
549942
342088
263608
834927
566149
698717
272084
62051
796237
516292
877605
919308
111388
4598
63188
932784
137729
472370
616459
522438
708150
615454
133229
153065
9899
14533
438134
742761
820203
404479
527921
686012
869229
633006
251600
811794
823226
722340
727723
220870
108213
923874
2008
990320
66252
711356
227
672855
49594
462040
877738
20740
247478
825109
687192
741681
54715
597128
346940
592609
705525
13537
589125
705673
170245
712172
963228
896364
641777
503092
695326
566596
833003
388482
878516
869020
27964
649027
453393
626619
372493
531399
387016
342394
41554
216933
43976
702071
715028
949629
493173
384866
604057
572118
135459
970228
554353
458597
101809
69184
705504
349743
299648
498914
683043
263237
113807
687572
728673
332014
759477
328671
870383
782116
222394
398381
415808
658484
32913
241661
834215
562696
455542
523953
187019
935490
125280
68994
637734
558334
12259
638419
1209
300922
656166
746402
605520
419602
900988
586395
854189
154723
666208
962247
499796
974418
308818
939234
706291
976869
227592
766153
167723
922446
555411
353810
267967
326856
495248
540790
210008
446874
380167
431337
985522
509113
263331
455563
757223
969803
70286
562294
911830
431877
249320
772919
407024
169397
299301
201370
309278
569756
897
952223
912466
310579
792736
580489
449385
949774
828805
292820
583738
635870
603247
232838
694654
30481
766859
649950
347548
129172
440346
417321
833039
182008
189601
706100
938038
364914
613895
56924
28472
842173
404750
930433
720593
66266
986225
313561
309566
476279
353686
310496
89217
191790
27951
114733
604433
631524
164915
121377
451234
280338
957237
681016
758284
944992
955550
912065
246362
965037
214731
605098
527026
400236
747205
836533
324956
502568
892249
820999
159024
112935
617812
40287
38113
468077
603741
724644
818912
1560
999791
44054
656558
177320
35953
378663
720257
408161
313331
507491
658962
79561
571527
914186
626241
554317
608698
440254
67174
735552
142446
66391
533429
640707
330709
350932
54413
603711
238988
981997
525597
465679
859665
86212
199603
384187
755043
60345
443939
935647
193269
720860
443856
722475
879502
205118
545562
775363
490240
240608
135524
716999
192770
926925
837824
65453
693997
847556
455994
144457
123600
570125
426430
554478
932272
924524
966694
271855
770079
225075
495908
37119
981751
778034
786697
324150
435059
669322
87344
846196
31595
638688
189065
630752
607595
62893
433029
529674
86702
182385
167003
110383
302332
31687
788214
688730
868637
961684
917499
314855
531193
136537
681338
641635
620622
138984
816240
626127
263884
597300
893750
416900
214224
962497
626187
9008
675387
664186
69561
161918
886831
783777
935590
989844
84005
562081
468793
73654
215086
126655
408998
429895
735812
837679
626712
245488
550220
991043
838778
471385
390443
886782
870434
804245
585154
601991
304795
761306
72007
266553
345486
442157
778561
87
696908
277852
832224
857117
660795
838949
89910
394417
456474
98037
118166
687737
159282
643146
139784
158726
974299
330041
908966
181741
394920
260620
727254
159670
390576
308995
790179
830382
315578
53883
417722
210903
339588
489964
559295
240448
996656
839373
10058
224879
411724
77714
408578
581754
3068
786901
314323
721013
583366
851347
212175
358277
659066
388877
37855
449747
656892
763214
18468
52765
189807
801229
197358
320422
904896
138792
868951
361614
502028
152016
413437
401148
512879
319620
145883
110775
624426
713270
185220
979796
710192
85706
890683
902986
665421
26684
721073
160033
880052
659296
900891
909385
281251
12805
502384
283591
869237
251443
669564
559370
263300
332244
814884
205212
400504
54191
757751
502644
426865
728911
8108
750248
120205
282050
953662
311167
553878
923965
735649
9573
202571
152925
696991
298871
912521
461512
384468
432638
793942
202418
817922
926457
74315
235516
239506
25683
439899
48246
846952
987124
95428
696005
915553
420596
419216
806176
622060
475625
451400
660916
956482
176545
689910
936232
404291
662251
120662
254715
856815
869072
992985
250952
49853
490592
731797
794091
675227
721190
656844
485182
876355
908925
355734
380925
656886
882876
865198
601736
926745
356940
684759
489926
95464
581659
658985
419429
101339
443241
385980
887552
962004
205120
698799
942874
776001
515136
760918
647047
835412
513944
799678
145130
412700
199633
300829
549529
661888
200388
647195
452061
493656
251884
483639
516181
548584
278294
847320
828601
433018
170805
28529
70396
106903
788882
147919
987979
582690
14112
436738
306931
587856
573549
661989
45151
899911
793781
99980
158462
333650
178833
922250
523011
519423
539533
144860
573254
969622
763543
870326
470920
718326
415250
693927
817556
621581
344330
713771
100032
277811
419587
588621
310547
497636
680042
433527
993856
23896
240301
471512
129553
926913
674150
770416
902879
483041
639986
72507
633597
90245
363296
388407
301557
749473
686725
88596
859178
487177
545965
926584
959453
609098
881644
249580
161099
101731
60818
828070
89714
894307
225404
308659
867380
655584
189575
875073
357909
15313
640096
828230
266847
462921
956471
176657
952357
697104
919826
673515
667236
65760
524670
89513
458757
363897
688032
121297
934334
781153
274089
337639
35673
464956
487080
683923
843597
640451
889273
317552
52168
53412
393435
606515
731150
450231
969504
355318
800571
674136
286141
672800
484580
57637
824577
683763
103388
337557
414499
916786
94290
979315
298931
583789
593688
418358
444787
941035
309950
347711
319423
868146
97501
636847
254567
654709
145008
38882
997405
522843
48412
922059
109258
40808
837264
369452
291131
951690
760711
552499
678456
355202
38442
887084
188213
442413
175699
445543
351586
328942
208877
285927
996829
424122
420663
988548
156743
52608
612263
318366
891316
115123
457131
721278
75004
645941
598986
562570
377454
301602
498985
927653
74277
648757
368810
957729
379058
749275
607215
735266
30648
494482
212797
62992
286743
107646
493243
622904
938368
633032
172889
529600
825448
52851
993805
891205
609560
641917
506104
630483
447328
308782
872615
165888
679212
772608
212598
52069
566190
713642
641808
858490
781371
680587
313809
930445
115506
863536
509580
516895
12887
614786
477992
196443
346878
647759
132645
334516
69154
343155
290173
454617
365653
54562
101157
26392
871762
932501
432306
733644
814574
429007
968345
182404
771757
717771
189263
40626
906993
233284
780303
13837
672973
827552
421434
598276
953784
960506
585368
14558
966813
320331
162940
40115
249039
610676
890822
11264
171610
495274
401730
324907
169525
673662
649006
424980
149459
204808
85018
707540
484696
694319
639271
437397
352617
394456
44721
619790
238300
123113
751497
715289
625167
614521
49691
528114
954836
279894
633391
208142
777546
731570
122379
466262
506119
193898
919221
510142
573681
97140
925525
831495
615852
110117
533433
954573
39853
712221
685939
392781
845229
858320
15965
299767
899002
7985
76925
824492
566760
563708
84099
579733
257764
694368
840367
115999
843368
342472
967439
726998
14794
804613
974310
7325
37552
712858
626089
18120
65630
503459
630882
86230
609840
381730
701240
300238
160355
577063
742982
135924
396941
337244
580455
154664
905453
687723
69139
954972
479453
683340
109538
91568
72932
827758
786672
632876
92200
360449
681178
254169
43328
813726
910116
782716
609640
919124
62972
392304
516878
687248
88281
573343
272009
783912
707326
370909
214057
322244
661723
715809
591721
435305
361298
561632
786305
387043
549271
184712
361304
678927
813808
282134
249815
851778
49180
339604
715353
286426
842064
396915
227326
819423
319580
146368
917343
53652
921197
418630
83227
62688
223403
949569
526928
463700
987266
970426
769190
41625
842751
690308
523077
479223
70864
979793
608103
872708
95534
852913
186695
404967
245782
453865
833977
838280
433842
890540
658067
517398
235159
317368
46345
394996
541224
684240
236119
496513
898647
715345
676119
850114
340299
105844
495794
92014
975966
229727
627891
969686
918781
622312
152887
977520
681523
853927
8513
510143
492351
803766
538346
6752
764961
378184
843189
99890
419316
586083
752576
470307
27573
812667
963031
4500
733025
53996
968483
591400
773693
692692
980416
777774
983855
235148
268780
99624
756106
493441
147547
142840
730919
980978
84455
486374
884846
465544
399716
466064
80116
496461
363474
518831
615806
576458
621803
457025
238436
500034
635613
707737
154513
866116
449426
668095
299367
700657
190314
482629
158527
987531
165258
795111
287630
41653
675470
678878
826211
127821
251098
257089
775180
889762
406350
156824
381721
245268
564567
634687
368440
624391
884514
760116
809791
816707
98220
370429
708105
990636
192886
612025
259191
987544
937556
673473
446552
141074
172195
769594
657123
560235
822810
68858
158113
255863
144826
171924
118056
200299
563167
532226
149633
280721
154105
925166
787627
649125
747412
20765
196089
891920
641746
131960
10838
509950
590523
131320
851817
19742
219115
449390
900883
821941
638634
375341
867093
501792
752792
64597
331471
65956
805703
441788
119459
617715
197283
649402
809592
165118
734156
669969
216731
134513
670724
517879
696767
502160
407684
306434
786725
956652
673769
37359
51799
49089
452108
62991
640590
630767
25007
712527
18547
598099
524562
61090
970882
220994
629094
208589
806539
775074
949401
766479
98963
347876
549456
8042
398999
132385
483443
942482
357808
211664
389025
39665
566482
274850
174084
588053
937006
440442
98048
746551
228856
258444
274245
270953
227651
967825
698693
410651
964359
501924
91199
485641
633989
743804
906104
437637
830081
22087
609803
201756
874734
84319
410200
657448
366824
343531
952664
720626
923995
178389
348625
20225
699073
93027
182564
193219
633480
434613
59652
700311
988817
368282
843201
614837
98837
241934
154946
135547
917538
300564
843858
276373
520707
749164
139537
279943
851198
948018
336651
264474
906295
53267
400357
692833
692402
976684
949747
16166
702646
468160
182311
636214
880332
843222
687461
317958
7591
772781
615921
919937
719261
249309
341258
507055
800468
805644
431888
573827
737464
114121
558688
912641
835816
186888
275200
151306
39856
416315
239158
67589
337329
826057
633651
253420
346077
57837
27949
357552
717663
925294
937162
58378
542487
88630
354104
169568
697027
637202
657753
779792
192185
939077
196252
176923
162128
520073
620647
898417
256031
883683
430384
106325
606365
948130
711787
602156
336488
760307
177309
745384
410913
902756
791248
777739
40884
870387
945759
964954
155061
903186
148465
768865
79078
809658
207042
387741
601685
159401
630621
247177
471202
190650
149478
992264
237919
862431
784467
433579
702736
392573
39867
399712
831697
274147
292679
385784
351703
94760
549957
497555
273038
938081
543323
887723
944610
710908
760472
186105
443674
95997
9446
46919
856158
812178
710620
443987
626393
673236
47600
381917
364153
971933
76106
616526
399763
582912
74611
746309
341860
433129
468844
489534
822003
87314
747803
367521
417170
661663
770592
184101
840002
397912
629510
248287
412406
349888
302230
174891
36912
699926
53189
809973
276488
643303
94221
161957
112779
620366
799385
78565
763264
625930
444249
146704
924038
728378
597494
168888
532697
724343
447135
666516
886643
323598
748354
918148
706063
361625
182615
698691
36617
230585
526486
798184
262945
356529
774089
629593
856414
654626
230204
979405
131535
421215
651536
999227
671852
65004
649455
325028
121052
10712
580697
781114
303568
327220
403101
93420
65228
396975
5604
29775
861894
795663
17960
117162
646055
959630
18306
353566
373230
873231
736608
737008
997620
851707
570452
89845
777226
24893
228362
204633
118846
490838
558610
900875
36861
566813
913371
182920
590226
333399
155713
438467
143244
736238
360829
892846
905854
253586
486587
750056
253600
683177
779337
514499
844691
454452
991147
636976
193282
675775
600075
821962
426660
536388
820621
572987
746845
206174
496129
142735
660036
983717
860466
650195
82432
194218
930715
836905
975371
495760
88057
83756
134489
675589
992508
694330
508753
247196
766359
365474
412794
483401
465399
132139
660017
947000
208784
861823
283798
383114
505362
166899
898759
36909
116027
681332
470916
429846
710854
71631
562418
832158
526081
146396
724027
193078
212476
92552
642770
425352
345949
992126
445972
284076
385041
144690
961098
776388
273501
958538
729547
291573
234642
184297
925695
41346
553503
504472
546110
463046
224832
101843
723158
760078
866388
941998
746539
300113
907789
981026
253561
972301
894081
829752
768630
550079
171933
767569
769619
798141
924728
733711
583264
962804
57093
903588
696271
15674
987747
866741
401488
656527
209487
799530
912924
68661
575993
284181
549838
421481
850164
783292
700459
670141
254150
29701
335362
689747
214751
371325
7279
163704
522983
458500
840185
774874
350256
598937
593883
520359
488587
2942
554656
688132
606262
51848
190695
515495
748915
851141
763782
998226
924916
192841
381195
56493
529073
910231
948638
451134
768796
501993
933954
52871
315500
468829
83706
112188
889174
25532
596232
127967
134555
501735
134672
203322
874490
552672
580700
340856
155525
603634
6649
713569
378641
997758
265086
232689
411207
505060
889132
680467
596311
510346
737585
352959
926669
30796
306887
687917
606139
526848
708922
230196
772694
484900
809094
634884
688541
512231
940510
838140
478708
824144
224521
703593
624591
229647
211559
552604
840201
648735
803858
602407
155925
68244
279456
141172
997387
632774
107076
983745
589732
206298
473556
465660
395457
972330
617701
22902
309733
222864
502610
761927
53508
904596
78492
468735
387187
18927
103275
260996
599806
216764
822835
684045
108824
895674
253042
417658
74925
60480
831957
581453
228500
421438
775802
484425
138144
592811
774865
583717
342102
993808
569627
308589
48312
689841
350420
639222
149504
872531
182830
979772
504232
98799
515314
824474
824998
145969
432843
772580
971830
186157
131422
350180
914063
760799
629841
627632
828023
480541
311845
842802
843995
137758
418178
763990
216859
76375
924963
194618
174319
883922
627415
458061
613996
9141
193505
402434
99821
140561
401992
22505
286017
42627
689051
823449
859634
360893
584133
670346
484723
270687
651016
652863
694693
902783
812377
407264
493382
567816
697368
564389
846262
153534
186347
458543
241191
982367
461366
392049
484769
30181
763385
776139
6384
931817
527365
38839
247339
247777
60316
453340
15841
380106
976164
82560
738401
579809
26696
465691
25062
644106
297772
612102
75741
883028
968842
184018
340309
301652
579438
748150
103490
639469
841674
972832
661870
551090
896503
968556
902973
498146
655881
439154
884891
91858
431949
915258
307588
56552
956705
556874
29231
883587
853872
956192
40088
444728
600073
910268
606825
49272
951964
968277
702020
449677
571216
635947
960239
788419
422915
719932
456925
781859
974815
806480
99413
615450
65878
216815
985089
540217
849466
781171
331798
20566
724666
27832
148186
75791
630525
45679
582871
713263
773268
360466
434202
489640
606624
284146
928488
663424
614848
355180
133374
31625
524084
582906
652484
439048
514195
430757
148941
825336
678181
163096
983437
262759
838942
19600
377432
14717
800120
928944
352339
217116
625131
565298
696889
382691
962188
390455
232908
983693
717311
837502
691734
769079
912922
390579
948378
821119
335192
311711
791580
202376
125559
79870
558922
369113
276719
428014
62342
583269
415375
827331
325329
79909
305077
139959
77717
421602
516457
862911
765775
214159
458903
219961
239703
279890
741735
583489
541325
636259
411643
693666
289826
487309
335940
262313
659392
680786
711553
480790
843927
792108
476374
713836
206597
95853
947525
593320
640929
988231
803659
353998
76965
105128
170649
230238
496245
830654
955117
550886
59984
611352
653
965681
802066
12077
825184
815581
516003
298037
612137
739722
5312
538997
785952
630446
504292
464408
794095
221382
325778
648377
88518
977191
653954
918910
927515
712627
893477
603998
655553
608550
477719
948610
368996
996880
910561
481289
642975
165085
476391
759334
788410
424784
484468
912484
874115
895694
320800
407114
256775
524567
133916
624026
891438
15823
432282
447795
996528
14970
193883
289942
512056
56199
568598
855301
592211
736195
629314
175367
725589
218478
978049
382729
696968
77355
338601
342879
388306
963728
36719
980263
244706
974430
43826
711886
829782
875530
219810
630636
856621
69306
946443
362763
243940
142859
643778
493061
939183
294095
206122
954507
952021
936468
371811
625794
541928
395615
271185
505863
397024
62264
407748
629012
653012
747743
67081
259194
615188
127132
900492
509838
8741
195444
392680
981408
888858
812856
55373
219430
355083
600951
421005
739896
906933
407123
846723
9717
782254
343665
192416
171523
479427
900298
587411
35443
697008
875423
195156
585794
177658
825801
904782
786939
292269
238510
695271
673531
440302
941520
431661
798029
595196
612799
998942
697651
412359
8879
557844
709126
754668
14564
325963
93428
826381
801865
850129
740777
408458
842464
389961
979849
396638
208084
106715
587801
155224
207403
263739
512253
171251
704343
712469
482716
457109
159147
682514
932704
151777
691499
51658
91609
317497
218044
832774
973953
676563
393210
952688
447066
362742
668137
399514
910900
213586
992259
471271
473546
718202
247215
271898
658316
712831
984915
850489
488632
114730
174656
804381
918113
128341
502348
181849
922962
93734
887549
530245
535052
214953
68833
130662
707498
247945
790011
264507
110886
678571
827608
481254
112052
955624
334591
272373
394956
564389
465350
378189
820869
99728
252737
585074
852573
182776
8598
453493
136597
702345
564780
997627
403641
191907
141762
635109
296189
501335
42716
133665
290755
698494
797975
994317
678842
638005
634078
100995
979104
613304
690101
673349
39079
868442
484915
832518
884150
959902
932045
341267
170566
588790
383436
489373
880429
266261
805408
133155
384824
918579
440527
122816
561520
686621
819526
814094
434879
326133
897552
747446
534381
667981
877668
959382
412419
467164
40344
14029
615056
254939
32692
487014
836041
425535
65058
554846
908875
807379
197889
870867
398781
748593
21976
580876
719825
77277
929255
142431
1065
642621
73689
130243
760406
615033
91223
102387
846907
913707
743670
180986
538064
422915
401168
453089
818819
980986
348656
465971
894904
584753
212519
863530
778225
761126
465595
530360
590793
545617
435007
294771
424091
209825
476862
288925
134848
426126
320657
659343
432052
62875
262224
651522
335706
684202
287333
289658
777686
107451
465148
514768
373912
851139
574295
429978
385977
832677
865789
187769
751741
772431
21650
812990
226425
701620
551618
996921
448142
403489
309079
173984
596371
639166
742507
643993
914897
845988
50295
625061
912295
844693
627337
988008
234190
764188
597140
9049
238583
21506
665377
985538
927633
299562
235108
841396
992934
626954
392809
693515
412709
176966
258029
723801
398522
949611
121418
250226
984217
148804
513802
635540
742362
380892
466588
979056
631039
397842
109027
516313
400529
611922
813676
59400
603879
446709
438904
769354
778120
874423
214136
7
957672
521489
440663
714735
74511
83955
952177
196034
333911
365472
443041
636156
356372
776357
1399
40348
228366
346935
737737
884816
881513
647656
564896
590143
859942
867910
17748
366002
533634
661584
121394
38624
212540
926102
530137
926996
458868
860396
806884
490557
109487
541450
8577
773074
322551
610051
101728
960480
229087
536032
266376
244209
467941
16281
567491
872410
34736
587631
151738
985378
3576
23273
285083
73994
692740
852585
385014
423038
890831
258665
677415
444630
722628
987608
306286
598665
36649
258059
452507
29103
733016
203234
218724
218480
622887
891896
495705
558031
514729
258310
903022
361741
541966
671957
515831
833467
559653
7261
582579
994079
929090
631359
51071
996226
951931
496156
348076
649877
346444
127568
12906
975485
236378
891983
808675
280322
418389
859674
906660
626383
772086
897501
258614
475303
914344
717224
206475
921061
115203
8072
376468
115949
518835
304513
435503
437621
33783
259947
657662
327658
96709
71847
425747
165952
753164
748668
923271
387609
856337
816913
966698
111057
721723
264713
34708
942756
923434
986231
546138
942973
985409
744700
467613
894427
901956
54532
9340
416930
426717
433177
369833
459516
787385
178978
537113
187562
267407
926333
888085
94763
483329
555956
461742
586247
164891
234206
671757
510904
215160
588821
780840
759414
924035
617615
68689
585310
175771
490715
787497
374078
729424
526266
803953
32319
832074
388760
284353
625263
487178
548901
560529
462571
132488
672661
487604
278630
584378
938288
505509
140504
326966
534550
197050
931653
788846
855699
879989
489512
980443
150619
461242
251132
526965
376738
671770
124584
413406
319834
177933
225285
929502
912330
878463
344781
508297
640392
907969
938977
706109
259411
896096
611446
785672
659791
86355
811742
301478
909021
907853
4655
220455
180886
589427
120722
586863
470629
694056
558057
807896
474046
766147
219294
725234
795327
998370
636677
643690
660513
747032
535469
568968
576410
702274
201800
160210
155795
465783
245684
201934
723969
481949
84389
111013
665507
529880
605169
950691
774486
367902
167032
471195
232792
530150
551150
271208
941591
725311
384071
840398
743797
644157
994174
622654
23067
842638
502657
484024
308727
328298
631868
481035
257043
376745
174336
709432
539539
434542
181008
826485
532363
175553
852360
429325
583419
343611
846187
667748
135272
532442
625351
194136
51991
79669
826631
817412
869993
489417
176021
279518
938766
67185
298601
327616
191143
1012
301043
189700
633916
108664
306913
343944
24343
329429
318605
593809
801147
428101
635911
905355
546052
68535
871930
152110
404892
695362
419069
590973
451543
996407
913912
337704
920364
12367
949489
153682
570385
626115
23090
602029
273010
195387
986073
692224
741005
605854
399676
801034
246573
774984
874294
483905
987584
477082
223635
426419
662039
902506
12500
945486
183355
845019
889567
132603
950630
107912
395206
497828
55653
394906
953458
506390
166792
257081
472107
153218
552130
682271
714759
710110
667748
128456
389358
650217
609073
366918
573446
685067
204509
584561
442559
938010
190311
938939
795388
88953
78736
603361
771356
810395
33270
558717
725797
25637
626834
855032
605645
870258
356746
399646
945444
72112
68788
304266
848353
486375
16553
110784
996231
468058
774977
538329
602931
679238
992432
302425
372997
288455
705468
82460
624489
665946
24282
272943
113729
674493
207717
951036
745392
610419
145658
273629
795974
727012
632114
265809
756355
943456
631101
213644
677770
364740
934231
558888
635812
294837
768490
225338
758957
709194
441920
374912
902431
922886
234275
588022
914168
222594
737684
78407
264459
262249
996260
800097
672801
70109
723569
437793
615625
398968
189312
74349
125891
965293
875956
295649
395013
395020
292009
295457
28264
289124
601840
289166
459954
826754
83687
253716
179904
817048
94835
253151
673872
843450
159709
976749
596329
148033
402118
744575
373095
774162
898952
718953
372839
655225
407019
686793
439883
990382
281473
714004
135274
137210
807839
326348
305239
478899
715128
496782
503628
622691
503383
399815
827700
178567
949560
717191
217490
322355
496068
886061
257553
724115
155112
58178
845288
987788
736977
132130
563497
981376
455622
825493
248615
437809
296673
117117
427074
699773
644715
62887
298385
721863
59091
288579
755370
602998
206411
382961
582864
530071
732928
436401
774138
322270
42356
83837
905468
513866
884025
826099
753557
930534
715531
152809
221908
51755
534603
872357
911911
937475
292308
68389
711233
982824
225724
601496
575591
886059
596713
306160
70040
46289
984845
598479
55831
850456
881023
974942
994518
287895
988279
894589
40385
88195
770150
162964
7523
392462
270192
622216
543545
472809
139399
247178
689938
802154
77029
59017
488415
147657
585701
848263
104221
392837
436863
813897
470363
567012
945055
757224
897898
53271
692448
979333
555617
184635
921322
734298
402378
867900
511652
370859
241709
571476
380376
40091
591670
750386
575139
544858
397957
994037
564629
965884
848851
330839
452523
447013
584124
613095
838438
356001
678445
430830
946183
273296
765418
828531
488490
707198
573244
695707
457980
104977
48694
129000
488859
497627
232163
509858
529097
323856
162318
163475
717515
894481
906414
868395
329572
938919
832427
315332
526825
718795
666065
74240
845121
3617
914384
253583
229371
38149
815981
735117
321932
168958
373129
615624
55395
541584
378764
395679
73451
872622
859694
325637
205725
208203
895138
384933
302078
551825
448671
208416
446012
265899
696844
861170
409953
816509
840199
220530
334898
331635
355922
692024
106791
493815
232730
546649
860358
39996
494630
38093
376030
639672
714392
972658
830429
579438
486819
352425
916302
354473
877834
454046
396403
410693
343376
116774
916539
675110
286402
300033
583649
713740
702301
857214
340385
839935
401373
801790
152790
822756
665187
615248
833077
549170
620802
496572
660064
914494
385958
42459
71208
124978
670881
430755
899874
22364
361811
291201
198756
77538
651318
147423
103261
181716
11140
701381
148430
115610
940677
469979
909737
863372
259384
410893
558980
368737
261853
162247
102970
156286
770013
960992
79903
749424
994327
720083
924381
311221
293640
251175
404271
271541
751446
191025
29690
746190
198393
101424
801475
454668
668615
896022
588945
950456
34842
308006
265248
820871
276384
11960
10431
463156
670974
170842
264903
636008
104353
361745
489208
270868
637028
960189
272113
436513
602775
541274
486028
663807
381682
743650
797396
820826
528982
932560
894755
172523
199804
58304
917725
591147
635452
534643
643139
603746
719932
374574
607028
141277
403379
308929
154310
993917
140185
772773
895869
280364
85741
535423
459174
397099
588642
223681
90451
174919
381543
877552
619124
212650
49810
102144
11981
530958
2152
717723
635353
178956
512843
950528
26235
881107
592001
381512
553821
511860
795101
248197
492328
472921
79052
601155
447006
501270
891966
454064
150231
495896
693038
486232
495830
972793
77520
615240
848967
338806
784022
994452
404247
92664
724832
102069
552560
315406
174462
804938
68368
573884
404258
832959
139397
723117
222439
337547
421639
114307
262008
154131
3633
135759
165214
250348
999005
622428
75498
589438
977884
821670
168955
24771
73295
784104
329325
574447
259814
890515
706655
632554
123314
400794
298654
258937
486760
561898
952051
267770
726708
497911
297029
65806
590391
511922
714669
817297
285663
329687
777557
689348
900962
216674
435467
789900
324503
774433
565736
33939
23985
716965
430359
531597
272984
959634
694212
843029
501222
219862
648419
939957
159931
861622
703706
931525
814205
329732
422412
545706
500783
580333
9411
561280
553005
641903
181049
134930
633857
40359
110083
302022
560741
223176
584603
707350
165526
533544
134088
724473
668434
374132
704236
634400
55086
786820
269738
583643
96725
429834
933362
266332
808161
564771
247082
467092
788111
443984
308538
76090
599139
505726
961460
448042
320343
213697
70559
772714
6337
557599
151135
847047
229312
408201
573890
386206
65634
254053
325097
828662
856086
812870
112977
728459
751112
603837
880829
468454
706591
256585
930562
556007
585551
974633
400622
253285
563547
648659
375318
337708
320363
37309
499899
199077
807429
926552
775512
679699
849643
917404
924299
442937
422865
190910
317341
669850
724474
322495
239664
223448
727406
151902
64708
963646
12762
313326
311590
853657
942084
631554
300149
413569
631208
298500
445266
249269
201908
913061
489251
7332
70813
498542
517316
963208
298844
265269
887692
572205
521737
731500
321399
464400
180690
561556
828533
553186
378008
811983
26318
851884
129318
699986
463984
504076
53582
967033
882263
287517
407778
693236
879127
936821
202700
329695
661641
555911
565771
596464
709328
621929
731850
56969
963143
153457
129439
231982
196360
307448
953309
926096
532379
706432
504534
292040
62330
805810
318896
50975
865342
347072
448994
442122
723687
657257
779852
950899
353804
714011
407985
4338
93085
323698
891026
510619
455698
155870
227623
720304
968499
438627
218748
328567
720066
910075
403751
97383
15880
735894
99746
834364
485179
613441
889865
914282
639433
517092
804977
150509
885699
614374
850466
240191
557673
155819
386099
324259
212878
656445
709377
408351
753192
497096
518923
563398
443446
543295
940525
904115
792782
699485
316599
938834
638594
832902
93738
948376
711150
524748
152078
249299
385761
73741
676147
705435
647142
721785
694658
692264
531886
740849
996350
737022
62875
182923
422749
173635
686251
650034
844221
42929
38847
897322
325125
164134
113287
756786
290905
30296
133261
422850
674681
958631
205082
426868
558647
762379
969352
649279
794963
494636
179686
942110
436148
762577
4929
52879
757381
45360
476309
406519
770154
745251
626704
464226
922206
947452
245567
618089
230251
114543
741720
77933
342724
547630
86498
807039
276162
222354
334981
534434
945337
411700
619498
631848
658935
998684
152142
60984
861849
931601
486569
145137
437897
935183
218549
458345
428823
183383
213021
513039
254579
634976
236803
960110
404677
388203
276718
995922
689833
975028
699279
248005
182410
819396
259502
958450
450650
96740
876854
576299
580203
937580
770201
720454
979821
778809
444065
599586
911748
48252
449237
527559
508741
642991
34820
650796
192782
521636
356016
61330
417727
115190
975450
737741
90713
141600
47335
884706
440625
910060
897516
521676
474384
120451
280411
148505
52394
856611
591945
858802
96570
799536
144411
23415
375222
233185
490573
727816
567988
504923
331102
564321
44377
890587
428763
127261
872889
401292
766663
386843
691345
200120
387044
153278
645788
952283
557025
71886
968405
191379
269408
279804
354122
546932
966115
898178
755098
31033
232402
645865
295435
245973
223531
234084
673098
81831
811462
343834
142208
679691
712260
916545
37197
275724
613716
444710
456419
61048
34273
661641
363010
30029
222492
586724
443659
449487
415009
325004
961988
968059
737160
706929
190439
216661
790475
466880
46567
137950
13007
591719
564736
454114
419985
762744
521593
954093
856430
46503
662521
736734
129806
181421
364355
219283
575279
671375
264016
433412
655434
564345
428680
151724
181283
378884
678684
40289
191986
907223
428419
358469
32873
321705
674766
745685
873378
290852
903210
742302
172647
399269
644018
682768
954909
537504
912495
596907
197197
800545
361517
303254
693520
739117
673914
539150
48151
155015
545150
489595
437781
402190
602162
733023
17737
78916
572606
80359
765163
663529
260595
889700
55154
873158
915618
597971
387712
523781
582871
362328
972907
154237
93045
988234
481129
132748
918319
189223
749911
957917
711713
22696
584294
939850
533001
376560
490403
683291
246565
325214
686305
726315
862121
758785
843396
642731
799133
552875
989613
438144
910929
881054
363773
600200
284222
920292
334600
614202
542267
253115
783576
855403
719832
918892
907483
58925
277787
171132
708522
33618
359060
821692
951734
636430
938079
968955
638097
6395
828406
33052
546326
73717
901168
566594
708407
897509
255322
357991
861089
291548
709233
575884
319822
967957
12985
214027
695078
628125
557884
356104
280467
146126
591522
492230
739168
976566
234474
924118
454092
506647
315459
940329
484849
499720
939209
294279
233036
5625
760543
678616
552553
37780
282021
167328
744300
237246
702166
653960
47293
645756
351233
972119
329233
202163
2466
80320
930002
160904
567069
982356
647531
462182
780054
646552
71665
86365
339247
147313
95281
855207
811359
518012
18130
761543
453547
120378
278823
608203
549380
414888
329684
23472
23422
737133
364441
444900
846248
913005
328704
260710
124428
172987
457375
268106
795204
619691
912011
581016
974391
374596
425177
355220
929583
656597
851474
804825
121432
882399
391538
431903
787032
841775
118109
226779
699973
645391
833183
150533
503111
927634
969822
285685
222156
522958
592351
657063
408673
4391
452401
683102
895220
680773
366905
116516
702755
975143
554715
347182
460800
137553
901443
536734
351524
469985
763149
416035
628588
96576
346263
801340
935317
57523
287136
786777
322480
799825
415837
761186
915010
225807
365976
801105
965818
564535
764933
607930
383695
836600
777251
838827
855350
943958
355531
134830
338301
195842
479321
542315
109639
329668
968820
365930
25636
914580
50299
816631
537740
576649
725261
520478
687225
776809
973813
824662
716958
218079
269105
61562
726983
472266
447645
309426
928526
932849
551233
298672
387447
468757
537396
878358
89577
223455
833515
912182
121802
863545
967393
924081
850165
484537
711205
473792
809946
766839
967291
947921
569587
827647
84144
32585
902303
277666
703998
451048
932957
376999
364183
371083
872486
763103
14225
53450
453414
16214
719983
131137
914265
974949
153096
793708
462719
917925
412887
412588
419387
301310
780894
155174
661006
951581
138103
35275
546602
80068
430008
446002
723638
673979
721282
945376
921630
169764
129319
941610
78227
842988
989557
775346
585318
722526
779107
82957
604604
992913
837015
900933
681263
139010
618898
208698
335682
299452
960633
153699
540286
995571
327873
503410
220205
378545
944501
164438
209522
685672
557159
53722
807747
610278
584369
171690
160709
526630
975718
838902
147715
278466
122075
76527
606346
49222
812363
266159
558883
654113
849387
244981
856813
545269
760395
271501
322135
35405
76453
688079
228600
524910
973446
462846
449611
917254
636438
837968
681674
852801
46470
47181
677733
460539
882324
416080
922207
61328
150142
934826
896838
613070
360705
215334
619981
393676
646284
925928
345735
12052
191174
495663
265538
742267
544377
488185
210046
183570
853721
370182
226633
731189
384885
407732
859832
582848
80889
298057
749892
414114
671005
216976
615934
21833
55726
692442
201904
575165
895735
2981
914066
844553
719372
807963
242854
394707
969970
526705
373232
660173
32494
531696
942613
609092
187945
111889
677264
416790
500796
398976
500299
783105
364382
597763
315744
259286
54439
966836
77739
499276
258944
621418
819595
289072
693482
778870
396406
917178
732071
192457
647030
391996
150472
769715
253380
657075
387988
911686
546303
858944
424978
50585
379273
854768
815860
122408
517567
18807
877856
264217
851922
123900
420572
802010
52359
598926
490837
986213
883463
650804
216523
54501
269731
63649
749789
293363
881065
113862
381356
674169
369500
777858
717999
783415
759570
629685
892115
746660
466671
235762
516364
286764
714105
489106
572541
208408
990169
474661
529344
45260
997741
36356
589074
100777
103308
51714
384350
899219
109911
411841
426404
195212
719992
150048
214854
962047
579770
7186
658031
931289
857349
347210
949728
470930
844596
771666
429017
18442
950549
206971
977632
21326
511228
829295
676273
931385
683908
105314
742594
842103
830820
694183
969073
112805
225769
547167
93260
992276
642773
164364
13117
738797
222612
116228
697040
226798
216791
732928
876323
700370
421072
459924
934057
579535
557576
241721
273050
161465
644384
135174
30843
35076
860706
79870
474309
432679
52291
297922
324085
685403
908535
634791
494703
108738
181297
533730
883727
279461
218294
752800
359374
854166
4253
796082
38414
868276
609573
426022
298691
422669
61362
147313
868541
811038
42662
385736
315862
186101
356120
648333
817844
227128
719092
377830
767739
504446
29679
990570
502034
926554
767141
158965
772241
539513
204368
874651
68868
41697
63591
336377
248670
286809
337873
219815
444094
366376
71876
531017
622870
830837
98559
531333
100286
172749
566880
351439
346772
385540
608738
756063
475981
561330
214007
723973
52509
701535
248958
293395
586047
679417
852705
677240
913121
42817
330638
271404
797040
380679
200464
562439
603067
620746
215817
883757
618630
145089
148174
75556
971822
502775
417823
694086
436147
399313
772226
941201
959655
468779
497531
652636
464242
747169
248553
484389
489279
592106
78335
225925
295431
416606
20894
132868
502648
267608
665548
990921
609601
656822
574292
378858
700093
567741
102074
605730
946105
732122
250136
919648
295588
581635
656025
361148
404370
3708
593745
309316
476909
164534
356280
1333
755896
717841
291842
182278
362881
669698
346268
927645
598115
890256
900612
423525
651573
646777
218949
554807
340563
672305
180430
122997
505415
274762
127534
435190
981203
948655
255727
265115
418653
21962
217612
541760
144439
16134
744528
268494
27851
801774
762316
575918
523168
281396
715252
76888
535883
995150
862166
656393
466100
425339
899000
178451
171331
257252
815950
268366
606952
602141
125653
446764
357957
662282
877263
896107
665208
703711
931483
773219
948936
639103
339696
124543
879915
545094
45558
462984
767601
131810
917569
913629
648081
281564
504426
78911
854031
15989
869644
329225
545478
21611
175192
729277
789079
363867
647830
601337
201070
465728
539449
405000
109614
471833
709469
243540
70713
890025
938719
377337
362845
256280
823577
1206
527454
390007
668856
905853
343580
412961
525244
666154
744737
486908
558348
587408
291977
328607
669172
981486
691214
729038
391868
740992
910511
573536
289190
675122
706941
870978
745731
947055
424322
36948
61682
64408
541966
284849
394934
945553
290527
991308
276979
85301
334316
971573
934725
646057
979406
616315
206269
235022
507724
701804
719289
804048
109377
645624
315551
597532
217900
751092
112182
88750
956692
708794
373537
562952
859030
357293
140472
842366
664717
575322
727876
554030
490268
347834
206999
833998
857818
194068
708102
52382
572955
164031
184773
260348
721303
975685
76957
758294
345082
50467
705100
695417
786759
928046
871609
32264
403946
916559
889170
727113
725144
128239
250180
662938
285157
779694
545238
751937
967778
260556
467491
923745
574000
816234
824370
266823
875750
44651
277171
962084
878106
670133
97561
621142
650448
67092
458190
405918
921533
261693
523671
218998
686710
903983
294918
378812
519866
398773
727318
611207
791000
718088
591014
460635
434302
379026
964629
291959
346400
913294
984438
877067
923201
686027
454768
558278
580833
749967
974453
771854
616772
342488
726429
500745
447066
307646
59742
52376
507920
200948
831594
870436
502322
886893
439078
505872
300603
865307
251394
200846
907003
737426
129913
130446
315235
554828
796135
483536
881200
697285
206914
271514
632626
365831
601142
816326
559416
17216
740513
840883
456026
611279
311080
90012
102755
367069
474164
642885
885145
988904
688333
182801
778281
866203
271441
238833
78644
735065
91536
545591
333744
557017
656647
720200
401212
605611
920120
362032
650949
944857
722914
679824
84558
400553
838114
837362
815711
208254
579238
624189
774156
196766
623242
74052
97056
101838
357585
762424
64615
621977
966273
717822
640469
815792
714971
82908
668630
641707
477749
861772
734387
426733
292406
87731
975069
237414
14190
228267
717146
96115
267983
68412
58889
550176
358540
490282
312915
91469
77133
424808
571760
799534
240204
114602
485267
277804
921999
155032
360436
639017
200706
790430
867064
88865
284208
454688
674110
977643
850270
329675
923208
944671
299780
658247
31044
594
160489
739785
705206
945853
535898
391172
692101
253372
493830
268927
828191
656946
344249
385986
767945
219081
749811
863210
703110
621399
317028
327452
491363
785244
759431
904214
815581
570856
251928
606945
37232
161689
958003
259043
311230
277634
191947
479440
156888
319144
83011
975489
435371
187494
937004
620253
960714
920816
427676
820211
844115
228916
385063
400298
54081
827164
607421
114320
791630
578672
111072
527630
561347
377881
858432
632700
360285
695361
798004
529809
391389
75413
49815
611443
477613
380716
411261
948653
970794
24897
578001
248063
344530
858332
615501
313166
523147
865232
857300
149820
183054
456413
560239
701970
498670
870837
385634
201370
282441
102620
184042
805322
971402
570088
96470
637082
946392
316392
863423
960695
399390
712545
774310
762192
172152
168244
318888
992013
81783
938075
419168
651615
182993
432530
964953
718962
847208
149778
567726
835584
223157
387512
720001
969087
484945
425989
971796
345274
752992
498495
647943
525374
599066
940788
49390
389674
954167
857630
655950
698346
183990
391202
815989
189629
876235
446451
538611
964017
983203
983379
198072
650417
903701
629818
494795
27125
148518
181839
757221
503383
416121
794835
110824
522118
343761
619421
848767
567443
358149
605184
826195
431657
912127
29768
250726
504154
212464
812643
690576
961812
608596
184541
945940
17074
249053
502276
462879
560430
828543
208618
761500
596789
47127
522633
631478
198291
172472
184321
541227
537293
915220
400700
611338
230350
192324
619506
22281
285113
278836
195848
4485
667549
315374
793236
705814
966086
296193
705916
823438
177392
399118
295932
635151
128407
989102
970885
361926
895082
24515
374339
169736
258142
805210
134263
473223
923678
151738
26691
646512
198367
901132
730501
948325
997522
501734
399258
730962
305715
222710
213956
432558
386239
472263
166566
740752
839938
171827
617708
470571
367246
744678
757383
308456
166023
371402
315862
268191
363932
719188
640864
424177
31696
511531
706046
796484
471606
578096
568726
522012
295483
819310
517058
382611
204189
948127
857294
226613
570874
604249
915296
501562
922179
232788
721715
29344
614863
629976
732667
188901
560588
433031
985645
877470
473360
926724
756183
570999
415182
786559
926826
16136
420451
82655
546328
196367
670288
904970
929752
225488
71939
164564
573639
107910
381774
561281
569256
589316
34169
672569
753100
937069
229298
41479
161357
888204
43043
294541
934132
358289
789340
277512
56890
982185
236975
121276
728492
573881
513179
890876
96615
371126
939936
429720
444547
63715
700082
671779
41421
194280
800200
318239
470444
738124
308243
761096
861284
253647
302540
49018
161017
161447
744038
185215
343147
781845
319203
279929
784224
368546
755267
973480
579744
472571
408918
351577
100666
166502
756595
588716
594115
483744
307713
822080
493246
5013
954738
745981
801495
107515
473552
517629
887306
997196
701423
58647
244257
304030
793411
126090
913370
50528
151690
773187
465382
859123
909929
37899
302222
804195
197781
179280
909041
543232
336936
316879
157032
713117
829332
862298
658890
529700
949683
987915
865739
175572
547644
742277
477823
814361
554834
458659
952253
850311
304054
738049
405790
562930
454365
281891
158757
444908
578141
430405
834040
735388
973953
213311
899149
620535
990971
575381
37280
250078
346361
909913
137312
209812
34704
161149
602986
330714
843413
891385
819756
69481
158027
271317
474540
41420
138742
647508
858465
340439
713038
337469
428927
993479
957135
464007
891408
166776
563309
240288
876286
344829
216037
656090
324973
392608
741743
523186
546693
77366
698256
393087
935501
359069
888267
780532
727987
188308
669303
532241
445352
636216
880108
146540
87528
933591
576983
720728
999383
86003
528429
857775
790151
124949
915772
384386
525910
198794
631901
360409
593460
948863
771014
337193
24899
295924
971004
30225
273239
662432
909925
73104
680348
629538
617980
953608
85335
429214
871197
322727
450437
829500
775360
815480
496543
500921
205506
811589
380735
641832
881183
183590
155293
888969
952573
24427
183730
443012
611233
801697
976893
210819
998916
30085
982947
16041
438976
912067
785137
553586
954917
759977
763006
637288
661545
159917
142572
572287
802491
835095
453837
456718
106680
714188
652257
24618
776887
812921
558525
511521
4735
536280
294728
825936
874648
676322
907744
768097
73726
928017
366362
886309
777010
385809
31781
517066
508972
239234
688079
627961
895339
966892
757922
981967
383148
442304
140519
486005
285305
656071
188362
817566
856600
605802
160413
158812
500901
502236
348663
419680
793274
29224
499829
802188
749898
637138
310624
192439
580557
942189
120751
371452
483413
419705
909859
57343
338816
180150
952912
145214
700742
633353
331644
62735
832690
762762
609632
21051
951982
573544
565515
146679
550518
992954
775142
91643
452591
85859
449490
121986
860369
242464
924718
171292
643134
332401
659636
300531
392375
392481
799555
491928
366116
150516
281335
89097
136784
505133
266996
659074
197560
539705
520002
122876
329976
392763
942674
497926
789030
834293
512735
389503
412218
953679
217456
889198
234090
484039
403450
915902
36501
137014
135714
296857
590741
354747
370847
827231
20663
268038
248254
248067
230919
878019
681215
155010
767812
289696
326429
102273
23410
807229
135083
246851
607503
724336
591130
315204
950301
532721
135319
718708
844318
167337
120529
673875
342750
448146
501080
833189
132458
13706
408929
92755
929630
369914
395302
175262
561948
277021
796778
691264
434329
551536
458970
11617
251537
661685
367503
180530
360347
37411
833776
887594
6039
260269
359349
766363
300419
52653
537990
469424
85357
582893
361089
982469
259651
133010
371803
12835
505286
365606
201502
488471
264157
670720
42256
453869
742662
326354
295668
261070
743591
226575
836138
834419
104899
91255
171505
766853
135048
505984
584141
92883
315524
26338
32772
318447
81016
48896
283202
473894
439813
993902
938460
221145
770883
865187
281905
799356
613489
355900
277805
993195
915270
615210
131495
286052
357862
366906
707114
175333
250864
856192
604433
83299
454708
566879
315659
911780
74946
713974
284927
667898
768413
42090
986569
682012
156943
705548
389793
123682
941398
328295
635869
343709
913084
48553
608589
999824
161028
570987
40260
907215
370944
74655
23926
198771
214080
770517
869885
37239
43621
138858
295734
289459
887571
938125
45704
593394
51460
946223
851780
199410
853754
352455
661032
544951
156301
365247
320510
723660
99810
418494
562146
90903
867580
549459
647136
804248
331820
570171
533435
641406
298660
650703
263947
983078
308586
637133
683966
482801
353128
473985
373503
963072
287903
415055
383923
600398
335548
552608
573472
757163
682051
923175
514152
165969
4072
346255
934964
9061
711805
210947
274220
773963
683908
544089
514210
728806
888998
470683
44814
828139
175549
927604
891188
853345
845900
872628
209378
786231
487694
619456
581461
306433
117675
656793
206395
252689
502727
265863
348372
128302
848053
499041
844850
271412
425290
771324
661855
827143
595915
575086
110621
148981
604168
952446
101896
187368
936706
830762
994008
178116
154247
862931
461315
341731
337631
621833
310783
338538
475231
505839
788069
504200
185562
325003
947377
565835
713079
963052
156838
388510
216030
804024
460686
563683
522956
995345
411615
55401
45831
956004
184506
951946
241195
369230
375436
830628
961250
897706
970391
572530
679218
798651
715403
716742
636080
235891
617102
327845
627602
135454
297179
971007
597538
834670
167430
645385
416207
897955
49950
639161
194334
403799
431467
546269
27773
391971
851414
957657
601016
802289
466984
638139
39109
121120
500075
703356
997561
118285
83628
103766
280989
498821
970082
591932
322396
594627
637993
678459
43859
383207
569959
113899
74315
597366
133135
565969
811267
29896
314692
686741
83045
376018
123093
5146
205723
233296
122023
587967
241147
962895
883696
15922
818718
534484
829855
18412
459534
398701
561306
926413
673693
503762
383775
359700
890131
991798
520076
194810
217087
749488
347194
408236
939566
799553
311299
809124
732986
468481
459876
582627
891129
740011
869502
195533
88151
787585
654455
882720
330174
504605
349629
620370
801521
787350
363243
969095
908792
401675
153412
218412
661238
625167
642651
797939
398870
813873
698069
257003
260708
319974
704647
114874
985016
356565
148665
958586
715916
731967
687884
44014
576111
345802
234615
24416
166611
991273
959981
867672
650688
699433
513051
137851
27115
620633
589773
760701
712674
910423
111152
496772
412574
148147
392690
798747
675643
273091
272518
681615
819587
481731
95811
356522
50790
117862
243372
737865
484038
70141
226954
812764
756783
560899
450422
828282
814820
842499
199283
749535
784724
490982
157879
45955
700204
880477
694730
442199
668102
136871
806984
256926
160894
58559
54209
651430
431589
107366
345407
525347
890511
556552
490279
988774
110599
97933
182136
837247
184675
514943
593393
103916
718578
575571
303503
167868
527953
184726
95220
701956
978589
558645
831651
607485
416898
505705
853096
27129
425970
792573
159445
449216
107122
932989
955238
996939
538574
119997
795334
711644
989613
926659
257387
534648
830143
603986
478428
453826
850963
86036
73042
774774
44420
487267
690620
872446
859987
8692
567901
308
509521
817440
536785
464373
282867
187728
864429
941726
379656
668357
646787
480742
505542
418946
17157
987672
834112
530646
916545
705963
352180
318793
9034
866943
606912
727907
736951
913975
770293
862675
811333
383661
643396
221059
900760
799062
169557
427382
139166
362612
437047
244634
339092
69746
863153
58672
164387
425503
625975
13076
104226
960586
690873
926187
676607
53046
880021
927401
230775
945658
60716
577341
118274
573496
909201
795161
528141
445239
363038
287905
991263
360608
511777
279279
139677
549266
46900
737921
824041
536674
237930
213824
476772
41074
982693
463725
828372
461996
557253
801258
845473
900444
314235
148579
862138
982184
319483
56791
325013
304108
810384
787783
214291
439350
703945
327097
329729
733595
595409
958505
985851
395508
841308
892237
709163
87800
736766
293828
562095
917751
169750
376858
294809
534641
1127
565818
706127
913233
898503
152817
773523
375817
161392
881562
314397
155403
263091
953644
675812
484065
999885
141276
778109
984489
406546
560624
754266
101233
409862
222754
717235
874603
668171
929261
502721
107917
461300
518839
233127
744711
4023
314202
274988
316898
91713
233552
222499
450418
886116
414075
700588
41079
640428
973135
889107
314134
573199
315805
409941
109231
64770
294012
887299
709019
904808
351446
24896
577347
262757
209420
561444
711904
370321
987399
729283
361994
117449
430237
9544
759807
269983
506523
76218
479475
551153
860597
296289
143822
981271
800455
862530
634951
711158
505863
175365
920539
306801
798922
816760
40425
808832
42351
73772
809005
457625
188460
928829
678743
381386
60019
634095
835975
406312
87104
980404
741608
625121
486466
12235
110822
845294
487011
883138
501517
521701
489078
983644
689215
64043
801468
482189
888338
92615
225043
713762
708292
71825
828604
737917
86939
799881
715335
725694
315358
32644
537437
829822
761065
164416
309546
752821
682289
87833
895141
811003
839189
377877
370429
62572
760348
344665
616546
221476
273617
445439
410028
395817
667512
28991
648044
53928
727212
443018
214926
269720
516374
629365
632167
656059
98700
935442
265569
105859
711684
166683
648128
673297
880243
323720
432912
528536
718470
123328
984429
227296
993724
432555
664303
400743
585566
868134
23152
619298
28572
13776
10107
458849
562950
867649
424402
858960
800099
569371
960220
72857
752753
428792
109993
346727
538106
283843
896291
173830
686736
37091
706772
976166
499685
481233
997902
982719
595465
92426
545403
66318
723584
593184
582273
962365
575423
537644
145617
406240
667267
304286
547021
143964
428879
190581
698004
633570
225152
624009
723307
876057
768398
821381
594185
738970
189857
983091
219327
347669
642061
746096
924610
747280
580652
229758
638870
682192
801495
731448
509017
155792
300801
268704
384746
262382
625391
344981
808628
699621
36504
655840
800923
554485
462741
322605
786305
568735
828740
932630
833845
6476
662463
199643
49465
477326
183924
500590
300590
672062
847265
153515
60062
75203
7215
106789
190374
256564
188199
662172
582398
524693
41685
853258
310758
422078
372152
927324
375471
154650
250914
39998
850404
401482
365683
754383
19539
415465
12076
531188
472571
830827
168434
267592
348691
355038
58530
916017
840757
776339
543499
682446
85989
198678
7692
980364
958210
235416
334603
862424
337480
891694
124623
27119
467904
293362
418747
840849
850949
341959
982952
536019
370355
406075
857821
440276
377645
230021
751598
271816
55371
565997
143918
721008
849567
648395
328018
29162
259938
258535
879971
682916
511232
12736
713055
750892
833597
650216
395565
749091
957250
655628
329788
268753
648072
206482
660343
953810
159904
46811
819686
466541
440348
790375
548324
79365
435806
824472
670521
68712
853563
871823
530003
630724
107467
870835
15398
993402
99087
649872
66845
723915
951167
316571
910587
960496
681392
108116
637139
950086
3167
457924
643808
319077
282781
828710
648194
172433
815126
220898
994774
838729
767615
247668
69296
828285
946268
251307
323832
726365
97515
249806
871006
657421
803312
861657
979899
200436
387294
302181
704325
440116
714143
58469
365359
780532
189952
343500
142107
574808
674492
501773
804605
738258
295460
252922
78157
245010
674599
448462
454632
460825
736580
288518
955076
342699
609161
914473
164814
886243
362118
836713
853602
48480
719187
18210
282150
979741
544251
562431
124100
950047
695940
231804
122946
689607
215004
418117
305663
433159
614498
175870
617228
554738
78157
252636
618596
481451
360189
833456
34185
469695
458332
899716
534909
372303
719217
156446
80347
162982
286657
286241
854736
219241
703266
910227
799992
233836
194141
617146
566233
232801
303871
953887
88182
56747
617405
542772
7377
30737
806913
338129
2881
304781
581461
363546
466219
689668
260971
528573
415200
524433
999558
978840
809555
227066
680329
592119
576373
599620
25626
297339
829231
49955
955379
199894
6779
155017
281157
306994
726624
721887
744328
175409
51272
421841
638308
103439
441855
53636
875253
488164
811338
545315
867199
230535
681314
810647
304686
616908
414220
3669
498631
936365
733974
652881
706033
312134
459183
580496
76762
452922
474980
304091
36423
411188
8691
273359
607228
609992
600654
997329
66116
260727
944557
576608
320990
754449
855824
620611
771076
702261
550544
408161
779609
565876
559393
737775
333934
38036
716903
33475
394801
612976
474033
672712
383218
114813
37654
389451
112531
761319
856170
944753
932428
992985
661405
897739
660569
272412
292529
861314
646592
14359
465687
960685
651842
521972
390180
136514
634910
705316
182069
244456
674812
771896
75356
558762
957693
766960
132997
652168
866204
503633
426986
749032
574977
150319
962030
247786
392418
319563
813274
946776
564758
472725
894195
472956
460536
164306
319348
604492
880756
286616
101485
894785
561393
396471
744760
619462
301595
609458
50707
799627
548364
207851
888799
67192
619606
684060
171764
636415
929775
134657
828511
43082
304122
744020
914297
516628
367534
501872
330917
185108
904677
457751
373029
753363
906947
260239
969370
704415
476673
456871
539094
647064
358805
222039
228511
215207
722112
350725
559619
692751
591859
338276
988051
330267
385631
470391
948989
623287
795224
140276
284426
56219
202917
293251
284336
640418
297510
188645
665813
875705
991138
358834
966945
86770
752556
394234
740222
859576
894834
284749
759983
228573
898978
180375
851018
346896
989113
957859
362067
68842
278186
201088
997815
18663
761703
20929
598562
672753
39694
499165
740157
185368
628723
880759
966599
157791
297478
660281
119439
869040
527585
370329
26763
953903
265073
706558
735064
86827
806782
779131
96591
631281
242392
529977
948480
983099
867680
479156
768654
237958
507184
976348
665319
723137
373096
817051
826846
90721
68694
987574
366502
773905
615809
219597
258029
406919
920722
781116
330066
433394
830304
869156
261125
259855
2839
876932
105402
615259
127299
84096
15050
315491
497407
411012
79398
807095
849332
653506
351672
676989
328592
547351
855512
32673
297541
531660
467559
323690
200891
323127
942028
123752
525844
436994
823817
874250
557913
979715
863097
365068
436998
16011
335656
494029
562222
739771
15951
157182
860748
847759
697770
293110
710952
210174
179768
840867
532195
541626
510542
220
644895
588626
403353
403474
426317
337719
221550
755044
536788
874140
622991
784977
711387
817398
575485
852039
119859
265059
508021
982683
762916
858919
899912
831186
559827
688209
711770
263516
473676
301436
707127
930784
395698
345713
162381
145906
627968
424170
109642
31458
525307
852850
862163
199470
660342
857384
846813
600023
737089
893729
53036
150673
194671
478893
989542
440979
968771
98802
5139
524303
730615
665141
687412
954940
960488
128440
71996
890702
769569
711549
542959
244039
28546
36456
78422
532967
546124
691586
8988
422463
643596
37914
771593
850212
548194
43718
448408
537982
327662
658503
198518
807680
641046
975178
716058
262578
754229
220107
357500
667241
752419
521877
683123
70041
360925
109540
510190
266881
251025
157419
466062
228612
383881
18096
976159
141272
181617
332117
993778
975895
217030
216627
973976
577395
917854
34847
205629
809543
939086
878862
734494
704520
622843
55765
100648
960218
493120
636296
314479
777087
292345
495684
122183
53930
217706
128457
400963
228338
534224
827711
345864
870626
581057
468313
517388
728109
504898
749079
742257
623998
144933
645541
222392
56750
64669
362273
86819
650895
571808
639162
68716
898661
951671
109492
622107
337653
174437
106312
874504
455221
820658
668455
843181
883042
444307
588895
320743
704369
58615
84119
685577
39709
485744
573684
107933
82719
152316
768798
815224
423932
781744
626269
83513
1848
64064
963933
135006
932776
274157
460048
784066
57253
856651
606898
7415
858908
423470
933288
633596
550787
254769
695490
444507
852774
326242
378272
218786
775455
164813
643632
291003
372772
233507
430933
235498
517307
372487
557667
70563
910408
49846
37639
204870
667399
234832
10500
923512
509332
37575
189400
370911
994983
851491
227709
196473
274462
991599
539339
569178
43763
78660
683962
149760
736525
520623
663493
480276
750578
993090
953515
756608
645593
138228
970000
17447
547037
697461
356416
52934
611918
140243
112915
990181
232802
283138
60267
347897
3721
711051
422426
609945
196894
350548
987489
531611
919993
8008
648147
369099
531361
413026
60825
598087
632095
655323
985742
624250
185133
539118
413514
542003
56206
921477
683388
243169
942519
239362
12785
921773
415915
857387
739441
752500
28260
600946
780296
386656
549037
920608
233762
343778
53901
246302
846032
164878
193117
706080
937255
719890
360443
362926
722631
669076
475223
96912
907129
223976
1322
742294
12786
653803
903943
100225
608116
850046
69578
267410
732116
535458
81069
647020
507926
453549
232057
358632
827700
244583
339225
613302
763582
144260
866441
128362
443931
564797
172270
215658
8685
546445
718208
627187
337107
630085
499106
789763
370120
665292
378643
158759
58664
415671
98044
392353
901331
399233
114665
397493
16106
889575
973141
346064
213687
109411
52125
585302
437097
424002
797335
508423
720060
268836
63484
553869
685111
986192
964480
188900
556815
197297
79299
880870
695017
198129
89183
398898
646333
515697
880993
527672
555542
847266
888917
634724
424757
770947
960123
738021
126870
925303
187926
83161
991242
209474
218466
3415
923651
696864
168037
583000
162734
543874
787870
745090
157947
138150
465242
130515
142200
467153
445542
702822
458331
566380
503519
769061
842654
591417
444197
924364
732229
887600
377774
497494
896571
264378
219895
707526
631130
976137
542740
41811
968586
492306
569769
933809
159168
616424
964401
606584
256296
978870
414011
626163
976158
488345
931829
83016
382933
950104
818657
408511
666458
905345
449828
162288
733491
148577
277373
63117
247905
251743
793683
738889
721029
260085
4583
377572
260383
644044
355112
987093
401137
314419
426597
665427
481346
529149
212317
704319
515774
577524
389042
425393
464379
253437
491708
187421
62422
819274
865402
12322
156604
200885
77732
341423
845637
513024
879452
144082
344634
409958
563266
470815
645495
207581
237990
587769
50860
780907
6937
343552
205949
367138
161884
385879
651529
385338
846394
124112
324552
159177
906674
489463
754318
392993
110092
441208
82028
886214
23628
120493
64053
776202
63620
313800
85022
56135
635652
569049
625663
854841
386285
995261
966006
364597
853988
82660
304043
151754
530786
18621
335341
308979
762663
169920
520123
510197
96206
121431
37728
880475
804028
338410
718389
979084
662834
357190
697866
635718
643843
768361
774688
58425
56287
580396
26125
166914
80781
344333
550466
998082
884087
362520
519465
907163
701023
851378
41768
691143
655984
433794
245955
261652
598447
395965
11806
598272
30416
28172
976159
912045
598629
882587
66866
148545
702833
566208
100838
80924
425947
853702
149813
45943
900414
34198
374305
848150
333789
751425
521337
838057
606068
240364
174843
802693
125993
71641
207763
731833
268450
784846
624258
602128
959600
11492
47770
918819
294312
945709
625253
44504
493907
446979
658726
571707
405691
391658
289335
78583
434278
692257
338193
628912
636319
736842
93418
495872
624367
649651
358393
668109
65707
746816
418389
219396
959847
921079
340667
879284
469384
260008
202606
470601
137911
413687
511353
336419
271602
3719
946896
781138
208444
496069
960085
623665
909749
405966
52534
689564
917060
855294
703027
501903
955952
573462
682109
736988
123470
552073
319482
704840
431701
12899
4965
206851
409357
891927
851859
443523
957478
597923
693328
112828
108453
554978
944232
813950
589369
266798
108098
662442
392812
952815
239334
796562
160629
142405
472222
963884
941482
57486
422523
423219
348114
513876
352559
516123
264473
297046
181527
884463
769116
450609
589596
945288
773668
127979
901039
914028
223089
390620
241009
605888
260523
551354
529013
419307
986685
442943
733341
957449
611454
372729
587169
757257
835588
727854
795310
656292
606685
747561
725802
742906
798360
59110
654294
94155
873598
426901
449677
160590
539167
843534
486697
43826
781830
475282
28933
95406
939598
236986
875484
599751
255694
641855
743568
624926
402543
487909
307591
448243
406495
524484
812144
988730
579614
452340
498723
935960
882038
331284
5479
173946
714184
797559
212301
177106
811840
440749
754937
299120
260714
516713
640449
693945
784926
332948
429293
88006
978903
714733
50590
443099
738786
658714
189836
479682
459826
521872
121640
710339
785872
957660
369888
942531
920751
68428
701569
665335
735774
763900
536502
896195
696150
598912
456622
289843
305907
438571
44764
615124
982336
999098
698840
626736
446699
421025
491427
618213
234455
540463
997959
595297
725072
792352
439645
417852
929498
501759
305640
300530
262818
777206
407839
606780
755414
663220
115272
594953
560080
783609
196928
473310
826029
805505
367063
690823
173884
489162
766936
19768
980562
864580
523366
467782
534651
195029
718529
618299
441739
524294
868840
667289
164946
957325
237017
121774
685229
828919
837172
467536
906169
869106
618301
532022
609827
842612
133888
357491
990619
984844
447119
97872
25063
660867
40295
502724
832276
14830
981041
892434
509127
674323
432932
211136
193073
146614
491527
588655
834977
191999
824212
495132
464627
954313
239673
417714
638438
669321
518712
656073
388300
769625
993966
948095
789978
398368
801584
326577
393375
28192
320401
207511
233042
878940
471104
195257
716164
420772
143758
914258
835444
982526
37838
851328
191553
60275
870869
244388
639354
16691
718945
482396
998609
512549
398486
697882
125679
815632
64547
721889
588257
521951
766724
15708
420143
30612
433120
98139
759693
729996
909138
626346
234603
518762
527877
476368
598119
793379
453432
825505
971362
181990
767713
946624
550256
82086
496557
769717
684649
137221
57318
690151
655772
149086
675054
825462
66724
957743
16424
481335
930578
88162
813494
297421
783177
896054
504540
232224
46633
443279
888643
232957
271140
818454
353818
938250
517676
677134
33943
962980
619725
863221
141020
614743
38999
478802
977908
670649
413683
563745
3132
298147
257814
470105
838366
461901
242644
54231
960825
865157
463180
646056
633693
870092
770306
182712
692978
741261
654474
282322
549368
514555
388255
259090
262440
814854
459347
302895
978746
317561
183137
7263
19200
476211
272414
871398
444591
546495
392078
834495
489022
262867
823123
576485
193319
22626
534208
294270
479563
604830
88012
411429
555826
527182
946146
320402
118896
748551
667158
636456
9955
951498
451057
501852
728664
653562
617517
43517
395853
359352
492028
611043
680337
231709
569538
319992
379592
858195
240356
101726
889611
945936
364152
109692
474540
278448
367964
117801
744407
25070
898018
474867
729875
84799
701545
25995
466408
672268
963207
842449
173083
559690
12642
461240
234965
986743
542878
355478
565282
903794
591152
11979
697044
605624
85842
760587
481608
864823
634895
969673
579136
484496
456510
696065
800688
297326
779
816098
887764
94718
222576
801751
172478
137162
720708
648881
138926
129141
621546
505267
672665
841045
37354
7929
441164
90024
887388
667845
943786
471605
70784
60455
640017
315585
71083
366281
74523
878250
836252
286164
958528
26531
817773
286339
428953
486156
678117
842242
100415
885485
808298
708482
123218
40975
848403
416604
190998
446775
67996
474655
381431
199936
76851
370296
625581
142867
860015
511165
258554
816646
657440
534230
576273
576591
600129
968840
672273
973475
952074
259679
889390
769008
896738
98040
490033
253107
395378
11048
877269
642550
593685
776332
569619
134186
30827
50351
605624
472029
35789
355793
88305
980823
467291
922650
917609
525591
852976
690459
875913
421093
753079
706620
132894
117204
230807
548232
274649
1366
649994
729938
155823
510587
758475
119234
486561
515464
968430
207551
645078
333488
187849
128187
430883
809970
180560
310550
900397
533582
13951
324271
171302
278501
964528
285390
399155
985964
528012
878759
190382
232396
674206
534732
453127
264730
115843
193139
531013
508334
363838
357022
12715
284258
983656
717229
445493
678185
98372
712956
51777
784969
316465
23034
673035
193782
322104
545480
319185
338317
697541
660169
635477
605290
96947
564428
477825
485350
651200
442579
619684
786224
274272
611008
873115
928135
251885
377755
92107
803537
437051
612098
327626
8987
895946
240494
832989
725230
697364
77725
899036
720522
787527
93985
287218
99138
679565
911493
332609
835315
224646
257175
422818
513826
583575
888279
465353
441329
516636
355450
344583
698686
718457
858907
305130
970329
102670
464255
574591
353567
482057
228803
902264
232759
959893
945189
205992
163881
384751
662699
321066
84310
771098
228083
61538
213592
511785
761945
346715
34678
44601
591614
137488
264644
83777
546811
523014
335253
279362
9570
374230
830942
11224
743277
553865
823657
45299
811014
674780
287090
436063
979378
576866
444962
672574
852635
492425
610981
870872
40312
123124
35754
147017
249627
501000
975159
985177
90199
31363
73254
941609
491979
384454
216064
636104
395152
503731
42932
642021
566011
32241
71347
495391
638799
616844
733676
985976
886850
255738
200287
939305
338986
728249
809440
158095
870340
11283
24362
833603
242465
89091
619742
324935
106158
857138
278807
319451
743198
504026
117866
794928
372342
659468
694847
281972
935092
101964
745158
843020
211549
910874
469081
180896
418722
123916
200300
635535
381870
847190
277619
893636
187919
685484
123345
171168
321982
961278
558264
978775
228621
568098
840737
185687
382700
123856
882601
276642
74007
456774
66119
91196
601056
933580
777830
66112
998164
98258
107747
655758
189261
809589
87525
363423
416660
78560
552339
594041
419504
646031
757558
639421
396495
843311
976301
419422
426704
345826
326279
416684
574379
925662
586305
786766
750782
202293
701915
188623
881396
66927
837721
396623
85844
718099
298643
87194
280868
771973
205817
151381
670071
316617
471975
499092
106714
227045
316705
986121
389911
889957
581931
843224
934500
258680
317896
797958
141996
44344
904909
549711
44023
906631
619872
298518
826232
933973
346322
838391
562995
443325
698455
382072
127433
490063
508574
383967
672481
369577
289169
442397
609013
958846
383659
188264
501430
415928
624816
711142
100061
224122
212622
137925
485007
660926
999374
61991
70060
809438
446135
366203
659957
794670
866367
164071
581335
845574
735342
305569
635480
616349
309202
111389
443293
831504
402457
365217
474390
901507
596878
76148
238918
105566
185715
578484
102450
539961
263415
125639
758438
517906
746580
78122
262878
419835
81159
53541
219224
156625
907373
703583
435892
788070
621175
486669
378628
37184
617226
415430
143798
697787
317494
209267
615387
854729
605648
659682
302419
563546
389485
562297
90071
104982
252286
806023
300003
12167
485059
765174
417726
264852
22573
240349
620967
900200
851733
827250
856798
620914
902034
825501
362508
182085
505146
433511
204303
973279
295673
445393
631718
112646
479303
939137
315638
240462
645065
306391
597175
170872
183302
313503
176830
321205
268868
117791
79271
752968
17854
816335
441118
948233
258245
482344
605515
192709
721393
458325
697944
231811
920577
748230
143711
640546
518294
14308
713589
158429
391817
360415
481358
998705
357604
328098
781963
552533
919172
76840
297127
846312
927625
345768
936313
150697
975479
517292
810918
175519
697900
320
11815
835993
23358
123397
271731
194320
464112
110053
318793
10920
717585
91872
683484
814613
271474
284485
108762
877211
719746
468349
477211
812525
904840
135298
295651
790455
110395
304301
423828
349048
164609
772396
114739
796294
204163
837650
50004
677749
431785
28040
734501
697107
316407
335841
20821
690442
294723
137868
959519
595241
906194
392034
973687
108412
291855
706463
835151
871255
188647
961646
541638
982834
731523
34013
179758
275822
438051
711792
129592
891830
207892
870097
991486
138752
123534
290597
862317
971763
205356
872569
303950
698467
712840
906907
811503
192439
570610
707653
914930
748396
93837
262453
811313
276082
886087
575256
477581
592692
18675
618148
821714
833077
24901
335749
196168
645654
80169
736687
86041
302644
59712
258066
486234
935150
731768
407852
136695
543172
483910
364856
313152
450523
114243
277636
591562
284125
880673
262048
590851
69693
673480
204402
387030
285784
468305
376103
873079
661943
123101
859332
74315
20081
954451
200602
140151
76397
608630
40984
816260
515525
422047
512506
132524
220487
758299
878624
89028
379797
931875
80569
854597
152940
304820
272414
286904
90305
225675
873595
547262
536967
650495
932328
815417
536014
127866
268694
815771
675333
973653
187044
321865
267232
326032
684625
850347
533460
309611
841676
21011
860735
211811
644712
666567
894182
902604
612331
811437
287062
517575
161733
504658
258795
565409
409054
624726
768879
149256
748808
248824
257050
545899
114388
377594
810551
692653
171584
417456
399528
503557
975502
121387
640640
569461
620976
23740
603982
50148
99231
22311
969273
854042
119754
923238
244999
24408
842283
776214
268408
382226
456694
727170
386831
734346
700012
375179
199600
776010
300684
598833
78116
459774
817768
558592
922938
174827
427093
379673
450313
216016
572092
654172
847888
891160
9165
502255
448894
149432
341908
400558
102541
437931
497124
747119
718216
216008
607599
4208
457390
374524
166007
166880
142319
834346
191391
40198
540179
893148
70107
277074
711674
442852
942598
363518
237822
162259
466963
527649
170228
830293
312411
809936
953938
647528
328340
185073
886634
559927
795234
682525
409556
650903
418567
885425
307883
129757
107703
469810
341229
934745
741831
719450
426566
502068
791939
870723
76518
941921
175326
17327
115918
203011
179204
442290
847787
197531
807628
242685
866521
926316
931081
685255
486728
217454
669248
91673
291964
839018
816819
454071
113390
431160
815388
965158
279248
863763
589877
933214
429230
951894
302452
720846
681584
120662
976469
846727
638268
611419
476175
489094
304824
197115
7912
139425
819117
188949
919332
807244
371143
584039
688537
943752
715833
672461
853854
446058
332797
67095
721954
793540
124729
748869
972696
133554
999485
751009
374800
804738
642665
665209
825057
643969
89068
698040
414659
102750
783399
468129
22073
865406
387439
186279
502059
463323
584433
689067
601746
43161
449392
651154
8140
909543
197867
307010
89615
561358
592794
232058
504954
943514
615894
165643
865927
908577
604376
384759
272221
89780
390873
64165
819010
927138
551705
829757
239214
285284
447932
207334
472250
264872
205070
191961
807607
610365
77031
445858
737372
520087
508842
454387
417623
452352
643751
874917
133764
37660
676001
620556
742651
231255
127913
62005
692868
251757
662313
411071
482726
996757
160765
335187
599068
906123
328187
965377
418729
198072
578451
969336
287875
734529
378834
901410
143082
323881
121857
520026
477980
573796
520938
869067
955425
651897
572282
722790
762497
807314
637570
694335
252566
527203
485591
39749
318588
388085
730458
977756
65188
746190
129042
937561
700744
570175
989237
518297
452281
829194
522502
595838
867348
208109
163032
76615
70611
808463
76208
104331
625215
364486
947080
587730
996419
633795
476144
518544
85852
62427
29007
262783
275437
540082
247048
362328
561712
835718
328696
285997
217798
223445
796251
285478
852463
336173
209998
355158
377364
817294
643567
41593
643073
283069
873184
643212
952817
331560
71403
231881
631554
967217
693696
742270
880968
632473
251225
453641
183037
312586
146622
274866
58006
979712
496036
559973
656497
256597
512177
420234
947562
225769
873819
836547
358284
765611
56878
357697
668388
232134
93868
894211
774834
325354
103694
353133
179001
459061
391337
257217
540470
459006
503660
370684
450285
638846
601414
911567
923486
499420
412132
329529
37335
969492
551000
20605
321763
836355
135445
533893
534944
376337
910103
643027
575214
847483
811103
640224
942915
798203
527324
424787
239516
324759
186661
931231
160142
507716
581667
462521
964091
927988
647052
460085
429279
158915
495690
859132
665290
336377
370234
442604
768104
975357
658896
584972
656700
261079
746519
713450
531692
45408
746134
859028
285557
287625
762702
762415
688446
882244
544609
929591
822411
323474
489165
269779
424456
920874
414869
699604
86789
578627
562368
724554
987521
547646
559930
133955
871007
742131
984473
154401
781686
446359
592635
393175
46788
386055
497611
894144
550914
275443
820450
578459
774866
357354
440842
362855
389524
265789
367581
323479
964761
84563
409548
381107
820399
709705
757371
46603
649307
23939
581642
738199
644581
644756
238191
927024
243021
989894
880831
773861
993947
686598
886091
164667
68372
13807
749479
725253
502729
42481
71878
978203
49353
882590
536321
602618
41206
519185
825718
511352
45941
826747
876813
104866
411455
254091
263318
146676
323541
616377
949390
194420
510032
653424
371649
86507
221398
301974
960713
394817
407849
140665
598644
961972
635417
404439
743428
234741
120218
766218
745167
705951
666864
128014
543495
827668
813830
515312
279892
53494
452575
502422
283613
574207
51107
501989
505510
302398
498907
581650
709652
719535
681464
42697
939403
404981
893966
139571
87224
918838
602590
202600
22891
990355
773712
622705
359003
365570
194495
691000
232846
756683
556783
903950
867344
651483
681754
575833
412704
780360
466535
48024
713963
567010
691836
590293
961008
538034
201962
560486
858050
99282
85575
621087
865580
600745
560026
24215
889710
379969
555310
610837
639526
944262
823753
635160
521802
916509
126583
695552
433554
261022
202303
444316
259698
638320
689335
453329
783365
223040
532403
584035
3141
24989
124377
101475
465207
429875
348368
235190
376420
549987
642071
142909
377729
617659
549938
269414
622192
974231
822846
917711
459167
650835
103910
835346
666959
151339
870254
460785
478639
519922
424493
656479
219558
134188
965080
361513
303344
824904
377848
97343
954144
137597
422717
561571
444099
570111
54061
161837
649573
95710
671029
236792
25581
532604
837216
125357
84771
824681
704869
535658
775250
351901
530458
890894
589769
531537
781063
987171
568699
955194
414422
658345
170118
84002
86246
841147
744849
645029
907262
68128
345614
765510
970526
873905
104607
469740
847602
669474
233108
34876
591712
139182
985235
821652
193408
926435
403601
783072
547179
120583
625916
779357
82412
17702
770811
404904
533076
748089
922253
123714
130602
166837
571790
450531
471550
672045
104280
846071
659678
113060
121286
790521
939618
606451
518164
207595
85474
676435
522850
770799
933768
27336
630295
484165
986112
173355
852579
567970
222604
858962
664412
507497
905523
96093
647562
266697
514009
561760
49662
564786
576362
873768
549981
10484
26928
605804
585722
865783
909701
445522
964961
479569
93154
801306
546609
39047
552597
963627
150497
169187
126673
442296
534435
429230
55455
910159
65957
965195
60595
486206
5940
701168
682650
720674
720443
37313
157646
620429
943786
491787
194924
353811
349490
680090
178557
203570
542764
189751
566512
395419
887065
591425
40233
782625
864644
762982
687538
566781
753540
169407
522511
592827
583774
79878
346864
159621
627335
905652
307328
259403
439622
869947
605339
679179
276216
191389
722780
802370
591341
731112
556883
747631
562864
543630
899798
237568
39397
673765
23727
367068
871306
643959
610227
786316
883168
289671
961202
301190
878883
943969
902410
819864
982132
720988
343062
408494
49688
523056
618500
181760
962329
120878
875908
962714
921546
935072
73565
867913
457384
669245
908377
893471
414684
134601
558625
515492
839709
106311
696099
534873
496883
582236
220079
129578
415318
749570
581730
386799
655541
417061
154553
967646
603602
692765
531655
297105
889482
211977
659329
800752
849843
558788
988855
351227
67038
305607
148253
19575
42043
836571
912136
783986
111324
460217
274420
58867
233042
724800
993089
511939
279475
30993
6655
987922
216382
504906
229086
292488
42581
545566
139592
67497
729192
577998
121674
473316
237811
797062
329901
644856
566173
135830
298339
985028
585793
807115
388509
960105
229706
211626
788282
10781
463544
890056
833177
537423
251135
140361
746767
489587
662222
998835
560820
174953
291693
773422
484376
861582
837823
216154
579859
366046
568423
714061
439098
664131
972103
121832
416302
613055
959524
466004
917518
989811
837797
898718
341708
587658
696571
626669
521885
528197
802010
479324
782474
347491
868772
618168
233060
760556
370023
542679
244052
181786
640509
450003
172881
705253
59218
59170
323434
712233
262531
817427
169987
289335
489249
317351
927964
872437
723668
438282
891085
375282
492700
154285
988558
757002
832371
887681
545522
398258
593871
625169
743668
198497
759747
524540
477674
280860
669637
616654
97686
343772
402954
829691
530268
226525
938894
151351
301837
401926
573744
356405
284897
553776
278073
233593
301636
522068
81661
733724
628295
210646
119642
320156
736951
268264
550429
347805
17419
523420
1029
109056
665526
938890
437855
367263
369565
289242
723344
472546
685795
597871
916017
189697
947167
884977
52500
182358
404655
276660
500133
600285
207398
600330
27308
656652
658849
700578
107631
538185
829623
97755
264373
443533
876686
765929
100005
603411
442507
940706
551820
832956
33121
562918
383805
770626
59019
264361
294866
817623
970900
828191
994065
174169
335827
644354
382635
127412
635061
979075
681246
727765
92210
357579
432761
51655
109282
931692
394688
705004
235112
989417
616805
512728
720396
167326
514806
681869
34983
630862
826199
285711
167159
614023
886884
857380
201107
270836
941368
70826
323000
617535
955148
419668
515201
206688
155895
769218
426613
888647
906963
557181
20218
717090
447360
245964
357928
688011
517186
421877
576505
707921
257990
407315
193948
985698
542082
725137
445800
450066
489018
48768
708910
53578
55774
122779
426087
478928
817936
725780
936268
386030
44868
811866
845829
891970
14209
427882
558073
748642
857988
718735
61124
454377
284355
550392
55559
487842
309327
391220
742808
789072
81298
445900
733786
132568
737592
22013
865576
284429
440939
378192
570091
57621
607542
230872
714572
89212
697611
316232
788802
910165
579232
766830
943756
97800
181235
674576
112443
481149
633711
973409
14439
173348
854759
32224
326402
112862
330686
24078
893385
580299
371881
906698
582806
355313
420109
483658
245139
380293
154178
583224
701513
947930
214329
258983
271638
34275
345658
550576
281661
47462
553605
515309
357207
844736
221722
681681
395944
293967
381589
306083
35213
936511
175025
205973
667728
119348
646317
690629
394014
394897
530123
25231
544080
877348
105141
628812
564197
859694
198651
602028
986961
435154
812599
344748
708526
493784
635410
635763
715409
198751
343647
141519
194488
879069
660709
467655
496799
76116
135226
68252
724593
686420
958986
910433
499100
535334
515575
153972
708477
496412
389850
856920
338683
753907
876392
470320
571951
206498
223025
406810
150145
247746
771329
843558
934222
428377
505001
96178
557573
907204
511064
574435
351057
469953
85666
164098
238192
557463
662179
400432
513827
771554
333053
652296
481534
660734
112828
12624
517023
589072
87131
644570
875259
183724
335136
985725
609172
411110
751074
412331
381831
246008
395243
851951
266113
794701
195064
708166
819730
878184
861405
396823
471449
992564
461701
866767
721247
262696
327831
477405
384833
616214
376885
256903
905476
341201
954910
125415
933517
705657
188851
559302
620200
245605
208023
106708
408902
859947
981487
925889
188164
979598
306441
215226
336742
236037
331673
357251
335458
174372
948125
259629
588313
271913
511202
944693
130208
633510
204705
386553
817085
908230
649089
745495
893934
74173
167744
702308
116770
896272
471724
542406
245707
892222
862603
634863
916491
953930
960346
21622
65355
595814
625267
309588
732715
782973
237191
990903
661075
97373
803339
126854
120744
383488
855600
755250
9051
596150
386058
885685
284507
739376
359954
917803
394795
780779
975943
473865
580749
293046
627439
98302
422366
127010
871995
160740
716347
194054
356872
947491
684641
409772
23682
333411
876563
801244
28387
698219
594804
784706
578969
65499
489204
387390
725254
886914
71143
314696
84065
775005
659441
379070
166841
444589
93854
184588
250714
86900
249614
117239
674696
92811
45837
609478
507752
37475
681857
24973
946814
542998
940988
869015
70097
221609
273522
799855
160939
11617
460164
689035
689213
724926
851067
568598
400095
568280
647504
991513
561588
104789
919719
208645
809580
786885
532829
758175
582307
202842
237878
871944
508967
922119
841337
409064
697174
416371
845528
98423
24870
699994
73158
332008
515327
74497
97901
894642
609923
866964
465528
332539
484653
105949
444747
401316
966103
80803
147283
773547
980245
986269
898871
905025
169279
237649
603053
359977
559821
567822
969642
558281
428634
65026
990513
844689
647499
965625
604109
963781
410121
809907
264986
751848
352361
284960
153277
283399
799149
322106
239603
751007
578852
889727
45639
30700
192492
972746
95133
612943
252312
546701
888620
99418
700524
839469
415625
78267
304453
586234
607774
817860
400790
523850
44153
65491
794381
376881
686080
330723
655956
850782
662275
391981
543859
480917
371370
547004
563858
336516
897421
689164
872220
666181
724067
405086
940224
612015
157457
992539
724241
166297
943012
476258
154509
321388
516890
865072
545531
962084
727131
670187
813485
240291
591941
51659
424933
809394
410213
128486
552148
147541
521153
714198
612158
626249
555153
605512
857977
832220
129487
586532
519443
89449
290596
926356
373395
404335
456705
754483
609624
227469
669263
861076
289439
276381
565822
180716
173344
38122
174330
195677
896215
50703
377404
610720
898464
719981
492221
621517
58299
809672
359045
643082
276400
476479
218657
147406
24268
418470
659634
643281
619145
213314
694690
527314
34123
768352
88754
99076
241863
705234
386543
123478
807870
841863
6340
669790
825575
396358
297768
73377
678151
176567
545537
9482
113326
977311
229763
95643
274468
136945
740412
1776
614612
208407
589401
630552
261631
36325
98247
410622
717565
370504
579333
885742
805713
315995
144324
137336
248487
649496
784183
232173
804972
620907
908413
924806
458506
985250
978473
267429
81855
475713
571882
342771
453593
464435
379996
506216
484688
432410
228522
342376
425344
20103
504093
558027
579713
532805
933638
340469
907428
819920
848452
793956
230733
802531
861939
71689
674920
168367
579505
300557
734665
592743
764174
652276
372132
316024
293775
104031
664549
284439
127327
798315
43118
910066
706323
821751
514859
998152
126680
12164
132498
96148
458748
173877
972476
351972
954325
656373
388251
408585
783058
306615
93784
460135
335260
181337
860746
576940
419048
15906
805588
694942
983388
66922
21019
100236
779163
929177
595234
454630
701743
207111
970693
583529
68626
112835
808207
793458
322393
439727
175416
361076
149502
672008
984510
224197
751368
273668
911262
801042
56473
689940
509871
318259
894868
602441
827676
401178
401704
566931
821692
400356
117566
476900
563536
233106
895355
970483
55640
585553
610738
699100
975826
963445
296042
443876
78224
8581
425926
184347
253236
509423
801303
969434
22411
518684
10491
392748
232516
947934
159151
884169
187020
645574
962809
636029
637511
769299
406123
284264
832300
86980
897620
757790
199997
698831
271433
919598
171042
365482
566027
901568
595809
705030
94485
270936
203516
481307
580997
471415
836200
751454
198436
464416
631589
290128
176788
493112
929342
874096
947797
34631
179039
58641
532915
45979
277326
583686
800592
18187
411976
509177
461066
647897
708025
96475
690120
594097
144278
671477
179110
642830
329371
460062
271803
662780
8732
968645
550595
910456
392970
140654
876526
384051
664901
254330
499140
827381
286744
7582
722675
953375
895382
295734
20790
57545
217166
994866
108132
654217
487149
894126
378899
449621
319665
680352
779367
17664
579654
614699
544762
894240
988543
479632
994409
56785
117042
547652
102777
490066
673712
134172
913509
786700
72095
239780
435397
745715
180150
305360
166812
944709
62613
923722
669054
287728
436095
24490
617884
864336
132533
231044
870958
751446
475120
680474
806139
937732
537658
435058
705032
790420
951977
252291
237979
151481
721081
571785
372458
168445
758469
322552
853413
693321
910818
413964
211101
796483
485336
618815
61200
88402
369534
924116
194002
120765
497969
843665
664472
115825
211376
787658
815588
373857
73431
237271
503113
856776
674359
136167
910362
998410
895118
685998
209203
944504
652008
312698
413283
847282
983505
920611
446901
597479
630581
362849
277785
390392
646871
647800
768372
146491
65066
979150
709441
183260
684623
315229
88290
243997
520684
297219
557639
601917
415205
976054
748793
84599
78394
171030
316676
839969
190781
996187
345599
867381
401390
469037
702457
408045
710901
454931
984578
373127
283515
99011
439443
529704
84069
68375
830875
841757
160621
947489
943399
515516
193951
502549
279468
198825
741998
310501
829684
597813
358000
492650
85475
337312
445693
597437
25510
741375
936927
87206
489143
402233
497654
156268
757454
763499
197035
677899
366951
871468
242255
196932
11884
860266
715663
831886
222080
714483
247574
851754
742056
53840
737727
332628
243093
232395
434293
882005
30482
648106
56246
846854
572148
294064
401231
111079
25736
538551
440573
563964
469421
95460
844402
18956
337387
216458
474277
979112
647032
476103
346539
554578
568471
160126
742942
522185
300635
616556
39161
837810
731850
88105
561926
910629
706268
944189
88750
385488
952995
775645
6576
310348
726916
448705
78957
581754
226979
799715
178591
59033
230493
964309
9578
219112
522158
856959
816907
16946
9908
472373
500717
234107
937483
854257
747674
929861
794454
160498
777678
818943
593375
859568
309287
691403
61334
62650
799993
301355
902710
971758
34495
993095
667077
960021
684588
14429
55674
464856
279775
928709
593976
439267
389364
249120
151417
491029
888695
805789
958918
883041
686323
114343
341090
691844
477929
260527
856199
826147
748956
634833
316872
248384
763977
426661
130325
371928
959220
430501
954589
145885
689694
732534
107598
103627
791123
500181
559672
541609
705887
359583
315599
445791
133153
208124
500623
843950
115127
343849
366778
219983
841625
242209
583165
247020
460418
937576
50993
427893
268872
770356
910332
469153
103437
600952
297944
467074
903054
784334
338796
988738
227160
714752
152726
158911
837275
398707
320394
810817
204503
309424
509140
79508
181171
713616
980793
169863
425836
578116
558332
489279
509162
80510
794620
860664
465071
408448
1466
193306
510632
470655
376633
990132
676326
404851
102974
532439
984038
321598
237751
317969
997644
484278
300280
921221
304495
607825
23584
452516
775821
627628
785882
665034
826591
413432
245055
395959
426696
607553
389785
413736
856743
74844
739715
519505
974795
301165
920236
719674
52294
94739
495354
293299
818522
36016
763467
51893
658385
387352
532182
705495
11817
617813
685488
908842
532331
902228
427627
579249
121052
424049
642905
480896
774925
150362
654894
883951
787213
978274
897155
634683
472191
146980
681463
630843
494470
404178
484656
110842
276252
828441
771263
304885
622722
535987
320290
817906
841362
167368
979554
948987
169968
54593
569565
378742
697887
878188
270302
114210
598128
415941
919976
838576
462868
700455
929042
364475
90131
794255
568716
460134
717398
680456
942655
890321
555742
300985
731347
816695
440407
535623
194442
768040
128327
314280
654921
982621
512033
973126
963255
616829
881654
459019
516990
99883
798795
583247
6063
51850
915141
156060
795778
589710
108737
283802
456058
381312
553024
384348
87015
173134
593791
9285
838725
991244
392805
24984
957250
8843
803606
321436
747613
379092
818533
260840
675114
174658
174246
499728
326258
921081
253025
290156
144695
788678
547170
84417
359445
449941
553773
769551
53123
334345
12686
727479
759481
735804
284495
49862
497388
846611
820035
385954
457013
821372
589824
968271
584655
227975
529130
794719
105791
522014
814761
373236
131086
249762
120764
943283
677874
60964
994855
474759
962251
160253
294984
14223
607177
676235
210760
486885
562602
497800
371949
793484
929441
718600
701643
808501
701266
155023
522010
577198
571194
911308
946275
611560
767212
636150
708821
407907
944694
886530
947956
995384
40290
862270
95857
500355
349784
360397
550036
541227
437793
13568
64853
271439
934982
834573
402891
999246
187031
314670
317308
403251
698759
858456
142355
411452
147125
983382
884399
327877
928582
853698
835096
310166
111981
421600
836236
250437
352780
417367
968696
40329
403956
973389
406082
348509
137609
527262
584963
60685
119681
326136
715922
736801
652363
716437
249083
547043
424716
998230
210191
883341
749188
501177
13397
225300
814671
196279
240094
94347
897672
784509
140726
627830
941960
879172
110582
175660
865548
99663
937975
401767
277172
212737
403809
67692
138280
182488
907297
394129
417045
758026
604153
924848
188629
50618
258353
798439
709293
40535
278827
382088
37488
760978
285012
600164
105472
755321
896439
307375
235828
670709
392747
308240
10517
59676
772909
742152
942083
821620
815368
292092
829493
839685
516720
791520
260766
738074
214447
715202
964970
31124
591607
877873
570663
531370
589078
389320
452033
598464
93703
537818
250918
791715
819300
270459
142920
149727
598393
450601
578752
382141
651253
677590
811856
783773
694138
924243
107137
343659
875091
647450
457195
804097
731077
757304
868243
130265
548542
335445
274094
967725
63082
115489
798596
484781
272741
131165
218800
31196
451787
493252
863236
455688
297514
124308
848841
53668
884185
408124
19876
14084
284642
982307
439635
916788
335962
547602
139607
327860
94930
360320
937260
522772
427942
692665
878644
543080
717682
638442
517490
514729
519461
572235
725041
863848
307373
56361
399749
231663
964498
375375
405737
734326
916895
212816
80455
336575
194426
818100
715031
407439
220949
643261
936735
120649
214269
973461
445336
932968
300048
334997
63985
184152
477132
41396
426925
971058
608322
335050
290791
840979
111401
788416
909814
222999
792014
182999
88619
503927
783401
748369
217719
962045
845068
583423
995562
376735
320308
260200
411350
261760
875394
689107
306258
901567
900547
486386
125722
658681
930411
35627
85524
790242
842273
665155
767789
313339
688180
281961
172002
456816
633259
930269
236315
452178
624505
829947
528241
882604
796047
18536
783824
896388
790284
307160
371384
597552
666768
442297
641053
709009
602926
613759
11695
476593
131135
4621
546804
855989
91667
172285
265360
143871
586691
80332
919591
946210
105634
82149
597081
273538
485074
471688
896428
631368
501938
707991
988232
735488
506101
859837
664283
981263
846798
294715
349853
543956
397767
383697
984045
42009
372466
49221
361178
119030
46454
18770
6207
974658
371851
826736
684870
436599
508992
246140
871693
105761
614457
178821
374501
577347
381111
610930
273462
735879
664336
754131
25537
299935
988285
156098
828414
796732
534802
688886
626724
39402
84616
977060
842055
83526
799926
655761
476635
215517
48799
850233
113942
704035
524388
389205
986548
509133
147098
455437
725012
594187
93878
635962
565120
755173
725477
158934
100042
691953
291321
190787
869265
60974
409853
688500
381731
665025
477353
161852
457724
92617
66929
916785
548845
624161
31927
857661
520984
233201
974242
883777
100440
352049
94470
263909
320637
804988
721666
348544
516404
150989
679465
25697
509510
488472
778008
389112
981367
323847
309927
610404
135438
916623
809915
664154
860853
560431
692279
241710
942582
569285
502162
969730
295205
592397
311812
288136
443805
582518
326746
198645
819938
400995
1513
163396
517670
388475
842463
536099
404519
488109
594100
803518
364405
738307
604544
703079
575377
37154
550887
513311
665841
475228
952367
99140
346273
602674
925170
394646
710787
437801
18607
27751
625079
267207
306810
571167
406805
809514
382356
953001
972247
653958
344981
361150
426324
463097
565445
414796
524391
775309
102475
23106
795566
290889
744189
192443
970991
58484
957334
80772
677908
572007
199813
317836
879383
936462
230370
373927
57977
96251
872507
594303
958955
972966
736269
4695
278864
291397
661583
354813
705818
742788
568551
835596
70161
234466
166720
933915
640882
593896
600115
427910
459188
330309
936674
151574
680550
824267
857316
705232
217139
843328
562010
449303
197832
211554
66912
774142
879052
910459
563360
97134
75406
753948
562240
404080
765821
991161
619643
684057
768656
523489
970189
456719
96454
117208
382536
837051
256583
345746
812868
350733
307498
845198
894515
901926
317584
733069
421459
953319
806637
441262
332284
653204
117927
818152
38873
745444
885206
685091
779251
725735
848364
647283
494953
963220
838702
937778
300092
716462
367264
692024
156167
82515
848192
136570
822732
197089
319592
851900
504297
641285
478294
235060
505705
847649
481673
939517
404982
242137
725250
845428
915117
611707
872298
945779
696010
421001
595794
692200
431426
867940
737940
608593
270704
687766
770201
708694
595431
75579
139188
595778
4070
646285
981932
777759
540457
752395
745112
600238
723740
976710
376610
788480
131946
649672
635629
5044
922804
462433
948563
965390
32478
285711
45447
662767
624003
786441
273178
701815
856904
770216
678169
36340
615630
247859
763475
123845
906305
528517
894008
440399
980686
340701
922396
92123
213041
201282
736027
880971
261868
811537
522583
86263
640787
855268
387293
996777
40260
343265
612198
240753
218933
784988
756025
282597
173926
445034
253870
790968
865333
391875
348941
843381
282384
979859
150292
773593
970692
118685
75479
111819
298100
312204
630914
231161
491302
741464
204858
569936
325880
354257
909090
361111
243312
100876
16058
206185
929073
39975
348577
216781
221256
51897
768699
946676
795238
111835
578413
723150
616425
864206
57093
686281
888147
989832
313207
345959
263579
669726
886082
402810
891618
874767
442738
964159
249726
517482
848318
829525
482419
724061
474449
258200
689280
561564
240550
911134
649941
212906
216588
357454
121826
800263
604233
127128
465674
142902
29339
948820
477046
522090
658649
310459
309382
672973
382201
895036
599587
519468
136619
380348
732976
515777
796513
638445
432095
287710
926258
648329
357152
528116
902996
397996
762739
293246
619911
563084
875102
402573
200337
817046
54139
440816
228068
604965
767529
94079
547867
147745
386979
246085
571427
525490
66605
586567
208375
18272
118314
841589
62275
839049
417739
401388
827178
483710
457826
307750
686755
465338
122772
18431
116414
234431
244077
148708
738949
254351
460814
778906
648125
62660
474753
50920
368588
271052
588269
602019
848052
465925
565285
580692
833917
893553
862490
527175
948529
843222
323185
461939
43713
339573
205616
948737
561477
344740
616401
809723
350369
690634
9657
946002
445955
134455
3138
517580
455816
74526
531636
320200
913790
100336
486099
423663
152772
719317
470034
505721
830094
350345
217573
926105
64965
984529
340916
627782
706635
196505
866091
171687
297948
394412
650542
495451
531856
976079
727146
712738
32317
106938
744455
803435
554361
551284
919098
432698
373501
332426
914230
254453
786085
122859
758402
429516
852051
353251
338982
766660
367348
959346
786559
602142
504602
644937
488434
356072
379529
278688
375549
346079
726989
243319
802217
789119
510280
723623
48988
192682
750346
472675
589770
239345
862936
406417
877388
45057
811855
915455
795145
183980
562275
700803
472464
537107
128960
112116
683848
974446
622353
411262
224191
102200
580702
72358
844766
288441
313168
731291
841278
310641
480208
833397
465363
660510
715854
197965
494150
49451
962270
557175
973729
22837
821308
916448
755812
790266
695152
64961
22068
47328
96268
532541
854387
526560
45395
863325
844971
246029
785076
684453
101027
391813
485427
7571
386196
326963
351593
539827
114997
110333
674658
145058
478643
841105
729892
620509
322813
726023
709327
520069
867963
75763
5344
440753
962142
403531
356303
355952
665746
911151
161369
326298
246801
972505
135960
885137
698321
518306
668621
4249
33309
548909
78592
497105
648642
310005
484159
640718
96735
391087
824834
875731
764576
482715
49967
739438
417860
819309
502776
122033
196313
433362
284642
646860
541642
576737
874785
282948
609743
182751
928927
881298
938754
380399
936092
985370
739218
884116
937072
473670
301520
862756
912363
486079
672039
166860
448797
937288
958633
200570
474097
750007
564228
940779
618420
189904
104659
631569
200948
738495
840720
827743
576259
204402
807976
495477
308955
224977
280103
145059
753499
475227
725970
202908
293232
884382
915668
972729
54159
798674
516560
488934
136606
921363
492053
71725
880946
722362
765168
506205
72179
209239
305114
524886
789788
283020
491538
70452
15711
231560
735750
404054
88997
382495
283179
595978
910323
299203
905196
276887
877544
530082
695998
291174
836771
88027
860626
309133
753473
466013
762852
991545
181508
131935
721201
993016
645839
556598
615045
634785
398029
632342
406834
239776
214002
367079
156061
478178
465945
787011
817906
908697
126797
864394
403191
746988
217316
845347
253438
801023
953924
986063
839540
805402
588041
387563
449751
762872
818815
249986
790981
883695
40266
574540
634735
647926
956069
870856
336236
497880
693575
821169
281834
121716
751521
333919
722943
274414
759300
4157
223966
663606
705184
314915
78885
119923
319848
109904
294290
485323
922897
474053
628374
82706
634936
974848
83522
675148
309539
907604
683614
885472
14752
366562
924760
30492
402057
670198
751450
549151
922793
260352
609524
443431
732281
929068
719416
81976
298307
817953
365093
804837
589160
807635
406011
380798
284989
498950
972078
50198
928655
696224
379317
203439
297159
959656
857857
999876
413033
614561
323339
492339
693366
145277
117126
356486
523378
444864
101044
323037
136448
457395
552533
860153
823721
455488
608889
453863
664571
463857
867383
979335
951630
243456
932022
924152
612322
274202
155944
532449
782244
986293
694871
263327
981903
606346
341400
588230
668719
134641
748444
945686
422273
380377
998756
801148
395639
625952
357141
285697
387672
437589
976993
324499
995587
356295
93989
485998
930963
110601
206994
592103
625054
292358
990530
457109
691864
704955
538156
756124
979734
129045
457075
695831
745260
940007
727768
580065
440439
99079
273040
213889
300662
179910
871857
462064
64211
891339
265094
144519
497856
550796
90945
491146
558717
784040
736592
241355
541749
657187
411784
629308
620680
472446
516094
317205
789604
317490
175733
628126
478924
596233
83889
596889
80827
378522
224682
106128
142625
630047
322908
720118
13516
340596
729659
599101
660322
865838
674436
83635
842443
828310
723695
396313
634923
929921
130113
738755
137933
833165
461437
806501
815131
725690
81210
680575
78921
759010
109456
616167
770386
358230
555244
787952
11739
84695
131587
713140
321971
787758
13668
196227
487612
651816
234725
673576
869283
549234
650815
607828
76362
941133
73334
373482
702408
246061
668656
667750
696646
310388
218408
981803
654538
924294
822522
666279
593040
571016
22046
733861
163220
689850
95794
793134
441133
953199
566703
127389
358419
490725
752702
780158
757185
904005
264035
513442
19445
520184
962455
52546
262869
80611
705524
710158
293484
697921
920714
330641
353937
907740
404687
969986
324392
511912
948658
97385
699202
230972
914320
803947
590944
161262
418688
417269
264789
856905
795977
110913
616329
90605
898803
510600
91929
538628
267642
808580
771740
942108
788575
708256
606721
985894
959514
715711
398932
124618
767786
938534
200415
891493
643468
40135
235565
67040
157258
655147
6506
296878
976298
439291
170534
576354
844744
603178
106104
342890
564670
833474
401983
971180
686527
832842
827780
911227
633731
71442
648507
522038
288476
257051
596073
342909
772584
180517
199903
3153
774751
971541
137508
928839
75596
127363
327409
240361
814105
135198
927573
905321
877379
420028
185145
869315
383340
379650
978174
539630
323855
971757
922562
39358
503054
297018
681026
42905
791399
776952
247449
962003
248389
616
663463
740713
905075
40462
252493
714647
605163
647319
698068
812694
842700
878054
470637
962358
830827
642685
921939
883731
365120
391364
311564
213751
981441
901945
37583
470988
911757
594421
430848
313084
703486
915415
609943
729447
973793
955791
919262
526976
576066
209097
851673
879941
753632
301427
500031
301081
650111
310381
749351
106687
79453
340044
570110
219509
758908
720907
790901
119979
41374
713935
952503
832414
942351
192278
516760
110934
59036
668731
906825
752568
374689
797160
517191
740744
256768
259992
248981
414079
818478
650759
779678
452549
98023
68281
208316
848204
990658
164964
224598
215816
418591
310844
521379
388878
77372
106585
319182
311624
520295
311558
449394
918227
208142
490792
520836
488309
98098
5065
472720
104830
618746
593152
370780
665722
840484
512831
385769
161232
755350
757561
926103
103738
290195
595630
489960
480225
781193
348820
103133
444052
575430
233955
446652
96933
713867
736189
371315
886112
880889
642937
664278
518377
691112
186699
989957
928753
670679
887569
957417
72916
429245
784252
792221
330066
701182
913753
69161
491369
124729
666299
763625
400523
607870
416071
660492
254849
206877
846364
492408
145180
773721
534557
183563
154067
994684
406364
542589
740158
790788
579684
838369
187758
241979
689251
146186
841319
7460
458930
388810
802363
999569
494403
86230
725060
664914
155942
970757
756093
659400
249592
307127
656893
263319
466984
331859
827794
707961
433831
896616
925046
713840
256556
553333
150000
50132
385761
486020
9738
435082
825325
890800
553258
611861
515359
666376
358224
307206
158643
301004
570859
507599
391749
569364
390424
857526
116431
564496
933112
137125
638752
828330
356844
507358
179868
490504
534768
259723
829482
187757
612625
747955
944254
378495
807692
76937
853699
735331
676549
780127
834404
86916
223073
190712
772727
259699
343808
349434
348486
99881
619162
145026
682044
65895
8053
262546
246761
987262
833280
737573
440498
545643
219855
125603
925208
686234
340660
118128
166563
340363
117430
19999
161962
931090
990449
451845
767554
434360
430730
548008
711809
797504
980044
875413
770477
688772
712100
589328
238214
22204
659509
649574
821037
865312
51545
51295
477616
37798
406774
415376
788915
46053
836984
335052
244540
251418
196912
18362
97946
769159
551753
439042
383475
334201
964770
677730
484265
304739
607053
951389
343529
222630
305636
673362
256208
508402
211202
410218
909881
90374
518245
378155
937127
826259
535134
633770
267532
148543
790130
945821
23156
154693
617617
976142
111569
616697
815024
778092
304995
902953
872197
157884
408387
576479
100703
654252
706829
277572
421727
179784
905384
667487
686998
182662
254900
477242
960829
680827
730574
815973
174923
276081
697602
339348
207927
818384
321998
139555
837962
52728
651151
33658
760927
949873
779147
943372
699835
86522
774554
949177
587843
715518
973873
628372
389086
331428
97420
934014
420968
900421
244856
71153
135567
71545
666042
139929
247310
920010
673503
932252
92356
227466
293857
278395
213936
357889
583283
106576
562187
587006
453418
499191
861378
276238
418184
844554
829711
280971
608805
362564
453107
403403
375868
527303
530322
51002
238095
347256
669803
942914
129720
712
991538
48870
83982
399694
415883
252334
540656
336656
941221
710397
722865
542177
598385
948606
107168
25444
348798
689981
857906
737070
665395
267474
84110
304458
271080
183352
804085
454102
296929
292219
675661
390666
754279
914128
575816
363033
866949
50558
596469
914287
514652
724154
312739
528923
819107
425426
862061
3975
741631
317311
676199
291106
576763
204701
891108
897630
297252
366582
579297
790677
573188
458298
387729
196422
772473
472587
92933
456510
397872
518645
830327
615698
494019
725115
636788
477257
945325
797772
969189
387606
818150
827925
645240
323010
657056
63856
479856
198632
63708
646393
838597
900698
31593
112705
311672
256866
957562
686044
76152
929954
863395
507862
409002
739037
504752
199362
538393
690446
105954
488306
436922
669366
713799
961218
917018
875252
981877
974799
955174
962444
441186
421958
546775
808650
616611
445142
79608
698751
807551
409735
488149
84586
935791
556900
978818
511603
847733
505556
884677
328912
818134
231111
829921
769674
922678
25548
863743
447834
956558
556607
283771
74413
516300
191326
995593
109383
351623
254333
785923
232643
518172
301264
271248
431160
387499
977830
618098
619768
498664
187061
5547
453170
589406
872592
298573
423735
213062
657013
749853
840410
236608
735042
230691
294704
516588
349384
738449
269046
183912
247224
282126
812498
945446
897402
607133
815026
892072
873245
582063
54353
587035
821993
883009
665368
444429
571727
832883
97825
748877
584322
11431
675606
586462
943903
377362
705464
955287
976391
211618
460924
239578
190221
567052
47887
997935
986123
713393
158715
699772
55375
353068
660449
514787
538547
218107
960422
405496
755978
998983
267499
962717
592502
877969
534708
647293
615575
897659
602538
64673
711774
38641
998139
870450
588863
177778
365407
298636
15685
696703
73334
995002
478143
672606
355533
652692
780824
797195
241152
897586
156421
129020
28473
216588
394583
150607
741846
995952
88176
735699
769769
285598
102162
923184
333977
914691
481171
159540
53541
440080
478829
720826
538441
30263
473073
623929
182841
127362
158172
670438
108426
525456
500418
797447
363760
795948
283879
904470
793250
531211
572973
541646
34330
111010
485607
35732
626360
396578
530507
520005
89414
960017
719558
133144
712343
425606
596266
114672
65736
604225
348803
629633
315304
873380
250823
397852
547252
593362
243307
216664
369595
929123
767314
107359
688288
534721
964512
178066
837246
890914
748461
746202
620070
812194
296790
324236
516547
310012
762861
377400
233823
873700
413968
563663
914430
644229
100823
391726
719912
609106
286247
916491
640581
713099
978788
912891
387424
305102
332995
990621
76046
842967
778877
387559
3624
688534
188831
611403
514163
177324
345406
451909
964513
688065
486536
80580
69424
788484
900854
723186
151473
625024
672670
295906
956387
327704
247717
852693
203710
267679
543890
650217
765387
487638
452157
119839
374128
287363
71078
469703
46090
355178
788642
70986
479987
48683
837423
974612
723043
521655
955625
454684
125682
407920
971286
391249
478523
572445
177115
490914
253149
61703
293714
414442
632667
305906
580595
875191
668195
433019
499951
590710
563052
450123
90075
175100
159608
776629
930889
927091
249465
266226
655091
372447
641872
308214
29649
192524
132144
359406
179210
365590
993633
421977
983750
623701
556641
80512
56674
34851
371556
76115
71933
354186
829884
307618
698863
634319
940437
853812
726874
248533
446999
96456
508248
590896
543854
518950
77716
456647
530470
863584
847669
534501
516399
122090
864500
713436
723456
423507
643342
622550
178328
275999
103317
709241
842016
333763
894946
279030
902381
243709
135717
109359
227489
976909
92637
414211
563249
246419
517346
415543
187969
29766
909920
104514
605611
431694
588958
618613
605022
419392
583612
527877
173987
965748
219644
886646
967035
44483
619190
621542
688613
900834
72751
458932
966268
85590
759493
229579
855548
959379
132673
571854
705637
439413
723407
937186
693432
822746
883849
639314
214110
256474
804015
763043
225384
699364
367731
36982
929265
812918
169329
239315
77920
194424
214332
884183
32458
898102
836372
239357
836148
713400
568179
3970
343158
83136
253830
821496
681338
869664
695097
698601
345316
555573
68203
880422
214604
795971
933633
183595
986726
909679
895958
979888
810563
618963
419152
123855
77936
389121
134478
708556
25468
292184
293053
78790
883288
362364
277194
470009
624214
398453
385842
126893
929236
556134
724405
678207
930802
269991
217768
683146
402046
741314
313386
311090
180529
951623
203823
169485
22995
929484
855352
953134
808505
169285
153379
288270
13935
225531
965726
367705
698928
797036
957751
838611
888850
966976
304911
230373
34815
838179
368814
870152
720221
865283
112432
9293
815887
533032
563612
309446
702549
882347
318613
458068
556303
254100
574121
42766
969759
820884
697607
411531
650155
90907
775821
969933
690881
903383
268480
688394
1878
163595
903701
823576
176807
686791
169836
345780
709185
125769
716636
890543
725403
862256
187177
154485
727265
229337
316242
457339
240524
865560
734215
49796
971628
114581
414584
457873
850311
259904
594761
374563
71708
561970
522850
284718
109184
964834
459618
291036
952298
412544
193203
55354
575818
111537
350008
891971
363091
934376
367267
160263
924506
563998
735652
48760
564630
128237
876988
982353
646215
718543
38000
614372
372916
592173
544216
115390
269324
549159
379286
733496
270382
424928
946724
131741
830020
735810
982215
37235
499146
307413
288864
578152
730413
111799
980257
857179
615566
268537
516445
562179
725349
388886
716407
991296
22083
109073
697980
38204
335856
762922
559757
3646
711218
807996
777077
899979
196783
827894
131865
235257
34858
660916
926797
792337
624361
494201
520515
48992
983479
124491
847902
350490
15173
723883
360805
177132
684588
69680
474643
368093
778574
696127
90122
543391
682714
852009
161064
224632
123886
581665
516850
911240
936790
293848
832622
871862
609010
641079
559309
429371
290294
696569
996676
502347
975564
329186
415291
250139
371732
416159
866462
960531
340491
46651
128018
978898
531337
425404
493442
949592
744996
876056
364823
771541
483506
790039
694918
614219
631404
425606
148099
186210
553711
284629
552659
536136
643612
564494
215423
752258
85150
130354
113252
216404
454091
355698
572008
207881
17764
256583
316807
641504
876087
71022
979531
143507
294052
620611
482266
991621
622972
568505
785321
90503
424709
889908
578638
440070
566170
907651
665588
358037
148463
979645
906920
885331
242419
921655
472400
341305
980622
920799
831226
112706
352265
567992
801170
346999
398221
497970
981294
423254
733636
385957
173188
971102
582172
545834
638459
468730
9130
110742
895774
126024
683
819860
84013
180356
970725
944862
151246
339413
766636
372056
392737
792564
963200
935113
193137
839413
672212
33846
209989
622260
149033
992157
456471
74845
215769
130187
684956
233751
472688
217050
868482
780110
62389
622219
711608
920027
566598
932540
446310
338643
718049
49286
807934
492777
179903
796981
853610
876032
668890
730660
546213
497618
520080
116597
554278
701046
535136
589739
713014
673873
97808
370020
128547
475227
161777
606389
759309
432781
623355
269220
147869
770980
204434
109308
748246
759445
963754
354577
724611
525645
395206
982609
927696
434531
655515
637634
71925
270429
79892
678941
305101
711580
345967
319559
888645
625701
772
548520
131887
423308
439206
276266
690294
141503
515554
685008
313132
848044
464996
87920
205760
652432
65977
769807
571019
244190
695984
149015
305801
733832
859737
660151
196644
109228
570095
916567
159596
316062
631954
228087
222628
150286
506988
77155
454710
565654
847670
786645
680262
768803
156307
703399
283747
187709
157658
649586
376538
942964
34737
693641
115749
251817
942548
354379
962817
397302
793397
239401
477981
160059
524606
918901
892718
533382
105074
180770
326431
513758
765361
228382
551782
791468
921242
67593
64626
531463
471179
473552
401344
717338
850691
530283
701133
828532
774441
833455
659750
649324
444774
643152
965979
774831
125229
796919
4050
120680
855194
968572
281719
798922
495160
681600
73105
183997
224925
647402
90992
112930
560176
499900
371011
234629
224587
616593
48198
732830
915131
913653
972696
394308
818468
22625
570282
285039
556226
97873
279956
919976
283338
23684
458241
804879
439983
335184
162251
377929
461632
224095
578338
564612
233710
518922
873829
41320
547372
674128
281107
742811
766895
676275
482139
179633
457621
932719
633231
794991
227297
355223
784759
188602
445668
272655
542274
342753
976313
551776
631831
269572
548135
662715
567114
153439
130025
151757
495723
19767
315465
806139
298744
341151
842728
920507
436850
885927
778395
20622
512205
472482
101360
420638
247616
989011
492110
740207
155965
394932
341370
163717
885115
111394
308406
569875
379502
341736
691844
449755
768472
703590
832712
828199
184377
152093
224331
159586
965026
725082
552604
668243
341928
116989
971280
852215
423411
735589
327659
182075
208502
906107
417495
895763
372025
892055
777041
327034
959186
409106
49187
699782
509554
200489
397323
602535
515547
329226
690107
902076
923183
375807
212666
77265
34340
372276
260328
830521
396052
990886
178654
298117
632881
945066
671924
813022
4758
339352
72028
208388
646648
916690
303723
111907
844475
169972
133880
666959
897761
668570
705949
90909
699485
416776
982363
48093
486790
776186
866138
827895
369767
351177
838541
339873
53875
11767
797556
281210
13206
26263
669883
161670
739366
199644
367808
713031
816952
146876
506546
220340
849359
672448
864020
860248
654832
831915
895329
136010
191313
69316
110154
289221
853743
417922
720475
880163
972415
67988
156283
730107
145532
452746
86610
288019
487519
505763
394373
508420
99821
17907
444636
500777
975594
436785
151621
835651
420267
813275
475826
501229
405065
340870
148829
647734
465585
505734
622123
297248
750361
844085
890606
282164
792205
263332
59141
599232
972711
456668
88543
398255
228381
942095
633052
520323
461173
907424
439124
301105
381203
185100
503472
201560
238195
433395
6646
221472
997297
854471
362723
68203
660741
836624
321457
53499
553293
22233
648952
728800
225987
958907
511985
976540
32590
260739
447765
159701
401076
378114
59620
425717
148780
92786
244033
695330
753809
119296
587258
542869
649139
61499
968806
776857
803784
483991
79719
65314
598400
542493
911567
600200
974134
503027
89119
405150
42626
465731
925355
652275
449835
37387
574937
422693
472762
280321
927688
656092
697962
52577
757389
634410
42363
632532
928408
316477
473957
712766
876789
180543
117034
288997
226607
983563
494468
847161
884047
268363
642366
157380
57474
395314
112863
626287
469848
604435
821440
698030
209705
612060
496447
139529
990610
4851
399820
105480
444893
905132
458209
982203
623294
167268
979854
851875
488058
976893
483442
703040
432163
51574
98118
929784
21246
150501
199635
661345
98053
918996
854020
117035
649671
413686
979734
939373
600237
304068
989099
940042
563033
295801
785214
797568
735911
336422
424945
10125
373333
990130
811715
192062
228031
986034
433373
892885
734595
88097
657291
382870
719875
578876
625416
688494
885704
944189
956465
163713
303171
84017
249884
784078
589040
250104
405826
787009
661524
724505
85783
800214
276325
72000
547771
918245
29576
550485
146120
605710
896564
253049
82444
72257
628214
425887
970961
444138
310863
625541
318871
656888
150840
218318
602083
218313
670278
723134
226416
18356
138535
465041
978820
723954
646284
674296
449758
713129
204065
404209
739467
580887
770807
809346
809624
225431
817155
421073
368802
676179
862784
330915
192969
409735
274735
42415
552643
328749
283391
795550
302349
657419
708231
57890
381819
994069
761775
922480
340337
964863
759599
427931
127530
200356
35823
739022
965365
128012
385998
517862
949505
872989
831871
994474
6221
734113
221069
956136
483137
561200
849407
414893
155419
153658
446934
990816
24642
337267
426803
225595
204471
848155
581909
679783
887337
235049
345665
319412
680679
672147
453242
45810
205360
501437
331760
45871
665382
758268
845301
426700
121569
665157
159146
236990
349536
832758
948216
644447
367003
900417
683770
778030
915508
844081
356664
975465
287883
841178
957391
571398
752816
640482
707884
993929
755700
246885
271991
189252
102744
148361
344844
872369
276711
305312
638180
825637
190368
663731
493202
33138
574219
648817
415914
211292
553388
807924
49916
416181
779669
996972
585342
936856
498134
231786
536071
804606
550288
263371
443896
457920
932584
248959
622709
430185
773015
729717
742225
599543
617821
654949
503624
443695
579925
482041
31973
359642
802084
875929
237572
475359
195979
63186
224050
476158
54237
537378
883184
583463
194122
332386
657751
31733
508697
900624
952853
218826
131700
654648
224789
424967
869661
104575
666621
811880
912191
678348
811409
241147
135391
789267
927605
98555
381937
300415
877839
229453
873223
742844
11403
787094
193956
868318
509496
460983
92143
578353
427407
772966
321603
722462
84308
955626
690787
479926
407701
578546
992139
252894
77136
218003
402081
704088
682226
845789
633419
248554
128249
228824
533402
862316
574458
424864
809891
577779
616959
71258
387375
788886
705608
652626
34184
143449
383538
396275
895412
634878
937334
669090
875838
448292
28808
790519
715759
255257
847263
465304
981980
939140
640852
576116
971033
616296
136932
607769
443147
318422
100112
774771
672219
337906
93668
740386
766663
812575
199380
719222
376786
590794
162049
17930
788828
237072
658331
701178
842188
720653
434337
640578
355049
224578
993541
589876
867016
809314
912619
127702
530784
578937
432719
546326
394361
241657
279173
550058
43779
871843
961308
369928
116995
204559
267292
249023
136616
538264
71215
541553
858620
439142
724700
619693
967670
972953
444206
697837
486316
465614
45555
998249
427557
871122
54368
469269
812621
155617
141714
354046
513090
34969
436591
39996
578891
883776
517611
901397
471336
733294
308391
120239
212484
780057
558579
952559
720327
961467
634356
333106
221384
431970
44705
927782
409184
481492
935655
700807
973913
767708
21805
256754
433606
324981
587762
314791
999980
770834
343057
712608
738142
608584
90215
529864
666534
399065
666315
175898
311967
504670
3196
994135
522912
124048
277657
303139
597331
233075
805641
105405
447587
839391
516986
668441
397715
253996
625927
453852
199276
392377
159283
28979
510479
15705
962834
909713
610664
914715
848519
638787
228291
977525
333864
373809
83640
903436
101630
7475
522370
221219
848808
971085
780974
662237
997855
176073
119407
801456
838227
980528
318798
744937
277621
241060
86846
827413
948494
260253
743822
198419
681676
661502
92407
844340
977437
717715
860437
500108
86196
879530
156915
912408
97001
583115
228671
678731
905981
200148
135644
867255
709243
986166
881814
395029
810489
927622
609137
872881
245374
51392
122586
758069
941950
482079
341695
229711
627328
604370
414842
549186
422368
941659
423592
249798
356273
142217
203032
583965
386234
244752
57696
974260
267489
629058
916553
48113
535974
926764
813546
488927
587974
13455
96210
284148
783360
372666
267039
28027
320499
601793
542827
303970
743526
785628
402534
121762
632482
409374
965695
362630
668282
417231
604796
478427
209515
27817
11114
132019
692318
566508
64686
534101
918666
42014
124665
969348
921590
190754
345562
358762
989084
247924
739373
783394
812585
210815
333233
967967
255329
211483
138424
584892
266144
828518
416695
610080
314491
669630
688573
202061
378757
51416
924161
698630
236142
285440
417748
376219
572165
551149
935733
272914
820573
358336
435907
226548
71950
471129
381517
970481
501139
771734
291461
23088
992337
459305
968660
891959
538295
729301
327751
556852
820864
230725
904230
15590
42453
477129
522597
12907
688592
818350
880436
707110
423132
919416
105265
916236
27000
937854
749949
160396
783258
770019
96492
461913
241008
390508
265366
872085
12545
615747
469579
643099
660467
235079
952163
864169
130469
835982
699570
71400
562428
948600
341595
205210
610172
465457
74108
375007
976012
207682
455239
11364
504732
711700
811824
378473
569314
917827
768066
429612
690431
618587
120077
991223
724545
396658
890746
690499
486273
309666
311935
808456
403181
956129
542765
371234
826528
270142
850022
832097
188077
143033
998125
301485
413179
189952
881238
430292
31434
612354
486172
748338
766676
527474
373521
619836
367758
488858
851120
57065
917517
804377
840398
89021
894598
294459
841391
573427
63086
440179
927157
677318
296640
972023
732979
240092
3485
358328
61280
100624
974349
199869
818472
797786
907811
220699
581276
487389
548671
412883
432840
991437
927534
724680
558629
154107
18220
410971
192677
510463
289097
306981
819116
87745
657384
222608
64479
633956
586212
231506
400596
315215
840974
418888
140521
645464
740242
742891
906224
765519
741240
556721
921672
728997
151878
630658
382663
969400
16834
602069
779603
283516
496852
851303
504976
157703
19850
716376
376691
416504
887478
294370
911222
634629
82226
181046
10852
145889
534148
450101
324756
741318
965532
150087
365426
689572
171450
107036
701432
249254
978028
688765
263485
75741
394869
229710
971748
783307
581642
945570
338293
732814
667382
939259
542856
450728
109149
742941
737821
75239
308701
480461
530697
606709
104656
775403
994955
848062
437102
815017
962941
708601
172112
378407
102566
755862
295183
915757
398892
984899
905419
960708
809383
289498
582471
146161
300048
340458
739506
696655
983512
577376
453249
455752
384917
262289
504439
907439
634007
306279
858246
141629
274265
859431
42831
446823
393043
958363
100102
41112
759404
434976
87665
706832
255245
391182
903247
23769
276817
645823
749845
840929
793688
957374
867923
861369
587003
557326
146742
609001
454234
356884
666470
129901
789904
133282
272592
188369
490696
767648
417662
736932
612009
522137
986465
804956
245357
143775
992049
626182
285135
54556
889323
34535
632099
15351
201977
788020
572479
544223
301744
255275
235415
715831
459507
71949
983143
966558
180340
137336
958729
362458
292891
158820
924390
620512
570239
265786
295817
377026
217745
48716
302735
759797
64408
864885
840827
80638
415318
770062
17638
652793
73994
316106
807315
632454
454799
670319
287521
277265
612194
89970
328921
100731
231296
93805
374951
215338
390894
263103
91366
766570
598098
413824
612884
522366
468991
200735
588645
37191
633998
469211
151667
428048
623655
781402
709330
782516
825311
542121
654018
839148
197436
750673
868862
244601
92883
701842
300081
528362
79826
224959
821896
609867
846234
521653
861602
475562
787268
789049
761764
147463
649029
618414
94634
638743
601644
677167
450008
71605
506568
742351
412942
563622
548198
456810
933562
60423
343799
937448
701703
286805
99153
49934
865843
834329
144780
456128
61566
185390
891085
23383
407998
900208
323615
484059
2767
498499
841724
126557
886248
672445
406060
113652
600586
326257
857221
782418
421265
493529
407440
393282
769517
475807
934028
59456
817002
175688
873164
339316
644266
649534
740859
338189
25205
525944
258176
464438
886759
643208
848252
468856
398600
358080
502128
687980
492473
923074
471996
736859
362697
897891
78850
20084
463527
397948
540201
173289
727410
555853
546238
41318
589677
839181
617460
774638
403150
634450
487692
10324
41141
319129
795600
21588
22714
265203
541433
332940
764895
734925
768880
71322
934628
78874
136690
654099
742074
101791
298060
821084
595535
180058
189702
587497
375240
245008
74012
688720
825997
970866
312935
550985
244797
909035
617563
933252
409603
338889
44137
548135
281280
136133
650757
918627
901224
619824
83906
68018
719337
633852
607448
462639
201349
768101
345096
390417
100481
645882
833110
81797
991733
326540
549557
618408
605252
472818
412225
32030
323814
756533
424038
506194
892385
865951
213854
638986
701719
939995
20567
149541
984696
143241
119794
909620
186711
53921
224168
793587
947290
554689
756807
73443
997900
633876
329306
617221
559629
724257
518567
412276
388649
967789
834642
112991
573893
275086
554463
64483
63989
87246
645397
636161
982379
358776
480190
354113
449931
935618
329290
472610
815834
632150
892819
611196
756820
503359
384507
407284
133852
54957
359473
853468
885646
746404
679251
992421
897968
84103
842925
302337
395272
392893
454880
173785
807687
435134
353950
67816
752931
246652
674194
500979
779778
261424
979036
708133
928082
140799
851962
179146
358517
478089
989186
689512
284762
472527
428748
875894
489383
369726
923052
67706
920786
665116
456604
637250
841487
524302
348665
259006
191652
922755
666980
371384
168088
959873
638729
401010
698761
641354
658236
880539
812189
553898
956223
346989
410577
681632
37984
850982
233837
193831
727871
607968
861144
375328
661934
487247
605064
395933
737073
312727
879057
626508
462628
681672
113311
500670
968636
268919
244415
729171
293541
681018
452183
751364
223563
333759
273782
556493
88117
243721
372742
427637
769867
927625
743198
964859
191032
323733
2292
201247
591786
57927
876912
251274
428726
809013
562907
518746
719641
254280
390646
259342
232410
791419
507367
955147
535115
27314
440590
620361
625646
196532
611831
185885
316723
349959
233320
981091
313823
926695
814873
802183
753545
319714
85443
497264
211519
117907
789777
630346
99269
462585
471795
132783
259325
968627
723858
179762
355810
782682
329054
307783
825518
330747
338242
456210
772380
248495
653177
817546
528456
107865
101242
178698
178610
178428
152847
679796
366113
770870
463940
69634
519588
231773
488314
718699
859379
309749
607323
978094
610805
389131
814375
900157
540251
202864
47661
920265
710889
696981
952534
479654
346773
951680
750428
983068
86984
481129
440792
289545
5249
72947
158008
2422
966937
762122
428559
461044
644705
666197
534534
737010
645479
362776
761136
626335
152
394474
814524
773814
533823
707405
979011
307307
535531
350831
521345
205040
71535
929084
944353
137828
692099
837150
897457
128025
284360
950354
758453
57984
747817
59752
312471
922035
468189
587991
577084
742431
236041
265082
874161
65612
394945
419243
106756
174027
842607
61883
753391
885883
909836
548491
849712
253879
606348
381834
111988
605407
239383
300619
206385
792642
701681
940545
770195
888997
50298
762010
464910
874803
620369
854966
444242
191872
166676
393091
162077
839163
884611
891959
980714
910576
951363
737192
595335
47032
150526
450891
278852
751102
857319
170503
232327
567662
515611
643253
151101
579323
621539
639287
793707
145997
843414
98098
10978
556678
739228
339177
773393
580464
199373
52663
799540
496069
76599
80169
858347
475610
378687
380341
320101
479656
23582
799579
243131
411192
943565
619799
472537
167851
989948
726208
201111
145635
197179
21569
370982
551506
812476
499313
436389
561437
943471
63312
57427
757676
329613
322784
207903
95184
538289
89629
208156
163026
482336
418267
459344
817492
595433
386620
463787
888614
660904
226506
200661
200616
974244
287799
203296
857303
504152
783854
101597
544502
172879
239637
910026
193561
122536
145506
200105
211665
310521
319319
939756
618031
940624
688283
77260
526263
855189
215735
693432
518819
209675
273513
134315
555664
239733
305000
848022
294601
32533
372790
379069
691759
834064
960731
552606
123457
15405
580035
590859
750222
483964
758902
554713
930996
281427
896367
566129
554835
864052
540380
824131
622548
387658
642033
662875
238736
620114
98665
615116
512542
117335
261147
814536
260604
305493
874293
466257
365592
231423
128791
892170
778108
777628
937358
170215
672085
685964
322987
744260
832606
88489
718912
253009
583470
900361
648950
856298
804058
916063
234958
783428
644168
36865
464754
848067
66833
715012
782007
757097
220690
35011
591218
726250
776016
744511
389364
445467
234245
864928
717155
572040
924811
273370
349750
166884
750116
984491
500748
148955
923556
764864
185002
228036
767931
370679
137615
647986
548259
742208
659446
461098
504866
525148
691560
490350
563324
661000
649659
127288
594553
427891
397162
142083
456654
12650
493650
499458
402859
689492
313415
182196
274144
290393
930385
123343
917229
849439
218822
856217
792036
131244
323397
72726
209725
258799
249932
623196
488246
725722
104823
91458
265573
67304
588246
320887
110428
286972
512425
950510
349815
892778
742779
995511
175300
573710
271192
758121
896144
955674
670955
561724
129802
884910
521145
457459
662294
707872
736628
443766
657393
949915
993341
236094
87356
593251
804409
267497
773927
37046
782287
743533
860795
52110
640059
333929
202371
692996
342546
106199
61464
697166
149906
218078
114760
521961
477861
988100
959331
95314
918771
428161
44705
69805
877536
99694
823923
717385
401769
505564
843621
736635
958230
576194
262892
175335
219741
42382
419346
165853
637459
312860
492667
451359
331599
887236
197394
982977
186077
614030
254293
130153
243036
640577
672507
601462
845557
298521
469566
73149
372280
323350
613704
452271
211156
211121
710590
559958
63347
641706
652771
797438
467120
969596
579115
47792
22966
198514
685021
763034
120566
539795
933155
474506
441540
20601
508401
884953
21711
41472
425040
697764
112763
825241
303558
694
532381
292222
264676
717378
890258
155136
319724
643531
378428
435388
60636
568742
609691
862700
916315
45719
793411
483801
675583
723993
390143
922734
565113
852730
806851
627817
416286
136034
983366
213098
785554
527604
781956
834030
211091
550604
197134
403861
395039
666857
394508
364575
387203
708004
739153
835957
752386
63966
250841
964580
659678
636473
510050
446820
748870
591101
590627
924310
701275
940506
488493
333581
820448
151437
615069
871172
459647
298395
180731
134829
350834
90106
761523
666793
81044
913295
660270
973459
250117
625746
279435
683510
462771
259726
167103
987999
263564
403909
612038
406926
52093
440625
18244
873542
58533
577508
988733
395332
895259
118417
111085
232076
169880
56675
681990
837022
999619
54091
158276
398216
168408
154007
168558
902421
909555
438270
901803
224739
377919
924024
677373
600210
123254
777418
375839
272344
64723
326239
513847
256114
678236
534930
439032
15029
109253
308233
776408
750403
921155
971195
270312
294233
689391
505937
149461
466692
165330
88298
755129
97459
683027
890553
189983
564904
431738
272586
251090
478473
11296
317282
518368
545619
46133
492803
223280
332910
727150
751758
727613
598235
129161
969987
824878
512969
358078
888228
874260
855943
841988
949881
39551
3220
327356
941164
488381
946707
305022
612180
127024
710491
525375
133135
792331
430570
130076
726983
488041
680697
274437
592472
620746
968618
966665
129992
762090
22366
851449
322740
636992
716707
701948
590924
911504
203018
611311
906613
463469
877079
440822
717517
1743
127698
655012
671371
723852
271931
109123
836419
834807
45786
898432
192713
400530
584628
611446
237998
565232
718234
998677
338982
987372
586203
505646
372042
617983
157721
559263
898360
451394
49657
434838
561496
92481
603252
891907
861882
469816
904651
542622
58971
435629
907031
662354
241991
573225
89022
435461
406680
251092
45506
983621
864156
250156
130803
456976
663188
544610
462149
14655
185817
19985
583292
952913
672154
838556
759811
25296
903552
33890
139485
975202
848882
764192
833651
893359
424052
574948
551883
716073
800426
824426
981849
831164
45691
371797
895728
694164
504849
323339
224145
967302
448444
514477
642468
256732
418102
402866
205764
307200
16897
510047
843189
654339
155245
355557
785585
829899
42294
737495
959391
251607
177481
291206
863845
755696
983911
672698
85780
444015
37347
839760
590850
149029
817477
784235
746230
988394
242833
504984
1275
128709
650721
135298
920663
135029
339503
656526
79126
597658
44079
567700
974591
910467
892121
619643
993768
564501
331780
861360
668005
737940
407406
685571
654556
698001
743448
963102
448948
308528
968334
621986
841260
974933
335557
409823
679240
964331
55580
421040
439525
1168
68805
107954
711982
535521
778557
874463
252455
537757
255735
52234
80231
693240
377431
674169
87523
607743
267801
332634
611492
195170
563922
233444
951835
792867
311247
706187
193035
187610
56474
294303
333348
160354
927579
479426
751408
363812
11226
651780
329254
847101
878050
561821
974108
552399
993793
154246
58266
375649
440429
591796
11530
677940
696961
754290
638283
736035
546596
880538
114852
53
28874
360175
773333
864643
910420
637274
67658
768832
330451
785343
990761
450794
465834
126716
662154
58700
859729
451902
942214
207277
821174
373055
224104
200281
938110
60896
226369
805705
820585
307486
742872
768945
968723
811892
435709
935527
335766
792205
879230
936363
277197
386085
548403
527447
232372
383547
886708
720676
565355
594421
248427
681750
512793
648592
194180
949702
461037
221377
975297
868874
195648
47789
410985
972290
323158
749570
380832
724930
665860
11312
347410
510039
662379
956808
815753
870008
172514
319919
874655
412875
140530
711614
987853
744016
826938
317498
46753
799726
847603
851819
965774
23768
781454
825243
290526
318876
418682
68332
406402
974856
962561
485270
547338
523321
241490
552765
199279
367361
706649
85355
779470
283700
664842
653423
126832
321743
997950
264849
719748
187142
354804
611312
476078
407529
629112
136379
679160
621170
623009
793352
36710
590829
974451
458452
485608
366596
976613
468312
376937
315366
326014
577028
827269
679444
63961
252378
933079
170952
431559
470954
318127
633666
352595
839270
235107
286000
530336
718433
217533
267897
629615
701737
824338
129446
851773
890813
873522
171501
987401
387693
561147
528092
530227
483597
882888
81055
285120
998549
570439
346285
99514
239640
94568
719253
125365
880607
777906
200161
979756
731874
945904
645668
155849
358626
960840
617957
270659
782693
816043
936040
834722
160015
382312
82261
151710
685594
269020
835080
404261
548658
971652
63540
501820
411312
896627
634420
942397
938736
645470
747504
976766
621329
550165
996776
632914
342024
43276
251488
54377
584225
321816
779496
617171
423892
840373
476359
103137
917696
874563
282884
981484
458375
541650
892496
644079
662341
691410
282323
393871
812653
170669
485457
539580
240130
120816
356857
407535
463599
437156
840522
556691
431173
310651
970850
178240
987087
327846
390245
28130
467410
130500
134982
897208
36198
491700
87285
647865
854635
425931
378085
93969
481962
75745
567865
960712
333130
395654
797898
935492
694572
795218
136023
320229
949027
278554
439818
93646
474067
335359
826723
825924
37541
209568
923524
887598
2276
683951
698007
957948
406135
546721
97887
649508
59643
204991
274586
938184
505148
835546
849232
388724
571217
336156
421180
849795
301777
140089
126803
122145
761269
32451
886325
530218
710476
191581
889199
109745
817877
525063
238123
986334
325948
887833
823413
381231
821684
69003
986730
317343
260269
732976
642111
287011
207347
599299
431723
627985
325283
81114
331827
83676
131210
276151
440400
611066
43547
354430
273342
504230
623565
272128
649443
65729
590543
701749
788890
376020
826473
40457
22300
224752
912304
702733
363083
641334
400869
573710
157338
762099
487084
137923
386011
135587
279716
913056
437414
179991
684455
914375
913635
344049
658719
616606
953717
258059
799043
509627
921603
840823
807277
747004
270308
910817
82458
74548
816487
56401
863677
688768
840828
4173
349056
884855
871105
992539
558360
763903
9453
36388
313987
473789
630547
6068
544481
967972
38292
341598
234988
127151
617700
238461
589078
762857
848823
337301
748030
347753
746695
279447
414798
826332
923781
238787
889203
652090
514393
60840
390138
810459
891800
166215
879876
401826
80898
699926
48038
113495
193780
398432
76383
575123
97008
241481
680374
464788
496071
88048
969520
449777
465697
289965
944043
128999
739049
860345
809947
499089
827863
109
214686
835958
446491
500195
837821
373501
853091
354041
873857
61371
302153
417012
528560
485805
242204
435200
101923
572353
985482
442837
110277
474894
560551
770294
789866
248165
986204
748948
221897
201855
291950
133967
828760
169749
162474
320540
134594
907087
29483
171649
354504
743636
776839
978685
687089
106560
82396
806086
710575
499700
273778
905258
505616
390342
4301
280663
789597
969945
182738
521270
314131
963144
767187
935217
903419
147132
661625
698262
100200
445470
925005
180435
586637
967845
636899
90145
774456
184784
695651
175550
341807
293488
189365
664786
559078
124573
248649
618867
842009
379017
669312
896388
367244
620145
130298
229240
961885
477167
214077
160756
212930
115693
907390
550291
597413
130420
235088
452675
557721
417442
723238
673804
898295
480506
337414
774513
66138
139221
850893
400751
207667
204087
754265
336610
301961
607805
876566
537287
756112
874738
243048
971740
740773
352576
328242
773860
890660
211459
865281
491783
270759
912697
851865
740885
806235
854230
512537
615915
670720
448628
49933
472494
158077
733992
379472
352309
54173
935984
626524
588931
463786
665992
888048
576049
706660
331355
953948
262379
990750
629335
343916
307281
70326
536281
973039
298557
385007
269192
909923
530212
163629
410493
680318
961941
944396
562592
343707
16351
485532
405902
115264
39824
506045
43574
492168
107735
730068
198979
220018
738891
464359
729587
889028
769284
611163
949831
179613
253159
617287
956051
360406
900288
979188
774773
362388
96328
663988
871586
112750
175237
571419
807708
438901
842256
316447
393344
147748
612082
290568
81723
338085
497704
358163
649949
234942
665478
89513
468550
472150
300152
832503
164604
135080
752035
468393
791135
317891
724458
897480
313203
703355
869836
673518
324637
881776
239274
214306
238185
813304
396326
253268
505928
160940
592040
114422
499543
815628
477946
856628
996378
916944
477843
176274
392903
68172
937073
304865
607359
461694
637983
694622
208792
637623
969174
155175
114517
33508
993344
163867
671543
710841
447127
881613
496940
580089
757100
451555
201638
281828
145860
180561
427655
866685
55517
156718
9720
634998
638670
830832
275353
249786
48076
363337
249170
971223
981129
917853
868936
905031
754934
801374
636972
523353
140266
112070
640237
34177
810395
206256
683278
570488
490440
447124
158994
665489
301561
944029
463123
766426
171614
921449
982705
123499
861205
222044
961832
810254
10759
927521
131515
850826
665649
635391
886733
905422
369921
250771
722638
648055
303830
107888
408338
307966
658474
927375
871421
514689
291660
616116
718875
716524
39877
723744
473612
873540
626653
958957
228956
32784
640822
80393
659249
555556
937749
96785
531678
532363
35585
964745
499220
450000
653060
63478
995831
314601
195406
696857
69903
724865
825913
321032
481173
601313
673768
142826
146285
18490
766792
118158
55924
982673
665592
574952
928494
761479
380805
376426
172066
175044
530318
276859
974914
605120
453191
342295
894210
828589
587928
957827
893129
644997
902373
287339
61445
670571
72041
941082
307033
619456
479099
578196
972402
269957
361331
205075
814839
92968
839334
14429
70622
313261
423116
822654
197340
955834
369859
754663
42804
380287
83308
29603
131633
977856
619636
783986
513135
440064
574445
231812
166227
109196
986330
222867
971354
576225
708170
995933
254095
72762
28507
662653
135446
193018
208032
914661
727846
931379
183965
246714
40212
967569
331055
389068
65226
805223
799368
444465
447254
753043
990168
683965
990943
8335
811272
637215
825906
148311
501472
891803
724346
235315
313545
860384
552718
389664
345516
130245
42021
731679
862712
103845
463332
848921
301315
117651
377944
482989
488840
442364
564863
767576
405775
794264
934081
819584
595882
348556
296956
747933
996379
270304
676413
628100
854483
754328
72650
978450
756053
674225
608412
462001
784313
341177
562538
957706
189133
660107
88544
213383
85270
227430
484782
709635
414452
164778
536509
580113
814179
772590
267709
224230
441822
926784
687258
82980
825438
897210
879821
80131
122368
68797
413071
509278
119812
833549
74792
228504
399217
858953
460389
68841
20054
433157
124711
650121
861228
815174
487448
206391
415064
57369
801657
673062
598668
15952
692631
71749
286669
88794
953245
432233
127567
781758
678658
450970
721404
181556
27362
832055
647380
268000
861483
45830
483053
861228
24750
498588
74908
885952
476117
111653
234988
795873
480308
539345
147339
332835
426296
429852
778309
197388
625276
629688
632679
731079
513018
9368
135173
768066
175838
871323
109784
356004
218358
733843
608639
735598
93510
988210
263142
892717
752569
354192
980804
440217
344241
18716
177662
132750
742271
853596
83241
23780
728366
96802
110253
47917
686906
734669
381957
1738
269214
84281
107106
342250
354699
948932
865327
484385
427444
590014
714352
953184
976006
287212
531523
166231
564854
271417
470089
290596
470706
527162
64478
596598
777145
826716
115459
814083
988358
635373
84637
234658
14695
844291
450967
85765
505581
949709
260002
275031
520060
607668
679132
565230
576066
706797
39182
603181
137669
935518
859152
417401
444180
523114
384263
739030
221983
950299
45967
123357
91747
86507
879923
546844
33085
748975
325273
541066
520224
617889
425595
593637
413538
397768
607568
194154
983344
305222
119689
719536
888098
968702
937335
963362
508586
620127
101449
288983
966821
876306
808499
986448
3476
136124
438187
41357
317668
55728
215373
136716
952937
319412
327135
577567
371050
770670
615086
156265
307477
851308
391831
253749
949715
822093
873890
565554
867958
90446
699656
721423
180495
973556
388629
174255
55069
89619
473448
489929
683680
189370
921176
949343
326219
599292
433009
810457
524183
902363
722460
631806
531636
643410
688028
333774
71322
942655
926901
611070
864830
871851
157223
940496
19489
660856
810904
806671
505602
74086
975887
587300
433844
965633
748892
669656
85834
106091
86358
66727
459310
590401
324348
490557
56465
558637
64189
961744
494652
25864
684756
946713
61830
127593
702666
441136
258654
620687
67615
945091
658824
782375
532611
523378
203813
984890
590527
782155
924266
997301
178161
354973
713651
791958
464692
861243
629616
472817
899550
916303
497341
178716
66275
222359
209744
739901
710038
640449
989964
420654
143568
414111
556914
229898
158377
647751
768951
388887
280099
765770
763440
730960
700327
910863
439209
251213
340647
899147
919062
276689
926434
872927
22881
833008
886726
995341
98594
773211
894255
29528
7213
193290
885582
110584
705284
207492
378085
452023
481965
9742
837614
377387
524063
665198
436955
136080
682070
794394
129721
846593
792134
713794
317294
392851
139372
52599
247905
886735
295167
674742
450104
691273
324165
305365
804476
607265
439427
296073
302874
160854
573773
496402
957059
825474
586939
945923
117362
225142
574844
165106
463693
742578
656580
429048
603557
326209
938081
9189
43160
145839
796267
641027
171094
311592
567962
536517
140032
629359
224690
413837
376236
640823
150617
447831
931205
771874
655369
620677
223632
548947
46368
592711
323849
7026
703572
642790
298923
403899
777157
982894
286479
70339
855851
656374
864812
334601
734894
763725
505597
374709
147157
88771
728192
852592
87126
876497
304090
92895
113291
106022
227224
529981
411846
933711
66640
125139
81915
682689
805414
792727
514204
982278
909354
449119
505858
566466
297183
578496
821447
155105
697559
804999
402864
198304
552313
268051
131975
227636
411237
952206
431688
913818
447406
241542
29297
480764
772550
722732
523260
206525
376695
937383
84009
372833
94285
344406
120116
634588
47698
831905
170534
353206
117169
649786
814600
434263
737980
699958
196914
212469
163913
698434
521665
665623
953207
211203
803751
312004
856207
676238
414876
21197
560389
234881
967026
608564
945245
380220
155590
256888
180970
525375
856530
683966
906289
414242
445152
784029
460077
63851
185433
262598
786540
558223
554044
882318
956375
686664
855850
438810
417934
711823
225309
886950
214002
963127
617465
521074
178428
402854
969403
421897
509130
383344
236430
387887
564666
616081
368956
638886
991215
297735
775873
216605
798129
604938
987260
94582
796913
818409
358335
879410
372905
522818
541125
205244
287266
270878
782147
679055
797135
582247
747799
296388
56087
700294
441693
262396
895600
58909
245857
983974
20455
854302
260526
627821
783356
522822
218373
728577
452329
657594
184105
47297
936195
310844
293015
306306
308922
225610
615444
305279
41659
499859
190750
875613
243444
466583
650692
457240
14903
269338
282193
699088
194552
645252
502692
918762
603889
777624
154971
214372
574053
201551
689454
679929
591104
845264
625688
103981
221661
857359
979311
329398
101282
997567
112277
21511
598406
667509
752775
164730
328499
486875
444946
973784
165702
943693
753510
25928
817588
451859
442883
516755
694726
123708
792528
369680
707716
44435
637002
768497
241648
554817
245081
867432
905065
209278
861823
401783
281457
13813
309289
364883
31176
850292
481448
866036
763703
222285
619449
440316
21608
453836
869504
307009
733746
583828
637908
282233
579315
558936
15603
930049
746071
646707
862102
418826
223797
771813
694048
333280
266840
263659
938928
530840
828698
685818
355669
778966
870828
498519
85793
771000
952435
522134
717270
40739
804493
886189
170878
542632
494578
713075
645911
671378
21749
15291
140714
555598
367080
153095
926972
9911
48479
492395
901918
421886
599309
279232
293855
761011
257612
1281
912802
573618
411704
538437
678282
225708
868858
956441
265105
128913
358435
611897
144312
312791
623534
378795
958681
649194
740648
225017
81240
249328
227627
470153
239352
254968
23878
978714
828490
789566
154040
122525
251391
447197
145179
119470
104607
530322
111710
829933
80147
498792
185195
155517
330012
273606
175527
958809
943590
769297
900695
19022
258679
558719
76896
405465
431490
61945
926503
265245
615128
165484
781655
330497
664190
166957
285888
549988
466905
729286
228061
893310
783046
272994
401966
990036
692486
791440
69508
78231
964246
587639
468443
46490
534685
39511
436961
443886
807423
359927
263637
441181
920527
472817
751883
564287
686241
150870
946636
478523
116029
293695
750297
235678
303535
200689
246352
78353
630075
332396
802408
882554
98029
773904
221591
481714
40847
970925
171411
499934
924661
941926
725556
998956
112562
780224
196344
138988
987309
60301
860321
921480
220237
883695
549753
138594
387921
534411
621621
174857
299645
146508
145592
155222
489007
658257
751662
876969
675856
487156
307097
131452
503846
693176
888232
91616
403205
695054
894211
1372
943013
989124
522468
95391
521743
132747
280223
741022
915506
687075
627906
207438
302802
677605
953175
223616
67552
738796
76230
543956
957604
384353
412503
557979
176790
815202
788246
69005
749901
855311
713295
77923
454735
179377
94137
557523
785223
138246
315951
294054
350164
494701
256537
439479
401406
85738
704041
861002
742467
939287
653506
794374
372752
733800
47155
558032
495307
591897
204704
664838
820685
110774
819265
424341
433069
932935
94468
76536
32951
792789
925902
74253
938108
81373
54751
212117
971523
74961
362772
991688
421917
777221
384517
617939
998294
977725
998094
961327
367816
792272
44075
314847
52297
691064
427517
500102
726276
729593
17129
942306
504613
919916
262624
50281
622574
362600
437177
564606
650215
382731
941562
130512
23218
798506
534005
735888
169660
864019
38351
150733
305808
804539
948380
544045
190277
742729
676006
793546
777688
122942
670989
358630
371028
119679
587400
560973
737389
249024
706057
598470
269805
541967
668479
821749
311430
791674
671605
673680
322694
896286
505176
61052
967272
570382
875477
66819
954758
526236
106145
892148
433772
613703
444690
438616
688905
33153
924458
164940
253951
292315
947189
909056
174297
304719
118344
779658
177756
948586
982697
660136
365814
8340
465677
318353
673491
799613
582588
276278
253647
694566
297361
615898
291846
529801
779101
733898
142214
218662
271596
697851
454246
227628
667295
506176
117616
436608
335480
381285
295801
706540
534133
94827
258770
401191
538707
130847
59287
403261
369331
191705
939749
748059
495258
14094
2216
236729
596371
170323
475537
479652
436079
468527
640935
409191
78189
285787
543989
493013
402740
606168
283041
438774
622204
227437
736029
88140
951309
32892
311094
625280
469280
213504
566218
956398
458849
843494
691735
420042
936854
360836
197678
869677
812505
982842
175366
44352
867649
827236
221228
580483
584159
99385
76632
87995
362916
19843
7836
987894
702368
413243
22133
72572
472101
656384
431236
522260
883146
589748
341782
214512
36300
63219
75359
567286
269582
2673
683462
418859
486273
872367
903322
132606
783070
328666
912546
386671
397200
220160
802129
242138
928112
151151
570008
378212
975976
835308
359382
244801
360952
741261
222251
307295
127255
564084
282730
944370
76977
583592
556844
887901
371983
646545
927682
572986
671957
832144
551746
151174
452900
5049
318722
761004
472928
298350
660451
632172
401419
282521
321285
843048
83536
286213
378072
18571
98972
371226
373650
537110
842983
898547
941949
407432
370385
279773
710888
574442
686823
462063
76989
679028
988996
932097
426227
829471
14868
705354
942554
190536
322804
615450
920787
262782
47797
462000
622690
225384
45056
570617
40604
661334
8595
556646
318714
216802
961962
167848
113680
623554
529784
915339
838551
605550
82132
9516
166
876264
494577
726360
142976
572333
575750
470275
105926
323190
355148
80674
35021
877419
22438
655269
951114
930469
934170
707925
403754
159774
652413
270085
966079
279544
150638
31160
166804
510758
428088
912399
725857
16251
615259
999277
918810
185805
431268
570025
263778
150789
213113
721263
28765
323271
279857
535092
534306
65080
960736
192275
94031
156848
267952
477897
232824
673086
753002
538953
553847
403922
265428
930749
304103
108171
613365
559067
229420
371230
865908
891039
55465
502175
512287
981738
957909
130543
632263
436855
877672
892419
63880
958006
382191
250572
864678
18055
371647
699464
697682
89748
700102
376613
250573
580427
925436
134925
67620
706103
779769
593299
94873
963962
184097
488504
909794
630569
712826
912665
337418
534212
959518
186617
64054
975504
665228
867559
542914
665171
913624
484364
496010
541676
62659
329619
189637
331404
728933
550133
978763
691477
113543
433696
652087
822157
255693
959875
167975
687102
819856
936953
732896
435118
540682
346063
749583
871479
639274
71731
457386
603330
236360
478588
667701
757796
39667
253904
852513
678805
562277
979958
18447
124616
228696
864057
569714
986540
736561
69429
515921
565055
695003
870209
597292
915658
391919
231545
817718
738173
38671
648742
536129
744103
912082
439884
754104
527249
16217
36369
160069
135032
628288
440261
368979
681510
391857
286418
366253
614188
421906
784769
135429
563070
270302
338278
533458
27627
180561
5098
15824
81399
928445
665267
591467
530199
379386
978290
516086
547784
817339
401416
904533
662796
563515
876310
797628
535234
409749
206880
937870
265121
883
644508
251559
352976
741599
943261
526901
936165
241909
449751
166017
329081
939193
146894
74316
162789
255301
439520
999892
949851
924379
377323
261238
127330
239769
119708
387181
185199
583114
840277
323704
800157
681944
978490
831258
494986
885216
258201
362683
647501
911774
871731
906284
609431
440903
557931
155144
445285
291126
868234
238581
12895
909182
349357
448010
444241
677598
298700
501067
845187
248466
348071
439823
315190
816518
889487
886595
270718
267109
795790
413703
401335
292816
130740
347766
540581
691883
170879
611779
469036
66705
440166
690622
906856
886375
154050
143222
459114
584590
632985
724857
811856
871538
876425
523639
788288
197440
698574
451461
641281
569972
307376
222077
51445
98384
958348
350402
871607
57448
819580
298593
948173
812122
359654
444883
945994
216156
825630
567839
457347
907502
649209
205852
490155
244910
841967
677780
279566
806666
472108
483013
6822
9039
637747
386497
594589
930145
149743
747445
487840
942084
574744
135110
429085
484182
611582
162775
547801
355999
736437
809767
889391
721793
330014
518104
235688
368138
468685
673482
294836
205032
339420
632806
58435
120572
975627
308087
524099
84167
978194
319154
332982
536641
123270
159638
501871
3016
956707
172334
220584
766645
69372
230452
209859
553227
102012
762000
919388
170441
121560
173565
152967
371295
179539
393612
980587
220797
561837
274947
109754
823494
352041
486429
793612
697251
396986
938805
82647
129012
585161
397565
641677
195938
37158
760936
964754
422416
339080
287400
858201
177520
276866
280337
647834
314034
98629
952413
196849
335638
760460
339785
789782
244579
390632
982556
353333
57520
94504
689287
567018
81631
562404
505128
731611
304362
15398
214761
574321
452245
704566
684037
337267
955523
969089
699307
681281
452965
792805
197051
15211
121037
300252
503533
554540
995744
161026
532305
774726
919594
34244
239088
87099
831244
900647
173714
80549
217488
389746
973977
618739
165533
394362
715595
694336
335622
194632
449837
576209
354876
799784
716490
267627
450276
101073
306515
475023
105860
317292
639968
34580
665942
531395
151956
188767
583807
455431
260639
43648
99993
833213
175646
81068
345580
382407
299037
799443
161020
373899
740668
942430
755324
21442
503791
881863
795680
434079
660191
641300
730448
351513
482862
335985
760696
540631
724056
481641
905852
29432
542068
352193
427657
297596
336858
994929
37895
501650
715039
711295
134699
351934
621308
771706
934952
651558
234445
963921
440837
699642
53749
343886
557066
361854
103070
324658
10068
142902
627422
389165
525960
588845
350453
975418
346340
885985
898483
984021
696561
880270
863671
761626
738645
293909
536657
987451
316165
472585
632969
231006
421783
859159
66681
115985
899189
399631
966293
382123
412333
575955
458379
773312
5478
948635
752901
785536
310702
21154
821900
820844
471790
507696
431046
587318
802879
151877
755616
321717
963477
394079
447558
602242
716953
229864
739855
985970
194645
751680
818935
123120
528521
445410
867332
593973
307738
341429
659465
636967
711786
462321
6344
295499
994947
443308
421362
917545
113260
673537
219275
581435
885982
490971
127465
943697
878672
704611
219867
623428
610799
899844
748775
2580
115626
512279
142571
24737
236521
553392
505060
183363
366109
585092
210189
103686
468274
122229
181663
145157
120034
884156
263095
660193
563619
767154
395862
134687
168128
465467
229186
277212
923462
383056
609289
126829
509461
693735
924517
668759
67350
558208
279547
657895
411851
26126
21758
593840
219393
16385
210225
522271
750563
12396
693257
168188
373673
320792
205296
255679
295405
605924
5798
894477
247838
787479
745666
108942
688269
542212
275863
132907
270053
456409
131441
842281
615608
140036
39743
82525
527796
680065
104842
918091
322804
536452
867811
160543
273778
365760
555932
483015
597595
697875
807020
777003
363323
737358
502710
677386
504216
101284
849443
120242
973210
109038
966955
999068
118951
239256
332083
316385
883405
732524
745681
488349
13913
125049
484843
385695
868804
622111
49213
301449
338317
332602
980921
804043
439394
432169
485384
877878
340920
109050
124591
626048
617978
76659
8205
992659
948381
711551
489984
731281
98898
839540
421800
456041
462293
731453
408131
828367
185187
948201
82295
259995
510728
573839
732719
577984
838998
217179
666652
414055
611826
61946
28637
455975
255688
154590
248634
471715
194014
887790
993097
308929
821382
854030
453875
385539
441133
451526
363345
223555
861841
505361
483568
627343
49360
835780
295283
849119
839387
151257
280664
646767
462601
240536
692307
815037
100232
729825
63830
44065
271790
787352
686194
550852
348782
700909
760599
469886
599974
181959
893751
734288
15828
517068
436105
492474
839785
287631
794602
797819
495862
738903
46877
281251
150851
530312
139315
996694
691519
865009
137798
225567
887121
679217
952543
344174
910988
904646
110583
344176
343170
75251
448091
247561
589999
724174
456680
412017
908182
617699
166518
497704
775786
528712
48722
614807
178914
204479
495395
266693
281007
7873
479213
250674
663818
357165
744052
199444
255718
730253
677688
428459
325445
16897
531743
317699
859047
303818
884721
470086
474141
225909
604925
268923
482683
359713
74008
988703
685739
501743
262341
624990
442782
42182
851248
624238
859998
426880
562837
994761
633728
483317
601982
796741
888117
742690
604521
629777
868479
968053
590344
721358
314176
4791
159329
343239
352493
154006
675286
931407
362914
617038
595135
664310
259536
29556
807731
698535
331025
725407
397670
91937
670492
70643
854124
542800
308628
331083
74460
692231
64699
689666
290447
242845
726851
869023
831176
288417
939909
128346
12078
793466
956811
683471
545972
274080
315847
580222
463001
860721
30375
621693
95499
860849
88192
138171
170791
155745
408999
721201
809307
49530
825311
378791
371309
503494
521196
840735
335892
228060
807686
264610
511172
204534
484201
872870
795015
571824
299081
659929
580679
261856
372003
260173
753256
255692
248751
305984
711762
6860
526642
318470
554700
691325
278639
382933
417348
793439
574013
112301
330987
951564
826164
970274
374205
603798
197505
200135
93342
967355
825817
313209
781664
640007
450763
842053
479329
635911
227053
791287
402513
264421
229624
495104
706514
981669
925360
421443
344504
520123
828731
435964
309872
688710
873876
193997
674364
363629
296215
929831
898268
101589
908604
469969
587401
815740
640673
45848
658970
704437
90751
415892
900362
305344
8767
661842
440849
333765
32997
147171
10862
145837
412202
40000
59846
807069
164712
214872
111078
633808
257135
72120
335333
983568
680949
668438
164133
601809
312873
1979
105720
690602
677544
550730
762462
816433
230537
365360
296301
339377
414291
822442
177162
246859
709390
2542
654995
755814
943479
239607
641247
328020
8909
579056
516189
838595
213576
214268
222553
967004
669801
824864
749469
584955
62700
895822
237364
679884
903259
309775
81161
192830
494780
171275
264687
926567
556011
472056
529594
317876
226242
287837
735754
216459
176308
597506
790695
187263
621625
870454
781960
163247
666339
666364
759598
814972
203920
295380
323821
613796
416696
952865
265611
20608
149798
666044
77505
899222
323652
927252
700895
173916
72591
369023
774155
677066
717865
422434
263721
282778
746765
532473
573463
492383
276125
392132
524879
711039
629271
904719
871408
629647
447782
124508
117078
570953
863381
55790
223973
666092
220958
381748
941605
807345
869985
12881
253959
134629
84208
55876
49926
550248
646599
303417
209577
199744
648601
426475
715621
544154
269765
712436
497439
179359
323367
539954
869646
292719
271051
943448
84351
623869
905533
431950
167154
41287
986492
411526
301602
576752
286092
884509
244194
64123
142635
652457
509219
811174
774747
860389
169874
968353
916766
94262
480286
217449
228992
949785
185687
192454
893710
473900
961330
101917
828260
831446
805353
694579
566436
13267
30719
306751
515843
446559
793569
511273
626493
907902
752616
211301
847337
989734
410939
740519
307687
173130
567122
305602
678453
217413
553429
629793
288097
554591
227619
880864
953753
39422
733678
157128
276190
891627
554947
191653
580375
997184
437671
94086
88194
898988
928093
197969
293381
665635
858117
655616
352867
629156
208990
763132
443850
484200
42156
21908
453768
834148
754549
221786
115102
66683
427877
149722
29357
788036
978833
794296
534797
901555
132376
435557
239165
383206
425126
679806
435700
362446
766866
79425
441686
479352
644903
376236
164674
647671
509696
806388
42184
82736
625165
213214
359224
8258
449266
435902
694805
544208
75982
353354
29481
571692
992920
38874
857330
106017
719270
964415
310330
705117
862216
180349
406212
660089
576785
956902
966434
607207
585781
280468
887716
814071
971726
308610
312043
193734
790521
620168
882203
306307
716381
712881
825007
100191
785676
167226
357734
260561
568769
526186
211163
616003
668873
889544
80434
579292
13567
205886
823726
339178
656752
443976
438880
956332
319709
18137
501562
122298
11102
61770
95938
955282
242595
648831
151394
339584
873942
729049
487132
899881
719388
511889
161498
84596
50939
494711
33379
634900
255189
261832
252970
543350
658835
522405
282561
633924
56221
339958
446059
564564
231173
711322
581006
407089
980675
563337
588039
5636
228763
681609
244120
912670
957403
693193
956220
876836
448320
929502
832411
990487
725625
587159
494873
700478
872771
977343
731977
547187
633843
993006
471232
285576
431506
612044
439172
171796
118178
26916
402402
833821
893759
374624
472286
853411
834337
640615
320197
932743
806398
663888
94879
480662
135116
703617
732225
831991
396196
327848
540350
913900
669954
160341
776126
647176
579177
905587
888038
619054
945827
851938
343991
537729
64038
477618
646195
368749
223507
344381
768121
769041
718744
937313
906418
191880
236724
904856
575396
572755
748186
361078
31140
590500
363247
648447
424232
602633
575598
953443
19322
215028
721003
464984
380745
722531
70069
232849
330394
994608
417492
958624
129628
955639
263089
527397
642072
205727
363029
662066
936007
331463
700618
702909
968445
722383
838430
622528
387140
250496
579397
832113
987460
302169
509342
163289
537885
534967
426574
906452
314903
516832
704585
254116
161393
727916
533999
214257
735830
984912
360914
908513
651949
960328
594518
777808
778575
508512
742706
594220
127828
715296
569875
140080
730118
915858
713567
866299
966583
980977
433558
48780
972783
218928
486165
416349
922621
509348
417845
492953
591342
889038
182608
886330
115036
930633
883235
997891
577182
109580
868559
599767
752861
71133
318010
629493
184454
209299
384210
587793
696859
169158
678834
371215
261476
209685
676829
682974
172100
184403
966374
399791
153638
496590
515058
35729
2838
468542
356822
602859
31212
56007
930202
179669
540707
624811
114399
567891
518919
686351
930140
533934
751117
999848
190788
497585
978941
88834
907076
875645
495946
830829
659752
5002
622018
409540
229085
413754
660320
745819
397009
532891
928319
446660
849975
868922
235177
176446
388390
473694
860814
369659
996513
921896
262032
649229
976306
364741
81787
241644
361583
574989
136786
587750
588318
699131
242180
831460
415925
541001
487550
612564
978810
919720
195546
934840
812873
135897
616885
770443
600500
581739
908573
547787
258884
260881
467433
15400
692574
915999
323620
955207
420033
673
357409
950451
170988
982296
239538
242721
112732
941394
493555
672286
186355
290533
141825
701207
249268
799112
323465
809476
509675
715277
817787
457651
384746
968191
389404
443117
736749
443732
988091
163654
449887
174863
87611
848134
243318
596213
282703
816495
713593
11817
339909
95211
24418
742886
535289
664916
618462
892633
45930
658847
713840
888025
710313
676774
427574
62148
161453
410512
887748
388343
844036
15071
467117
52393
72804
632021
649504
159076
866144
448196
971374
35746
648566
257585
227817
832448
486148
67236
87720
9377
842971
646543
532584
665506
555244
385432
904653
477493
654367
141637
496710
524764
293443
550979
883470
901636
338528
166547
269454
724988
863271
394898
848607
206608
217675
406627
268398
111622
648041
456891
12153
511284
929506
651784
777589
452668
738377
756863
692946
39398
299192
919361
582422
801560
159741
723881
539942
521268
738482
510772
451684
199054
129514
691726
279345
631625
952583
994869
556115
152077
224937
949772
375474
380902
517761
343998
734397
991740
356355
380877
321322
92651
45370
3958
89882
567551
767029
527363
55706
322189
556831
670189
44806
775152
988397
178219
394504
378079
319280
745819
608766
767208
296522
374028
482554
259979
230717
271910
97314
655541
362847
201078
851896
338520
744938
219354
537460
222115
12463
496966
234318
663587
488363
356976
122264
262070
342450
72734
625479
532775
931272
519818
128402
882027
916431
303982
63794
842039
920922
988594
599306
147260
792223
936432
288545
163264
959307
596000
245450
612762
344048
258213
916197
217674
574810
467827
952830
785139
59583
967515
754898
852981
207956
911220
882866
923115
78012
881320
696705
223038
159771
412184
595032
864868
449737
729005
90888
756089
192099
779516
51327
78392
829691
961749
855683
392342
388207
373993
729756
474363
337111
240981
361999
750686
650072
613071
559428
921403
452950
976043
672009
220468
197574
967819
371567
188354
581089
47137
150034
849558
355252
430562
573687
788880
288276
831050
946253
815194
817583
608773
734998
626147
694078
727169
698783
64564
604887
29454
5291
135024
481055
781870
595182
715948
914205
252671
863221
431592
622953
396546
869795
504170
785091
841415
381141
861174
355392
466423
215591
522668
69982
269118
654544
655294
784633
64019
58920
616203
844695
622629
243979
901341
167518
685987
948885
802748
887717
129384
577676
331501
318439
901314
226014
227978
106132
60125
840703
608191
512961
908753
907188
112414
274816
847365
616238
618720
447243
200702
348494
455929
955162
605960
591175
427287
329428
24191
972578
603958
839074
728122
57050
489250
946206
947541
996775
9547
292010
427610
387480
113278
988126
394124
462617
502662
335257
293455
764245
45790
352952
34743
411124
990993
602405
240811
866565
972400
582471
659445
888568
313840
358359
426090
354050
28637
561682
925809
356259
202303
377930
844337
277636
68296
616024
351835
106681
334710
703084
376465
883047
791307
340421
208177
424127
221607
60860
60995
319592
323007
129722
445819
445243
975228
843593
768362
206568
173810
24904
970888
704886
420347
533753
64406
860775
257392
120884
576947
718777
367939
662206
538237
296457
809596
702837
98914
983635
539214
234338
184834
200276
626389
839665
450434
2960
832943
302780
300784
161967
880628
883843
218510
379459
220243
625080
784637
15461
337098
942775
195272
954301
550657
404819
301065
397919
722308
357836
3836
456978
920028
356124
38430
298669
745032
224432
707969
675483
168541
335860
442287
850749
165367
364487
641144
50542
212507
298510
146587
875234
392939
770084
835597
554151
632516
518127
749224
906766
503544
871182
869939
827811
713507
116846
715594
423703
709228
641852
635050
628543
998490
12597
622107
889781
807184
700057
851770
483484
540839
907710
615330
234114
628838
297536
463543
420638
321952
8982
113614
853880
507755
814400
315324
390248
505976
700316
167226
687158
820564
881368
879090
48417
286394
446722
38185
640571
715218
697788
584776
633841
405514
545419
238472
824361
931152
108174
69817
914180
632361
59211
397552
260611
353329
557925
198219
484805
866607
920106
92770
727022
402836
908361
506892
522340
149456
618848
262219
858739
800274
997684
497685
910224
209242
981690
314624
306427
532796
329938
921993
367357
158835
253459
523904
998033
377887
463617
992212
468895
233948
558427
112055
801379
40321
704913
111341
768813
899122
157267
335095
165825
413026
666949
780822
353310
910697
995471
827646
582108
68350
867152
187033
368814
125393
733938
170548
306759
916552
283864
127754
343578
299283
642228
253675
756281
110638
556406
577993
296095
272179
589535
774367
183369
835865
453684
506046
564030
484173
874061
486582
172720
180203
439309
633693
231803
330073
311340
61759
660618
21120
672623
688930
65817
367016
954297
76596
478612
255919
983611
449619
763423
299814
264520
39417
783663
890313
859907
299779
384405
37848
626041
367836
214811
646486
162059
254730
748935
827805
790084
366165
676413
649372
870345
658255
935232
277295
63342
624645
543065
632217
284133
885248
368528
465249
679825
359608
904663
885510
422905
304150
491079
619935
362072
163045
324673
347476
968209
419924
131574
576563
380543
681450
269443
262576
853674
385927
862580
854716
909207
145042
958570
129920
908663
249860
454231
532022
316159
765392
318053
460260
266839
397038
577974
552630
519980
676355
531335
433656
119968
334447
202734
304941
5473
576562
633090
827726
855255
90747
516505
821154
586935
25359
657900
306998
708213
782227
108631
595450
236822
639030
190397
86264
346339
216573
647881
584754
159609
829292
790927
848598
848638
740622
807312
244896
850030
687970
137116
744332
733843
265378
933778
332791
620563
527216
988611
875026
16163
278944
951669
321089
801690
664476
532035
497622
542112
993592
245986
474084
101957
849619
406014
791875
896238
859622
992194
249440
2217
373420
795319
823102
263586
949742
556868
399501
435759
673002
947156
414373
372358
569183
980693
922719
407950
362296
308252
395984
899474
123154
253285
519203
170770
549548
993592
896530
471988
413034
920040
193729
951384
17862
102838
411191
175497
457812
636882
993849
224078
92848
963393
478661
794593
391174
569690
876392
279927
794813
601706
853053
686206
60353
334519
841154
245733
337003
554274
84952
143444
113295
389413
662999
333757
249699
795644
798283
765258
5255
161953
493392
202294
377461
911919
91909
626744
477639
43880
177776
187545
52511
888082
668590
658727
987894
266108
229077
483522
734469
926622
753768
658835
135881
801182
152822
863069
940023
692271
285583
155115
725052
20180
845284
165225
940271
739203
151290
385231
239190
309860
80843
377400
361618
330296
942137
114897
291624
434967
768367
735980
114540
277266
604438
220404
994956
665847
843633
377403
497718
777842
790358
638448
616679
302480
547850
851884
836369
670367
26359
312939
525864
773682
798092
818008
940234
734977
985778
606080
807817
864492
901990
783337
8470
754144
319223
754364
15243
8082
952990
38429
562004
984809
825973
260187
915963
872696
354454
703235
672528
64489
292817
800655
404849
601909
67657
690364
442940
913039
450603
566649
296654
215200
954188
150075
82358
881197
850143
435629
658299
763158
760207
228613
925446
248696
533823
767346
882158
914097
827036
465969
506718
78467
531931
515967
277989
336018
296404
159977
768410
898759
441403
471935
367338
894295
374775
219495
235392
796062
553312
372685
895951
266789
594266
19064
821695
31618
443592
57016
940273
390303
997487
89788
675185
168723
264489
497792
753847
464236
602627
492323
873754
893070
197875
429974
982226
172596
60281
61745
849384
131093
583440
514528
52604
56995
428689
400762
25458
382445
867173
798258
273339
449893
558565
503398
674427
499579
532176
442005
990364
666855
303912
318958
500911
647110
796777
432515
445306
926748
526503
462428
611298
802808
839363
717736
596598
318453
184969
570062
768149
915676
20905
198626
900734
614631
64529
749428
134258
352993
515363
854594
308424
149801
919064
345165
811661
86357
2353
876297
2389
290674
412629
664685
3427
993706
398668
519275
367728
704255
446742
912186
433052
130739
814185
330126
10222
173002
46854
383593
616841
183335
412791
912267
112494
4499
582503
208261
483752
825949
6877
809004
860248
481371
869463
828200
464669
264526
52415
36716
917343
636644
849804
686144
680633
427990
784632
116154
357825
644786
434009
298187
604917
386099
194143
386805
343811
401292
423657
646618
846452
926596
384900
445488
915575
83002
540865
234385
88646
284042
583665
672303
702839
214088
79103
276837
255265
236201
732331
459624
470441
2
591967
358876
348712
646248
745327
15235
77114
645622
424242
15568
280998
90732
35703
957722
837477
439924
167654
659436
574673
394945
793269
329977
231212
917456
378051
83181
705737
967568
533332
933982
785498
465246
283242
367713
803928
386025
435708
548217
68169
936949
691478
466859
758577
66555
659596
953261
859799
24365
301084
9916
650162
764566
818527
985293
834993
20640
664812
267739
885284
600560
135882
648095
305930
568043
828431
904862
591927
472284
881817
793308
641058
768430
823656
507694
610505
975955
771479
227437
894273
913031
253237
642567
778589
116975
650052
350063
717370
185819
808078
848052
750950
894059
219550
739439
963243
866701
22754
463831
854779
408804
263835
238319
460857
447556
462718
288734
984994
432090
346347
302175
967958
271081
91591
913935
953351
402735
876088
275427
178749
861286
862652
747580
556931
40038
553446
975763
110385
721959
902263
432719
263319
337189
387605
734966
998915
61340
168106
173567
503408
417331
485724
624069
916107
912309
935908
446936
999202
951930
174094
733294
145196
445668
948172
704695
249135
169541
984630
919630
239058
983070
683298
499787
371007
39106
168604
246261
112436
791386
895874
618901
570407
147073
68863
647206
784852
866703
168482
627240
737572
761075
578842
150675
231163
25786
800208
141289
351838
944364
674657
332260
277760
970389
67958
774223
186216
616289
926850
654193
702208
608097
217304
819875
916284
46762
522983
477123
234596
507868
528467
267521
561344
681536
948720
224279
398432
528075
186525
438485
924741
485696
482683
107546
663343
568625
722825
880287
959492
851749
169182
598445
935578
798421
273601
567983
342241
812881
160040
948578
940656
236864
184972
599656
775402
127364
692197
669756
338637
992700
642887
8448
593879
290339
949529
379955
411540
616597
640046
733950
287369
150642
502593
440813
129335
323675
921042
488571
632460
489050
50775
846214
576363
209566
563425
303969
993814
913571
208845
418504
550134
614064
139426
904110
234696
163770
140878
228019
26403
211430
122616
358321
496553
162348
231169
195254
681482
625367
63133
556364
636400
207849
367175
911859
826123
620443
732454
931824
786425
966657
655930
134654
301968
485772
419394
774051
49100
460905
444270
2654
441424
989128
750140
348860
148442
531255
985970
165386
662920
162988
722295
277989
165057
915041
425741
511085
850114
448090
994990
463384
702213
132866
782403
892195
579599
661043
850235
224483
392791
990869
257934
283769
217806
319582
903375
311971
471183
746999
522151
933168
425317
432511
331251
766988
828531
243176
682812
249913
975172
371647
621647
546142
803696
924106
219257
41465
983143
786762
881633
42737
545629
582304
149762
10759
774418
379852
654787
84202
395709
705168
130804
636777
868884
233203
665831
518531
432827
982049
299881
87258
739206
632624
722908
64838
898221
910653
353650
203078
156427
732853
663048
442322
101459
927152
457180
594124
5712
658231
995885
859412
970262
851110
603566
599675
824458
898797
579238
560271
154443
469616
275431
913876
63676
34894
198184
810388
313008
502463
495874
32974
652208
599063
104707
587722
464491
84967
226355
848140
218747
434691
201633
482087
960656
485149
426408
216168
448315
293328
861379
302899
823257
292345
114058
208812
394074
857408
503561
898444
981549
246452
760891
114899
262794
298836
130792
108060
285275
651243
141336
355596
170760
77651
47987
877540
730909
683609
944438
220855
313050
673217
383316
152373
48600
807904
611175
96933
1171
454120
849233
32241
361176
741313
242740
624027
335884
102353
990537
923214
134038
749790
439713
104527
295018
898891
813686
1106
825971
897599
788589
149161
92957
542947
366763
469015
224700
9993
44177
323
668508
315690
764693
671688
858214
519240
903486
470825
588523
658546
147068
640546
113616
41958
105633
106073
510870
759376
4352
407860
449285
167601
789665
247172
232885
148059
971422
837342
739065
731864
610013
174411
606056
687595
577257
308373
986185
316270
173295
928642
357210
8986
224147
584221
62589
625317
180141
349743
418304
265926
860836
439437
478920
434068
154276
605259
342425
994444
458303
388430
249539
61169
720158
419711
102956
199054
774689
679516
31607
87511
814107
676136
378831
15342
596067
75011
410578
465537
767128
59924
782364
751504
655285
900578
993006
627340
546381
610178
638971
135771
670883
309099
811471
289721
25640
514789
602652
179192
281169
277152
518243
796520
76181
676257
458683
942225
519104
309975
492929
201373
222007
453324
565597
748243
771465
32631
333740
173694
496109
235438
50703
421804
190366
142008
557200
492818
364880
21057
935340
304141
133709
606951
113537
982275
954737
215345
702037
257384
324350
296415
1216
450140
552349
281308
832120
891250
991026
813264
66231
862476
812314
650130
237643
416738
194308
305275
611193
61729
859817
645269
423759
29488
6505
160499
817157
34893
837571
98906
181839
718102
766577
196381
958530
584420
903134
225990
585248
667986
145797
134896
574018
227483
609831
51570
501537
441953
473001
50166
819136
447498
902151
555623
244410
288261
717497
522760
206180
248939
801825
523874
39134
158592
885421
496534
346939
845720
319375
310160
411338
663830
976022
727580
98497
576848
503977
979922
999365
190670
796384
507501
451033
890609
451391
804602
14944
523313
66512
807468
798864
748991
236316
721996
634101
465481
538949
621261
128927
27484
142403
448382
671658
202275
740153
91416
251496
700685
387059
176759
263917
401613
856959
688486
816374
780219
673957
992851
316854
985240
8452
260385
122239
447534
47626
665244
678857
450518
384143
567368
117219
625875
69071
626386
533171
350492
194114
108008
135275
161848
757658
605476
224203
300801
916056
541539
336972
64650
697868
334133
346224
913757
968743
26989
349220
71325
806206
58711
675598
166090
562462
138633
75065
298275
426374
221650
449242
966694
707653
596048
353919
813491
860849
433886
369427
487887
804097
610729
113616
258755
421064
281444
983425
337444
199502
251538
574131
638318
443533
428224
114488
314186
446789
463573
664919
887663
76284
403201
479251
563812
815574
160403
599446
867044
152268
80551
478202
492506
493388
586684
401333
920779
886253
554212
990878
338707
343374
307860
239520
970375
372938
77211
362426
516410
413593
596720
791088
885531
536006
254372
123538
116859
873352
887222
227430
637933
703936
903173
7668
938694
377742
557216
931311
438660
225744
243001
244219
67915
750649
714361
168671
721930
645129
876653
762505
644733
258222
755933
692664
362571
310199
327613
480906
784719
565873
914301
309218
423476
417568
852603
466101
379321
869916
601368
403058
122324
591045
380712
928011
928435
644324
926019
749413
960797
109151
669561
973400
176823
700825
806754
815971
723427
791460
53074
888751
608323
233123
298412
320830
509467
597889
252558
27184
26004
91400
566826
110642
121757
168799
42228
346627
321516
816419
130743
756324
650467
444512
57603
552156
834125
371884
219265
600805
609095
921824
579239
885751
57851
369140
757894
46830
857992
947894
643072
611418
410686
396391
772504
386339
618373
828658
877858
765079
333149
172233
439065
742482
299007
878622
442511
195145
989795
84604
468223
497139
107035
36991
885566
238932
39965
970614
228560
382503
407582
375059
69783
725543
360921
439053
829095
596602
972974
177619
240628
701498
78888
60588
692653
167714
993111
226351
358434
836882
261276
423388
225823
895615
945411
340758
843549
195194
270410
575102
327566
285595
440128
219501
116823
187338
194249
74957
384794
439081
114302
246293
714672
380385
572401
197279
535350
96392
500622
516775
830143
308908
389084
684578
546791
772159
158563
594873
164231
764511
688424
730656
983428
495552
723668
711319
869186
190200
135091
485693
21686
824678
720664
745164
688410
153856
55773
276405
652089
435512
921735
40153
538538
340171
816585
198689
493273
213670
703903
471802
130624
391093
654747
442480
235638
533129
689213
562470
971550
736740
107322
392368
77312
609700
805663
403725
426932
920138
951631
174916
270330
552999
728808
433049
626471
731938
908804
874092
457722
272296
988
90223
281997
590832
609670
312642
938791
467498
834399
42541
714670
379459
298435
106745
35130
363991
580665
167019
672836
673588
858796
910430
862077
723719
518356
798140
697403
259750
166580
671257
252622
569977
487420
180716
464817
296838
227278
9642
734428
898327
128477
836225
316342
363145
328306
703982
454632
891060
655945
253051
648141
51954
587992
577816
624773
923022
569903
633237
970729
364363
334458
363834
152921
813326
482468
48644
704752
432872
415254
332924
90905
672644
676829
384692
33723
107050
444266
418529
954000
529453
67634
453136
133715
884343
659318
588103
966552
193263
51613
23929
146293
438916
536637
713956
287070
542425
198328
101835
510735
613133
680067
352523
767586
496550
517634
426909
51968
957977
869839
357863
117940
428152
708762
776767
564251
350904
3306
435197
548344
96222
679938
547323
523684
454150
921118
803564
78882
789968
575452
44630
81
390055
83000
496493
608698
601839
481840
122957
851401
446667
761542
694100
72537
832136
840804
339418
553576
528745
58329
248591
199530
836623
960642
923055
634489
794309
201092
427108
841769
392550
552949
898360
972026
955499
430746
229812
245159
372885
283403
213786
56667
716979
770291
304252
985283
694801
787316
78520
951870
262141
6183
324817
808689
20599
818433
375402
743800
718516
351697
123937
70967
859471
359269
8325
736910
128333
56844
615670
544299
28427
672823
24600
993337
458374
694521
19187
134006
849607
159022
908586
914978
190057
18487
444886
251411
536200
906083
775359
897381
163656
7785
690295
339087
344639
787026
393554
959186
828096
837683
599045
418506
230917
206488
792090
693799
76600
286973
510541
31797
508574
548405
344775
407511
196065
510446
235892
162386
36152
720396
591939
805381
787189
180593
363705
987767
594218
742814
632114
739721
482233
282995
656310
577994
848887
824594
318964
28841
818620
571426
15262
539077
869066
501039
859936
332513
15576
52591
802238
875379
91706
528480
329097
689947
57134
159052
68733
644657
546437
461038
56506
195575
272235
991727
3613
962605
483350
848649
148539
837572
586695
443917
698105
998954
432960
825599
161035
29508
781827
159071
819271
527610
14146
420995
66213
100203
261864
82847
753366
863554
972546
541799
957
279072
378764
18891
883854
117753
343444
271201
935810
183035
804813
653089
753652
941480
15859
278729
486491
300997
729173
282977
478309
495530
634820
241113
386092
109370
665174
929038
754071
459053
155479
489259
326096
94345
549326
640492
797981
478320
238951
628670
240477
606162
6978
32323
662626
778498
17751
974129
698981
487206
704323
819034
926762
413257
498100
803974
341105
479243
868590
457852
316886
349880
707767
590432
93638
518581
181285
127542
298526
720598
922050
970181
745377
538125
216217
856278
187734
100094
703840
166491
39420
36590
63809
502637
428843
71449
332999
246574
937673
788578
417057
735566
179877
809317
910806
523368
387635
706281
694726
820044
309221
381937
676761
540312
798754
612913
405190
252991
170981
347166
492098
988588
356277
961054
732227
77887
635836
833439
552175
766261
979015
914371
160934
2087
213529
544441
62569
44137
318444
963623
904293
210067
941445
901251
94112
623260
734770
236417
34943
642273
841571
765479
989361
687110
28771
466812
97660
878323
576945
931806
29602
522368
589759
542451
279599
631979
155206
313272
59234
403206
755012
54901
811702
422894
353108
247377
742155
871989
746792
506690
642550
7649
539748
23260
746722
589646
169178
888203
231393
964078
112542
445724
709395
475505
66118
547317
61361
538304
16000
239909
370807
618594
174480
231894
266412
576450
620708
844383
407247
445960
891733
423414
121375
514723
467580
306499
214407
603112
813359
346191
330341
302548
853271
897115
787638
193773
858863
335885
959455
55431
352731
798406
185242
216803
756451
342479
465211
636914
104778
790385
262878
215607
228943
415843
566576
446730
339327
528734
768790
632632
128757
160781
516477
87240
312624
240160
45503
760153
365519
576832
240815
846439
892203
945565
593729
346860
529169
145826
614297
636259
926619
987786
707886
62823
573801
159948
198747
551930
509697
822322
651458
375266
708737
988104
826269
420270
139837
855151
239011
646807
888057
541009
9042
642305
569668
857071
330015
976609
407535
59669
684984
287864
356649
534319
452338
444413
738680
746742
852820
773592
99798
20291
849599
354315
917094
744132
589816
231147
586257
1100
254548
657868
530626
82180
369215
718268
141562
427007
132648
945765
152208
794028
331917
127574
765001
992804
854558
920731
715663
139811
192273
744648
502866
543572
437506
844821
286200
187653
549060
591907
502978
690938
804680
741021
1148
326941
319720
652922
506784
272595
112209
486750
187849
867945
68427
471072
647247
52525
152999
496358
986883
434970
906820
697645
404040
475051
826685
588709
965324
969744
234866
203129
153698
639934
209842
514732
516478
619425
367682
595551
20492
535021
159692
249455
55021
430930
957223
798587
81550
487566
203967
991363
972839
892764
20961
753836
278030
588042
444390
819360
706229
80872
214009
276306
428038
538588
432902
147935
127769
77075
420480
594192
352912
218194
72463
212028
557712
549162
139989
152138
293660
892298
212316
61076
157391
936622
898590
496744
270006
914422
484271
239336
448008
960721
13259
136145
899
915096
134200
824536
567651
852151
819095
333808
85953
323590
106893
30185
930055
247350
300552
829298
653324
360998
549744
409983
154512
694933
194924
990278
619797
783538
921934
78627
341080
423888
946076
186523
794155
936757
463100
272957
99376
4306
712955
418852
691316
973964
601402
436058
509349
80760
97781
89495
778545
526374
951601
105063
615229
188628
537218
81321
985663
15236
569910
269555
17593
731944
616418
145427
515219
604729
386375
586160
306003
824166
478496
549584
311803
300458
255114
10163
683007
430198
884880
738588
71265
280590
866706
501487
559979
997296
283602
114166
245960
67310
110108
185853
235584
612189
808783
996382
850767
469478
654987
917399
914272
924601
60985
275479
407787
449378
960561
872088
923560
294452
980172
660581
426286
535073
185672
333181
936685
989036
781777
962128
782148
657205
969458
432998
155072
259251
88088
856031
220978
386753
987582
335637
591212
397455
425466
707805
174168
254265
63076
456877
581236
322036
256990
194903
757166
662820
56837
546547
218711
176012
385715
921948
690631
534365
238445
268113
118734
832431
236720
139963
934226
81677
310611
909517
226378
450538
251097
613063
855190
60338
952213
79318
797304
856764
670586
526230
695347
881371
113407
4727
744894
84692
874091
990781
410533
210473
916482
489377
97213
452244
434124
834005
124290
786064
600702
245349
735887
299408
381768
178169
927864
665171
399994
67575
142279
222607
234963
501637
753426
965450
886312
647596
484981
153672
241198
522328
476530
193183
781924
569468
540897
758118
306271
325394
218837
880076
979891
508352
319374
186565
389307
574742
954324
993502
812934
782836
342198
506034
289566
715017
530847
220405
981110
38646
612561
809709
275119
585680
7745
341249
490823
676740
896335
350826
619551
306710
157729
345478
798631
512386
689691
204491
572840
613379
499004
888280
681837
142897
376920
643047
412111
247749
416430
916127
989660
753144
503397
924166
992035
964938
838056
657748
751263
940447
594523
377826
459006
141572
691640
870402
455308
292943
402699
631656
488961
360547
165702
439621
494435
580818
986626
356532
941401
62174
333331
14477
231246
185880
606662
13080
988606
214378
480569
139292
471713
669104
703831
905237
920176
884864
365103
249347
785304
650506
996273
137759
270906
714651
601348
240681
329437
343996
99398
529116
178993
84023
497185
611907
97665
200185
61702
883045
552372
772627
151754
194140
206975
231131
956697
79876
965163
699311
96219
434702
637502
824345
811169
18292
707465
944718
299532
501575
364365
6289
732411
426340
848011
486709
700334
35333
391271
327359
867580
857203
239288
361321
146093
50905
708975
888643
506357
463477
628769
24693
506190
334439
987634
38559
170160
749292
980064
835425
723568
24804
162921
91638
330546
224527
518234
17403
92876
391574
685238
62094
765433
126918
594815
246545
303095
703447
775139
424334
155454
156971
421574
78005
714717
294034
304488
243968
591858
87754
708659
114871
778373
685892
261668
976143
898753
585185
419155
204846
555217
319100
62304
388170
59156
36384
538364
333807
792124
846362
685265
590687
667528
711402
697551
524499
48731
873619
452949
117792
977273
492242
623096
554101
569183
259179
634354
967041
800764
370590
186602
510833
469327
742393
71963
883799
730654
558343
727780
191206
989584
961126
419628
835930
1320
665398
22384
675892
53470
243949
751787
808227
863772
638216
59617
447487
156242
650716
390151
594734
704374
438603
30034
814377
663259
312274
730
959129
558829
284478
103531
357083
641223
262014
530985
466787
889585
483732
702557
212284
31353
361254
182752
100333
37292
155441
82850
52280
334705
25373
414936
49020
225795
676779
800704
970362
238026
914250
779090
804212
435028
410697
92804
575857
731252
341736
216058
22558
595447
638791
184329
947598
334144
859008
238055
97890
244671
9168
432944
121604
155794
373744
664727
893773
785976
501250
931431
668167
18670
633895
815989
854668
198568
400621
698981
252941
571181
193190
524565
53295
78671
962323
195241
667791
248326
620479
337396
875622
845993
717865
581823
331208
342344
424218
951226
442183
518824
594900
342653
201268
436764
568235
371897
549573
668732
94893
963583
485010
980997
865532
382188
174714
404877
238205
173745
463522
502945
68201
948795
294557
468924
469441
163651
668840
929254
609310
863155
345036
554920
724774
252787
733030
586151
479707
892112
57987
745893
982349
797257
211237
886287
143536
202037
10851
499267
130888
957716
201004
919715
265024
795312
107883
635791
753883
481711
429959
510914
148226
245112
355906
259019
766075
373120
22529
513893
714362
9456
297706
676405
982418
536053
456233
425953
148676
760995
831694
659656
191352
408263
905552
881825
19530
700167
295349
425331
378043
807736
979849
870126
896264
681405
342091
875749
92824
72406
319528
946089
93454
278284
504415
837571
709502
612023
693955
861389
127037
664555
242079
897645
813202
579837
316019
101615
515592
99509
269917
107198
447781
437522
834643
410239
761397
151860
956109
678155
502143
860586
530176
85383
487513
643288
962244
300833
510232
203845
786966
225192
675295
174655
951098
104520
233560
407403
900985
468577
848193
579117
633096
196676
281310
859120
796169
66889
273229
659922
3882
811856
308982
842223
519148
326994
429216
835849
317438
267875
302817
616209
79367
607814
440942
495188
527363
947180
935056
972613
464069
581771
534328
758627
515098
612952
740841
873543
503822
343073
398995
483660
604296
936392
490816
652571
518992
177247
859687
276241
216945
932125
705630
671952
65082
183739
5869
67679
431006
654190
739774
287038
727355
395265
962864
970763
300152
257614
979082
82762
40263
889240
413836
497173
881930
947720
584546
585375
774034
443459
397234
452454
784834
115044
33300
251189
177106
457371
178785
677459
351663
531873
657124
170764
634752
580695
401262
967961
485700
598587
185798
977390
503191
657669
952701
500448
549267
818020
502558
464946
840531
757136
772228
870267
554451
360524
32967
941301
668467
183034
340174
151780
921307
370522
423688
484512
437240
388385
424886
391297
475811
256050
749215
489767
16483
249019
214631
717732
538441
843695
715450
62790
572346
786779
300771
414532
303818
804071
37113
703107
163202
570092
359608
901126
733060
515244
476845
653361
47110
872754
223307
652344
443066
528391
770332
401449
223758
185998
381393
755282
391631
265405
804858
258512
213800
751288
524497
379829
150537
983755
725744
229653
684579
96772
951139
372589
604047
408683
326040
511281
788558
518176
525427
773553
641003
18255
155582
412327
933885
862865
123070
211295
413577
296290
964704
294339
243460
753787
274706
297858
746165
491340
468655
386589
935097
576408
699154
157134
856801
282028
619468
855509
351861
778173
368880
445344
301404
584157
997003
482389
405523
618266
736241
326976
451931
751155
676338
322964
808752
801592
98860
950560
599283
434365
277050
181647
570089
995898
456906
681883
713884
768834
92045
870800
111199
916958
455559
139833
498479
6662
79814
318761
496181
287675
983599
191655
792553
854916
11955
950903
944208
162947
980577
212673
563429
385586
622678
430177
690390
443072
899151
785226
678373
732546
914463
230807
97007
960535
286011
441264
16138
365661
546675
200789
450311
395530
180604
505418
42390
684712
595560
493407
282441
475311
905654
661787
2801
12544
578886
982469
295909
806268
29221
778830
609313
918719
283270
651102
528202
753917
527122
498489
312975
164919
271126
434062
551916
441433
172891
477532
865672
889395
94099
551937
130495
608658
303343
370657
410234
841658
796494
483631
23673
275395
774799
876123
266674
17165
313927
537560
770003
226018
576910
465225
359524
298534
34868
626119
769032
244285
756945
184273
158626
493625
915194
976145
71637
345726
300944
950663
480931
538933
736178
375124
814071
288169
505426
205797
518590
319873
495013
602746
531503
727962
748148
323986
154988
52097
636240
492981
942592
380490
56931
160670
855496
430288
533153
213826
350767
268233
820956
39169
991314
939652
702967
363432
345218
539458
220466
544609
599847
370607
125285
126712
874369
579067
943432
83338
567178
592921
449711
683596
385400
229140
697619
804469
395102
706569
890762
241609
752562
460037
73305
194627
584553
594683
300768
548639
428223
370402
691507
798721
385491
308393
795529
571333
461294
267992
171086
777060
400996
945925
465619
553343
509139
562223
998885
177548
949513
363770
847611
105626
943106
481671
242953
948162
459342
418607
74545
150956
686929
606173
595353
557179
297444
588229
304215
518934
295450
214405
617929
549204
339165
942230
199170
340995
443254
709102
900895
554133
862315
390902
514871
206440
108034
612771
252464
262897
932644
599732
990767
831748
67741
453382
797671
8386
840704
912023
617939
768223
372647
283925
210046
828494
849880
751522
46975
458252
551044
396839
558019
752006
652777
595538
891331
775720
603223
816813
105492
986244
487439
383004
785372
612506
830150
682611
980066
346954
576330
536754
814719
885331
635196
863582
17841
686727
777403
190908
160015
84621
584801
550317
48982
955794
942183
912097
385889
351886
65508
588217
305207
938863
949170
278333
568255
388324
785585
485046
548622
608967
789413
923690
6689
912167
191291
657842
312614
770161
866857
846457
633332
456635
156403
735507
690332
643374
397001
20215
739415
61965
307022
907291
468126
800358
925171
527339
262553
522963
402498
65189
787759
932205
691959
986836
311036
431759
836104
528806
402017
996674
677638
807724
179445
847946
297883
758766
211416
455308
979763
629481
767656
65946
734968
692007
751245
213405
274677
28217
300464
136542
355996
456722
295561
310193
706275
944067
218580
372670
871112
155086
51621
113325
758070
764010
282003
341869
951936
196691
238352
363618
249482
878026
117977
578409
136775
743152
834312
750024
194652
133499
284679
343991
780195
943634
762527
705797
283276
734795
625070
105001
708767
120383
816183
764966
594205
262662
735059
294809
970628
114708
352070
169122
166000
462895
650925
601709
474334
251724
2835
932764
114188
644293
710114
702483
579581
802618
900982
691359
866712
327745
194701
955332
324464
788043
924315
808801
754463
230996
597178
944962
76747
363398
357247
749058
714954
982379
966440
334555
461858
283341
204465
765196
524841
455405
749381
740453
377675
297884
816018
513778
908650
824184
771893
718914
363040
834246
974741
41875
422879
274729
178316
457179
882426
449085
641663
215029
553021
297555
103950
677671
669174
857609
853287
317324
586839
331524
680309
81122
524723
121165
527094
522610
449126
353157
419627
303384
772434
854598
767720
887086
513731
625560
310731
433241
739572
916749
779145
821231
120939
334714
739940
545668
474047
971794
640185
140432
769338
621728
180981
614910
324441
960224
833064
219347
747056
343931
211698
886073
444714
112990
980761
361320
272879
963382
718077
309232
229342
470730
673890
750309
195065
259828
141165
628839
88992
154045
993002
933068
233846
817620
946698
848109
156256
799979
909610
22538
540716
943279
749646
522970
482382
76450
365036
485748
944133
305878
733925
996307
999772
25991
981071
649481
841292
126614
98989
993859
208190
124446
26432
3765
800751
598837
625398
300450
496493
868481
766465
137737
843134
908084
15363
951151
857567
346981
916901
43654
307882
838156
405895
597879
242449
431770
552465
44305
389254
445683
717480
265229
408765
854793
723453
403133
560905
558678
9599
78929
253283
962677
338929
372230
916106
642782
882966
744748
827332
510204
988360
231378
931906
777069
661800
17360
968289
256598
674735
502704
808909
96479
986403
31161
721216
219858
57446
401754
586664
417100
95848
369712
967719
739165
602685
243892
550196
228482
933642
180740
225502
930044
856280
173132
778097
659212
795978
675025
922353
147598
332715
258394
591043
389231
371489
797499
823404
661837
862207
637439
386096
561001
884342
269809
877788
450123
126698
714695
334048
531507
446115
490988
314388
296695
328666
943400
390555
245374
17652
500975
879525
767511
265355
421059
997454
240759
124199
231494
920036
446285
126283
91936
874886
457412
627820
536841
299495
160597
263869
800115
582514
787269
788197
340439
323720
284162
678866
642523
119460
717846
254055
651677
997472
855046
432209
260383
847760
82057
576055
469967
794764
185960
551567
802417
607756
910319
689806
64107
1580
443661
877879
25197
155982
943437
820437
77115
836894
346609
264004
823256
279153
592296
564649
404496
66823
830253
566913
593186
708591
945148
799639
684617
31433
799536
536208
787942
978535
255806
950240
790092
184845
458824
897119
985447
102040
733151
831670
273673
897147
173336
340531
839699
858340
922505
359165
390268
367677
523233
781473
179009
553998
183585
508874
679017
924287
542011
938127
292468
294203
270021
722343
915040
167665
122778
215480
238039
188340
187406
421260
655224
477378
347979
596708
932736
844386
670604
710375
873045
292518
898806
2803
218799
828240
953998
587605
291811
40977
437275
713811
242829
235821
695321
831334
519258
28922
81623
354821
199728
643335
779374
396892
638842
735320
502814
947612
950419
354448
370182
405291
949646
804392
518976
911036
443808
45211
265879
693946
864299
441828
462245
821342
990567
677087
250318
720737
488495
989836
742739
827147
891430
722803
524243
233513
841092
534241
775396
498012
608640
962448
987594
58382
796380
916196
386898
611968
176776
790226
792398
460223
416116
584603
420589
645878
268725
987894
3382
7964
808339
334988
722593
872910
820333
843997
809106
900663
713609
781696
825715
767787
484860
931015
108845
126739
319218
652417
77698
942083
114139
643993
314890
481256
918002
401883
247879
525853
432491
564695
582887
263708
649337
457758
354199
899025
545145
120425
531199
349066
113982
66522
573917
19787
617530
573850
259265
921855
818437
999265
832547
442312
531469
639764
895644
702007
370779
547592
875527
350679
496574
394916
201845
756964
951958
543077
414279
776665
927934
176828
547948
332903
4695
15762
433144
13761
707758
973995
516061
392532
122121
304552
776072
448021
628179
60902
168026
560882
334241
783429
591553
775530
325600
979011
715507
293048
638749
243782
655367
387819
650865
430200
919024
374993
603719
146060
877398
280977
926668
799840
384466
584280
668721
247739
129734
847724
975328
804341
322200
244956
327673
148918
992841
23960
686663
90326
813493
566301
908100
157796
426793
868104
288709
454786
460188
551308
695875
206062
569932
694079
488520
222299
835959
739023
607539
128893
712050
88849
422823
84452
306280
570042
745686
558784
787059
823974
487589
408963
342992
638486
704253
717156
584258
261879
744366
943935
638214
549213
265023
144089
48686
753871
116950
151746
708189
685755
848256
858643
820318
139658
207838
735511
657697
907278
547565
896518
382290
317464
295600
706028
635671
964583
138108
328809
102759
422651
723808
239569
130434
897863
999599
599540
782928
105924
440491
641527
234266
773410
579343
685281
268383
312665
940856
756466
33620
381726
978290
986221
228220
652146
623451
189303
678239
929812
149686
509016
298218
547799
24975
458526
405219
988686
439110
823328
590726
225059
764857
291104
802945
611015
768210
688266
551177
593283
472810
68761
953367
470318
579416
929817
879619
194039
463259
882951
639547
966754
186783
753172
981408
252944
415151
153800
385341
817078
961272
416388
976676
878704
94646
521440
626151
448174
162942
910770
550832
215500
443622
902000
76350
35328
780692
453357
942204
775277
6050
913919
724992
798164
92587
850178
57053
698858
322293
89013
99557
63236
704443
751937
412222
241774
244373
111642
408479
682972
177670
873087
755112
840888
260898
7131
888220
593690
716122
618702
159036
980694
805221
21701
969216
161774
878669
997637
989812
94504
49428
515080
966126
247035
487297
797566
889064
790435
682570
477044
473086
206420
926687
110610
795397
435595
309073
948414
373509
152639
588061
995231
895637
665974
445849
171004
839762
79029
870458
296194
944379
997904
901119
239972
31852
836511
278270
202845
29621
363729
818057
724881
438615
743514
11389
707153
719002
201608
105063
157501
932942
183092
386578
680580
249308
965523
723313
936840
713607
802028
156325
110108
177989
796900
800300
906351
424820
430389
825768
590530
437883
520445
117383
418709
868862
63538
972307
336480
195517
853172
102616
229821
999818
224763
542381
879523
138917
401071
811425
698188
230069
722647
990916
806968
525285
151273
235407
742155
115481
279744
609200
825874
90956
449387
664438
251235
826312
703329
624790
102946
39232
783955
475864
754144
319309
596314
967713
651997
404419
643536
939869
963822
516592
796346
920328
749178
201009
483938
795994
68126
473200
563588
499853
907761
971005
272990
67596
262369
78280
527082
830842
184700
18425
193832
100635
613387
828716
220884
514467
448217
435916
793848
675609
794129
774539
222490
796136
795397
793147
433493
522306
82059
778316
356421
422449
288898
286946
2460
259964
547442
141522
315474
867186
145169
13434
41017
933206
687778
880506
203822
369319
133048
361491
735275
1034
387801
188826
959482
223830
537405
410392
3012
810620
661622
202625
898760
981265
817833
871119
206375
614458
576058
914043
773083
164083
432646
592408
470152
135868
512906
484556
682411
833376
862881
666475
233647
643235
764522
262962
914654
220231
948808
601820
539380
681595
182274
7012
43280
185057
208139
165720
814468
599162
321245
210775
401611
58609
744382
805031
131162
116288
438245
827765
852943
555203
822
985962
945542
134615
677928
26982
230603
821678
383623
430875
892521
989939
484565
625737
618401
267348
96716
482321
831094
100337
162751
919161
922213
16799
513374
812155
326899
830040
224216
878282
491806
115651
237211
714274
141685
222748
75511
990922
17347
548352
437664
321577
470567
160600
470994
967874
222207
376607
531151
753038
53059
867473
535236
25909
14574
837554
612490
511400
247766
800696
976200
816157
719325
662
977397
304040
403712
913445
756091
651059
246349
106801
159799
59034
507633
284510
525213
638117
162735
976246
627961
38435
213485
44240
383312
616479
539688
292701
442917
769730
806216
213778
746007
934149
773967
187501
156839
62096
68842
863079
606936
192628
672106
595765
93295
529474
129420
675450
887834
276614
312244
630860
692589
141539
97337
919585
296071
40076
308313
330582
43731
201053
238093
48411
855850
463060
996600
824639
552406
340654
647929
469524
5746
647202
268448
433855
248813
163636
729532
400926
272813
399928
911634
51350
444880
847780
115691
248376
997517
367504
522437
650383
585785
67148
336553
250120
373414
801822
439580
655870
971942
454230
344239
697890
965805
926416
339569
176068
325716
505222
980101
757824
244218
910095
1422
846407
255365
369144
917062
694089
32838
432766
474990
807292
599291
207269
158496
39436
858477
188471
489664
570783
325562
893724
709137
317443
700717
630483
14948
764727
930441
227979
898411
107603
611557
973984
221099
630996
388913
381557
908432
939144
261526
363754
889882
819218
291388
672826
756021
679899
711589
873972
762919
219606
673334
298964
431203
644397
30422
314814
33466
956685
10479
16214
384305
270731
905618
152510
169645
4721
873655
233773
682507
400937
579042
82216
938508
140805
277280
292640
635118
963625
892401
991657
13462
81430
154688
695698
516968
826707
304909
80485
329657
766714
736363
24764
748188
797020
421925
932862
814297
76498
893628
298549
518204
131873
961676
325517
478345
237129
885004
459628
206669
188970
76532
223848
248783
302484
410553
7401
350374
85673
554740
557405
458212
701617
730081
686033
455088
664378
410114
863411
264241
88042
643171
946273
336422
743331
674553
88621
418963
73745
841060
364400
160918
110483
345620
583
342552
20483
756423
896943
594783
434148
675632
211321
271551
265255
577972
514729
114032
533338
667405
320561
141627
485550
868561
242629
565519
62691
868237
136923
408240
559250
78731
417601
219791
642582
217779
946458
435764
687960
44366
686838
842904
96822
356197
10829
984719
450512
853576
488600
265250
750126
957867
133005
513723
639249
289642
686965
494777
846997
756717
4715
966116
518655
280102
766323
779962
19177
760311
506740
286312
554631
112433
420052
756436
661845
588792
549038
526039
985823
810498
616178
27144
487276
770366
485082
62643
11144
257745
641989
53929
229677
380219
351922
69361
586573
736984
286682
933788
510783
493763
239849
472310
926723
504789
705051
888217
418164
825419
910768
595227
954185
68869
825803
344871
730887
287851
710253
110569
388871
777258
484040
760547
674847
687772
68099
732957
631216
880134
768585
28153
277452
927291
289102
380324
487234
295581
315872
59497
653127
716739
27109
752544
297538
618999
427191
262211
692851
891542
749209
817120
149505
665370
248468
282795
115616
819061
571186
878955
65500
29267
642070
437653
713796
336322
520822
210870
745973
52718
125495
256201
972290
692357
226468
51880
595517
687801
377930
180575
716901
811044
14450
617757
105836
788037
60987
333572
279843
320488
304468
783711
754372
909476
215956
941107
995228
269630
874422
252462
812179
617963
277876
243837
30425
862579
854718
253945
762287
406065
736983
690369
158671
662199
533965
514211
317177
205198
613203
729075
520028
364315
657212
394366
260189
904797
203350
247001
952774
167890
829793
558482
133390
379769
78827
217736
448257
375923
124553
583383
566796
436611
308660
454891
530663
810740
337853
893366
966303
39386
424110
680636
412415
516464
887295
92875
233370
496417
595954
253065
279928
744354
152075
23397
73243
297020
256367
492079
558636
679847
837720
65988
522055
337874
22643
19426
915552
623680
771223
910746
815376
253580
14945
283683
409280
474701
951152
911050
75696
19796
243450
389383
682533
124178
655625
763692
4589
128087
390870
355063
273040
73717
532672
893510
81493
986499
471785
803690
899117
866621
500974
787987
629888
537993
832
756331
96915
904532
499236
127744
232531
24667
526979
597529
33665
484230
343470
963561
176121
763630
747379
511905
842912
746751
472404
368544
204329
506425
702314
404998
902341
217745
801686
125862
214309
720564
612127
358746
637613
663723
164333
349744
888502
503001
90529
73089
733184
713186
49615
541666
610675
764710
212313
46836
806736
689963
443241
458775
809785
2265
776266
281019
549465
731486
346084
778454
383025
155570
485394
29426
882752
157236
499042
72926
193998
752563
601000
997060
555926
892234
875071
635483
424206
70051
148701
587379
701140
445916
40978
800493
18550
766470
841053
481613
271710
549706
980267
128424
575705
413926
47597
316727
990018
629845
820565
47246
895119
43021
246060
612390
90103
828770
224851
102934
882111
326856
453908
471265
55840
797877
669860
893224
766743
29157
167479
891072
659529
529847
650688
439774
473360
591861
104516
896495
260774
523761
541146
187397
945389
466698
580801
773035
729752
541518
605981
776217
137850
5241
823312
501187
570857
813148
512561
194572
337934
57817
694892
650264
468748
538827
832246
677118
95307
601154
989675
417629
612384
290284
503941
869062
684443
10127
759355
805462
708332
118770
961076
569383
610802
38108
543526
898397
675682
309428
376528
504283
587792
603463
348560
827544
760797
860136
944609
820684
478590
692210
917493
999172
139876
815529
902635
254485
900365
908351
17197
359021
817191
77106
410089
665157
497372
244626
131818
196978
721662
675361
282386
117723
184913
631251
125814
465797
827631
5044
982230
680522
969116
697065
929656
473577
861607
718414
977567
840118
360889
220031
22061
601458
34365
707698
913170
712117
52140
344577
734000
886024
458227
114118
608589
333967
93316
495648
823604
714723
316150
316882
550824
690110
415386
734153
660166
863247
972507
779070
942774
197102
391761
587186
639053
886954
354594
824982
759939
846397
806037
207245
819468
992481
338549
757513
880021
766011
973022
981842
469404
600886
424743
495781
503084
780907
424875
469497
431988
988796
961206
337629
173187
450176
342217
281149
368163
736600
78731
921155
757839
109280
816204
207513
85649
411906
494582
105037
112829
489252
854994
628174
491652
105025
430132
785683
660725
138197
300997
454107
852246
441394
554859
725327
655451
818608
679383
465859
777729
291394
788010
919259
468938
689315
623940
365578
757717
114478
25195
46006
450393
377613
734165
914808
626238
458890
835411
663551
554008
488833
297434
501460
222656
621430
593262
633271
84433
510019
257197
198313
643004
143082
745013
684931
276617
658441
309747
463044
450539
229739
470025
977704
577534
441466
469531
413299
464415
912851
717559
707213
214888
531890
102110
559431
932166
559500
312435
160699
321465
94460
959551
130002
531624
121173
12191
202144
500703
852758
805515
524393
105766
457531
629123
637447
203839
320496
635031
671587
220411
977760
794260
900001
53049
57836
220294
204056
181180
32632
877615
153726
498280
780447
968898
945507
610521
359686
546140
991252
760736
959886
303808
340256
811291
775907
84685
30647
194416
131186
964927
543533
303974
301111
690206
663070
720160
439540
489222
562348
557174
201213
972884
772644
900913
203952
212842
116543
867043
418179
362272
125636
518497
103798
858887
774283
826655
24295
486811
941980
704358
730884
978884
286581
432756
919323
275529
324522
89712
295437
73618
987751
170824
155617
607512
898769
630121
504884
214187
262347
165978
682510
289695
621461
803254
152593
601172
46414
941764
816331
57697
255130
640500
525802
234269
587614
647736
758799
949001
316200
774141
844667
527325
484780
29061
114342
462574
220777
394595
47342
890040
341867
73618
270828
829198
327913
985457
40099
208859
479630
8863
877010
474324
659413
479727
924521
980156
455053
868488
447704
280787
774588
208476
728706
884892
468064
837827
270224
486986
611537
146099
845602
434246
1346
66782
284705
986975
739622
478440
424880
927567
92271
454980
545985
838758
812145
447274
368132
183830
908325
253367
278393
247130
353034
722209
746983
237507
917734
754324
968037
419360
347947
461870
117525
534409
753716
606996
434673
309576
793198
390447
166845
879845
137492
705991
319644
59661
273426
600634
227903
409950
82635
230360
160440
210129
536182
210398
189805
502405
542179
85326
981095
206436
425052
540007
158154
123188
731622
403398
174431
280124
4199
424793
206669
340944
553697
336443
526631
837756
445724
691698
573918
523145
647458
267457
658903
489455
100324
923817
634328
480407
598778
607939
635611
830986
811272
72947
660869
209468
886716
286090
144048
79279
268083
57402
360933
435270
427515
516534
140261
578855
834931
548966
164070
243275
58575
346372
441435
391717
559608
662102
690668
721388
689296
679816
66757
389127
346963
315685
587658
916756
729881
522930
540072
125717
354424
700839
905607
799096
204230
184843
528156
910850
701756
107179
787674
73175
803702
561334
908744
537448
241814
118648
374574
226937
631497
422769
642601
740622
485985
868561
807070
863090
903266
393939
441803
850531
581464
760179
657017
467741
943461
616333
469582
30145
132697
55124
992959
13666
350842
617451
717538
776557
448099
824739
299425
797426
854472
532306
748682
859539
229655
203852
732228
650055
940410
274561
450013
963724
282041
642675
259390
892519
485821
970834
175424
782873
501359
65461
907543
781856
508479
290615
905068
434086
693249
500140
494793
830730
804785
742335
675054
725194
838295
5033
504512
78858
825478
682192
830881
405571
835390
175610
518939
731211
501297
112876
863285
575548
767587
191779
671720
169540
652010
852398
36972
144457
415445
101030
207851
281719
7145
464844
765847
913447
447750
635389
432023
737133
675177
191316
972380
175614
523019
977948
977234
153852
932262
568624
80499
856992
715991
364018
899317
872195
362015
940132
891300
950601
479107
790758
167818
975274
586836
568396
736714
277342
652809
870235
973708
83877
285192
115681
796818
428272
983171
240174
916649
405679
998079
368626
869692
109560
65008
953012
685955
719697
248897
391981
133144
507930
500079
124287
865962
727258
283157
266197
836554
811748
675458
52824
109091
486885
282950
510026
583943
962445
489356
457923
735908
467160
881761
674822
780373
346232
966291
531520
193941
599649
869236
625308
41806
585904
996606
573701
847695
139129
186256
724729
13597
574636
532759
605063
770016
307362
112200
135077
684798
461386
278409
475696
208645
3883
109039
580800
821186
84309
890978
638951
751855
364200
312157
234759
261256
190784
846290
365517
405758
331324
801450
716558
540229
276010
756842
256252
945416
773520
172977
62212
97084
577497
702622
196936
563026
766363
609486
729012
545606
341313
389955
840703
145237
527578
197536
395264
635851
404220
601552
593642
998074
350294
836935
26406
674887
570642
983713
561228
527966
130275
244326
790461
513029
349168
45871
440671
542478
377820
339234
781110
209127
689266
306392
660380
807499
332650
89504
386653
938523
908442
143773
644145
386823
899836
966154
901398
586470
789528
224990
5706
866470
963470
160523
68578
261469
429826
32992
13578
673022
571876
298318
509018
576231
683994
764167
355664
169238
673613
190978
341424
815036
710925
65115
412021
469482
909602
51928
287282
544744
538672
106567
113610
863909
702086
606530
131336
591624
583619
486805
379548
60772
850917
946102
771827
733451
483631
157618
665202
522233
289590
937129
728590
555313
72009
68912
862474
510950
748027
639572
494350
307855
769295
12222
978081
461085
942142
781426
222659
432841
607783
325553
610090
494150
463572
11327
244247
584918
293092
466239
719251
525497
977883
451642
60683
113536
632002
934206
384197
453183
403260
682851
780158
161376
970087
455785
343522
182292
432235
246461
532967
77797
939874
609882
964935
945448
933668
798349
351000
837646
899630
988945
84873
611545
947310
287448
206011
406251
159469
80619
323641
142265
824857
669736
296534
768927
641582
162027
660386
837646
815361
928520
325256
563680
208041
413876
106311
828044
391946
822595
83595
734709
779647
886923
393128
649181
707555
161064
538546
408310
113468
730073
572923
116633
135365
915592
469738
157968
245399
506919
109236
13
548723
504438
24442
336574
15214
294689
590591
398264
844794
974917
957636
147344
34956
825939
68098
506505
164015
356941
791172
43175
794277
87086
207902
312738
969973
288870
744909
517174
853846
215683
146605
154967
96182
842603
77201
933954
84583
520838
444546
134895
925607
498808
368855
996707
547466
649228
736046
739617
666886
772588
935876
740224
242651
148621
49079
397272
882269
104231
247317
579926
372511
191266
20128
461808
331390
374476
709665
303218
704391
29895
469925
459574
870598
947456
155096
616305
414252
895129
703677
377770
880220
404777
545288
982663
309330
499801
567000
918720
230896
899119
291540
884788
44967
796839
223713
285722
697214
490685
939261
949008
501314
981320
214395
853071
238858
19072
393499
796928
633766
214496
534789
736103
376292
189095
115746
424317
924030
386360
481560
699933
615971
959521
389216
556692
399648
203320
634565
341019
961387
867041
902651
520352
480460
653165
121753
730688
627945
888413
50804
804946
72428
149188
761434
194013
376979
215178
322664
415273
83731
609421
189448
951923
378154
696481
555659
546874
929792
223608
361311
638198
408313
880541
699437
226600
41114
901210
348498
491532
166421
383866
385207
148524
67890
875753
758863
262734
475164
713527
237420
227214
491398
147963
147135
595974
549368
222740
565994
328105
862714
695499
823043
911279
12635
275412
839400
758570
62878
412916
759674
967160
681794
78972
554168
768145
25261
695731
140536
422336
52212
548818
25603
105839
397642
865256
271310
19547
513346
296478
542865
532326
662146
769557
121222
496139
81670
148075
107392
522156
65678
654621
107430
756679
449190
425734
555530
524103
970128
654662
865962
829687
708175
903038
57730
153809
674578
714039
392971
262517
503356
46946
42708
658037
489100
876474
158844
623693
912302
116742
907849
377136
956509
417338
937897
477565
648115
89789
956354
526544
127246
646086
352248
763125
388065
465119
566715
328184
994516
91084
441545
833432
260697
485445
473607
556570
944845
83038
888952
131385
851334
130055
150871
106682
366399
252016
33623
321182
981725
425477
856949
278833
103197
487639
331190
970816
69917
326746
685123
399207
888003
206859
839261
857992
726606
863594
913598
151640
870519
996773
473934
203987
370307
205653
781438
555600
443304
405281
264197
524015
971481
734528
544501
761582
833072
704157
710073
239451
469047
933715
931053
572644
677780
22807
338138
922954
698702
653429
293261
774260
781696
190003
25106
885536
641881
193298
915602
433844
849676
128306
292550
176307
865243
566549
676247
748235
327356
897340
145300
284874
16677
645357
720975
426289
488313
916310
550869
735905
586255
636428
593223
894450
941339
656236
154969
685987
32571
435234
390887
592555
797728
518856
852975
462766
253463
188646
374255
512267
699187
822424
587036
575634
723929
931277
331196
189907
131240
651627
826209
382353
228098
385424
791490
370198
133116
204212
305975
24416
580702
32874
701648
776057
511383
252805
786707
724324
847872
358487
947857
380403
828299
986005
667492
765878
869256
110742
755463
110414
870163
242042
14482
594911
96798
437224
276624
544164
876887
15087
761151
668828
37877
461646
185123
231906
503908
332495
649223
919258
870155
135693
593105
128391
952502
565335
896705
93882
120293
311149
43910
389413
257584
85287
283261
390862
310741
439861
723335
21151
540768
490113
882181
77914
248502
308529
559730
182441
733181
659144
689566
872659
668523
382188
72707
190091
314090
717954
832774
553443
315621
420085
185291
75166
334834
924758
601141
434402
836252
376094
688633
162508
829963
875918
160157
157662
92818
841399
877587
252499
860053
269270
721516
605140
976981
529815
536507
225475
799194
409018
510535
834675
295420
191059
823404
75963
773325
182123
624526
120096
79398
277893
833915
293999
74061
663931
977436
468972
866112
184710
182104
791332
129633
780700
464902
802719
788029
357043
740684
50994
50298
301924
779289
619441
490141
957291
33147
95233
509622
566667
285213
446410
216873
500814
285857
597900
54617
669290
985942
497289
705074
908735
612502
601632
806611
502589
811455
816890
449815
647395
309388
379805
153471
977314
29775
678878
394557
499168
930765
655347
772767
572376
780982
577766
818454
201950
655935
333030
82147
531072
7262
78904
835869
643400
697057
562763
102689
271391
44460
387624
376726
758860
624013
408008
249691
149977
248445
227455
767120
388950
990902
206679
56382
186359
266987
229368
724900
501656
747817
91842
966239
277538
352968
536445
967477
654725
773133
144744
305213
532581
401184
994670
49839
75025
75044
792502
720900
50606
460984
726297
427273
619954
419850
96431
97478
99468
15571
224194
799173
143201
276210
999908
464001
345394
634025
585501
55789
864089
301614
365500
816157
82930
621807
219214
885525
530711
974246
860397
881901
1667
986772
295856
614557
163928
464541
786240
185579
546491
564287
905482
384046
254429
953456
854352
974461
213141
121236
786907
598521
411881
955288
638859
941364
411372
971950
381006
655549
888513
894821
308143
534410
510973
213411
159622
462016
296555
261378
929550
93025
132201
143045
106899
51282
90991
424054
819146
194952
423024
78429
319227
817231
729369
248798
967705
590135
478390
88176
669490
742619
991732
541110
583169
321295
206529
469628
697185
580453
883855
940943
534236
688412
868728
827833
625378
220710
365244
214103
961237
703317
249765
483161
296897
951905
442379
131862
158697
110616
512244
329802
484988
751202
480787
275181
787943
714032
641905
65392
430212
175233
887657
985110
181232
785681
649741
588013
702586
940062
73063
946921
859894
273175
241562
916379
924914
377252
946726
352979
800384
166349
498441
19087
306610
150024
871555
911326
201124
382113
8307
463125
330355
437448
962781
709229
230284
709042
419597
125624
394591
567405
455380
24510
154993
729477
891505
323256
166481
347915
364492
721000
328290
264968
496731
155027
351959
753470
64487
298268
386558
228375
782569
419903
831155
787757
77070
545766
49013
413685
844698
412011
728149
647048
359529
673323
488650
537104
246672
714051
312610
49035
943137
653546
755283
229951
69581
499179
632752
136571
313764
685629
435703
740869
151033
489664
710919
427301
837601
969366
876270
518541
65369
147292
385440
688035
898823
455876
32965
962477
131289
63185
31977
792088
31690
74221
554327
873573
923715
553322
351295
888881
561822
878099
667092
559711
434757
914671
875827
355748
388793
674322
545277
280366
48047
15263
920709
554354
733973
113949
378405
870096
209458
952117
191915
32422
499755
113030
239217
31150
277601
687141
241930
965460
266616
592116
171800
746009
356019
746141
752379
114653
402235
877100
873764
28940
17982
632198
956295
855848
430708
746826
524655
641134
243709
410435
421291
15720
151847
770055
999590
992718
860235
347055
671573
229594
528854
116594
136073
43751
658982
34016
194532
481605
154762
2105
495656
27228
943212
938280
910571
434489
857483
99103
617639
759674
774880
17104
248302
246162
584546
669765
132026
132474
766693
996828
816034
543541
777373
856035
493609
516733
218817
213196
65585
889679
345419
845325
843405
309008
615388
799254
672563
269595
77627
954608
403472
4648
834302
814383
980150
34458
489921
425747
460017
902949
297811
819201
366519
730905
238129
883353
583933
341968
890538
977139
203942
863088
771745
186619
441046
359710
298225
919910
808485
92864
346987
738000
944944
244012
110010
351092
837513
965682
663400
96071
615438
706818
722041
920369
57175
505276
994037
604009
911497
10835
428036
864300
612680
629084
908465
363545
511433
389177
940113
647660
231301
356956
573309
706133
989513
449082
792442
505844
85610
897934
679930
667316
210775
969927
505084
393601
592007
656016
279374
364455
427216
588601
593778
913672
614745
229703
378207
293818
312424
447637
470686
859003
402197
364837
946517
798033
83488
729351
194273
119491
67230
364452
274588
760045
938254
157351
527102
402052
425545
396553
332319
41063
74264
963448
371418
516829
133856
358820
546638
524721
819960
486438
243326
30439
93211
399821
481688
172762
403129
554757
631507
760371
748712
473830
136753
166728
108791
957975
185956
55310
910179
839005
547469
867709
241827
572100
852703
724607
457374
666344
402082
116692
107389
909152
849044
614277
903770
401928
216554
856834
782871
645610
144116
749722
618828
377224
663454
807319
470680
542921
971666
919604
813592
598590
186491
982204
934070
664015
161893
815681
641241
755014
297920
619253
71674
551096
337923
729704
665431
128587
354414
46814
9536
919145
765351
65164
67918
521088
740742
451887
631603
247219
574060
707274
784621
236960
421454
211386
396117
74894
250704
417911
364180
258803
12172
364777
888564
51104
132081
224164
437012
959754
61576
521474
280950
620086
343186
242716
636274
532288
590
730085
145934
37895
232727
116258
542053
606392
805481
320329
553347
538742
985476
309814
522067
999459
735273
920004
781935
266190
829825
337422
322519
605625
693853
807234
414206
991493
943128
738654
840893
601340
942297
620235
754410
339899
365429
946962
109956
65594
625137
238591
293253
378426
752037
160337
206170
708298
342331
724570
587503
13045
930263
481210
10275
7819
644881
322354
251035
776778
508829
937063
773363
589226
823756
643510
838158
99394
242603
721966
743246
759898
327305
365038
44255
832910
836439
661340
323438
989659
142632
469055
532600
368777
671127
490746
134845
77749
754311
856166
747411
98490
882053
355594
243414
508412
155594
439610
312509
819344
38430
164873
448840
609547
631574
882411
778837
861094
807038
467564
764178
202443
782801
241799
843021
814846
401509
442788
778408
693867
657956
543410
907432
168264
15028
176796
308076
47590
30584
178346
545850
636250
960688
763767
647989
362370
331580
536011
731883
902454
156094
529300
146379
66957
208988
219014
631347
358473
165925
43660
245864
568800
312267
108201
270623
537064
960398
10352
764728
437917
637690
287324
38410
630802
593671
513933
885145
485363
716446
552928
157796
663346
942715
879721
74715
804310
880813
221775
63278
177116
143419
649221
241025
695497
977121
570401
727164
947661
700727
301018
546110
526485
545971
564579
60657
434414
32453
843294
259768
538897
197536
410943
704709
23631
760729
520574
557960
419354
397159
430776
223682
560557
363403
593187
440440
441241
242121
868780
500994
890926
43028
581935
562883
60482
656775
25554
182451
749537
550352
782527
421015
324433
169767
362428
794770
674624
158844
540520
326613
65228
373743
804436
424179
408751
407353
409019
795344
475397
191080
364831
362743
346108
549063
955394
546249
662231
991195
684095
278163
584095
704906
638019
285369
645670
365655
709802
268687
106297
320328
782778
374343
486049
863337
654774
628676
609046
191017
327456
584077
377729
479201
681615
559581
865196
981621
222760
207319
563977
596755
165884
324438
301596
911641
622078
120931
261445
91091
319647
421888
809454
293089
65544
948705
606605
446007
90163
255034
452822
830591
405991
159923
825729
548441
521358
491257
750067
688450
921716
880174
98956
740306
994270
190272
163340
841887
822469
616279
935714
437504
51886
788584
179987
995628
180647
216615
200195
247552
419615
225497
800676
622111
326435
63879
135480
337331
883505
521294
344772
116626
881850
710612
370451
383677
486521
768789
391971
517314
161899
283291
293745
859393
747754
448268
285276
158923
314154
797341
89016
373222
554766
811493
966898
490349
562792
669324
479643
128980
581644
599778
420627
231882
752975
550604
644435
265655
708001
35928
406998
581349
344004
99250
128229
695546
230952
916592
816318
625955
761573
101064
618912
138829
857044
145441
738038
165389
217227
936902
138845
795424
258995
537655
389012
584716
535431
561946
469247
848485
487722
65295
483544
718251
11301
260897
93363
604689
285821
624088
771179
587161
581357
502251
986798
619034
368069
304914
176162
246947
422559
439674
299379
663802
284537
543570
247227
667005
664884
9282
100620
387050
73576
355452
648477
478010
667618
79658
365198
461159
746811
593735
938649
657167
575702
769546
424215
189233
165109
253116
974444
127188
667576
145643
204433
7814
918772
412215
679100
78914
935596
598793
973870
378923
750831
146084
516121
470901
616270
472467
624555
550563
532279
477442
211323
371114
627890
846825
266255
253813
518008
998883
662856
605058
852395
437853
145963
415721
138103
524265
274188
404541
43587
333298
612249
6283
780179
46602
746880
582336
244477
44704
71614
872615
240517
20301
953605
554959
915992
923469
294857
451658
73058
645707
431592
457234
233932
408212
744692
332679
48981
465134
254558
381524
131788
135042
549760
573167
102823
653620
27206
204542
421635
383187
664954
645847
271865
236588
846316
599008
548505
372153
483834
178837
452806
529463
59329
315048
101422
388885
423584
643139
960676
971656
647205
844777
628059
501243
206487
483642
430529
578980
737888
226901
14901
424946
555796
468568
865895
46242
302562
572739
912843
394097
116374
523130
948218
441388
753544
752745
760293
175651
267557
682306
629558
915836
120663
349729
928581
123555
778388
600849
233523
270431
12864
722984
133095
872512
648576
648973
893603
623093
294813
791898
92930
564538
689808
901276
430544
678126
964848
943351
827845
103298
593013
934823
162016
263694
947112
249569
145181
344062
465129
146968
335378
857321
519068
847195
618732
913922
742257
224219
884800
752615
851343
259595
966928
634711
676509
271584
519069
438657
15277
296952
869988
780279
387269
678871
958070
456705
726794
772108
214391
640590
392267
598514
667379
821638
757607
395410
555800
374778
510557
599590
359572
417789
284014
461560
792332
717708
719217
983849
386805
433832
929523
797390
800723
126341
457800
252085
993484
317402
427250
67013
783016
981273
322413
508099
564456
661369
340693
607921
123775
109614
481141
909329
394929
165563
732589
68103
634695
600029
584383
237340
854764
228328
334838
354079
589992
102128
935027
779238
560822
861214
930133
481586
644739
175714
380868
837872
89798
830151
535195
152732
532790
988834
755632
62976
462829
544804
989440
55642
54807
214991
451836
561628
91478
540485
211050
688717
217910
774460
484922
554445
701832
599758
441894
28917
149469
95405
864580
866589
580897
218292
618411
867511
592465
510488
924800
349848
117850
579581
444572
669527
352080
980197
191387
36302
666503
594691
741956
949694
649938
40878
391504
787023
458518
364849
183129
117300
163721
890751
869344
346733
60748
942788
598587
34726
656227
458582
11993
376189
858125
895690
990899
773729
964
329571
812242
533525
692819
398950
369655
632468
247759
624457
865514
649039
939443
460425
556258
184594
938332
110043
516685
431492
34013
515194
714942
95309
454016
898783
742577
527762
319578
431567
919035
172636
512778
338382
350290
85014
159694
787569
597430
423861
364609
375057
673916
621106
884597
466012
689973
397619
10857
749637
64383
302728
566567
129179
687975
895504
882237
475384
874298
183356
192469
155280
419495
221611
268531
215785
189842
337269
648779
225513
381111
319620
958077
742731
511929
41755
110894
851756
749447
289210
113412
238786
551273
568794
168253
482539
10925
659667
296557
660131
690152
584542
471250
13072
943595
827892
450133
119288
496196
680277
528096
796114
301678
986020
674774
524858
761302
602223
809076
114173
884938
558413
500738
904724
423808
363361
573493
915118
762561
725179
49380
884070
715696
874589
426725
367636
655419
969178
171524
320383
795229
915418
561951
212080
908109
107323
665057
399906
892998
979410
721241
436053
168180
644815
865462
823361
500664
697726
325089
597544
493848
388842
144631
908676
533446
244572
846114
537120
905995
406337
224531
44931
147472
531433
64158
297286
292425
428204
222449
636807
805183
963303
300594
219894
363384
80484
673589
117517
213444
965080
255895
388700
217703
97157
169913
792578
821726
895808
609884
503736
667728
979213
279382
795527
338387
166758
369071
40922
704151
749338
669467
623662
805619
108115
784531
112805
653322
648752
21778
706170
407449
345424
93801
874831
988960
133616
345983
966755
941547
495020
438377
75935
991036
129250
445218
348623
310295
581812
460391
187822
593194
519851
198961
572058
496662
943289
922896
584806
585566
706135
947553
952206
33003
264333
775276
561029
423929
198928
239132
970731
878754
962181
491547
801947
970309
939812
252554
619168
61459
268599
819674
270343
659446
95490
281994
73423
919134
773629
495677
802365
202728
376509
294007
826572
494957
203313
136948
178946
490021
102727
139941
297246
603383
267438
269320
369582
732062
919671
315874
879868
721401
250133
530716
823592
134575
462851
645688
281937
402556
490244
805998
702509
65821
424774
478375
389177
147476
694816
864789
695946
653209
635642
268461
767105
333341
77068
103426
593884
317947
369599
647103
168106
191486
320943
505537
493143
364873
596626
817615
916773
805095
872498
446198
747707
788656
453718
364165
302551
224980
21695
468514
440480
262855
200014
384136
757783
313417
375811
146078
87275
851601
975776
551092
145579
929045
59179
449884
260694
913720
930067
625699
538062
74321
547946
170027
430379
785492
329425
4454
760364
689440
232113
284657
412553
392484
588261
352971
765988
269678
970934
15536
870365
306002
306430
106582
661957
264051
377901
81155
562218
514161
778602
911817
962321
837935
443281
907104
39937
562431
380827
456030
285180
644653
826203
152021
743113
303461
36261
217545
791276
26370
456329
193228
796088
652788
796925
810936
189499
859340
102680
53129
720279
606503
974779
135508
49712
158709
213386
883496
15937
189349
827800
562816
620937
699567
143713
115809
273123
495421
391664
995350
315252
896310
992929
241286
816382
291945
572673
843055
510737
768787
382737
518657
523552
144270
456362
191385
696177
770326
292218
466328
178222
897336
597868
162976
814809
735065
586918
255083
830621
732448
557228
143495
840191
553921
679970
287986
29491
569127
564270
391950
309835
606333
899452
431873
153226
50586
614811
600299
968471
797575
52612
598149
510477
340333
691579
977875
8239
717920
511823
55237
627449
754114
49083
300784
605010
198101
677167
751843
216989
318625
689384
603497
467950
763902
490171
102811
969177
328447
949746
430559
738407
55547
809933
922625
853474
851449
67306
695788
417360
983607
274751
354756
353980
994967
379075
467235
377007
328551
368684
882671
514238
814091
294164
272725
713213
256521
118453
458852
930449
17649
581907
109256
714723
898599
65465
983649
86321
592399
558363
384639
957182
500883
241562
935100
909866
858068
453927
173559
904604
713834
892479
57640
701403
810330
46932
892645
687292
230803
710540
911408
875510
125733
588450
447290
621329
615615
757163
697529
250109
468707
178739
34081
153279
507112
206982
168514
218310
62379
478346
539005
511260
456532
547913
279844
948024
156352
607757
644845
555888
969808
756516
576595
600331
987341
680387
38154
740469
825975
906759
284125
192268
101545
206422
492005
50071
805226
358308
210855
807190
609618
646034
737419
284980
864598
248625
562677
374361
688819
397475
681218
232028
495859
941218
584801
632726
564895
153307
935819
504145
389122
503154
52832
87904
983573
975465
432288
53768
849676
780059
834114
22748
792252
949090
966133
827238
223591
271896
65776
897
376614
560827
765688
208708
447729
507114
195182
386265
694030
729292
91922
613995
929300
363920
680216
63613
207771
863886
782373
706520
944963
725004
803942
264861
206493
357085
208589
244664
571321
922469
855146
867445
294861
865527
403298
808109
810494
934367
31758
43160
335758
155771
686514
144006
390243
971460
178968
116521
412976
801003
247496
878858
331266
171422
864167
632860
420905
918313
146986
216494
824321
336249
676469
802041
751964
606141
616724
138265
919757
712613
91732
685913
609876
211916
185407
73575
492449
450802
620147
684838
687943
708962
98526
442403
800894
81331
299032
913055
682708
459625
156061
624906
292274
322363
287206
163217
278791
182255
857314
499022
965715
70178
457174
772382
482258
988324
676622
901521
449347
554751
219710
513658
921043
914648
252666
295461
234539
363183
586063
9512
697939
979521
192188
391954
158721
24973
671056
264769
738178
812275
530849
946384
738884
56631
648102
343276
233406
959781
678706
788552
4284
692559
472654
106855
363210
822834
36017
450646
635645
568247
561246
298300
449305
286997
83739
428425
349730
172499
7433
872012
329282
921515
43365
822497
228499
1034
326106
24007
417354
978484
999232
519056
660993
965957
553333
55985
218272
265362
238998
409977
215399
938606
838363
843231
604249
882697
749452
625780
336136
499442
425188
766071
777658
502397
174272
444039
626101
709055
992196
308019
830764
27638
614219
703917
816646
346822
599880
504350
93703
144286
304574
85651
295965
992633
642520
567764
509769
856897
916198
574485
774696
402765
896884
928710
773022
475979
773321
690821
116382
231993
649657
150836
808855
313741
695847
253604
153790
313141
559131
775472
733492
849145
972860
139111
813397
978428
250666
255713
228381
258721
633914
358130
180918
189129
695311
762493
658146
182203
882961
949024
589569
243869
944781
747469
47872
151967
595689
575928
222302
528503
203074
332972
742236
902
378660
702265
802305
544602
656997
24456
677191
900429
904414
943119
891749
556682
245255
513247
496250
584047
700910
693018
624723
539470
174484
235011
852505
771982
976228
11374
960090
659759
738513
388502
656754
322859
154443
66061
702230
82807
649117
659662
742716
51177
943846
774958
27242
118643
119281
178801
644250
502285
386356
101689
878215
591409
935330
964122
811736
367808
832493
509448
854757
107394
170012
193906
361770
870923
84356
365672
358343
869368
527334
938871
629617
794777
787941
355669
807481
874025
945122
521911
384375
80504
771766
796993
775827
260842
443211
342869
415983
970007
792791
157068
11316
423123
157942
694019
402168
521673
116515
36813
811145
944065
12691
202118
570713
466241
883759
642247
384837
942159
940716
765685
512580
378836
885640
2548
126376
148955
207010
151354
168084
209081
760502
268094
475323
123847
211573
634766
286480
205323
540797
948544
682384
591797
503802
460480
803624
948549
991512
877193
900675
407881
458980
746031
952628
550788
446270
438936
6269
454955
725757
363275
570170
352137
285919
423008
200429
192834
311851
260823
425319
880116
459494
725445
899023
241273
234990
366121
490450
113609
654646
141981
122791
946877
349534
295656
425085
730542
551981
122672
49220
507516
990702
634509
55317
132650
311846
69752
147455
493607
418286
821410
740911
833384
456176
164513
144251
999280
168770
622149
740555
927217
12698
538825
954468
463564
722605
85093
11155
470645
407785
418241
555954
449906
756171
102403
958618
82434
132893
41993
184485
838362
372816
116594
911582
207690
557426
521303
417608
889407
273291
155864
190855
312674
84314
964560
295343
25501
882727
662570
320488
406525
830277
830285
427322
886002
902758
433843
302203
878708
826650
154904
798354
550848
687782
564301
156519
206464
843709
309035
969321
406217
730334
960741
721915
96638
393033
963767
904700
392081
952031
16315
619249
20458
592725
761434
80914
810784
569300
249439
619694
873252
735025
267431
123515
69309
279940
111605
335358
786349
934887
868834
827411
192115
717581
21937
600730
909866
677692
821185
67518
807055
506728
270299
980387
50592
711918
977579
994859
501727
442602
149324
660005
669365
515573
807612
135124
592948
990462
732143
424535
865525
543107
583743
149946
95072
317677
910528
857432
973962
847494
700658
295658
287225
190616
967824
910513
999427
58851
391621
300540
80212
397690
278590
97878
168333
792058
346138
323024
317514
181800
833214
922918
469692
998438
347526
719121
316341
583314
173846
605033
843011
54396
892558
831796
338483
858113
906780
580751
869111
296712
169131
616951
230050
615961
814457
91061
376271
211477
182022
915492
648994
22422
118184
568800
524838
711075
611836
260493
873622
500176
67510
494977
645687
461104
722202
672143
37218
341496
111812
370673
414432
306226
185185
803153
455213
184666
672960
425972
615071
780185
812995
165635
39136
364763
391279
469816
522263
704399
269923
871329
252326
204027
345190
213844
733196
708153
50393
875568
88105
518737
907211
663371
720738
774772
705003
985085
363867
625235
555608
960968
944673
992026
581525
605795
766378
311053
464856
675041
346739
84605
987905
757763
339593
226470
808296
534103
860388
592936
467663
875146
763629
136353
512247
888209
619681
403683
932110
500464
851341
386583
84741
625382
22137
751917
140160
495413
854945
405055
394599
480145
911518
32129
52442
630117
513700
314983
848001
987772
158244
767956
498880
723282
303634
998265
286282
331064
626113
730258
911117
601694
466026
816313
122251
199808
237451
189542
543433
524336
521132
28036
686367
338236
119996
213296
535152
956091
81627
281616
878004
61433
704945
847246
50609
626684
163899
262512
561737
224947
163750
535254
134508
691322
837715
613263
300909
848396
638971
72279
289907
389446
110572
322545
543558
856596
954354
844573
522505
708602
806609
589495
563399
465089
535469
950252
352485
62076
790157
234777
94135
993654
148468
446850
20399
119289
772527
627115
902577
687101
299117
820823
827266
110380
595400
385818
602462
948174
956258
13533
629736
585942
816554
353518
234620
471432
471806
170241
657697
116357
659371
106248
485530
906613
638351
966570
708763
192591
893920
753827
79833
653000
338885
993207
654714
669525
725922
23700
446508
683423
350897
685123
580241
308355
569739
46154
770456
845314
104263
512866
953831
891148
460921
900880
839476
854052
96092
404259
663219
648624
433930
727177
679210
605791
425319
855181
790304
842039
29598
741489
870132
682426
112131
644516
199817
125300
266776
715552
378719
327268
11627
595746
367421
778948
963292
203463
971146
951607
365309
685952
42236
275535
603218
842610
989607
436023
91319
66156
868279
964611
46305
713542
823417
174675
572861
863634
731091
693470
287156
326978
329620
158176
132432
79830
676966
607458
438904
613439
620064
847011
677463
874581
457656
774240
627675
708018
255830
150789
685018
804329
117699
345200
959950
636966
590016
664542
943809
451428
759027
485620
39364
649285
972349
223404
924121
149201
388839
688218
519728
626702
897850
372570
921742
727095
953581
440409
233034
377757
921081
835324
468530
523735
938377
546096
433674
15015
162189
297103
122804
995115
456622
570155
868267
813757
318812
721723
58857
788071
85186
929632
865769
497862
705883
867026
945543
95226
372574
186220
24963
29959
634581
624784
215460
281291
939852
438776
259641
259164
849124
247898
52731
34237
761799
568695
827022
803517
361526
420993
103462
204333
654845
109031
846086
759420
322568
294142
85220
584689
491280
578317
88233
27075
151662
551925
376020
983192
381456
33979
343230
220888
631433
362100
697016
827566
554370
337228
153424
713435
475022
987698
507059
854070
443420
790884
130796
623300
542277
547026
243787
156144
961606
470257
644896
970663
868167
888607
453479
881170
304345
599918
436414
672945
650815
817616
367568
350929
247843
341597
930902
907882
2346
903235
736372
776151
220961
18506
164799
973874
369430
196354
166174
148107
603076
651148
349774
688453
730982
944963
719295
955406
999212
39365
689180
122233
27659
488545
219304
38842
766831
305631
552067
916285
23180
839590
169677
978723
585170
972046
101537
341466
976831
679043
843202
496343
984398
834066
612244
764723
880973
198867
270401
449183
67852
685683
15548
23110
232049
914333
646178
691646
37417
69957
301500
808297
208953
301649
589345
586734
665842
530788
36729
16400
473859
643400
596764
22376
774440
980790
718872
872131
155713
79301
941522
904666
369469
645166
179524
453098
397173
871160
745700
322672
830421
174404
839205
757699
441333
630775
14806
139469
232134
736319
963753
980007
553383
669316
162895
402128
964183
835501
269758
777674
677445
400140
945172
252306
109892
689127
277397
58234
153434
679844
266704
941988
150328
618384
286945
20509
870531
242316
650447
67347
715536
127316
734677
41589
13935
981421
103230
654630
374430
121835
513833
51997
529759
95004
981165
499484
848228
725013
423637
591626
757798
501526
658316
927343
395348
442972
19028
716300
449577
773444
526768
318741
53910
687767
775650
406796
29791
347958
697999
343547
485442
752675
612350
1870
872337
537129
8383
923722
966561
202794
316776
590830
423707
853507
987707
815333
644911
458269
866659
991012
842985
981267
838237
231462
418524
823419
553204
255746
878074
194643
552932
364197
552326
605194
56032
338738
111712
545832
2416
832435
736959
198490
976178
197498
462590
243678
442688
32600
234637
210695
830514
917561
615176
2222
588858
972506
311204
696949
49646
465129
348357
67769
367587
247160
42350
53908
206644
455965
640912
272331
408162
409000
786115
883931
489621
213953
397010
927003
448385
857950
876976
710030
239588
327007
22217
427143
287275
836934
544500
624057
54773
627478
256452
795930
770415
759943
390718
389108
443166
23906
53349
961480
61947
543615
640944
673631
768248
622169
114333
780590
107105
964747
36638
814629
901918
475626
566962
155860
949588
500542
624655
83002
499372
828893
444475
353836
831595
992550
561914
575071
883328
808151
991010
240018
743197
750476
704522
241562
345021
503189
508385
817163
768643
939506
47899
441792
766979
413613
993989
132872
766170
131668
919482
497645
605047
822034
499566
588258
257085
544873
445863
860936
775169
27599
303372
378845
228334
200546
796630
345858
827720
804488
350947
882535
603661
348071
323177
370901
547255
869566
244167
829847
978079
554910
327159
601222
494076
695945
475232
162416
580552
459621
994248
698660
882179
131933
4135
303837
588689
677141
124631
294473
231934
56839
10983
344308
209378
98111
754446
388054
786080
352943
234556
92853
384776
724912
148172
57272
746396
170070
200534
715338
683696
609902
773410
128103
636586
667991
87735
325958
376169
196154
786257
931363
1283
488167
305584
160808
636582
94477
402125
121591
564511
543382
532520
318167
741305
186653
556284
46840
383934
319693
337172
305060
347161
348695
159287
338373
286235
336591
882047
554509
471196
130852
768136
649157
973050
956090
518787
195958
547069
609126
729642
55598
876507
774085
116814
861999
74198
460281
690892
759994
154883
860161
213726
648563
900903
129332
628813
729009
613370
399898
6149
480612
47309
419559
476225
373283
965639
859221
748325
110610
276043
813085
158186
332397
872054
925969
189491
942323
534020
379737
315711
402673
376146
477000
669432
31081
617726
904218
497128
761888
425002
50316
315211
309249
34528
728856
696575
834225
311439
448908
871191
532528
57652
153798
167120
216680
801300
95758
336411
160150
617573
741456
295065
395282
141132
616692
544293
561212
657217
945500
267594
149445
484368
809785
352341
879767
633976
346826
55302
935138
593270
956211
804448
541188
508316
992630
714592
832276
48666
805648
673162
931148
828638
37682
858526
217424
503960
323354
662378
95391
236502
509390
656569
415381
599503
825205
369321
949402
109243
933714
137818
218283
744479
217438
933891
758275
985767
760704
752862
142309
129579
110827
208771
765641
420948
16212
395731
960737
898200
666895
108619
508166
318688
373381
452984
791684
930891
612500
370633
450815
851020
486275
812928
230592
803567
82208
288899
458656
591417
218297
449359
587535
679084
157363
391052
844481
416169
710282
941435
11511
244592
537189
253515
148197
593540
668053
118091
488133
678250
827626
144635
145336
783887
224946
314299
569812
712329
869135
336101
966926
950326
552692
149622
451717
919425
925372
738919
861545
220483
360294
223450
925062
776965
160561
849328
574641
943140
778000
383543
781773
633549
904458
383425
348346
693544
694706
723024
960604
637714
22269
231789
623491
863426
579589
431511
597756
635853
808089
238105
743859
614276
322046
949876
880835
844539
916871
194300
544668
650725
824780
426111
929808
80475
752330
789855
886842
183611
174295
945921
200523
788141
364224
431518
807283
57473
946497
384951
152872
533300
252320
725733
671061
693266
285030
979342
911010
210421
911611
819316
797724
159915
735325
40743
98690
109173
836796
756891
776299
200044
913590
643988
332182
884351
615466
405629
756944
872663
661691
146457
211708
232091
875043
620049
939778
764495
157105
959467
709847
97559
848609
987868
992804
675226
572246
37428
338646
662978
770998
1399
998913
185119
744738
787404
267057
542955
314064
744655
801487
564328
305032
495681
553901
611814
739511
639007
545582
808225
513971
233872
667477
345350
75980
489527
56936
534998
318795
407465
737920
65828
257546
319352
615600
668216
776175
95278
988304
863574
746887
690773
938469
444184
146107
255795
699694
728824
238321
282260
257038
116714
878529
635647
451729
411814
579858
763082
104924
654531
827601
426122
171510
896127
188173
811810
430317
584283
656626
520188
172518
412323
117729
771734
370693
282828
264360
723188
176245
114614
456099
400116
825556
244176
48686
261950
945214
159386
569605
509401
802997
192582
452987
459291
582442
79672
512147
101497
439082
610861
438335
199228
70376
343479
243251
762709
874083
486374
576548
515463
893043
713219
786338
976834
170998
68214
222351
938832
632337
362375
461755
405032
787365
771713
716254
92065
406608
41586
647984
216384
478493
520208
912169
933490
675401
499254
34896
652501
960563
468939
95106
383344
440607
101379
897026
517251
735782
547967
687223
281658
308862
801808
520838
919995
592098
405657
589132
641182
177310
560978
860152
882108
946361
746217
58308
199456
118910
98691
24974
682971
650089
381024
799511
310068
465579
896796
564887
98684
298394
273617
242362
863998
855865
49242
964347
687253
533791
464179
941020
891289
528070
586492
80959
350577
401714
351964
452452
74380
967547
19138
580608
196587
841465
1031
902070
287254
289228
965487
309364
607918
988101
647183
864429
14818
721781
485128
44718
74492
138256
475761
120736
215059
989628
303635
632025
284579
171516
728397
402078
177209
197940
986968
776313
491784
775960
15397
308467
312858
831285
235491
346159
127136
726364
756573
844067
338602
599654
358975
209907
693106
589417
287929
22188
884434
348726
646652
554458
760342
320395
340833
423750
719724
557596
909929
339983
780792
844985
429151
694755
451140
613659
440474
405915
857749
869457
429982
395889
151192
616258
665826
822750
109499
138462
647149
931732
896537
957670
643930
740501
97165
176148
879546
966831
344296
602919
798616
871956
409981
163535
881431
73434
245529
683954
404280
937867
971152
794137
630712
673194
253042
428987
64534
729987
140765
18851
652722
892141
376236
867328
626193
575776
903117
120137
301565
510957
235377
607115
84298
104798
215388
618512
26035
296106
644444
69806
157282
982421
735766
168169
385166
609122
650875
736518
579647
618998
640090
452397
146605
619339
460688
361849
751878
128269
13210
547936
145743
909908
919499
243322
623970
788991
689817
846320
947733
594281
829073
603970
757179
43147
185451
196596
18564
940526
100408
82774
345088
126091
62775
63087
428161
811841
440392
284101
427997
135345
127288
578508
91858
76537
855354
555881
683525
913676
317815
489121
61859
638507
939644
378339
392552
791234
645970
971118
989246
312993
499371
885344
680509
216149
907512
283869
355793
136867
669656
213784
597241
119264
758634
835521
570988
914096
261443
125067
960982
775321
656827
314968
467904
955779
285410
986948
576397
893262
90257
926027
579744
634000
199706
913816
144027
281130
421921
432811
420675
289029
348036
50725
855167
784366
398646
526259
390975
654028
217449
199829
169594
995898
553513
394570
498959
28805
2182
881562
785933
998467
515242
815487
121038
121678
235465
156081
466686
124380
314165
69645
625593
823804
71185
869089
400914
542767
606686
723478
543985
342049
454129
958587
210068
970755
204357
945706
561654
171782
546413
196121
643340
751221
147490
215615
557228
987247
240954
683616
430601
147456
48954
538039
786841
285596
252674
725824
981527
419831
152486
264991
480100
828804
416926
607216
288201
69767
318739
201580
139223
637081
800345
971188
961008
832184
121340
776829
576094
264008
964467
322969
661536
259242
796786
886366
222982
372216
733467
158261
957234
342874
214548
823489
530302
359752
181619
317673
170684
431708
642646
44932
764952
949394
431952
363616
876762
286304
920446
739375
629128
949868
54007
809871
332456
667439
934881
425141
768547
263140
360481
734069
942086
587628
598378
372080
344545
604225
382071
389338
419026
446485
421331
215142
511580
987142
800533
936081
919024
134208
422634
878984
386638
132912
660619
814967
781509
876001
103245
630255
854486
16884
752791
774003
212727
444416
428973
558432
995571
381828
120811
185590
728942
379653
451534
117575
967431
324041
215213
801018
96534
917614
159109
715708
213140
979559
509937
419461
622746
434132
459576
264642
750018
164862
422465
512548
979946
591148
444897
990981
97815
377060
506197
907570
764213
619393
39947
304025
277565
736173
288155
262672
401647
913660
176979
440319
12415
803878
856751
462380
575052
538398
907560
198562
354891
792595
246563
594876
944706
136962
315658
629971
461233
871414
492536
659522
63307
65758
387726
71762
638945
616393
993507
993415
370912
414080
534360
398214
576497
254207
129800
821409
561790
288274
611841
800213
850121
130242
913583
945892
438104
913516
861631
923748
110861
895833
769561
989523
691438
946650
184613
893337
874350
853769
126418
575564
607884
496919
643715
886095
875273
237569
114392
816085
311172
795809
862036
17924
498803
635489
847152
598196
649856
223050
291643
169558
592701
228858
852972
688497
244806
397556
778054
508808
358322
995410
333542
136600
947125
432405
470124
333181
107733
15261
301700
740468
688071
677236
571024
569787
170982
317316
707380
668885
305423
205161
770813
209706
118619
744545
294446
154635
608122
306080
255529
208018
795369
70272
884983
653415
312399
726742
206388
895008
212282
136544
160218
484736
470641
221082
155496
477728
633333
862063
235694
59180
343449
651661
460152
815812
152635
298705
374741
821250
232606
564194
532290
534171
573413
726106
243192
706078
465198
979870
793295
328410
598473
879054
305357
598301
178836
62872
830608
444502
697652
129383
243027
713820
678834
772281
873440
197832
428911
290255
783570
96124
875846
25405
172358
932935
721532
8289
475038
771169
914470
739504
240753
184720
594456
805612
921171
400750
439045
714866
122940
330433
647928
930927
298583
396874
542318
477939
762985
569561
478925
584286
875036
166045
252549
278582
873000
386490
764866
532699
779997
645843
488267
580050
413647
394023
686842
717437
103901
492311
439192
509867
536480
733061
602261
65548
78509
912089
526880
43581
499208
958173
310377
479938
211173
583240
602097
877073
358683
981784
65162
335051
516456
867224
966769
72262
567963
317185
619716
653893
429986
531581
171553
551113
400880
208391
140125
352832
247114
411501
337502
49052
424239
966903
103574
46655
880738
604450
136732
379410
720661
129029
617704
458677
500660
90965
740523
647120
731851
523844
480137
517064
137492
22340
427124
893710
650721
627753
511654
243281
514338
926572
280443
470612
601236
232715
896040
119706
204231
959054
373852
106941
937098
648997
13745
87966
32692
399726
628175
964918
418705
914258
159134
840971
532008
433039
512293
215807
688934
208976
883332
975875
193065
954872
357770
246696
537706
255357
448116
696790
534279
206321
930691
98581
518700
445149
179449
583752
711454
799750
203055
982331
701539
821841
766486
701969
424210
358082
331528
74144
83123
101408
812874
279576
932690
73077
715873
928926
304549
633969
515021
346743
56727
619822
72294
782495
400304
724431
214930
933562
845859
869377
279265
237282
455861
557667
486405
675679
922693
397314
676017
845556
574972
710653
727820
171286
599697
834440
699218
807352
694521
995211
332616
633793
687082
628266
369049
910303
663627
606688
238738
169205
687738
759172
972023
635568
160057
419310
387008
582263
193078
757171
845619
638400
209973
93515
633311
814080
72860
561748
676338
571899
711002
812592
476920
521209
451317
299849
525744
142809
316656
446260
136205
715583
391765
311283
204934
102440
217124
592597
23514
49311
539672
439224
895012
438985
845650
543599
856278
890138
348965
941118
503765
62506
63485
113538
453681
790498
929324
383022
287487
349200
257043
411375
411349
641435
633577
530417
569506
637840
415659
681211
642408
608346
518816
150390
409366
678864
296456
698059
888006
583017
112224
93033
729487
490059
607829
881446
210760
923648
182723
358077
582554
204938
292136
324790
909953
455757
987626
141347
951711
301994
912193
867590
179325
543533
825730
349584
740702
37148
438921
514884
459330
107312
450691
313402
597876
131552
211477
378176
249744
66328
359789
45147
258453
470409
892067
893035
646178
609945
610379
14380
576209
88315
738329
930585
341549
45082
729393
983339
290129
310832
789963
575103
99742
782259
716224
873621
597912
241326
47091
259636
791198
872365
653919
804780
473156
888401
901368
418931
16718
225476
454336
775473
268556
628551
574506
279959
353421
540007
313635
423274
381569
225807
594497
902686
831023
169078
302539
523357
845583
789369
409251
62759
22789
461891
422860
229523
744954
474920
147164
66227
85785
527313
885503
88085
167779
563218
754213
396710
433520
935128
749897
478066
985155
126590
967967
913158
90056
301310
861146
437879
74988
350276
828759
936507
819289
777118
792297
846324
657485
847056
358722
771021
839382
339333
962490
799549
238700
351839
698367
224809
516522
200943
245402
189030
711979
475904
31833
174236
139005
429838
690079
482566
45381
466452
808132
260629
610863
470019
903850
22516
125263
460559
48989
378279
863257
932642
439206
144717
522041
526452
612845
66884
928848
998578
800968
216555
44045
585819
5860
582594
155619
860906
625934
889262
295276
580206
305631
57498
690522
867509
934850
170039
445205
819046
223843
555939
120951
935918
494582
879528
413216
417619
550753
882267
505206
320548
382599
944741
384636
453073
326066
287262
359950
825175
723165
668053
992375
923732
873179
291692
251631
821368
507814
251360
908660
207388
438856
97639
639171
984173
153183
471858
548083
545728
188817
507218
142575
468938
484493
209590
827534
629735
333945
290770
919313
988824
273149
45340
228664
76106
575532
380912
250113
602961
355338
649044
68606
782260
879998
774101
744209
494945
498261
124176
750087
230081
550256
957389
311439
949286
752972
229061
713942
165345
376876
600708
307904
864881
224997
604649
698756
380054
916166
692747
513060
264451
178465
657142
632776
735921
595642
638547
205686
281040
92044
984293
584368
830552
507186
488944
422699
152830
223865
189364
6375
264259
996159
575383
313839
481062
815303
871968
372463
509370
642525
671007
286509
626578
924000
499755
560998
947992
399665
11588
964038
643517
508599
187926
973250
559883
967884
774623
119126
536214
849735
582183
868502
400016
493542
885294
762483
915132
795864
283685
616013
26939
205157
980626
898799
536706
287995
389654
304812
867053
344086
691211
798035
301228
335562
409479
418705
673819
137904
936574
651428
7792
575147
969220
545592
595854
716182
668719
690976
86774
255884
886490
405618
446237
285523
863878
444863
367896
991013
695836
604141
756340
830109
38478
477939
415074
575867
473563
769841
2959
851604
112369
917226
876818
636377
275628
549023
227647
638337
655933
820809
384280
493078
517990
178994
381539
239321
835297
4336
304599
344979
987616
524351
489392
968570
222896
407738
899746
132796
311223
146422
411498
428458
877788
715451
9215
958212
929029
43296
25704
63389
232827
965250
613159
511979
333739
589920
168915
961325
235078
978710
836675
173561
351175
115764
644390
317153
761748
785723
797488
662337
525950
374708
244847
116136
170083
663660
964476
873313
880243
20751
115340
769757
276943
702112
263206
669246
586061
737234
543215
698434
88472
929606
490977
376970
549941
215458
828314
546887
382624
286858
939345
443456
402517
30270
24291
640129
166122
781712
437259
226084
633113
358656
576433
228085
481948
563126
999385
880772
880113
329562
367612
931404
307325
921619
385716
981115
392013
387867
652624
550814
532727
99964
250183
779179
845727
542186
228618
725674
111957
771067
647410
446272
156060
951431
721625
795033
552646
906904
634692
361329
230778
357198
321021
394112
713944
595218
407936
314816
490483
974965
553227
703964
793149
101156
210392
284790
892801
518666
773735
373397
590921
960450
1972
72490
155551
274295
860809
412925
692209
308507
679660
122233
498702
150656
187128
939472
792652
64342
311881
991500
198092
899714
582097
278068
907222
447511
59464
674135
606622
388787
644672
427384
259496
463481
221974
500181
394823
669222
751556
720598
156161
730706
439252
387087
143502
528133
683055
477490
525311
27700
858708
764244
516540
513687
755748
40282
713830
692520
639897
563840
91675
912825
643799
511429
472663
388210
839323
924791
825463
866087
84880
899030
516825
597394
268160
314600
421536
617074
693415
629145
209236
351935
877092
119884
49318
681608
793609
908546
694801
838123
982993
226597
276379
557744
356849
774066
991482
971203
445895
411266
633428
840589
9775
313715
445471
681390
177269
25015
770024
640729
207524
132281
424495
319435
12349
582951
60014
328297
315139
725536
976314
908533
18611
747900
948931
159532
202450
903666
449334
83648
992606
609706
843201
874669
372966
211936
270326
992506
278390
580785
799241
19087
629290
865222
565364
700845
651171
987610
959674
935117
74008
736425
911687
75097
961412
811703
494134
417985
699453
83129
514861
211068
807973
695460
156515
953692
481081
478417
601346
800139
998407
303562
889320
49255
241212
73332
906695
688440
247451
844952
514091
884362
585610
185232
20060
655788
984583
791434
883737
227395
817783
534780
264517
837771
84895
406308
832862
882476
930860
896826
567335
754229
582636
783798
846056
31031
139167
409527
299852
72448
725608
129239
382056
138675
275294
935112
153627
182081
471936
502634
916816
388742
579781
717421
153696
755842
734096
787742
968085
705394
608962
789776
734281
238858
80170
455592
259438
259346
608727
948804
436263
245530
285007
741256
438930
964635
52632
403463
20777
954924
8435
195531
131902
608733
228712
950082
393700
327924
509564
35333
651244
878018
178048
393605
734157
628000
291396
896852
339421
658123
782952
114830
158780
31962
830930
423330
882128
376920
890043
422849
774250
53634
498148
725601
1863
363998
66023
269678
829171
125494
213224
143310
101320
226480
248810
964495
796949
355659
491838
498480
487130
666552
512790
129609
307951
730514
773943
769687
605571
175676
794765
416744
635074
317526
86040
611231
833232
503067
502916
166309
123251
135386
975383
486700
682189
207439
620036
652065
738438
51678
503708
989678
925064
217707
551652
793449
845028
629208
390401
139420
486866
188124
883280
82865
483413
460349
109074
105850
948285
909738
715269
101531
90374
629239
228878
824149
832030
824949
557457
686063
334852
132205
929315
332290
866508
100409
501655
820706
248255
86592
198517
344677
812639
521612
300041
293201
1543
961226
432919
157158
538865
642589
931116
871556
820434
764703
308047
201594
936416
429685
238743
199725
440691
299213
444758
405858
907465
413431
74035
538536
251300
666653
797461
626981
132942
217120
624187
985275
816445
604753
719849
929878
286609
332105
935933
786133
368825
882278
577888
276626
148534
822242
753624
431632
238712
880209
157369
676160
474148
755767
627580
592368
985783
389315
689320
343376
770180
685292
767724
433635
129113
961127
82254
313727
654912
21250
661438
110592
754209
370400
318852
609103
571333
460818
688409
564234
651317
462542
474385
974609
329473
607374
374069
14380
818780
354695
694895
71516
306148
739140
910750
316349
957952
835551
896266
315028
594467
165532
541233
905339
169325
356962
592768
692582
321392
103767
781981
457233
785999
498711
68065
908296
298627
478672
607011
815058
659831
195516
188847
875515
174547
278460
182870
259837
672663
239438
706655
949898
658909
658283
851867
677561
237888
936384
413462
664586
732700
171014
780650
984920
189355
206272
933805
380890
955534
217809
401162
454101
446573
288823
575853
958050
198901
603624
610584
760471
920192
363591
357267
733653
762963
982723
369792
750510
680768
706764
251340
626864
115116
795059
750018
301075
37035
406046
930234
162426
110151
504932
851694
867113
99872
279499
4332
538628
301357
446491
745448
839232
579552
458718
408937
475561
252584
3703
595492
575822
577296
358941
71590
128140
332613
336114
69354
158774
681332
589508
961354
119006
158546
635039
947667
691779
173941
395788
804849
569046
640544
499883
525513
302058
206812
332392
70374
120761
68545
657309
646346
312461
741524
542916
575526
936722
1610
390615
915686
190453
134699
538950
124323
491384
782866
938772
788924
311445
492304
142031
747839
93260
887601
344042
817536
216907
607062
753337
449228
610105
385537
443656
298424
185184
20656
818903
328402
230325
698400
427382
44857
759236
878194
111417
48329
768060
579499
942745
502702
418325
380630
168935
927898
706074
447620
675437
225169
316630
700340
308643
930593
107295
115789
850251
729712
756794
61256
467498
966445
755625
211818
302691
382440
705112
56815
575409
650046
738080
939011
265920
85421
943157
950825
521065
598214
845555
884670
514313
577920
331136
227096
880892
228520
309341
117129
480443
346870
430862
481279
639184
446972
339620
510669
886641
460664
276836
679620
660417
596552
523862
854267
575646
362429
988139
596463
774440
951687
896843
645059
361744
653392
114555
35048
996440
695782
738792
651095
596076
313424
253778
26235
624605
992193
272600
240045
215606
246954
376924
75927
610173
152106
342802
529402
57736
840225
126314
859594
224312
15714
580632
147702
73815
645703
701692
918150
695498
208542
792243
963742
463347
226880
208890
163871
398757
625154
304569
194029
108804
753093
443316
258187
432377
765097
765257
466017
233616
774750
867751
541600
675630
911898
473164
558268
816114
252711
257592
324376
469606
341972
614003
280000
563810
431883
581048
179343
89725
850307
251645
55665
343665
101388
709536
253507
701194
620615
603183
735767
775179
550392
648788
250835
283677
262132
203355
963129
317108
607541
407330
262785
41025
186188
660636
404386
59533
514997
845953
94447
532025
475270
346710
727774
909775
175234
715988
760101
556228
253322
425976
246525
830221
824115
249702
194313
415642
926899
421691
776143
38323
312564
393518
661156
791278
805963
378081
55399
770570
370114
728010
734499
515564
446417
683705
865624
109043
955628
487173
706964
254266
224054
125207
776698
731113
463955
768146
857124
78712
373594
995294
963493
257858
284970
130384
563175
515265
987924
216823
518835
693996
125366
717574
4816
217322
472807
791705
163970
897969
925710
509093
171187
786688
889421
655617
970416
697717
219931
792075
474954
918156
507888
203704
17693
972596
286553
798140
168621
340879
533419
923154
420331
198791
928084
789417
863896
295944
631245
47915
133377
592477
965035
19754
812968
311275
718805
825001
35459
537988
320144
291973
296222
265577
906166
448255
847771
877279
68870
941479
615002
39596
936980
874149
816819
762286
140321
998823
538912
685401
177925
24226
729016
134987
991753
936327
922966
904398
671633
613189
532888
728361
54006
294324
219075
175395
289010
445797
320516
515093
464244
468099
340561
757291
995988
786853
21678
251639
555937
827956
372492
535217
439317
189044
534156
436623
578154
193520
248993
225725
540294
736134
705875
459130
993233
496396
832479
642318
134119
164958
136124
472427
928617
471494
548472
430368
354990
601990
36225
877684
315671
507972
944512
398821
360576
575379
148960
667197
183315
685914
820589
568717
614966
255459
965655
804873
232676
374850
21461
708928
693786
985120
616550
941366
513895
437411
637938
7647
530278
94715
427471
595706
941897
476940
825185
953992
165899
869619
781145
136680
38983
556087
454813
176465
19751
687822
80200
49195
523637
817417
754440
303306
602765
179676
599334
162824
455667
470798
23907
743101
771009
208953
714109
276702
587705
715391
570449
102255
611001
884810
394778
575398
554444
184829
939799
74142
534236
388668
225675
781684
74182
405012
402014
966786
890694
236489
793185
237430
412433
95739
218031
523278
15042
118772
198767
809202
340268
512016
930421
51309
380238
356489
257160
136521
825572
527135
350462
585031
86362
854048
453188
698232
372764
60313
41594
762683
68552
404505
271739
915156
163589
821150
167418
36644
615917
13343
792135
324427
869350
878069
718385
743703
141262
450087
331270
699175
244628
568529
911158
912224
148964
813167
469270
108171
966266
765003
522432
140554
136024
44865
429079
687285
180946
730412
305576
141142
582791
92591
348780
64572
933866
359202
409194
784896
646206
747478
164409
861138
279648
225287
121315
887550
389374
206301
766246
112065
810406
447263
385684
399682
728313
757237
589786
373487
789822
287704
991965
975541
238674
319128
962112
243611
848061
692233
430914
233916
555809
526859
687813
362975
191052
717813
460713
269813
124588
469790
164439
551726
156322
166855
61210
722552
53039
343336
48039
978517
138251
619221
532925
850775
424340
897229
705639
551227
871139
761247
636831
991520
310075
718010
865293
70946
917851
518735
710572
693911
160307
288165
122510
598181
427763
405049
533878
742143
515646
447567
212195
593082
821181
207321
689324
336016
858897
377283
431494
263728
458400
300505
85155
723903
107408
954646
932725
973103
646354
872266
985105
816442
370134
973478
525038
595516
732572
135783
123084
613803
716651
649309
760177
80692
345498
346967
700174
575666
274955
683502
498881
801869
403128
543850
286516
292717
577445
785812
290338
668762
803189
44889
764410
366898
109593
958935
238236
189829
201251
452615
731776
751761
39289
199624
416694
194197
570148
113220
792967
899220
259528
636289
43451
124584
938094
620934
955380
8063
562365
82471
600312
936567
247176
441647
317708
526162
403009
403370
979387
903382
606986
42316
921270
972100
641708
78785
159509
92786
634272
607378
308092
145671
607883
848817
594840
406099
727816
187361
196553
838729
944733
152196
537178
279577
499982
970115
931691
825070
546960
393684
216048
804545
780054
763307
742994
849432
72264
894463
596595
255967
409490
132407
662799
215393
579353
863537
849598
32611
656903
95983
581141
576221
714631
885535
776237
516246
175629
491974
78267
174043
872140
160008
764510
975771
787339
907222
912376
963682
191250
518964
223283
798000
793022
294182
543717
852918
666100
852214
792270
594924
254450
138597
755710
374290
534273
708588
503956
832065
317959
816621
518241
445484
470841
52347
254506
593720
873517
212482
935884
360566
330189
534421
948410
695673
590376
835795
906210
206233
714786
752116
939182
422658
267340
828789
457255
823993
574606
599966
715443
458861
518721
135213
213567
350774
631897
497249
620216
323756
134655
77348
802226
418534
208509
933397
467756
834766
820627
44850
620523
100638
12134
933023
315906
245241
836888
771541
28659
273448
300339
299498
746480
331119
459966
996728
626490
641100
77746
3373
163179
293899
182407
845103
757519
380361
636839
627433
259308
551619
865988
861111
120994
121817
821509
267690
237293
8933
889819
590328
758216
297586
559666
163075
683820
657371
720708
822596
23479
282754
588807
539540
772327
932201
795335
903191
775429
356592
265102
276421
105694
509740
887359
73494
473132
766304
334338
733130
337556
657114
681625
440978
399497
379884
138769
758302
369806
730246
491541
316164
486168
407213
429981
569226
781329
867226
593539
985296
915065
477297
476982
344157
271143
6108
855239
602948
90926
48324
39841
931698
657627
1196
972502
83031
319066
678697
39252
8175
670775
520770
586230
25196
992514
621216
484599
202818
786829
175602
765825
574798
373839
901216
551203
507428
493035
645225
330274
489139
355658
141339
156774
692055
211492
300078
839317
54204
955358
685438
802109
42857
208974
511332
295851
282864
303066
771503
804953
908209
783870
627268
885571
60230
107948
718479
485530
225870
275149
926501
22674
28441
786854
992312
738198
8173
577110
799414
218267
304243
938107
254782
620050
795713
554485
345599
605303
269061
623106
455087
452039
371850
745865
990374
99278
573866
500658
998165
767454
828881
962802
232101
421404
386793
794596
421616
1780
509160
351827
397654
469100
62706
355412
75773
267414
562155
815248
717097
768736
417501
429664
16884
137413
950851
874577
588586
50982
484208
81862
729411
127731
83423
701437
695422
333059
560088
755050
162966
431236
979707
246847
919075
251788
100716
295821
678480
531022
466267
588996
9333
632872
41262
394518
292881
121560
112014
941818
48869
662991
251467
426253
587247
855070
377005
529939
953666
974157
325784
896282
519806
292619
215130
46207
899122
941119
710293
505354
685323
909564
922948
960437
272694
482772
755051
439370
873370
45188
690847
268458
818027
456268
158959
971945
395757
479202
897902
422807
395526
391356
796766
376474
347261
248779
992443
73975
74837
739272
143073
901295
663360
715814
746202
278598
469250
471975
566856
919711
980899
918923
39403
795138
255248
119587
571024
115840
579472
145923
299735
532462
129438
984149
744415
139724
232295
225163
892368
205834
289505
424428
701188
102816
803013
610896
96339
463067
341739
705895
864441
522616
548161
594995
412326
724905
591528
742230
648611
647668
664940
746053
43164
216891
512349
904540
491214
578710
901326
792012
139278
741724
200490
313711
320243
269313
550574
861500
877089
639449
328454
844182
973107
711483
328840
364607
307140
290241
530503
942633
911514
493483
835925
801773
607472
12707
980825
977429
278239
876827
858761
994131
521000
888274
819523
764053
804448
119094
648910
192688
455288
787364
906088
807289
190056
335627
142987
37299
689912
706478
3585
758690
389099
863239
571488
623230
895624
680969
828197
47043
78278
255295
867433
631653
581267
200400
372546
952801
4801
157667
197369
781871
412238
266719
560227
649172
840974
433995
769822
178707
331767
86101
213674
688707
519561
544302
337697
189820
509208
714770
800404
844075
720311
834341
529156
890246
957443
338361
573754
712601
231177
86380
440003
782974
617621
709359
249228
436074
296856
621985
909654
797604
390517
637529
833173
272018
703080
278915
747755
236332
282259
17697
768700
697105
943271
301235
739885
487736
89003
111026
88382
646015
574764
937014
769218
671647
236993
436151
266807
258753
111162
574256
793222
256745
874213
759391
6936
656721
636220
222185
390226
645521
586862
593115
508463
444601
728456
421324
179577
268289
5888
703774
475108
679960
948062
837667
359623
473496
709000
690396
892343
283483
953704
803228
409218
18535
415228
968331
895045
641668
685753
418630
674731
143663
413981
691748
718402
511335
659344
741460
872891
84068
454902
94498
382590
547047
151768
468264
813356
525340
396673
727330
485565
344726
886409
830175
647201
24365
205952
85938
450865
625492
908285
633161
73610
807827
100895
564106
734430
43698
5615
588360
386085
138688
334113
94818
674034
378176
535801
979512
945696
45873
703307
335883
937963
87609
923994
607472
260250
442925
12002
163825
753178
445247
400434
450944
568935
526405
957360
527385
451939
997666
475456
373811
906313
292755
851648
912354
899067
700184
50027
518220
24311
600124
632029
283973
135272
436355
223285
911882
171033
671024
527638
433879
479876
424688
27848
888421
903689
990182
54845
230916
144826
357588
897709
512016
147091
858723
271010
366035
243207
939983
638864
422007
902197
107569
929500
188390
938233
641578
402685
161472
333407
479401
815872
416184
436531
828378
635941
366860
145140
555052
773159
52318
570407
422972
278361
416372
929095
610083
670572
266569
379929
170521
17101
150989
621662
566084
26027
811584
233442
100449
886038
329638
173746
162894
724675
562856
680043
382065
734188
493639
498476
557065
469204
778941
318381
821519
885416
143026
197545
128904
805377
651992
224311
457258
187399
72995
918263
928360
294255
682600
402919
852444
783844
838609
225045
728336
805636
96763
690031
853801
884353
801132
889078
99697
38824
470324
825617
878272
156606
261279
50494
931269
870278
858451
285603
757622
200096
817037
578499
460946
800588
247539
286860
809871
648459
67669
952140
422246
389734
171524
756292
416311
332744
859343
851221
227353
842310
975831
395287
721282
90367
856782
345481
992720
192991
234128
459618
988978
60669
420509
131462
393142
421988
546099
243668
752431
197935
61316
91612
13058
816782
153113
775086
146893
79269
118595
203406
259637
349843
529145
642051
989515
705296
343955
110030
677147
500783
943778
198968
39632
814083
462890
328836
662983
455518
803197
350340
572910
783028
172276
633736
543961
625759
124621
679729
694113
157820
609628
768483
28217
183282
579695
457945
179150
48275
960259
14162
261914
953562
671132
221225
981062
973012
574917
285890
338618
495132
259236
151072
254210
371903
2553
639252
356638
545982
676147
763664
729190
771697
373743
592986
856216
910600
668238
855260
141184
656621
102385
130392
382786
12229
738964
398712
706823
992150
999684
632835
718530
964739
300990
448108
613854
408818
926502
476165
520198
900110
787041
186897
15120
803880
332111
760310
793031
40440
572072
460945
53907
987138
762546
337508
427911
877204
963484
735274
321735
504620
398394
810828
590804
336758
249374
935148
877942
928882
519503
727838
596421
807988
25961
891254
646035
633285
303377
474172
624377
514599
945362
659068
873725
495414
290329
430074
949725
794922
828297
655491
859643
767993
257084
574559
73124
941529
578647
447843
859070
259363
993801
972067
646670
318675
843296
84548
133220
711404
944072
448494
333987
786169
294496
581025
482865
616621
418170
871711
25911
516268
654319
315463
816853
323363
119773
508674
324390
560338
276159
383894
578155
493418
827367
944024
320406
277904
697754
264382
465141
92097
902728
502163
595257
813841
415846
743811
799075
782092
997930
737750
89226
524861
860323
62522
46859
798604
291762
267128
91789
92930
117160
191177
941167
805097
367230
824898
505489
221839
824363
843562
563196
140009
315046
362092
747247
838099
586808
339815
876551
533621
386620
465187
288137
515394
801206
145439
921679
957402
402062
342726
842062
975951
465704
345599
827072
314757
272993
594275
641842
457203
673127
569866
227820
708486
643573
801982
480504
942756
382762
436305
190865
477325
772165
46731
767273
478302
245951
24507
305431
474224
534085
526894
81052
159517
670481
109566
361488
697634
254948
893762
564206
135008
668962
776355
29369
528829
760329
440334
843721
849320
116495
630213
915125
466041
501144
195665
864222
263414
818833
252242
441686
340594
117356
997750
741100
383759
954040
198408
19797
212005
299548
987040
942841
125115
60528
942393
140311
487282
792183
906847
443861
111170
968957
194375
92712
555867
895626
922105
971420
102765
211136
248296
522240
997315
871126
418530
18354
78922
700721
678370
785155
666736
189468
361987
965894
204520
573988
888975
46778
211466
438099
602678
130641
540566
709767
195418
154076
289369
71981
531015
150870
546984
708959
899712
620618
712457
607128
344180
885473
820146
48656
321616
364876
292073
380217
651246
874442
660938
188372
448299
299542
511847
885616
312726
678257
937353
109056
972291
781063
73045
699736
646080
381249
589770
622340
120799
601318
168935
18821
89266
864942
667434
167913
225493
429029
804530
753093
423781
870009
308230
715858
734927
660704
550894
650146
575299
598632
632255
971773
815366
762460
44981
344156
459111
721360
460664
546817
852809
34058
552577
813425
773215
314253
27606
810000
307063
678467
702065
790103
811245
325702
171839
20020
793088
191691
514436
209726
191233
370155
782811
379666
875367
66255
4059
167119
750592
393400
769430
846444
859714
730921
209531
379505
572160
553457
656155
739736
610936
647641
73480
494401
292745
467942
298649
940876
41793
736971
879883
431767
137556
863342
32962
424916
625706
484885
731245
793477
455887
495149
736967
616407
578254
386615
640633
764632
886487
988239
991772
307671
74141
853211
154461
281751
477949
714636
589690
472367
932568
28948
252073
697153
587905
600228
859863
282261
365330
464480
535949
953937
2585
984802
810543
350743
182320
710824
901599
672251
427562
493595
467262
388511
875369
62973
914194
231981
48589
65710
888067
130289
855943
475994
345024
594321
755723
243394
415167
289129
529700
23462
30945
326151
807969
360140
914611
573312
734317
212720
183569
383085
89341
956553
669477
492806
437474
426931
388621
598873
632894
699133
540699
539942
522195
120721
367798
565402
975031
16828
340957
782502
656740
306074
263180
217724
31276
61279
438775
690214
165321
412164
54195
15874
255506
883276
24692
310046
563402
794097
44273
843564
387475
455792
84452
697890
878272
895854
687085
638705
22216
676549
727318
911071
160917
290672
942321
832963
355260
116815
508510
772765
596936
382934
330025
294415
22319
328728
751248
777852
963750
891436
405089
377340
479440
209721
667714
453433
433553
435876
926603
374889
191746
27538
142669
818600
147837
132956
156022
930609
153367
546255
411276
529208
688173
493724
387415
301096
628055
341667
886684
746100
179386
41366
709827
311580
792314
61773
367450
762302
350732
186278
761458
507030
63849
474071
27751
318932
684126
565842
150206
98009
104448
842323
370791
305101
807678
611977
359457
409695
445327
699487
131196
552666
248522
421285
734330
466145
499476
902304
307087
29255
331059
650346
600264
572365
189633
665415
358600
196921
558781
65094
981612
932623
291196
438481
894928
272431
583805
505489
320491
531722
761753
642048
700182
710466
801561
377996
324266
254110
475874
215525
768006
288294
715659
900836
576688
688865
271951
44119
673171
811689
467102
457133
915238
709160
164366
576443
53550
483889
25326
674152
454745
378493
894587
928059
960395
87872
998508
22527
929207
537511
413736
449105
3747
988145
413912
98374
461453
741735
296406
71419
785196
195001
653380
939770
563215
535799
958010
740677
780898
312104
758359
895811
81744
487691
773560
472196
624258
36904
181575
141491
428932
679569
841963
494615
498761
66298
113309
503685
171205
296498
354331
904294
410744
386557
106997
348897
284939
610512
101316
460197
558867
172265
997434
653204
280306
978248
308629
173967
825884
243725
115630
905178
477431
149679
431278
249580
511644
177366
800031
914774
361339
856599
703328
135181
482011
813450
86451
936214
426750
286600
983345
677325
255650
531590
116445
373137
754852
808073
644181
392719
559040
330693
714916
81514
590067
292182
137653
257668
611969
111898
430178
434412
713811
913001
970731
597796
890168
488305
327619
556429
175692
303731
198019
614577
796214
463828
404674
448621
398411
890913
910716
581689
578576
697058
37486
922838
199388
647897
533380
979539
952540
49368
42538
342459
530928
305596
372607
137502
268275
153481
383720
5754
350937
311843
723777
430534
373681
196263
971757
622300
581577
814180
117710
535489
761904
758394
700496
329618
617622
504845
656288
239948
920784
870821
22011
298487
253048
376613
395809
513200
464882
243941
813032
547858
325641
175023
518060
602752
656055
332563
706916
185554
72771
219687
642064
992858
770437
326559
14158
752402
836997
936324
981196
43875
656386
723924
255512
100180
667790
919479
397460
231053
861462
828889
563717
107463
272000
888360
562826
66963
435757
198956
165097
957123
298910
399805
955845
591225
334578
322982
118316
887050
204045
35477
745997
765134
464405
843899
922183
190279
592214
952390
412764
542443
929605
888440
395716
422479
634850
372900
357598
17906
274486
55557
213057
110116
41148
556539
786097
307345
675164
214243
255917
526446
127954
186257
727013
802111
545582
110509
241481
882818
279220
254631
167677
308348
664739
118104
826793
543645
961171
948983
314476
531858
721719
758068
733168
294888
216323
210612
612056
798808
646567
846378
147223
852659
401272
596303
107354
762603
73072
631997
371941
723451
682444
276653
881660
93364
128788
323019
17527
260005
860023
491443
149753
719975
783252
572043
152570
126658
478997
822525
78079
617151
48950
837967
402795
754764
750884
768096
827248
377413
168128
294017
587934
601765
59842
780205
373404
675208
163706
150695
500596
904604
318386
492143
79367
383204
675952
437536
866530
485352
778392
596329
227625
354557
47725
986406
135344
136172
968632
715674
641833
524802
705857
237387
319671
514036
854010
303162
211361
71276
886908
799038
176034
438836
729192
124476
141789
132606
799856
131589
101613
16653
997550
462668
169307
694852
860274
716610
479529
731273
625049
250448
562827
656662
954520
398960
405813
528924
492952
485225
945231
242324
488380
383013
889158
564195
758910
796976
775676
945832
382007
37711
673055
125158
383869
146427
47639
463497
806
510201
925081
460631
140715
332695
523993
80820
175720
334149
660252
469009
402176
87501
218731
633331
875102
87280
307171
178076
378262
257951
492266
738072
468457
9427
698300
685093
512807
609865
962211
902015
308847
926173
74245
230088
113682
655682
495895
677777
894614
651612
684208
278920
420887
389306
897912
456894
551751
330291
509247
529938
732501
574748
802538
369151
6252
840803
8520
595968
173778
933195
675202
555868
568561
536644
565361
784785
749811
230054
209994
277345
778182
376778
476148
560243
43967
376965
375098
846504
315994
616258
293532
113980
207520
696763
788160
697812
273569
314708
326982
604842
821921
570644
783673
935825
813583
3136
35233
72487
516464
619094
946485
51479
85403
665891
352429
793032
937245
728065
495926
170598
288188
980337
197631
65931
400921
958481
894513
6729
981615
792633
465531
587990
206776
658424
196554
145621
804462
551590
313048
596413
219246
854118
349724
214184
241849
645115
534943
854906
311253
136771
923631
281900
108497
252499
654252
198260
576357
649905
851135
991059
175607
447656
189803
452026
312122
600076
11003
930266
740657
136970
973211
695623
47378
869931
307395
541384
116997
51109
245710
30525
150027
820126
708201
862125
148284
234750
572903
284780
800809
396207
879664
666789
742112
38964
880538
10762
374605
252771
758864
174293
14333
908480
701486
527481
878590
136760
471727
230570
647971
513015
272254
998534
232996
496230
416680
832798
758113
213380
376883
852837
885255
317344
447432
842612
780876
264113
634699
612344
762580
292882
503435
591737
715061
913436
601813
363207
134424
263202
713635
678531
427638
570499
588978
661703
462850
510704
279025
246963
46374
482683
949973
126805
942885
349719
373961
348084
132063
783666
195395
644026
868339
280620
888114
225787
339838
618098
251028
487398
280578
959164
218915
533447
573731
816863
580143
536310
19210
918671
444167
181600
243564
138293
718289
675375
45029
864169
934073
86937
218942
660044
936070
689090
795150
518405
420872
460303
57788
699862
596142
541448
73890
904410
615476
181417
431501
974429
122617
533766
949089
715032
440942
790808
564505
914695
478315
628391
134893
995049
313884
199510
431500
599572
91736
273990
352009
764914
808722
161128
794642
41948
246696
987299
258138
264529
226265
925598
269977
866066
466452
654314
903273
471198
10859
777935
721617
194245
392806
983026
784287
200236
677876
435872
21742
59676
11773
202233
483463
37190
978962
205371
322852
613911
609670
400618
620944
439540
738774
763289
615530
384403
295363
654744
374920
218229
80321
512123
223543
740227
830984
675714
724513
663044
876295
416042
474504
577529
208824
282255
203374
784790
85006
911548
138775
521949
255948
949713
950438
780056
614703
241168
160805
487986
166795
209924
600416
220082
71988
14734
619184
954261
147667
579917
958613
212488
443480
937385
291837
192767
912910
387325
963745
341301
944266
308638
509007
297856
358269
769292
385730
19728
883497
843061
892717
449860
713648
884832
962455
378792
355592
237372
363551
341391
117387
465862
876705
765321
236523
587345
900081
830018
970691
360373
429380
591287
133576
953174
591215
201173
648158
389136
150791
289712
159687
201148
632295
878365
545718
214882
22671
176940
554242
595323
629033
695749
594870
108129
985384
770078
135941
83221
323337
389974
184539
636397
334780
300145
712910
36184
338587
465649
509747
90319
165784
718605
76813
61722
924406
859536
559969
113084
56494
702993
539237
759869
705778
715915
314134
67794
476685
9368
713705
302826
110441
898383
513113
840599
583339
528566
606623
972759
995129
9830
788800
930815
558171
712506
945152
237891
790271
871731
885108
705636
315670
599468
698613
353206
511005
569780
77489
622413
927478
182157
283419
558532
479284
134656
228098
522345
526902
389787
31232
346888
792810
451721
927945
51475
83955
820556
244259
767787
313509
370905
300404
272333
662189
806543
410551
738716
523918
823702
919625
690694
550982
549968
368800
143958
681935
514623
383386
832150
520321
309683
646131
371615
304980
744173
915217
233151
899652
149782
404730
543365
638029
50005
641637
386475
929878
64977
306862
844641
862250
673987
276066
617586
284385
526582
168762
993237
103453
969246
854885
498003
9200
596947
234494
122703
517979
663400
271389
701495
695346
496236
6537
759174
668635
481597
328459
741363
304565
247171
323102
566777
849812
804304
577666
855940
75755
946130
859055
678325
614211
815859
594663
97554
539815
163277
74404
320333
460898
147149
72625
248303
891040
90851
135765
119137
445106
205667
878890
241687
850157
29307
858891
41050
143922
381905
333099
443184
654215
882233
21315
551593
655908
919696
423011
662345
269515
841080
389226
367949
651662
224368
593681
469724
899764
799950
157921
543179
957366
749724
930757
134349
922468
228109
855674
691318
451941
130714
121058
989034
623323
87038
745144
677414
515685
266186
132958
577898
366590
465637
906451
488194
101251
408996
84544
935472
650193
234818
715057
599160
699532
224892
832033
18632
441533
191244
984686
114369
709587
223103
168555
974566
913802
268725
406676
909024
366633
176373
132700
783147
877925
136555
142947
148705
36131
201599
618564
958561
692379
119698
204874
369244
828568
756183
705410
412156
953564
688844
170603
609328
848352
52308
806218
366104
363256
923507
152858
787082
45461
645669
786017
945599
551525
563803
700574
356062
760597
473363
459551
746978
915830
85203
287407
41578
800189
390657
630827
549021
485989
825954
839861
740471
606447
503405
895234
318453
138889
202315
127631
67161
80205
678574
388721
706906
675872
272907
673737
17580
237307
572405
114837
704935
432454
883671
520868
99926
805600
68686
753186
897247
388347
201377
373841
413642
445221
457758
196697
931311
934369
619410
273014
552577
873332
779428
843087
420529
743355
182158
845287
138560
807737
697977
456364
50660
137263
866421
57773
526038
169124
909586
24361
392054
188292
825821
352130
887964
345573
345082
843409
291260
878884
475547
388435
72501
683950
537242
386560
672374
130523
751545
765436
825741
49076
578739
429606
747278
303125
850238
790351
665372
866798
560352
354053
224919
178723
384555
98765
111842
840660
59799
106926
468815
769398
508602
346730
798122
379872
203046
665608
97311
765922
471007
717132
904200
352784
935287
314185
972247
500444
892937
236109
170973
234785
956878
427642
28341
470972
808415
822324
732623
928597
147015
718006
801052
982396
807812
502975
638675
276206
459419
183979
495007
233014
207829
531740
758693
705008
599577
88663
128821
871017
974503
774571
577996
733346
533806
416523
67331
582899
574859
157117
430553
705101
98080
194859
678360
741528
988172
325399
975526
358267
182540
710572
856106
213497
671342
225775
755736
476088
33069
543252
428763
824926
325678
689581
956382
802516
10390
839101
244856
787372
448198
396331
606257
843423
817652
495890
584053
581103
981287
670069
574228
205483
363726
61712
105972
78289
573246
233226
406484
157197
116231
136966
271805
706080
956465
530072
128775
838748
879704
346965
277509
250379
851745
413699
810766
826928
200344
778351
154473
132773
766248
212254
736532
5283
88886
326683
177009
753505
454298
648239
626702
393491
107834
864303
843535
717267
701253
178287
548346
779613
670089
661716
488927
125749
260914
957000
365538
963555
427936
128646
393831
108062
684259
103316
146712
78663
546646
369553
994773
119628
722965
226916
188473
578861
391964
866388
91781
748443
463869
465398
258220
358524
393597
855233
936955
792332
97421
564670
986658
283741
310752
587866
622114
604095
46125
882397
23253
299514
741571
970485
661845
398264
778691
432172
818058
361664
205503
855417
856020
242525
462894
298354
379985
803997
184904
395039
576779
80501
775236
337897
468225
638466
349612
861553
414225
605162
937945
933757
317695
58337
621585
112525
6436
875847
961593
106892
34549
868655
244537
512482
244463
251835
258667
817766
363676
339747
676286
500401
241477
706516
731309
368525
304500
164405
907352
808333
239461
389252
417788
198902
415049
250527
492244
326107
41334
680351
521355
320966
471150
683295
963804
51538
811337
950298
264200
328662
636034
162034
14003
681788
272988
114445
509916
473391
567471
949210
584567
612787
223059
450546
197993
597902
783271
96473
328863
473380
525951
476707
379852
781216
584424
378739
336829
273102
498200
696031
841562
935239
10231
87023
225211
721859
774276
140421
962596
166226
461542
580246
90463
639078
575376
6742
332917
123720
993487
117042
793736
230507
85875
117111
527440
898846
846168
837904
531120
849498
760976
673580
692852
79291
624686
740798
128170
258060
224497
888222
403609
837883
395276
24269
546850
550572
528654
440598
941362
580329
467251
457231
249314
755062
468230
693695
598507
968834
192433
644569
822025
99834
75491
217383
189483
429816
963484
968450
592979
741337
617240
107069
880976
272237
83094
579874
574678
110215
588611
293588
803639
510195
398344
816147
25536
18695
289133
611486
597042
974162
569640
196147
807196
898418
563334
296626
897938
447362
569397
204064
345612
709040
380011
748039
501148
821356
614967
971578
813709
730556
744546
742837
124117
929068
885249
725155
970552
677731
335194
129146
383225
18321
770545
469250
827004
589253
479854
615923
207357
848603
191340
92475
220583
721362
431264
440926
836562
883644
235940
385848
486364
286286
445215
695582
553955
53911
401683
399651
386396
288910
36995
207414
211923
349956
203775
957865
750975
713848
338830
877388
539137
909193
206198
104632
858809
710086
84074
764199
739653
524897
446481
583360
584023
414787
82287
236082
477426
838137
314290
586166
411585
964939
882139
537910
581268
81197
600391
297036
388408
32527
481050
76771
272817
19663
540487
855674
821398
990863
342077
304583
886922
598560
812657
600376
711954
922589
206852
206420
9368
728917
320146
786880
461627
407904
32982
232478
198545
949074
654013
542800
879482
359054
181446
124506
639522
981490
251922
383910
795794
106032
754637
91488
794867
779964
711609
428225
622113
483617
351636
237866
707176
421103
931430
577574
796318
382479
883945
307346
59933
737911
983508
621273
645146
917688
167430
951767
331687
883252
578124
812383
21633
461806
631567
886488
402455
132474
688733
249218
855512
926995
422738
334358
157431
578507
298146
368396
243070
534301
241734
762422
843788
842910
94657
884938
768429
768274
322958
810621
243860
389915
808744
226058
521527
730573
268021
167761
125447
202077
750160
781469
556107
914743
278834
521022
564504
937326
241532
127253
301743
197198
125027
939054
385075
429325
697080
550663
32645
368224
222035
706351
249918
743019
526619
62410
904392
531216
12597
133105
673497
578473
365063
114742
845197
692688
494376
783173
344608
376923
429286
95078
569029
963813
539891
54686
299813
183751
20140
983285
325623
202534
749831
958483
144056
239398
123289
783044
457352
841853
861954
332507
142881
17314
272438
524402
530868
616803
597672
881039
754530
921814
925012
12770
93395
892263
907370
885162
435959
791825
418706
475384
249879
419880
716768
443020
167255
257298
781654
862491
973706
821398
513104
770226
904690
865420
514064
70708
698066
850868
591078
258751
362290
161955
297724
307309
886063
312664
917756
271095
827132
909933
461534
938035
517049
798377
527505
447038
730222
989938
183941
286964
156900
716384
778707
767260
383136
825132
435466
849185
248189
970375
560535
894459
748709
636935
589200
724141
427947
851452
749597
190119
440072
863329
473027
956939
130033
37550
712078
106380
590993
948491
170459
690419
956776
791070
9087
678844
982144
825413
716824
738909
286599
894368
821934
761062
952782
122117
906820
533187
398045
88279
421057
653215
523056
420016
877750
857635
898450
314555
642764
586524
876181
368735
705419
65979
801964
761046
909961
888693
516517
715740
953645
801867
910597
534210
836703
646308
49857
395041
325198
115734
848727
365292
153181
134211
264392
192927
514667
554336
996530
297428
145789
813841
458765
936180
179082
631024
444418
282826
366884
240045
725987
262963
267390
16719
943435
606770
213278
230681
702547
387424
929632
124936
86126
228992
479972
470520
888354
634225
950357
22309
632292
422588
135255
400975
179534
120525
49676
816695
85631
430591
181763
96263
293839
742032
498558
827150
487021
295348
248863
328425
164568
333765
168366
510845
481078
57175
108745
617184
224724
723306
983977
972119
661051
113017
756365
188026
39531
188335
952453
247540
16887
294329
717980
969063
464764
927798
815267
442860
420671
460556
269654
98936
290019
756500
863022
733530
599619
867509
756226
937568
166706
279630
347418
598362
761164
646221
616274
912438
556281
112477
952296
460042
900926
16060
490274
776305
199999
746090
2399
536908
333013
633533
413240
708714
577352
996818
462418
160834
100521
664030
55043
961821
602447
740322
531806
177425
554092
93693
328029
43751
221834
610715
812522
676702
626152
849355
826762
536585
415339
260463
715302
48531
752771
304396
242167
643555
604315
614721
569038
268698
50492
579733
632190
485753
718591
791529
260135
608928
384813
459212
756575
747057
157301
826349
87102
155475
63880
853163
795846
373267
207381
703753
799597
996772
845404
313149
766985
405895
79345
269351
578071
542470
555472
106143
127080
719258
744727
431847
217065
322540
13860
692416
192333
945912
672971
392728
153
725582
398132
994464
656204
242738
678992
590588
59176
432292
990390
19476
300449
796986
734878
435848
203553
115369
646072
988160
316150
840546
167978
340448
843097
259288
806181
482971
997916
612064
770211
786975
181551
316914
711295
852526
284238
201036
753008
711181
221131
785526
758947
673109
368371
198688
418869
249638
502624
107943
675338
173179
373275
599926
323084
128217
287787
538377
609604
93538
313215
605581
352718
936774
869683
257572
822204
862809
993794
231173
232330
689727
767113
385727
805113
981315
157300
792925
897418
540103
401351
770085
258072
170774
622283
616827
452626
442645
590867
263907
901204
293464
749993
192740
510370
763538
774106
466887
732929
998948
300635
674239
102961
554902
445271
441762
542794
458723
247766
493333
921009
508014
235019
324039
435064
754067
843514
504340
142736
86553
22404
598857
237739
782211
46736
212423
447026
945925
470744
998336
844320
59796
177293
704863
697913
195094
230376
677444
932395
392505
917071
134701
99967
723168
77408
413744
248060
71671
235996
105252
745305
794343
487347
913568
973980
360677
876520
371227
448211
972581
522400
477939
943790
41709
187277
894089
653111
538308
866417
846857
438960
622601
498706
407303
880008
118623
280761
98565
55993
232134
900966
359377
692033
22085
736275
587019
670650
624963
935267
638020
623576
578742
999
761730
249279
370610
109645
431073
175103
420579
373734
969620
583533
519062
23890
81736
876063
337841
321099
708073
811011
168131
850186
576701
245916
558646
607833
595183
966491
695457
215734
348967
42070
472058
833249
168596
290855
801065
992003
686923
68068
760823
204027
446153
149686
61861
788934
494996
887960
176537
207049
724864
977646
71284
666430
211022
177279
601599
11961
686767
427345
148227
725398
412006
223648
311479
548033
383115
979322
854996
144802
698987
621690
489605
876259
376525
114079
830394
819167
327056
176264
697564
841192
659248
58958
557659
139701
941287
877246
523362
559271
182512
990193
432684
742902
156390
990986
106160
814524
319307
283532
665784
47710
350118
774677
653520
580563
792003
650427
546393
193298
56926
1730
604029
330460
919258
151351
403901
588323
900588
363051
716582
833110
107157
449615
458850
453002
765324
743145
318378
349318
268857
807281
460121
295403
50142
557386
920668
8318
508433
210336
944774
198932
741924
843162
285440
798105
156197
622716
981341
606716
696512
302557
613388
824122
265091
826623
252647
316294
484474
991120
804712
679698
493881
876796
27002
906365
981496
391853
581869
954009
539480
971872
746948
28375
123588
395237
442217
661074
540083
335603
358849
530740
964681
316133
300249
72905
230429
910741
166335
686622
799126
315348
624750
308629
587822
462403
726369
540297
977880
638225
83784
208664
451838
234193
478424
560337
827875
310134
546749
376251
608744
993710
554603
846080
844458
395865
757650
909749
764424
717157
255088
163271
936258
264968
589952
23299
280893
225240
66640
242049
483427
965898
574128
323182
345703
983685
421574
427189
506470
653730
366463
717514
981417
66115
907552
732435
955143
20365
211706
918835
663655
51715
143292
805299
786212
933760
680035
416079
497289
430865
174732
643227
981371
69164
913385
48784
424374
700497
314578
553655
137775
203708
807091
390833
227737
318468
114148
165217
163524
452307
692374
499510
970143
23682
122408
368088
181982
92305
199513
869166
406007
824384
514840
494090
150406
625804
665912
65586
960208
271177
701887
882956
105508
233305
236190
794661
986781
758406
966522
571294
597189
796994
991017
652019
677652
150008
673144
598249
147158
611278
318121
137172
174378
405178
852538
234882
457830
534782
655648
100871
529560
461825
161683
803302
51432
398604
741314
118361
823257
31325
690536
42238
285678
498347
86198
860318
348969
890999
735536
518042
403374
146636
384084
204084
231559
908435
114804
962871
931329
593109
468517
270084
480563
693581
537680
81979
538398
529705
868454
4162
366448
936029
952560
716085
981987
308516
354372
715690
549506
810197
919699
702751
911820
442974
39520
992899
751089
342879
848203
922462
949305
288293
421323
193053
284356
796865
564283
532478
422124
878277
647947
128916
506438
423450
47895
36727
775432
694913
601620
637452
871748
616612
529895
547565
674259
186200
690448
898676
610701
431538
638403
292905
660788
579011
640855
365637
151856
100657
626903
705571
902453
530611
296887
767618
69313
460520
176160
763577
852161
622741
174636
301752
194259
478329
365742
527414
19046
990735
746216
206973
603902
108704
160544
80846
391188
791362
27724
953777
435866
918768
268458
411550
577692
499079
594540
407553
582338
17371
480081
956974
948914
840372
696527
134753
80594
22248
434860
93488
695723
132246
115436
368399
96105
789116
125541
794112
226687
52406
814062
744853
847783
985620
798326
37475
531271
691670
901553
664325
191087
181319
589484
583050
19839
474803
365506
677436
314662
605189
24423
366478
487301
87874
732961
93153
997937
856860
922647
769395
100824
708468
940546
390628
877883
256303
392768
440870
774297
43571
466631
895681
58988
812415
543158
61633
661964
679013
9223
334909
157746
565476
487905
531908
467608
116326
565386
268965
568635
861074
608890
150363
477954
378831
739851
552787
710073
74391
552524
474908
982070
814259
311604
117226
206236
809433
19699
146183
73854
138462
538468
513687
741979
902489
103327
97606
488903
481942
229356
862544
151083
865972
111122
650476
669731
608668
275917
660182
176709
802142
600925
122744
422977
824617
371259
936052
347492
466471
142439
1488
452791
531379
385436
823359
185476
551160
450469
238792
700088
267687
735562
448213
220580
89428
193186
449883
133982
379374
989644
150432
273284
236697
186361
877806
181344
179690
793312
15186
750695
341886
593365
227857
859740
880887
596084
469993
294866
666196
23095
619775
262478
864812
132967
334506
718090
695879
380976
295258
341206
348953
516749
806886
680474
103132
563618
537010
219830
996873
427752
941497
931146
832306
39490
664829
6481
860927
488815
713928
989480
435843
745689
721501
710637
436986
409546
834304
409795
812386
907326
766431
401457
596978
877459
579932
911466
235387
173916
887096
23207
136090
476310
657117
628336
709911
195250
945160
26875
92126
163473
715537
960107
905367
790606
678424
412665
257316
260532
2126
465712
764407
614800
811357
546258
452429
322018
954613
401240
317706
291245
771188
245207
837298
913070
679857
840062
332097
582889
475494
104892
711593
184222
249143
271422
264678
783387
653923
191894
823615
564139
678470
417463
985691
74540
382472
756445
244348
384510
868006
704778
412061
88
15771
838634
7140
450740
599722
335512
879812
765354
650955
766649
514419
956123
353968
460614
309186
759428
143282
597096
879262
339250
935901
531324
245985
532180
857748
539382
266198
370476
172899
284385
497032
853920
254239
770308
831173
827117
200892
611169
235572
22459
947371
832983
467216
726539
918637
514279
266688
639628
847929
785043
375829
828814
217734
495010
389343
4430
46774
721281
179372
340271
134879
177027
243614
766986
643574
186569
486184
702620
892506
358397
857445
885086
280123
68728
146197
18610
620965
694340
732084
777529
542637
84283
694137
516161
591030
454350
455656
882588
14240
290786
597716
558924
926671
897940
384245
554138
928531
98205
243489
263557
313977
955601
325418
79960
724269
172418
579989
500244
899402
438465
33522
672589
964928
622212
741661
430545
77729
429091
476303
523202
521160
872125
45793
56197
704934
289655
253343
802067
431658
130404
705029
985517
667341
341249
432793
881516
17655
750103
115108
703414
116241
527747
320846
173197
599336
182418
20949
673025
551034
78598
424106
927430
636321
249526
98152
489632
233369
927441
953777
839547
841776
694019
397735
200599
805897
493232
400900
357984
425292
145949
71703
15451
399662
263470
856540
911229
196440
158026
894518
911446
258998
846682
386443
891178
612639
972145
55868
797664
990172
51910
760256
6356
26391
770908
435292
595847
533538
740034
540737
639030
321312
420470
938306
716872
710228
9253
225200
160928
539588
55438
918867
63059
11465
874564
23495
276659
384694
526610
189618
475850
854499
607096
468766
152035
60821
669652
54519
711745
627659
743644
201442
783283
328423
538376
971319
742143
873656
742285
647389
445691
880992
872067
276865
782716
314342
456488
118835
172965
396571
622781
389213
708577
309985
256654
146464
720747
281244
264527
899020
855562
40057
216162
165692
961755
396950
769462
620940
905222
517901
904521
146617
601875
821728
344589
926419
916693
265346
583593
898785
694404
371008
465366
124945
254697
194571
472810
245850
745842
554466
753906
915824
916645
919520
438967
168419
692081
604895
782755
623445
462496
492872
262973
533270
590505
763001
522129
749406
500451
462481
161259
607654
315027
539675
204161
200931
476070
516436
217904
733856
848762
637018
65439
162806
178326
779700
450176
960555
192443
963000
339253
658277
9682
96349
135375
594505
667908
252254
308081
318773
369192
994118
765651
720918
161047
429214
951906
754854
250844
718129
567877
938053
180360
267321
2683
196403
966370
939624
420192
77864
15227
228244
488591
351376
846942
266175
141280
552039
435046
449602
941330
443884
312363
638038
557380
832517
355796
814079
751838
213231
480592
72214
928333
375071
882912
634609
718379
821050
392140
76785
408124
991278
702262
434919
4564
843307
645259
160419
638679
791298
762133
972763
700825
556056
291885
462197
250724
925382
904334
486770
825431
780497
31237
623222
388779
590465
396421
809848
961873
484320
801496
765442
659127
93136
719791
819685
520810
23753
515610
220157
914966
472943
363027
411356
98600
486796
138932
314326
756308
603503
179657
580393
671730
596192
751488
999494
440515
137406
867389
37056
456978
1080
449226
865872
864374
999524
382316
980547
454388
559743
412112
5761
481665
703170
506532
736058
41445
184349
477955
582446
912058
256274
268680
159577
963220
811505
343300
516602
414459
697644
983626
823103
217491
472406
781095
29647
863837
172157
637935
462515
400598
943072
454322
646626
476349
200846
795726
664551
186674
110366
547486
327857
691386
282501
501584
76279
842335
752151
891605
601606
282612
472093
682609
567784
542198
886351
6834
572211
893454
470830
809853
479083
544628
364160
583491
482644
946285
72489
953363
216665
397365
705699
182794
819858
826679
148570
939045
315958
883704
778599
795127
861725
244884
1126
965750
861551
751329
109686
764399
912431
791472
312844
166682
740254
446322
154164
170696
737357
43062
953254
420600
62787
358992
85377
826122
861190
132054
989926
912011
223114
104196
421940
741999
670067
97791
319899
651612
388937
249654
463391
977058
379447
651045
57323
481609
252864
907188
988111
893508
160831
549884
353880
249217
61464
844585
155531
600674
515201
855866
628478
68421
864359
56933
347922
635519
814014
355800
190544
940712
15976
265627
623711
481616
70145
562833
218528
904016
776517
47006
172646
15482
442591
32418
340949
839858
172047
108578
90326
412182
591030
732488
551540
505177
590977
554881
694742
564717
562544
801732
956825
180894
934274
982579
237769
267708
204735
640345
485821
819953
800865
142548
211148
581361
594272
707852
906735
588238
909337
412833
649077
663275
112282
31139
888477
792585
189964
314874
559123
725053
476093
626278
573770
444290
21770
280545
315698
873771
853094
298785
285206
57777
596745
577786
937110
498730
331255
839391
254140
344667
369515
230409
918780
28132
961952
369392
316173
280281
463485
878390
954270
449330
53595
578339
808823
108632
711092
386507
304621
557599
257321
234892
271425
49939
854063
621620
506646
888235
711448
528831
156750
167067
150906
967037
315072
225477
641662
392914
413143
615759
167879
936407
432458
25232
23932
188127
3507
413667
172724
684308
422799
656286
525053
111231
590545
823581
844489
800742
312099
869303
322102
936463
266682
952722
911416
7523
590356
433619
10917
383406
7889
28013
577309
349251
597739
270235
670804
99197
137428
505577
423998
818527
257387
942763
886294
621341
687578
12689
752650
452852
820174
810643
789190
350004
112020
912582
755419
247134
67661
154769
238796
601960
910478
52729
243445
184989
897750
344087
154841
760673
289260
874732
720198
605202
138709
949707
288295
30411
590255
600948
401318
136642
363885
754625
736700
360721
813104
407929
355414
849810
816254
335875
866469
175075
252833
859060
412483
354696
207519
835017
385469
875568
563601
863216
969601
654736
581922
290049
201125
711276
384998
300618
792273
58612
859028
920903
166603
692363
233698
113265
805021
73122
732859
742509
369573
552579
81440
403493
285369
782634
176024
50804
955444
758349
833045
49339
430626
768957
701413
683217
114116
221349
783505
47639
910336
807598
990806
900264
223336
169989
720189
410736
304869
287348
335705
301844
413184
188077
107805
414223
222796
238694
528279
67229
76084
768733
462477
636495
818461
50365
692594
206911
275703
244057
136261
263582
408485
786005
645127
862313
895302
505124
210263
921466
998048
126699
144043
535163
606633
209541
293101
137205
924209
124000
450288
595846
640559
850948
815885
333489
791910
981748
188318
770960
124147
169325
249239
586660
588854
817931
38972
67853
617243
57291
158530
490453
122116
801963
156038
24870
16340
796078
943396
232860
2523
500539
929526
445621
575321
502053
294441
141093
784305
472710
682685
169542
543404
440452
65753
434989
683046
904949
62728
296984
776921
928223
86356
308355
957828
414488
493885
520090
596727
28492
220822
761480
630974
8541
407229
451053
646631
911141
157109
146415
345458
360215
862178
420904
679061
670851
569760
686077
493737
838648
674431
65550
155380
581507
46751
297545
930899
144150
114597
945945
862788
511428
165335
57660
873102
995177
608218
412403
326285
978535
258053
321618
147806
654027
102305
201783
161187
396365
717823
345175
786547
313654
636790
339060
238817
311260
746168
242603
543208
307849
655313
698601
62512
985658
165115
177086
281087
629123
264288
437002
628799
669392
795501
683283
85351
39942
191694
569337
403593
211911
527116
656897
624952
962836
240705
453197
496724
654478
614068
897644
522420
357397
376981
229518
41902
97489
839446
10320
177221
742799
211363
37942
138608
18371
297536
521526
618563
29804
868862
261425
728253
961941
577626
591229
841005
343927
920626
629917
48001
201468
849509
354450
833772
166174
791622
13578
93491
740078
919291
158263
40213
496945
569528
855867
328853
534117
70292
22463
597605
81889
971973
800739
631537
282522
350269
191056
481797
881025
856416
634729
711579
866314
95392
256607
681349
836936
773495
708323
530163
551860
154816
670839
189090
420045
460339
236254
717345
418329
562939
411378
815169
302665
950326
144596
359257
393466
364744
908541
489843
790232
885276
513203
26775
39069
57016
954328
182193
249335
935612
213405
791521
986888
475319
965587
604640
753735
388774
44258
248714
472068
646026
554642
652108
537160
570597
687623
656234
464090
669649
286666
293805
345694
498300
985025
625448
747033
617475
760001
317350
161296
522858
535610
628402
476877
888694
544081
499395
558595
449895
655179
546433
947465
675798
467876
419960
622466
853990
228352
210200
974302
230442
80569
51366
809657
630739
949975
541188
126292
406045
72087
533749
406932
939648
918042
779624
535183
600819
927039
289445
396362
313309
841981
21261
119025
380972
149115
29851
789903
386819
884695
969449
957096
691343
900563
539404
955126
651447
452060
964505
505023
472690
983865
376523
310479
904498
139149
804669
513367
266430
336584
65617
432546
600989
773872
730099
898416
225710
335495
55544
182385
469717
195354
441312
891231
686800
379622
823610
33528
370151
827687
6183
526103
436290
265022
882998
518574
914580
765054
690735
409506
194293
100563
345323
836803
276046
929231
527648
814887
65773
420306
596347
920290
204793
895318
537446
287651
20223
789845
379241
554414
873450
460823
229804
39473
367442
849563
53211
786694
23787
512993
393122
951940
395934
857170
327703
957506
252148
738893
852536
690410
14767
777359
859465
314805
504563
869438
347616
51592
303393
210642
643260
748779
362181
870561
501903
241634
184229
981957
89372
317802
287034
446060
392059
950609
485243
924539
857082
357362
947540
565984
769054
38668
162038
949811
42695
795263
33864
268423
165745
488610
908411
555731
626774
439939
140411
318968
687921
957884
424449
893551
312542
386862
964677
349521
525470
943389
426193
627073
956790
945960
776689
664377
69622
587107
404742
976240
210455
221395
388474
853669
198142
279365
476622
765131
80349
985163
782672
954065
40633
516052
285544
824781
335366
67175
529040
639684
491758
62140
401956
530392
316144
711543
912207
814287
64485
163266
771365
384380
976670
619269
44879
483916
296298
610437
419873
391151
868916
523926
122248
49888
244808
469886
536351
684051
690550
571432
476512
801851
797135
507458
671159
653749
54157
990067
320498
958548
218703
530620
716885
143369
834433
951914
372043
943407
103258
686645
665335
934641
396223
314233
155175
150873
245509
44750
729258
150517
944339
694598
523512
622439
954726
406658
931088
623754
854639
300785
584031
319805
607191
105062
876700
545293
423330
764565
963377
944579
289969
464811
941715
156998
951458
408263
183538
84399
85458
498392
349580
315432
422338
904212
26268
270335
775383
182354
184369
707469
312635
686404
866521
100157
569890
522773
275836
914427
410855
60827
514372
341435
172500
997945
956218
44323
556352
768916
554348
844950
526035
491440
618186
283742
132901
16166
751761
688757
164997
271556
792479
433968
332118
685185
181092
759817
283091
703195
29625
696711
213362
373583
536779
615564
870183
255604
367600
165563
701759
307445
55962
477252
259117
987433
943913
863309
433698
34257
905178
516222
660693
35245
352861
480809
22434
774907
964869
231061
47246
665293
532377
991398
945577
517766
585735
958378
393676
103729
813496
813634
35650
329277
328319
831019
902531
777049
833002
632616
19740
993448
123003
507342
22570
854945
181105
181675
260484
899718
793023
776596
843769
904319
523038
299402
209647
832211
421566
338568
306666
309698
701143
540524
71405
548097
545183
249279
4603
851986
481044
677859
465270
548672
42744
744344
302697
838004
943773
749867
849761
599671
399254
783227
804533
521861
704269
426409
465575
776330
4659
936859
284771
255932
19666
409965
782116
279188
110206
579254
381366
952106
985450
643122
538070
116396
387350
250321
845749
455162
118310
253787
567131
125025
450190
167230
368617
400051
303914
471862
470135
695744
555818
664087
149980
580595
981163
644090
149771
266442
10528
280322
495578
511283
44207
998986
387743
147264
240728
393197
472563
237767
636304
759217
617176
604185
560812
780432
737271
30941
608121
940005
100929
426376
482408
144688
482168
945082
617958
569413
731270
884856
315018
174679
619339
260162
856936
140573
284404
467857
739842
691423
693446
112943
935582
994655
261691
810866
63795
944358
728707
102614
887805
551274
314347
453046
239152
521881
157083
22951
692297
825988
532153
231410
264639
458603
5804
678571
544921
573217
937019
302578
892505
926748
653459
641798
712022
92251
405799
952193
954471
788852
283954
60596
976635
44921
554072
586399
152838
22598
265194
837645
176662
490346
60681
140490
991108
741936
975330
170242
158981
91081
140119
397368
942560
626007
525694
379231
982074
557464
457346
572377
720525
431341
372519
975049
562487
329158
162668
63511
181679
180589
734985
419775
915730
461611
558808
702166
376731
831834
879888
54491
369842
977993
836651
209078
377115
399045
152874
326096
361359
379722
495727
830158
798248
444230
163591
965035
163125
8070
923595
232240
56813
819264
239003
329555
440705
663292
962571
123242
509834
191903
498266
763850
615522
168533
927453
745728
768590
162010
718715
797291
235737
437222
328465
88052
364476
515763
433526
281388
462520
288748
861016
561152
940230
725427
222597
498779
448934
573647
523014
574809
281365
982065
924006
407715
996634
464033
274832
570539
4094
53258
569494
316806
115739
911902
275470
842657
755085
562535
435095
561121
135174
781548
431673
880347
981182
115452
215402
872556
886855
539033
672877
415287
609790
355588
687894
992889
563293
741538
707496
809674
251502
947208
549023
928691
301722
162088
390089
286886
833632
421015
806798
191390
612833
647866
294673
849748
709143
759629
945391
952347
763622
546639
586533
916313
290827
853198
118478
526498
415345
119562
801353
905522
763810
595401
131001
920519
346842
507190
891494
958553
339384
56119
42048
877687
404622
222794
989700
174655
135959
866266
121208
622394
51720
67620
403920
815058
410047
21632
191859
292144
226904
214927
178007
340982
969247
234688
417608
544534
281695
470078
582920
373709
283609
832442
547473
256192
745104
821776
389366
532401
916545
656664
853543
844766
834609
490444
729491
434806
511134
31185
783016
524793
453399
356388
62774
109291
432360
986146
968177
798452
604077
447860
899477
262679
325255
237141
97572
292109
344813
218369
700235
795325
833242
699835
71843
637787
926884
624635
697043
17498
228909
779315
373714
644431
577394
274877
844042
220260
551809
721123
75864
942325
63111
323978
458160
856266
31367
828987
591070
205809
17767
207887
81383
964856
338725
487159
318414
923076
388646
278374
956722
238993
128943
247963
63828
535623
487853
881358
408503
886645
96430
587190
227232
238572
208498
90485
270141
643835
927580
442849
72802
119554
313347
260400
131758
787445
906214
635967
119628
237743
479676
841087
580758
969008
240872
863293
751827
869493
930891
455884
510433
714227
125172
517584
657006
846319
832242
829866
455264
828733
171723
783867
24597
297427
123269
939479
27780
794184
954593
980232
381698
700719
442407
70716
956769
17546
20317
821708
324339
824429
28561
924265
367788
670129
32726
80421
503973
37009
430219
576219
618813
706532
501142
146237
987098
40439
743856
246776
78797
760646
548122
708422
552852
393303
757422
271504
148857
838580
618960
673021
309207
12739
934531
611355
292348
956739
142552
664233
578410
15269
719745
928446
730488
191557
613827
587098
999638
272963
848010
863176
801966
819330
252822
839404
522661
510205
293139
676462
631808
605761
746759
33411
341412
707915
106853
983829
546677
761982
392894
937871
247008
446593
275095
666694
600245
782579
979861
806791
789292
784332
526933
766713
94857
926929
603928
876335
836825
924787
313564
383885
74844
245381
998918
424723
674237
343256
521402
353227
333244
366133
53837
810251
863916
335543
539154
669864
405400
225858
635729
255287
228929
481892
274262
99905
345731
787974
893541
765890
518294
459406
896587
785950
949423
390421
36623
825313
503302
827456
182280
248369
363187
26877
471944
82707
482802
865500
953014
614358
880005
617351
186938
206623
224313
462752
327377
708178
27072
525749
536640
904667
203837
602658
890212
616790
801055
291844
716200
412641
721380
968021
89233
100859
589951
900777
427699
601177
820693
752452
592519
130501
457376
71446
499156
379635
706678
129684
147337
731490
939364
966195
724589
130795
436020
578883
17709
74410
181647
618279
973908
821190
715003
424237
305818
116318
137028
710286
553235
584657
378937
978563
406408
420074
623950
541441
663075
108455
87071
962196
223299
317988
290964
734484
558896
599209
368735
602949
651496
45709
827618
147537
142808
337413
911982
669850
680806
393293
776103
283647
297451
2545
37955
39789
797886
331512
742641
526687
778603
542958
881558
11635
917443
587085
944562
644458
217741
805639
882849
618108
317722
241843
563966
26390
672439
348369
887074
903537
637627
907771
115658
971152
435071
611883
325463
220438
487661
347171
956718
996865
267505
817213
765503
436999
281549
551055
597859
220875
373833
847098
311647
833596
189703
632912
806918
824075
666101
439967
251258
648967
2587
163614
372691
483350
90388
494451
354712
87442
655001
544607
243049
751997
816057
476807
216960
215715
750565
802400
967308
547211
226791
929205
92733
483673
893811
792984
341598
506883
788246
199843
99163
204526
999243
577769
338532
958436
533868
802815
207274
724148
843910
437216
29511
901479
617221
579841
236282
58650
454990
290546
553231
311677
884972
109998
833501
131686
402337
799167
861801
468115
669342
22672
305513
233594
797903
243985
895074
98767
231821
555265
633010
281938
663671
403355
765546
360593
726491
736671
40403
951041
828493
217147
342610
80693
165594
643414
15654
613817
558935
851706
72205
864654
451922
881755
765254
720833
133162
235080
339570
954794
668923
541613
161876
977022
221809
314946
253111
433362
946174
856020
898735
734125
867046
53422
609591
868680
391479
271844
982458
913380
305495
800955
552685
459848
415861
325048
450009
265238
91042
963588
96310
229065
201784
728824
467507
601294
965880
918091
414419
412859
110770
149973
394673
25264
134237
225151
588260
418953
540678
987530
630461
354685
57957
264568
413997
289366
941068
633691
88068
928525
898745
15544
302292
358465
423754
39126
724404
478356
643216
380457
205600
202466
417148
557910
312382
113375
999861
919715
373947
166476
974476
324797
383956
596630
652743
11300
453937
382411
706010
721335
111659
100153
367668
879127
943279
51109
77108
849979
667834
835493
120444
427152
65284
150811
770270
200394
112697
29326
42932
462668
598690
558886
871116
957616
292131
11268
154687
542579
784733
854972
936227
483392
515187
983088
888086
440791
569514
19722
123643
899226
712746
235285
833
421364
509089
678713
657374
513639
772679
951377
237020
947184
851580
510314
368714
507864
507085
894811
490323
685978
830101
894908
437739
17900
242368
834564
44389
630956
692651
365891
264545
690088
226343
292344
970595
804554
644573
283344
325120
701342
410507
425852
783666
367618
389612
148077
413898
626217
819126
932783
138884
288331
858941
217183
484214
943469
902581
154634
331043
712
442196
964580
553260
425241
245206
613218
459366
63172
511962
203572
779527
448870
757674
20962
244473
456886
560728
822978
188817
734678
154691
628436
550553
953468
470457
476346
136201
810871
434359
400791
874645
349985
59787
564930
170208
636960
607706
857895
62350
120344
730878
560634
990775
471153
769351
508441
321271
642432
66403
798014
407394
459988
517080
887197
622421
879583
419693
985632
865063
291584
196201
683069
420223
770345
463667
956720
577919
895410
818392
606234
243934
123257
456491
159990
273620
741171
310983
183988
836846
607892
420080
651636
59137
441239
955224
211552
999803
741226
74365
7782
190741
459962
455471
599697
192804
386454
454768
820419
354383
533122
393076
895057
384731
720923
707079
670395
36194
748385
754126
846342
559971
555110
212453
104696
571250
697554
40680
855728
271760
638225
146701
934239
460693
656153
886383
438759
539594
766875
58405
28430
635731
160197
1297
945694
913865
254002
935605
627677
671718
143407
746623
464228
67482
457387
121637
849375
483706
820922
209131
688928
122776
605574
474818
807136
191725
286035
269834
520402
61875
844204
540280
309797
910096
515823
893267
111255
497260
500402
70808
135857
818595
641553
571902
403811
966998
627542
181140
285436
477212
859907
257286
116485
378646
255678
726270
344123
749217
391193
914919
3176
364004
759294
976332
784349
166088
175924
385823
47054
794823
104016
704214
491082
214366
763578
257456
925781
771164
244507
341782
905636
332381
414048
89820
29684
877712
883438
118438
920455
360307
286754
249575
732796
324832
182083
627717
245834
294337
695239
985689
649816
44704
304510
262994
986556
950745
253535
697593
693903
34416
194734
258703
457642
405311
484550
752530
395263
850760
736392
413918
406741
980841
1952
453041
104097
182445
883569
189767
92478
327295
892957
989988
991114
994425
252146
426864
189340
838874
980980
329148
553189
592214
806723
339619
885922
452616
535657
650123
873595
191683
264066
579915
931259
110726
625032
453670
965421
912397
940986
525942
228559
997508
736297
952996
248502
560983
525535
850964
332734
175652
356780
756061
286827
677266
933070
632629
919329
940155
279612
468460
625596
40581
565071
304399
694157
946702
745230
935853
987122
902917
259540
144950
776913
101462
916704
433919
630896
223357
979705
812641
631476
38524
331388
639490
289909
138215
540100
877163
955002
799325
155956
379544
82902
872081
715299
881935
26334
869062
472037
130536
621573
152537
988978
195563
631639
149176
795062
676310
105422
791153
568181
549757
326996
112165
874008
307852
91094
404507
514199
878121
751489
52592
632517
500020
841373
445164
875635
217904
16578
331185
780482
647547
559994
568461
864265
819065
985269
852078
235742
601231
798371
905653
77125
39243
171826
43619
66931
763233
725668
200880
8445
108561
189259
951994
102626
468900
714084
676442
248049
653332
481486
213843
819225
156939
649957
885476
702731
306820
114368
445693
776973
633934
681283
269838
349854
81647
996897
67706
680770
440421
152753
942634
973225
635592
905836
986879
604032
893259
744129
825887
392979
260961
987285
320689
93725
46716
956890
587491
792622
778992
590539
687080
624631
40502
800321
774336
874357
146061
816117
520623
783096
747835
876755
847823
808911
242098
194551
888257
166738
494925
893254
318591
166156
190841
50924
534733
95875
413233
769901
31374
340004
152033
298922
432371
564112
352748
921587
319630
959293
586441
981123
943941
926090
393800
678364
762913
653476
322611
483584
535110
564302
347151
755721
133693
827408
807298
138342
599661
808702
60686
555378
573417
937891
529211
398450
176483
597515
950228
719723
854333
691242
232775
938718
11392
302188
76464
549793
254438
792154
138543
725788
275537
46885
590261
947996
960159
56339
457182
194839
464021
173891
382328
665597
381752
962910
494371
89591
238330
597020
214160
800702
920401
931376
673771
5787
242276
544146
893653
125111
865055
218407
651338
983262
215271
510478
622818
941908
403367
139977
480435
874516
315655
918022
152659
733473
218686
59594
730619
258443
6334
618169
805767
751553
185486
191492
561562
681485
825078
427695
83678
478320
570195
735165
296745
144730
986442
713275
255419
606342
409497
714471
884644
628848
179017
308923
750402
953140
941696
584921
189416
993732
149555
745684
581915
704134
998584
614872
509814
493256
358521
284024
2413
416545
46277
403602
984174
550245
803840
928225
470819
257796
387899
64287
810964
683647
751774
819797
357866
563016
490690
624128
355662
980150
503579
180961
20720
729634
547282
607586
46564
994593
219185
733088
562150
428381
41400
819609
677438
683282
164941
577332
852351
354083
322319
8167
49577
424214
673483
305224
394862
600243
12167
868660
775762
731892
471100
698582
382571
812521
456546
221781
225864
747563
748451
610396
710510
807226
524913
803207
625726
319222
255667
818471
945714
213238
227290
728114
411910
348745
582611
339658
157939
955719
665877
196200
132630
735250
482777
409893
381104
687918
505450
771173
130630
260859
582354
443552
436521
495179
553908
13774
397968
159460
999928
146671
158241
826515
658784
479476
217806
266411
252794
780365
79708
635097
274030
531088
420159
365989
456439
542786
40546
225735
269102
485958
714179
239651
931586
344287
463930
872995
853188
331044
534745
921904
429343
947903
493423
343757
373797
917025
475943
63696
288516
943814
709838
483901
849239
472224
442610
264832
480089
332323
997605
194567
394868
596140
434849
78394
357239
515663
210053
983192
595815
325435
781566
15215
500524
485580
19137
5688
691372
949293
342708
264460
547189
39208
283436
856967
546772
168652
184529
69496
878787
960250
218654
539649
803774
356172
745669
665426
529398
305569
628080
84732
864415
265225
227105
636724
847012
454026
491258
748583
937147
823373
692569
223668
120658
51944
11099
366475
750248
929929
571010
957664
956281
187131
448881
105995
526225
465304
409812
594047
481474
293644
282204
91813
960241
958337
441064
